{"type":"FeatureCollection","features":[{"type":"Feature","geometry":{"type":"Point","coordinates":[16.29495,63.17768]},"properties":{"namn":"Högforsens kraftstation","typ":"hydro","spanning_kv":null,"volt_klass":0,"kapacitet_mw":null,"operator":null}},{"type":"Feature","geometry":{"type":"Point","coordinates":[14.89875,60.4837]},"properties":{"namn":"Mockfjärds Kraftstation","typ":"hydro","spanning_kv":null,"volt_klass":0,"kapacitet_mw":43.0,"operator":null}},{"type":"Feature","geometry":{"type":"Point","coordinates":[19.68488,65.02105]},"properties":{"namn":"Vargfors","typ":"hydro","spanning_kv":null,"volt_klass":0,"kapacitet_mw":null,"operator":"Vattenfall"}},{"type":"Feature","geometry":{"type":"Point","coordinates":[19.46945,65.12663]},"properties":{"namn":"Gallejaur","typ":"hydro","spanning_kv":null,"volt_klass":0,"kapacitet_mw":null,"operator":null}},{"type":"Feature","geometry":{"type":"Point","coordinates":[17.33249,66.38241]},"properties":{"namn":"Rebnis","typ":"hydro","spanning_kv":null,"volt_klass":0,"kapacitet_mw":null,"operator":null}},{"type":"Feature","geometry":{"type":"Point","coordinates":[16.83207,66.43925]},"properties":{"namn":"Ringsele","typ":"hydro","spanning_kv":null,"volt_klass":0,"kapacitet_mw":null,"operator":null}},{"type":"Feature","geometry":{"type":"Point","coordinates":[15.62346,65.50742]},"properties":{"namn":"Ajaure kraftstation","typ":"hydro","spanning_kv":null,"volt_klass":0,"kapacitet_mw":null,"operator":null}},{"type":"Feature","geometry":{"type":"Point","coordinates":[13.08007,62.4631]},"properties":{"namn":"Långå kraftverk","typ":"hydro","spanning_kv":null,"volt_klass":0,"kapacitet_mw":null,"operator":null}},{"type":"Feature","geometry":{"type":"Point","coordinates":[13.6582,63.22228]},"properties":{"namn":"Sällsjö kraftverk","typ":"hydro","spanning_kv":null,"volt_klass":0,"kapacitet_mw":null,"operator":null}},{"type":"Feature","geometry":{"type":"Point","coordinates":[14.90463,61.49439]},"properties":{"namn":"Noppikoski","typ":"hydro","spanning_kv":null,"volt_klass":0,"kapacitet_mw":null,"operator":null}},{"type":"Feature","geometry":{"type":"Point","coordinates":[12.80787,63.6815]},"properties":{"namn":"Anjan","typ":"hydro","spanning_kv":null,"volt_klass":0,"kapacitet_mw":null,"operator":null}},{"type":"Feature","geometry":{"type":"Point","coordinates":[13.88193,63.97557]},"properties":{"namn":"Stensjöfallet","typ":"hydro","spanning_kv":null,"volt_klass":0,"kapacitet_mw":null,"operator":null}},{"type":"Feature","geometry":{"type":"Point","coordinates":[13.54695,63.73802]},"properties":{"namn":"Oldens kraftverk","typ":"hydro","spanning_kv":null,"volt_klass":0,"kapacitet_mw":null,"operator":null}},{"type":"Feature","geometry":{"type":"Point","coordinates":[12.70106,58.24151]},"properties":{"namn":"Främmestads kraftverk","typ":"hydro","spanning_kv":null,"volt_klass":0,"kapacitet_mw":null,"operator":null}},{"type":"Feature","geometry":{"type":"Point","coordinates":[12.7223,58.23151]},"properties":{"namn":"Bredöls kvarn och såg","typ":"hydro","spanning_kv":null,"volt_klass":0,"kapacitet_mw":null,"operator":null}},{"type":"Feature","geometry":{"type":"Point","coordinates":[12.7018,58.24183]},"properties":{"namn":"Baljefors kvarn och kraftverk","typ":"hydro","spanning_kv":null,"volt_klass":0,"kapacitet_mw":null,"operator":null}},{"type":"Feature","geometry":{"type":"Point","coordinates":[12.92396,57.86064]},"properties":{"namn":"Vänga kvarn","typ":"hydro","spanning_kv":null,"volt_klass":0,"kapacitet_mw":null,"operator":null}},{"type":"Feature","geometry":{"type":"Point","coordinates":[12.84332,57.62854]},"properties":{"namn":"Viskafors kraftverk","typ":"hydro","spanning_kv":null,"volt_klass":0,"kapacitet_mw":null,"operator":null}},{"type":"Feature","geometry":{"type":"Point","coordinates":[12.94065,57.61424]},"properties":{"namn":"Häggårda kraftverk","typ":"hydro","spanning_kv":null,"volt_klass":0,"kapacitet_mw":null,"operator":null}},{"type":"Feature","geometry":{"type":"Point","coordinates":[12.60472,57.72251]},"properties":{"namn":"Gisslefors kraftverk","typ":"hydro","spanning_kv":null,"volt_klass":0,"kapacitet_mw":null,"operator":null}},{"type":"Feature","geometry":{"type":"Point","coordinates":[12.20417,58.92894]},"properties":{"namn":"Taxvikens kraftverk","typ":"hydro","spanning_kv":null,"volt_klass":0,"kapacitet_mw":null,"operator":null}},{"type":"Feature","geometry":{"type":"Point","coordinates":[12.32962,59.03083]},"properties":{"namn":"Laxarbyns kraftverk","typ":"hydro","spanning_kv":null,"volt_klass":0,"kapacitet_mw":null,"operator":null}},{"type":"Feature","geometry":{"type":"Point","coordinates":[12.1266,59.07491]},"properties":{"namn":"Gottarsbyns kraftverk","typ":"hydro","spanning_kv":null,"volt_klass":0,"kapacitet_mw":null,"operator":null}},{"type":"Feature","geometry":{"type":"Point","coordinates":[12.25724,58.98892]},"properties":{"namn":"Billingsfors kraftverk","typ":"hydro","spanning_kv":null,"volt_klass":0,"kapacitet_mw":null,"operator":null}},{"type":"Feature","geometry":{"type":"Point","coordinates":[12.46462,57.79952]},"properties":{"namn":"Torska kraftverk","typ":"hydro","spanning_kv":null,"volt_klass":0,"kapacitet_mw":null,"operator":null}},{"type":"Feature","geometry":{"type":"Point","coordinates":[12.55223,57.89294]},"properties":{"namn":"Hjälmareds kvarn","typ":"hydro","spanning_kv":null,"volt_klass":0,"kapacitet_mw":null,"operator":null}},{"type":"Feature","geometry":{"type":"Point","coordinates":[18.10303,59.35228]},"properties":{"namn":"Värtaverket","typ":"biomass;oil","spanning_kv":null,"volt_klass":0,"kapacitet_mw":null,"operator":"Stockholm Exergi AB"}},{"type":"Feature","geometry":{"type":"Point","coordinates":[13.34159,56.51391]},"properties":{"namn":"Knäreds nedre kraftverk","typ":"hydro","spanning_kv":null,"volt_klass":0,"kapacitet_mw":6.6,"operator":null}},{"type":"Feature","geometry":{"type":"Point","coordinates":[14.0751,56.23558]},"properties":{"namn":"Nöbbelöv Kraftstationen","typ":"hydro","spanning_kv":null,"volt_klass":0,"kapacitet_mw":4.4,"operator":"Uniper Sverige AB"}},{"type":"Feature","geometry":{"type":"Point","coordinates":[17.12601,60.64234]},"properties":{"namn":"Ersbo värmeverk","typ":"biofuel","spanning_kv":null,"volt_klass":0,"kapacitet_mw":null,"operator":"Gävle Energi"}},{"type":"Feature","geometry":{"type":"Point","coordinates":[11.93717,57.67218]},"properties":{"namn":null,"typ":null,"spanning_kv":null,"volt_klass":0,"kapacitet_mw":null,"operator":null}},{"type":"Feature","geometry":{"type":"Point","coordinates":[17.66648,59.1769]},"properties":{"namn":"Igelstaverket","typ":"biomass","spanning_kv":null,"volt_klass":0,"kapacitet_mw":null,"operator":"Söderenergi"}},{"type":"Feature","geometry":{"type":"Point","coordinates":[12.23163,59.02748]},"properties":{"namn":null,"typ":"hydro","spanning_kv":null,"volt_klass":0,"kapacitet_mw":null,"operator":null}},{"type":"Feature","geometry":{"type":"Point","coordinates":[13.68695,60.03267]},"properties":{"namn":null,"typ":"hydro","spanning_kv":null,"volt_klass":0,"kapacitet_mw":5.7,"operator":null}},{"type":"Feature","geometry":{"type":"Point","coordinates":[13.60177,56.48626]},"properties":{"namn":"Timsfors kraftstation","typ":"hydro","spanning_kv":null,"volt_klass":0,"kapacitet_mw":2.94,"operator":null}},{"type":"Feature","geometry":{"type":"Point","coordinates":[14.0828,56.26592]},"properties":{"namn":"Broby Kraftstationen","typ":"hydro","spanning_kv":null,"volt_klass":0,"kapacitet_mw":3.8,"operator":"Uniper Sverige AB"}},{"type":"Feature","geometry":{"type":"Point","coordinates":[14.62509,61.13759]},"properties":{"namn":"Hansjö Kraftstation","typ":"hydro","spanning_kv":null,"volt_klass":0,"kapacitet_mw":null,"operator":null}},{"type":"Feature","geometry":{"type":"Point","coordinates":[14.64093,61.14643]},"properties":{"namn":"Unna Kraftstation","typ":"hydro","spanning_kv":null,"volt_klass":0,"kapacitet_mw":null,"operator":null}},{"type":"Feature","geometry":{"type":"Point","coordinates":[15.45474,60.4956]},"properties":{"namn":"Domnarvets kraftverk","typ":"hydro","spanning_kv":null,"volt_klass":0,"kapacitet_mw":22.0,"operator":null}},{"type":"Feature","geometry":{"type":"Point","coordinates":[17.82458,59.36236]},"properties":{"namn":null,"typ":"biomass","spanning_kv":null,"volt_klass":0,"kapacitet_mw":null,"operator":null}},{"type":"Feature","geometry":{"type":"Point","coordinates":[15.7238,60.58659]},"properties":{"namn":"Korsnäs","typ":"hydro","spanning_kv":null,"volt_klass":0,"kapacitet_mw":null,"operator":"Falu Energi & Vatten"}},{"type":"Feature","geometry":{"type":"Point","coordinates":[20.86077,66.22396]},"properties":{"namn":"Laxede kraftverk","typ":"hydro","spanning_kv":null,"volt_klass":0,"kapacitet_mw":207.0,"operator":"Vattenfall"}},{"type":"Feature","geometry":{"type":"Point","coordinates":[17.82948,59.62146]},"properties":{"namn":"Valsta Hetvattencentral","typ":null,"spanning_kv":null,"volt_klass":0,"kapacitet_mw":null,"operator":null}},{"type":"Feature","geometry":{"type":"Point","coordinates":[13.74229,56.58231]},"properties":{"namn":"Traryd kraftverk","typ":"hydro","spanning_kv":null,"volt_klass":0,"kapacitet_mw":15.0,"operator":null}},{"type":"Feature","geometry":{"type":"Point","coordinates":[11.9546,57.70288]},"properties":{"namn":"Rosenlundsverket","typ":"gas;oil","spanning_kv":null,"volt_klass":0,"kapacitet_mw":36.0,"operator":"Göteborg Energi AB"}},{"type":"Feature","geometry":{"type":"Point","coordinates":[16.61821,59.92104]},"properties":{"namn":"Silververket","typ":null,"spanning_kv":null,"volt_klass":0,"kapacitet_mw":null,"operator":"Sala-Heby Energi AB"}},{"type":"Feature","geometry":{"type":"Point","coordinates":[11.89024,57.64912]},"properties":{"namn":null,"typ":null,"spanning_kv":null,"volt_klass":0,"kapacitet_mw":null,"operator":null}},{"type":"Feature","geometry":{"type":"Point","coordinates":[15.46653,58.44653]},"properties":{"namn":"Odenfors Kraftstation","typ":"hydro","spanning_kv":null,"volt_klass":0,"kapacitet_mw":null,"operator":"Tekniska verken"}},{"type":"Feature","geometry":{"type":"Point","coordinates":[15.43809,60.50916]},"properties":{"namn":"Bullerforsens kraftstation","typ":"hydro","spanning_kv":null,"volt_klass":0,"kapacitet_mw":47.0,"operator":"Bullerforsens Kraft AB"}},{"type":"Feature","geometry":{"type":"Point","coordinates":[15.846,60.39434]},"properties":{"namn":"Skedvi Kraftverk","typ":"hydro","spanning_kv":null,"volt_klass":0,"kapacitet_mw":null,"operator":null}},{"type":"Feature","geometry":{"type":"Point","coordinates":[14.43498,60.59922]},"properties":{"namn":"Dala Järna kraftstation","typ":"hydro","spanning_kv":null,"volt_klass":0,"kapacitet_mw":null,"operator":null}},{"type":"Feature","geometry":{"type":"Point","coordinates":[18.16753,60.40378]},"properties":{"namn":"Forsmarks Kärnkraftverk","typ":"nuclear","spanning_kv":null,"volt_klass":0,"kapacitet_mw":3271.0,"operator":"Forsmarks Kraftgrupp"}},{"type":"Feature","geometry":{"type":"Point","coordinates":[12.27268,58.27496]},"properties":{"namn":"Olidans kraftverk","typ":"hydro","spanning_kv":null,"volt_klass":0,"kapacitet_mw":220.0,"operator":"Vattenfall AB"}},{"type":"Feature","geometry":{"type":"Point","coordinates":[12.27863,58.28035]},"properties":{"namn":"Hojums kraftverk","typ":"hydro","spanning_kv":null,"volt_klass":0,"kapacitet_mw":170.0,"operator":"Vattenfall AB"}},{"type":"Feature","geometry":{"type":"Point","coordinates":[11.96365,58.35203]},"properties":{"namn":"Fossumsberg kraftstation","typ":"hydro","spanning_kv":null,"volt_klass":0,"kapacitet_mw":null,"operator":"Uddevalla Energi"}},{"type":"Feature","geometry":{"type":"Point","coordinates":[11.94045,58.34686]},"properties":{"namn":"Strömberget kraftverk","typ":"hydro","spanning_kv":null,"volt_klass":0,"kapacitet_mw":null,"operator":"Uddevalla Energi"}},{"type":"Feature","geometry":{"type":"Point","coordinates":[16.51469,59.58617]},"properties":{"namn":"Kraftvärmeverket","typ":null,"spanning_kv":null,"volt_klass":0,"kapacitet_mw":null,"operator":"Mälarenergi"}},{"type":"Feature","geometry":{"type":"Point","coordinates":[15.5591,62.48653]},"properties":{"namn":"Järnvägsforsens kraftverk","typ":"hydro","spanning_kv":null,"volt_klass":0,"kapacitet_mw":null,"operator":null}},{"type":"Feature","geometry":{"type":"Point","coordinates":[18.06485,59.44504]},"properties":{"namn":"Galten panncentral","typ":"biofuel","spanning_kv":null,"volt_klass":0,"kapacitet_mw":null,"operator":"Fortum"}},{"type":"Feature","geometry":{"type":"Point","coordinates":[12.69351,56.03371]},"properties":{"namn":"Västhamnsverket","typ":"biomass","spanning_kv":null,"volt_klass":0,"kapacitet_mw":56.0,"operator":"Öresundskraft"}},{"type":"Feature","geometry":{"type":"Point","coordinates":[16.17077,60.15112]},"properties":{"namn":"Avestaforsen","typ":"hydro","spanning_kv":null,"volt_klass":0,"kapacitet_mw":24.7,"operator":"Fortum"}},{"type":"Feature","geometry":{"type":"Point","coordinates":[16.17016,60.15013]},"properties":{"namn":"Avesta Storforsen","typ":"hydro","spanning_kv":null,"volt_klass":0,"kapacitet_mw":15.0,"operator":"Fortum"}},{"type":"Feature","geometry":{"type":"Point","coordinates":[13.15533,55.72115]},"properties":{"namn":"Gunnesboverket","typ":"geothermal;biomass;biooil","spanning_kv":null,"volt_klass":0,"kapacitet_mw":null,"operator":null}},{"type":"Feature","geometry":{"type":"Point","coordinates":[15.72993,61.36356]},"properties":{"namn":"Vallhaga","typ":"hydro","spanning_kv":null,"volt_klass":0,"kapacitet_mw":null,"operator":null}},{"type":"Feature","geometry":{"type":"Point","coordinates":[14.84531,62.46037]},"properties":{"namn":"Turinge","typ":"hydro","spanning_kv":null,"volt_klass":0,"kapacitet_mw":null,"operator":null}},{"type":"Feature","geometry":{"type":"Point","coordinates":[14.27414,60.50132]},"properties":{"namn":"Skifsforsens Kraftstation","typ":"hydro","spanning_kv":null,"volt_klass":0,"kapacitet_mw":null,"operator":null}},{"type":"Feature","geometry":{"type":"Point","coordinates":[12.41164,58.82085]},"properties":{"namn":"Upperudsälven","typ":"hydro","spanning_kv":null,"volt_klass":0,"kapacitet_mw":null,"operator":"Vattenfall"}},{"type":"Feature","geometry":{"type":"Point","coordinates":[12.11996,58.13554]},"properties":{"namn":"Lilla Edets kraftverk","typ":"hydro","spanning_kv":null,"volt_klass":0,"kapacitet_mw":210.0,"operator":null}},{"type":"Feature","geometry":{"type":"Point","coordinates":[17.08139,61.21208]},"properties":{"namn":"Ljusne strömmars kraftverk","typ":"hydro","spanning_kv":null,"volt_klass":0,"kapacitet_mw":null,"operator":null}},{"type":"Feature","geometry":{"type":"Point","coordinates":[16.18634,60.14806]},"properties":{"namn":"Avesta Lillforsen","typ":"hydro","spanning_kv":null,"volt_klass":0,"kapacitet_mw":22.0,"operator":"Fortum"}},{"type":"Feature","geometry":{"type":"Point","coordinates":[11.98348,58.37417]},"properties":{"namn":"Lillesjöverket","typ":"waste","spanning_kv":null,"volt_klass":0,"kapacitet_mw":8.0,"operator":"Uddevalla Energi"}},{"type":"Feature","geometry":{"type":"Point","coordinates":[17.85886,59.60951]},"properties":{"namn":"Brista värmekraftverk","typ":"biomass","spanning_kv":null,"volt_klass":0,"kapacitet_mw":62.0,"operator":"Stockholm Exergi"}},{"type":"Feature","geometry":{"type":"Point","coordinates":[14.53731,59.33681]},"properties":{"namn":"Björkborns kraftverk","typ":"hydro","spanning_kv":null,"volt_klass":0,"kapacitet_mw":2.5,"operator":"Fortum"}},{"type":"Feature","geometry":{"type":"Point","coordinates":[14.54844,59.32812]},"properties":{"namn":"Bofors kraftverk","typ":"hydro","spanning_kv":null,"volt_klass":0,"kapacitet_mw":4.2,"operator":"Fortum"}},{"type":"Feature","geometry":{"type":"Point","coordinates":[20.05083,63.85165]},"properties":{"namn":"Stornorrfors","typ":"hydro","spanning_kv":null,"volt_klass":0,"kapacitet_mw":599.0,"operator":"Vattenfall"}},{"type":"Feature","geometry":{"type":"Point","coordinates":[20.25039,67.83987]},"properties":{"namn":"Värmeverket","typ":"biofuel","spanning_kv":null,"volt_klass":0,"kapacitet_mw":null,"operator":"Kiruna Kraft AB"}},{"type":"Feature","geometry":{"type":"Point","coordinates":[17.84808,59.42738]},"properties":{"namn":"Säbyverket","typ":null,"spanning_kv":null,"volt_klass":0,"kapacitet_mw":null,"operator":null}},{"type":"Feature","geometry":{"type":"Point","coordinates":[15.14786,60.04735]},"properties":{"namn":"Hällsjöns kraftstation","typ":"hydro","spanning_kv":null,"volt_klass":0,"kapacitet_mw":null,"operator":"VB-Energi"}},{"type":"Feature","geometry":{"type":"Point","coordinates":[13.25841,55.78808]},"properties":{"namn":"Örtoftaverket","typ":"biomass","spanning_kv":null,"volt_klass":0,"kapacitet_mw":38.0,"operator":"Kraftringen"}},{"type":"Feature","geometry":{"type":"Point","coordinates":[17.79837,59.73789]},"properties":{"namn":"Knivsta Värmeverk","typ":"biofuel","spanning_kv":null,"volt_klass":0,"kapacitet_mw":null,"operator":"Vattenfall"}},{"type":"Feature","geometry":{"type":"Point","coordinates":[13.54533,57.29711]},"properties":{"namn":"Gyllenfors kraftstation","typ":"hydro","spanning_kv":null,"volt_klass":0,"kapacitet_mw":1.0,"operator":null}},{"type":"Feature","geometry":{"type":"Point","coordinates":[12.87332,56.69028]},"properties":{"namn":"Slottsmöllan kraftstation","typ":"hydro","spanning_kv":null,"volt_klass":0,"kapacitet_mw":1.2,"operator":null}},{"type":"Feature","geometry":{"type":"Point","coordinates":[18.25493,64.71382]},"properties":{"namn":"Rusfors kraftstation","typ":"hydro","spanning_kv":null,"volt_klass":0,"kapacitet_mw":null,"operator":null}},{"type":"Feature","geometry":{"type":"Point","coordinates":[18.46878,63.25018]},"properties":{"namn":null,"typ":"hydro","spanning_kv":null,"volt_klass":0,"kapacitet_mw":null,"operator":null}},{"type":"Feature","geometry":{"type":"Point","coordinates":[15.17724,59.26492]},"properties":{"namn":"E.ON Åbyverket","typ":"biomass;oil","spanning_kv":null,"volt_klass":0,"kapacitet_mw":150.0,"operator":"E.ON"}},{"type":"Feature","geometry":{"type":"Point","coordinates":[18.60044,63.56341]},"properties":{"namn":"Björna kraftstation","typ":"hydro","spanning_kv":null,"volt_klass":0,"kapacitet_mw":null,"operator":null}},{"type":"Feature","geometry":{"type":"Point","coordinates":[12.44439,63.24978]},"properties":{"namn":"Handöl Övre","typ":"hydro","spanning_kv":null,"volt_klass":0,"kapacitet_mw":null,"operator":null}},{"type":"Feature","geometry":{"type":"Point","coordinates":[17.29181,62.20972]},"properties":{"namn":null,"typ":"hydro","spanning_kv":null,"volt_klass":0,"kapacitet_mw":null,"operator":null}},{"type":"Feature","geometry":{"type":"Point","coordinates":[12.31998,58.30584]},"properties":{"namn":"Stallbacka värmeverk","typ":"biofuel","spanning_kv":null,"volt_klass":0,"kapacitet_mw":null,"operator":null}},{"type":"Feature","geometry":{"type":"Point","coordinates":[17.44244,60.56329]},"properties":{"namn":"Älvkarleby kraftverket","typ":"hydro","spanning_kv":null,"volt_klass":0,"kapacitet_mw":125.0,"operator":null}},{"type":"Feature","geometry":{"type":"Point","coordinates":[15.23771,63.2394]},"properties":{"namn":"Midskog kraftverk","typ":"hydro","spanning_kv":null,"volt_klass":0,"kapacitet_mw":155.0,"operator":"Vattenfall"}},{"type":"Feature","geometry":{"type":"Point","coordinates":[14.62586,62.48918]},"properties":{"namn":"Rätans kraftverk","typ":"hydro","spanning_kv":null,"volt_klass":0,"kapacitet_mw":null,"operator":null}},{"type":"Feature","geometry":{"type":"Point","coordinates":[12.90752,56.69268]},"properties":{"namn":"Kristinehedsverket","typ":null,"spanning_kv":null,"volt_klass":0,"kapacitet_mw":null,"operator":null}},{"type":"Feature","geometry":{"type":"Point","coordinates":[14.14625,61.14702]},"properties":{"namn":"Blybergs kraftverk","typ":"hydro","spanning_kv":null,"volt_klass":0,"kapacitet_mw":null,"operator":null}},{"type":"Feature","geometry":{"type":"Point","coordinates":[13.05005,56.51557]},"properties":{"namn":"Laholm vattenkraftverk","typ":"hydro","spanning_kv":null,"volt_klass":0,"kapacitet_mw":11.3,"operator":"Statkraft Sverige AB"}},{"type":"Feature","geometry":{"type":"Point","coordinates":[15.49205,58.45119]},"properties":{"namn":"Svartåfors kraftstation","typ":"hydro","spanning_kv":null,"volt_klass":0,"kapacitet_mw":null,"operator":"Tekniska verken"}},{"type":"Feature","geometry":{"type":"Point","coordinates":[14.60844,59.37786]},"properties":{"namn":"Skråmmens kraftstation","typ":"hydro","spanning_kv":null,"volt_klass":0,"kapacitet_mw":4.1,"operator":"Fortum"}},{"type":"Feature","geometry":{"type":"Point","coordinates":[14.64461,59.39576]},"properties":{"namn":"Brattforsens kraftstation","typ":"hydro","spanning_kv":null,"volt_klass":0,"kapacitet_mw":8.0,"operator":"Fortum"}},{"type":"Feature","geometry":{"type":"Point","coordinates":[13.37044,63.32695]},"properties":{"namn":"Slagsåns kraftstation","typ":"hydro","spanning_kv":null,"volt_klass":0,"kapacitet_mw":null,"operator":null}},{"type":"Feature","geometry":{"type":"Point","coordinates":[17.38766,62.51965]},"properties":{"namn":"Bergeforsens Kraftverk","typ":"hydro","spanning_kv":null,"volt_klass":0,"kapacitet_mw":174.0,"operator":null}},{"type":"Feature","geometry":{"type":"Point","coordinates":[14.59214,59.36781]},"properties":{"namn":"Karåsens kraftstation","typ":"hydro","spanning_kv":null,"volt_klass":0,"kapacitet_mw":12.5,"operator":"Fortum"}},{"type":"Feature","geometry":{"type":"Point","coordinates":[14.59215,59.36766]},"properties":{"namn":null,"typ":null,"spanning_kv":null,"volt_klass":0,"kapacitet_mw":null,"operator":null}},{"type":"Feature","geometry":{"type":"Point","coordinates":[15.71346,60.34663]},"properties":{"namn":"Säters värmeverk","typ":"biomass","spanning_kv":null,"volt_klass":0,"kapacitet_mw":1.7,"operator":"Hedemora Energi"}},{"type":"Feature","geometry":{"type":"Point","coordinates":[16.67159,57.4148]},"properties":{"namn":"Oskarshamns kärnkraftverk","typ":"nuclear","spanning_kv":null,"volt_klass":0,"kapacitet_mw":1450.0,"operator":"OKG Aktiebolag"}},{"type":"Feature","geometry":{"type":"Point","coordinates":[13.09526,55.6915]},"properties":{"namn":"Kraftvärmeverket Återbruket","typ":null,"spanning_kv":null,"volt_klass":0,"kapacitet_mw":null,"operator":"Kraftringen"}},{"type":"Feature","geometry":{"type":"Point","coordinates":[18.14605,62.88902]},"properties":{"namn":"Salteå kraftverk","typ":"hydro","spanning_kv":null,"volt_klass":0,"kapacitet_mw":null,"operator":null}},{"type":"Feature","geometry":{"type":"Point","coordinates":[13.95853,63.18623]},"properties":{"namn":"Dammån","typ":"hydro","spanning_kv":null,"volt_klass":0,"kapacitet_mw":null,"operator":null}},{"type":"Feature","geometry":{"type":"Point","coordinates":[13.44971,62.4348]},"properties":{"namn":"Halvfari","typ":"hydro","spanning_kv":null,"volt_klass":0,"kapacitet_mw":24.0,"operator":null}},{"type":"Feature","geometry":{"type":"Point","coordinates":[16.40392,61.39655]},"properties":{"namn":"Dönje","typ":"hydro","spanning_kv":null,"volt_klass":0,"kapacitet_mw":null,"operator":null}},{"type":"Feature","geometry":{"type":"Point","coordinates":[14.6756,63.65129]},"properties":{"namn":"Näsforsen","typ":"hydro","spanning_kv":null,"volt_klass":0,"kapacitet_mw":null,"operator":null}},{"type":"Feature","geometry":{"type":"Point","coordinates":[18.10768,59.35717]},"properties":{"namn":"Värmeverk Ropsten 3","typ":null,"spanning_kv":null,"volt_klass":0,"kapacitet_mw":null,"operator":"Fortum"}},{"type":"Feature","geometry":{"type":"Point","coordinates":[14.58141,63.32644]},"properties":{"namn":"Kattstrupeforsens kraftverk","typ":"hydro","spanning_kv":null,"volt_klass":0,"kapacitet_mw":56.0,"operator":"Jämtkraft"}},{"type":"Feature","geometry":{"type":"Point","coordinates":[17.45927,60.57046]},"properties":{"namn":null,"typ":"biofuel","spanning_kv":null,"volt_klass":0,"kapacitet_mw":null,"operator":null}},{"type":"Feature","geometry":{"type":"Point","coordinates":[17.41576,60.53065]},"properties":{"namn":"Lanforsen","typ":"hydro","spanning_kv":null,"volt_klass":0,"kapacitet_mw":44.0,"operator":"Fortum"}},{"type":"Feature","geometry":{"type":"Point","coordinates":[20.65244,66.42861]},"properties":{"namn":"Porsi Kraftstation","typ":"hydro","spanning_kv":null,"volt_klass":0,"kapacitet_mw":282.0,"operator":"Vattenfall"}},{"type":"Feature","geometry":{"type":"Point","coordinates":[16.35744,63.11377]},"properties":{"namn":"Hammarforsen","typ":"hydro","spanning_kv":null,"volt_klass":0,"kapacitet_mw":80.0,"operator":"Statkraft"}},{"type":"Feature","geometry":{"type":"Point","coordinates":[15.42197,57.63581]},"properties":{"namn":"Ingatorps fjärrvärmeverk","typ":null,"spanning_kv":null,"volt_klass":0,"kapacitet_mw":null,"operator":null}},{"type":"Feature","geometry":{"type":"Point","coordinates":[15.53216,59.16257]},"properties":{"namn":null,"typ":"solar","spanning_kv":null,"volt_klass":0,"kapacitet_mw":null,"operator":null}},{"type":"Feature","geometry":{"type":"Point","coordinates":[18.25632,59.32546]},"properties":{"namn":"Orminge Panncentral","typ":"biofuel","spanning_kv":null,"volt_klass":0,"kapacitet_mw":null,"operator":"Fortum Värme AB"}},{"type":"Feature","geometry":{"type":"Point","coordinates":[18.58343,66.9772]},"properties":{"namn":"Seitevare Kraftstation","typ":"hydro","spanning_kv":null,"volt_klass":0,"kapacitet_mw":225.0,"operator":"Vattenfall"}},{"type":"Feature","geometry":{"type":"Point","coordinates":[17.93392,62.64667]},"properties":{"namn":"Härnösand Energi & Miljö - Kraftvärmeverket","typ":null,"spanning_kv":null,"volt_klass":0,"kapacitet_mw":null,"operator":null}},{"type":"Feature","geometry":{"type":"Point","coordinates":[21.21245,65.53299]},"properties":{"namn":"Sikfors Kraftstation","typ":"hydro","spanning_kv":null,"volt_klass":0,"kapacitet_mw":40.0,"operator":"Skelleftekraft"}},{"type":"Feature","geometry":{"type":"Point","coordinates":[13.79204,61.27264]},"properties":{"namn":"Ugsiåns kraftstation","typ":"hydro","spanning_kv":null,"volt_klass":0,"kapacitet_mw":null,"operator":null}},{"type":"Feature","geometry":{"type":"Point","coordinates":[15.18741,56.43183]},"properties":{"namn":null,"typ":"hydro","spanning_kv":null,"volt_klass":0,"kapacitet_mw":null,"operator":null}},{"type":"Feature","geometry":{"type":"Point","coordinates":[16.46268,60.83829]},"properties":{"namn":null,"typ":"hydro","spanning_kv":null,"volt_klass":0,"kapacitet_mw":0.95,"operator":"Småkraft"}},{"type":"Feature","geometry":{"type":"Point","coordinates":[14.56843,59.62886]},"properties":{"namn":"Älvestorp kraftverk","typ":"hydro","spanning_kv":null,"volt_klass":0,"kapacitet_mw":4.2,"operator":"Karlskoga Energi & Miljö AB"}},{"type":"Feature","geometry":{"type":"Point","coordinates":[14.81511,57.84089]},"properties":{"namn":"Vattenkraftverket","typ":"hydro","spanning_kv":null,"volt_klass":0,"kapacitet_mw":0.32,"operator":"Skånska Energi AB"}},{"type":"Feature","geometry":{"type":"Point","coordinates":[15.61283,60.60731]},"properties":{"namn":"Västermalmsverket","typ":"biomass;oil;gas","spanning_kv":null,"volt_klass":0,"kapacitet_mw":18.0,"operator":null}},{"type":"Feature","geometry":{"type":"Point","coordinates":[14.81077,57.84502]},"properties":{"namn":"Kraftvärmeverket","typ":null,"spanning_kv":null,"volt_klass":0,"kapacitet_mw":null,"operator":"P o B Energi AB"}},{"type":"Feature","geometry":{"type":"Point","coordinates":[14.82538,57.84893]},"properties":{"namn":"Stalpet Vattenkraftverket","typ":"hydro","spanning_kv":null,"volt_klass":0,"kapacitet_mw":0.78,"operator":"Skånska Energi AB"}},{"type":"Feature","geometry":{"type":"Point","coordinates":[17.26599,63.17146]},"properties":{"namn":"Sollefteå kraftverk","typ":"hydro","spanning_kv":null,"volt_klass":0,"kapacitet_mw":62.0,"operator":"Sollefteåforsens AB"}},{"type":"Feature","geometry":{"type":"Point","coordinates":[18.59295,60.07797]},"properties":{"namn":null,"typ":null,"spanning_kv":null,"volt_klass":0,"kapacitet_mw":null,"operator":null}},{"type":"Feature","geometry":{"type":"Point","coordinates":[14.1512,56.55656]},"properties":{"namn":null,"typ":null,"spanning_kv":null,"volt_klass":0,"kapacitet_mw":null,"operator":null}},{"type":"Feature","geometry":{"type":"Point","coordinates":[15.96512,58.53806]},"properties":{"namn":"Kimstad kraftvärmeverk","typ":"gas","spanning_kv":null,"volt_klass":0,"kapacitet_mw":null,"operator":"Vattenfall Service Nordic AB"}},{"type":"Feature","geometry":{"type":"Point","coordinates":[12.2053,57.68705]},"properties":{"namn":null,"typ":null,"spanning_kv":null,"volt_klass":0,"kapacitet_mw":null,"operator":null}},{"type":"Feature","geometry":{"type":"Point","coordinates":[16.51368,60.80418]},"properties":{"namn":null,"typ":"hydro","spanning_kv":null,"volt_klass":0,"kapacitet_mw":null,"operator":null}},{"type":"Feature","geometry":{"type":"Point","coordinates":[16.66273,60.84273]},"properties":{"namn":null,"typ":"hydro","spanning_kv":null,"volt_klass":0,"kapacitet_mw":null,"operator":null}},{"type":"Feature","geometry":{"type":"Point","coordinates":[14.43598,59.22999]},"properties":{"namn":"Degerfors kraftverk","typ":"hydro","spanning_kv":null,"volt_klass":0,"kapacitet_mw":6.4,"operator":"Fortum"}},{"type":"Feature","geometry":{"type":"Point","coordinates":[19.79623,66.95414]},"properties":{"namn":"Porjus gamla kraftstation","typ":"hydro","spanning_kv":null,"volt_klass":0,"kapacitet_mw":10.0,"operator":"Vattenfall AB"}},{"type":"Feature","geometry":{"type":"Point","coordinates":[11.89834,57.86609]},"properties":{"namn":null,"typ":"solar","spanning_kv":null,"volt_klass":0,"kapacitet_mw":null,"operator":null}},{"type":"Feature","geometry":{"type":"Point","coordinates":[16.77615,63.63646]},"properties":{"namn":"Långbjörn Kraftverk","typ":"hydro","spanning_kv":null,"volt_klass":0,"kapacitet_mw":null,"operator":null}},{"type":"Feature","geometry":{"type":"Point","coordinates":[17.00061,58.74286]},"properties":{"namn":"Idbäckens Kraftvärmeverk","typ":null,"spanning_kv":null,"volt_klass":0,"kapacitet_mw":null,"operator":null}},{"type":"Feature","geometry":{"type":"Point","coordinates":[16.41841,61.42795]},"properties":{"namn":"Lottefors","typ":"hydro","spanning_kv":null,"volt_klass":0,"kapacitet_mw":null,"operator":null}},{"type":"Feature","geometry":{"type":"Point","coordinates":[16.62359,61.2714]},"properties":{"namn":"Landafors","typ":"hydro","spanning_kv":null,"volt_klass":0,"kapacitet_mw":null,"operator":"Fortum Generation AB"}},{"type":"Feature","geometry":{"type":"Point","coordinates":[16.42975,61.31287]},"properties":{"namn":"Lenninge","typ":"hydro","spanning_kv":null,"volt_klass":0,"kapacitet_mw":2.7,"operator":"Fortum Generation AB"}},{"type":"Feature","geometry":{"type":"Point","coordinates":[16.00084,61.34556]},"properties":{"namn":"Alfta","typ":"hydro","spanning_kv":null,"volt_klass":0,"kapacitet_mw":32.4,"operator":"Voxnan Kraft AB"}},{"type":"Feature","geometry":{"type":"Point","coordinates":[16.38655,61.31737]},"properties":{"namn":"Sunnerstaholm","typ":"hydro","spanning_kv":null,"volt_klass":0,"kapacitet_mw":6.0,"operator":"Fortum Generation AB"}},{"type":"Feature","geometry":{"type":"Point","coordinates":[19.56177,64.01615]},"properties":{"namn":"Harrsele Kraftverk","typ":"hydro","spanning_kv":null,"volt_klass":0,"kapacitet_mw":223.0,"operator":"Statkraft"}},{"type":"Feature","geometry":{"type":"Point","coordinates":[19.66458,63.9302]},"properties":{"namn":"Pengfors kraftverk","typ":"hydro","spanning_kv":null,"volt_klass":0,"kapacitet_mw":69.0,"operator":"Vattenfall"}},{"type":"Feature","geometry":{"type":"Point","coordinates":[14.0095,56.33739]},"properties":{"namn":null,"typ":"hydro","spanning_kv":null,"volt_klass":0,"kapacitet_mw":null,"operator":null}},{"type":"Feature","geometry":{"type":"Point","coordinates":[15.62272,63.16325]},"properties":{"namn":"Stugun","typ":"hydro","spanning_kv":null,"volt_klass":0,"kapacitet_mw":null,"operator":null}},{"type":"Feature","geometry":{"type":"Point","coordinates":[14.81383,64.34308]},"properties":{"namn":"Bågede kraftverk","typ":"hydro","spanning_kv":null,"volt_klass":0,"kapacitet_mw":null,"operator":null}},{"type":"Feature","geometry":{"type":"Point","coordinates":[14.15094,64.50273]},"properties":{"namn":"Gäddede kraftverk","typ":"hydro","spanning_kv":null,"volt_klass":0,"kapacitet_mw":22.0,"operator":"Statkraft;Holmen Energi"}},{"type":"Feature","geometry":{"type":"Point","coordinates":[17.48643,67.72928]},"properties":{"namn":"Ritsem Kraftstation","typ":"hydro","spanning_kv":null,"volt_klass":0,"kapacitet_mw":304.0,"operator":"Vattenfall"}},{"type":"Feature","geometry":{"type":"Point","coordinates":[12.62029,59.53143]},"properties":{"namn":"Glava Energy Center","typ":"solar","spanning_kv":null,"volt_klass":0,"kapacitet_mw":null,"operator":null}},{"type":"Feature","geometry":{"type":"Point","coordinates":[17.23329,65.05232]},"properties":{"namn":"Stensele kraftverk","typ":"hydro","spanning_kv":null,"volt_klass":0,"kapacitet_mw":null,"operator":null}},{"type":"Feature","geometry":{"type":"Point","coordinates":[17.5787,64.96234]},"properties":{"namn":"Grundfors kraftstation","typ":"hydro","spanning_kv":null,"volt_klass":0,"kapacitet_mw":null,"operator":null}},{"type":"Feature","geometry":{"type":"Point","coordinates":[12.17474,57.7493]},"properties":{"namn":"Jonsereds Kraftverk","typ":"hydro","spanning_kv":null,"volt_klass":0,"kapacitet_mw":1.9,"operator":null}},{"type":"Feature","geometry":{"type":"Point","coordinates":[16.74315,64.51951]},"properties":{"namn":"Volgsjöfors vattenkraftverk","typ":"hydro","spanning_kv":null,"volt_klass":0,"kapacitet_mw":null,"operator":"Statkraft"}},{"type":"Feature","geometry":{"type":"Point","coordinates":[12.48182,58.60199]},"properties":{"namn":"Åsebro kraftstation","typ":"hydro","spanning_kv":null,"volt_klass":0,"kapacitet_mw":null,"operator":null}},{"type":"Feature","geometry":{"type":"Point","coordinates":[13.6735,56.75927]},"properties":{"namn":"Skeens Kraftverk","typ":"hydro","spanning_kv":null,"volt_klass":0,"kapacitet_mw":4.6,"operator":"Statkraft Sverige AB"}},{"type":"Feature","geometry":{"type":"Point","coordinates":[15.09781,57.83113]},"properties":{"namn":"Olstorp Vattenkraftsstation","typ":"hydro","spanning_kv":null,"volt_klass":0,"kapacitet_mw":null,"operator":"Tranås Energi AB"}},{"type":"Feature","geometry":{"type":"Point","coordinates":[17.12111,61.20607]},"properties":{"namn":"Ljusnefors","typ":"hydro","spanning_kv":null,"volt_klass":0,"kapacitet_mw":null,"operator":null}},{"type":"Feature","geometry":{"type":"Point","coordinates":[14.10674,58.9864]},"properties":{"namn":"Gullspångs kraftverk","typ":"hydro","spanning_kv":null,"volt_klass":0,"kapacitet_mw":40.0,"operator":"Fortum"}},{"type":"Feature","geometry":{"type":"Point","coordinates":[15.42363,60.51967]},"properties":{"namn":null,"typ":"biomass;coal","spanning_kv":null,"volt_klass":0,"kapacitet_mw":null,"operator":"Borlänge Energi"}},{"type":"Feature","geometry":{"type":"Point","coordinates":[11.95113,57.63839]},"properties":{"namn":null,"typ":null,"spanning_kv":null,"volt_klass":0,"kapacitet_mw":null,"operator":null}},{"type":"Feature","geometry":{"type":"Point","coordinates":[12.71458,57.9356]},"properties":{"namn":null,"typ":"hydro","spanning_kv":null,"volt_klass":0,"kapacitet_mw":null,"operator":null}},{"type":"Feature","geometry":{"type":"Point","coordinates":[17.17738,62.30855]},"properties":{"namn":"Viforsens kraftstation","typ":"hydro","spanning_kv":null,"volt_klass":0,"kapacitet_mw":null,"operator":null}},{"type":"Feature","geometry":{"type":"Point","coordinates":[17.82454,59.36232]},"properties":{"namn":null,"typ":null,"spanning_kv":null,"volt_klass":0,"kapacitet_mw":null,"operator":null}},{"type":"Feature","geometry":{"type":"Point","coordinates":[15.7516,60.87182]},"properties":{"namn":"Tängers kraftverk","typ":"hydro","spanning_kv":null,"volt_klass":0,"kapacitet_mw":4.6,"operator":"Fortum Generation AB"}},{"type":"Feature","geometry":{"type":"Point","coordinates":[13.012,55.57804]},"properties":{"namn":"Heleneholmsverket","typ":"biogas","spanning_kv":null,"volt_klass":0,"kapacitet_mw":null,"operator":null}},{"type":"Feature","geometry":{"type":"Point","coordinates":[17.23541,63.17612]},"properties":{"namn":"Sollefteå värmeverk","typ":null,"spanning_kv":null,"volt_klass":0,"kapacitet_mw":null,"operator":null}},{"type":"Feature","geometry":{"type":"Point","coordinates":[16.22412,62.08375]},"properties":{"namn":"Tvärforsens Kraftverk","typ":"hydro","spanning_kv":null,"volt_klass":0,"kapacitet_mw":null,"operator":"Downing Hydro"}},{"type":"Feature","geometry":{"type":"Point","coordinates":[12.25232,57.12076]},"properties":{"namn":"Flisan af Varberg","typ":"biomass;biooil;gas","spanning_kv":null,"volt_klass":0,"kapacitet_mw":null,"operator":"Varberg Energi"}},{"type":"Feature","geometry":{"type":"Point","coordinates":[12.2394,57.48883]},"properties":{"namn":"Ålgårda kraftverk","typ":"hydro","spanning_kv":null,"volt_klass":0,"kapacitet_mw":null,"operator":null}},{"type":"Feature","geometry":{"type":"Point","coordinates":[14.05424,58.2813]},"properties":{"namn":"Blikstorps kraftverk","typ":"hydro","spanning_kv":null,"volt_klass":0,"kapacitet_mw":null,"operator":null}},{"type":"Feature","geometry":{"type":"Point","coordinates":[12.22051,58.19682]},"properties":{"namn":"Sjuntorps kraftverk","typ":"hydro","spanning_kv":null,"volt_klass":0,"kapacitet_mw":1.8,"operator":null}},{"type":"Feature","geometry":{"type":"Point","coordinates":[12.92498,56.6978]},"properties":{"namn":"Sperlingsholm kraftstation","typ":"hydro","spanning_kv":null,"volt_klass":0,"kapacitet_mw":2.0,"operator":"Sperlingsholms gods AB"}},{"type":"Feature","geometry":{"type":"Point","coordinates":[11.48594,58.183]},"properties":{"namn":null,"typ":"solar","spanning_kv":null,"volt_klass":0,"kapacitet_mw":null,"operator":null}},{"type":"Feature","geometry":{"type":"Point","coordinates":[14.18136,61.97626]},"properties":{"namn":"Kvarnforsens kraftverk","typ":"hydro","spanning_kv":null,"volt_klass":0,"kapacitet_mw":null,"operator":null}},{"type":"Feature","geometry":{"type":"Point","coordinates":[11.55693,57.99151]},"properties":{"namn":null,"typ":null,"spanning_kv":null,"volt_klass":0,"kapacitet_mw":null,"operator":null}},{"type":"Feature","geometry":{"type":"Point","coordinates":[12.28773,58.6973]},"properties":{"namn":null,"typ":"hydro","spanning_kv":null,"volt_klass":0,"kapacitet_mw":null,"operator":null}},{"type":"Feature","geometry":{"type":"Point","coordinates":[18.17128,60.17433]},"properties":{"namn":null,"typ":null,"spanning_kv":null,"volt_klass":0,"kapacitet_mw":null,"operator":null}},{"type":"Feature","geometry":{"type":"Point","coordinates":[13.10227,59.79243]},"properties":{"namn":"Rottnens kraftverk","typ":"hydro","spanning_kv":null,"volt_klass":0,"kapacitet_mw":17.0,"operator":"Fortum"}},{"type":"Feature","geometry":{"type":"Point","coordinates":[13.4247,60.79602]},"properties":{"namn":"Lima Kraftverk","typ":"hydro","spanning_kv":null,"volt_klass":0,"kapacitet_mw":null,"operator":null}},{"type":"Feature","geometry":{"type":"Point","coordinates":[13.53884,59.84715]},"properties":{"namn":"Munkfors kraftverk","typ":"hydro","spanning_kv":null,"volt_klass":0,"kapacitet_mw":33.0,"operator":null}},{"type":"Feature","geometry":{"type":"Point","coordinates":[13.52575,60.06535]},"properties":{"namn":"Edsforsens kraftverk","typ":"hydro","spanning_kv":null,"volt_klass":0,"kapacitet_mw":9.0,"operator":"Fortum"}},{"type":"Feature","geometry":{"type":"Point","coordinates":[17.00646,63.68389]},"properties":{"namn":"Edensforsens Kraftverk","typ":"hydro","spanning_kv":null,"volt_klass":0,"kapacitet_mw":null,"operator":null}},{"type":"Feature","geometry":{"type":"Point","coordinates":[15.77655,60.65115]},"properties":{"namn":"Sundborns kraftstation","typ":"hydro","spanning_kv":null,"volt_klass":0,"kapacitet_mw":null,"operator":null}},{"type":"Feature","geometry":{"type":"Point","coordinates":[14.14098,56.53101]},"properties":{"namn":null,"typ":null,"spanning_kv":null,"volt_klass":0,"kapacitet_mw":null,"operator":null}},{"type":"Feature","geometry":{"type":"Point","coordinates":[14.99042,60.51349]},"properties":{"namn":"Lindbyn","typ":"hydro","spanning_kv":null,"volt_klass":0,"kapacitet_mw":null,"operator":null}},{"type":"Feature","geometry":{"type":"Point","coordinates":[14.11305,58.63125]},"properties":{"namn":null,"typ":"hydro","spanning_kv":null,"volt_klass":0,"kapacitet_mw":null,"operator":null}},{"type":"Feature","geometry":{"type":"Point","coordinates":[14.16223,57.50085]},"properties":{"namn":null,"typ":"biomass","spanning_kv":null,"volt_klass":0,"kapacitet_mw":null,"operator":"Vaggeryds kommun"}},{"type":"Feature","geometry":{"type":"Point","coordinates":[13.95497,56.8515]},"properties":{"namn":"Ljungsjöverket","typ":null,"spanning_kv":null,"volt_klass":0,"kapacitet_mw":null,"operator":"Ljungby Energi"}},{"type":"Feature","geometry":{"type":"Point","coordinates":[13.95028,56.83057]},"properties":{"namn":"Ljungby kraftverk","typ":"hydro","spanning_kv":null,"volt_klass":0,"kapacitet_mw":1.8,"operator":"Ljungby Energi"}},{"type":"Feature","geometry":{"type":"Point","coordinates":[13.97186,58.18911]},"properties":{"namn":"Kullö kraftverk","typ":"hydro","spanning_kv":null,"volt_klass":0,"kapacitet_mw":null,"operator":null}},{"type":"Feature","geometry":{"type":"Point","coordinates":[12.95723,59.35416]},"properties":{"namn":"Borgviks kraftstation","typ":"hydro","spanning_kv":null,"volt_klass":0,"kapacitet_mw":null,"operator":null}},{"type":"Feature","geometry":{"type":"Point","coordinates":[15.40077,60.6999]},"properties":{"namn":null,"typ":null,"spanning_kv":null,"volt_klass":0,"kapacitet_mw":null,"operator":null}},{"type":"Feature","geometry":{"type":"Point","coordinates":[15.24062,59.58837]},"properties":{"namn":null,"typ":"hydro","spanning_kv":null,"volt_klass":0,"kapacitet_mw":null,"operator":null}},{"type":"Feature","geometry":{"type":"Point","coordinates":[15.53228,59.16337]},"properties":{"namn":null,"typ":"biomass","spanning_kv":null,"volt_klass":0,"kapacitet_mw":null,"operator":"Solör Bioenergi Fjärrvärme AB"}},{"type":"Feature","geometry":{"type":"Point","coordinates":[12.54021,60.95052]},"properties":{"namn":"Höljes kraftverk","typ":"hydro","spanning_kv":null,"volt_klass":0,"kapacitet_mw":130.0,"operator":"Fortum"}},{"type":"Feature","geometry":{"type":"Point","coordinates":[15.90701,60.73303]},"properties":{"namn":"Borgärdets Kraftverk","typ":"hydro","spanning_kv":null,"volt_klass":0,"kapacitet_mw":null,"operator":null}},{"type":"Feature","geometry":{"type":"Point","coordinates":[12.01893,58.3516]},"properties":{"namn":"Groröd kraftstation","typ":"hydro","spanning_kv":null,"volt_klass":0,"kapacitet_mw":null,"operator":"Uddevalla Energi"}},{"type":"Feature","geometry":{"type":"Point","coordinates":[12.12135,58.32412]},"properties":{"namn":"Kollerö kraftstation","typ":"hydro","spanning_kv":null,"volt_klass":0,"kapacitet_mw":0.37,"operator":"Uddevalla Energi"}},{"type":"Feature","geometry":{"type":"Point","coordinates":[17.47985,58.9544]},"properties":{"namn":null,"typ":null,"spanning_kv":null,"volt_klass":0,"kapacitet_mw":null,"operator":"StatKraft"}},{"type":"Feature","geometry":{"type":"Point","coordinates":[16.47678,60.17363]},"properties":{"namn":"Näs","typ":"hydro","spanning_kv":null,"volt_klass":0,"kapacitet_mw":24.0,"operator":"Vattenfall"}},{"type":"Feature","geometry":{"type":"Point","coordinates":[13.88498,58.38435]},"properties":{"namn":"Skövde Värmeverk","typ":null,"spanning_kv":null,"volt_klass":0,"kapacitet_mw":null,"operator":null}},{"type":"Feature","geometry":{"type":"Point","coordinates":[17.2415,60.38199]},"properties":{"namn":"Söderfors","typ":"hydro","spanning_kv":null,"volt_klass":0,"kapacitet_mw":20.0,"operator":"Vattenfall"}},{"type":"Feature","geometry":{"type":"Point","coordinates":[16.57238,63.0289]},"properties":{"namn":"Svarthålsforsen","typ":"hydro","spanning_kv":null,"volt_klass":0,"kapacitet_mw":null,"operator":null}},{"type":"Feature","geometry":{"type":"Point","coordinates":[16.65753,62.97811]},"properties":{"namn":"Stadsforsen","typ":"hydro","spanning_kv":null,"volt_klass":0,"kapacitet_mw":null,"operator":null}},{"type":"Feature","geometry":{"type":"Point","coordinates":[11.9237,58.34476]},"properties":{"namn":null,"typ":null,"spanning_kv":null,"volt_klass":0,"kapacitet_mw":null,"operator":null}},{"type":"Feature","geometry":{"type":"Point","coordinates":[17.02171,63.15475]},"properties":{"namn":"Forsse","typ":"hydro","spanning_kv":null,"volt_klass":0,"kapacitet_mw":null,"operator":null}},{"type":"Feature","geometry":{"type":"Point","coordinates":[16.38871,61.47744]},"properties":{"namn":"Norränge","typ":"hydro","spanning_kv":null,"volt_klass":0,"kapacitet_mw":null,"operator":null}},{"type":"Feature","geometry":{"type":"Point","coordinates":[16.07108,63.14712]},"properties":{"namn":"Krångede kraftverk","typ":"hydro","spanning_kv":null,"volt_klass":0,"kapacitet_mw":null,"operator":null}},{"type":"Feature","geometry":{"type":"Point","coordinates":[16.16087,63.14169]},"properties":{"namn":"Gammelänge kraftstation","typ":"hydro","spanning_kv":null,"volt_klass":0,"kapacitet_mw":null,"operator":null}},{"type":"Feature","geometry":{"type":"Point","coordinates":[16.66427,62.79722]},"properties":{"namn":"Järkvissle","typ":"hydro","spanning_kv":null,"volt_klass":0,"kapacitet_mw":null,"operator":"Vattenfall"}},{"type":"Feature","geometry":{"type":"Point","coordinates":[16.66746,62.95027]},"properties":{"namn":"Hölleforsen","typ":"hydro","spanning_kv":null,"volt_klass":0,"kapacitet_mw":null,"operator":"Vattenfall"}},{"type":"Feature","geometry":{"type":"Point","coordinates":[14.3035,62.61]},"properties":{"namn":"Trångfors","typ":"hydro","spanning_kv":null,"volt_klass":0,"kapacitet_mw":null,"operator":null}},{"type":"Feature","geometry":{"type":"Point","coordinates":[13.53836,63.75058]},"properties":{"namn":"Oldens kraftverk","typ":"hydro","spanning_kv":null,"volt_klass":0,"kapacitet_mw":null,"operator":null}},{"type":"Feature","geometry":{"type":"Point","coordinates":[12.95928,63.70128]},"properties":{"namn":"Juvelns kraftverk","typ":"hydro","spanning_kv":null,"volt_klass":0,"kapacitet_mw":null,"operator":null}},{"type":"Feature","geometry":{"type":"Point","coordinates":[13.38455,63.39027]},"properties":{"namn":"Järpströmmen","typ":"hydro","spanning_kv":null,"volt_klass":0,"kapacitet_mw":114.0,"operator":null}},{"type":"Feature","geometry":{"type":"Point","coordinates":[13.68737,63.29691]},"properties":{"namn":"Mörsil","typ":"hydro","spanning_kv":null,"volt_klass":0,"kapacitet_mw":null,"operator":null}},{"type":"Feature","geometry":{"type":"Point","coordinates":[15.32216,63.22118]},"properties":{"namn":"Näverede kraftverk","typ":"hydro","spanning_kv":null,"volt_klass":0,"kapacitet_mw":70.0,"operator":"Vattenfall"}},{"type":"Feature","geometry":{"type":"Point","coordinates":[15.49781,61.94348]},"properties":{"namn":"Laforsens kraftstation","typ":"hydro","spanning_kv":null,"volt_klass":0,"kapacitet_mw":null,"operator":null}},{"type":"Feature","geometry":{"type":"Point","coordinates":[16.17057,61.76686]},"properties":{"namn":"Edänge","typ":"hydro","spanning_kv":null,"volt_klass":0,"kapacitet_mw":null,"operator":null}},{"type":"Feature","geometry":{"type":"Point","coordinates":[21.55458,65.84543]},"properties":{"namn":"Vittjärvs Kraftstation","typ":"hydro","spanning_kv":null,"volt_klass":0,"kapacitet_mw":30.0,"operator":"Vattenfall"}},{"type":"Feature","geometry":{"type":"Point","coordinates":[21.67285,65.80764]},"properties":{"namn":"Bodens Kraftstaton","typ":"hydro","spanning_kv":null,"volt_klass":0,"kapacitet_mw":78.0,"operator":"Vattenfall AB"}},{"type":"Feature","geometry":{"type":"Point","coordinates":[16.84397,66.4252]},"properties":{"namn":"Sädva","typ":"hydro","spanning_kv":null,"volt_klass":0,"kapacitet_mw":null,"operator":"Skellefteå Kraftaktiebolag"}},{"type":"Feature","geometry":{"type":"Point","coordinates":[14.00236,56.9032]},"properties":{"namn":"Åbyfors","typ":"hydro","spanning_kv":null,"volt_klass":0,"kapacitet_mw":null,"operator":null}},{"type":"Feature","geometry":{"type":"Point","coordinates":[13.80025,60.08424]},"properties":{"namn":"Tranebergs kraftverk","typ":"hydro","spanning_kv":null,"volt_klass":0,"kapacitet_mw":0.8,"operator":"Fortum"}},{"type":"Feature","geometry":{"type":"Point","coordinates":[16.83166,61.25927]},"properties":{"namn":"Bergvik","typ":"hydro","spanning_kv":null,"volt_klass":0,"kapacitet_mw":null,"operator":null}},{"type":"Feature","geometry":{"type":"Point","coordinates":[17.02683,62.34764]},"properties":{"namn":"Matfors kraftverk","typ":"hydro","spanning_kv":null,"volt_klass":0,"kapacitet_mw":null,"operator":null}},{"type":"Feature","geometry":{"type":"Point","coordinates":[17.12462,63.81479]},"properties":{"namn":"Gulsele kraftverk","typ":"hydro","spanning_kv":null,"volt_klass":0,"kapacitet_mw":null,"operator":null}},{"type":"Feature","geometry":{"type":"Point","coordinates":[17.02574,63.74222]},"properties":{"namn":"Degerforsens Kraftverk","typ":"hydro","spanning_kv":null,"volt_klass":0,"kapacitet_mw":null,"operator":null}},{"type":"Feature","geometry":{"type":"Point","coordinates":[17.19529,63.88441]},"properties":{"namn":"Hällby kraftstation","typ":"hydro","spanning_kv":null,"volt_klass":0,"kapacitet_mw":null,"operator":null}},{"type":"Feature","geometry":{"type":"Point","coordinates":[17.24411,64.28647]},"properties":{"namn":"Stenkullafors kraftstation","typ":"hydro","spanning_kv":null,"volt_klass":0,"kapacitet_mw":null,"operator":null}},{"type":"Feature","geometry":{"type":"Point","coordinates":[16.37175,63.95459]},"properties":{"namn":"Borgforsens kraftstation","typ":"hydro","spanning_kv":null,"volt_klass":0,"kapacitet_mw":null,"operator":null}},{"type":"Feature","geometry":{"type":"Point","coordinates":[16.43294,63.78287]},"properties":{"namn":"Fjällsjö","typ":"hydro","spanning_kv":null,"volt_klass":0,"kapacitet_mw":null,"operator":null}},{"type":"Feature","geometry":{"type":"Point","coordinates":[17.2888,64.10201]},"properties":{"namn":"Åsele kraftstation","typ":"hydro","spanning_kv":null,"volt_klass":0,"kapacitet_mw":null,"operator":null}},{"type":"Feature","geometry":{"type":"Point","coordinates":[16.25705,64.05937]},"properties":{"namn":"Hoting","typ":"hydro","spanning_kv":null,"volt_klass":0,"kapacitet_mw":null,"operator":null}},{"type":"Feature","geometry":{"type":"Point","coordinates":[16.28185,63.89039]},"properties":{"namn":"Bodum","typ":"hydro","spanning_kv":null,"volt_klass":0,"kapacitet_mw":null,"operator":null}},{"type":"Feature","geometry":{"type":"Point","coordinates":[16.76033,59.62534]},"properties":{"namn":"Solparken","typ":"solar","spanning_kv":null,"volt_klass":0,"kapacitet_mw":1.0,"operator":"Kraftpojkarna"}},{"type":"Feature","geometry":{"type":"Point","coordinates":[12.11421,58.33053]},"properties":{"namn":"Jädersfors kraftverk","typ":"hydro","spanning_kv":null,"volt_klass":0,"kapacitet_mw":0.04,"operator":null}},{"type":"Feature","geometry":{"type":"Point","coordinates":[11.65507,58.02498]},"properties":{"namn":null,"typ":null,"spanning_kv":null,"volt_klass":0,"kapacitet_mw":null,"operator":null}},{"type":"Feature","geometry":{"type":"Point","coordinates":[14.21187,63.33638]},"properties":{"namn":"Vaplan","typ":"hydro","spanning_kv":null,"volt_klass":0,"kapacitet_mw":null,"operator":null}},{"type":"Feature","geometry":{"type":"Point","coordinates":[13.02284,60.24451]},"properties":{"namn":null,"typ":null,"spanning_kv":null,"volt_klass":0,"kapacitet_mw":null,"operator":null}},{"type":"Feature","geometry":{"type":"Point","coordinates":[13.02991,60.26071]},"properties":{"namn":"Vattenkraftverk","typ":"hydro","spanning_kv":null,"volt_klass":0,"kapacitet_mw":null,"operator":null}},{"type":"Feature","geometry":{"type":"Point","coordinates":[14.33466,57.19288]},"properties":{"namn":"Ohs bruk","typ":"hydro","spanning_kv":null,"volt_klass":0,"kapacitet_mw":null,"operator":null}},{"type":"Feature","geometry":{"type":"Point","coordinates":[12.64075,57.4659]},"properties":{"namn":"Haby kraftstation","typ":"hydro","spanning_kv":null,"volt_klass":0,"kapacitet_mw":5.28,"operator":null}},{"type":"Feature","geometry":{"type":"Point","coordinates":[12.67132,57.48621]},"properties":{"namn":"Kungsfors kraftstation","typ":"hydro","spanning_kv":null,"volt_klass":0,"kapacitet_mw":1.06,"operator":null}},{"type":"Feature","geometry":{"type":"Point","coordinates":[12.68142,57.51166]},"properties":{"namn":"Kinnaströms kraftstation","typ":"hydro","spanning_kv":null,"volt_klass":0,"kapacitet_mw":0.62,"operator":null}},{"type":"Feature","geometry":{"type":"Point","coordinates":[17.66533,59.49719]},"properties":{"namn":null,"typ":"biofuel","spanning_kv":null,"volt_klass":0,"kapacitet_mw":null,"operator":null}},{"type":"Feature","geometry":{"type":"Point","coordinates":[11.97424,57.88958]},"properties":{"namn":null,"typ":"solar","spanning_kv":null,"volt_klass":0,"kapacitet_mw":null,"operator":"Kungälv Energi"}},{"type":"Feature","geometry":{"type":"Point","coordinates":[11.97596,57.88741]},"properties":{"namn":"Munkegärdeverket","typ":null,"spanning_kv":null,"volt_klass":0,"kapacitet_mw":null,"operator":"Kungälv Energi"}},{"type":"Feature","geometry":{"type":"Point","coordinates":[14.08351,59.30964]},"properties":{"namn":null,"typ":null,"spanning_kv":null,"volt_klass":0,"kapacitet_mw":null,"operator":null}},{"type":"Feature","geometry":{"type":"Point","coordinates":[19.50419,64.15572]},"properties":{"namn":"Bjurfors Övre kraftverk","typ":"hydro","spanning_kv":null,"volt_klass":0,"kapacitet_mw":42.0,"operator":null}},{"type":"Feature","geometry":{"type":"Point","coordinates":[16.2524,59.54558]},"properties":{"namn":null,"typ":null,"spanning_kv":null,"volt_klass":0,"kapacitet_mw":null,"operator":null}},{"type":"Feature","geometry":{"type":"Point","coordinates":[12.33369,57.25956]},"properties":{"namn":"Kullagård kraftstation","typ":"hydro","spanning_kv":null,"volt_klass":0,"kapacitet_mw":0.45,"operator":null}},{"type":"Feature","geometry":{"type":"Point","coordinates":[14.22908,60.43835]},"properties":{"namn":"Eldforsens kraftstation","typ":"hydro","spanning_kv":null,"volt_klass":0,"kapacitet_mw":null,"operator":null}},{"type":"Feature","geometry":{"type":"Point","coordinates":[15.69143,62.51753]},"properties":{"namn":"Parteboda kraftverk","typ":"hydro","spanning_kv":null,"volt_klass":0,"kapacitet_mw":null,"operator":null}},{"type":"Feature","geometry":{"type":"Point","coordinates":[13.35174,56.5077]},"properties":{"namn":"Knäreds övre kraftverk","typ":"hydro","spanning_kv":null,"volt_klass":0,"kapacitet_mw":7.5,"operator":null}},{"type":"Feature","geometry":{"type":"Point","coordinates":[18.18286,65.58876]},"properties":{"namn":"Slagnäs kraftstation","typ":"hydro","spanning_kv":null,"volt_klass":0,"kapacitet_mw":null,"operator":null}},{"type":"Feature","geometry":{"type":"Point","coordinates":[13.09213,57.99187]},"properties":{"namn":null,"typ":null,"spanning_kv":null,"volt_klass":0,"kapacitet_mw":null,"operator":null}},{"type":"Feature","geometry":{"type":"Point","coordinates":[12.90389,63.38397]},"properties":{"namn":"Kraftverk Duved","typ":"hydro","spanning_kv":null,"volt_klass":0,"kapacitet_mw":1.15,"operator":"Jämtkraft AB"}},{"type":"Feature","geometry":{"type":"Point","coordinates":[15.56996,58.36899]},"properties":{"namn":"Lilla Askas solcellsanläggning","typ":"solar","spanning_kv":null,"volt_klass":0,"kapacitet_mw":null,"operator":null}},{"type":"Feature","geometry":{"type":"Point","coordinates":[15.70325,61.05356]},"properties":{"namn":"Dalstuga kraftverk","typ":"hydro","spanning_kv":null,"volt_klass":0,"kapacitet_mw":null,"operator":null}},{"type":"Feature","geometry":{"type":"Point","coordinates":[12.87251,57.24211]},"properties":{"namn":"Ödegärdes kraftverk","typ":"hydro","spanning_kv":null,"volt_klass":0,"kapacitet_mw":null,"operator":null}},{"type":"Feature","geometry":{"type":"Point","coordinates":[19.56727,64.10219]},"properties":{"namn":"Bjurfors nedre","typ":"hydro","spanning_kv":null,"volt_klass":0,"kapacitet_mw":null,"operator":null}},{"type":"Feature","geometry":{"type":"Point","coordinates":[13.59255,59.99982]},"properties":{"namn":"Råda kraftverk","typ":"hydro","spanning_kv":null,"volt_klass":0,"kapacitet_mw":2.0,"operator":"Fortum"}},{"type":"Feature","geometry":{"type":"Point","coordinates":[15.89311,62.00798]},"properties":{"namn":"Hennans kraftverk","typ":"hydro","spanning_kv":null,"volt_klass":0,"kapacitet_mw":null,"operator":null}},{"type":"Feature","geometry":{"type":"Point","coordinates":[15.25805,62.02106]},"properties":{"namn":"Öjeforsens kraftverk","typ":"hydro","spanning_kv":null,"volt_klass":0,"kapacitet_mw":null,"operator":null}},{"type":"Feature","geometry":{"type":"Point","coordinates":[13.76328,64.64886]},"properties":{"namn":"Linvasselv kraftverk","typ":"hydro","spanning_kv":null,"volt_klass":0,"kapacitet_mw":68.0,"operator":"Fortum;NTE Energi"}},{"type":"Feature","geometry":{"type":"Point","coordinates":[13.78979,60.29889]},"properties":{"namn":"Björnåsens kraftverk","typ":"hydro","spanning_kv":null,"volt_klass":0,"kapacitet_mw":2.3,"operator":"Malungs Elverk AB"}},{"type":"Feature","geometry":{"type":"Point","coordinates":[13.79949,60.35011]},"properties":{"namn":"Kviens kraftverk","typ":"hydro","spanning_kv":null,"volt_klass":0,"kapacitet_mw":2.7,"operator":"Malungs Elverk AB"}},{"type":"Feature","geometry":{"type":"Point","coordinates":[13.82998,60.14481]},"properties":{"namn":"Laggåsen","typ":"hydro","spanning_kv":110.0,"volt_klass":2,"kapacitet_mw":1.8,"operator":"Fortum Generation AB"}},{"type":"Feature","geometry":{"type":"Point","coordinates":[16.88048,63.44007]},"properties":{"namn":"Nämforsens kraftverk","typ":"hydro","spanning_kv":null,"volt_klass":0,"kapacitet_mw":null,"operator":null}},{"type":"Feature","geometry":{"type":"Point","coordinates":[22.50601,67.42567]},"properties":{"namn":null,"typ":null,"spanning_kv":null,"volt_klass":0,"kapacitet_mw":null,"operator":null}},{"type":"Feature","geometry":{"type":"Point","coordinates":[16.12494,63.59904]},"properties":{"namn":"Storfinnforsen","typ":"hydro","spanning_kv":null,"volt_klass":0,"kapacitet_mw":null,"operator":null}},{"type":"Feature","geometry":{"type":"Point","coordinates":[12.69964,59.31755]},"properties":{"namn":"Kolsäter kraftstation","typ":"hydro","spanning_kv":null,"volt_klass":0,"kapacitet_mw":null,"operator":null}},{"type":"Feature","geometry":{"type":"Point","coordinates":[12.18248,57.46145]},"properties":{"namn":null,"typ":null,"spanning_kv":null,"volt_klass":0,"kapacitet_mw":null,"operator":null}},{"type":"Feature","geometry":{"type":"Point","coordinates":[15.83045,64.94397]},"properties":{"namn":"Stalon","typ":"hydro","spanning_kv":null,"volt_klass":0,"kapacitet_mw":null,"operator":null}},{"type":"Feature","geometry":{"type":"Point","coordinates":[12.78152,57.56463]},"properties":{"namn":"Fritsla kraftverk","typ":"hydro","spanning_kv":null,"volt_klass":0,"kapacitet_mw":0.6,"operator":null}},{"type":"Feature","geometry":{"type":"Point","coordinates":[12.57778,61.89369]},"properties":{"namn":"Båthusströmmen","typ":"hydro","spanning_kv":null,"volt_klass":0,"kapacitet_mw":null,"operator":null}},{"type":"Feature","geometry":{"type":"Point","coordinates":[12.78793,57.55616]},"properties":{"namn":"Fritsla värmeverk","typ":null,"spanning_kv":null,"volt_klass":0,"kapacitet_mw":null,"operator":null}},{"type":"Feature","geometry":{"type":"Point","coordinates":[16.96235,62.36366]},"properties":{"namn":"Skallböle kraftstation","typ":"hydro","spanning_kv":null,"volt_klass":0,"kapacitet_mw":null,"operator":null}},{"type":"Feature","geometry":{"type":"Point","coordinates":[14.47022,63.33153]},"properties":{"namn":"Hissmofors kraftverk","typ":"hydro","spanning_kv":null,"volt_klass":0,"kapacitet_mw":null,"operator":"Jämtkraft"}},{"type":"Feature","geometry":{"type":"Point","coordinates":[12.30618,59.30518]},"properties":{"namn":"Karlsfors kraftstation","typ":"hydro","spanning_kv":null,"volt_klass":0,"kapacitet_mw":null,"operator":null}},{"type":"Feature","geometry":{"type":"Point","coordinates":[12.26741,59.33]},"properties":{"namn":"Snarkil kraftstation","typ":"hydro","spanning_kv":null,"volt_klass":0,"kapacitet_mw":null,"operator":null}},{"type":"Feature","geometry":{"type":"Point","coordinates":[15.29634,56.26731]},"properties":{"namn":"Brantafors kraftstation","typ":"hydro","spanning_kv":null,"volt_klass":0,"kapacitet_mw":null,"operator":"E.ON Vattenkraft"}},{"type":"Feature","geometry":{"type":"Point","coordinates":[13.22111,57.46654]},"properties":{"namn":"Strömfors kraftverk","typ":"hydro","spanning_kv":null,"volt_klass":0,"kapacitet_mw":null,"operator":null}},{"type":"Feature","geometry":{"type":"Point","coordinates":[18.03671,59.30229]},"properties":{"namn":"Årsta Värmeverk","typ":null,"spanning_kv":null,"volt_klass":0,"kapacitet_mw":null,"operator":"Stockholm Exergi"}},{"type":"Feature","geometry":{"type":"Point","coordinates":[14.22137,64.74787]},"properties":{"namn":"Sippmikks kraftstation","typ":"hydro","spanning_kv":null,"volt_klass":0,"kapacitet_mw":null,"operator":null}},{"type":"Feature","geometry":{"type":"Point","coordinates":[13.59437,60.01017]},"properties":{"namn":null,"typ":"biomass","spanning_kv":null,"volt_klass":0,"kapacitet_mw":null,"operator":"Råda Energi"}},{"type":"Feature","geometry":{"type":"Point","coordinates":[13.07561,56.93452]},"properties":{"namn":"Nyebro kraftstation","typ":"hydro","spanning_kv":null,"volt_klass":0,"kapacitet_mw":1.4,"operator":null}},{"type":"Feature","geometry":{"type":"Point","coordinates":[17.42674,59.23022]},"properties":{"namn":null,"typ":"hydro","spanning_kv":null,"volt_klass":0,"kapacitet_mw":null,"operator":null}},{"type":"Feature","geometry":{"type":"Point","coordinates":[16.94539,59.93764]},"properties":{"namn":null,"typ":"solar","spanning_kv":null,"volt_klass":0,"kapacitet_mw":0.04,"operator":"Solel i Sala & Heby"}},{"type":"Feature","geometry":{"type":"Point","coordinates":[13.79391,56.16315]},"properties":{"namn":"Beleverket Hässelholm","typ":null,"spanning_kv":null,"volt_klass":0,"kapacitet_mw":null,"operator":"Hässleholm Miljö"}},{"type":"Feature","geometry":{"type":"Point","coordinates":[13.04086,55.62536]},"properties":{"namn":"Öresundsverket","typ":"gas","spanning_kv":null,"volt_klass":0,"kapacitet_mw":448.0,"operator":"Uniper"}},{"type":"Feature","geometry":{"type":"Point","coordinates":[18.67875,65.40269]},"properties":{"namn":"Bastusel kraftverk","typ":"hydro","spanning_kv":null,"volt_klass":0,"kapacitet_mw":null,"operator":null}},{"type":"Feature","geometry":{"type":"Point","coordinates":[11.47712,58.38937]},"properties":{"namn":null,"typ":"solar","spanning_kv":null,"volt_klass":0,"kapacitet_mw":null,"operator":null}},{"type":"Feature","geometry":{"type":"Point","coordinates":[12.5193,56.90025]},"properties":{"namn":"Hertings 1 kraftstation","typ":"hydro","spanning_kv":null,"volt_klass":0,"kapacitet_mw":6.6,"operator":null}},{"type":"Feature","geometry":{"type":"Point","coordinates":[14.70408,63.30641]},"properties":{"namn":"Granboforsen kraftverk","typ":"hydro","spanning_kv":null,"volt_klass":0,"kapacitet_mw":24.0,"operator":"Jämtkraft"}},{"type":"Feature","geometry":{"type":"Point","coordinates":[15.10347,58.31529]},"properties":{"namn":"Mjölby Kraftvärmeverk","typ":null,"spanning_kv":null,"volt_klass":0,"kapacitet_mw":null,"operator":"Mjölby-Svartådalens energi"}},{"type":"Feature","geometry":{"type":"Point","coordinates":[16.23194,58.62065]},"properties":{"namn":"Händelöverket","typ":"biomass","spanning_kv":null,"volt_klass":0,"kapacitet_mw":null,"operator":"E.ON"}},{"type":"Feature","geometry":{"type":"Point","coordinates":[20.02301,64.93216]},"properties":{"namn":"Rengårds kraftstation","typ":"hydro","spanning_kv":null,"volt_klass":0,"kapacitet_mw":null,"operator":null}},{"type":"Feature","geometry":{"type":"Point","coordinates":[20.04291,64.94098]},"properties":{"namn":null,"typ":"hydro","spanning_kv":null,"volt_klass":0,"kapacitet_mw":null,"operator":null}},{"type":"Feature","geometry":{"type":"Point","coordinates":[20.63082,64.7417]},"properties":{"namn":"Selsfors","typ":"hydro","spanning_kv":null,"volt_klass":0,"kapacitet_mw":62.0,"operator":"Skellefteå Kraftaktiebolag"}},{"type":"Feature","geometry":{"type":"Point","coordinates":[18.35165,67.49122]},"properties":{"namn":"Vietas Kraftstation","typ":"hydro","spanning_kv":null,"volt_klass":0,"kapacitet_mw":306.0,"operator":"Vattenfall"}},{"type":"Feature","geometry":{"type":"Point","coordinates":[13.7587,59.62636]},"properties":{"namn":"Hulteby","typ":"hydro","spanning_kv":null,"volt_klass":0,"kapacitet_mw":0.22,"operator":"Privat"}},{"type":"Feature","geometry":{"type":"Point","coordinates":[16.57306,62.41639]},"properties":{"namn":null,"typ":"solar","spanning_kv":null,"volt_klass":0,"kapacitet_mw":null,"operator":null}},{"type":"Feature","geometry":{"type":"Point","coordinates":[14.46351,63.87794]},"properties":{"namn":"Ålviken","typ":"hydro","spanning_kv":null,"volt_klass":0,"kapacitet_mw":null,"operator":"Jämtkraft"}},{"type":"Feature","geometry":{"type":"Point","coordinates":[12.90937,57.65442]},"properties":{"namn":"Sobacken kraftvärmeverk","typ":"waste","spanning_kv":null,"volt_klass":0,"kapacitet_mw":null,"operator":null}},{"type":"Feature","geometry":{"type":"Point","coordinates":[16.85184,59.9367]},"properties":{"namn":null,"typ":"solar","spanning_kv":null,"volt_klass":0,"kapacitet_mw":0.08,"operator":"Solel i Sala & Heby"}},{"type":"Feature","geometry":{"type":"Point","coordinates":[16.83799,59.95627]},"properties":{"namn":null,"typ":"solar","spanning_kv":null,"volt_klass":0,"kapacitet_mw":0.31,"operator":"Solel i Sala & Heby"}},{"type":"Feature","geometry":{"type":"Point","coordinates":[16.85744,59.93464]},"properties":{"namn":null,"typ":"biomass","spanning_kv":null,"volt_klass":0,"kapacitet_mw":null,"operator":"Sala-Heby Energi"}},{"type":"Feature","geometry":{"type":"Point","coordinates":[18.0766,59.21989]},"properties":{"namn":"Ågesta gårds solcellspark","typ":"solar","spanning_kv":null,"volt_klass":0,"kapacitet_mw":0.4,"operator":null}},{"type":"Feature","geometry":{"type":"Point","coordinates":[14.5527,62.91566]},"properties":{"namn":"Lillå kraftstation","typ":"hydro","spanning_kv":null,"volt_klass":0,"kapacitet_mw":null,"operator":null}},{"type":"Feature","geometry":{"type":"Point","coordinates":[17.23029,65.29009]},"properties":{"namn":"Juktans kraftstation","typ":"hydro","spanning_kv":null,"volt_klass":0,"kapacitet_mw":26.0,"operator":null}},{"type":"Feature","geometry":{"type":"Point","coordinates":[16.65209,64.61755]},"properties":{"namn":"Gubbseleforsen/Vilhelmina","typ":"hydro","spanning_kv":null,"volt_klass":0,"kapacitet_mw":null,"operator":null}},{"type":"Feature","geometry":{"type":"Point","coordinates":[13.8594,58.37436]},"properties":{"namn":null,"typ":"solar","spanning_kv":null,"volt_klass":0,"kapacitet_mw":null,"operator":null}},{"type":"Feature","geometry":{"type":"Point","coordinates":[14.32286,61.08361]},"properties":{"namn":"Spjutmo","typ":"hydro","spanning_kv":null,"volt_klass":0,"kapacitet_mw":null,"operator":null}},{"type":"Feature","geometry":{"type":"Point","coordinates":[16.4842,60.51112]},"properties":{"namn":null,"typ":null,"spanning_kv":null,"volt_klass":0,"kapacitet_mw":null,"operator":null}},{"type":"Feature","geometry":{"type":"Point","coordinates":[16.49622,62.41778]},"properties":{"namn":"Nederede kraftstation","typ":"hydro","spanning_kv":null,"volt_klass":0,"kapacitet_mw":null,"operator":null}},{"type":"Feature","geometry":{"type":"Point","coordinates":[15.6377,56.1984]},"properties":{"namn":"Karlskrona Solpark","typ":"solar","spanning_kv":null,"volt_klass":0,"kapacitet_mw":2.4,"operator":"Affärsverken"}},{"type":"Feature","geometry":{"type":"Point","coordinates":[17.10217,65.09405]},"properties":{"namn":"Umluspens kraftstation","typ":"hydro","spanning_kv":null,"volt_klass":0,"kapacitet_mw":null,"operator":"Vattenfall AB"}},{"type":"Feature","geometry":{"type":"Point","coordinates":[14.66346,56.40609]},"properties":{"namn":"Fridafors övre kraftstation","typ":"hydro","spanning_kv":null,"volt_klass":0,"kapacitet_mw":null,"operator":null}},{"type":"Feature","geometry":{"type":"Point","coordinates":[14.66664,56.4]},"properties":{"namn":"Fridafors nedre kraftstation","typ":"hydro","spanning_kv":null,"volt_klass":0,"kapacitet_mw":null,"operator":null}},{"type":"Feature","geometry":{"type":"Point","coordinates":[13.01684,60.15942]},"properties":{"namn":null,"typ":"hydro","spanning_kv":null,"volt_klass":0,"kapacitet_mw":null,"operator":null}},{"type":"Feature","geometry":{"type":"Point","coordinates":[15.61583,56.24518]},"properties":{"namn":null,"typ":"solar","spanning_kv":null,"volt_klass":0,"kapacitet_mw":null,"operator":null}},{"type":"Feature","geometry":{"type":"Point","coordinates":[13.81933,60.19712]},"properties":{"namn":"Nains kraftstation","typ":"hydro","spanning_kv":null,"volt_klass":0,"kapacitet_mw":7.0,"operator":"Fortum"}},{"type":"Feature","geometry":{"type":"Point","coordinates":[13.70854,60.06908]},"properties":{"namn":"Malta kraftverk","typ":"hydro","spanning_kv":null,"volt_klass":0,"kapacitet_mw":6.1,"operator":"Fortum"}},{"type":"Feature","geometry":{"type":"Point","coordinates":[16.00635,64.15967]},"properties":{"namn":"Tåsjö","typ":"hydro","spanning_kv":null,"volt_klass":0,"kapacitet_mw":null,"operator":null}},{"type":"Feature","geometry":{"type":"Point","coordinates":[18.62877,64.62819]},"properties":{"namn":"Betsele kraftstation","typ":"hydro","spanning_kv":null,"volt_klass":0,"kapacitet_mw":null,"operator":null}},{"type":"Feature","geometry":{"type":"Point","coordinates":[14.66867,63.20382]},"properties":{"namn":"Östersund Solpark","typ":"solar","spanning_kv":null,"volt_klass":0,"kapacitet_mw":3.0,"operator":"Östersund Solpark ekonomisk förening (Jämtkraft)"}},{"type":"Feature","geometry":{"type":"Point","coordinates":[18.28526,59.46418]},"properties":{"namn":null,"typ":"solar","spanning_kv":null,"volt_klass":0,"kapacitet_mw":null,"operator":null}},{"type":"Feature","geometry":{"type":"Point","coordinates":[13.21121,59.44149]},"properties":{"namn":null,"typ":"hydro","spanning_kv":null,"volt_klass":0,"kapacitet_mw":null,"operator":null}},{"type":"Feature","geometry":{"type":"Point","coordinates":[17.14118,61.7207]},"properties":{"namn":"Djupedsverket","typ":null,"spanning_kv":null,"volt_klass":0,"kapacitet_mw":null,"operator":null}},{"type":"Feature","geometry":{"type":"Point","coordinates":[16.37798,61.3414]},"properties":{"namn":"Säverstaverket","typ":null,"spanning_kv":null,"volt_klass":0,"kapacitet_mw":null,"operator":null}},{"type":"Feature","geometry":{"type":"Point","coordinates":[15.87252,56.82503]},"properties":{"namn":null,"typ":"hydro","spanning_kv":null,"volt_klass":0,"kapacitet_mw":null,"operator":null}},{"type":"Feature","geometry":{"type":"Point","coordinates":[12.67035,57.51944]},"properties":{"namn":"Stämmemads kraftstation","typ":"hydro","spanning_kv":null,"volt_klass":0,"kapacitet_mw":1.02,"operator":null}},{"type":"Feature","geometry":{"type":"Point","coordinates":[11.89045,57.69269]},"properties":{"namn":"Rya Kraftvärmeverk","typ":"gas;wood;oil","spanning_kv":null,"volt_klass":0,"kapacitet_mw":261.0,"operator":"Göteborg Energi AB"}},{"type":"Feature","geometry":{"type":"Point","coordinates":[11.61212,57.89073]},"properties":{"namn":null,"typ":null,"spanning_kv":null,"volt_klass":0,"kapacitet_mw":null,"operator":null}},{"type":"Feature","geometry":{"type":"Point","coordinates":[16.71013,62.77107]},"properties":{"namn":"Sillre kraftstation","typ":"hydro","spanning_kv":null,"volt_klass":0,"kapacitet_mw":null,"operator":null}},{"type":"Feature","geometry":{"type":"Point","coordinates":[14.57013,59.80695]},"properties":{"namn":null,"typ":"hydro","spanning_kv":null,"volt_klass":0,"kapacitet_mw":null,"operator":null}},{"type":"Feature","geometry":{"type":"Point","coordinates":[14.50719,59.78465]},"properties":{"namn":null,"typ":"hydro","spanning_kv":null,"volt_klass":0,"kapacitet_mw":null,"operator":null}},{"type":"Feature","geometry":{"type":"Point","coordinates":[19.53423,66.70896]},"properties":{"namn":"Randi","typ":"hydro","spanning_kv":null,"volt_klass":0,"kapacitet_mw":null,"operator":"Vattenfall AB"}},{"type":"Feature","geometry":{"type":"Point","coordinates":[14.51426,59.78627]},"properties":{"namn":"Karlskoga Vattenkraft AB","typ":"hydro","spanning_kv":null,"volt_klass":0,"kapacitet_mw":null,"operator":null}},{"type":"Feature","geometry":{"type":"Point","coordinates":[17.61553,59.54161]},"properties":{"namn":"Högbytorp","typ":null,"spanning_kv":null,"volt_klass":0,"kapacitet_mw":null,"operator":"E. ON"}},{"type":"Feature","geometry":{"type":"Point","coordinates":[14.02807,58.24862]},"properties":{"namn":"Annefors kvarn","typ":"hydro","spanning_kv":null,"volt_klass":0,"kapacitet_mw":null,"operator":null}},{"type":"Feature","geometry":{"type":"Point","coordinates":[16.74699,60.61091]},"properties":{"namn":"Björksätra kraftvärmeverk","typ":null,"spanning_kv":null,"volt_klass":0,"kapacitet_mw":null,"operator":"Sandviken Energi AB"}},{"type":"Feature","geometry":{"type":"Point","coordinates":[15.88147,59.40126]},"properties":{"namn":"Fjärrvärmeverket","typ":null,"spanning_kv":null,"volt_klass":0,"kapacitet_mw":null,"operator":null}},{"type":"Feature","geometry":{"type":"Point","coordinates":[14.34002,59.09642]},"properties":{"namn":"Åtorps kraftverk","typ":"hydro","spanning_kv":null,"volt_klass":0,"kapacitet_mw":null,"operator":"Fortum"}},{"type":"Feature","geometry":{"type":"Point","coordinates":[14.13692,58.40531]},"properties":{"namn":"Brokvarns kraftstation","typ":"hydro","spanning_kv":null,"volt_klass":0,"kapacitet_mw":null,"operator":null}},{"type":"Feature","geometry":{"type":"Point","coordinates":[19.20316,66.74403]},"properties":{"namn":"Parki Kraftstation","typ":"hydro","spanning_kv":null,"volt_klass":0,"kapacitet_mw":null,"operator":"Vattenfall"}},{"type":"Feature","geometry":{"type":"Point","coordinates":[20.48749,64.75563]},"properties":{"namn":"Krångfors","typ":"hydro","spanning_kv":null,"volt_klass":0,"kapacitet_mw":65.0,"operator":"Skellefteå Kraftaktiebolag"}},{"type":"Feature","geometry":{"type":"Point","coordinates":[19.16891,65.28416]},"properties":{"namn":"Grytfors","typ":"hydro","spanning_kv":null,"volt_klass":0,"kapacitet_mw":null,"operator":null}},{"type":"Feature","geometry":{"type":"Point","coordinates":[20.41557,64.77929]},"properties":{"namn":"Granfors","typ":"hydro","spanning_kv":null,"volt_klass":0,"kapacitet_mw":null,"operator":null}},{"type":"Feature","geometry":{"type":"Point","coordinates":[20.22448,64.83237]},"properties":{"namn":"Båtfors","typ":"hydro","spanning_kv":null,"volt_klass":0,"kapacitet_mw":null,"operator":null}},{"type":"Feature","geometry":{"type":"Point","coordinates":[18.11366,65.67753]},"properties":{"namn":"Bergnäs","typ":"hydro","spanning_kv":null,"volt_klass":0,"kapacitet_mw":null,"operator":null}},{"type":"Feature","geometry":{"type":"Point","coordinates":[12.59159,59.67862]},"properties":{"namn":"MegaSol","typ":"solar","spanning_kv":null,"volt_klass":0,"kapacitet_mw":1.0,"operator":"Arvika Kraft"}},{"type":"Feature","geometry":{"type":"Point","coordinates":[18.8806,64.47216]},"properties":{"namn":"Tuggens kraftstation","typ":"hydro","spanning_kv":null,"volt_klass":0,"kapacitet_mw":null,"operator":null}},{"type":"Feature","geometry":{"type":"Point","coordinates":[18.69066,64.58494]},"properties":{"namn":"Hällforsens kraftstation","typ":"hydro","spanning_kv":null,"volt_klass":0,"kapacitet_mw":null,"operator":null}},{"type":"Feature","geometry":{"type":"Point","coordinates":[18.48345,64.65355]},"properties":{"namn":"Bålforsens Kraftverk","typ":"hydro","spanning_kv":null,"volt_klass":0,"kapacitet_mw":null,"operator":null}},{"type":"Feature","geometry":{"type":"Point","coordinates":[14.98968,65.88822]},"properties":{"namn":"Klippens kraftstation","typ":"hydro","spanning_kv":null,"volt_klass":0,"kapacitet_mw":null,"operator":null}},{"type":"Feature","geometry":{"type":"Point","coordinates":[14.98768,65.54323]},"properties":{"namn":"Abelvattnets kraftverk","typ":"hydro","spanning_kv":null,"volt_klass":0,"kapacitet_mw":null,"operator":null}},{"type":"Feature","geometry":{"type":"Point","coordinates":[15.18446,65.57639]},"properties":{"namn":"Gejmåns kraftstation","typ":"hydro","spanning_kv":null,"volt_klass":0,"kapacitet_mw":null,"operator":null}},{"type":"Feature","geometry":{"type":"Point","coordinates":[17.09789,63.18328]},"properties":{"namn":"Hjälta kraftverk","typ":"hydro","spanning_kv":null,"volt_klass":0,"kapacitet_mw":178.0,"operator":"Eon Sverige AB"}},{"type":"Feature","geometry":{"type":"Point","coordinates":[16.98758,63.36805]},"properties":{"namn":"Moforsen","typ":"hydro","spanning_kv":null,"volt_klass":0,"kapacitet_mw":null,"operator":null}},{"type":"Feature","geometry":{"type":"Point","coordinates":[17.20036,63.27115]},"properties":{"namn":"Forsmo","typ":"hydro","spanning_kv":null,"volt_klass":0,"kapacitet_mw":null,"operator":null}},{"type":"Feature","geometry":{"type":"Point","coordinates":[16.50563,64.64833]},"properties":{"namn":"Malgomajs kraftverk","typ":"hydro","spanning_kv":null,"volt_klass":0,"kapacitet_mw":null,"operator":null}},{"type":"Feature","geometry":{"type":"Point","coordinates":[16.82317,63.55534]},"properties":{"namn":"Lasele","typ":"hydro","spanning_kv":null,"volt_klass":0,"kapacitet_mw":149.6,"operator":"Vattenfall"}},{"type":"Feature","geometry":{"type":"Point","coordinates":[15.72758,63.78773]},"properties":{"namn":"Lövöns gamla kraftstation","typ":"hydro","spanning_kv":null,"volt_klass":0,"kapacitet_mw":null,"operator":null}},{"type":"Feature","geometry":{"type":"Point","coordinates":[14.1343,64.5583]},"properties":{"namn":"Junsterforsen","typ":"hydro","spanning_kv":null,"volt_klass":0,"kapacitet_mw":30.0,"operator":null}},{"type":"Feature","geometry":{"type":"Point","coordinates":[16.42356,63.73313]},"properties":{"namn":"Sil","typ":"hydro","spanning_kv":null,"volt_klass":0,"kapacitet_mw":null,"operator":null}},{"type":"Feature","geometry":{"type":"Point","coordinates":[16.76426,63.54195]},"properties":{"namn":"Kilforsen","typ":"hydro","spanning_kv":null,"volt_klass":0,"kapacitet_mw":null,"operator":null}},{"type":"Feature","geometry":{"type":"Point","coordinates":[14.68236,56.42263]},"properties":{"namn":"Granö kraftverk","typ":"hydro","spanning_kv":null,"volt_klass":0,"kapacitet_mw":null,"operator":"Uniper Sverige AB"}},{"type":"Feature","geometry":{"type":"Point","coordinates":[15.69585,63.74777]},"properties":{"namn":"Lövön","typ":"hydro","spanning_kv":null,"volt_klass":0,"kapacitet_mw":null,"operator":null}},{"type":"Feature","geometry":{"type":"Point","coordinates":[12.69201,57.55524]},"properties":{"namn":"Rydal kraftstation","typ":"hydro","spanning_kv":null,"volt_klass":0,"kapacitet_mw":0.68,"operator":null}},{"type":"Feature","geometry":{"type":"Point","coordinates":[16.86655,63.13965]},"properties":{"namn":"Ledinge kraftverk","typ":"hydro","spanning_kv":null,"volt_klass":0,"kapacitet_mw":null,"operator":null}},{"type":"Feature","geometry":{"type":"Point","coordinates":[16.93372,63.07061]},"properties":{"namn":"Graninge","typ":"hydro","spanning_kv":null,"volt_klass":0,"kapacitet_mw":null,"operator":null}},{"type":"Feature","geometry":{"type":"Point","coordinates":[16.55743,63.40451]},"properties":{"namn":"Edsele","typ":"hydro","spanning_kv":null,"volt_klass":0,"kapacitet_mw":null,"operator":null}},{"type":"Feature","geometry":{"type":"Point","coordinates":[16.33045,63.58189]},"properties":{"namn":"Ramsele","typ":"hydro","spanning_kv":null,"volt_klass":0,"kapacitet_mw":null,"operator":null}},{"type":"Feature","geometry":{"type":"Point","coordinates":[16.28498,63.57084]},"properties":{"namn":"Lafssjö","typ":"hydro","spanning_kv":null,"volt_klass":0,"kapacitet_mw":null,"operator":null}},{"type":"Feature","geometry":{"type":"Point","coordinates":[16.03154,64.11722]},"properties":{"namn":"Klingerforsen","typ":"hydro","spanning_kv":null,"volt_klass":0,"kapacitet_mw":null,"operator":null}},{"type":"Feature","geometry":{"type":"Point","coordinates":[15.53826,64.45803]},"properties":{"namn":"Korsselbränna","typ":"hydro","spanning_kv":null,"volt_klass":0,"kapacitet_mw":130.0,"operator":"Statkraft"}},{"type":"Feature","geometry":{"type":"Point","coordinates":[15.27439,64.54158]},"properties":{"namn":"Bergvattnet","typ":"hydro","spanning_kv":null,"volt_klass":0,"kapacitet_mw":null,"operator":null}},{"type":"Feature","geometry":{"type":"Point","coordinates":[15.34248,64.65072]},"properties":{"namn":"Dabbsjö","typ":"hydro","spanning_kv":null,"volt_klass":0,"kapacitet_mw":null,"operator":null}},{"type":"Feature","geometry":{"type":"Point","coordinates":[15.17024,61.18168]},"properties":{"namn":"Furudal","typ":"hydro","spanning_kv":null,"volt_klass":0,"kapacitet_mw":null,"operator":null}},{"type":"Feature","geometry":{"type":"Point","coordinates":[12.44392,63.251]},"properties":{"namn":"Handöl Nedre","typ":"hydro","spanning_kv":null,"volt_klass":0,"kapacitet_mw":null,"operator":null}},{"type":"Feature","geometry":{"type":"Point","coordinates":[12.95574,63.70002]},"properties":{"namn":"Juvelns kraftverk","typ":"hydro","spanning_kv":null,"volt_klass":0,"kapacitet_mw":null,"operator":null}},{"type":"Feature","geometry":{"type":"Point","coordinates":[13.07063,63.7704]},"properties":{"namn":"Torröns kraftverk","typ":"hydro","spanning_kv":null,"volt_klass":0,"kapacitet_mw":null,"operator":null}},{"type":"Feature","geometry":{"type":"Point","coordinates":[14.24239,63.34605]},"properties":{"namn":"Kraftverk Ullspinneriet","typ":"hydro","spanning_kv":null,"volt_klass":0,"kapacitet_mw":null,"operator":null}},{"type":"Feature","geometry":{"type":"Point","coordinates":[14.37639,63.5189]},"properties":{"namn":"Långforsen","typ":"hydro","spanning_kv":null,"volt_klass":0,"kapacitet_mw":null,"operator":null}},{"type":"Feature","geometry":{"type":"Point","coordinates":[13.83845,63.6462]},"properties":{"namn":"Rönnöfors","typ":"hydro","spanning_kv":null,"volt_klass":0,"kapacitet_mw":null,"operator":null}},{"type":"Feature","geometry":{"type":"Point","coordinates":[14.88262,63.36856]},"properties":{"namn":"Högfors","typ":"hydro","spanning_kv":null,"volt_klass":0,"kapacitet_mw":null,"operator":null}},{"type":"Feature","geometry":{"type":"Point","coordinates":[14.48404,63.90304]},"properties":{"namn":"Lövhöjden kraftverk","typ":"hydro","spanning_kv":null,"volt_klass":0,"kapacitet_mw":null,"operator":"Jämtkraft"}},{"type":"Feature","geometry":{"type":"Point","coordinates":[14.08375,63.96056]},"properties":{"namn":"Kvarnfallet","typ":"hydro","spanning_kv":null,"volt_klass":0,"kapacitet_mw":null,"operator":null}},{"type":"Feature","geometry":{"type":"Point","coordinates":[16.4289,62.57457]},"properties":{"namn":null,"typ":"hydro","spanning_kv":null,"volt_klass":0,"kapacitet_mw":null,"operator":null}},{"type":"Feature","geometry":{"type":"Point","coordinates":[16.01871,62.50099]},"properties":{"namn":"Ljunga kraftverk","typ":"hydro","spanning_kv":null,"volt_klass":0,"kapacitet_mw":null,"operator":null}},{"type":"Feature","geometry":{"type":"Point","coordinates":[15.84323,62.54196]},"properties":{"namn":"Hermansboda kraftstation","typ":"hydro","spanning_kv":null,"volt_klass":0,"kapacitet_mw":null,"operator":null}},{"type":"Feature","geometry":{"type":"Point","coordinates":[15.55915,62.48696]},"properties":{"namn":"Järnvägsforsens kraftverk","typ":"hydro","spanning_kv":null,"volt_klass":0,"kapacitet_mw":null,"operator":null}},{"type":"Feature","geometry":{"type":"Point","coordinates":[14.95096,62.43143]},"properties":{"namn":"Bursnäs kraftstation","typ":"hydro","spanning_kv":null,"volt_klass":0,"kapacitet_mw":null,"operator":null}},{"type":"Feature","geometry":{"type":"Point","coordinates":[13.72513,62.76323]},"properties":{"namn":"Flåsjö kraftverk","typ":"hydro","spanning_kv":null,"volt_klass":0,"kapacitet_mw":null,"operator":null}},{"type":"Feature","geometry":{"type":"Point","coordinates":[17.01246,61.23738]},"properties":{"namn":"Höljebro kraftverk","typ":"hydro","spanning_kv":null,"volt_klass":0,"kapacitet_mw":null,"operator":null}},{"type":"Feature","geometry":{"type":"Point","coordinates":[15.95883,61.33251]},"properties":{"namn":"Viksjöfors","typ":"hydro","spanning_kv":null,"volt_klass":0,"kapacitet_mw":null,"operator":null}},{"type":"Feature","geometry":{"type":"Point","coordinates":[15.75107,61.36592]},"properties":{"namn":"Bornforsen","typ":"hydro","spanning_kv":null,"volt_klass":0,"kapacitet_mw":null,"operator":null}},{"type":"Feature","geometry":{"type":"Point","coordinates":[15.82627,61.38099]},"properties":{"namn":"Österforsen","typ":"hydro","spanning_kv":null,"volt_klass":0,"kapacitet_mw":null,"operator":null}},{"type":"Feature","geometry":{"type":"Point","coordinates":[15.07029,61.55298]},"properties":{"namn":"Storhamrasjön","typ":"hydro","spanning_kv":null,"volt_klass":0,"kapacitet_mw":null,"operator":null}},{"type":"Feature","geometry":{"type":"Point","coordinates":[15.9847,61.88471]},"properties":{"namn":"Bäckebo","typ":"hydro","spanning_kv":null,"volt_klass":0,"kapacitet_mw":null,"operator":null}},{"type":"Feature","geometry":{"type":"Point","coordinates":[15.10944,62.07893]},"properties":{"namn":"Storåströmmens kraftverk","typ":"hydro","spanning_kv":null,"volt_klass":0,"kapacitet_mw":null,"operator":null}},{"type":"Feature","geometry":{"type":"Point","coordinates":[15.00413,62.11099]},"properties":{"namn":"Långströmmen","typ":"hydro","spanning_kv":null,"volt_klass":0,"kapacitet_mw":null,"operator":null}},{"type":"Feature","geometry":{"type":"Point","coordinates":[14.89891,62.04221]},"properties":{"namn":"Krokströmmen","typ":"hydro","spanning_kv":null,"volt_klass":0,"kapacitet_mw":null,"operator":null}},{"type":"Feature","geometry":{"type":"Point","coordinates":[14.49629,62.04179]},"properties":{"namn":"Byarforsen","typ":"hydro","spanning_kv":null,"volt_klass":0,"kapacitet_mw":null,"operator":null}},{"type":"Feature","geometry":{"type":"Point","coordinates":[14.28402,62.02721]},"properties":{"namn":"Svegs kraftverk","typ":"hydro","spanning_kv":null,"volt_klass":0,"kapacitet_mw":37.0,"operator":null}},{"type":"Feature","geometry":{"type":"Point","coordinates":[13.04222,57.33312]},"properties":{"namn":"Mölneby Kraftverk","typ":"hydro","spanning_kv":null,"volt_klass":0,"kapacitet_mw":0.2,"operator":"Mölneby Gård"}},{"type":"Feature","geometry":{"type":"Point","coordinates":[13.60175,62.03472]},"properties":{"namn":"Lofsåns Kraftverk","typ":"hydro","spanning_kv":null,"volt_klass":0,"kapacitet_mw":3.5,"operator":"Härjeåns Kraft AB"}},{"type":"Feature","geometry":{"type":"Point","coordinates":[13.50227,62.0393]},"properties":{"namn":"Lofssjöns Kraftverk","typ":"hydro","spanning_kv":null,"volt_klass":0,"kapacitet_mw":1.06,"operator":"Härjeåns Kraft AB"}},{"type":"Feature","geometry":{"type":"Point","coordinates":[17.33875,60.43906]},"properties":{"namn":"Untra","typ":"hydro","spanning_kv":null,"volt_klass":0,"kapacitet_mw":null,"operator":"Fortum"}},{"type":"Feature","geometry":{"type":"Point","coordinates":[14.86356,61.19956]},"properties":{"namn":"Skattungbyn","typ":"hydro","spanning_kv":null,"volt_klass":0,"kapacitet_mw":null,"operator":null}},{"type":"Feature","geometry":{"type":"Point","coordinates":[14.09217,61.17401]},"properties":{"namn":"Väsa kraftstation","typ":"hydro","spanning_kv":null,"volt_klass":0,"kapacitet_mw":null,"operator":null}},{"type":"Feature","geometry":{"type":"Point","coordinates":[14.12337,60.73778]},"properties":{"namn":"Gävunda kraftstation","typ":"hydro","spanning_kv":null,"volt_klass":0,"kapacitet_mw":null,"operator":null}},{"type":"Feature","geometry":{"type":"Point","coordinates":[14.11981,60.83155]},"properties":{"namn":"Johannisholm","typ":"hydro","spanning_kv":null,"volt_klass":0,"kapacitet_mw":null,"operator":null}},{"type":"Feature","geometry":{"type":"Point","coordinates":[14.1467,60.45075]},"properties":{"namn":"Hummelforsens kraftstation","typ":"hydro","spanning_kv":null,"volt_klass":0,"kapacitet_mw":null,"operator":null}},{"type":"Feature","geometry":{"type":"Point","coordinates":[13.15963,61.31332]},"properties":{"namn":"Horrmund","typ":"hydro","spanning_kv":null,"volt_klass":0,"kapacitet_mw":null,"operator":null}},{"type":"Feature","geometry":{"type":"Point","coordinates":[15.10003,60.35881]},"properties":{"namn":"Orrberget vindpark","typ":"wind","spanning_kv":null,"volt_klass":0,"kapacitet_mw":33.0,"operator":"OX2"}},{"type":"Feature","geometry":{"type":"Point","coordinates":[16.07959,60.5363]},"properties":{"namn":"Vindpark Riskebo","typ":"wind","spanning_kv":null,"volt_klass":0,"kapacitet_mw":39.2,"operator":null}},{"type":"Feature","geometry":{"type":"Point","coordinates":[14.91002,60.09838]},"properties":{"namn":"Vindpark Fjällberget","typ":"wind","spanning_kv":null,"volt_klass":0,"kapacitet_mw":null,"operator":null}},{"type":"Feature","geometry":{"type":"Point","coordinates":[14.9288,60.12495]},"properties":{"namn":"Vindpark Saxberget","typ":"wind","spanning_kv":null,"volt_klass":0,"kapacitet_mw":null,"operator":null}},{"type":"Feature","geometry":{"type":"Point","coordinates":[15.40175,60.16287]},"properties":{"namn":"Uvbergets vindpark","typ":"wind","spanning_kv":null,"volt_klass":0,"kapacitet_mw":null,"operator":null}},{"type":"Feature","geometry":{"type":"Point","coordinates":[14.78065,60.10866]},"properties":{"namn":"Paljakoberget","typ":"wind","spanning_kv":null,"volt_klass":0,"kapacitet_mw":null,"operator":null}},{"type":"Feature","geometry":{"type":"Point","coordinates":[15.39967,60.796]},"properties":{"namn":"Vindpark Högberget","typ":"wind","spanning_kv":null,"volt_klass":0,"kapacitet_mw":null,"operator":null}},{"type":"Feature","geometry":{"type":"Point","coordinates":[16.11008,60.08979]},"properties":{"namn":"Vindkraftpark Målarberget","typ":"wind","spanning_kv":null,"volt_klass":0,"kapacitet_mw":113.4,"operator":null}},{"type":"Feature","geometry":{"type":"Point","coordinates":[13.10741,56.49894]},"properties":{"namn":"Karsefors","typ":"hydro","spanning_kv":null,"volt_klass":0,"kapacitet_mw":31.4,"operator":null}},{"type":"Feature","geometry":{"type":"Point","coordinates":[13.18096,56.51932]},"properties":{"namn":"Skogaby","typ":"hydro","spanning_kv":null,"volt_klass":0,"kapacitet_mw":12.5,"operator":"Statkraft Sverige AB"}},{"type":"Feature","geometry":{"type":"Point","coordinates":[13.40067,56.51149]},"properties":{"namn":"Bassalt","typ":"hydro","spanning_kv":null,"volt_klass":0,"kapacitet_mw":8.0,"operator":null}},{"type":"Feature","geometry":{"type":"Point","coordinates":[13.45123,56.49931]},"properties":{"namn":"Majenfors gamla kraftverk","typ":"hydro","spanning_kv":null,"volt_klass":0,"kapacitet_mw":4.8,"operator":null}},{"type":"Feature","geometry":{"type":"Point","coordinates":[13.50871,56.49447]},"properties":{"namn":"Ångabäck kraftverk","typ":"hydro","spanning_kv":null,"volt_klass":0,"kapacitet_mw":7.0,"operator":null}},{"type":"Feature","geometry":{"type":"Point","coordinates":[13.71259,56.53834]},"properties":{"namn":"Kvarnaholm kraftverk","typ":"hydro","spanning_kv":null,"volt_klass":0,"kapacitet_mw":5.5,"operator":null}},{"type":"Feature","geometry":{"type":"Point","coordinates":[13.99836,56.91809]},"properties":{"namn":"Bro","typ":"hydro","spanning_kv":null,"volt_klass":0,"kapacitet_mw":null,"operator":null}},{"type":"Feature","geometry":{"type":"Point","coordinates":[14.01215,56.91374]},"properties":{"namn":"Åby","typ":"hydro","spanning_kv":null,"volt_klass":0,"kapacitet_mw":null,"operator":null}},{"type":"Feature","geometry":{"type":"Point","coordinates":[14.255,57.09713]},"properties":{"namn":"Värmeshult kraftstation","typ":"hydro","spanning_kv":null,"volt_klass":0,"kapacitet_mw":null,"operator":null}},{"type":"Feature","geometry":{"type":"Point","coordinates":[14.32902,57.0909]},"properties":{"namn":"Ivarsfors kraftstation","typ":"hydro","spanning_kv":null,"volt_klass":0,"kapacitet_mw":null,"operator":null}},{"type":"Feature","geometry":{"type":"Point","coordinates":[14.38699,57.27494]},"properties":{"namn":"Långö kraftverk","typ":"hydro","spanning_kv":null,"volt_klass":0,"kapacitet_mw":null,"operator":null}},{"type":"Feature","geometry":{"type":"Point","coordinates":[15.96907,60.86138]},"properties":{"namn":"Tavelbergets vindpark","typ":"wind","spanning_kv":null,"volt_klass":0,"kapacitet_mw":12.0,"operator":null}},{"type":"Feature","geometry":{"type":"Point","coordinates":[16.14163,60.87841]},"properties":{"namn":"Vindkraftpark Enviksberget","typ":"wind","spanning_kv":null,"volt_klass":0,"kapacitet_mw":36.9,"operator":null}},{"type":"Feature","geometry":{"type":"Point","coordinates":[16.01617,60.70153]},"properties":{"namn":"Trollberget vindkraft","typ":"wind","spanning_kv":null,"volt_klass":0,"kapacitet_mw":null,"operator":null}},{"type":"Feature","geometry":{"type":"Point","coordinates":[16.38599,60.80469]},"properties":{"namn":"Jädraås vindpark","typ":"wind","spanning_kv":null,"volt_klass":0,"kapacitet_mw":198.0,"operator":null}},{"type":"Feature","geometry":{"type":"Point","coordinates":[16.39495,60.74226]},"properties":{"namn":"Vindpark Mombyåsen","typ":"wind","spanning_kv":null,"volt_klass":0,"kapacitet_mw":33.0,"operator":null}},{"type":"Feature","geometry":{"type":"Point","coordinates":[16.58655,60.78342]},"properties":{"namn":"Vindkraftpark Vettåsen","typ":"wind","spanning_kv":null,"volt_klass":0,"kapacitet_mw":null,"operator":null}},{"type":"Feature","geometry":{"type":"Point","coordinates":[16.66234,60.81171]},"properties":{"namn":"Vindkraftpark Mårtensklack","typ":"wind","spanning_kv":null,"volt_klass":0,"kapacitet_mw":null,"operator":null}},{"type":"Feature","geometry":{"type":"Point","coordinates":[14.20414,60.24646]},"properties":{"namn":null,"typ":"wind","spanning_kv":null,"volt_klass":0,"kapacitet_mw":null,"operator":null}},{"type":"Feature","geometry":{"type":"Point","coordinates":[14.22103,60.27988]},"properties":{"namn":"Röbergsfjällets vindpark","typ":"wind","spanning_kv":null,"volt_klass":0,"kapacitet_mw":16.0,"operator":null}},{"type":"Feature","geometry":{"type":"Point","coordinates":[13.93834,60.3453]},"properties":{"namn":"Korpfjällets Vindpark","typ":"wind","spanning_kv":null,"volt_klass":0,"kapacitet_mw":null,"operator":null}},{"type":"Feature","geometry":{"type":"Point","coordinates":[19.80142,66.95903]},"properties":{"namn":"Porjus Kraftstation","typ":"hydro","spanning_kv":null,"volt_klass":0,"kapacitet_mw":480.6,"operator":"Vattenfall AB"}},{"type":"Feature","geometry":{"type":"Point","coordinates":[16.16091,60.82046]},"properties":{"namn":"Ånglarna Vindkraftpark","typ":"wind","spanning_kv":null,"volt_klass":0,"kapacitet_mw":null,"operator":"OX2"}},{"type":"Feature","geometry":{"type":"Point","coordinates":[21.65376,65.82884]},"properties":{"namn":"Boden energi","typ":null,"spanning_kv":null,"volt_klass":0,"kapacitet_mw":null,"operator":null}},{"type":"Feature","geometry":{"type":"Point","coordinates":[15.56359,60.47348]},"properties":{"namn":null,"typ":"biomass;oil","spanning_kv":null,"volt_klass":0,"kapacitet_mw":null,"operator":null}},{"type":"Feature","geometry":{"type":"Point","coordinates":[12.75965,57.03293]},"properties":{"namn":"Yngeredsfors kraftverk","typ":"hydro","spanning_kv":null,"volt_klass":0,"kapacitet_mw":18.8,"operator":null}},{"type":"Feature","geometry":{"type":"Point","coordinates":[12.80799,57.07689]},"properties":{"namn":"Bällforsen kraftstation","typ":"hydro","spanning_kv":null,"volt_klass":0,"kapacitet_mw":8.4,"operator":null}},{"type":"Feature","geometry":{"type":"Point","coordinates":[15.62958,58.43765]},"properties":{"namn":"Solcellsparken i Linköping","typ":"solar","spanning_kv":null,"volt_klass":0,"kapacitet_mw":12.0,"operator":"Alight"}},{"type":"Feature","geometry":{"type":"Point","coordinates":[16.29456,63.17783]},"properties":{"namn":null,"typ":"hydro","spanning_kv":null,"volt_klass":0,"kapacitet_mw":null,"operator":null}},{"type":"Feature","geometry":{"type":"Point","coordinates":[14.1327,56.10536]},"properties":{"namn":"Torsebro kraftverk","typ":"hydro","spanning_kv":null,"volt_klass":0,"kapacitet_mw":6.0,"operator":"Uniper Sverige AB"}},{"type":"Feature","geometry":{"type":"Point","coordinates":[13.43479,57.17414]},"properties":{"namn":"Ågården kraftstation","typ":"hydro","spanning_kv":null,"volt_klass":0,"kapacitet_mw":0.3,"operator":null}},{"type":"Feature","geometry":{"type":"Point","coordinates":[13.65203,60.66709]},"properties":{"namn":"Vindpark Byråsen","typ":"wind","spanning_kv":null,"volt_klass":0,"kapacitet_mw":3.0,"operator":"Dala Vind AB"}},{"type":"Feature","geometry":{"type":"Point","coordinates":[12.8956,59.92672]},"properties":{"namn":"Kymmens kraftverk","typ":"hydro","spanning_kv":null,"volt_klass":0,"kapacitet_mw":55.0,"operator":"Fortum"}},{"type":"Feature","geometry":{"type":"Point","coordinates":[17.7039,59.85476]},"properties":{"namn":"Vasakronan solcellspark","typ":"solar","spanning_kv":null,"volt_klass":0,"kapacitet_mw":4.4,"operator":"Vattenfall"}},{"type":"Feature","geometry":{"type":"Point","coordinates":[13.54143,58.45745]},"properties":{"namn":null,"typ":"solar","spanning_kv":null,"volt_klass":0,"kapacitet_mw":null,"operator":null}},{"type":"Feature","geometry":{"type":"Point","coordinates":[12.93048,55.58901]},"properties":{"namn":"Limhamns fjärrvärmecentral","typ":"oil","spanning_kv":null,"volt_klass":0,"kapacitet_mw":null,"operator":"E.ON Sverige AB"}},{"type":"Feature","geometry":{"type":"Point","coordinates":[17.02805,60.94062]},"properties":{"namn":null,"typ":"hydro","spanning_kv":null,"volt_klass":0,"kapacitet_mw":null,"operator":null}},{"type":"Feature","geometry":{"type":"Point","coordinates":[15.67828,62.51887]},"properties":{"namn":"Ånge värmeverk","typ":"biomass","spanning_kv":null,"volt_klass":0,"kapacitet_mw":null,"operator":"Ånge Energi AB"}},{"type":"Feature","geometry":{"type":"Point","coordinates":[18.337,63.2593]},"properties":{"namn":null,"typ":"hydro","spanning_kv":null,"volt_klass":0,"kapacitet_mw":null,"operator":null}},{"type":"Feature","geometry":{"type":"Point","coordinates":[13.85234,61.20857]},"properties":{"namn":"Vindpark Granberg","typ":"wind","spanning_kv":null,"volt_klass":0,"kapacitet_mw":10.0,"operator":"Granberg Vind AB"}},{"type":"Feature","geometry":{"type":"Point","coordinates":[14.60309,61.32109]},"properties":{"namn":"Mässingbergets vindpark","typ":"wind","spanning_kv":null,"volt_klass":0,"kapacitet_mw":22.0,"operator":null}},{"type":"Feature","geometry":{"type":"Point","coordinates":[13.2213,61.1527]},"properties":{"namn":"Lindvallens värmeverk","typ":"biomass","spanning_kv":null,"volt_klass":0,"kapacitet_mw":6.0,"operator":null}},{"type":"Feature","geometry":{"type":"Point","coordinates":[15.38507,61.17677]},"properties":{"namn":"Vindpark Hedbodberget","typ":"wind","spanning_kv":null,"volt_klass":0,"kapacitet_mw":30.0,"operator":null}},{"type":"Feature","geometry":{"type":"Point","coordinates":[16.51718,61.12151]},"properties":{"namn":"Tönsen vindpark","typ":"wind","spanning_kv":null,"volt_klass":0,"kapacitet_mw":116.0,"operator":"OX2"}},{"type":"Feature","geometry":{"type":"Point","coordinates":[16.57735,61.06627]},"properties":{"namn":"Vindpark Vackerdalsberget","typ":"wind","spanning_kv":null,"volt_klass":0,"kapacitet_mw":null,"operator":"Ownpower"}},{"type":"Feature","geometry":{"type":"Point","coordinates":[14.71375,61.48855]},"properties":{"namn":"Vässikoski","typ":"hydro","spanning_kv":null,"volt_klass":0,"kapacitet_mw":null,"operator":null}},{"type":"Feature","geometry":{"type":"Point","coordinates":[13.95218,58.56547]},"properties":{"namn":null,"typ":"solar","spanning_kv":null,"volt_klass":0,"kapacitet_mw":null,"operator":null}},{"type":"Feature","geometry":{"type":"Point","coordinates":[13.04465,55.63185]},"properties":{"namn":null,"typ":"waste","spanning_kv":null,"volt_klass":0,"kapacitet_mw":196.0,"operator":"SYSAV"}},{"type":"Feature","geometry":{"type":"Point","coordinates":[14.17844,56.02187]},"properties":{"namn":"Solpunkten","typ":"solar","spanning_kv":null,"volt_klass":0,"kapacitet_mw":4.0,"operator":"C4 Energi"}},{"type":"Feature","geometry":{"type":"Point","coordinates":[13.67521,55.61923]},"properties":{"namn":"Sparbanken Skånes Solcellspark","typ":"solar","spanning_kv":null,"volt_klass":0,"kapacitet_mw":5.8,"operator":null}},{"type":"Feature","geometry":{"type":"Point","coordinates":[13.62165,60.88792]},"properties":{"namn":"Kyrkberget","typ":"wind","spanning_kv":null,"volt_klass":0,"kapacitet_mw":23.0,"operator":"Jämtkraft"}},{"type":"Feature","geometry":{"type":"Point","coordinates":[14.1599,58.55983]},"properties":{"namn":"Vräkefors kraftverk","typ":"hydro","spanning_kv":null,"volt_klass":0,"kapacitet_mw":null,"operator":null}},{"type":"Feature","geometry":{"type":"Point","coordinates":[14.93155,59.93422]},"properties":{"namn":null,"typ":"hydro","spanning_kv":null,"volt_klass":0,"kapacitet_mw":null,"operator":null}},{"type":"Feature","geometry":{"type":"Point","coordinates":[16.17143,58.61172]},"properties":{"namn":"Ingelsta Hetvattencentral","typ":null,"spanning_kv":null,"volt_klass":0,"kapacitet_mw":null,"operator":null}},{"type":"Feature","geometry":{"type":"Point","coordinates":[18.74765,64.59519]},"properties":{"namn":null,"typ":null,"spanning_kv":null,"volt_klass":0,"kapacitet_mw":null,"operator":null}},{"type":"Feature","geometry":{"type":"Point","coordinates":[12.29062,57.15916]},"properties":{"namn":"Varberg Norra","typ":"solar","spanning_kv":null,"volt_klass":0,"kapacitet_mw":4.8,"operator":"Solgrid"}},{"type":"Feature","geometry":{"type":"Point","coordinates":[11.85758,58.30515]},"properties":{"namn":"Solevalla solcellspark","typ":"solar","spanning_kv":null,"volt_klass":0,"kapacitet_mw":0.25,"operator":"Uddevalla Energi"}},{"type":"Feature","geometry":{"type":"Point","coordinates":[16.18436,58.99877]},"properties":{"namn":"Kraftvärmeverket i Katrineholm","typ":"biomass","spanning_kv":null,"volt_klass":0,"kapacitet_mw":10.0,"operator":"Tekniska verken"}},{"type":"Feature","geometry":{"type":"Point","coordinates":[16.20654,59.00921]},"properties":{"namn":"ETC Solpark","typ":"solar","spanning_kv":null,"volt_klass":0,"kapacitet_mw":4.0,"operator":"ETC Sol"}},{"type":"Feature","geometry":{"type":"Point","coordinates":[15.62512,58.4202]},"properties":{"namn":"Kraftvärmeverket i Linköping","typ":"biomass;tyres;oil","spanning_kv":null,"volt_klass":0,"kapacitet_mw":65.0,"operator":"Tekniska Verken"}},{"type":"Feature","geometry":{"type":"Point","coordinates":[12.70045,56.03413]},"properties":{"namn":null,"typ":"oil;biogas","spanning_kv":null,"volt_klass":0,"kapacitet_mw":null,"operator":"Öresundskraft"}},{"type":"Feature","geometry":{"type":"Point","coordinates":[13.58325,58.37503]},"properties":{"namn":null,"typ":"solar","spanning_kv":null,"volt_klass":0,"kapacitet_mw":null,"operator":null}},{"type":"Feature","geometry":{"type":"Point","coordinates":[20.33531,64.7914]},"properties":{"namn":"Finnforsfallet","typ":"hydro","spanning_kv":null,"volt_klass":0,"kapacitet_mw":42.0,"operator":"Skellefteå Kraft"}},{"type":"Feature","geometry":{"type":"Point","coordinates":[12.78857,55.51137]},"properties":{"namn":null,"typ":"wind","spanning_kv":null,"volt_klass":0,"kapacitet_mw":null,"operator":null}},{"type":"Feature","geometry":{"type":"Point","coordinates":[18.98448,57.43044]},"properties":{"namn":null,"typ":"solar","spanning_kv":null,"volt_klass":0,"kapacitet_mw":null,"operator":null}},{"type":"Feature","geometry":{"type":"Point","coordinates":[16.33004,56.75614]},"properties":{"namn":"Norrstävle Gårds solpark","typ":"solar","spanning_kv":null,"volt_klass":0,"kapacitet_mw":0.25,"operator":null}},{"type":"Feature","geometry":{"type":"Point","coordinates":[15.09511,60.55278]},"properties":{"namn":"Bygdens solhage","typ":"solar","spanning_kv":null,"volt_klass":0,"kapacitet_mw":null,"operator":"Dala Energi"}},{"type":"Feature","geometry":{"type":"Point","coordinates":[17.25044,59.4077]},"properties":{"namn":null,"typ":"solar","spanning_kv":null,"volt_klass":0,"kapacitet_mw":0.25,"operator":null}},{"type":"Feature","geometry":{"type":"Point","coordinates":[18.3859,64.50387]},"properties":{"namn":null,"typ":"hydro","spanning_kv":null,"volt_klass":0,"kapacitet_mw":null,"operator":"Skellefteå Kraft"}},{"type":"Feature","geometry":{"type":"Point","coordinates":[15.18945,59.58935]},"properties":{"namn":"Solhagen i Torphyttan","typ":"solar","spanning_kv":null,"volt_klass":0,"kapacitet_mw":0.45,"operator":"Linde energi"}},{"type":"Feature","geometry":{"type":"Point","coordinates":[12.20374,57.32886]},"properties":{"namn":"Frillesås solpark","typ":"solar","spanning_kv":null,"volt_klass":0,"kapacitet_mw":1.2,"operator":"Frillesås solpark AB"}},{"type":"Feature","geometry":{"type":"Point","coordinates":[12.80253,56.80203]},"properties":{"namn":"Susegårdens Solpark","typ":"solar","spanning_kv":null,"volt_klass":0,"kapacitet_mw":1.5,"operator":"E.ON"}},{"type":"Feature","geometry":{"type":"Point","coordinates":[12.97312,55.86281]},"properties":{"namn":null,"typ":"solar","spanning_kv":null,"volt_klass":0,"kapacitet_mw":1.6,"operator":"E.ON"}},{"type":"Feature","geometry":{"type":"Point","coordinates":[12.26869,58.32024]},"properties":{"namn":"NÄLs solpark","typ":"solar","spanning_kv":null,"volt_klass":0,"kapacitet_mw":1.63,"operator":null}},{"type":"Feature","geometry":{"type":"Point","coordinates":[12.89126,55.85788]},"properties":{"namn":null,"typ":"solar","spanning_kv":null,"volt_klass":0,"kapacitet_mw":null,"operator":"IT-Gården"}},{"type":"Feature","geometry":{"type":"Point","coordinates":[12.38263,57.03313]},"properties":{"namn":"Solsidan","typ":"solar","spanning_kv":null,"volt_klass":0,"kapacitet_mw":2.7,"operator":"Varberg Energi;Coop Varberg"}},{"type":"Feature","geometry":{"type":"Point","coordinates":[16.36824,61.46512]},"properties":{"namn":"Arbrå värmeverk","typ":null,"spanning_kv":null,"volt_klass":0,"kapacitet_mw":null,"operator":null}},{"type":"Feature","geometry":{"type":"Point","coordinates":[16.56355,61.23686]},"properties":{"namn":"Kilafors Värmeverk","typ":null,"spanning_kv":null,"volt_klass":0,"kapacitet_mw":null,"operator":null}},{"type":"Feature","geometry":{"type":"Point","coordinates":[16.61406,61.36237]},"properties":{"namn":"Rengsjö värmeverk","typ":null,"spanning_kv":null,"volt_klass":0,"kapacitet_mw":null,"operator":null}},{"type":"Feature","geometry":{"type":"Point","coordinates":[14.14784,56.04004]},"properties":{"namn":"Allöverket","typ":"biomass","spanning_kv":null,"volt_klass":0,"kapacitet_mw":null,"operator":null}},{"type":"Feature","geometry":{"type":"Point","coordinates":[13.15032,56.10716]},"properties":{"namn":"Forsby solpark","typ":"solar","spanning_kv":null,"volt_klass":0,"kapacitet_mw":3.0,"operator":"Kraftringen"}},{"type":"Feature","geometry":{"type":"Point","coordinates":[14.83668,56.86742]},"properties":{"namn":"Sandviksverket","typ":"geothermal","spanning_kv":null,"volt_klass":0,"kapacitet_mw":70.0,"operator":null}},{"type":"Feature","geometry":{"type":"Point","coordinates":[13.60965,55.49615]},"properties":{"namn":null,"typ":"solar","spanning_kv":null,"volt_klass":0,"kapacitet_mw":null,"operator":null}},{"type":"Feature","geometry":{"type":"Point","coordinates":[14.9952,57.65969]},"properties":{"namn":"Eksjö kraftverk","typ":"waste;biomass;oil","spanning_kv":null,"volt_klass":0,"kapacitet_mw":55.0,"operator":"Eksjö Energi"}},{"type":"Feature","geometry":{"type":"Point","coordinates":[17.07753,59.6282]},"properties":{"namn":"Ena Energi","typ":null,"spanning_kv":null,"volt_klass":0,"kapacitet_mw":null,"operator":null}},{"type":"Feature","geometry":{"type":"Point","coordinates":[15.80662,58.69878]},"properties":{"namn":"Finspångs värmeverk","typ":"waste;biomass;oil","spanning_kv":null,"volt_klass":0,"kapacitet_mw":null,"operator":"Finspångs tekniska"}},{"type":"Feature","geometry":{"type":"Point","coordinates":[17.97239,62.63887]},"properties":{"namn":null,"typ":"solar","spanning_kv":null,"volt_klass":0,"kapacitet_mw":null,"operator":null}},{"type":"Feature","geometry":{"type":"Point","coordinates":[18.11771,64.03466]},"properties":{"namn":null,"typ":"wind","spanning_kv":null,"volt_klass":0,"kapacitet_mw":null,"operator":null}},{"type":"Feature","geometry":{"type":"Point","coordinates":[18.07035,64.09072]},"properties":{"namn":null,"typ":"wind","spanning_kv":null,"volt_klass":0,"kapacitet_mw":null,"operator":null}},{"type":"Feature","geometry":{"type":"Point","coordinates":[16.72359,61.95734]},"properties":{"namn":"Strömbacka Kraftverk","typ":"hydro","spanning_kv":null,"volt_klass":0,"kapacitet_mw":null,"operator":"Streamgate North AB"}},{"type":"Feature","geometry":{"type":"Point","coordinates":[16.37692,62.5086]},"properties":{"namn":null,"typ":"hydro","spanning_kv":null,"volt_klass":0,"kapacitet_mw":null,"operator":null}},{"type":"Feature","geometry":{"type":"Point","coordinates":[15.95481,60.04314]},"properties":{"namn":null,"typ":"solar","spanning_kv":null,"volt_klass":0,"kapacitet_mw":null,"operator":null}},{"type":"Feature","geometry":{"type":"Point","coordinates":[13.08354,56.40199]},"properties":{"namn":"Kärramölla kraftstation","typ":"hydro","spanning_kv":null,"volt_klass":0,"kapacitet_mw":null,"operator":null}},{"type":"Feature","geometry":{"type":"Point","coordinates":[12.62682,59.08665]},"properties":{"namn":null,"typ":"hydro","spanning_kv":null,"volt_klass":0,"kapacitet_mw":null,"operator":null}},{"type":"Feature","geometry":{"type":"Point","coordinates":[13.13585,57.43541]},"properties":{"namn":"Assmebro kraftverk","typ":"hydro","spanning_kv":null,"volt_klass":0,"kapacitet_mw":null,"operator":null}},{"type":"Feature","geometry":{"type":"Point","coordinates":[12.53715,58.99561]},"properties":{"namn":"Käppesjöns kraftverk","typ":"hydro","spanning_kv":null,"volt_klass":0,"kapacitet_mw":0.07,"operator":null}},{"type":"Feature","geometry":{"type":"Point","coordinates":[12.61257,57.46773]},"properties":{"namn":"Hulta kraftstation","typ":"hydro","spanning_kv":null,"volt_klass":0,"kapacitet_mw":2.57,"operator":null}},{"type":"Feature","geometry":{"type":"Point","coordinates":[13.09848,57.44032]},"properties":{"namn":"Axelfors vattenkraftverk","typ":"hydro","spanning_kv":null,"volt_klass":0,"kapacitet_mw":2.57,"operator":null}},{"type":"Feature","geometry":{"type":"Point","coordinates":[12.68309,56.84671]},"properties":{"namn":"Berte Qvarn","typ":"hydro","spanning_kv":null,"volt_klass":0,"kapacitet_mw":0.15,"operator":"Bete Qvarn AB"}},{"type":"Feature","geometry":{"type":"Point","coordinates":[12.60875,56.86799]},"properties":{"namn":"Bobergs kraftstation","typ":"hydro","spanning_kv":null,"volt_klass":0,"kapacitet_mw":0.28,"operator":null}},{"type":"Feature","geometry":{"type":"Point","coordinates":[12.81196,57.19988]},"properties":{"namn":"Lia kraftverk","typ":"hydro","spanning_kv":null,"volt_klass":0,"kapacitet_mw":null,"operator":null}},{"type":"Feature","geometry":{"type":"Point","coordinates":[12.86859,57.09384]},"properties":{"namn":"Skogsforsens kraftverk","typ":"hydro","spanning_kv":null,"volt_klass":0,"kapacitet_mw":9.3,"operator":"Sydkraft Hydropower AB"}},{"type":"Feature","geometry":{"type":"Point","coordinates":[13.11275,57.50934]},"properties":{"namn":"Ljungafors kraftstation","typ":"hydro","spanning_kv":null,"volt_klass":0,"kapacitet_mw":null,"operator":null}},{"type":"Feature","geometry":{"type":"Point","coordinates":[13.43194,57.84905]},"properties":{"namn":null,"typ":"hydro","spanning_kv":null,"volt_klass":0,"kapacitet_mw":null,"operator":null}},{"type":"Feature","geometry":{"type":"Point","coordinates":[13.43567,57.88531]},"properties":{"namn":null,"typ":"hydro","spanning_kv":null,"volt_klass":0,"kapacitet_mw":null,"operator":null}},{"type":"Feature","geometry":{"type":"Point","coordinates":[13.46052,57.89518]},"properties":{"namn":null,"typ":"hydro","spanning_kv":null,"volt_klass":0,"kapacitet_mw":null,"operator":null}},{"type":"Feature","geometry":{"type":"Point","coordinates":[12.88876,57.65134]},"properties":{"namn":"Rydboholms kraftverk","typ":"hydro","spanning_kv":null,"volt_klass":0,"kapacitet_mw":null,"operator":null}},{"type":"Feature","geometry":{"type":"Point","coordinates":[11.94918,58.34607]},"properties":{"namn":"Sankt Anna kraftverk","typ":"hydro","spanning_kv":null,"volt_klass":0,"kapacitet_mw":null,"operator":"Uddevalla Energi"}},{"type":"Feature","geometry":{"type":"Point","coordinates":[12.4972,57.63184]},"properties":{"namn":"Apelnäs kraftverk","typ":"hydro","spanning_kv":null,"volt_klass":0,"kapacitet_mw":null,"operator":null}},{"type":"Feature","geometry":{"type":"Point","coordinates":[12.46897,57.60769]},"properties":{"namn":"Bosgårdens kraftverk","typ":"hydro","spanning_kv":null,"volt_klass":0,"kapacitet_mw":null,"operator":null}},{"type":"Feature","geometry":{"type":"Point","coordinates":[12.35604,57.69215]},"properties":{"namn":null,"typ":"hydro","spanning_kv":null,"volt_klass":0,"kapacitet_mw":null,"operator":null}},{"type":"Feature","geometry":{"type":"Point","coordinates":[12.09755,58.09229]},"properties":{"namn":"Röds kraftverk","typ":"hydro","spanning_kv":null,"volt_klass":0,"kapacitet_mw":null,"operator":null}},{"type":"Feature","geometry":{"type":"Point","coordinates":[11.66609,58.50562]},"properties":{"namn":"Torps kraftverk","typ":"hydro","spanning_kv":null,"volt_klass":0,"kapacitet_mw":null,"operator":null}},{"type":"Feature","geometry":{"type":"Point","coordinates":[11.69033,58.47757]},"properties":{"namn":"Munkedal vattenkraftverk","typ":"hydro","spanning_kv":null,"volt_klass":0,"kapacitet_mw":null,"operator":null}},{"type":"Feature","geometry":{"type":"Point","coordinates":[12.72343,56.84029]},"properties":{"namn":"Mostorp mölla","typ":"hydro","spanning_kv":null,"volt_klass":0,"kapacitet_mw":null,"operator":null}},{"type":"Feature","geometry":{"type":"Point","coordinates":[13.45486,56.49705]},"properties":{"namn":"Majenfors ny kraftverk","typ":"hydro","spanning_kv":null,"volt_klass":0,"kapacitet_mw":5.7,"operator":null}},{"type":"Feature","geometry":{"type":"Point","coordinates":[12.97038,56.79422]},"properties":{"namn":"Oskarström nedre kraftstation","typ":"hydro","spanning_kv":null,"volt_klass":0,"kapacitet_mw":0.8,"operator":null}},{"type":"Feature","geometry":{"type":"Point","coordinates":[12.97444,56.80837]},"properties":{"namn":"Maredsfors kraftstation","typ":"hydro","spanning_kv":null,"volt_klass":0,"kapacitet_mw":4.2,"operator":null}},{"type":"Feature","geometry":{"type":"Point","coordinates":[12.97565,56.80583]},"properties":{"namn":"Oskarström övre kraftstation","typ":"hydro","spanning_kv":null,"volt_klass":0,"kapacitet_mw":1.1,"operator":null}},{"type":"Feature","geometry":{"type":"Point","coordinates":[13.00818,56.8421]},"properties":{"namn":"Nissaström kraftstation","typ":"hydro","spanning_kv":null,"volt_klass":0,"kapacitet_mw":10.6,"operator":"Statkraft Sverige AB"}},{"type":"Feature","geometry":{"type":"Point","coordinates":[13.26208,57.00172]},"properties":{"namn":"Hyltebruks kraftstation","typ":"hydro","spanning_kv":null,"volt_klass":0,"kapacitet_mw":26.0,"operator":null}},{"type":"Feature","geometry":{"type":"Point","coordinates":[12.65718,56.97559]},"properties":{"namn":"Vessige kraftstation","typ":"hydro","spanning_kv":null,"volt_klass":0,"kapacitet_mw":1.9,"operator":"Vessige Vattenkraft AB"}},{"type":"Feature","geometry":{"type":"Point","coordinates":[13.03432,56.70437]},"properties":{"namn":"Kraftstationen Marbäck","typ":"hydro","spanning_kv":null,"volt_klass":0,"kapacitet_mw":0.35,"operator":"Sperlingsholms gods AB"}},{"type":"Feature","geometry":{"type":"Point","coordinates":[12.76258,56.87763]},"properties":{"namn":"Sembs mölla","typ":"hydro","spanning_kv":null,"volt_klass":0,"kapacitet_mw":0.2,"operator":null}},{"type":"Feature","geometry":{"type":"Point","coordinates":[13.10978,57.0381]},"properties":{"namn":"Kinnareds kraftstation","typ":"hydro","spanning_kv":null,"volt_klass":0,"kapacitet_mw":0.07,"operator":null}},{"type":"Feature","geometry":{"type":"Point","coordinates":[13.09716,56.95631]},"properties":{"namn":"Gustavsberg kraftstation","typ":"hydro","spanning_kv":null,"volt_klass":0,"kapacitet_mw":1.0,"operator":null}},{"type":"Feature","geometry":{"type":"Point","coordinates":[13.16494,56.97739]},"properties":{"namn":"Hylte vattenkraftverk","typ":"hydro","spanning_kv":null,"volt_klass":0,"kapacitet_mw":26.0,"operator":"Statkraft Sverige AB"}},{"type":"Feature","geometry":{"type":"Point","coordinates":[13.3668,57.49422]},"properties":{"namn":"Björsdamms kraftstation","typ":"hydro","spanning_kv":null,"volt_klass":0,"kapacitet_mw":null,"operator":null}},{"type":"Feature","geometry":{"type":"Point","coordinates":[13.14491,57.44838]},"properties":{"namn":"Assmebro Kraftstation","typ":"hydro","spanning_kv":null,"volt_klass":0,"kapacitet_mw":null,"operator":null}},{"type":"Feature","geometry":{"type":"Point","coordinates":[12.70479,58.00873]},"properties":{"namn":"Lagmansholms kraftverk","typ":"hydro","spanning_kv":null,"volt_klass":0,"kapacitet_mw":null,"operator":null}},{"type":"Feature","geometry":{"type":"Point","coordinates":[12.52144,56.90117]},"properties":{"namn":"Hertings 2 kraftstation","typ":"hydro","spanning_kv":null,"volt_klass":0,"kapacitet_mw":3.3,"operator":null}},{"type":"Feature","geometry":{"type":"Point","coordinates":[16.47216,61.96636]},"properties":{"namn":null,"typ":"hydro","spanning_kv":null,"volt_klass":0,"kapacitet_mw":null,"operator":null}},{"type":"Feature","geometry":{"type":"Point","coordinates":[13.34377,57.26028]},"properties":{"namn":null,"typ":"hydro","spanning_kv":null,"volt_klass":0,"kapacitet_mw":null,"operator":null}},{"type":"Feature","geometry":{"type":"Point","coordinates":[12.90179,56.24716]},"properties":{"namn":"Åkerslundsverket","typ":null,"spanning_kv":null,"volt_klass":0,"kapacitet_mw":null,"operator":null}},{"type":"Feature","geometry":{"type":"Point","coordinates":[12.32077,57.79421]},"properties":{"namn":"Hillefors kraftverk","typ":"hydro","spanning_kv":null,"volt_klass":0,"kapacitet_mw":0.16,"operator":"Erum Energi"}},{"type":"Feature","geometry":{"type":"Point","coordinates":[15.02329,58.02434]},"properties":{"namn":"Bredstorp Solcellspark","typ":"solar","spanning_kv":null,"volt_klass":0,"kapacitet_mw":null,"operator":"Tranås Energi AB"}},{"type":"Feature","geometry":{"type":"Point","coordinates":[13.37384,56.97628]},"properties":{"namn":null,"typ":"hydro","spanning_kv":null,"volt_klass":0,"kapacitet_mw":null,"operator":null}},{"type":"Feature","geometry":{"type":"Point","coordinates":[15.1722,60.01678]},"properties":{"namn":"Vindpark Älgkullen","typ":"wind","spanning_kv":null,"volt_klass":0,"kapacitet_mw":null,"operator":"SR Energy"}},{"type":"Feature","geometry":{"type":"Point","coordinates":[12.29858,57.78101]},"properties":{"namn":"Hedefors kraftverk","typ":"hydro","spanning_kv":null,"volt_klass":0,"kapacitet_mw":3.1,"operator":"Lerum Energy"}},{"type":"Feature","geometry":{"type":"Point","coordinates":[17.03919,59.35182]},"properties":{"namn":null,"typ":"biomass","spanning_kv":null,"volt_klass":0,"kapacitet_mw":null,"operator":"Solör Bioenergi Strängnäs AB"}},{"type":"Feature","geometry":{"type":"Point","coordinates":[13.25333,59.52941]},"properties":{"namn":"Frykfors kraftverk","typ":"hydro","spanning_kv":null,"volt_klass":0,"kapacitet_mw":4.7,"operator":"Fortum"}},{"type":"Feature","geometry":{"type":"Point","coordinates":[12.60769,59.08091]},"properties":{"namn":"Hanefors kraftstation","typ":"hydro","spanning_kv":null,"volt_klass":0,"kapacitet_mw":1.5,"operator":"Forsbacka Kraft AB"}},{"type":"Feature","geometry":{"type":"Point","coordinates":[13.85016,58.66419]},"properties":{"namn":"Ullervads kraftstation","typ":"hydro","spanning_kv":null,"volt_klass":0,"kapacitet_mw":null,"operator":null}},{"type":"Feature","geometry":{"type":"Point","coordinates":[12.36264,57.80911]},"properties":{"namn":"Floda kraftverk","typ":"hydro","spanning_kv":null,"volt_klass":0,"kapacitet_mw":0.36,"operator":"Lerum Energi"}},{"type":"Feature","geometry":{"type":"Point","coordinates":[11.9025,59.31742]},"properties":{"namn":"Lennartsfors kraftstation","typ":"hydro","spanning_kv":null,"volt_klass":0,"kapacitet_mw":null,"operator":null}},{"type":"Feature","geometry":{"type":"Point","coordinates":[12.68753,59.31132]},"properties":{"namn":"Torp kraftstation","typ":"hydro","spanning_kv":null,"volt_klass":0,"kapacitet_mw":null,"operator":null}},{"type":"Feature","geometry":{"type":"Point","coordinates":[12.72998,59.32258]},"properties":{"namn":"Blixbol kraftstation","typ":"hydro","spanning_kv":null,"volt_klass":0,"kapacitet_mw":null,"operator":null}},{"type":"Feature","geometry":{"type":"Point","coordinates":[13.63268,60.03447]},"properties":{"namn":"Stjern kraftverk","typ":"hydro","spanning_kv":null,"volt_klass":0,"kapacitet_mw":1.9,"operator":"Fortum"}},{"type":"Feature","geometry":{"type":"Point","coordinates":[13.78976,60.15191]},"properties":{"namn":"Knons kraftverk","typ":"hydro","spanning_kv":null,"volt_klass":0,"kapacitet_mw":6.0,"operator":"Fortum"}},{"type":"Feature","geometry":{"type":"Point","coordinates":[12.78662,60.74614]},"properties":{"namn":"Lettens kraftverk","typ":"hydro","spanning_kv":null,"volt_klass":0,"kapacitet_mw":36.0,"operator":"Fortum"}},{"type":"Feature","geometry":{"type":"Point","coordinates":[13.49945,59.5261]},"properties":{"namn":"Forshaga kraftverk","typ":"hydro","spanning_kv":null,"volt_klass":0,"kapacitet_mw":6.6,"operator":"Fortum"}},{"type":"Feature","geometry":{"type":"Point","coordinates":[12.91501,60.82617]},"properties":{"namn":"Eggsjöns kraftverk","typ":"hydro","spanning_kv":null,"volt_klass":0,"kapacitet_mw":0.6,"operator":"Fortum"}},{"type":"Feature","geometry":{"type":"Point","coordinates":[12.86027,60.77159]},"properties":{"namn":"Tåsans kraftverk","typ":"hydro","spanning_kv":null,"volt_klass":0,"kapacitet_mw":10.0,"operator":"Fortum"}},{"type":"Feature","geometry":{"type":"Point","coordinates":[17.33225,62.47459]},"properties":{"namn":"SCA Östrand kraftverk","typ":"biomass","spanning_kv":null,"volt_klass":0,"kapacitet_mw":null,"operator":null}},{"type":"Feature","geometry":{"type":"Point","coordinates":[12.17254,57.22335]},"properties":{"namn":"Södra Cell Värö kraftverk","typ":"biomass","spanning_kv":null,"volt_klass":0,"kapacitet_mw":null,"operator":null}},{"type":"Feature","geometry":{"type":"Point","coordinates":[19.89976,66.81068]},"properties":{"namn":"Ligga kraftverk","typ":"hydro","spanning_kv":null,"volt_klass":0,"kapacitet_mw":326.75,"operator":"Vattenfall"}},{"type":"Feature","geometry":{"type":"Point","coordinates":[17.097,61.63832]},"properties":{"namn":"Holmen Timber Iggesunds Sågverk Power Station","typ":"biomass","spanning_kv":null,"volt_klass":0,"kapacitet_mw":null,"operator":null}},{"type":"Feature","geometry":{"type":"Point","coordinates":[15.60221,61.71609]},"properties":{"namn":"Högkölens vindpark","typ":"wind","spanning_kv":null,"volt_klass":0,"kapacitet_mw":68.4,"operator":null}},{"type":"Feature","geometry":{"type":"Point","coordinates":[14.3073,61.92223]},"properties":{"namn":"Brickan (Svegström)","typ":"wind","spanning_kv":null,"volt_klass":0,"kapacitet_mw":2.0,"operator":null}},{"type":"Feature","geometry":{"type":"Point","coordinates":[18.48453,64.20764]},"properties":{"namn":"Fäbodberget","typ":"wind","spanning_kv":null,"volt_klass":0,"kapacitet_mw":null,"operator":"Vattenfall Vindkraft Sverige AB"}},{"type":"Feature","geometry":{"type":"Point","coordinates":[18.37815,64.22865]},"properties":{"namn":"Stor-Rotliden","typ":"wind","spanning_kv":null,"volt_klass":0,"kapacitet_mw":null,"operator":"Vattenfall Vindkraft Sverige AB"}},{"type":"Feature","geometry":{"type":"Point","coordinates":[20.52568,65.44526]},"properties":{"namn":"Dragaliden","typ":"wind","spanning_kv":null,"volt_klass":0,"kapacitet_mw":null,"operator":null}},{"type":"Feature","geometry":{"type":"Point","coordinates":[20.75327,65.35412]},"properties":{"namn":null,"typ":"wind","spanning_kv":null,"volt_klass":0,"kapacitet_mw":null,"operator":null}},{"type":"Feature","geometry":{"type":"Point","coordinates":[15.60621,56.23913]},"properties":{"namn":"Bubbetorps fjärrvärmeverk","typ":null,"spanning_kv":null,"volt_klass":0,"kapacitet_mw":null,"operator":"Affärsverken Karlskrona AB"}},{"type":"Feature","geometry":{"type":"Point","coordinates":[15.85065,56.19524]},"properties":{"namn":"Jämjö panncentral","typ":"biomass","spanning_kv":null,"volt_klass":0,"kapacitet_mw":null,"operator":"Affärsverken Karlskrona AB"}},{"type":"Feature","geometry":{"type":"Point","coordinates":[15.62494,56.19673]},"properties":{"namn":"Gullberna värmeverk","typ":null,"spanning_kv":null,"volt_klass":0,"kapacitet_mw":null,"operator":"Affärsverken Karlskrona AB"}},{"type":"Feature","geometry":{"type":"Point","coordinates":[14.57457,57.00667]},"properties":{"namn":"Moheda värmeverk","typ":"biomass","spanning_kv":null,"volt_klass":0,"kapacitet_mw":null,"operator":"Alvesta Energi"}},{"type":"Feature","geometry":{"type":"Point","coordinates":[15.41158,60.47745]},"properties":{"namn":"Bäckelund","typ":"waste","spanning_kv":null,"volt_klass":0,"kapacitet_mw":null,"operator":"Borlänge Energi"}},{"type":"Feature","geometry":{"type":"Point","coordinates":[16.31504,60.59158]},"properties":{"namn":"Kaptensberget","typ":"wind","spanning_kv":null,"volt_klass":0,"kapacitet_mw":null,"operator":null}},{"type":"Feature","geometry":{"type":"Point","coordinates":[16.4946,59.38052]},"properties":{"namn":null,"typ":null,"spanning_kv":null,"volt_klass":0,"kapacitet_mw":null,"operator":null}},{"type":"Feature","geometry":{"type":"Point","coordinates":[13.57359,58.1845]},"properties":{"namn":null,"typ":null,"spanning_kv":null,"volt_klass":0,"kapacitet_mw":null,"operator":"Falbygdens Energi AB"}},{"type":"Feature","geometry":{"type":"Point","coordinates":[13.577,57.29088]},"properties":{"namn":"Mossarps värmeverk","typ":null,"spanning_kv":null,"volt_klass":0,"kapacitet_mw":null,"operator":"Gislaved Energi"}},{"type":"Feature","geometry":{"type":"Point","coordinates":[20.64621,67.14851]},"properties":{"namn":"Gällivare hetvattencentral","typ":null,"spanning_kv":null,"volt_klass":0,"kapacitet_mw":null,"operator":"Gällivare energi"}},{"type":"Feature","geometry":{"type":"Point","coordinates":[20.41061,63.86852]},"properties":{"namn":"Dåva Kraftvärmeverk","typ":null,"spanning_kv":null,"volt_klass":0,"kapacitet_mw":null,"operator":null}},{"type":"Feature","geometry":{"type":"Point","coordinates":[21.04437,64.74495]},"properties":{"namn":"Hedensbyns värmeverk","typ":null,"spanning_kv":null,"volt_klass":0,"kapacitet_mw":null,"operator":null}},{"type":"Feature","geometry":{"type":"Point","coordinates":[12.15196,62.93026]},"properties":{"namn":"Sylsjø kraftverk","typ":"hydro","spanning_kv":null,"volt_klass":0,"kapacitet_mw":3.3,"operator":"Statkraft"}},{"type":"Feature","geometry":{"type":"Point","coordinates":[12.86144,56.65538]},"properties":{"namn":"Oceanen","typ":null,"spanning_kv":null,"volt_klass":0,"kapacitet_mw":null,"operator":null}},{"type":"Feature","geometry":{"type":"Point","coordinates":[14.33893,62.03601]},"properties":{"namn":"Svegs kraftvärmeverk","typ":null,"spanning_kv":null,"volt_klass":0,"kapacitet_mw":null,"operator":null}},{"type":"Feature","geometry":{"type":"Point","coordinates":[16.01622,57.17617]},"properties":{"namn":"Högsby värmeverk","typ":null,"spanning_kv":null,"volt_klass":0,"kapacitet_mw":null,"operator":"Högsby energi"}},{"type":"Feature","geometry":{"type":"Point","coordinates":[14.65263,63.20644]},"properties":{"namn":"Lugnviksverket","typ":"biomass","spanning_kv":null,"volt_klass":0,"kapacitet_mw":null,"operator":"Jämtkraft"}},{"type":"Feature","geometry":{"type":"Point","coordinates":[14.14991,57.6968]},"properties":{"namn":"Kraftvärmeverket Torsvik","typ":null,"spanning_kv":null,"volt_klass":0,"kapacitet_mw":null,"operator":"Jönköping Energi AB"}},{"type":"Feature","geometry":{"type":"Point","coordinates":[16.18176,56.69099]},"properties":{"namn":"Moskogen kraftvärmeverk","typ":null,"spanning_kv":null,"volt_klass":0,"kapacitet_mw":null,"operator":null}},{"type":"Feature","geometry":{"type":"Point","coordinates":[14.54376,59.34444]},"properties":{"namn":"Karlskoga värmeverk","typ":"waste","spanning_kv":null,"volt_klass":0,"kapacitet_mw":null,"operator":null}},{"type":"Feature","geometry":{"type":"Point","coordinates":[13.82623,58.7017]},"properties":{"namn":"Mariestads kraftverk","typ":null,"spanning_kv":null,"volt_klass":0,"kapacitet_mw":null,"operator":null}},{"type":"Feature","geometry":{"type":"Point","coordinates":[12.85005,55.86575]},"properties":{"namn":"Energiknuten","typ":null,"spanning_kv":null,"volt_klass":0,"kapacitet_mw":null,"operator":"Landskrona Energi"}},{"type":"Feature","geometry":{"type":"Point","coordinates":[13.15796,58.5105]},"properties":{"namn":"PC Släggan","typ":null,"spanning_kv":null,"volt_klass":0,"kapacitet_mw":null,"operator":"Lidköping Energi"}},{"type":"Feature","geometry":{"type":"Point","coordinates":[13.17553,58.508]},"properties":{"namn":"PC Filen","typ":null,"spanning_kv":null,"volt_klass":0,"kapacitet_mw":null,"operator":"Lidköping Energi"}},{"type":"Feature","geometry":{"type":"Point","coordinates":[12.66164,57.49117]},"properties":{"namn":"Assbergsverket","typ":null,"spanning_kv":null,"volt_klass":0,"kapacitet_mw":null,"operator":"Marks Energi AB"}},{"type":"Feature","geometry":{"type":"Point","coordinates":[13.54819,59.84121]},"properties":{"namn":null,"typ":null,"spanning_kv":null,"volt_klass":0,"kapacitet_mw":null,"operator":"Munkfors Energi AB"}},{"type":"Feature","geometry":{"type":"Point","coordinates":[18.71145,63.27447]},"properties":{"namn":"Hörneborgsverket","typ":null,"spanning_kv":null,"volt_klass":0,"kapacitet_mw":null,"operator":null}},{"type":"Feature","geometry":{"type":"Point","coordinates":[16.5072,59.58908]},"properties":{"namn":null,"typ":null,"spanning_kv":null,"volt_klass":0,"kapacitet_mw":null,"operator":"Mälarenergi"}},{"type":"Feature","geometry":{"type":"Point","coordinates":[15.08694,57.41996]},"properties":{"namn":"Kraftvärmeverket Stickan","typ":null,"spanning_kv":null,"volt_klass":0,"kapacitet_mw":null,"operator":"Njudung Energi"}},{"type":"Feature","geometry":{"type":"Point","coordinates":[14.66198,57.38193]},"properties":{"namn":"Värmeverket Bulten","typ":null,"spanning_kv":null,"volt_klass":0,"kapacitet_mw":null,"operator":"Njudung Energi"}},{"type":"Feature","geometry":{"type":"Point","coordinates":[18.68546,59.75051]},"properties":{"namn":"Energicentralen Arsta","typ":null,"spanning_kv":null,"volt_klass":0,"kapacitet_mw":null,"operator":"Norrtälje Energi"}},{"type":"Feature","geometry":{"type":"Point","coordinates":[15.93264,56.75573]},"properties":{"namn":"Nybro värmecentral","typ":"biomass","spanning_kv":null,"volt_klass":0,"kapacitet_mw":null,"operator":"Nybro Energi"}},{"type":"Feature","geometry":{"type":"Point","coordinates":[14.68269,57.66611]},"properties":{"namn":"Nässjö Värmeverk","typ":null,"spanning_kv":null,"volt_klass":0,"kapacitet_mw":null,"operator":"Nässjö Affärsverk"}},{"type":"Feature","geometry":{"type":"Point","coordinates":[16.46721,57.26832]},"properties":{"namn":"Solkustens värmeanläggning","typ":null,"spanning_kv":null,"volt_klass":0,"kapacitet_mw":null,"operator":"Oskarshamn Energi AB"}},{"type":"Feature","geometry":{"type":"Point","coordinates":[13.38612,56.1322]},"properties":{"namn":"Perstorps värmeverk","typ":null,"spanning_kv":null,"volt_klass":0,"kapacitet_mw":null,"operator":"Perstorp Fjärrvärme AB"}},{"type":"Feature","geometry":{"type":"Point","coordinates":[15.85681,65.47593]},"properties":{"namn":"Gardikfors kraftstation","typ":"hydro","spanning_kv":null,"volt_klass":0,"kapacitet_mw":null,"operator":null}},{"type":"Feature","geometry":{"type":"Point","coordinates":[21.40967,65.2848]},"properties":{"namn":"Hortlax värmeverk","typ":null,"spanning_kv":null,"volt_klass":0,"kapacitet_mw":null,"operator":"Pite Energi"}},{"type":"Feature","geometry":{"type":"Point","coordinates":[21.39345,65.30428]},"properties":{"namn":null,"typ":null,"spanning_kv":null,"volt_klass":0,"kapacitet_mw":null,"operator":"Pite Energi"}},{"type":"Feature","geometry":{"type":"Point","coordinates":[21.44471,65.31981]},"properties":{"namn":"Piteå värmeverk","typ":null,"spanning_kv":null,"volt_klass":0,"kapacitet_mw":null,"operator":"Pite Energi"}},{"type":"Feature","geometry":{"type":"Point","coordinates":[16.66024,56.88173]},"properties":{"namn":null,"typ":null,"spanning_kv":null,"volt_klass":0,"kapacitet_mw":null,"operator":"Borgholm Energi"}},{"type":"Feature","geometry":{"type":"Point","coordinates":[15.12185,56.23607]},"properties":{"namn":"Bräkne-Hoby värmeverk","typ":null,"spanning_kv":null,"volt_klass":0,"kapacitet_mw":null,"operator":"Ronneby Miljö & Teknik AB"}},{"type":"Feature","geometry":{"type":"Point","coordinates":[15.25963,56.21709]},"properties":{"namn":"Sörbyverket","typ":null,"spanning_kv":null,"volt_klass":0,"kapacitet_mw":null,"operator":"Ronneby Miljö & Teknik AB"}},{"type":"Feature","geometry":{"type":"Point","coordinates":[13.46903,59.57904]},"properties":{"namn":null,"typ":"solar","spanning_kv":null,"volt_klass":0,"kapacitet_mw":null,"operator":null}},{"type":"Feature","geometry":{"type":"Point","coordinates":[20.36214,63.70412]},"properties":{"namn":null,"typ":null,"spanning_kv":null,"volt_klass":0,"kapacitet_mw":null,"operator":null}},{"type":"Feature","geometry":{"type":"Point","coordinates":[18.72104,65.19412]},"properties":{"namn":"Malå värmeverk","typ":null,"spanning_kv":null,"volt_klass":0,"kapacitet_mw":null,"operator":"Skellefteå kraft"}},{"type":"Feature","geometry":{"type":"Point","coordinates":[13.68054,55.86138]},"properties":{"namn":null,"typ":"biomass","spanning_kv":null,"volt_klass":0,"kapacitet_mw":null,"operator":"Solör Bioenergi Fjärrvärme AB"}},{"type":"Feature","geometry":{"type":"Point","coordinates":[13.11305,57.49277]},"properties":{"namn":"Svenljunga värmeverk","typ":"biofuel","spanning_kv":null,"volt_klass":0,"kapacitet_mw":null,"operator":"Solör Bioenergi Fjärrvärme AB"}},{"type":"Feature","geometry":{"type":"Point","coordinates":[17.97286,59.35211]},"properties":{"namn":null,"typ":null,"spanning_kv":null,"volt_klass":0,"kapacitet_mw":null,"operator":null}},{"type":"Feature","geometry":{"type":"Point","coordinates":[17.3094,62.24662]},"properties":{"namn":null,"typ":"solar","spanning_kv":null,"volt_klass":0,"kapacitet_mw":null,"operator":null}},{"type":"Feature","geometry":{"type":"Point","coordinates":[17.29265,62.24452]},"properties":{"namn":null,"typ":"solar","spanning_kv":null,"volt_klass":0,"kapacitet_mw":null,"operator":null}},{"type":"Feature","geometry":{"type":"Point","coordinates":[17.38823,60.64531]},"properties":{"namn":"Skutskär Mill power station","typ":"biomass","spanning_kv":null,"volt_klass":0,"kapacitet_mw":46.8,"operator":null}},{"type":"Feature","geometry":{"type":"Point","coordinates":[16.69544,64.61431]},"properties":{"namn":"Vilhelmina värmeverk","typ":"biofuel","spanning_kv":null,"volt_klass":0,"kapacitet_mw":null,"operator":"Solör bioenergi"}},{"type":"Feature","geometry":{"type":"Point","coordinates":[12.0821,57.47221]},"properties":{"namn":"Kungsbacka Värmeverk","typ":null,"spanning_kv":null,"volt_klass":0,"kapacitet_mw":null,"operator":null}},{"type":"Feature","geometry":{"type":"Point","coordinates":[18.06067,59.25772]},"properties":{"namn":"Högdalenverket","typ":null,"spanning_kv":null,"volt_klass":0,"kapacitet_mw":null,"operator":"Stockholm Exergi"}},{"type":"Feature","geometry":{"type":"Point","coordinates":[17.39047,62.40382]},"properties":{"namn":"Korstaverket","typ":null,"spanning_kv":null,"volt_klass":0,"kapacitet_mw":null,"operator":null}},{"type":"Feature","geometry":{"type":"Point","coordinates":[17.92781,59.41621]},"properties":{"namn":"Akalla Kraftvärmeverk","typ":null,"spanning_kv":null,"volt_klass":0,"kapacitet_mw":null,"operator":"Stockholm Exergi"}},{"type":"Feature","geometry":{"type":"Point","coordinates":[12.04122,57.80055]},"properties":{"namn":"Angereds värmecentral","typ":null,"spanning_kv":null,"volt_klass":0,"kapacitet_mw":null,"operator":null}},{"type":"Feature","geometry":{"type":"Point","coordinates":[16.30939,61.41277]},"properties":{"namn":null,"typ":"hydro","spanning_kv":null,"volt_klass":0,"kapacitet_mw":null,"operator":null}},{"type":"Feature","geometry":{"type":"Point","coordinates":[17.2301,62.30843]},"properties":{"namn":null,"typ":"solar","spanning_kv":null,"volt_klass":0,"kapacitet_mw":null,"operator":null}},{"type":"Feature","geometry":{"type":"Point","coordinates":[15.52484,59.46837]},"properties":{"namn":"Solvallen i Vässlingby","typ":"solar","spanning_kv":null,"volt_klass":0,"kapacitet_mw":null,"operator":null}},{"type":"Feature","geometry":{"type":"Point","coordinates":[15.92178,62.53597]},"properties":{"namn":null,"typ":"solar","spanning_kv":null,"volt_klass":0,"kapacitet_mw":null,"operator":null}},{"type":"Feature","geometry":{"type":"Point","coordinates":[14.95717,58.05278]},"properties":{"namn":"Stoeryd Colcellspark","typ":"solar","spanning_kv":null,"volt_klass":0,"kapacitet_mw":0.38,"operator":"Carpenter Co."}},{"type":"Feature","geometry":{"type":"Point","coordinates":[18.80505,57.71278]},"properties":{"namn":null,"typ":"oil","spanning_kv":null,"volt_klass":0,"kapacitet_mw":null,"operator":null}},{"type":"Feature","geometry":{"type":"Point","coordinates":[17.27028,60.68302]},"properties":{"namn":null,"typ":null,"spanning_kv":null,"volt_klass":0,"kapacitet_mw":null,"operator":null}},{"type":"Feature","geometry":{"type":"Point","coordinates":[15.42241,60.5245]},"properties":{"namn":"Panna 8","typ":"biomass","spanning_kv":null,"volt_klass":0,"kapacitet_mw":null,"operator":"Borlänge Energi"}},{"type":"Feature","geometry":{"type":"Point","coordinates":[15.62534,62.51023]},"properties":{"namn":null,"typ":"solar","spanning_kv":null,"volt_klass":0,"kapacitet_mw":null,"operator":null}},{"type":"Feature","geometry":{"type":"Point","coordinates":[15.12252,56.23969]},"properties":{"namn":null,"typ":"solar","spanning_kv":null,"volt_klass":0,"kapacitet_mw":null,"operator":null}},{"type":"Feature","geometry":{"type":"Point","coordinates":[17.44961,59.59652]},"properties":{"namn":null,"typ":"solar","spanning_kv":null,"volt_klass":0,"kapacitet_mw":null,"operator":null}},{"type":"Feature","geometry":{"type":"Point","coordinates":[17.43668,59.60147]},"properties":{"namn":null,"typ":"solar","spanning_kv":null,"volt_klass":0,"kapacitet_mw":null,"operator":null}},{"type":"Feature","geometry":{"type":"Point","coordinates":[14.92625,56.73329]},"properties":{"namn":null,"typ":null,"spanning_kv":null,"volt_klass":0,"kapacitet_mw":null,"operator":null}},{"type":"Feature","geometry":{"type":"Point","coordinates":[16.02748,59.5032]},"properties":{"namn":"Norsa Värmeverk","typ":null,"spanning_kv":null,"volt_klass":0,"kapacitet_mw":null,"operator":"Vafabmiljö"}},{"type":"Feature","geometry":{"type":"Point","coordinates":[22.21237,65.56766]},"properties":{"namn":"Luleå kraftvärmeverk","typ":"gas","spanning_kv":null,"volt_klass":0,"kapacitet_mw":100.0,"operator":null}},{"type":"Feature","geometry":{"type":"Point","coordinates":[20.65077,65.43106]},"properties":{"namn":"Ersträsk","typ":"wind","spanning_kv":null,"volt_klass":0,"kapacitet_mw":null,"operator":"Enercon GmbH"}},{"type":"Feature","geometry":{"type":"Point","coordinates":[20.24279,65.45994]},"properties":{"namn":"Markbygden vindkraftpark, etapp 2","typ":"wind","spanning_kv":null,"volt_klass":0,"kapacitet_mw":null,"operator":null}},{"type":"Feature","geometry":{"type":"Point","coordinates":[20.48103,65.55964]},"properties":{"namn":"Markbygden vindkraftpark, etapp 2","typ":"wind","spanning_kv":null,"volt_klass":0,"kapacitet_mw":null,"operator":null}},{"type":"Feature","geometry":{"type":"Point","coordinates":[15.10209,60.90012]},"properties":{"namn":null,"typ":"biomass","spanning_kv":null,"volt_klass":0,"kapacitet_mw":null,"operator":"Adven Siljan AB"}},{"type":"Feature","geometry":{"type":"Point","coordinates":[17.67759,59.85226]},"properties":{"namn":"Boländerna kraftvärmeverk","typ":null,"spanning_kv":null,"volt_klass":0,"kapacitet_mw":null,"operator":"Vattenfall"}},{"type":"Feature","geometry":{"type":"Point","coordinates":[12.76869,56.07046]},"properties":{"namn":"Filbornaverket","typ":"waste","spanning_kv":null,"volt_klass":0,"kapacitet_mw":18.0,"operator":"Öresundskraft"}},{"type":"Feature","geometry":{"type":"Point","coordinates":[18.71067,64.32213]},"properties":{"namn":"Lomfors kraftverk","typ":"hydro","spanning_kv":null,"volt_klass":0,"kapacitet_mw":0.14,"operator":"Lomforskraft HB"}},{"type":"Feature","geometry":{"type":"Point","coordinates":[16.15189,60.13413]},"properties":{"namn":"Källhagsverket","typ":"waste","spanning_kv":null,"volt_klass":0,"kapacitet_mw":null,"operator":"Adven"}},{"type":"Feature","geometry":{"type":"Point","coordinates":[12.31092,58.30204]},"properties":{"namn":"Stallbacka värmeverk","typ":null,"spanning_kv":null,"volt_klass":0,"kapacitet_mw":null,"operator":null}},{"type":"Feature","geometry":{"type":"Point","coordinates":[16.65745,57.74995]},"properties":{"namn":"Stegeholmsverket","typ":null,"spanning_kv":null,"volt_klass":0,"kapacitet_mw":null,"operator":null}},{"type":"Feature","geometry":{"type":"Point","coordinates":[16.56674,61.79769]},"properties":{"namn":"Värmevärden","typ":"biomass","spanning_kv":null,"volt_klass":0,"kapacitet_mw":null,"operator":"Adven"}},{"type":"Feature","geometry":{"type":"Point","coordinates":[12.83679,56.68129]},"properties":{"namn":null,"typ":"solar","spanning_kv":null,"volt_klass":0,"kapacitet_mw":null,"operator":"HEM"}},{"type":"Feature","geometry":{"type":"Point","coordinates":[17.86297,59.25777]},"properties":{"namn":"Fittjaverket","typ":"biomass","spanning_kv":null,"volt_klass":0,"kapacitet_mw":null,"operator":"Söderenergi"}},{"type":"Feature","geometry":{"type":"Point","coordinates":[17.93347,59.2253]},"properties":{"namn":"Huddinge Maskincentral","typ":"oil","spanning_kv":null,"volt_klass":0,"kapacitet_mw":null,"operator":"Söderenerg"}},{"type":"Feature","geometry":{"type":"Point","coordinates":[17.59084,59.19473]},"properties":{"namn":"Geneta Panncentral","typ":"oil","spanning_kv":null,"volt_klass":0,"kapacitet_mw":null,"operator":"Söderenergi"}},{"type":"Feature","geometry":{"type":"Point","coordinates":[17.66844,59.17503]},"properties":{"namn":"Igelsta kraftvärmeverk","typ":"biomass","spanning_kv":null,"volt_klass":0,"kapacitet_mw":85.0,"operator":"Söderenergi"}},{"type":"Feature","geometry":{"type":"Point","coordinates":[19.27638,63.8471]},"properties":{"namn":null,"typ":"hydro","spanning_kv":null,"volt_klass":0,"kapacitet_mw":null,"operator":null}},{"type":"Feature","geometry":{"type":"Point","coordinates":[12.85167,57.7089]},"properties":{"namn":"Borås Energi och Miljö - Värmecentral Viared 1","typ":null,"spanning_kv":null,"volt_klass":0,"kapacitet_mw":null,"operator":"Borås Energi och Miljö"}},{"type":"Feature","geometry":{"type":"Point","coordinates":[13.85724,58.42819]},"properties":{"namn":"Lövängsverket","typ":"biofuel","spanning_kv":null,"volt_klass":0,"kapacitet_mw":null,"operator":"Skövde Energi"}},{"type":"Feature","geometry":{"type":"Point","coordinates":[15.00328,58.53863]},"properties":{"namn":null,"typ":null,"spanning_kv":null,"volt_klass":0,"kapacitet_mw":null,"operator":null}},{"type":"Feature","geometry":{"type":"Point","coordinates":[15.0664,58.56058]},"properties":{"namn":"Bergsättersverket","typ":null,"spanning_kv":null,"volt_klass":0,"kapacitet_mw":null,"operator":null}},{"type":"Feature","geometry":{"type":"Point","coordinates":[14.66843,56.05091]},"properties":{"namn":null,"typ":"solar","spanning_kv":null,"volt_klass":0,"kapacitet_mw":19.0,"operator":null}},{"type":"Feature","geometry":{"type":"Point","coordinates":[17.96152,58.92577]},"properties":{"namn":"Nynäs Kraftvärmeverk","typ":null,"spanning_kv":null,"volt_klass":0,"kapacitet_mw":null,"operator":"Adven"}},{"type":"Feature","geometry":{"type":"Point","coordinates":[12.35285,59.75736]},"properties":{"namn":null,"typ":null,"spanning_kv":null,"volt_klass":0,"kapacitet_mw":null,"operator":"Nevel"}},{"type":"Feature","geometry":{"type":"Point","coordinates":[14.16024,57.77491]},"properties":{"namn":"Kraftvärmeverket Munksjö","typ":null,"spanning_kv":null,"volt_klass":0,"kapacitet_mw":null,"operator":null}},{"type":"Feature","geometry":{"type":"Point","coordinates":[13.84271,55.44009]},"properties":{"namn":null,"typ":null,"spanning_kv":null,"volt_klass":0,"kapacitet_mw":null,"operator":null}},{"type":"Feature","geometry":{"type":"Point","coordinates":[14.63155,56.16069]},"properties":{"namn":null,"typ":"solar","spanning_kv":null,"volt_klass":0,"kapacitet_mw":9.5,"operator":"Svea Solar"}},{"type":"Feature","geometry":{"type":"Point","coordinates":[17.07074,61.31092]},"properties":{"namn":"Granskärs Kraftvärmeverk","typ":null,"spanning_kv":null,"volt_klass":0,"kapacitet_mw":null,"operator":null}},{"type":"Feature","geometry":{"type":"Point","coordinates":[12.91915,59.13654]},"properties":{"namn":null,"typ":null,"spanning_kv":null,"volt_klass":0,"kapacitet_mw":null,"operator":"Adven"}},{"type":"Feature","geometry":{"type":"Point","coordinates":[12.2805,58.25318]},"properties":{"namn":null,"typ":null,"spanning_kv":null,"volt_klass":0,"kapacitet_mw":null,"operator":null}},{"type":"Feature","geometry":{"type":"Point","coordinates":[12.31116,58.27075]},"properties":{"namn":"Kronogårdens värmeverk","typ":null,"spanning_kv":null,"volt_klass":0,"kapacitet_mw":null,"operator":null}},{"type":"Feature","geometry":{"type":"Point","coordinates":[21.46422,65.33018]},"properties":{"namn":null,"typ":"solar","spanning_kv":null,"volt_klass":0,"kapacitet_mw":null,"operator":null}},{"type":"Feature","geometry":{"type":"Point","coordinates":[13.41372,57.806]},"properties":{"namn":null,"typ":"solar","spanning_kv":null,"volt_klass":0,"kapacitet_mw":null,"operator":null}},{"type":"Feature","geometry":{"type":"Point","coordinates":[14.97398,58.04093]},"properties":{"namn":null,"typ":null,"spanning_kv":null,"volt_klass":0,"kapacitet_mw":null,"operator":"Tranås Energi AB"}},{"type":"Feature","geometry":{"type":"Point","coordinates":[14.51501,62.91584]},"properties":{"namn":null,"typ":"hydro","spanning_kv":null,"volt_klass":0,"kapacitet_mw":null,"operator":null}},{"type":"Feature","geometry":{"type":"Point","coordinates":[12.93778,56.68909]},"properties":{"namn":null,"typ":"solar","spanning_kv":null,"volt_klass":0,"kapacitet_mw":null,"operator":null}},{"type":"Feature","geometry":{"type":"Point","coordinates":[15.33373,60.52358]},"properties":{"namn":null,"typ":"solar","spanning_kv":null,"volt_klass":0,"kapacitet_mw":4.3,"operator":"OKQ8/SunStreet Energy"}},{"type":"Feature","geometry":{"type":"Point","coordinates":[15.09314,60.55388]},"properties":{"namn":null,"typ":"solar","spanning_kv":null,"volt_klass":0,"kapacitet_mw":null,"operator":"Dala Energi"}},{"type":"Feature","geometry":{"type":"Point","coordinates":[13.73745,55.69631]},"properties":{"namn":null,"typ":"solar","spanning_kv":null,"volt_klass":0,"kapacitet_mw":null,"operator":null}},{"type":"Feature","geometry":{"type":"Point","coordinates":[12.88488,56.71033]},"properties":{"namn":null,"typ":"solar","spanning_kv":null,"volt_klass":0,"kapacitet_mw":null,"operator":null}},{"type":"Feature","geometry":{"type":"Point","coordinates":[12.89162,56.7092]},"properties":{"namn":null,"typ":"solar","spanning_kv":null,"volt_klass":0,"kapacitet_mw":null,"operator":null}},{"type":"Feature","geometry":{"type":"Point","coordinates":[13.73681,55.69291]},"properties":{"namn":null,"typ":"solar","spanning_kv":null,"volt_klass":0,"kapacitet_mw":null,"operator":null}},{"type":"Feature","geometry":{"type":"Point","coordinates":[13.73489,55.69133]},"properties":{"namn":null,"typ":"solar","spanning_kv":null,"volt_klass":0,"kapacitet_mw":null,"operator":null}},{"type":"Feature","geometry":{"type":"Point","coordinates":[13.73838,55.69237]},"properties":{"namn":null,"typ":"solar","spanning_kv":null,"volt_klass":0,"kapacitet_mw":null,"operator":null}},{"type":"Feature","geometry":{"type":"Point","coordinates":[13.73757,55.69292]},"properties":{"namn":null,"typ":"solar","spanning_kv":null,"volt_klass":0,"kapacitet_mw":null,"operator":null}},{"type":"Feature","geometry":{"type":"Point","coordinates":[13.73551,55.69507]},"properties":{"namn":null,"typ":"solar","spanning_kv":null,"volt_klass":0,"kapacitet_mw":null,"operator":null}},{"type":"Feature","geometry":{"type":"Point","coordinates":[13.73799,55.69288]},"properties":{"namn":null,"typ":"solar","spanning_kv":null,"volt_klass":0,"kapacitet_mw":null,"operator":null}},{"type":"Feature","geometry":{"type":"Point","coordinates":[13.73605,55.69496]},"properties":{"namn":null,"typ":"solar","spanning_kv":null,"volt_klass":0,"kapacitet_mw":null,"operator":null}},{"type":"Feature","geometry":{"type":"Point","coordinates":[13.72879,55.69536]},"properties":{"namn":null,"typ":"solar","spanning_kv":null,"volt_klass":0,"kapacitet_mw":null,"operator":null}},{"type":"Feature","geometry":{"type":"Point","coordinates":[13.73415,55.69101]},"properties":{"namn":null,"typ":"solar","spanning_kv":null,"volt_klass":0,"kapacitet_mw":null,"operator":null}},{"type":"Feature","geometry":{"type":"Point","coordinates":[13.73851,55.69224]},"properties":{"namn":null,"typ":"solar","spanning_kv":null,"volt_klass":0,"kapacitet_mw":null,"operator":null}},{"type":"Feature","geometry":{"type":"Point","coordinates":[13.73578,55.69535]},"properties":{"namn":null,"typ":"solar","spanning_kv":null,"volt_klass":0,"kapacitet_mw":null,"operator":null}},{"type":"Feature","geometry":{"type":"Point","coordinates":[13.73718,55.69288]},"properties":{"namn":null,"typ":"solar","spanning_kv":null,"volt_klass":0,"kapacitet_mw":null,"operator":null}},{"type":"Feature","geometry":{"type":"Point","coordinates":[13.72858,55.69501]},"properties":{"namn":null,"typ":"solar","spanning_kv":null,"volt_klass":0,"kapacitet_mw":null,"operator":null}},{"type":"Feature","geometry":{"type":"Point","coordinates":[13.73452,55.69096]},"properties":{"namn":null,"typ":"solar","spanning_kv":null,"volt_klass":0,"kapacitet_mw":null,"operator":null}},{"type":"Feature","geometry":{"type":"Point","coordinates":[13.72829,55.69537]},"properties":{"namn":null,"typ":"solar","spanning_kv":null,"volt_klass":0,"kapacitet_mw":null,"operator":null}},{"type":"Feature","geometry":{"type":"Point","coordinates":[13.711,55.69477]},"properties":{"namn":null,"typ":"solar","spanning_kv":null,"volt_klass":0,"kapacitet_mw":null,"operator":null}},{"type":"Feature","geometry":{"type":"Point","coordinates":[13.69728,55.7002]},"properties":{"namn":null,"typ":"solar","spanning_kv":null,"volt_klass":0,"kapacitet_mw":null,"operator":null}},{"type":"Feature","geometry":{"type":"Point","coordinates":[13.7304,55.69]},"properties":{"namn":null,"typ":"solar","spanning_kv":null,"volt_klass":0,"kapacitet_mw":null,"operator":null}},{"type":"Feature","geometry":{"type":"Point","coordinates":[13.70356,55.7037]},"properties":{"namn":null,"typ":"solar","spanning_kv":null,"volt_klass":0,"kapacitet_mw":null,"operator":null}},{"type":"Feature","geometry":{"type":"Point","coordinates":[13.70115,55.70312]},"properties":{"namn":null,"typ":"solar","spanning_kv":null,"volt_klass":0,"kapacitet_mw":null,"operator":null}},{"type":"Feature","geometry":{"type":"Point","coordinates":[13.70927,55.69627]},"properties":{"namn":null,"typ":"solar","spanning_kv":null,"volt_klass":0,"kapacitet_mw":null,"operator":null}},{"type":"Feature","geometry":{"type":"Point","coordinates":[13.72489,55.6926]},"properties":{"namn":null,"typ":"solar","spanning_kv":null,"volt_klass":0,"kapacitet_mw":null,"operator":null}},{"type":"Feature","geometry":{"type":"Point","coordinates":[13.69835,55.7007]},"properties":{"namn":null,"typ":"solar","spanning_kv":null,"volt_klass":0,"kapacitet_mw":null,"operator":null}},{"type":"Feature","geometry":{"type":"Point","coordinates":[13.71032,55.69898]},"properties":{"namn":null,"typ":"solar","spanning_kv":null,"volt_klass":0,"kapacitet_mw":null,"operator":null}},{"type":"Feature","geometry":{"type":"Point","coordinates":[13.70981,55.69658]},"properties":{"namn":null,"typ":"solar","spanning_kv":null,"volt_klass":0,"kapacitet_mw":null,"operator":null}},{"type":"Feature","geometry":{"type":"Point","coordinates":[13.7239,55.69256]},"properties":{"namn":null,"typ":"solar","spanning_kv":null,"volt_klass":0,"kapacitet_mw":null,"operator":null}},{"type":"Feature","geometry":{"type":"Point","coordinates":[13.72332,55.69677]},"properties":{"namn":null,"typ":"solar","spanning_kv":null,"volt_klass":0,"kapacitet_mw":null,"operator":null}},{"type":"Feature","geometry":{"type":"Point","coordinates":[13.71536,55.70209]},"properties":{"namn":null,"typ":"solar","spanning_kv":null,"volt_klass":0,"kapacitet_mw":null,"operator":null}},{"type":"Feature","geometry":{"type":"Point","coordinates":[13.71547,55.70225]},"properties":{"namn":null,"typ":"solar","spanning_kv":null,"volt_klass":0,"kapacitet_mw":null,"operator":null}},{"type":"Feature","geometry":{"type":"Point","coordinates":[13.70374,55.70201]},"properties":{"namn":null,"typ":"solar","spanning_kv":null,"volt_klass":0,"kapacitet_mw":null,"operator":null}},{"type":"Feature","geometry":{"type":"Point","coordinates":[13.73002,55.69027]},"properties":{"namn":null,"typ":"solar","spanning_kv":null,"volt_klass":0,"kapacitet_mw":null,"operator":null}},{"type":"Feature","geometry":{"type":"Point","coordinates":[13.72505,55.69268]},"properties":{"namn":null,"typ":"solar","spanning_kv":null,"volt_klass":0,"kapacitet_mw":null,"operator":null}},{"type":"Feature","geometry":{"type":"Point","coordinates":[13.73085,55.69024]},"properties":{"namn":null,"typ":"solar","spanning_kv":null,"volt_klass":0,"kapacitet_mw":null,"operator":null}},{"type":"Feature","geometry":{"type":"Point","coordinates":[13.72034,55.70162]},"properties":{"namn":null,"typ":"solar","spanning_kv":null,"volt_klass":0,"kapacitet_mw":null,"operator":null}},{"type":"Feature","geometry":{"type":"Point","coordinates":[13.71037,55.69936]},"properties":{"namn":null,"typ":"solar","spanning_kv":null,"volt_klass":0,"kapacitet_mw":null,"operator":null}},{"type":"Feature","geometry":{"type":"Point","coordinates":[13.71546,55.70276]},"properties":{"namn":null,"typ":"solar","spanning_kv":null,"volt_klass":0,"kapacitet_mw":null,"operator":null}},{"type":"Feature","geometry":{"type":"Point","coordinates":[13.69737,55.7004]},"properties":{"namn":null,"typ":"solar","spanning_kv":null,"volt_klass":0,"kapacitet_mw":null,"operator":null}},{"type":"Feature","geometry":{"type":"Point","coordinates":[13.72017,55.69754]},"properties":{"namn":null,"typ":"solar","spanning_kv":null,"volt_klass":0,"kapacitet_mw":null,"operator":null}},{"type":"Feature","geometry":{"type":"Point","coordinates":[13.73042,55.69056]},"properties":{"namn":null,"typ":"solar","spanning_kv":null,"volt_klass":0,"kapacitet_mw":null,"operator":null}},{"type":"Feature","geometry":{"type":"Point","coordinates":[13.70381,55.70179]},"properties":{"namn":null,"typ":"solar","spanning_kv":null,"volt_klass":0,"kapacitet_mw":null,"operator":null}},{"type":"Feature","geometry":{"type":"Point","coordinates":[13.70331,55.70194]},"properties":{"namn":null,"typ":"solar","spanning_kv":null,"volt_klass":0,"kapacitet_mw":null,"operator":null}},{"type":"Feature","geometry":{"type":"Point","coordinates":[13.72089,55.70143]},"properties":{"namn":null,"typ":"solar","spanning_kv":null,"volt_klass":0,"kapacitet_mw":null,"operator":null}},{"type":"Feature","geometry":{"type":"Point","coordinates":[13.7204,55.70139]},"properties":{"namn":null,"typ":"solar","spanning_kv":null,"volt_klass":0,"kapacitet_mw":null,"operator":null}},{"type":"Feature","geometry":{"type":"Point","coordinates":[13.71118,55.69503]},"properties":{"namn":null,"typ":"solar","spanning_kv":null,"volt_klass":0,"kapacitet_mw":null,"operator":null}},{"type":"Feature","geometry":{"type":"Point","coordinates":[13.72337,55.69702]},"properties":{"namn":null,"typ":"solar","spanning_kv":null,"volt_klass":0,"kapacitet_mw":null,"operator":null}},{"type":"Feature","geometry":{"type":"Point","coordinates":[13.71144,55.69491]},"properties":{"namn":null,"typ":"solar","spanning_kv":null,"volt_klass":0,"kapacitet_mw":null,"operator":null}},{"type":"Feature","geometry":{"type":"Point","coordinates":[13.70105,55.70355]},"properties":{"namn":null,"typ":"solar","spanning_kv":null,"volt_klass":0,"kapacitet_mw":null,"operator":null}},{"type":"Feature","geometry":{"type":"Point","coordinates":[13.70405,55.702]},"properties":{"namn":null,"typ":"solar","spanning_kv":null,"volt_klass":0,"kapacitet_mw":null,"operator":null}},{"type":"Feature","geometry":{"type":"Point","coordinates":[13.72379,55.69277]},"properties":{"namn":null,"typ":"solar","spanning_kv":null,"volt_klass":0,"kapacitet_mw":null,"operator":null}},{"type":"Feature","geometry":{"type":"Point","coordinates":[13.72071,55.70168]},"properties":{"namn":null,"typ":"solar","spanning_kv":null,"volt_klass":0,"kapacitet_mw":null,"operator":null}},{"type":"Feature","geometry":{"type":"Point","coordinates":[13.71458,55.70161]},"properties":{"namn":null,"typ":"solar","spanning_kv":null,"volt_klass":0,"kapacitet_mw":null,"operator":null}},{"type":"Feature","geometry":{"type":"Point","coordinates":[13.70188,55.70323]},"properties":{"namn":null,"typ":"solar","spanning_kv":null,"volt_klass":0,"kapacitet_mw":null,"operator":null}},{"type":"Feature","geometry":{"type":"Point","coordinates":[13.69713,55.70035]},"properties":{"namn":null,"typ":"solar","spanning_kv":null,"volt_klass":0,"kapacitet_mw":null,"operator":null}},{"type":"Feature","geometry":{"type":"Point","coordinates":[13.70961,55.69642]},"properties":{"namn":null,"typ":"solar","spanning_kv":null,"volt_klass":0,"kapacitet_mw":null,"operator":null}},{"type":"Feature","geometry":{"type":"Point","coordinates":[13.69689,55.69757]},"properties":{"namn":null,"typ":"solar","spanning_kv":null,"volt_klass":0,"kapacitet_mw":null,"operator":null}},{"type":"Feature","geometry":{"type":"Point","coordinates":[13.6964,55.69756]},"properties":{"namn":null,"typ":"solar","spanning_kv":null,"volt_klass":0,"kapacitet_mw":null,"operator":null}},{"type":"Feature","geometry":{"type":"Point","coordinates":[14.59428,61.02052]},"properties":{"namn":null,"typ":"biomass","spanning_kv":null,"volt_klass":0,"kapacitet_mw":null,"operator":"Adven"}},{"type":"Feature","geometry":{"type":"Point","coordinates":[14.58874,61.01006]},"properties":{"namn":null,"typ":"biomass","spanning_kv":null,"volt_klass":0,"kapacitet_mw":null,"operator":"Adven"}},{"type":"Feature","geometry":{"type":"Point","coordinates":[14.53889,60.99082]},"properties":{"namn":"Utmelandsverket","typ":null,"spanning_kv":null,"volt_klass":0,"kapacitet_mw":null,"operator":"Adven"}},{"type":"Feature","geometry":{"type":"Point","coordinates":[17.11853,59.16365]},"properties":{"namn":null,"typ":"solar","spanning_kv":null,"volt_klass":0,"kapacitet_mw":null,"operator":null}},{"type":"Feature","geometry":{"type":"Point","coordinates":[15.83236,57.66423]},"properties":{"namn":null,"typ":"solar","spanning_kv":null,"volt_klass":0,"kapacitet_mw":7.5,"operator":"Åbro Bryggeri"}},{"type":"Feature","geometry":{"type":"Point","coordinates":[18.31847,57.62404]},"properties":{"namn":"Visby Kraftvärmestation","typ":null,"spanning_kv":null,"volt_klass":0,"kapacitet_mw":null,"operator":null}},{"type":"Feature","geometry":{"type":"Point","coordinates":[17.62523,59.86264]},"properties":{"namn":null,"typ":"solar","spanning_kv":null,"volt_klass":0,"kapacitet_mw":null,"operator":null}},{"type":"Feature","geometry":{"type":"Point","coordinates":[16.4761,58.51269]},"properties":{"namn":null,"typ":"solar","spanning_kv":null,"volt_klass":0,"kapacitet_mw":null,"operator":null}},{"type":"Feature","geometry":{"type":"Point","coordinates":[11.8359,59.50931]},"properties":{"namn":null,"typ":"hydro","spanning_kv":null,"volt_klass":0,"kapacitet_mw":null,"operator":null}},{"type":"Feature","geometry":{"type":"Point","coordinates":[13.5549,57.27799]},"properties":{"namn":"Henja solpark","typ":"solar","spanning_kv":null,"volt_klass":0,"kapacitet_mw":15.5,"operator":"Sunna Group"}},{"type":"Feature","geometry":{"type":"Point","coordinates":[16.24068,59.71384]},"properties":{"namn":null,"typ":null,"spanning_kv":null,"volt_klass":0,"kapacitet_mw":null,"operator":null}},{"type":"Feature","geometry":{"type":"Point","coordinates":[16.19213,62.51582]},"properties":{"namn":null,"typ":"solar","spanning_kv":null,"volt_klass":0,"kapacitet_mw":null,"operator":null}},{"type":"Feature","geometry":{"type":"Point","coordinates":[16.18929,62.51737]},"properties":{"namn":null,"typ":"solar","spanning_kv":null,"volt_klass":0,"kapacitet_mw":null,"operator":null}},{"type":"Feature","geometry":{"type":"Point","coordinates":[15.0477,56.17352]},"properties":{"namn":null,"typ":"solar","spanning_kv":null,"volt_klass":0,"kapacitet_mw":null,"operator":null}},{"type":"Feature","geometry":{"type":"Point","coordinates":[15.00185,61.71038]},"properties":{"namn":null,"typ":"hydro","spanning_kv":null,"volt_klass":0,"kapacitet_mw":null,"operator":null}},{"type":"Feature","geometry":{"type":"Point","coordinates":[14.05693,57.26284]},"properties":{"namn":"Hörle Kraftstation","typ":"hydro","spanning_kv":null,"volt_klass":0,"kapacitet_mw":0.5,"operator":"Hörle Bruk AB"}},{"type":"Feature","geometry":{"type":"Point","coordinates":[23.16565,65.86229]},"properties":{"namn":null,"typ":null,"spanning_kv":null,"volt_klass":0,"kapacitet_mw":null,"operator":null}},{"type":"Feature","geometry":{"type":"Point","coordinates":[16.21129,59.7108]},"properties":{"namn":null,"typ":"hydro","spanning_kv":null,"volt_klass":0,"kapacitet_mw":1.0,"operator":null}},{"type":"Feature","geometry":{"type":"Point","coordinates":[16.18662,59.77494]},"properties":{"namn":null,"typ":"hydro","spanning_kv":null,"volt_klass":0,"kapacitet_mw":null,"operator":null}},{"type":"Feature","geometry":{"type":"Point","coordinates":[15.1071,56.16532]},"properties":{"namn":null,"typ":"solar","spanning_kv":null,"volt_klass":0,"kapacitet_mw":null,"operator":null}},{"type":"Feature","geometry":{"type":"Point","coordinates":[14.01019,58.69805]},"properties":{"namn":null,"typ":"solar","spanning_kv":null,"volt_klass":0,"kapacitet_mw":null,"operator":null}},{"type":"Feature","geometry":{"type":"Point","coordinates":[14.01021,58.6981]},"properties":{"namn":null,"typ":"solar","spanning_kv":null,"volt_klass":0,"kapacitet_mw":null,"operator":null}},{"type":"Feature","geometry":{"type":"Point","coordinates":[16.00194,56.90256]},"properties":{"namn":null,"typ":"solar","spanning_kv":null,"volt_klass":0,"kapacitet_mw":null,"operator":null}},{"type":"Feature","geometry":{"type":"Point","coordinates":[16.00193,56.9025]},"properties":{"namn":null,"typ":"solar","spanning_kv":null,"volt_klass":0,"kapacitet_mw":null,"operator":null}},{"type":"Feature","geometry":{"type":"Point","coordinates":[16.52026,60.75665]},"properties":{"namn":null,"typ":"solar","spanning_kv":null,"volt_klass":0,"kapacitet_mw":null,"operator":null}},{"type":"Feature","geometry":{"type":"Point","coordinates":[14.68338,60.46577]},"properties":{"namn":"Björbo","typ":"hydro","spanning_kv":null,"volt_klass":0,"kapacitet_mw":0.16,"operator":"Åkerströms Björbo AB"}},{"type":"Feature","geometry":{"type":"Point","coordinates":[19.82075,66.6314]},"properties":{"namn":"Akkats Kraftstation","typ":"hydro","spanning_kv":null,"volt_klass":0,"kapacitet_mw":150.0,"operator":"Vattenfall"}},{"type":"Feature","geometry":{"type":"Point","coordinates":[15.82283,57.52617]},"properties":{"namn":null,"typ":"solar","spanning_kv":null,"volt_klass":0,"kapacitet_mw":100.0,"operator":"Alight"}},{"type":"Feature","geometry":{"type":"Point","coordinates":[15.51424,57.41034]},"properties":{"namn":null,"typ":"hydro","spanning_kv":null,"volt_klass":0,"kapacitet_mw":null,"operator":null}},{"type":"Feature","geometry":{"type":"Point","coordinates":[16.18872,62.4955]},"properties":{"namn":null,"typ":"solar","spanning_kv":null,"volt_klass":0,"kapacitet_mw":null,"operator":null}},{"type":"Feature","geometry":{"type":"Point","coordinates":[11.31104,58.62997]},"properties":{"namn":null,"typ":"solar","spanning_kv":null,"volt_klass":0,"kapacitet_mw":null,"operator":null}},{"type":"Feature","geometry":{"type":"Point","coordinates":[14.89581,59.6378]},"properties":{"namn":null,"typ":null,"spanning_kv":null,"volt_klass":0,"kapacitet_mw":null,"operator":null}},{"type":"Feature","geometry":{"type":"Point","coordinates":[14.99342,60.74921]},"properties":{"namn":null,"typ":"biomass;oil","spanning_kv":null,"volt_klass":0,"kapacitet_mw":null,"operator":"Adven"}},{"type":"Feature","geometry":{"type":"Point","coordinates":[12.84406,60.76703]},"properties":{"namn":"Tåsans kraftverk","typ":"hydro","spanning_kv":null,"volt_klass":0,"kapacitet_mw":40.0,"operator":"Tåsan kraft AB"}},{"type":"Feature","geometry":{"type":"Point","coordinates":[12.84318,60.76188]},"properties":{"namn":"Näckån","typ":"hydro","spanning_kv":null,"volt_klass":0,"kapacitet_mw":0.85,"operator":"Näckåns Energi"}},{"type":"Feature","geometry":{"type":"Point","coordinates":[13.83545,63.26325]},"properties":{"namn":null,"typ":"solar","spanning_kv":null,"volt_klass":0,"kapacitet_mw":null,"operator":null}},{"type":"Feature","geometry":{"type":"Point","coordinates":[16.85155,58.77569]},"properties":{"namn":null,"typ":"solar","spanning_kv":null,"volt_klass":0,"kapacitet_mw":null,"operator":null}},{"type":"Feature","geometry":{"type":"Point","coordinates":[16.84291,58.77793]},"properties":{"namn":null,"typ":"solar","spanning_kv":null,"volt_klass":0,"kapacitet_mw":null,"operator":null}},{"type":"Feature","geometry":{"type":"Point","coordinates":[16.65019,59.38804]},"properties":{"namn":null,"typ":"solar","spanning_kv":null,"volt_klass":0,"kapacitet_mw":null,"operator":null}},{"type":"Feature","geometry":{"type":"Point","coordinates":[16.63562,59.91743]},"properties":{"namn":null,"typ":"solar","spanning_kv":null,"volt_klass":0,"kapacitet_mw":null,"operator":null}},{"type":"Feature","geometry":{"type":"Point","coordinates":[13.17339,55.38477]},"properties":{"namn":"Östervångsverket","typ":null,"spanning_kv":null,"volt_klass":0,"kapacitet_mw":null,"operator":null}},{"type":"Feature","geometry":{"type":"Point","coordinates":[13.39111,55.3522]},"properties":{"namn":null,"typ":"solar","spanning_kv":null,"volt_klass":0,"kapacitet_mw":null,"operator":null}},{"type":"Feature","geometry":{"type":"Point","coordinates":[14.33364,55.52995]},"properties":{"namn":null,"typ":"solar","spanning_kv":null,"volt_klass":0,"kapacitet_mw":null,"operator":null}},{"type":"Feature","geometry":{"type":"Point","coordinates":[18.21715,59.57719]},"properties":{"namn":null,"typ":null,"spanning_kv":null,"volt_klass":0,"kapacitet_mw":null,"operator":null}},{"type":"Feature","geometry":{"type":"Point","coordinates":[18.21725,59.57722]},"properties":{"namn":null,"typ":null,"spanning_kv":null,"volt_klass":0,"kapacitet_mw":null,"operator":null}},{"type":"Feature","geometry":{"type":"Point","coordinates":[13.01245,55.63347]},"properties":{"namn":"Flintrännans fjärrvärmecentral","typ":"biomass","spanning_kv":null,"volt_klass":0,"kapacitet_mw":null,"operator":"E.ON Sverige AB"}},{"type":"Feature","geometry":{"type":"Point","coordinates":[13.04054,55.62008]},"properties":{"namn":"Utklippans fjärrvärmecentral","typ":"oil","spanning_kv":null,"volt_klass":0,"kapacitet_mw":null,"operator":"E.ON Energiinfrastruktur AB"}},{"type":"Feature","geometry":{"type":"Point","coordinates":[18.13825,59.22221]},"properties":{"namn":"Skogås panncentral","typ":"oil","spanning_kv":null,"volt_klass":0,"kapacitet_mw":null,"operator":"Söderenergi"}},{"type":"Feature","geometry":{"type":"Point","coordinates":[12.55707,57.93767]},"properties":{"namn":"Sävelundsverket","typ":null,"spanning_kv":null,"volt_klass":0,"kapacitet_mw":null,"operator":null}},{"type":"Feature","geometry":{"type":"Point","coordinates":[13.94046,58.18168]},"properties":{"namn":"Värmeverket Eldaren","typ":null,"spanning_kv":null,"volt_klass":0,"kapacitet_mw":null,"operator":null}},{"type":"Feature","geometry":{"type":"Point","coordinates":[15.01609,57.4988]},"properties":{"namn":null,"typ":"solar","spanning_kv":null,"volt_klass":0,"kapacitet_mw":null,"operator":null}},{"type":"Feature","geometry":{"type":"Point","coordinates":[15.01427,57.50032]},"properties":{"namn":null,"typ":"solar","spanning_kv":null,"volt_klass":0,"kapacitet_mw":null,"operator":null}},{"type":"Feature","geometry":{"type":"Point","coordinates":[15.57905,56.30951]},"properties":{"namn":null,"typ":"solar","spanning_kv":null,"volt_klass":0,"kapacitet_mw":null,"operator":null}},{"type":"Feature","geometry":{"type":"Point","coordinates":[11.9962,57.49046]},"properties":{"namn":null,"typ":"solar","spanning_kv":null,"volt_klass":0,"kapacitet_mw":null,"operator":null}},{"type":"Feature","geometry":{"type":"Point","coordinates":[12.77383,56.06476]},"properties":{"namn":null,"typ":"solar","spanning_kv":null,"volt_klass":0,"kapacitet_mw":null,"operator":null}},{"type":"Feature","geometry":{"type":"Point","coordinates":[12.38571,57.09532]},"properties":{"namn":null,"typ":"solar","spanning_kv":null,"volt_klass":0,"kapacitet_mw":null,"operator":null}},{"type":"Feature","geometry":{"type":"Point","coordinates":[20.30646,67.84255]},"properties":{"namn":null,"typ":"oil","spanning_kv":null,"volt_klass":0,"kapacitet_mw":null,"operator":"Kiruna Kraft AB"}},{"type":"Feature","geometry":{"type":"Point","coordinates":[20.2002,67.87139]},"properties":{"namn":"Malin","typ":"biofuel","spanning_kv":null,"volt_klass":0,"kapacitet_mw":null,"operator":"Kiruna Kraft AB"}},{"type":"Feature","geometry":{"type":"Point","coordinates":[20.22782,67.86745]},"properties":{"namn":null,"typ":"biofuel","spanning_kv":null,"volt_klass":0,"kapacitet_mw":null,"operator":"Kiruna Kraft AB"}},{"type":"Feature","geometry":{"type":"Point","coordinates":[13.59735,55.56221]},"properties":{"namn":null,"typ":"solar","spanning_kv":null,"volt_klass":0,"kapacitet_mw":null,"operator":null}},{"type":"Feature","geometry":{"type":"Point","coordinates":[21.94467,65.66671]},"properties":{"namn":"Helia","typ":"solar","spanning_kv":null,"volt_klass":0,"kapacitet_mw":0.7,"operator":"Luleå Energi"}},{"type":"Feature","geometry":{"type":"Point","coordinates":[11.89593,57.80715]},"properties":{"namn":null,"typ":"solar","spanning_kv":null,"volt_klass":0,"kapacitet_mw":null,"operator":null}},{"type":"Feature","geometry":{"type":"Point","coordinates":[12.52946,56.97912]},"properties":{"namn":null,"typ":"solar","spanning_kv":null,"volt_klass":0,"kapacitet_mw":0.1,"operator":"Sunsurf Solar"}},{"type":"Feature","geometry":{"type":"Point","coordinates":[14.26417,57.68788]},"properties":{"namn":null,"typ":"solar","spanning_kv":null,"volt_klass":0,"kapacitet_mw":0.12,"operator":"Sunsurf Solar"}},{"type":"Feature","geometry":{"type":"Point","coordinates":[13.25327,56.13133]},"properties":{"namn":null,"typ":"solar","spanning_kv":null,"volt_klass":0,"kapacitet_mw":0.1,"operator":"Sunsurf Solar"}},{"type":"Feature","geometry":{"type":"Point","coordinates":[15.91666,57.21936]},"properties":{"namn":"Blankaströms kraftverk","typ":"hydro","spanning_kv":null,"volt_klass":0,"kapacitet_mw":null,"operator":null}},{"type":"Feature","geometry":{"type":"Point","coordinates":[21.73243,65.83913]},"properties":{"namn":null,"typ":null,"spanning_kv":null,"volt_klass":0,"kapacitet_mw":null,"operator":null}},{"type":"Feature","geometry":{"type":"Point","coordinates":[12.78475,55.5114]},"properties":{"namn":"Lillgrunds vindkraftpark","typ":"wind","spanning_kv":null,"volt_klass":0,"kapacitet_mw":110.0,"operator":"Vattenfall"}},{"type":"Feature","geometry":{"type":"Point","coordinates":[14.83511,56.15257]},"properties":{"namn":"Karlshamnsverket","typ":"oil","spanning_kv":null,"volt_klass":0,"kapacitet_mw":662.0,"operator":"Sydkraft Thermal Power AB"}},{"type":"Feature","geometry":{"type":"Point","coordinates":[15.42211,60.53516]},"properties":{"namn":"Forshuvudforsens kraftstation","typ":"hydro","spanning_kv":null,"volt_klass":0,"kapacitet_mw":44.0,"operator":null}},{"type":"Feature","geometry":{"type":"Point","coordinates":[15.42633,60.52454]},"properties":{"namn":"Kvarnsvedens kraftstation","typ":"hydro","spanning_kv":null,"volt_klass":0,"kapacitet_mw":58.0,"operator":"Fortum"}},{"type":"Feature","geometry":{"type":"Point","coordinates":[11.4132,58.89339]},"properties":{"namn":"Tolvmanstegen vindkraftpark","typ":"wind","spanning_kv":null,"volt_klass":0,"kapacitet_mw":44.0,"operator":"Eolus Vind AB"}},{"type":"Feature","geometry":{"type":"Point","coordinates":[13.57173,59.38522]},"properties":{"namn":"Hedenverket","typ":"waste","spanning_kv":null,"volt_klass":0,"kapacitet_mw":52.0,"operator":null}},{"type":"Feature","geometry":{"type":"Point","coordinates":[12.86153,56.65291]},"properties":{"namn":null,"typ":"oil","spanning_kv":null,"volt_klass":0,"kapacitet_mw":null,"operator":null}},{"type":"Feature","geometry":{"type":"Point","coordinates":[15.82274,63.66071]},"properties":{"namn":"Stamåsen vindpark","typ":"wind","spanning_kv":null,"volt_klass":0,"kapacitet_mw":60.0,"operator":null}},{"type":"Feature","geometry":{"type":"Point","coordinates":[15.96598,63.50743]},"properties":{"namn":"Ögonfägnaden vindpark","typ":"wind","spanning_kv":null,"volt_klass":0,"kapacitet_mw":106.0,"operator":"Statkraft"}},{"type":"Feature","geometry":{"type":"Point","coordinates":[16.16808,63.41964]},"properties":{"namn":"Björkhöjden vindpark","typ":"wind","spanning_kv":null,"volt_klass":0,"kapacitet_mw":288.0,"operator":"Statkraft"}},{"type":"Feature","geometry":{"type":"Point","coordinates":[13.72991,61.38033]},"properties":{"namn":"Trängslet","typ":"hydro","spanning_kv":null,"volt_klass":0,"kapacitet_mw":300.0,"operator":"Fortum Generation AB"}},{"type":"Feature","geometry":{"type":"Point","coordinates":[13.7628,61.28438]},"properties":{"namn":"Åsens kraftverk","typ":"hydro","spanning_kv":null,"volt_klass":0,"kapacitet_mw":24.0,"operator":"Fortum Generation AB"}},{"type":"Feature","geometry":{"type":"Point","coordinates":[14.09226,61.17348]},"properties":{"namn":"Väsa kraftverk","typ":"hydro","spanning_kv":null,"volt_klass":0,"kapacitet_mw":15.0,"operator":"Fortum Generation AB"}},{"type":"Feature","geometry":{"type":"Point","coordinates":[14.14738,61.14592]},"properties":{"namn":"Blybergs kraftverk","typ":"hydro","spanning_kv":null,"volt_klass":0,"kapacitet_mw":15.0,"operator":null}},{"type":"Feature","geometry":{"type":"Point","coordinates":[14.32195,61.08288]},"properties":{"namn":"Spjutmo kraftverk","typ":"hydro","spanning_kv":null,"volt_klass":0,"kapacitet_mw":35.0,"operator":"Fortum Generation AB"}},{"type":"Feature","geometry":{"type":"Point","coordinates":[15.01589,60.60365]},"properties":{"namn":"Gråda kraftverk","typ":"hydro","spanning_kv":null,"volt_klass":0,"kapacitet_mw":24.0,"operator":"Fortum Generation AB"}},{"type":"Feature","geometry":{"type":"Point","coordinates":[15.42203,60.53527]},"properties":{"namn":"Forshuvudforsens kraftverk","typ":"hydro","spanning_kv":null,"volt_klass":0,"kapacitet_mw":44.0,"operator":null}},{"type":"Feature","geometry":{"type":"Point","coordinates":[15.42612,60.52464]},"properties":{"namn":"Kvarnsvedens kraftstation","typ":"hydro","spanning_kv":null,"volt_klass":0,"kapacitet_mw":61.0,"operator":"Fortum Generation AB"}},{"type":"Feature","geometry":{"type":"Point","coordinates":[15.4378,60.50875]},"properties":{"namn":"Bullerforsens kraftstation","typ":"hydro","spanning_kv":null,"volt_klass":0,"kapacitet_mw":47.0,"operator":"Fortum Generation AB"}},{"type":"Feature","geometry":{"type":"Point","coordinates":[15.45389,60.49565]},"properties":{"namn":"Domnarvets kraftverk","typ":"hydro","spanning_kv":null,"volt_klass":0,"kapacitet_mw":22.0,"operator":"Fortum Generation AB"}},{"type":"Feature","geometry":{"type":"Point","coordinates":[15.71528,60.39746]},"properties":{"namn":"Långhags kraftverk","typ":"hydro","spanning_kv":null,"volt_klass":0,"kapacitet_mw":52.0,"operator":"Fortum Generation AB"}},{"type":"Feature","geometry":{"type":"Point","coordinates":[15.8466,60.39438]},"properties":{"namn":"Skedvi kraftstation","typ":"hydro","spanning_kv":null,"volt_klass":0,"kapacitet_mw":38.0,"operator":"Fortum Generation AB"}},{"type":"Feature","geometry":{"type":"Point","coordinates":[18.10148,59.35228]},"properties":{"namn":"Värtaverket","typ":"biomass;coal;oil","spanning_kv":null,"volt_klass":0,"kapacitet_mw":579.0,"operator":"Stockholm Exergi AB"}},{"type":"Feature","geometry":{"type":"Point","coordinates":[20.33481,66.68452]},"properties":{"namn":"Messaure kraftverk","typ":"hydro","spanning_kv":null,"volt_klass":0,"kapacitet_mw":446.0,"operator":"Vattenfall"}},{"type":"Feature","geometry":{"type":"Point","coordinates":[20.38529,66.50323]},"properties":{"namn":"Letsi kraftverk","typ":"hydro","spanning_kv":null,"volt_klass":0,"kapacitet_mw":486.0,"operator":"Vattenfall"}},{"type":"Feature","geometry":{"type":"Point","coordinates":[19.81904,66.88537]},"properties":{"namn":"Harsprångets kraftverk","typ":"hydro","spanning_kv":null,"volt_klass":0,"kapacitet_mw":977.0,"operator":"Vattenfall"}},{"type":"Feature","geometry":{"type":"Point","coordinates":[14.69667,62.44244]},"properties":{"namn":"Mullbergs vindpark","typ":"wind","spanning_kv":null,"volt_klass":0,"kapacitet_mw":78.0,"operator":"Mullbergs Vindpark AB"}},{"type":"Feature","geometry":{"type":"Point","coordinates":[14.62776,62.48703]},"properties":{"namn":"Rätans kraftverk","typ":"hydro","spanning_kv":null,"volt_klass":0,"kapacitet_mw":60.0,"operator":null}},{"type":"Feature","geometry":{"type":"Point","coordinates":[20.68275,65.40593]},"properties":{"namn":"Markbygden vindkraftpark","typ":"wind","spanning_kv":null,"volt_klass":0,"kapacitet_mw":456.0,"operator":null}},{"type":"Feature","geometry":{"type":"Point","coordinates":[14.3262,61.30903]},"properties":{"namn":"Bösjövarden","typ":"wind","spanning_kv":null,"volt_klass":0,"kapacitet_mw":22.5,"operator":"OX2 AB"}},{"type":"Feature","geometry":{"type":"Point","coordinates":[12.37235,58.35577]},"properties":{"namn":"Vargöns kraftverk","typ":"hydro","spanning_kv":null,"volt_klass":0,"kapacitet_mw":165.0,"operator":"Vattenfall"}},{"type":"Feature","geometry":{"type":"Point","coordinates":[19.95291,64.29445]},"properties":{"namn":"Fäbodliden","typ":"wind","spanning_kv":null,"volt_klass":0,"kapacitet_mw":null,"operator":"Fäbodliden Vindkraft AB"}},{"type":"Feature","geometry":{"type":"Point","coordinates":[11.84511,57.70095]},"properties":{"namn":"Arendals kraftverk","typ":"diesel","spanning_kv":null,"volt_klass":0,"kapacitet_mw":null,"operator":"Svenska Kraftnät Gasturbiner AB"}},{"type":"Feature","geometry":{"type":"Point","coordinates":[12.06564,57.73646]},"properties":{"namn":"Solinavium","typ":"solar","spanning_kv":null,"volt_klass":0,"kapacitet_mw":5.5,"operator":"Göteborg Energi AB"}},{"type":"Feature","geometry":{"type":"Point","coordinates":[17.26693,62.82857]},"properties":{"namn":"Hästkullen","typ":"wind","spanning_kv":null,"volt_klass":0,"kapacitet_mw":null,"operator":"Nysäter Wind AB"}},{"type":"Feature","geometry":{"type":"Point","coordinates":[16.51266,62.76018]},"properties":{"namn":"Kråktorpet Wind Farm","typ":"wind","spanning_kv":null,"volt_klass":0,"kapacitet_mw":null,"operator":"Svenska Vindbolaget AB"}},{"type":"Feature","geometry":{"type":"Point","coordinates":[16.85104,62.54582]},"properties":{"namn":"Nylandsbergen Wind Farm","typ":"wind","spanning_kv":null,"volt_klass":0,"kapacitet_mw":null,"operator":"Eolus Vind AB"}},{"type":"Feature","geometry":{"type":"Point","coordinates":[16.93045,62.6976]},"properties":{"namn":"Jenåsen","typ":"wind","spanning_kv":null,"volt_klass":0,"kapacitet_mw":null,"operator":"Wind Farm Jenasen AB"}},{"type":"Feature","geometry":{"type":"Point","coordinates":[12.44472,57.87186]},"properties":{"namn":"Solvedens kraftstation","typ":"hydro","spanning_kv":null,"volt_klass":0,"kapacitet_mw":null,"operator":null}},{"type":"Feature","geometry":{"type":"Point","coordinates":[16.62354,62.68196]},"properties":{"namn":null,"typ":"wind","spanning_kv":null,"volt_klass":0,"kapacitet_mw":null,"operator":null}},{"type":"Feature","geometry":{"type":"Point","coordinates":[19.53382,66.70885]},"properties":{"namn":"Randi kraftstation","typ":"hydro","spanning_kv":null,"volt_klass":0,"kapacitet_mw":85.0,"operator":"Vattenfall"}},{"type":"Feature","geometry":{"type":"Point","coordinates":[20.52223,65.44526]},"properties":{"namn":"Dragaliden","typ":"wind","spanning_kv":null,"volt_klass":0,"kapacitet_mw":24.0,"operator":null}},{"type":"Feature","geometry":{"type":"Point","coordinates":[20.3831,65.45862]},"properties":{"namn":"Storblåliden","typ":"wind","spanning_kv":null,"volt_klass":0,"kapacitet_mw":null,"operator":null}},{"type":"Feature","geometry":{"type":"Point","coordinates":[16.25671,60.35333]},"properties":{"namn":"Högtjärnsklacks Vindpark","typ":"wind","spanning_kv":null,"volt_klass":0,"kapacitet_mw":null,"operator":null}},{"type":"Feature","geometry":{"type":"Point","coordinates":[14.40344,60.80285]},"properties":{"namn":"Vindpark Säliträdberget","typ":"wind","spanning_kv":null,"volt_klass":0,"kapacitet_mw":16.0,"operator":null}},{"type":"Feature","geometry":{"type":"Point","coordinates":[12.11037,57.26148]},"properties":{"namn":"Ringhals kärnkraftverk","typ":"nuclear","spanning_kv":null,"volt_klass":0,"kapacitet_mw":3550.0,"operator":"Ringhals AB"}},{"type":"Feature","geometry":{"type":"Point","coordinates":[13.956,55.88095]},"properties":{"namn":"Höge Väg Vindkraftpark","typ":"wind","spanning_kv":null,"volt_klass":0,"kapacitet_mw":38.0,"operator":null}},{"type":"Feature","geometry":{"type":"Point","coordinates":[12.76628,56.9673]},"properties":{"namn":"Hjuleberg Vindkraftpark","typ":"wind","spanning_kv":null,"volt_klass":0,"kapacitet_mw":36.0,"operator":"Vattenfall Vindkraft AB"}},{"type":"Feature","geometry":{"type":"Point","coordinates":[18.37887,64.22893]},"properties":{"namn":"Stor-Rotliden Vindkraftpark","typ":"wind","spanning_kv":null,"volt_klass":0,"kapacitet_mw":80.0,"operator":"Vattenfall"}},{"type":"Feature","geometry":{"type":"Point","coordinates":[17.2475,65.30301]},"properties":{"namn":"Juktan Vindkraftpark","typ":"wind","spanning_kv":null,"volt_klass":0,"kapacitet_mw":29.0,"operator":null}},{"type":"Feature","geometry":{"type":"Point","coordinates":[16.23495,60.78127]},"properties":{"namn":"Svartnäs vindkraftpark","typ":"wind","spanning_kv":null,"volt_klass":0,"kapacitet_mw":115.0,"operator":null}},{"type":"Feature","geometry":{"type":"Point","coordinates":[12.66324,57.03382]},"properties":{"namn":"Ätrafors kraftstation","typ":"hydro","spanning_kv":null,"volt_klass":0,"kapacitet_mw":13.0,"operator":null}},{"type":"Feature","geometry":{"type":"Point","coordinates":[15.01475,60.60388]},"properties":{"namn":"Gråda kraftverk","typ":"hydro","spanning_kv":null,"volt_klass":0,"kapacitet_mw":null,"operator":null}},{"type":"Feature","geometry":{"type":"Point","coordinates":[14.18576,59.35376]},"properties":{"namn":"Långmarken","typ":"wind","spanning_kv":null,"volt_klass":0,"kapacitet_mw":26.4,"operator":"Eolus Vind AB"}},{"type":"Feature","geometry":{"type":"Point","coordinates":[14.23109,59.29767]},"properties":{"namn":"Sättravallen vindkraftverk","typ":"wind","spanning_kv":null,"volt_klass":0,"kapacitet_mw":52.8,"operator":null}},{"type":"Feature","geometry":{"type":"Point","coordinates":[14.28507,59.18278]},"properties":{"namn":"Krontorp vindkraftverk","typ":"wind","spanning_kv":null,"volt_klass":0,"kapacitet_mw":null,"operator":null}},{"type":"Feature","geometry":{"type":"Point","coordinates":[14.24336,59.14237]},"properties":{"namn":"Bäckhammar vindkraftverk","typ":"wind","spanning_kv":null,"volt_klass":0,"kapacitet_mw":92.4,"operator":null}},{"type":"Feature","geometry":{"type":"Point","coordinates":[12.98854,59.78189]},"properties":{"namn":"Häjsberget och södra Länsmansberget","typ":"wind","spanning_kv":null,"volt_klass":0,"kapacitet_mw":53.3,"operator":"Tekniska verken i Linköping Vind"}},{"type":"Feature","geometry":{"type":"Point","coordinates":[16.18056,56.69191]},"properties":{"namn":"Moskogen","typ":"biomass","spanning_kv":null,"volt_klass":0,"kapacitet_mw":null,"operator":"Kalmar Energi"}},{"type":"Feature","geometry":{"type":"Point","coordinates":[13.57172,62.145]},"properties":{"namn":"Glötesvålen","typ":"wind","spanning_kv":null,"volt_klass":0,"kapacitet_mw":90.0,"operator":"Glötesvålen Vind AB"}},{"type":"Feature","geometry":{"type":"Point","coordinates":[13.91246,60.3905]},"properties":{"namn":"Rämsbergets vindpark","typ":"wind","spanning_kv":null,"volt_klass":0,"kapacitet_mw":21.0,"operator":"OX2"}},{"type":"Feature","geometry":{"type":"Point","coordinates":[11.99841,57.64046]},"properties":{"namn":"Riskullaverket","typ":null,"spanning_kv":null,"volt_klass":0,"kapacitet_mw":null,"operator":"Mölndal Energi"}},{"type":"Feature","geometry":{"type":"Point","coordinates":[16.51329,61.04591]},"properties":{"namn":"Åmot-Lingbo vindpark","typ":"wind","spanning_kv":null,"volt_klass":0,"kapacitet_mw":249.0,"operator":"OX2"}},{"type":"Feature","geometry":{"type":"Point","coordinates":[12.21099,57.3777]},"properties":{"namn":"Iglasjön","typ":"wind","spanning_kv":null,"volt_klass":0,"kapacitet_mw":null,"operator":"Eolus Vind AB"}},{"type":"Feature","geometry":{"type":"Point","coordinates":[12.15611,58.14708]},"properties":{"namn":"Prässebergens vindpark","typ":"wind","spanning_kv":null,"volt_klass":0,"kapacitet_mw":null,"operator":"Prässeberg Vind AB"}},{"type":"Feature","geometry":{"type":"Point","coordinates":[11.41272,58.77074]},"properties":{"namn":"Mungseröds Vindpark","typ":"wind","spanning_kv":null,"volt_klass":0,"kapacitet_mw":null,"operator":null}},{"type":"Feature","geometry":{"type":"Point","coordinates":[11.83203,58.85765]},"properties":{"namn":"Töftedalsfjället","typ":"wind","spanning_kv":null,"volt_klass":0,"kapacitet_mw":48.3,"operator":null}},{"type":"Feature","geometry":{"type":"Point","coordinates":[15.23367,57.24741]},"properties":{"namn":"Lemnhult","typ":"wind","spanning_kv":null,"volt_klass":0,"kapacitet_mw":null,"operator":null}},{"type":"Feature","geometry":{"type":"Point","coordinates":[16.38308,56.43604]},"properties":{"namn":null,"typ":"wind","spanning_kv":null,"volt_klass":0,"kapacitet_mw":null,"operator":null}},{"type":"Feature","geometry":{"type":"Point","coordinates":[17.21429,65.28462]},"properties":{"namn":"Blaiken vindkraftpark","typ":"wind","spanning_kv":null,"volt_klass":0,"kapacitet_mw":247.5,"operator":"BlaikenVind Aktiebolag"}},{"type":"Feature","geometry":{"type":"Point","coordinates":[15.71256,64.06909]},"properties":{"namn":"Havsnäs Vindkraftpark","typ":"wind","spanning_kv":null,"volt_klass":0,"kapacitet_mw":93.4,"operator":"Nordisk Vindkraft"}},{"type":"Feature","geometry":{"type":"Point","coordinates":[13.58805,63.75903]},"properties":{"namn":"Storrun vindpark","typ":"wind","spanning_kv":null,"volt_klass":0,"kapacitet_mw":30.0,"operator":"Storrun Vindkraft AB"}},{"type":"Feature","geometry":{"type":"Point","coordinates":[16.93877,59.37083]},"properties":{"namn":"Strängnäs Solpark","typ":"solar","spanning_kv":null,"volt_klass":0,"kapacitet_mw":14.0,"operator":null}},{"type":"Feature","geometry":{"type":"Point","coordinates":[11.87148,57.78569]},"properties":{"namn":"Nya Solevi","typ":"solar","spanning_kv":null,"volt_klass":0,"kapacitet_mw":5.5,"operator":"Göteborg Energi AB"}},{"type":"Feature","geometry":{"type":"Point","coordinates":[14.02337,60.50465]},"properties":{"namn":"Hunflens Vindpark","typ":"wind","spanning_kv":null,"volt_klass":0,"kapacitet_mw":null,"operator":null}},{"type":"Feature","geometry":{"type":"Point","coordinates":[18.10291,59.35879]},"properties":{"namn":"Värmeverk Ropsten 1 & 2","typ":null,"spanning_kv":null,"volt_klass":0,"kapacitet_mw":null,"operator":null}},{"type":"Feature","geometry":{"type":"Point","coordinates":[20.09369,65.13952]},"properties":{"namn":"Aldermyrberget","typ":"wind","spanning_kv":null,"volt_klass":0,"kapacitet_mw":72.0,"operator":null}},{"type":"Feature","geometry":{"type":"Point","coordinates":[19.94004,65.19681]},"properties":{"namn":"Brännlidens vindkraftspark","typ":"wind","spanning_kv":null,"volt_klass":0,"kapacitet_mw":null,"operator":null}},{"type":"Feature","geometry":{"type":"Point","coordinates":[20.8139,65.29334]},"properties":{"namn":"Markbygden Etapp 3","typ":"wind","spanning_kv":null,"volt_klass":0,"kapacitet_mw":null,"operator":null}},{"type":"Feature","geometry":{"type":"Point","coordinates":[21.71121,65.21375]},"properties":{"namn":"Bondön","typ":"wind","spanning_kv":null,"volt_klass":0,"kapacitet_mw":null,"operator":null}},{"type":"Feature","geometry":{"type":"Point","coordinates":[14.68629,59.21301]},"properties":{"namn":"Kronoberget","typ":"wind","spanning_kv":null,"volt_klass":0,"kapacitet_mw":null,"operator":null}},{"type":"Feature","geometry":{"type":"Point","coordinates":[13.44374,55.48668]},"properties":{"namn":"Martin & Servera solpark","typ":"solar","spanning_kv":null,"volt_klass":0,"kapacitet_mw":18.0,"operator":"Alight"}},{"type":"Feature","geometry":{"type":"Point","coordinates":[13.38137,59.26239]},"properties":{"namn":"Vindpark Vänern","typ":"wind","spanning_kv":null,"volt_klass":0,"kapacitet_mw":30.0,"operator":null}},{"type":"Feature","geometry":{"type":"Point","coordinates":[14.03196,58.76805]},"properties":{"namn":"Lyrestad II","typ":"wind","spanning_kv":null,"volt_klass":0,"kapacitet_mw":null,"operator":"Lyrestad Vind AB"}},{"type":"Feature","geometry":{"type":"Point","coordinates":[14.02311,58.77285]},"properties":{"namn":"Lyrestad","typ":"wind","spanning_kv":null,"volt_klass":0,"kapacitet_mw":null,"operator":"Lyrestad Vind AB"}},{"type":"Feature","geometry":{"type":"Point","coordinates":[15.06624,58.45073]},"properties":{"namn":"Götala 1","typ":"wind","spanning_kv":null,"volt_klass":0,"kapacitet_mw":null,"operator":"Styra Vind AB"}},{"type":"Feature","geometry":{"type":"Point","coordinates":[14.76503,58.40303]},"properties":{"namn":"Vilseberga","typ":"wind","spanning_kv":null,"volt_klass":0,"kapacitet_mw":null,"operator":null}},{"type":"Feature","geometry":{"type":"Point","coordinates":[15.15306,58.27051]},"properties":{"namn":"Näsby/Överberg","typ":"wind","spanning_kv":null,"volt_klass":0,"kapacitet_mw":null,"operator":"Örbacken Energi Handelsbolag"}},{"type":"Feature","geometry":{"type":"Point","coordinates":[15.12639,58.26226]},"properties":{"namn":"Örbacken","typ":"wind","spanning_kv":null,"volt_klass":0,"kapacitet_mw":null,"operator":null}},{"type":"Feature","geometry":{"type":"Point","coordinates":[15.10916,58.77779]},"properties":{"namn":"Zinkgruvan","typ":"wind","spanning_kv":null,"volt_klass":0,"kapacitet_mw":null,"operator":null}},{"type":"Feature","geometry":{"type":"Point","coordinates":[15.03615,58.75978]},"properties":{"namn":"Gärdshyttan","typ":"wind","spanning_kv":null,"volt_klass":0,"kapacitet_mw":null,"operator":null}},{"type":"Feature","geometry":{"type":"Point","coordinates":[15.02578,58.75431]},"properties":{"namn":"Södra Kärra","typ":"wind","spanning_kv":null,"volt_klass":0,"kapacitet_mw":null,"operator":null}},{"type":"Feature","geometry":{"type":"Point","coordinates":[23.45728,66.83955]},"properties":{"namn":"Aapua Vindpark","typ":"wind","spanning_kv":null,"volt_klass":0,"kapacitet_mw":null,"operator":null}},{"type":"Feature","geometry":{"type":"Point","coordinates":[23.335,66.88667]},"properties":{"namn":"Maevaara vindpark","typ":"wind","spanning_kv":null,"volt_klass":0,"kapacitet_mw":105.0,"operator":null}},{"type":"Feature","geometry":{"type":"Point","coordinates":[20.91992,65.37031]},"properties":{"namn":"Skogberget","typ":"wind","spanning_kv":null,"volt_klass":0,"kapacitet_mw":null,"operator":null}},{"type":"Feature","geometry":{"type":"Point","coordinates":[20.64825,65.42717]},"properties":{"namn":"Ersträsk","typ":"wind","spanning_kv":null,"volt_klass":0,"kapacitet_mw":null,"operator":null}},{"type":"Feature","geometry":{"type":"Point","coordinates":[17.62265,65.96618]},"properties":{"namn":"Uljabuoda vindkraftspark","typ":"wind","spanning_kv":null,"volt_klass":0,"kapacitet_mw":null,"operator":null}},{"type":"Feature","geometry":{"type":"Point","coordinates":[23.71874,65.71725]},"properties":{"namn":"Seskarö","typ":"wind","spanning_kv":null,"volt_klass":0,"kapacitet_mw":null,"operator":null}},{"type":"Feature","geometry":{"type":"Point","coordinates":[23.38343,65.78205]},"properties":{"namn":"Axelsvik 1","typ":"wind","spanning_kv":null,"volt_klass":0,"kapacitet_mw":null,"operator":"Kalix Wind AB"}},{"type":"Feature","geometry":{"type":"Point","coordinates":[23.08869,65.70927]},"properties":{"namn":"Storön","typ":"wind","spanning_kv":null,"volt_klass":0,"kapacitet_mw":null,"operator":"GE Maskintjänst AB"}},{"type":"Feature","geometry":{"type":"Point","coordinates":[20.31382,65.00583]},"properties":{"namn":"Fjällboheden vindpark","typ":"wind","spanning_kv":null,"volt_klass":0,"kapacitet_mw":null,"operator":"Fjällboheden Vind AB"}},{"type":"Feature","geometry":{"type":"Point","coordinates":[20.13694,67.62359]},"properties":{"namn":"Sjisjka Vindkraftspark","typ":"wind","spanning_kv":null,"volt_klass":0,"kapacitet_mw":null,"operator":"Sjisjka Vind AB"}},{"type":"Feature","geometry":{"type":"Point","coordinates":[22.07777,67.06153]},"properties":{"namn":"Lehtirova vindkraftpark","typ":"wind","spanning_kv":null,"volt_klass":0,"kapacitet_mw":null,"operator":"Lehtirova Wind AB"}},{"type":"Feature","geometry":{"type":"Point","coordinates":[20.21607,65.55594]},"properties":{"namn":"Markbygden vindkraftpark, etapp 2","typ":"wind","spanning_kv":null,"volt_klass":0,"kapacitet_mw":null,"operator":"Markbygden Vind AB"}},{"type":"Feature","geometry":{"type":"Point","coordinates":[18.95896,65.27693]},"properties":{"namn":"Jokkmokksliden","typ":"wind","spanning_kv":null,"volt_klass":0,"kapacitet_mw":null,"operator":"Skellefteå Kraft AB"}},{"type":"Feature","geometry":{"type":"Point","coordinates":[18.9128,65.21621]},"properties":{"namn":"Storliden","typ":"wind","spanning_kv":null,"volt_klass":0,"kapacitet_mw":null,"operator":"Skellefteå Kraft AB"}},{"type":"Feature","geometry":{"type":"Point","coordinates":[18.61034,65.08852]},"properties":{"namn":"Hornberget","typ":"wind","spanning_kv":null,"volt_klass":0,"kapacitet_mw":null,"operator":"Jämtkraft AB"}},{"type":"Feature","geometry":{"type":"Point","coordinates":[18.75507,65.10944]},"properties":{"namn":"Ytterberg","typ":"wind","spanning_kv":null,"volt_klass":0,"kapacitet_mw":null,"operator":"Vindkraft i Ytterberg AB"}},{"type":"Feature","geometry":{"type":"Point","coordinates":[17.97394,59.35141]},"properties":{"namn":"Fjärrkylstation","typ":null,"spanning_kv":null,"volt_klass":0,"kapacitet_mw":null,"operator":"Norr Energi"}},{"type":"Feature","geometry":{"type":"Point","coordinates":[14.01084,57.17177]},"properties":{"namn":"Värmeverket","typ":"biomass","spanning_kv":null,"volt_klass":0,"kapacitet_mw":null,"operator":"Värnamo Energi"}},{"type":"Feature","geometry":{"type":"Point","coordinates":[14.20241,55.94171]},"properties":{"namn":"Nolato Solpark","typ":"solar","spanning_kv":null,"volt_klass":0,"kapacitet_mw":7.2,"operator":"Alight"}},{"type":"Feature","geometry":{"type":"Point","coordinates":[16.78968,63.40043]},"properties":{"namn":"Salsjön","typ":"wind","spanning_kv":null,"volt_klass":0,"kapacitet_mw":null,"operator":null}},{"type":"Feature","geometry":{"type":"Point","coordinates":[11.63172,58.30831]},"properties":{"namn":"Lejdebergen vindkraftverk","typ":"wind","spanning_kv":null,"volt_klass":0,"kapacitet_mw":4.0,"operator":"Bohusvind AB"}},{"type":"Feature","geometry":{"type":"Point","coordinates":[11.72302,58.37002]},"properties":{"namn":"Rålanda vindkraftverk","typ":"wind","spanning_kv":null,"volt_klass":0,"kapacitet_mw":4.8,"operator":null}},{"type":"Feature","geometry":{"type":"Point","coordinates":[11.69977,58.39638]},"properties":{"namn":"Gunnarby","typ":"wind","spanning_kv":null,"volt_klass":0,"kapacitet_mw":18.4,"operator":null}},{"type":"Feature","geometry":{"type":"Point","coordinates":[12.37191,58.35869]},"properties":{"namn":"Önafors Värmeverk","typ":"biomass","spanning_kv":null,"volt_klass":0,"kapacitet_mw":null,"operator":"Vattenfall"}},{"type":"Feature","geometry":{"type":"Point","coordinates":[11.84056,58.0874]},"properties":{"namn":"Stenungsunds kraftverk","typ":"oil","spanning_kv":null,"volt_klass":0,"kapacitet_mw":520.0,"operator":"Vattenfall"}},{"type":"Feature","geometry":{"type":"Point","coordinates":[19.00496,65.04979]},"properties":{"namn":"Åmliden 2","typ":"wind","spanning_kv":null,"volt_klass":0,"kapacitet_mw":null,"operator":"Åmliden Vindkraft AB"}},{"type":"Feature","geometry":{"type":"Point","coordinates":[19.00641,65.04452]},"properties":{"namn":"Åmliden","typ":"wind","spanning_kv":null,"volt_klass":0,"kapacitet_mw":null,"operator":"Renvind AB"}},{"type":"Feature","geometry":{"type":"Point","coordinates":[19.01794,65.05512]},"properties":{"namn":"Åmliden","typ":"wind","spanning_kv":null,"volt_klass":0,"kapacitet_mw":null,"operator":null}},{"type":"Feature","geometry":{"type":"Point","coordinates":[20.99264,64.1726]},"properties":{"namn":"Granberget 2","typ":"wind","spanning_kv":null,"volt_klass":0,"kapacitet_mw":null,"operator":null}},{"type":"Feature","geometry":{"type":"Point","coordinates":[21.00817,64.18344]},"properties":{"namn":"Granberget 1","typ":"wind","spanning_kv":null,"volt_klass":0,"kapacitet_mw":null,"operator":null}},{"type":"Feature","geometry":{"type":"Point","coordinates":[20.29846,64.28962]},"properties":{"namn":"Högaliden","typ":"wind","spanning_kv":null,"volt_klass":0,"kapacitet_mw":null,"operator":"Högaliden Vindkraft AB"}},{"type":"Feature","geometry":{"type":"Point","coordinates":[18.48521,64.20825]},"properties":{"namn":"Fäbodberget Vindkraftpark","typ":"wind","spanning_kv":null,"volt_klass":0,"kapacitet_mw":null,"operator":null}},{"type":"Feature","geometry":{"type":"Point","coordinates":[18.07035,64.09072]},"properties":{"namn":"Blakliden Vindkraftpark","typ":"wind","spanning_kv":null,"volt_klass":0,"kapacitet_mw":null,"operator":"Vattenfall Vindkraft AB"}},{"type":"Feature","geometry":{"type":"Point","coordinates":[18.11771,64.03466]},"properties":{"namn":"Blakliden Vindkraftpark","typ":"wind","spanning_kv":null,"volt_klass":0,"kapacitet_mw":null,"operator":"Vattenfall Vindkraft AB"}},{"type":"Feature","geometry":{"type":"Point","coordinates":[17.98557,63.88927]},"properties":{"namn":"Blackfjället","typ":"wind","spanning_kv":null,"volt_klass":0,"kapacitet_mw":null,"operator":"Stavro Vind Aktiebolag"}},{"type":"Feature","geometry":{"type":"Point","coordinates":[17.93015,63.80901]},"properties":{"namn":"Blodrotberget","typ":"wind","spanning_kv":null,"volt_klass":0,"kapacitet_mw":null,"operator":"Stavro Vind Aktiebolag"}},{"type":"Feature","geometry":{"type":"Point","coordinates":[19.00189,63.6354]},"properties":{"namn":"Brattmyrliden - Lidenprojekten","typ":"wind","spanning_kv":null,"volt_klass":0,"kapacitet_mw":null,"operator":"Brattmyrliden Vind AB"}},{"type":"Feature","geometry":{"type":"Point","coordinates":[18.8446,63.72688]},"properties":{"namn":"Åliden - Lidenprojekten","typ":"wind","spanning_kv":null,"volt_klass":0,"kapacitet_mw":null,"operator":"Åliden Vind AB"}},{"type":"Feature","geometry":{"type":"Point","coordinates":[16.01072,63.41824]},"properties":{"namn":"Björkvattnet","typ":"wind","spanning_kv":null,"volt_klass":0,"kapacitet_mw":null,"operator":"Treblade Björkvattnet AB"}},{"type":"Feature","geometry":{"type":"Point","coordinates":[15.13656,63.53958]},"properties":{"namn":"Åskälen","typ":"wind","spanning_kv":null,"volt_klass":0,"kapacitet_mw":null,"operator":"Åskälen Vindkraft AB"}},{"type":"Feature","geometry":{"type":"Point","coordinates":[15.10854,63.46227]},"properties":{"namn":"Österåsen","typ":"wind","spanning_kv":null,"volt_klass":0,"kapacitet_mw":null,"operator":"Åskälen Vindkraft AB"}},{"type":"Feature","geometry":{"type":"Point","coordinates":[18.17155,63.32269]},"properties":{"namn":"Västerkäl","typ":"wind","spanning_kv":null,"volt_klass":0,"kapacitet_mw":null,"operator":"unknown"}},{"type":"Feature","geometry":{"type":"Point","coordinates":[18.12556,63.30084]},"properties":{"namn":"Sidensjö","typ":"wind","spanning_kv":null,"volt_klass":0,"kapacitet_mw":null,"operator":"Sidensjö Vindkraft AB"}},{"type":"Feature","geometry":{"type":"Point","coordinates":[17.52899,62.84028]},"properties":{"namn":"Björnlandhöjden","typ":"wind","spanning_kv":null,"volt_klass":0,"kapacitet_mw":null,"operator":"Nysäter Wind AB"}},{"type":"Feature","geometry":{"type":"Point","coordinates":[12.52292,57.98212]},"properties":{"namn":"Rödene vindpark","typ":"wind","spanning_kv":null,"volt_klass":0,"kapacitet_mw":86.0,"operator":"Rödene Vindkraft AB"}},{"type":"Feature","geometry":{"type":"Point","coordinates":[12.92887,57.72936]},"properties":{"namn":"Ryaverket","typ":null,"spanning_kv":null,"volt_klass":0,"kapacitet_mw":null,"operator":"Borås Energi och Miljö"}},{"type":"Feature","geometry":{"type":"Point","coordinates":[12.17394,57.23321]},"properties":{"namn":"Lahall","typ":"oil","spanning_kv":null,"volt_klass":0,"kapacitet_mw":240.0,"operator":null}},{"type":"Feature","geometry":{"type":"Point","coordinates":[13.00268,56.90931]},"properties":{"namn":"Fröslida","typ":"wind","spanning_kv":null,"volt_klass":0,"kapacitet_mw":22.5,"operator":"Arise Windfarm 3 AB"}},{"type":"Feature","geometry":{"type":"Point","coordinates":[13.02348,56.91498]},"properties":{"namn":"Ryssbol","typ":"wind","spanning_kv":null,"volt_klass":0,"kapacitet_mw":13.2,"operator":"Arise Windpower AB"}},{"type":"Feature","geometry":{"type":"Point","coordinates":[13.09174,56.86788]},"properties":{"namn":"Örken","typ":"wind","spanning_kv":null,"volt_klass":0,"kapacitet_mw":18.0,"operator":"RWE Renewables Sweden AB"}},{"type":"Feature","geometry":{"type":"Point","coordinates":[13.04866,56.87078]},"properties":{"namn":"Fröslida kraftstation","typ":"hydro","spanning_kv":null,"volt_klass":0,"kapacitet_mw":2.4,"operator":null}},{"type":"Feature","geometry":{"type":"Point","coordinates":[12.96761,57.18922]},"properties":{"namn":"Skåpanäs kraftstation","typ":"hydro","spanning_kv":null,"volt_klass":0,"kapacitet_mw":11.0,"operator":null}},{"type":"Feature","geometry":{"type":"Point","coordinates":[13.26639,56.45079]},"properties":{"namn":"Oxhult vindpark","typ":"wind","spanning_kv":null,"volt_klass":0,"kapacitet_mw":24.0,"operator":"Arise Windfarm 1 AB"}},{"type":"Feature","geometry":{"type":"Point","coordinates":[13.30235,56.49503]},"properties":{"namn":"Tommared","typ":"wind","spanning_kv":null,"volt_klass":0,"kapacitet_mw":13.8,"operator":null}},{"type":"Feature","geometry":{"type":"Point","coordinates":[13.20862,56.54119]},"properties":{"namn":"Skogaby","typ":"wind","spanning_kv":null,"volt_klass":0,"kapacitet_mw":7.2,"operator":"Arise Windpower AB"}},{"type":"Feature","geometry":{"type":"Point","coordinates":[13.24313,56.543]},"properties":{"namn":"Uddared vindpark","typ":"wind","spanning_kv":null,"volt_klass":0,"kapacitet_mw":22.5,"operator":"Uddared Energi Aktiebolag"}},{"type":"Feature","geometry":{"type":"Point","coordinates":[13.30267,56.46316]},"properties":{"namn":"Kåphult Vindkraftpark","typ":"wind","spanning_kv":null,"volt_klass":0,"kapacitet_mw":17.5,"operator":"Arise Windfarm 1 AB"}},{"type":"Feature","geometry":{"type":"Point","coordinates":[13.3689,56.53514]},"properties":{"namn":"Knäred vindpark","typ":"wind","spanning_kv":null,"volt_klass":0,"kapacitet_mw":20.0,"operator":"RWE Renewables Sweden AB"}},{"type":"Feature","geometry":{"type":"Point","coordinates":[13.42212,56.47785]},"properties":{"namn":"Grytsjön","typ":"wind","spanning_kv":null,"volt_klass":0,"kapacitet_mw":30.0,"operator":"Grytsjö Energi AB"}},{"type":"Feature","geometry":{"type":"Point","coordinates":[12.76001,56.16481]},"properties":{"namn":"Västraby vindpark","typ":"wind","spanning_kv":null,"volt_klass":0,"kapacitet_mw":14.25,"operator":null}},{"type":"Feature","geometry":{"type":"Point","coordinates":[12.76484,56.1721]},"properties":{"namn":"Rögle vindpark","typ":"wind","spanning_kv":null,"volt_klass":0,"kapacitet_mw":22.8,"operator":null}},{"type":"Feature","geometry":{"type":"Point","coordinates":[13.53775,57.45732]},"properties":{"namn":"Grimsås","typ":"wind","spanning_kv":null,"volt_klass":0,"kapacitet_mw":46.8,"operator":"Grimsås Vindkraft AB"}},{"type":"Feature","geometry":{"type":"Point","coordinates":[13.36848,58.36462]},"properties":{"namn":"Simatorp vindkraftverk","typ":"wind","spanning_kv":null,"volt_klass":0,"kapacitet_mw":6.0,"operator":null}},{"type":"Feature","geometry":{"type":"Point","coordinates":[13.06628,58.32767]},"properties":{"namn":"Bränneberg vindkraftverk","typ":"wind","spanning_kv":null,"volt_klass":0,"kapacitet_mw":1.7,"operator":null}},{"type":"Feature","geometry":{"type":"Point","coordinates":[13.07253,58.31995]},"properties":{"namn":"Jung-Åsa vindkraftverk","typ":"wind","spanning_kv":null,"volt_klass":0,"kapacitet_mw":12.0,"operator":"Eolus Vind AB"}},{"type":"Feature","geometry":{"type":"Point","coordinates":[13.27593,58.34061]},"properties":{"namn":"Karstorp vindkraftverk","typ":"wind","spanning_kv":null,"volt_klass":0,"kapacitet_mw":6.0,"operator":null}},{"type":"Feature","geometry":{"type":"Point","coordinates":[13.25642,58.36368]},"properties":{"namn":"Nyckeltorp vindkraftverk","typ":"wind","spanning_kv":null,"volt_klass":0,"kapacitet_mw":6.0,"operator":"Eolus Vind AB"}},{"type":"Feature","geometry":{"type":"Point","coordinates":[13.23548,58.35137]},"properties":{"namn":"Kilagården vindkraftverk","typ":"wind","spanning_kv":null,"volt_klass":0,"kapacitet_mw":6.0,"operator":"Wallenstam Vindkraft Skuggetorp AB"}},{"type":"Feature","geometry":{"type":"Point","coordinates":[13.19089,58.36908]},"properties":{"namn":"Basebo vindkraftverk","typ":"wind","spanning_kv":null,"volt_klass":0,"kapacitet_mw":8.0,"operator":"Eolus Vind AB"}},{"type":"Feature","geometry":{"type":"Point","coordinates":[13.21764,58.36065]},"properties":{"namn":"Tagelberg vindkraftverk","typ":"wind","spanning_kv":null,"volt_klass":0,"kapacitet_mw":4.0,"operator":"Bixia Gryningsvind AB"}},{"type":"Feature","geometry":{"type":"Point","coordinates":[18.22337,57.08755]},"properties":{"namn":"Näsudden Öst","typ":"wind","spanning_kv":null,"volt_klass":0,"kapacitet_mw":null,"operator":"Vattenfall"}},{"type":"Feature","geometry":{"type":"Point","coordinates":[18.18131,57.37373]},"properties":{"namn":"Stjups vindkraftpark","typ":"wind","spanning_kv":null,"volt_klass":0,"kapacitet_mw":null,"operator":null}},{"type":"Feature","geometry":{"type":"Point","coordinates":[18.14853,57.03699]},"properties":{"namn":"Näsudden Wind farm","typ":"wind","spanning_kv":null,"volt_klass":0,"kapacitet_mw":null,"operator":null}},{"type":"Feature","geometry":{"type":"Point","coordinates":[17.02596,56.98877]},"properties":{"namn":"Kårehamn Offshore Windfarm","typ":"wind","spanning_kv":null,"volt_klass":0,"kapacitet_mw":null,"operator":"RWE Renewables Sweden AB"}},{"type":"Feature","geometry":{"type":"Point","coordinates":[13.95149,57.98636]},"properties":{"namn":"Hornamossen","typ":"wind","spanning_kv":null,"volt_klass":0,"kapacitet_mw":43.0,"operator":null}},{"type":"Feature","geometry":{"type":"Point","coordinates":[12.0202,58.16054]},"properties":{"namn":"Vindpark Högen","typ":"wind","spanning_kv":null,"volt_klass":0,"kapacitet_mw":null,"operator":"Rabbalshede Kraft"}},{"type":"Feature","geometry":{"type":"Point","coordinates":[14.40777,58.8555]},"properties":{"namn":"Slottsbol","typ":"wind","spanning_kv":null,"volt_klass":0,"kapacitet_mw":13.0,"operator":"Slottsbol Drift AB"}},{"type":"Feature","geometry":{"type":"Point","coordinates":[15.56257,64.64033]},"properties":{"namn":"Bliekevare","typ":"wind","spanning_kv":null,"volt_klass":0,"kapacitet_mw":null,"operator":"EnBW Sverige Vind AB"}},{"type":"Feature","geometry":{"type":"Point","coordinates":[15.401,64.39113]},"properties":{"namn":"Harrsjön","typ":"wind","spanning_kv":null,"volt_klass":0,"kapacitet_mw":null,"operator":null}},{"type":"Feature","geometry":{"type":"Point","coordinates":[16.50618,63.7616]},"properties":{"namn":"Betåsberget","typ":"wind","spanning_kv":null,"volt_klass":0,"kapacitet_mw":null,"operator":null}},{"type":"Feature","geometry":{"type":"Point","coordinates":[17.45194,63.88143]},"properties":{"namn":"Bräntet, Solberg","typ":"wind","spanning_kv":null,"volt_klass":0,"kapacitet_mw":null,"operator":"Solberg Vindkraft AB"}},{"type":"Feature","geometry":{"type":"Point","coordinates":[15.55233,62.74011]},"properties":{"namn":"Bröcklingsberget 1","typ":"wind","spanning_kv":null,"volt_klass":0,"kapacitet_mw":null,"operator":"FP Lux Wind Bröcklingberget AB"}},{"type":"Feature","geometry":{"type":"Point","coordinates":[15.52821,62.78274]},"properties":{"namn":"Bröcklingsberget 2","typ":"wind","spanning_kv":null,"volt_klass":0,"kapacitet_mw":null,"operator":"FP Lux Wind Bröcklingberget AB"}},{"type":"Feature","geometry":{"type":"Point","coordinates":[15.06205,62.49931]},"properties":{"namn":"Storflötten","typ":"wind","spanning_kv":null,"volt_klass":0,"kapacitet_mw":null,"operator":"Turinge Energi AB"}},{"type":"Feature","geometry":{"type":"Point","coordinates":[14.16146,62.61984]},"properties":{"namn":"Middagsberget","typ":"wind","spanning_kv":null,"volt_klass":0,"kapacitet_mw":null,"operator":"Middagsberget Vindkraft AB"}},{"type":"Feature","geometry":{"type":"Point","coordinates":[13.96758,61.74447]},"properties":{"namn":"Åndberget","typ":"wind","spanning_kv":null,"volt_klass":0,"kapacitet_mw":null,"operator":"Åndberg Vind AB"}},{"type":"Feature","geometry":{"type":"Point","coordinates":[15.39879,60.78991]},"properties":{"namn":"Högberget","typ":"wind","spanning_kv":null,"volt_klass":0,"kapacitet_mw":null,"operator":null}},{"type":"Feature","geometry":{"type":"Point","coordinates":[15.39971,60.79915]},"properties":{"namn":"Högberget","typ":"wind","spanning_kv":null,"volt_klass":0,"kapacitet_mw":null,"operator":null}},{"type":"Feature","geometry":{"type":"Point","coordinates":[16.31506,60.59148]},"properties":{"namn":"Kaptensberget","typ":"wind","spanning_kv":null,"volt_klass":0,"kapacitet_mw":null,"operator":"Vingkraft Hakarp AB"}},{"type":"Feature","geometry":{"type":"Point","coordinates":[16.25633,60.35392]},"properties":{"namn":"Finnhyttan","typ":"wind","spanning_kv":null,"volt_klass":0,"kapacitet_mw":null,"operator":"Dala Vind AB"}},{"type":"Feature","geometry":{"type":"Point","coordinates":[17.39745,60.65385]},"properties":{"namn":"Skutskär","typ":"wind","spanning_kv":null,"volt_klass":0,"kapacitet_mw":null,"operator":null}},{"type":"Feature","geometry":{"type":"Point","coordinates":[12.55282,59.00243]},"properties":{"namn":"Söderbodane","typ":"wind","spanning_kv":null,"volt_klass":0,"kapacitet_mw":null,"operator":"Älvsborgsvind AB (publ)"}},{"type":"Feature","geometry":{"type":"Point","coordinates":[12.30752,58.83639]},"properties":{"namn":"Vindpark Ränsliden","typ":"wind","spanning_kv":null,"volt_klass":0,"kapacitet_mw":null,"operator":"Scanergy Dalsland AB"}},{"type":"Feature","geometry":{"type":"Point","coordinates":[11.5104,58.56638]},"properties":{"namn":"Hellevadström 2 och 3","typ":"wind","spanning_kv":null,"volt_klass":0,"kapacitet_mw":null,"operator":"Dingleskogen Vind AB"}},{"type":"Feature","geometry":{"type":"Point","coordinates":[11.80833,58.61375]},"properties":{"namn":"Brattön","typ":"wind","spanning_kv":null,"volt_klass":0,"kapacitet_mw":null,"operator":"Brattön Vind AB"}},{"type":"Feature","geometry":{"type":"Point","coordinates":[12.41976,58.58956]},"properties":{"namn":"Tängelsbol","typ":"wind","spanning_kv":null,"volt_klass":0,"kapacitet_mw":null,"operator":null}},{"type":"Feature","geometry":{"type":"Point","coordinates":[12.5078,58.60742]},"properties":{"namn":"Söbyn","typ":"wind","spanning_kv":null,"volt_klass":0,"kapacitet_mw":null,"operator":null}},{"type":"Feature","geometry":{"type":"Point","coordinates":[12.5767,58.61583]},"properties":{"namn":"Karlsfält","typ":"wind","spanning_kv":null,"volt_klass":0,"kapacitet_mw":null,"operator":"Slättens Vind ek för"}},{"type":"Feature","geometry":{"type":"Point","coordinates":[12.5308,58.62142]},"properties":{"namn":"Grinstads-Hagen 2 öst","typ":"wind","spanning_kv":null,"volt_klass":0,"kapacitet_mw":null,"operator":"Slättens Vind ek för"}},{"type":"Feature","geometry":{"type":"Point","coordinates":[12.39577,58.65466]},"properties":{"namn":"Fågelbacka","typ":"wind","spanning_kv":null,"volt_klass":0,"kapacitet_mw":null,"operator":"Dalboslättens Vind AB"}},{"type":"Feature","geometry":{"type":"Point","coordinates":[12.43635,58.64054]},"properties":{"namn":"Erikstads-Björnebol","typ":"wind","spanning_kv":null,"volt_klass":0,"kapacitet_mw":null,"operator":"Dalboslättens Vind AB"}},{"type":"Feature","geometry":{"type":"Point","coordinates":[12.48772,58.58267]},"properties":{"namn":"Bolstads-Prästgård 1","typ":"wind","spanning_kv":null,"volt_klass":0,"kapacitet_mw":null,"operator":"Eolus Vind AB"}},{"type":"Feature","geometry":{"type":"Point","coordinates":[12.56156,58.60174]},"properties":{"namn":"Qvantenburg 2","typ":"wind","spanning_kv":null,"volt_klass":0,"kapacitet_mw":null,"operator":null}},{"type":"Feature","geometry":{"type":"Point","coordinates":[12.40001,58.62198]},"properties":{"namn":"Västergården 1","typ":"wind","spanning_kv":null,"volt_klass":0,"kapacitet_mw":null,"operator":null}},{"type":"Feature","geometry":{"type":"Point","coordinates":[12.52622,58.53774]},"properties":{"namn":"Vänervind","typ":"wind","spanning_kv":null,"volt_klass":0,"kapacitet_mw":null,"operator":"Vänervind AB"}},{"type":"Feature","geometry":{"type":"Point","coordinates":[11.64435,58.17018]},"properties":{"namn":"Ileberg 1, Tärnmåsen","typ":"wind","spanning_kv":null,"volt_klass":0,"kapacitet_mw":null,"operator":"Orust Drift AB"}},{"type":"Feature","geometry":{"type":"Point","coordinates":[12.0202,58.16054]},"properties":{"namn":"Vindkraftpark Högen","typ":"wind","spanning_kv":null,"volt_klass":0,"kapacitet_mw":null,"operator":"Rabbalshede Kraft AB"}},{"type":"Feature","geometry":{"type":"Point","coordinates":[12.07677,58.10698]},"properties":{"namn":"Sannersby","typ":"wind","spanning_kv":null,"volt_klass":0,"kapacitet_mw":null,"operator":null}},{"type":"Feature","geometry":{"type":"Point","coordinates":[12.01632,58.11052]},"properties":{"namn":"Sköllunga","typ":"wind","spanning_kv":null,"volt_klass":0,"kapacitet_mw":null,"operator":"Rabbalshede Kraft AB"}},{"type":"Feature","geometry":{"type":"Point","coordinates":[11.84187,58.08908]},"properties":{"namn":"Hog","typ":"wind","spanning_kv":null,"volt_klass":0,"kapacitet_mw":null,"operator":"Spawer Kraft AB"}},{"type":"Feature","geometry":{"type":"Point","coordinates":[12.77578,58.29166]},"properties":{"namn":"Eolus Vind","typ":"wind","spanning_kv":null,"volt_klass":0,"kapacitet_mw":null,"operator":"Hyringa Vind AB"}},{"type":"Feature","geometry":{"type":"Point","coordinates":[12.78744,58.33314]},"properties":{"namn":"Gunnarstorp","typ":"wind","spanning_kv":null,"volt_klass":0,"kapacitet_mw":null,"operator":"Gunnarstorp Vind AB"}},{"type":"Feature","geometry":{"type":"Point","coordinates":[13.02541,58.43338]},"properties":{"namn":"Arvidstorp vind","typ":"wind","spanning_kv":null,"volt_klass":0,"kapacitet_mw":null,"operator":null}},{"type":"Feature","geometry":{"type":"Point","coordinates":[12.98178,58.28304]},"properties":{"namn":"Skatofta","typ":"wind","spanning_kv":null,"volt_klass":0,"kapacitet_mw":null,"operator":"Long Vindpark AB"}},{"type":"Feature","geometry":{"type":"Point","coordinates":[12.98365,58.34951]},"properties":{"namn":"Uvereds Vindkraftförening","typ":"wind","spanning_kv":null,"volt_klass":0,"kapacitet_mw":null,"operator":"Uvereds Vindkraftspark"}},{"type":"Feature","geometry":{"type":"Point","coordinates":[13.01923,58.3626]},"properties":{"namn":"Närefors 1 Norr","typ":"wind","spanning_kv":null,"volt_klass":0,"kapacitet_mw":null,"operator":"Närvind AB"}},{"type":"Feature","geometry":{"type":"Point","coordinates":[13.0525,58.34859]},"properties":{"namn":"Härjevad","typ":"wind","spanning_kv":null,"volt_klass":0,"kapacitet_mw":null,"operator":"Eolus Vind AB"}},{"type":"Feature","geometry":{"type":"Point","coordinates":[13.1154,58.21302]},"properties":{"namn":"Längjum","typ":"wind","spanning_kv":null,"volt_klass":0,"kapacitet_mw":null,"operator":"Längjum Kraft AB"}},{"type":"Feature","geometry":{"type":"Point","coordinates":[13.00205,58.22345]},"properties":{"namn":"Rangeltorp","typ":"wind","spanning_kv":null,"volt_klass":0,"kapacitet_mw":null,"operator":"Agrivind AB"}},{"type":"Feature","geometry":{"type":"Point","coordinates":[12.82924,58.19402]},"properties":{"namn":"Tumleberg Norr","typ":"wind","spanning_kv":null,"volt_klass":0,"kapacitet_mw":null,"operator":"Tumleberg Vindenergi AB"}},{"type":"Feature","geometry":{"type":"Point","coordinates":[13.79318,58.1412]},"properties":{"namn":"Anneberg","typ":"wind","spanning_kv":null,"volt_klass":0,"kapacitet_mw":null,"operator":"Eolus Vind AB"}},{"type":"Feature","geometry":{"type":"Point","coordinates":[13.50446,58.10228]},"properties":{"namn":"Mönarp","typ":"wind","spanning_kv":null,"volt_klass":0,"kapacitet_mw":null,"operator":"SEBB Wind AB"}},{"type":"Feature","geometry":{"type":"Point","coordinates":[13.70118,58.14206]},"properties":{"namn":"Källeberg","typ":"wind","spanning_kv":null,"volt_klass":0,"kapacitet_mw":null,"operator":null}},{"type":"Feature","geometry":{"type":"Point","coordinates":[13.74748,58.12004]},"properties":{"namn":"Skörstorp","typ":"wind","spanning_kv":null,"volt_klass":0,"kapacitet_mw":null,"operator":"GSG Drift AB"}},{"type":"Feature","geometry":{"type":"Point","coordinates":[13.7117,58.11469]},"properties":{"namn":"Orreholmen","typ":"wind","spanning_kv":null,"volt_klass":0,"kapacitet_mw":null,"operator":"Erikstorp Utveckling AB"}},{"type":"Feature","geometry":{"type":"Point","coordinates":[13.70039,58.08792]},"properties":{"namn":"Tyskagården","typ":"wind","spanning_kv":null,"volt_klass":0,"kapacitet_mw":null,"operator":null}},{"type":"Feature","geometry":{"type":"Point","coordinates":[13.73155,58.05344]},"properties":{"namn":"Badene","typ":"wind","spanning_kv":null,"volt_klass":0,"kapacitet_mw":null,"operator":"Vindenergi i Badene AB"}},{"type":"Feature","geometry":{"type":"Point","coordinates":[14.0408,58.09812]},"properties":{"namn":"Råmmarehemmet","typ":"wind","spanning_kv":null,"volt_klass":0,"kapacitet_mw":null,"operator":"EnBW Sverige Vind AB"}},{"type":"Feature","geometry":{"type":"Point","coordinates":[13.82028,58.01645]},"properties":{"namn":"Ekekullen Dintestorp","typ":"wind","spanning_kv":null,"volt_klass":0,"kapacitet_mw":null,"operator":null}},{"type":"Feature","geometry":{"type":"Point","coordinates":[13.57208,57.95957]},"properties":{"namn":"Lundby Trädet","typ":"wind","spanning_kv":null,"volt_klass":0,"kapacitet_mw":null,"operator":"Sverige Vindkraftkooperativ Ek för"}},{"type":"Feature","geometry":{"type":"Point","coordinates":[14.14472,58.16894]},"properties":{"namn":"Fågelås-Torp","typ":"wind","spanning_kv":null,"volt_klass":0,"kapacitet_mw":null,"operator":null}},{"type":"Feature","geometry":{"type":"Point","coordinates":[14.13517,58.16099]},"properties":{"namn":"Getaryggen, Söderryd, Stora Björstorp","typ":"wind","spanning_kv":null,"volt_klass":0,"kapacitet_mw":null,"operator":"ewz Atlantic Sverige AB"}},{"type":"Feature","geometry":{"type":"Point","coordinates":[14.1778,58.13869]},"properties":{"namn":"Bossgården (Galneryd)","typ":"wind","spanning_kv":null,"volt_klass":0,"kapacitet_mw":null,"operator":"ewz Atlantic Sverige AB"}},{"type":"Feature","geometry":{"type":"Point","coordinates":[14.17962,58.14339]},"properties":{"namn":"Skalleberg och Dunabolet","typ":"wind","spanning_kv":null,"volt_klass":0,"kapacitet_mw":null,"operator":"ewz Atlantic Sverige AB"}},{"type":"Feature","geometry":{"type":"Point","coordinates":[14.05149,58.3006]},"properties":{"namn":"Fridene","typ":"wind","spanning_kv":null,"volt_klass":0,"kapacitet_mw":null,"operator":"Carlssons Täckdikning AB"}},{"type":"Feature","geometry":{"type":"Point","coordinates":[14.22339,58.27956]},"properties":{"namn":"Prästbolet","typ":"wind","spanning_kv":null,"volt_klass":0,"kapacitet_mw":null,"operator":"Boda Nät ek. förening"}},{"type":"Feature","geometry":{"type":"Point","coordinates":[14.35036,58.5859]},"properties":{"namn":"Brasmaviken","typ":"wind","spanning_kv":null,"volt_klass":0,"kapacitet_mw":null,"operator":"Brasvind AB"}},{"type":"Feature","geometry":{"type":"Point","coordinates":[14.51255,58.5078]},"properties":{"namn":"Gräshult","typ":"wind","spanning_kv":null,"volt_klass":0,"kapacitet_mw":null,"operator":"Vindia AB"}},{"type":"Feature","geometry":{"type":"Point","coordinates":[14.03536,58.69927]},"properties":{"namn":"Äskekärr 1&2","typ":"wind","spanning_kv":null,"volt_klass":0,"kapacitet_mw":null,"operator":"KråkVind AB"}},{"type":"Feature","geometry":{"type":"Point","coordinates":[13.97174,58.57871]},"properties":{"namn":"Askeberga","typ":"wind","spanning_kv":null,"volt_klass":0,"kapacitet_mw":null,"operator":"Vindia AB"}},{"type":"Feature","geometry":{"type":"Point","coordinates":[14.07524,58.5763]},"properties":{"namn":"Underbacken","typ":"wind","spanning_kv":null,"volt_klass":0,"kapacitet_mw":null,"operator":null}},{"type":"Feature","geometry":{"type":"Point","coordinates":[13.37615,58.49793]},"properties":{"namn":"Äle","typ":"wind","spanning_kv":null,"volt_klass":0,"kapacitet_mw":null,"operator":null}},{"type":"Feature","geometry":{"type":"Point","coordinates":[13.49472,58.43054]},"properties":{"namn":"VIGLUNDA / 7307","typ":"wind","spanning_kv":null,"volt_klass":0,"kapacitet_mw":null,"operator":"Driftbolaget Skånings Åsaka Vind AB"}},{"type":"Feature","geometry":{"type":"Point","coordinates":[13.93739,58.78285]},"properties":{"namn":"Fåleberg","typ":"wind","spanning_kv":null,"volt_klass":0,"kapacitet_mw":null,"operator":null}},{"type":"Feature","geometry":{"type":"Point","coordinates":[14.06111,58.85981]},"properties":{"namn":"Värslen","typ":"wind","spanning_kv":null,"volt_klass":0,"kapacitet_mw":null,"operator":"Firma Ramström Vind AB"}},{"type":"Feature","geometry":{"type":"Point","coordinates":[14.04837,58.9275]},"properties":{"namn":"Gunnarstorp","typ":"wind","spanning_kv":null,"volt_klass":0,"kapacitet_mw":null,"operator":"Lilla Årås Vindpark AB"}},{"type":"Feature","geometry":{"type":"Point","coordinates":[14.92495,59.01066]},"properties":{"namn":"Frotorp","typ":"wind","spanning_kv":null,"volt_klass":0,"kapacitet_mw":null,"operator":null}},{"type":"Feature","geometry":{"type":"Point","coordinates":[14.82537,58.93199]},"properties":{"namn":"Norra Hunna","typ":"wind","spanning_kv":null,"volt_klass":0,"kapacitet_mw":null,"operator":"Gamesa Energy Sweden AB"}},{"type":"Feature","geometry":{"type":"Point","coordinates":[14.68645,58.94101]},"properties":{"namn":"Laxåskogen","typ":"wind","spanning_kv":null,"volt_klass":0,"kapacitet_mw":null,"operator":"VKS Vindkraft Sverige AB"}},{"type":"Feature","geometry":{"type":"Point","coordinates":[14.36123,59.0314]},"properties":{"namn":"Vindkraftanläggning Norrboda","typ":"wind","spanning_kv":null,"volt_klass":0,"kapacitet_mw":null,"operator":"Slättens Vind ek för"}},{"type":"Feature","geometry":{"type":"Point","coordinates":[14.49089,58.84743]},"properties":{"namn":"Ramsnäs","typ":"wind","spanning_kv":null,"volt_klass":0,"kapacitet_mw":null,"operator":"ewz Atlantic Sverige AB"}},{"type":"Feature","geometry":{"type":"Point","coordinates":[14.48069,58.86316]},"properties":{"namn":"Ramsnäs","typ":"wind","spanning_kv":null,"volt_klass":0,"kapacitet_mw":null,"operator":"ewz Atlantic Sverige AB"}},{"type":"Feature","geometry":{"type":"Point","coordinates":[15.86146,59.13375]},"properties":{"namn":"Stavhälla","typ":"wind","spanning_kv":null,"volt_klass":0,"kapacitet_mw":null,"operator":"Prästlönetillgångar i Strängnäs Stift"}},{"type":"Feature","geometry":{"type":"Point","coordinates":[15.36769,59.09521]},"properties":{"namn":"Ullavi","typ":"wind","spanning_kv":null,"volt_klass":0,"kapacitet_mw":null,"operator":"Kumbro Vind AB"}},{"type":"Feature","geometry":{"type":"Point","coordinates":[15.11913,59.17278]},"properties":{"namn":"Vindpark Ekeby","typ":"wind","spanning_kv":null,"volt_klass":0,"kapacitet_mw":null,"operator":"Kumbro Vind AB"}},{"type":"Feature","geometry":{"type":"Point","coordinates":[15.12699,59.1845]},"properties":{"namn":"Mosås","typ":"wind","spanning_kv":null,"volt_klass":0,"kapacitet_mw":null,"operator":null}},{"type":"Feature","geometry":{"type":"Point","coordinates":[18.55432,60.07807]},"properties":{"namn":"Varsvik","typ":"wind","spanning_kv":null,"volt_klass":0,"kapacitet_mw":null,"operator":"Varsvik AB"}},{"type":"Feature","geometry":{"type":"Point","coordinates":[16.3611,57.84333]},"properties":{"namn":"Blekhem","typ":"wind","spanning_kv":null,"volt_klass":0,"kapacitet_mw":null,"operator":"Arise Windfarm 4 AB"}},{"type":"Feature","geometry":{"type":"Point","coordinates":[18.2636,57.14025]},"properties":{"namn":"Kulle vindpark","typ":"wind","spanning_kv":null,"volt_klass":0,"kapacitet_mw":null,"operator":"Siral System & Co AB"}},{"type":"Feature","geometry":{"type":"Point","coordinates":[18.25051,57.1194]},"properties":{"namn":"Näs Amfunds Snaigsto","typ":"wind","spanning_kv":null,"volt_klass":0,"kapacitet_mw":null,"operator":"Gotlandsvind AB"}},{"type":"Feature","geometry":{"type":"Point","coordinates":[18.1753,57.14626]},"properties":{"namn":"Hablingbo Stjups Hablingbovind","typ":"wind","spanning_kv":null,"volt_klass":0,"kapacitet_mw":null,"operator":"Hablingbovind ek för"}},{"type":"Feature","geometry":{"type":"Point","coordinates":[18.18157,57.3725]},"properties":{"namn":"Klinte Vindpark","typ":"wind","spanning_kv":null,"volt_klass":0,"kapacitet_mw":null,"operator":"Siral System & Co AB"}},{"type":"Feature","geometry":{"type":"Point","coordinates":[18.33102,57.09734]},"properties":{"namn":"Grötlingbo Uddvide Domerarve","typ":"wind","spanning_kv":null,"volt_klass":0,"kapacitet_mw":null,"operator":null}},{"type":"Feature","geometry":{"type":"Point","coordinates":[18.76369,57.44356]},"properties":{"namn":"Kräklingbo Vidfälle","typ":"wind","spanning_kv":null,"volt_klass":0,"kapacitet_mw":null,"operator":null}},{"type":"Feature","geometry":{"type":"Point","coordinates":[18.58981,57.27288]},"properties":{"namn":"Lau Liffride Nr 1 & 2","typ":"wind","spanning_kv":null,"volt_klass":0,"kapacitet_mw":null,"operator":null}},{"type":"Feature","geometry":{"type":"Point","coordinates":[18.44306,57.76016]},"properties":{"namn":"Lummelunda Tjauls Agro 1","typ":"wind","spanning_kv":null,"volt_klass":0,"kapacitet_mw":null,"operator":"Balingsta Vind HB"}},{"type":"Feature","geometry":{"type":"Point","coordinates":[18.94539,57.72932]},"properties":{"namn":"Smöjen vindpark 1 [Slitevind XX]","typ":"wind","spanning_kv":null,"volt_klass":0,"kapacitet_mw":null,"operator":"Slitevind AB"}},{"type":"Feature","geometry":{"type":"Point","coordinates":[19.01333,57.75545]},"properties":{"namn":"Rute Furillen Slitevind XI & XII","typ":"wind","spanning_kv":null,"volt_klass":0,"kapacitet_mw":null,"operator":"Slitevind AB"}},{"type":"Feature","geometry":{"type":"Point","coordinates":[18.83225,57.8354]},"properties":{"namn":"Storugns vindpark","typ":"wind","spanning_kv":null,"volt_klass":0,"kapacitet_mw":null,"operator":null}},{"type":"Feature","geometry":{"type":"Point","coordinates":[18.76472,57.8089]},"properties":{"namn":"Lärbro Nors Norrvange Nr 1 & 2","typ":"wind","spanning_kv":null,"volt_klass":0,"kapacitet_mw":null,"operator":"Röcklingers Handelsträdgård AB"}},{"type":"Feature","geometry":{"type":"Point","coordinates":[17.07623,57.2304]},"properties":{"namn":"Mellböda","typ":"wind","spanning_kv":null,"volt_klass":0,"kapacitet_mw":null,"operator":"Slitevind AB"}},{"type":"Feature","geometry":{"type":"Point","coordinates":[16.11149,61.58675]},"properties":{"namn":"Sörby Vindkraftspark","typ":"wind","spanning_kv":null,"volt_klass":0,"kapacitet_mw":122.0,"operator":null}},{"type":"Feature","geometry":{"type":"Point","coordinates":[16.85371,56.84666]},"properties":{"namn":"Långöre","typ":"wind","spanning_kv":null,"volt_klass":0,"kapacitet_mw":null,"operator":"Firma Ramström Vind AB"}},{"type":"Feature","geometry":{"type":"Point","coordinates":[16.80606,56.878]},"properties":{"namn":"Egby","typ":"wind","spanning_kv":null,"volt_klass":0,"kapacitet_mw":null,"operator":"Egby Vindkraftverk AB"}},{"type":"Feature","geometry":{"type":"Point","coordinates":[16.79881,56.88039]},"properties":{"namn":"Egby 2","typ":"wind","spanning_kv":null,"volt_klass":0,"kapacitet_mw":null,"operator":"Universal Power AB"}},{"type":"Feature","geometry":{"type":"Point","coordinates":[16.81552,56.93284]},"properties":{"namn":"Stora Istad","typ":"wind","spanning_kv":null,"volt_klass":0,"kapacitet_mw":null,"operator":null}},{"type":"Feature","geometry":{"type":"Point","coordinates":[16.74272,56.92539]},"properties":{"namn":"Vannborga","typ":"wind","spanning_kv":null,"volt_klass":0,"kapacitet_mw":null,"operator":"Kalmarsund Vind Ek. För."}},{"type":"Feature","geometry":{"type":"Point","coordinates":[16.58738,56.75031]},"properties":{"namn":"Rönnerum","typ":"wind","spanning_kv":null,"volt_klass":0,"kapacitet_mw":null,"operator":"Ryd-Rönnerm Drift AB"}},{"type":"Feature","geometry":{"type":"Point","coordinates":[16.57598,56.74374]},"properties":{"namn":"Ryd-Rönnerum","typ":"wind","spanning_kv":null,"volt_klass":0,"kapacitet_mw":null,"operator":"Eolus Vind AB"}},{"type":"Feature","geometry":{"type":"Point","coordinates":[16.69069,56.71936]},"properties":{"namn":"Lerkaka","typ":"wind","spanning_kv":null,"volt_klass":0,"kapacitet_mw":null,"operator":"Eolus Vind AB"}},{"type":"Feature","geometry":{"type":"Point","coordinates":[16.71564,56.79422]},"properties":{"namn":"Gärdslösa","typ":"wind","spanning_kv":null,"volt_klass":0,"kapacitet_mw":null,"operator":"Eolus Vind AB"}},{"type":"Feature","geometry":{"type":"Point","coordinates":[16.68811,56.84094]},"properties":{"namn":"Räpplinge","typ":"wind","spanning_kv":null,"volt_klass":0,"kapacitet_mw":null,"operator":"Eolus Vind AB"}},{"type":"Feature","geometry":{"type":"Point","coordinates":[14.45581,61.74995]},"properties":{"namn":"Skaftåsen vindkraftpark","typ":"wind","spanning_kv":null,"volt_klass":0,"kapacitet_mw":231.0,"operator":null}},{"type":"Feature","geometry":{"type":"Point","coordinates":[16.41529,56.29169]},"properties":{"namn":"Ventlinge","typ":"wind","spanning_kv":null,"volt_klass":0,"kapacitet_mw":null,"operator":"Eolus Vind AB"}},{"type":"Feature","geometry":{"type":"Point","coordinates":[16.38308,56.43604]},"properties":{"namn":"Kastlösa södra","typ":"wind","spanning_kv":null,"volt_klass":0,"kapacitet_mw":null,"operator":null}},{"type":"Feature","geometry":{"type":"Point","coordinates":[15.97293,61.7297]},"properties":{"namn":"Vindpark Svartvallsberget","typ":"wind","spanning_kv":null,"volt_klass":0,"kapacitet_mw":null,"operator":null}},{"type":"Feature","geometry":{"type":"Point","coordinates":[16.36018,57.10844]},"properties":{"namn":"Åby-Alebo","typ":"wind","spanning_kv":null,"volt_klass":0,"kapacitet_mw":null,"operator":"Åby Alebo Energi AB"}},{"type":"Feature","geometry":{"type":"Point","coordinates":[16.55834,57.09683]},"properties":{"namn":"Mönsterås Bruk","typ":"wind","spanning_kv":null,"volt_klass":0,"kapacitet_mw":null,"operator":"Statkraft Södra Vindkraft AB"}},{"type":"Feature","geometry":{"type":"Point","coordinates":[16.5277,57.09782]},"properties":{"namn":"Em","typ":"wind","spanning_kv":null,"volt_klass":0,"kapacitet_mw":null,"operator":null}},{"type":"Feature","geometry":{"type":"Point","coordinates":[16.33334,56.83352]},"properties":{"namn":"Rockneby","typ":"wind","spanning_kv":null,"volt_klass":0,"kapacitet_mw":null,"operator":"Eolus Vind AB"}},{"type":"Feature","geometry":{"type":"Point","coordinates":[16.24636,56.95144]},"properties":{"namn":"Idhult","typ":"wind","spanning_kv":null,"volt_klass":0,"kapacitet_mw":null,"operator":"Arise Windpower AB"}},{"type":"Feature","geometry":{"type":"Point","coordinates":[16.2749,56.95927]},"properties":{"namn":"Brotorp","typ":"wind","spanning_kv":null,"volt_klass":0,"kapacitet_mw":null,"operator":"Arise Windpower AB"}},{"type":"Feature","geometry":{"type":"Point","coordinates":[15.98803,57.27599]},"properties":{"namn":"Ryningsnäs","typ":"wind","spanning_kv":null,"volt_klass":0,"kapacitet_mw":null,"operator":"Visby Energi AB"}},{"type":"Feature","geometry":{"type":"Point","coordinates":[15.72727,56.89615]},"properties":{"namn":"Villköl","typ":"wind","spanning_kv":null,"volt_klass":0,"kapacitet_mw":null,"operator":"RWE Renewables Sweden AB"}},{"type":"Feature","geometry":{"type":"Point","coordinates":[15.66461,56.81865]},"properties":{"namn":"Stengårdsholma","typ":"wind","spanning_kv":null,"volt_klass":0,"kapacitet_mw":null,"operator":"RWE Renewables Sweden AB"}},{"type":"Feature","geometry":{"type":"Point","coordinates":[16.08893,56.66246]},"properties":{"namn":"Vindpark Ljungbyholm","typ":"wind","spanning_kv":null,"volt_klass":0,"kapacitet_mw":null,"operator":"OX2 AB"}},{"type":"Feature","geometry":{"type":"Point","coordinates":[16.03243,56.66434]},"properties":{"namn":"Österhultsmåla","typ":"wind","spanning_kv":null,"volt_klass":0,"kapacitet_mw":null,"operator":"OX2 AB"}},{"type":"Feature","geometry":{"type":"Point","coordinates":[16.02545,56.58944]},"properties":{"namn":"Mortorp","typ":"wind","spanning_kv":null,"volt_klass":0,"kapacitet_mw":null,"operator":"Firma Ramström Vind AB"}},{"type":"Feature","geometry":{"type":"Point","coordinates":[16.14908,56.60972]},"properties":{"namn":"Vassmolösa","typ":"wind","spanning_kv":null,"volt_klass":0,"kapacitet_mw":null,"operator":"Vassmolösa Vind AB"}},{"type":"Feature","geometry":{"type":"Point","coordinates":[15.19975,57.22067]},"properties":{"namn":"Milletorp","typ":"wind","spanning_kv":null,"volt_klass":0,"kapacitet_mw":null,"operator":"Vrångens Kraft AB"}},{"type":"Feature","geometry":{"type":"Point","coordinates":[15.17491,57.21867]},"properties":{"namn":"PeBo Naturbruk","typ":"wind","spanning_kv":null,"volt_klass":0,"kapacitet_mw":null,"operator":"Pe Bo Naturbruk"}},{"type":"Feature","geometry":{"type":"Point","coordinates":[14.9085,57.29543]},"properties":{"namn":"Slageryd","typ":"wind","spanning_kv":null,"volt_klass":0,"kapacitet_mw":null,"operator":"POG International AB"}},{"type":"Feature","geometry":{"type":"Point","coordinates":[14.95552,57.4908]},"properties":{"namn":"Stensåsa","typ":"wind","spanning_kv":null,"volt_klass":0,"kapacitet_mw":null,"operator":"Stenåsa Vindkraft AB"}},{"type":"Feature","geometry":{"type":"Point","coordinates":[15.12959,57.37393]},"properties":{"namn":"Erikshester","typ":"wind","spanning_kv":null,"volt_klass":0,"kapacitet_mw":null,"operator":"Smålands Miljöenergi AB"}},{"type":"Feature","geometry":{"type":"Point","coordinates":[15.53868,57.42902]},"properties":{"namn":"Fröreda","typ":"wind","spanning_kv":null,"volt_klass":0,"kapacitet_mw":null,"operator":"Eolus Vind AB"}},{"type":"Feature","geometry":{"type":"Point","coordinates":[14.55163,57.61782]},"properties":{"namn":"Tapplarp","typ":"wind","spanning_kv":null,"volt_klass":0,"kapacitet_mw":null,"operator":"Smålandsvind AB"}},{"type":"Feature","geometry":{"type":"Point","coordinates":[14.57684,57.61407]},"properties":{"namn":"Hallhult","typ":"wind","spanning_kv":null,"volt_klass":0,"kapacitet_mw":null,"operator":null}},{"type":"Feature","geometry":{"type":"Point","coordinates":[14.54932,57.61607]},"properties":{"namn":"Fredriksdal","typ":"wind","spanning_kv":null,"volt_klass":0,"kapacitet_mw":null,"operator":null}},{"type":"Feature","geometry":{"type":"Point","coordinates":[14.5437,57.66504]},"properties":{"namn":"Topperyd 1 och 2","typ":"wind","spanning_kv":null,"volt_klass":0,"kapacitet_mw":null,"operator":"Bixia Gryningsvind AB"}},{"type":"Feature","geometry":{"type":"Point","coordinates":[14.51547,58.04856]},"properties":{"namn":"Brahehus","typ":"wind","spanning_kv":null,"volt_klass":0,"kapacitet_mw":null,"operator":"Brahehus Vind AB"}},{"type":"Feature","geometry":{"type":"Point","coordinates":[14.56431,58.07216]},"properties":{"namn":"Tuggarpsgruppen","typ":"wind","spanning_kv":null,"volt_klass":0,"kapacitet_mw":null,"operator":"Jönköping Energi AB"}},{"type":"Feature","geometry":{"type":"Point","coordinates":[14.82598,57.99965]},"properties":{"namn":"Oberga","typ":"wind","spanning_kv":null,"volt_klass":0,"kapacitet_mw":null,"operator":"Oberga Vind AB"}},{"type":"Feature","geometry":{"type":"Point","coordinates":[14.95848,57.94284]},"properties":{"namn":"Skogsvind","typ":"wind","spanning_kv":null,"volt_klass":0,"kapacitet_mw":null,"operator":"Luveryd Vindkraft AB"}},{"type":"Feature","geometry":{"type":"Point","coordinates":[14.94106,57.8158]},"properties":{"namn":"Assjö 1, Ella","typ":"wind","spanning_kv":null,"volt_klass":0,"kapacitet_mw":null,"operator":"Sverige Vindkraftkooperativ Ek för"}},{"type":"Feature","geometry":{"type":"Point","coordinates":[14.98269,57.03201]},"properties":{"namn":"Målajord","typ":"wind","spanning_kv":null,"volt_klass":0,"kapacitet_mw":null,"operator":"BayWa r.e. Scandinavia AB"}},{"type":"Feature","geometry":{"type":"Point","coordinates":[14.34935,56.87331]},"properties":{"namn":"Lyngsåsa","typ":"wind","spanning_kv":null,"volt_klass":0,"kapacitet_mw":null,"operator":"BayWa r.e. Scandinavia AB"}},{"type":"Feature","geometry":{"type":"Point","coordinates":[15.75711,56.37895]},"properties":{"namn":"Brunsmo Vindkraftpark","typ":"wind","spanning_kv":null,"volt_klass":0,"kapacitet_mw":null,"operator":"Arise Windpower AB"}},{"type":"Feature","geometry":{"type":"Point","coordinates":[15.93465,56.43062]},"properties":{"namn":"Kvilla 2","typ":"wind","spanning_kv":null,"volt_klass":0,"kapacitet_mw":null,"operator":"Greenextreme AB"}},{"type":"Feature","geometry":{"type":"Point","coordinates":[15.93821,56.43496]},"properties":{"namn":"Kvilla 1","typ":"wind","spanning_kv":null,"volt_klass":0,"kapacitet_mw":null,"operator":"Greenextreme AB"}},{"type":"Feature","geometry":{"type":"Point","coordinates":[15.92997,56.38265]},"properties":{"namn":"Gettnabo 1","typ":"wind","spanning_kv":null,"volt_klass":0,"kapacitet_mw":null,"operator":"Arise Windfarm 5 AB"}},{"type":"Feature","geometry":{"type":"Point","coordinates":[16.08731,56.43146]},"properties":{"namn":"Påboda","typ":"wind","spanning_kv":null,"volt_klass":0,"kapacitet_mw":null,"operator":null}},{"type":"Feature","geometry":{"type":"Point","coordinates":[15.16108,56.20106]},"properties":{"namn":"Hakarp","typ":"wind","spanning_kv":null,"volt_klass":0,"kapacitet_mw":null,"operator":"Eolus Vind AB"}},{"type":"Feature","geometry":{"type":"Point","coordinates":[15.77566,56.16303]},"properties":{"namn":"Säby","typ":"wind","spanning_kv":null,"volt_klass":0,"kapacitet_mw":null,"operator":"Blekinge Vindkraft Ekonomisk förening"}},{"type":"Feature","geometry":{"type":"Point","coordinates":[14.63372,56.04888]},"properties":{"namn":"Sölve","typ":"wind","spanning_kv":null,"volt_klass":0,"kapacitet_mw":null,"operator":"Karlshamn Energi Elförsäljning AB"}},{"type":"Feature","geometry":{"type":"Point","coordinates":[14.67452,56.07569]},"properties":{"namn":"Lörby-Ysane","typ":"wind","spanning_kv":null,"volt_klass":0,"kapacitet_mw":null,"operator":null}},{"type":"Feature","geometry":{"type":"Point","coordinates":[14.67192,56.08805]},"properties":{"namn":"Lönneborg","typ":"wind","spanning_kv":null,"volt_klass":0,"kapacitet_mw":null,"operator":"Lönneborg Vind AB"}},{"type":"Feature","geometry":{"type":"Point","coordinates":[14.77495,56.14993]},"properties":{"namn":"Gunnön","typ":"wind","spanning_kv":null,"volt_klass":0,"kapacitet_mw":null,"operator":"Karlshamn Energi Elförsäljning AB"}},{"type":"Feature","geometry":{"type":"Point","coordinates":[14.22338,56.13609]},"properties":{"namn":"Karsholm","typ":"wind","spanning_kv":null,"volt_klass":0,"kapacitet_mw":null,"operator":"Karsholms Gods AB"}},{"type":"Feature","geometry":{"type":"Point","coordinates":[14.17095,56.07407]},"properties":{"namn":"Råbelöv","typ":"wind","spanning_kv":null,"volt_klass":0,"kapacitet_mw":null,"operator":"Råbelöfs fideikommiss AB"}},{"type":"Feature","geometry":{"type":"Point","coordinates":[14.06089,56.04257]},"properties":{"namn":"Isgrannatorp","typ":"wind","spanning_kv":null,"volt_klass":0,"kapacitet_mw":null,"operator":"Isgrannatorp Drift AB"}},{"type":"Feature","geometry":{"type":"Point","coordinates":[14.30114,56.07403]},"properties":{"namn":"Kiaby","typ":"wind","spanning_kv":null,"volt_klass":0,"kapacitet_mw":null,"operator":"Akka Vind AB"}},{"type":"Feature","geometry":{"type":"Point","coordinates":[14.22937,56.05508]},"properties":{"namn":"Möllebacken","typ":"wind","spanning_kv":null,"volt_klass":0,"kapacitet_mw":null,"operator":"Åraslövs Foder AB"}},{"type":"Feature","geometry":{"type":"Point","coordinates":[14.30186,56.0277]},"properties":{"namn":"Fjälkinge","typ":"wind","spanning_kv":null,"volt_klass":0,"kapacitet_mw":null,"operator":"Svinaberga Väderspänning AB"}},{"type":"Feature","geometry":{"type":"Point","coordinates":[14.27403,56.01029]},"properties":{"namn":"Legeved","typ":"wind","spanning_kv":null,"volt_klass":0,"kapacitet_mw":null,"operator":"Legeved Vind AB"}},{"type":"Feature","geometry":{"type":"Point","coordinates":[14.32645,56.00412]},"properties":{"namn":"Rinkaby","typ":"wind","spanning_kv":null,"volt_klass":0,"kapacitet_mw":null,"operator":"Wallenstam Vindkraft Furulund AB"}},{"type":"Feature","geometry":{"type":"Point","coordinates":[14.16462,55.88247]},"properties":{"namn":"Lyngbygård","typ":"wind","spanning_kv":null,"volt_klass":0,"kapacitet_mw":null,"operator":null}},{"type":"Feature","geometry":{"type":"Point","coordinates":[14.19184,55.94451]},"properties":{"namn":"Gärds-Köpinge","typ":"wind","spanning_kv":null,"volt_klass":0,"kapacitet_mw":null,"operator":"Eolus Vind AB"}},{"type":"Feature","geometry":{"type":"Point","coordinates":[14.16548,55.95764]},"properties":{"namn":"Hovby","typ":"wind","spanning_kv":null,"volt_klass":0,"kapacitet_mw":null,"operator":null}},{"type":"Feature","geometry":{"type":"Point","coordinates":[13.9247,55.62172]},"properties":{"namn":"Äsperöd","typ":"wind","spanning_kv":null,"volt_klass":0,"kapacitet_mw":null,"operator":"Eolus Vind AB"}},{"type":"Feature","geometry":{"type":"Point","coordinates":[13.89354,55.57455]},"properties":{"namn":"Ramsåsa","typ":"wind","spanning_kv":null,"volt_klass":0,"kapacitet_mw":null,"operator":null}},{"type":"Feature","geometry":{"type":"Point","coordinates":[13.94802,55.59554]},"properties":{"namn":"Vallsås","typ":"wind","spanning_kv":null,"volt_klass":0,"kapacitet_mw":null,"operator":"Fred Olsen Renewables AB"}},{"type":"Feature","geometry":{"type":"Point","coordinates":[13.94225,55.59452]},"properties":{"namn":"Everöd Vindkraftpark","typ":"wind","spanning_kv":null,"volt_klass":0,"kapacitet_mw":null,"operator":null}},{"type":"Feature","geometry":{"type":"Point","coordinates":[13.84776,55.48388]},"properties":{"namn":"St Herrestad","typ":"wind","spanning_kv":null,"volt_klass":0,"kapacitet_mw":null,"operator":"Von Görtz Vind AB"}},{"type":"Feature","geometry":{"type":"Point","coordinates":[14.02373,55.46365]},"properties":{"namn":"Larsbo","typ":"wind","spanning_kv":null,"volt_klass":0,"kapacitet_mw":null,"operator":"Slitevind AB"}},{"type":"Feature","geometry":{"type":"Point","coordinates":[14.12331,55.46232]},"properties":{"namn":"Slitevind Eriksfält","typ":"wind","spanning_kv":null,"volt_klass":0,"kapacitet_mw":1.0,"operator":"Slitevind AB"}},{"type":"Feature","geometry":{"type":"Point","coordinates":[14.1541,55.48402]},"properties":{"namn":"Olofsfält","typ":"wind","spanning_kv":null,"volt_klass":0,"kapacitet_mw":null,"operator":"Olofsfälts Vind AB"}},{"type":"Feature","geometry":{"type":"Point","coordinates":[14.09262,55.49722]},"properties":{"namn":"Hannas","typ":"wind","spanning_kv":null,"volt_klass":0,"kapacitet_mw":null,"operator":"Firma Ramström Vind AB"}},{"type":"Feature","geometry":{"type":"Point","coordinates":[14.07628,55.50197]},"properties":{"namn":"Valterslund","typ":"wind","spanning_kv":null,"volt_klass":0,"kapacitet_mw":null,"operator":"HB Valterslunds Vind"}},{"type":"Feature","geometry":{"type":"Point","coordinates":[14.0913,55.51671]},"properties":{"namn":"Ingelstadgården","typ":"wind","spanning_kv":null,"volt_klass":0,"kapacitet_mw":null,"operator":"Ingelsta Gården AB"}},{"type":"Feature","geometry":{"type":"Point","coordinates":[14.17286,55.52589]},"properties":{"namn":"Östra Herrestad Vindkraftpark","typ":"wind","spanning_kv":null,"volt_klass":0,"kapacitet_mw":null,"operator":"Rabbalshede Vind AB"}},{"type":"Feature","geometry":{"type":"Point","coordinates":[14.343,55.53675]},"properties":{"namn":"Simris1","typ":"wind","spanning_kv":null,"volt_klass":0,"kapacitet_mw":null,"operator":null}},{"type":"Feature","geometry":{"type":"Point","coordinates":[13.77948,55.47846]},"properties":{"namn":"Ruuthsbo-Kärragården","typ":"wind","spanning_kv":null,"volt_klass":0,"kapacitet_mw":null,"operator":"Eolus Vind AB"}},{"type":"Feature","geometry":{"type":"Point","coordinates":[13.78623,55.46374]},"properties":{"namn":"Hedeskoga Vindkraftpark","typ":"wind","spanning_kv":null,"volt_klass":0,"kapacitet_mw":null,"operator":null}},{"type":"Feature","geometry":{"type":"Point","coordinates":[13.76234,55.46715]},"properties":{"namn":"Bjäresjö","typ":"wind","spanning_kv":null,"volt_klass":0,"kapacitet_mw":null,"operator":"Söderslätts Vind Investment AB"}},{"type":"Feature","geometry":{"type":"Point","coordinates":[13.6682,55.48102]},"properties":{"namn":"Slitevind Rynge","typ":"wind","spanning_kv":null,"volt_klass":0,"kapacitet_mw":null,"operator":"Slitevind AB"}},{"type":"Feature","geometry":{"type":"Point","coordinates":[13.6454,55.49449]},"properties":{"namn":"Kadesjö","typ":"wind","spanning_kv":null,"volt_klass":0,"kapacitet_mw":null,"operator":"Kadevind AB"}},{"type":"Feature","geometry":{"type":"Point","coordinates":[13.60526,55.49854]},"properties":{"namn":"Rydsgård","typ":"wind","spanning_kv":null,"volt_klass":0,"kapacitet_mw":null,"operator":"Rydsgårds Vind AB"}},{"type":"Feature","geometry":{"type":"Point","coordinates":[13.76208,55.54992]},"properties":{"namn":"Assmåsa","typ":"wind","spanning_kv":null,"volt_klass":0,"kapacitet_mw":null,"operator":"Tre Vind AB"}},{"type":"Feature","geometry":{"type":"Point","coordinates":[13.35653,55.41829]},"properties":{"namn":"Brönnestad-Hönsinge","typ":"wind","spanning_kv":null,"volt_klass":0,"kapacitet_mw":null,"operator":"Vindenergi Syd AB"}},{"type":"Feature","geometry":{"type":"Point","coordinates":[13.04335,55.38805]},"properties":{"namn":"Maglarp vindkraftpark","typ":"wind","spanning_kv":null,"volt_klass":0,"kapacitet_mw":null,"operator":"Söderslätts Vind Investment AB"}},{"type":"Feature","geometry":{"type":"Point","coordinates":[13.09544,55.41]},"properties":{"namn":"Åkebo","typ":"wind","spanning_kv":null,"volt_klass":0,"kapacitet_mw":null,"operator":null}},{"type":"Feature","geometry":{"type":"Point","coordinates":[13.2535,55.36086]},"properties":{"namn":"Gislöv","typ":"wind","spanning_kv":null,"volt_klass":0,"kapacitet_mw":null,"operator":"Gislövs Vind AB"}},{"type":"Feature","geometry":{"type":"Point","coordinates":[13.40329,55.42924]},"properties":{"namn":"Stora Jordberga","typ":"wind","spanning_kv":null,"volt_klass":0,"kapacitet_mw":null,"operator":"Arnold Towers Holding AB"}},{"type":"Feature","geometry":{"type":"Point","coordinates":[13.46559,55.4536]},"properties":{"namn":"Näsbyholm","typ":"wind","spanning_kv":null,"volt_klass":0,"kapacitet_mw":null,"operator":"Universal Power AB"}},{"type":"Feature","geometry":{"type":"Point","coordinates":[13.27043,55.61054]},"properties":{"namn":"Klågerup","typ":"wind","spanning_kv":null,"volt_klass":0,"kapacitet_mw":null,"operator":"BayWa r.e. Scandinavia AB"}},{"type":"Feature","geometry":{"type":"Point","coordinates":[13.24708,55.61206]},"properties":{"namn":"Vinninge","typ":"wind","spanning_kv":null,"volt_klass":0,"kapacitet_mw":null,"operator":null}},{"type":"Feature","geometry":{"type":"Point","coordinates":[13.18726,55.53998]},"properties":{"namn":"Skabersjö vindkraftpark","typ":"wind","spanning_kv":null,"volt_klass":0,"kapacitet_mw":null,"operator":"RWE Renewables Sweden AB"}},{"type":"Feature","geometry":{"type":"Point","coordinates":[13.15617,55.52191]},"properties":{"namn":"Skabersjö vindkraftpark","typ":"wind","spanning_kv":null,"volt_klass":0,"kapacitet_mw":null,"operator":"RWE Renewables Sweden AB"}},{"type":"Feature","geometry":{"type":"Point","coordinates":[13.14398,55.75277]},"properties":{"namn":"Västanby gård","typ":"wind","spanning_kv":null,"volt_klass":0,"kapacitet_mw":null,"operator":"Västanby AB"}},{"type":"Feature","geometry":{"type":"Point","coordinates":[13.11275,55.74035]},"properties":{"namn":"Fjelie-Laxmans Åkarp","typ":"wind","spanning_kv":null,"volt_klass":0,"kapacitet_mw":null,"operator":"Västanby AB"}},{"type":"Feature","geometry":{"type":"Point","coordinates":[13.1446,55.71079]},"properties":{"namn":"Värpinge","typ":"wind","spanning_kv":null,"volt_klass":0,"kapacitet_mw":null,"operator":"Kraftringen Produktion AB"}},{"type":"Feature","geometry":{"type":"Point","coordinates":[13.12672,55.70065]},"properties":{"namn":"Trolleberg","typ":"wind","spanning_kv":null,"volt_klass":0,"kapacitet_mw":null,"operator":"Vindproduktion i Flackarp AB"}},{"type":"Feature","geometry":{"type":"Point","coordinates":[13.24493,55.81016]},"properties":{"namn":"Slättäng","typ":"wind","spanning_kv":null,"volt_klass":0,"kapacitet_mw":null,"operator":null}},{"type":"Feature","geometry":{"type":"Point","coordinates":[13.29607,55.75819]},"properties":{"namn":"Odarslöv","typ":"wind","spanning_kv":null,"volt_klass":0,"kapacitet_mw":null,"operator":"Lundaslättens Vindfabrik AB"}},{"type":"Feature","geometry":{"type":"Point","coordinates":[13.25825,55.73991]},"properties":{"namn":"Odarslöv","typ":"wind","spanning_kv":null,"volt_klass":0,"kapacitet_mw":null,"operator":"Kopparstaden AB"}},{"type":"Feature","geometry":{"type":"Point","coordinates":[13.19536,55.77552]},"properties":{"namn":"Stångby","typ":"wind","spanning_kv":null,"volt_klass":0,"kapacitet_mw":null,"operator":"Stångby Vind AB"}},{"type":"Feature","geometry":{"type":"Point","coordinates":[13.03472,55.84393]},"properties":{"namn":"Annelöv","typ":"wind","spanning_kv":null,"volt_klass":0,"kapacitet_mw":null,"operator":"Eolus Vind AB"}},{"type":"Feature","geometry":{"type":"Point","coordinates":[13.03127,55.89441]},"properties":{"namn":"Tirup Hällstorp","typ":"wind","spanning_kv":null,"volt_klass":0,"kapacitet_mw":null,"operator":"Mimer vind AB"}},{"type":"Feature","geometry":{"type":"Point","coordinates":[13.14508,55.90271]},"properties":{"namn":"Ängalid III & Torsnäs, Torrlösa","typ":"wind","spanning_kv":null,"volt_klass":0,"kapacitet_mw":null,"operator":null}},{"type":"Feature","geometry":{"type":"Point","coordinates":[13.16274,55.8508]},"properties":{"namn":"Reslövsgården","typ":"wind","spanning_kv":null,"volt_klass":0,"kapacitet_mw":null,"operator":"Nier Maskin AB"}},{"type":"Feature","geometry":{"type":"Point","coordinates":[13.20657,55.83321]},"properties":{"namn":"Virke","typ":"wind","spanning_kv":null,"volt_klass":0,"kapacitet_mw":null,"operator":null}},{"type":"Feature","geometry":{"type":"Point","coordinates":[13.13451,55.82623]},"properties":{"namn":"Södervidinge","typ":"wind","spanning_kv":null,"volt_klass":0,"kapacitet_mw":null,"operator":"Ekovind AB"}},{"type":"Feature","geometry":{"type":"Point","coordinates":[12.82026,55.85268]},"properties":{"namn":"Vindön","typ":"wind","spanning_kv":null,"volt_klass":0,"kapacitet_mw":null,"operator":"Econergi AB"}},{"type":"Feature","geometry":{"type":"Point","coordinates":[12.86781,55.85995]},"properties":{"namn":"Lundåkra","typ":"wind","spanning_kv":null,"volt_klass":0,"kapacitet_mw":null,"operator":"RWE Renewables Sweden AB"}},{"type":"Feature","geometry":{"type":"Point","coordinates":[12.90387,55.87674]},"properties":{"namn":"Örja","typ":"wind","spanning_kv":null,"volt_klass":0,"kapacitet_mw":null,"operator":"RWE Renewables Sweden AB"}},{"type":"Feature","geometry":{"type":"Point","coordinates":[12.9887,55.91114]},"properties":{"namn":"Hedagården","typ":"wind","spanning_kv":null,"volt_klass":0,"kapacitet_mw":null,"operator":null}},{"type":"Feature","geometry":{"type":"Point","coordinates":[13.05053,55.95276]},"properties":{"namn":"Halmstadgården","typ":"wind","spanning_kv":null,"volt_klass":0,"kapacitet_mw":null,"operator":"Halmstadgården Vindpark AB"}},{"type":"Feature","geometry":{"type":"Point","coordinates":[13.48053,55.84517]},"properties":{"namn":"Brostorp-Snogeröd","typ":"wind","spanning_kv":null,"volt_klass":0,"kapacitet_mw":null,"operator":null}},{"type":"Feature","geometry":{"type":"Point","coordinates":[13.43649,55.83432]},"properties":{"namn":"Skarhults nygård","typ":"wind","spanning_kv":null,"volt_klass":0,"kapacitet_mw":null,"operator":"Universal Wind AB"}},{"type":"Feature","geometry":{"type":"Point","coordinates":[13.39038,55.88819]},"properties":{"namn":"Värlinge gård","typ":"wind","spanning_kv":null,"volt_klass":0,"kapacitet_mw":null,"operator":"Universal Wind AB"}},{"type":"Feature","geometry":{"type":"Point","coordinates":[13.34899,55.81284]},"properties":{"namn":"Brönneslöv","typ":"wind","spanning_kv":null,"volt_klass":0,"kapacitet_mw":null,"operator":"Slitevind AB"}},{"type":"Feature","geometry":{"type":"Point","coordinates":[13.36267,55.78758]},"properties":{"namn":"Skarhult","typ":"wind","spanning_kv":null,"volt_klass":0,"kapacitet_mw":null,"operator":"Blåshult AB"}},{"type":"Feature","geometry":{"type":"Point","coordinates":[13.40464,55.78649]},"properties":{"namn":"Äspinge-Klemedstorp","typ":"wind","spanning_kv":null,"volt_klass":0,"kapacitet_mw":null,"operator":"Eolus Vind AB"}},{"type":"Feature","geometry":{"type":"Point","coordinates":[13.43165,55.76116]},"properties":{"namn":"Tängelsås","typ":"wind","spanning_kv":null,"volt_klass":0,"kapacitet_mw":null,"operator":null}},{"type":"Feature","geometry":{"type":"Point","coordinates":[13.50897,55.81409]},"properties":{"namn":"Orup","typ":"wind","spanning_kv":null,"volt_klass":0,"kapacitet_mw":null,"operator":null}},{"type":"Feature","geometry":{"type":"Point","coordinates":[13.54527,55.80015]},"properties":{"namn":"Västrabygård","typ":"wind","spanning_kv":null,"volt_klass":0,"kapacitet_mw":null,"operator":"Västraby Vindpark AB"}},{"type":"Feature","geometry":{"type":"Point","coordinates":[13.64689,55.82392]},"properties":{"namn":"Lyby","typ":"wind","spanning_kv":null,"volt_klass":0,"kapacitet_mw":null,"operator":null}},{"type":"Feature","geometry":{"type":"Point","coordinates":[13.77378,55.82017]},"properties":{"namn":"Huggelseke-Bessinge","typ":"wind","spanning_kv":null,"volt_klass":0,"kapacitet_mw":null,"operator":"Östra Sallerup Vind AB"}},{"type":"Feature","geometry":{"type":"Point","coordinates":[12.56504,56.23861]},"properties":{"namn":"Kullen","typ":"wind","spanning_kv":null,"volt_klass":0,"kapacitet_mw":null,"operator":null}},{"type":"Feature","geometry":{"type":"Point","coordinates":[12.57608,56.23345]},"properties":{"namn":"Rågåkra","typ":"wind","spanning_kv":null,"volt_klass":0,"kapacitet_mw":null,"operator":"Bjäre Kraft Energi AB"}},{"type":"Feature","geometry":{"type":"Point","coordinates":[12.6135,56.22872]},"properties":{"namn":"Glimminge","typ":"wind","spanning_kv":null,"volt_klass":0,"kapacitet_mw":null,"operator":"Glimminge Vindsamfällighetsförening"}},{"type":"Feature","geometry":{"type":"Point","coordinates":[12.68813,56.20177]},"properties":{"namn":"Gunnestorp","typ":"wind","spanning_kv":null,"volt_klass":0,"kapacitet_mw":null,"operator":"Gunnestorps Miljö Energi AB"}},{"type":"Feature","geometry":{"type":"Point","coordinates":[12.62845,56.1637]},"properties":{"namn":"Ingelsträde","typ":"wind","spanning_kv":null,"volt_klass":0,"kapacitet_mw":null,"operator":"Öresundskraft AB"}},{"type":"Feature","geometry":{"type":"Point","coordinates":[13.09721,56.24582]},"properties":{"namn":"Össjö Skog","typ":"wind","spanning_kv":null,"volt_klass":0,"kapacitet_mw":null,"operator":null}},{"type":"Feature","geometry":{"type":"Point","coordinates":[12.76639,56.42475]},"properties":{"namn":"Sönnertorp","typ":"wind","spanning_kv":null,"volt_klass":0,"kapacitet_mw":null,"operator":null}},{"type":"Feature","geometry":{"type":"Point","coordinates":[12.99839,56.65365]},"properties":{"namn":"Vindkraft Stjärnarp","typ":"wind","spanning_kv":null,"volt_klass":0,"kapacitet_mw":null,"operator":"Arise Windpower AB"}},{"type":"Feature","geometry":{"type":"Point","coordinates":[13.03599,56.59077]},"properties":{"namn":"Öringe","typ":"wind","spanning_kv":null,"volt_klass":0,"kapacitet_mw":null,"operator":"RWE Renewables Sweden AB"}},{"type":"Feature","geometry":{"type":"Point","coordinates":[13.01495,56.45786]},"properties":{"namn":"Vallberga Gård Mölla","typ":"wind","spanning_kv":null,"volt_klass":0,"kapacitet_mw":null,"operator":null}},{"type":"Feature","geometry":{"type":"Point","coordinates":[12.91891,56.92434]},"properties":{"namn":"Bohult","typ":"wind","spanning_kv":null,"volt_klass":0,"kapacitet_mw":null,"operator":"Arise Windpower AB"}},{"type":"Feature","geometry":{"type":"Point","coordinates":[12.72279,57.00721]},"properties":{"namn":"Askomebjär","typ":"wind","spanning_kv":null,"volt_klass":0,"kapacitet_mw":null,"operator":"Askome Vind AB"}},{"type":"Feature","geometry":{"type":"Point","coordinates":[12.75616,56.96615]},"properties":{"namn":"Väby","typ":"wind","spanning_kv":null,"volt_klass":0,"kapacitet_mw":null,"operator":"Väby Driftintressenter AB"}},{"type":"Feature","geometry":{"type":"Point","coordinates":[12.75776,56.92147]},"properties":{"namn":"Högabjär","typ":"wind","spanning_kv":null,"volt_klass":0,"kapacitet_mw":null,"operator":"Vattenfall Vindkraft AB"}},{"type":"Feature","geometry":{"type":"Point","coordinates":[12.78585,56.93217]},"properties":{"namn":"Kärsås","typ":"wind","spanning_kv":null,"volt_klass":0,"kapacitet_mw":null,"operator":"Vattenfall Vindkraft AB"}},{"type":"Feature","geometry":{"type":"Point","coordinates":[12.82494,56.91931]},"properties":{"namn":"Alered","typ":"wind","spanning_kv":null,"volt_klass":0,"kapacitet_mw":null,"operator":"ewz Atlantic Sverige AB"}},{"type":"Feature","geometry":{"type":"Point","coordinates":[12.48849,57.04772]},"properties":{"namn":"Gummaråsen","typ":"wind","spanning_kv":null,"volt_klass":0,"kapacitet_mw":null,"operator":"Varberg Energi AB"}},{"type":"Feature","geometry":{"type":"Point","coordinates":[12.36393,57.05543]},"properties":{"namn":"Tvååker","typ":"wind","spanning_kv":null,"volt_klass":0,"kapacitet_mw":null,"operator":null}},{"type":"Feature","geometry":{"type":"Point","coordinates":[12.4531,57.00629]},"properties":{"namn":"Sotared","typ":"wind","spanning_kv":null,"volt_klass":0,"kapacitet_mw":null,"operator":"Sotared Vindkraftpark AB"}},{"type":"Feature","geometry":{"type":"Point","coordinates":[12.46995,56.99576]},"properties":{"namn":"Hässlås Morups-Lunnagård","typ":"wind","spanning_kv":null,"volt_klass":0,"kapacitet_mw":4.0,"operator":null}},{"type":"Feature","geometry":{"type":"Point","coordinates":[12.47259,56.99327]},"properties":{"namn":"Hässlås Morups-Lunnagård","typ":"wind","spanning_kv":null,"volt_klass":0,"kapacitet_mw":4.0,"operator":null}},{"type":"Feature","geometry":{"type":"Point","coordinates":[12.46708,56.8879]},"properties":{"namn":"Lövstaviken","typ":"wind","spanning_kv":null,"volt_klass":0,"kapacitet_mw":null,"operator":"Falkenberg Energi AB"}},{"type":"Feature","geometry":{"type":"Point","coordinates":[12.47312,56.94507]},"properties":{"namn":"Vindil Kraft AB","typ":"wind","spanning_kv":null,"volt_klass":0,"kapacitet_mw":null,"operator":"Vindil Kraft AB"}},{"type":"Feature","geometry":{"type":"Point","coordinates":[12.23849,57.42259]},"properties":{"namn":"Dal","typ":"wind","spanning_kv":null,"volt_klass":0,"kapacitet_mw":null,"operator":"Gamesa Energy Sweden AB"}},{"type":"Feature","geometry":{"type":"Point","coordinates":[12.27522,57.20489]},"properties":{"namn":"Västra Derome","typ":"wind","spanning_kv":null,"volt_klass":0,"kapacitet_mw":null,"operator":"Varberg Energi AB"}},{"type":"Feature","geometry":{"type":"Point","coordinates":[13.72347,57.40007]},"properties":{"namn":"Knuts kulle","typ":"wind","spanning_kv":null,"volt_klass":0,"kapacitet_mw":null,"operator":"Eolus Vind AB"}},{"type":"Feature","geometry":{"type":"Point","coordinates":[13.76149,57.28117]},"properties":{"namn":"Kulltorp","typ":"wind","spanning_kv":null,"volt_klass":0,"kapacitet_mw":null,"operator":"Gnosjö Energi AB"}},{"type":"Feature","geometry":{"type":"Point","coordinates":[13.64323,57.19571]},"properties":{"namn":"Klämman","typ":"wind","spanning_kv":null,"volt_klass":0,"kapacitet_mw":null,"operator":"Klämman Vind AB"}},{"type":"Feature","geometry":{"type":"Point","coordinates":[13.97413,57.13983]},"properties":{"namn":"Vallerstad Vind","typ":"wind","spanning_kv":null,"volt_klass":0,"kapacitet_mw":null,"operator":"Vallerstad Vind AB"}},{"type":"Feature","geometry":{"type":"Point","coordinates":[13.92772,57.80793]},"properties":{"namn":"Sötterfällan","typ":"wind","spanning_kv":null,"volt_klass":0,"kapacitet_mw":null,"operator":"Eolus Vind AB"}},{"type":"Feature","geometry":{"type":"Point","coordinates":[13.80439,57.75006]},"properties":{"namn":"Gunillaberg","typ":"wind","spanning_kv":null,"volt_klass":0,"kapacitet_mw":null,"operator":"Vindpark Gunillaberg AB"}},{"type":"Feature","geometry":{"type":"Point","coordinates":[13.46157,57.71132]},"properties":{"namn":"Bondegärde","typ":"wind","spanning_kv":null,"volt_klass":0,"kapacitet_mw":null,"operator":"Bondegärde Vindpark AB"}},{"type":"Feature","geometry":{"type":"Point","coordinates":[11.41129,58.34202]},"properties":{"namn":"Humlekärr","typ":"wind","spanning_kv":null,"volt_klass":0,"kapacitet_mw":null,"operator":"Lysekils Energi Vind AB"}},{"type":"Feature","geometry":{"type":"Point","coordinates":[11.41556,58.33801]},"properties":{"namn":"Humlekärr","typ":"wind","spanning_kv":null,"volt_klass":0,"kapacitet_mw":null,"operator":"Lärbro SPW AB"}},{"type":"Feature","geometry":{"type":"Point","coordinates":[11.72377,58.36884]},"properties":{"namn":"Rålanda","typ":"wind","spanning_kv":null,"volt_klass":0,"kapacitet_mw":null,"operator":"Wallenstam Vindkraft Rålanda AB"}},{"type":"Feature","geometry":{"type":"Point","coordinates":[11.48662,58.53766]},"properties":{"namn":"Ås","typ":"wind","spanning_kv":null,"volt_klass":0,"kapacitet_mw":null,"operator":null}},{"type":"Feature","geometry":{"type":"Point","coordinates":[11.60545,58.54164]},"properties":{"namn":"Svarteborgs-Skogen","typ":"wind","spanning_kv":null,"volt_klass":0,"kapacitet_mw":null,"operator":"Dingleskogen Vind AB"}},{"type":"Feature","geometry":{"type":"Point","coordinates":[11.73574,58.52143]},"properties":{"namn":"Järmunderöd(Lilla Parken) 3 verk","typ":"wind","spanning_kv":null,"volt_klass":0,"kapacitet_mw":null,"operator":null}},{"type":"Feature","geometry":{"type":"Point","coordinates":[12.60841,58.9748]},"properties":{"namn":"Hässelbacka","typ":"wind","spanning_kv":null,"volt_klass":0,"kapacitet_mw":null,"operator":null}},{"type":"Feature","geometry":{"type":"Point","coordinates":[11.2804,58.86252]},"properties":{"namn":"Neanberg/VIK","typ":"wind","spanning_kv":null,"volt_klass":0,"kapacitet_mw":null,"operator":"Neanberg Vind AB"}},{"type":"Feature","geometry":{"type":"Point","coordinates":[11.26881,58.7927]},"properties":{"namn":"Torseröds Vindkraftpark 5","typ":"wind","spanning_kv":null,"volt_klass":0,"kapacitet_mw":null,"operator":"Torseröds vindkraftpark"}},{"type":"Feature","geometry":{"type":"Point","coordinates":[11.26555,58.72865]},"properties":{"namn":"Skärbo","typ":"wind","spanning_kv":null,"volt_klass":0,"kapacitet_mw":null,"operator":"Vindskontoret Skärbo AB"}},{"type":"Feature","geometry":{"type":"Point","coordinates":[11.43099,58.76548]},"properties":{"namn":"Skaveröd/Gurseröd","typ":"wind","spanning_kv":null,"volt_klass":0,"kapacitet_mw":null,"operator":"Skaveröd Gurseröd Vind AB"}},{"type":"Feature","geometry":{"type":"Point","coordinates":[11.4129,58.77008]},"properties":{"namn":"Vindpark Tågeröd","typ":"wind","spanning_kv":null,"volt_klass":0,"kapacitet_mw":null,"operator":"Tanum Vindkraft AB"}},{"type":"Feature","geometry":{"type":"Point","coordinates":[11.39966,58.77584]},"properties":{"namn":"Mungseröd/Gurseröd/Skaveröd","typ":"wind","spanning_kv":null,"volt_klass":0,"kapacitet_mw":null,"operator":null}},{"type":"Feature","geometry":{"type":"Point","coordinates":[11.3835,58.77548]},"properties":{"namn":"Mungseröd","typ":"wind","spanning_kv":null,"volt_klass":0,"kapacitet_mw":null,"operator":"Mungseröds Vindpark AB"}},{"type":"Feature","geometry":{"type":"Point","coordinates":[13.30318,58.37865]},"properties":{"namn":"ENTORP / 5690-1","typ":"wind","spanning_kv":null,"volt_klass":0,"kapacitet_mw":null,"operator":"Agrivind AB"}},{"type":"Feature","geometry":{"type":"Point","coordinates":[13.22201,58.42351]},"properties":{"namn":"Lindärva","typ":"wind","spanning_kv":null,"volt_klass":0,"kapacitet_mw":null,"operator":"Mossängens Vind AB"}},{"type":"Feature","geometry":{"type":"Point","coordinates":[13.15514,58.41191]},"properties":{"namn":"Bast","typ":"wind","spanning_kv":null,"volt_klass":0,"kapacitet_mw":null,"operator":"Älvsborgsvind AB (publ)"}},{"type":"Feature","geometry":{"type":"Point","coordinates":[13.27593,58.34061]},"properties":{"namn":"KARSTORP / 7044-3","typ":"wind","spanning_kv":null,"volt_klass":0,"kapacitet_mw":null,"operator":"Wallenstam Vindkraft Skogaryd AB"}},{"type":"Feature","geometry":{"type":"Point","coordinates":[13.17636,58.33256]},"properties":{"namn":"Stenkulla","typ":"wind","spanning_kv":null,"volt_klass":0,"kapacitet_mw":null,"operator":"Eolus Vind AB"}},{"type":"Feature","geometry":{"type":"Point","coordinates":[13.13995,58.28427]},"properties":{"namn":"Vara Badene","typ":"wind","spanning_kv":null,"volt_klass":0,"kapacitet_mw":null,"operator":"Erikstorp Utveckling AB"}},{"type":"Feature","geometry":{"type":"Point","coordinates":[15.10714,58.60992]},"properties":{"namn":"Björka","typ":"wind","spanning_kv":null,"volt_klass":0,"kapacitet_mw":null,"operator":null}},{"type":"Feature","geometry":{"type":"Point","coordinates":[12.02973,59.42486]},"properties":{"namn":"Årjäng NV","typ":"wind","spanning_kv":null,"volt_klass":0,"kapacitet_mw":null,"operator":"Årjäng Nordväst Vind AB"}},{"type":"Feature","geometry":{"type":"Point","coordinates":[12.05333,59.35854]},"properties":{"namn":"Årjäng SV","typ":"wind","spanning_kv":null,"volt_klass":0,"kapacitet_mw":null,"operator":"Årjäng Sydväst Vind AB"}},{"type":"Feature","geometry":{"type":"Point","coordinates":[15.19902,58.86577]},"properties":{"namn":"Mariedamm","typ":"wind","spanning_kv":null,"volt_klass":0,"kapacitet_mw":null,"operator":null}},{"type":"Feature","geometry":{"type":"Point","coordinates":[16.11539,60.09063]},"properties":{"namn":"Målarberget","typ":"wind","spanning_kv":null,"volt_klass":0,"kapacitet_mw":null,"operator":"Vindpark Målarberget i Norberg AB"}},{"type":"Feature","geometry":{"type":"Point","coordinates":[14.91618,60.09951]},"properties":{"namn":"Saxberget","typ":"wind","spanning_kv":null,"volt_klass":0,"kapacitet_mw":null,"operator":"SR Energy AB"}},{"type":"Feature","geometry":{"type":"Point","coordinates":[14.89046,60.09607]},"properties":{"namn":"Fjällberget","typ":"wind","spanning_kv":null,"volt_klass":0,"kapacitet_mw":null,"operator":"Fjällberget Energi AB"}},{"type":"Feature","geometry":{"type":"Point","coordinates":[15.09997,60.35855]},"properties":{"namn":"Orrberget/Stensvedberget","typ":"wind","spanning_kv":null,"volt_klass":0,"kapacitet_mw":null,"operator":"FORTE Nordic Wind AB"}},{"type":"Feature","geometry":{"type":"Point","coordinates":[13.62165,60.88791]},"properties":{"namn":"Kyrkberget","typ":"wind","spanning_kv":null,"volt_klass":0,"kapacitet_mw":null,"operator":"Jämtkraft AB"}},{"type":"Feature","geometry":{"type":"Point","coordinates":[13.65199,60.66714]},"properties":{"namn":"Byråsen","typ":"wind","spanning_kv":null,"volt_klass":0,"kapacitet_mw":null,"operator":null}},{"type":"Feature","geometry":{"type":"Point","coordinates":[14.22078,60.27988]},"properties":{"namn":"Röbergsfjället","typ":"wind","spanning_kv":null,"volt_klass":0,"kapacitet_mw":null,"operator":"EnBW Sverige Vind AB"}},{"type":"Feature","geometry":{"type":"Point","coordinates":[14.19741,60.24078]},"properties":{"namn":"Silkomhöjden","typ":"wind","spanning_kv":null,"volt_klass":0,"kapacitet_mw":null,"operator":null}},{"type":"Feature","geometry":{"type":"Point","coordinates":[14.20468,60.24984]},"properties":{"namn":"Silkomhöjden","typ":"wind","spanning_kv":null,"volt_klass":0,"kapacitet_mw":null,"operator":"Eolus Vind AB"}},{"type":"Feature","geometry":{"type":"Point","coordinates":[14.60348,61.32067]},"properties":{"namn":"Mässingberget","typ":"wind","spanning_kv":null,"volt_klass":0,"kapacitet_mw":null,"operator":"OX2 AB"}},{"type":"Feature","geometry":{"type":"Point","coordinates":[16.39475,60.74231]},"properties":{"namn":"Vindpark Mombyåsen","typ":"wind","spanning_kv":null,"volt_klass":0,"kapacitet_mw":null,"operator":"Mombyåsen Wind Farm AB"}},{"type":"Feature","geometry":{"type":"Point","coordinates":[16.45759,60.78575]},"properties":{"namn":"Åsen","typ":"wind","spanning_kv":null,"volt_klass":0,"kapacitet_mw":null,"operator":"Eolus Vind AB"}},{"type":"Feature","geometry":{"type":"Point","coordinates":[16.38619,60.80502]},"properties":{"namn":"Vindpark Jädraås","typ":"wind","spanning_kv":null,"volt_klass":0,"kapacitet_mw":null,"operator":"Jädraås Vindkraft AB"}},{"type":"Feature","geometry":{"type":"Point","coordinates":[16.19102,60.80855]},"properties":{"namn":"Svartnäs","typ":"wind","spanning_kv":null,"volt_klass":0,"kapacitet_mw":null,"operator":"Svartnäs Vindkraft AB"}},{"type":"Feature","geometry":{"type":"Point","coordinates":[16.14161,60.87856]},"properties":{"namn":"Enviksberget","typ":"wind","spanning_kv":null,"volt_klass":0,"kapacitet_mw":null,"operator":"Enviksbergets Vindpark AB"}},{"type":"Feature","geometry":{"type":"Point","coordinates":[21.60923,65.25448]},"properties":{"namn":"Haraholmen","typ":"wind","spanning_kv":null,"volt_klass":0,"kapacitet_mw":null,"operator":"Marakallen Vindbruk AB"}},{"type":"Feature","geometry":{"type":"Point","coordinates":[19.26451,63.54301]},"properties":{"namn":"Gabrielsberget","typ":"wind","spanning_kv":null,"volt_klass":0,"kapacitet_mw":null,"operator":null}},{"type":"Feature","geometry":{"type":"Point","coordinates":[19.2428,63.33445]},"properties":{"namn":"Fanbyn","typ":"wind","spanning_kv":null,"volt_klass":0,"kapacitet_mw":null,"operator":"Norrvinden Första Förvaltning AB"}},{"type":"Feature","geometry":{"type":"Point","coordinates":[18.07546,63.2513]},"properties":{"namn":"Sidensjö","typ":"wind","spanning_kv":null,"volt_klass":0,"kapacitet_mw":null,"operator":"Sidensjö Vindkraft AB"}},{"type":"Feature","geometry":{"type":"Point","coordinates":[17.98306,63.22371]},"properties":{"namn":"Stigshöjden","typ":"wind","spanning_kv":null,"volt_klass":0,"kapacitet_mw":null,"operator":"OX2 AB"}},{"type":"Feature","geometry":{"type":"Point","coordinates":[17.39791,63.79877]},"properties":{"namn":"2284-V-018","typ":"wind","spanning_kv":null,"volt_klass":0,"kapacitet_mw":null,"operator":"Vindin AB"}},{"type":"Feature","geometry":{"type":"Point","coordinates":[13.58805,63.75903]},"properties":{"namn":"Storrun","typ":"wind","spanning_kv":null,"volt_klass":0,"kapacitet_mw":null,"operator":"Storrun Vindkraft AB"}},{"type":"Feature","geometry":{"type":"Point","coordinates":[17.13691,60.63363]},"properties":{"namn":"Johannes kraftvärmeverk","typ":"biomass","spanning_kv":null,"volt_klass":0,"kapacitet_mw":23.0,"operator":"Gävle Energi"}},{"type":"Feature","geometry":{"type":"Point","coordinates":[14.97052,63.53837]},"properties":{"namn":"Munkflohögen","typ":"wind","spanning_kv":null,"volt_klass":0,"kapacitet_mw":null,"operator":"Munkflohögen Vindkraft AB"}},{"type":"Feature","geometry":{"type":"Point","coordinates":[15.04878,63.61334]},"properties":{"namn":"Ollebacken etapp 2","typ":"wind","spanning_kv":null,"volt_klass":0,"kapacitet_mw":null,"operator":"Ollebacken Energi AB"}},{"type":"Feature","geometry":{"type":"Point","coordinates":[15.05758,63.61183]},"properties":{"namn":"Ollebacken etapp 1","typ":"wind","spanning_kv":null,"volt_klass":0,"kapacitet_mw":null,"operator":"Ollebacken Energi AB"}},{"type":"Feature","geometry":{"type":"Point","coordinates":[15.02978,63.63282]},"properties":{"namn":"Gåxsjö-Raftsjöhöjden","typ":"wind","spanning_kv":null,"volt_klass":0,"kapacitet_mw":null,"operator":null}},{"type":"Feature","geometry":{"type":"Point","coordinates":[14.99524,63.59379]},"properties":{"namn":"Raftsjöhöjden syd","typ":"wind","spanning_kv":null,"volt_klass":0,"kapacitet_mw":null,"operator":"Rabbalshede Kraft AB"}},{"type":"Feature","geometry":{"type":"Point","coordinates":[14.11177,62.34817]},"properties":{"namn":"Rodovålen","typ":"wind","spanning_kv":null,"volt_klass":0,"kapacitet_mw":null,"operator":null}},{"type":"Feature","geometry":{"type":"Point","coordinates":[13.28336,62.46727]},"properties":{"namn":"Långåvålen","typ":"wind","spanning_kv":null,"volt_klass":0,"kapacitet_mw":null,"operator":"Agrivind AB"}},{"type":"Feature","geometry":{"type":"Point","coordinates":[12.87535,62.38229]},"properties":{"namn":"Stentjärnåsen","typ":"wind","spanning_kv":null,"volt_klass":0,"kapacitet_mw":null,"operator":"Stentjärnåsen Vindkraft AB"}},{"type":"Feature","geometry":{"type":"Point","coordinates":[17.75802,62.77229]},"properties":{"namn":"Stormon","typ":"wind","spanning_kv":null,"volt_klass":0,"kapacitet_mw":null,"operator":"Stormon Energi AB"}},{"type":"Feature","geometry":{"type":"Point","coordinates":[17.88102,62.74825]},"properties":{"namn":"Möckelsjöberget","typ":"wind","spanning_kv":null,"volt_klass":0,"kapacitet_mw":null,"operator":"SR Energy AB"}},{"type":"Feature","geometry":{"type":"Point","coordinates":[17.84111,62.58993]},"properties":{"namn":"Spjutåsberget","typ":"wind","spanning_kv":null,"volt_klass":0,"kapacitet_mw":null,"operator":"Härnösand Energi och Miljö AB"}},{"type":"Feature","geometry":{"type":"Point","coordinates":[17.97075,62.60598]},"properties":{"namn":"Vindkraft Vårdkasen","typ":"wind","spanning_kv":null,"volt_klass":0,"kapacitet_mw":null,"operator":"Härnösand Energi och Miljö AB"}},{"type":"Feature","geometry":{"type":"Point","coordinates":[15.53304,62.12808]},"properties":{"namn":"Vindpark Våsberget","typ":"wind","spanning_kv":null,"volt_klass":0,"kapacitet_mw":null,"operator":"Våsberget Vindkraft AB"}},{"type":"Feature","geometry":{"type":"Point","coordinates":[16.9532,62.04676]},"properties":{"namn":"Vindpark Brännåsen","typ":"wind","spanning_kv":null,"volt_klass":0,"kapacitet_mw":null,"operator":"Samkraft Grännsjön AB"}},{"type":"Feature","geometry":{"type":"Point","coordinates":[17.04242,62.08584]},"properties":{"namn":"Vindpark Mörkåsen","typ":"wind","spanning_kv":null,"volt_klass":0,"kapacitet_mw":null,"operator":"Eolus Vind AB"}},{"type":"Feature","geometry":{"type":"Point","coordinates":[17.93216,62.98461]},"properties":{"namn":"Rammeldalsberget","typ":"wind","spanning_kv":null,"volt_klass":0,"kapacitet_mw":null,"operator":"OWN Power Projects AB"}},{"type":"Feature","geometry":{"type":"Point","coordinates":[16.62354,62.68196]},"properties":{"namn":"Holms-Västbyn","typ":"wind","spanning_kv":null,"volt_klass":0,"kapacitet_mw":null,"operator":"Svenska Vindbolaget AB"}},{"type":"Feature","geometry":{"type":"Point","coordinates":[15.94368,62.71977]},"properties":{"namn":"Mörttjärnberget","typ":"wind","spanning_kv":null,"volt_klass":0,"kapacitet_mw":null,"operator":"Statkraft SCA Vind AB"}},{"type":"Feature","geometry":{"type":"Point","coordinates":[14.64552,62.5097]},"properties":{"namn":"Digerberget 1.","typ":"wind","spanning_kv":null,"volt_klass":0,"kapacitet_mw":null,"operator":"Wallenstam Energi AB"}},{"type":"Feature","geometry":{"type":"Point","coordinates":[14.93826,62.54855]},"properties":{"namn":"Länsterhöjden","typ":"wind","spanning_kv":null,"volt_klass":0,"kapacitet_mw":null,"operator":"SCA Energy AB"}},{"type":"Feature","geometry":{"type":"Point","coordinates":[16.5869,60.7835]},"properties":{"namn":"Vettåsen/Finnberget","typ":"wind","spanning_kv":null,"volt_klass":0,"kapacitet_mw":null,"operator":null}},{"type":"Feature","geometry":{"type":"Point","coordinates":[16.66242,60.81157]},"properties":{"namn":"Mårtensklack","typ":"wind","spanning_kv":null,"volt_klass":0,"kapacitet_mw":null,"operator":"Wallenstam Vindkraft Vettåsen AB"}},{"type":"Feature","geometry":{"type":"Point","coordinates":[16.61513,61.01091]},"properties":{"namn":"Bergvind Lingbo","typ":"wind","spanning_kv":null,"volt_klass":0,"kapacitet_mw":null,"operator":"Åmot-Lingbo Vindkraft AB"}},{"type":"Feature","geometry":{"type":"Point","coordinates":[16.57733,61.06625]},"properties":{"namn":null,"typ":"wind","spanning_kv":null,"volt_klass":0,"kapacitet_mw":null,"operator":"OWN Power Projects AB"}},{"type":"Feature","geometry":{"type":"Point","coordinates":[20.3831,65.45863]},"properties":{"namn":"Stor-Blåliden","typ":"wind","spanning_kv":null,"volt_klass":0,"kapacitet_mw":null,"operator":"Storblåliden Vind AB"}},{"type":"Feature","geometry":{"type":"Point","coordinates":[15.53188,62.3098]},"properties":{"namn":"Vindkraftsparken Riberget","typ":"wind","spanning_kv":null,"volt_klass":0,"kapacitet_mw":70.0,"operator":"Fu-Gen"}},{"type":"Feature","geometry":{"type":"Point","coordinates":[17.03492,62.77858]},"properties":{"namn":"Stor-Skälsjön vindkraftspark","typ":"wind","spanning_kv":null,"volt_klass":0,"kapacitet_mw":260.0,"operator":null}},{"type":"Feature","geometry":{"type":"Point","coordinates":[15.34713,58.77408]},"properties":{"namn":"Hultema","typ":"wind","spanning_kv":null,"volt_klass":0,"kapacitet_mw":null,"operator":"VKS Vindkraft Sverige AB"}},{"type":"Feature","geometry":{"type":"Point","coordinates":[15.13966,56.85714]},"properties":{"namn":"Furuby","typ":"wind","spanning_kv":null,"volt_klass":0,"kapacitet_mw":null,"operator":"Furukraft AB"}},{"type":"Feature","geometry":{"type":"Point","coordinates":[15.27158,57.03742]},"properties":{"namn":"Marhult Vindpark","typ":"wind","spanning_kv":null,"volt_klass":0,"kapacitet_mw":null,"operator":"Marhult Vind AB"}},{"type":"Feature","geometry":{"type":"Point","coordinates":[15.27426,57.07612]},"properties":{"namn":"Karskruv","typ":"wind","spanning_kv":null,"volt_klass":0,"kapacitet_mw":null,"operator":"Karskruv Vind AB"}},{"type":"Feature","geometry":{"type":"Point","coordinates":[15.77788,62.37474]},"properties":{"namn":"Björnberget","typ":"wind","spanning_kv":null,"volt_klass":0,"kapacitet_mw":null,"operator":"RES Renewable Norden AB"}},{"type":"Feature","geometry":{"type":"Point","coordinates":[16.13871,62.42174]},"properties":{"namn":"Klevberget","typ":"wind","spanning_kv":null,"volt_klass":0,"kapacitet_mw":null,"operator":"Klev Wind AB"}},{"type":"Feature","geometry":{"type":"Point","coordinates":[12.05267,57.73211]},"properties":{"namn":"Sävenäsverket","typ":"waste","spanning_kv":null,"volt_klass":0,"kapacitet_mw":null,"operator":"Göteborg Energi AB"}},{"type":"Feature","geometry":{"type":"Point","coordinates":[15.53266,56.23281]},"properties":{"namn":"Nättraby Solpark","typ":"solar","spanning_kv":null,"volt_klass":0,"kapacitet_mw":13.34,"operator":"Alight"}},{"type":"Feature","geometry":{"type":"Point","coordinates":[16.74093,59.6236]},"properties":{"namn":null,"typ":"solar","spanning_kv":null,"volt_klass":0,"kapacitet_mw":null,"operator":null}},{"type":"Feature","geometry":{"type":"Point","coordinates":[16.74372,59.62028]},"properties":{"namn":null,"typ":"solar","spanning_kv":null,"volt_klass":0,"kapacitet_mw":null,"operator":null}},{"type":"Feature","geometry":{"type":"Point","coordinates":[16.73951,59.62029]},"properties":{"namn":null,"typ":"solar","spanning_kv":null,"volt_klass":0,"kapacitet_mw":null,"operator":null}},{"type":"Feature","geometry":{"type":"Point","coordinates":[16.27482,56.67781]},"properties":{"namn":"Törneby Solpark","typ":"solar","spanning_kv":null,"volt_klass":0,"kapacitet_mw":3.0,"operator":"Törneby driftförening"}},{"type":"Feature","geometry":{"type":"Point","coordinates":[11.7117,58.85172]},"properties":{"namn":"Loviseholms kvarn och kraftverk","typ":"hydro","spanning_kv":null,"volt_klass":0,"kapacitet_mw":null,"operator":null}}]}