{"type":"FeatureCollection","features":[{"type":"Feature","geometry":{"type":"Point","coordinates":[17.14669,60.64749]},"properties":{"namn":"ICA Maxi","typ":null,"spanning_kv":null,"volt_klass":0,"kapacitet_mw":null,"operator":"Gavle Energi"}},{"type":"Feature","geometry":{"type":"Point","coordinates":[17.1398,60.67006]},"properties":{"namn":null,"typ":null,"spanning_kv":null,"volt_klass":0,"kapacitet_mw":null,"operator":null}},{"type":"Feature","geometry":{"type":"Point","coordinates":[17.13427,60.6681]},"properties":{"namn":null,"typ":null,"spanning_kv":null,"volt_klass":0,"kapacitet_mw":null,"operator":null}},{"type":"Feature","geometry":{"type":"Point","coordinates":[16.9936,60.64204]},"properties":{"namn":null,"typ":null,"spanning_kv":null,"volt_klass":0,"kapacitet_mw":null,"operator":"Gävle Energi"}},{"type":"Feature","geometry":{"type":"Point","coordinates":[16.99004,60.63981]},"properties":{"namn":null,"typ":null,"spanning_kv":null,"volt_klass":0,"kapacitet_mw":null,"operator":"Gävle Energi"}},{"type":"Feature","geometry":{"type":"Point","coordinates":[16.98772,60.6361]},"properties":{"namn":null,"typ":null,"spanning_kv":null,"volt_klass":0,"kapacitet_mw":null,"operator":"Gävle Energi"}},{"type":"Feature","geometry":{"type":"Point","coordinates":[17.01164,60.64169]},"properties":{"namn":null,"typ":null,"spanning_kv":null,"volt_klass":0,"kapacitet_mw":null,"operator":"Gävle Energi"}},{"type":"Feature","geometry":{"type":"Point","coordinates":[17.9652,59.34483]},"properties":{"namn":null,"typ":null,"spanning_kv":null,"volt_klass":0,"kapacitet_mw":null,"operator":null}},{"type":"Feature","geometry":{"type":"Point","coordinates":[17.16155,60.69462]},"properties":{"namn":"Avans Herrgård","typ":null,"spanning_kv":null,"volt_klass":0,"kapacitet_mw":null,"operator":"Gavle Energi"}},{"type":"Feature","geometry":{"type":"Point","coordinates":[17.16796,60.7014]},"properties":{"namn":"Brynjan","typ":null,"spanning_kv":null,"volt_klass":0,"kapacitet_mw":null,"operator":"Gavle Energi"}},{"type":"Feature","geometry":{"type":"Point","coordinates":[17.16206,60.70549]},"properties":{"namn":null,"typ":null,"spanning_kv":null,"volt_klass":0,"kapacitet_mw":null,"operator":"Gavle Energi"}},{"type":"Feature","geometry":{"type":"Point","coordinates":[17.16159,60.69886]},"properties":{"namn":"Pipstocken","typ":null,"spanning_kv":null,"volt_klass":0,"kapacitet_mw":null,"operator":"Gavle Energi"}},{"type":"Feature","geometry":{"type":"Point","coordinates":[17.15169,60.7016]},"properties":{"namn":"Idet","typ":null,"spanning_kv":null,"volt_klass":0,"kapacitet_mw":null,"operator":"Gavle Energi"}},{"type":"Feature","geometry":{"type":"Point","coordinates":[17.14646,60.70554]},"properties":{"namn":"Stigshöjden","typ":null,"spanning_kv":null,"volt_klass":0,"kapacitet_mw":null,"operator":"Gavle Energi"}},{"type":"Feature","geometry":{"type":"Point","coordinates":[17.14766,60.70121]},"properties":{"namn":"Klippet","typ":null,"spanning_kv":null,"volt_klass":0,"kapacitet_mw":null,"operator":"Gavle Energi"}},{"type":"Feature","geometry":{"type":"Point","coordinates":[17.14888,60.69965]},"properties":{"namn":"Vältan","typ":null,"spanning_kv":null,"volt_klass":0,"kapacitet_mw":null,"operator":"Gavle Energi"}},{"type":"Feature","geometry":{"type":"Point","coordinates":[17.12328,60.68226]},"properties":{"namn":"Bäckebro","typ":null,"spanning_kv":null,"volt_klass":0,"kapacitet_mw":null,"operator":null}},{"type":"Feature","geometry":{"type":"Point","coordinates":[17.13575,60.68102]},"properties":{"namn":"Norrtull","typ":null,"spanning_kv":null,"volt_klass":0,"kapacitet_mw":null,"operator":"Gavle Energi"}},{"type":"Feature","geometry":{"type":"Point","coordinates":[17.13679,60.68273]},"properties":{"namn":null,"typ":null,"spanning_kv":null,"volt_klass":0,"kapacitet_mw":null,"operator":"Gavle Energi"}},{"type":"Feature","geometry":{"type":"Point","coordinates":[17.13367,60.68383]},"properties":{"namn":"Konduktören","typ":null,"spanning_kv":null,"volt_klass":0,"kapacitet_mw":null,"operator":"Gavle Energi"}},{"type":"Feature","geometry":{"type":"Point","coordinates":[17.17981,60.66092]},"properties":{"namn":"Urfjället","typ":null,"spanning_kv":null,"volt_klass":0,"kapacitet_mw":null,"operator":"Gavle Energi"}},{"type":"Feature","geometry":{"type":"Point","coordinates":[17.18257,60.66263]},"properties":{"namn":"Svingården","typ":null,"spanning_kv":null,"volt_klass":0,"kapacitet_mw":null,"operator":"Gavle Energi"}},{"type":"Feature","geometry":{"type":"Point","coordinates":[17.18545,60.66268]},"properties":{"namn":"Utjorden 2","typ":null,"spanning_kv":null,"volt_klass":0,"kapacitet_mw":null,"operator":"Gavle Energi"}},{"type":"Feature","geometry":{"type":"Point","coordinates":[17.15985,60.66164]},"properties":{"namn":"Kålroten","typ":null,"spanning_kv":null,"volt_klass":0,"kapacitet_mw":null,"operator":"Gavle Energi"}},{"type":"Feature","geometry":{"type":"Point","coordinates":[17.1756,60.66268]},"properties":{"namn":"Lokstallet","typ":null,"spanning_kv":null,"volt_klass":0,"kapacitet_mw":null,"operator":"Gavle Energi"}},{"type":"Feature","geometry":{"type":"Point","coordinates":[17.20001,60.66254]},"properties":{"namn":"Sandåker","typ":"minor_distribution","spanning_kv":null,"volt_klass":0,"kapacitet_mw":null,"operator":"Gavle Energi"}},{"type":"Feature","geometry":{"type":"Point","coordinates":[17.09984,60.67999]},"properties":{"namn":"Eriksvägen","typ":null,"spanning_kv":null,"volt_klass":0,"kapacitet_mw":null,"operator":"Gavle Energi"}},{"type":"Feature","geometry":{"type":"Point","coordinates":[17.09346,60.67811]},"properties":{"namn":null,"typ":null,"spanning_kv":null,"volt_klass":0,"kapacitet_mw":null,"operator":"Gavle Energi"}},{"type":"Feature","geometry":{"type":"Point","coordinates":[17.07887,60.67371]},"properties":{"namn":null,"typ":null,"spanning_kv":null,"volt_klass":0,"kapacitet_mw":null,"operator":"Gavle Energi"}},{"type":"Feature","geometry":{"type":"Point","coordinates":[17.07051,60.66569]},"properties":{"namn":null,"typ":null,"spanning_kv":null,"volt_klass":0,"kapacitet_mw":null,"operator":"Gavle Energi"}},{"type":"Feature","geometry":{"type":"Point","coordinates":[17.12604,60.66594]},"properties":{"namn":"Hyacinten","typ":null,"spanning_kv":null,"volt_klass":0,"kapacitet_mw":null,"operator":"Gavle Energi"}},{"type":"Feature","geometry":{"type":"Point","coordinates":[17.13774,60.65831]},"properties":{"namn":"Raspen","typ":null,"spanning_kv":null,"volt_klass":0,"kapacitet_mw":null,"operator":"Gavle Energi"}},{"type":"Feature","geometry":{"type":"Point","coordinates":[17.05726,60.6745]},"properties":{"namn":"Skogsvägen","typ":null,"spanning_kv":null,"volt_klass":0,"kapacitet_mw":null,"operator":"Gavle Energi"}},{"type":"Feature","geometry":{"type":"Point","coordinates":[17.08104,60.675]},"properties":{"namn":null,"typ":null,"spanning_kv":null,"volt_klass":0,"kapacitet_mw":null,"operator":"Gavle Energi"}},{"type":"Feature","geometry":{"type":"Point","coordinates":[17.07317,60.67777]},"properties":{"namn":"Valängen","typ":null,"spanning_kv":null,"volt_klass":0,"kapacitet_mw":null,"operator":"Gavle Energi"}},{"type":"Feature","geometry":{"type":"Point","coordinates":[17.06843,60.6731]},"properties":{"namn":"Fabian Månssons väg","typ":null,"spanning_kv":null,"volt_klass":0,"kapacitet_mw":null,"operator":"Gavle Energi"}},{"type":"Feature","geometry":{"type":"Point","coordinates":[17.07442,60.67281]},"properties":{"namn":null,"typ":null,"spanning_kv":null,"volt_klass":0,"kapacitet_mw":null,"operator":"Gavle Energi"}},{"type":"Feature","geometry":{"type":"Point","coordinates":[17.05893,60.66824]},"properties":{"namn":"Kraftvägen","typ":"minor_distribution","spanning_kv":null,"volt_klass":0,"kapacitet_mw":null,"operator":"Gavle Energi"}},{"type":"Feature","geometry":{"type":"Point","coordinates":[16.89812,60.61939]},"properties":{"namn":null,"typ":null,"spanning_kv":null,"volt_klass":0,"kapacitet_mw":null,"operator":null}},{"type":"Feature","geometry":{"type":"Point","coordinates":[16.90223,60.6326]},"properties":{"namn":null,"typ":null,"spanning_kv":null,"volt_klass":0,"kapacitet_mw":null,"operator":null}},{"type":"Feature","geometry":{"type":"Point","coordinates":[16.89267,60.61855]},"properties":{"namn":null,"typ":null,"spanning_kv":null,"volt_klass":0,"kapacitet_mw":null,"operator":null}},{"type":"Feature","geometry":{"type":"Point","coordinates":[16.88622,60.61873]},"properties":{"namn":null,"typ":null,"spanning_kv":null,"volt_klass":0,"kapacitet_mw":null,"operator":null}},{"type":"Feature","geometry":{"type":"Point","coordinates":[16.89171,60.60746]},"properties":{"namn":null,"typ":null,"spanning_kv":null,"volt_klass":0,"kapacitet_mw":null,"operator":null}},{"type":"Feature","geometry":{"type":"Point","coordinates":[17.17189,60.67989]},"properties":{"namn":"Ö Hamnpiren","typ":null,"spanning_kv":null,"volt_klass":0,"kapacitet_mw":null,"operator":null}},{"type":"Feature","geometry":{"type":"Point","coordinates":[17.04918,60.55061]},"properties":{"namn":"Jordåsen","typ":null,"spanning_kv":null,"volt_klass":0,"kapacitet_mw":null,"operator":"Gavle Energi"}},{"type":"Feature","geometry":{"type":"Point","coordinates":[16.97268,60.64385]},"properties":{"namn":"Vindruvan","typ":null,"spanning_kv":null,"volt_klass":0,"kapacitet_mw":null,"operator":"Gavle Energi"}},{"type":"Feature","geometry":{"type":"Point","coordinates":[16.9606,60.63152]},"properties":{"namn":"Jansvreten","typ":null,"spanning_kv":null,"volt_klass":0,"kapacitet_mw":null,"operator":"Gavle Energi"}},{"type":"Feature","geometry":{"type":"Point","coordinates":[17.00693,60.6447]},"properties":{"namn":"Furugården","typ":null,"spanning_kv":null,"volt_klass":0,"kapacitet_mw":null,"operator":"Gavle Energi"}},{"type":"Feature","geometry":{"type":"Point","coordinates":[17.01696,60.64626]},"properties":{"namn":"Stenhuggarvägen","typ":null,"spanning_kv":null,"volt_klass":0,"kapacitet_mw":null,"operator":"Gavle Energi"}},{"type":"Feature","geometry":{"type":"Point","coordinates":[17.09663,60.67252]},"properties":{"namn":null,"typ":null,"spanning_kv":null,"volt_klass":0,"kapacitet_mw":null,"operator":null}},{"type":"Feature","geometry":{"type":"Point","coordinates":[17.12048,60.67545]},"properties":{"namn":null,"typ":null,"spanning_kv":null,"volt_klass":0,"kapacitet_mw":null,"operator":null}},{"type":"Feature","geometry":{"type":"Point","coordinates":[17.16347,60.65509]},"properties":{"namn":"Norråkern","typ":null,"spanning_kv":null,"volt_klass":0,"kapacitet_mw":null,"operator":"Gavle Energi"}},{"type":"Feature","geometry":{"type":"Point","coordinates":[17.16141,60.65261]},"properties":{"namn":"Lövens Tä","typ":null,"spanning_kv":null,"volt_klass":0,"kapacitet_mw":null,"operator":"Gavle Energi"}},{"type":"Feature","geometry":{"type":"Point","coordinates":[17.17099,60.6531]},"properties":{"namn":"Hackstenen","typ":null,"spanning_kv":null,"volt_klass":0,"kapacitet_mw":null,"operator":"Gavle Energi"}},{"type":"Feature","geometry":{"type":"Point","coordinates":[17.15876,60.65064]},"properties":{"namn":"Västeråkern","typ":null,"spanning_kv":null,"volt_klass":0,"kapacitet_mw":null,"operator":"Gavle Energi"}},{"type":"Feature","geometry":{"type":"Point","coordinates":[17.1499,60.6472]},"properties":{"namn":null,"typ":null,"spanning_kv":null,"volt_klass":0,"kapacitet_mw":null,"operator":"Gavle Energi"}},{"type":"Feature","geometry":{"type":"Point","coordinates":[17.18147,60.65678]},"properties":{"namn":"Utängarna","typ":null,"spanning_kv":null,"volt_klass":0,"kapacitet_mw":null,"operator":"Gavle Energi"}},{"type":"Feature","geometry":{"type":"Point","coordinates":[17.18526,60.66075]},"properties":{"namn":"Utjorden","typ":null,"spanning_kv":null,"volt_klass":0,"kapacitet_mw":null,"operator":"Gavle Energi"}},{"type":"Feature","geometry":{"type":"Point","coordinates":[13.3698,55.94777]},"properties":{"namn":null,"typ":null,"spanning_kv":null,"volt_klass":0,"kapacitet_mw":null,"operator":null}},{"type":"Feature","geometry":{"type":"Point","coordinates":[17.15559,60.68167]},"properties":{"namn":"Måsen","typ":null,"spanning_kv":null,"volt_klass":0,"kapacitet_mw":null,"operator":"Gavle Energi"}},{"type":"Feature","geometry":{"type":"Point","coordinates":[17.21409,60.66751]},"properties":{"namn":null,"typ":null,"spanning_kv":null,"volt_klass":0,"kapacitet_mw":null,"operator":null}},{"type":"Feature","geometry":{"type":"Point","coordinates":[17.28183,60.67177]},"properties":{"namn":"Varvsudden","typ":null,"spanning_kv":null,"volt_klass":0,"kapacitet_mw":null,"operator":"Gavle Energi"}},{"type":"Feature","geometry":{"type":"Point","coordinates":[17.18587,60.70486]},"properties":{"namn":"Lindbacka","typ":null,"spanning_kv":null,"volt_klass":0,"kapacitet_mw":null,"operator":"Gavle Energi"}},{"type":"Feature","geometry":{"type":"Point","coordinates":[16.98827,60.62683]},"properties":{"namn":null,"typ":null,"spanning_kv":null,"volt_klass":0,"kapacitet_mw":null,"operator":null}},{"type":"Feature","geometry":{"type":"Point","coordinates":[16.99174,60.62445]},"properties":{"namn":"Ängsberg 2","typ":null,"spanning_kv":null,"volt_klass":0,"kapacitet_mw":null,"operator":"Gavle Energi"}},{"type":"Feature","geometry":{"type":"Point","coordinates":[16.96544,60.63963]},"properties":{"namn":"Mackmyra Bruk","typ":null,"spanning_kv":null,"volt_klass":0,"kapacitet_mw":null,"operator":"Gavle Energi"}},{"type":"Feature","geometry":{"type":"Point","coordinates":[16.45743,60.96568]},"properties":{"namn":null,"typ":null,"spanning_kv":null,"volt_klass":0,"kapacitet_mw":null,"operator":null}},{"type":"Feature","geometry":{"type":"Point","coordinates":[17.12901,60.6517]},"properties":{"namn":"Pepparriskan","typ":null,"spanning_kv":null,"volt_klass":0,"kapacitet_mw":null,"operator":"Gavle Energi"}},{"type":"Feature","geometry":{"type":"Point","coordinates":[16.91269,60.61185]},"properties":{"namn":null,"typ":null,"spanning_kv":null,"volt_klass":0,"kapacitet_mw":null,"operator":null}},{"type":"Feature","geometry":{"type":"Point","coordinates":[16.90156,60.61368]},"properties":{"namn":null,"typ":null,"spanning_kv":null,"volt_klass":0,"kapacitet_mw":null,"operator":null}},{"type":"Feature","geometry":{"type":"Point","coordinates":[16.82051,60.6278]},"properties":{"namn":null,"typ":null,"spanning_kv":null,"volt_klass":0,"kapacitet_mw":null,"operator":null}},{"type":"Feature","geometry":{"type":"Point","coordinates":[16.80989,60.62732]},"properties":{"namn":null,"typ":null,"spanning_kv":null,"volt_klass":0,"kapacitet_mw":null,"operator":null}},{"type":"Feature","geometry":{"type":"Point","coordinates":[16.8154,60.62053]},"properties":{"namn":null,"typ":null,"spanning_kv":null,"volt_klass":0,"kapacitet_mw":null,"operator":null}},{"type":"Feature","geometry":{"type":"Point","coordinates":[16.80595,60.62795]},"properties":{"namn":null,"typ":null,"spanning_kv":null,"volt_klass":0,"kapacitet_mw":null,"operator":null}},{"type":"Feature","geometry":{"type":"Point","coordinates":[16.80605,60.63176]},"properties":{"namn":null,"typ":null,"spanning_kv":null,"volt_klass":0,"kapacitet_mw":null,"operator":null}},{"type":"Feature","geometry":{"type":"Point","coordinates":[16.78125,60.62079]},"properties":{"namn":null,"typ":null,"spanning_kv":null,"volt_klass":0,"kapacitet_mw":null,"operator":null}},{"type":"Feature","geometry":{"type":"Point","coordinates":[16.77691,60.62646]},"properties":{"namn":null,"typ":null,"spanning_kv":null,"volt_klass":0,"kapacitet_mw":null,"operator":null}},{"type":"Feature","geometry":{"type":"Point","coordinates":[16.78965,60.62733]},"properties":{"namn":null,"typ":null,"spanning_kv":null,"volt_klass":0,"kapacitet_mw":null,"operator":null}},{"type":"Feature","geometry":{"type":"Point","coordinates":[16.78845,60.62185]},"properties":{"namn":null,"typ":null,"spanning_kv":null,"volt_klass":0,"kapacitet_mw":null,"operator":null}},{"type":"Feature","geometry":{"type":"Point","coordinates":[17.13001,60.6653]},"properties":{"namn":null,"typ":null,"spanning_kv":null,"volt_klass":0,"kapacitet_mw":null,"operator":null}},{"type":"Feature","geometry":{"type":"Point","coordinates":[16.77169,60.62626]},"properties":{"namn":null,"typ":null,"spanning_kv":null,"volt_klass":0,"kapacitet_mw":null,"operator":null}},{"type":"Feature","geometry":{"type":"Point","coordinates":[16.77046,60.62431]},"properties":{"namn":null,"typ":null,"spanning_kv":null,"volt_klass":0,"kapacitet_mw":null,"operator":null}},{"type":"Feature","geometry":{"type":"Point","coordinates":[16.76888,60.61959]},"properties":{"namn":null,"typ":null,"spanning_kv":null,"volt_klass":0,"kapacitet_mw":null,"operator":null}},{"type":"Feature","geometry":{"type":"Point","coordinates":[16.76867,60.61792]},"properties":{"namn":null,"typ":null,"spanning_kv":null,"volt_klass":0,"kapacitet_mw":null,"operator":null}},{"type":"Feature","geometry":{"type":"Point","coordinates":[16.78214,60.61842]},"properties":{"namn":null,"typ":null,"spanning_kv":null,"volt_klass":0,"kapacitet_mw":null,"operator":null}},{"type":"Feature","geometry":{"type":"Point","coordinates":[16.76727,60.62221]},"properties":{"namn":null,"typ":null,"spanning_kv":null,"volt_klass":0,"kapacitet_mw":null,"operator":null}},{"type":"Feature","geometry":{"type":"Point","coordinates":[16.76604,60.61693]},"properties":{"namn":null,"typ":null,"spanning_kv":null,"volt_klass":0,"kapacitet_mw":null,"operator":null}},{"type":"Feature","geometry":{"type":"Point","coordinates":[16.7599,60.61904]},"properties":{"namn":null,"typ":null,"spanning_kv":null,"volt_klass":0,"kapacitet_mw":null,"operator":null}},{"type":"Feature","geometry":{"type":"Point","coordinates":[18.12896,59.36398]},"properties":{"namn":null,"typ":null,"spanning_kv":null,"volt_klass":0,"kapacitet_mw":null,"operator":null}},{"type":"Feature","geometry":{"type":"Point","coordinates":[17.12974,60.64521]},"properties":{"namn":"Kungskällan","typ":"minor_distribution","spanning_kv":null,"volt_klass":0,"kapacitet_mw":null,"operator":"Gävle Energi"}},{"type":"Feature","geometry":{"type":"Point","coordinates":[17.13659,60.64362]},"properties":{"namn":"Barometern","typ":"minor_distribution","spanning_kv":null,"volt_klass":0,"kapacitet_mw":null,"operator":"Gävle Energi"}},{"type":"Feature","geometry":{"type":"Point","coordinates":[17.13883,60.64588]},"properties":{"namn":null,"typ":null,"spanning_kv":null,"volt_klass":0,"kapacitet_mw":null,"operator":null}},{"type":"Feature","geometry":{"type":"Point","coordinates":[17.14018,60.71751]},"properties":{"namn":null,"typ":null,"spanning_kv":null,"volt_klass":0,"kapacitet_mw":null,"operator":null}},{"type":"Feature","geometry":{"type":"Point","coordinates":[17.13282,60.71634]},"properties":{"namn":null,"typ":null,"spanning_kv":null,"volt_klass":0,"kapacitet_mw":null,"operator":null}},{"type":"Feature","geometry":{"type":"Point","coordinates":[20.3266,63.82886]},"properties":{"namn":"Drumlinen","typ":null,"spanning_kv":null,"volt_klass":0,"kapacitet_mw":null,"operator":null}},{"type":"Feature","geometry":{"type":"Point","coordinates":[20.3279,63.82378]},"properties":{"namn":"Flyttblocket","typ":null,"spanning_kv":null,"volt_klass":0,"kapacitet_mw":null,"operator":null}},{"type":"Feature","geometry":{"type":"Point","coordinates":[17.17355,60.71702]},"properties":{"namn":null,"typ":null,"spanning_kv":null,"volt_klass":0,"kapacitet_mw":null,"operator":null}},{"type":"Feature","geometry":{"type":"Point","coordinates":[17.16485,60.71276]},"properties":{"namn":"Persbacka","typ":null,"spanning_kv":null,"volt_klass":0,"kapacitet_mw":null,"operator":null}},{"type":"Feature","geometry":{"type":"Point","coordinates":[17.17324,60.72294]},"properties":{"namn":null,"typ":null,"spanning_kv":null,"volt_klass":0,"kapacitet_mw":null,"operator":null}},{"type":"Feature","geometry":{"type":"Point","coordinates":[17.17171,60.71457]},"properties":{"namn":null,"typ":null,"spanning_kv":null,"volt_klass":0,"kapacitet_mw":null,"operator":null}},{"type":"Feature","geometry":{"type":"Point","coordinates":[14.07995,56.19185]},"properties":{"namn":null,"typ":null,"spanning_kv":null,"volt_klass":0,"kapacitet_mw":null,"operator":null}},{"type":"Feature","geometry":{"type":"Point","coordinates":[17.12391,60.66914]},"properties":{"namn":null,"typ":null,"spanning_kv":null,"volt_klass":0,"kapacitet_mw":null,"operator":null}},{"type":"Feature","geometry":{"type":"Point","coordinates":[17.00258,60.66053]},"properties":{"namn":null,"typ":null,"spanning_kv":null,"volt_klass":0,"kapacitet_mw":null,"operator":null}},{"type":"Feature","geometry":{"type":"Point","coordinates":[17.10808,60.65543]},"properties":{"namn":"Skjutbanan","typ":null,"spanning_kv":null,"volt_klass":0,"kapacitet_mw":null,"operator":"Gavle Energi"}},{"type":"Feature","geometry":{"type":"Point","coordinates":[13.43304,59.43642]},"properties":{"namn":null,"typ":null,"spanning_kv":null,"volt_klass":0,"kapacitet_mw":null,"operator":null}},{"type":"Feature","geometry":{"type":"Point","coordinates":[13.42822,59.43296]},"properties":{"namn":null,"typ":null,"spanning_kv":null,"volt_klass":0,"kapacitet_mw":null,"operator":null}},{"type":"Feature","geometry":{"type":"Point","coordinates":[13.42907,59.43112]},"properties":{"namn":null,"typ":null,"spanning_kv":null,"volt_klass":0,"kapacitet_mw":null,"operator":null}},{"type":"Feature","geometry":{"type":"Point","coordinates":[13.43815,59.42697]},"properties":{"namn":null,"typ":null,"spanning_kv":null,"volt_klass":0,"kapacitet_mw":null,"operator":null}},{"type":"Feature","geometry":{"type":"Point","coordinates":[15.50071,58.49413]},"properties":{"namn":null,"typ":null,"spanning_kv":null,"volt_klass":0,"kapacitet_mw":null,"operator":null}},{"type":"Feature","geometry":{"type":"Point","coordinates":[15.65094,58.411]},"properties":{"namn":null,"typ":null,"spanning_kv":null,"volt_klass":0,"kapacitet_mw":null,"operator":null}},{"type":"Feature","geometry":{"type":"Point","coordinates":[15.6641,58.41287]},"properties":{"namn":null,"typ":null,"spanning_kv":null,"volt_klass":0,"kapacitet_mw":null,"operator":null}},{"type":"Feature","geometry":{"type":"Point","coordinates":[15.63812,58.41267]},"properties":{"namn":null,"typ":null,"spanning_kv":null,"volt_klass":0,"kapacitet_mw":null,"operator":null}},{"type":"Feature","geometry":{"type":"Point","coordinates":[16.66711,57.73783]},"properties":{"namn":null,"typ":null,"spanning_kv":null,"volt_klass":0,"kapacitet_mw":null,"operator":null}},{"type":"Feature","geometry":{"type":"Point","coordinates":[16.65796,57.74753]},"properties":{"namn":null,"typ":null,"spanning_kv":null,"volt_klass":0,"kapacitet_mw":null,"operator":null}},{"type":"Feature","geometry":{"type":"Point","coordinates":[16.66488,57.74244]},"properties":{"namn":null,"typ":null,"spanning_kv":null,"volt_klass":0,"kapacitet_mw":null,"operator":null}},{"type":"Feature","geometry":{"type":"Point","coordinates":[15.64648,58.3996]},"properties":{"namn":null,"typ":null,"spanning_kv":null,"volt_klass":0,"kapacitet_mw":null,"operator":null}},{"type":"Feature","geometry":{"type":"Point","coordinates":[14.07813,56.19724]},"properties":{"namn":null,"typ":null,"spanning_kv":null,"volt_klass":0,"kapacitet_mw":null,"operator":null}},{"type":"Feature","geometry":{"type":"Point","coordinates":[14.09571,56.20999]},"properties":{"namn":null,"typ":null,"spanning_kv":null,"volt_klass":0,"kapacitet_mw":null,"operator":null}},{"type":"Feature","geometry":{"type":"Point","coordinates":[17.14646,60.67457]},"properties":{"namn":null,"typ":null,"spanning_kv":null,"volt_klass":0,"kapacitet_mw":null,"operator":null}},{"type":"Feature","geometry":{"type":"Point","coordinates":[15.66083,58.41749]},"properties":{"namn":null,"typ":null,"spanning_kv":null,"volt_klass":0,"kapacitet_mw":null,"operator":null}},{"type":"Feature","geometry":{"type":"Point","coordinates":[15.67362,58.41851]},"properties":{"namn":null,"typ":null,"spanning_kv":null,"volt_klass":0,"kapacitet_mw":null,"operator":null}},{"type":"Feature","geometry":{"type":"Point","coordinates":[15.678,58.41893]},"properties":{"namn":null,"typ":null,"spanning_kv":null,"volt_klass":0,"kapacitet_mw":null,"operator":null}},{"type":"Feature","geometry":{"type":"Point","coordinates":[15.67651,58.42294]},"properties":{"namn":null,"typ":null,"spanning_kv":null,"volt_klass":0,"kapacitet_mw":null,"operator":null}},{"type":"Feature","geometry":{"type":"Point","coordinates":[15.56305,58.39739]},"properties":{"namn":null,"typ":null,"spanning_kv":null,"volt_klass":0,"kapacitet_mw":null,"operator":null}},{"type":"Feature","geometry":{"type":"Point","coordinates":[14.07615,56.25361]},"properties":{"namn":null,"typ":null,"spanning_kv":null,"volt_klass":0,"kapacitet_mw":null,"operator":null}},{"type":"Feature","geometry":{"type":"Point","coordinates":[14.08103,56.25311]},"properties":{"namn":null,"typ":null,"spanning_kv":null,"volt_klass":0,"kapacitet_mw":null,"operator":null}},{"type":"Feature","geometry":{"type":"Point","coordinates":[14.08912,56.25785]},"properties":{"namn":null,"typ":null,"spanning_kv":null,"volt_klass":0,"kapacitet_mw":null,"operator":null}},{"type":"Feature","geometry":{"type":"Point","coordinates":[14.08575,56.25472]},"properties":{"namn":null,"typ":null,"spanning_kv":null,"volt_klass":0,"kapacitet_mw":null,"operator":null}},{"type":"Feature","geometry":{"type":"Point","coordinates":[14.09575,56.25348]},"properties":{"namn":null,"typ":null,"spanning_kv":null,"volt_klass":0,"kapacitet_mw":null,"operator":null}},{"type":"Feature","geometry":{"type":"Point","coordinates":[14.08575,56.23497]},"properties":{"namn":null,"typ":null,"spanning_kv":null,"volt_klass":0,"kapacitet_mw":null,"operator":null}},{"type":"Feature","geometry":{"type":"Point","coordinates":[14.02062,56.31211]},"properties":{"namn":null,"typ":null,"spanning_kv":null,"volt_klass":0,"kapacitet_mw":null,"operator":null}},{"type":"Feature","geometry":{"type":"Point","coordinates":[14.05499,56.27246]},"properties":{"namn":null,"typ":null,"spanning_kv":null,"volt_klass":0,"kapacitet_mw":null,"operator":null}},{"type":"Feature","geometry":{"type":"Point","coordinates":[14.07229,56.25958]},"properties":{"namn":null,"typ":null,"spanning_kv":null,"volt_klass":0,"kapacitet_mw":null,"operator":null}},{"type":"Feature","geometry":{"type":"Point","coordinates":[14.07834,56.25709]},"properties":{"namn":null,"typ":null,"spanning_kv":null,"volt_klass":0,"kapacitet_mw":null,"operator":null}},{"type":"Feature","geometry":{"type":"Point","coordinates":[15.65953,58.43176]},"properties":{"namn":null,"typ":null,"spanning_kv":null,"volt_klass":0,"kapacitet_mw":null,"operator":null}},{"type":"Feature","geometry":{"type":"Point","coordinates":[11.6109,57.9282]},"properties":{"namn":null,"typ":null,"spanning_kv":null,"volt_klass":0,"kapacitet_mw":null,"operator":null}},{"type":"Feature","geometry":{"type":"Point","coordinates":[14.05946,56.25576]},"properties":{"namn":null,"typ":null,"spanning_kv":null,"volt_klass":0,"kapacitet_mw":null,"operator":null}},{"type":"Feature","geometry":{"type":"Point","coordinates":[14.06618,56.24944]},"properties":{"namn":null,"typ":null,"spanning_kv":null,"volt_klass":0,"kapacitet_mw":null,"operator":null}},{"type":"Feature","geometry":{"type":"Point","coordinates":[14.06172,56.25322]},"properties":{"namn":null,"typ":null,"spanning_kv":null,"volt_klass":0,"kapacitet_mw":null,"operator":null}},{"type":"Feature","geometry":{"type":"Point","coordinates":[14.05721,56.25035]},"properties":{"namn":null,"typ":null,"spanning_kv":null,"volt_klass":0,"kapacitet_mw":null,"operator":null}},{"type":"Feature","geometry":{"type":"Point","coordinates":[14.05823,56.24543]},"properties":{"namn":null,"typ":null,"spanning_kv":null,"volt_klass":0,"kapacitet_mw":null,"operator":null}},{"type":"Feature","geometry":{"type":"Point","coordinates":[15.6662,58.42549]},"properties":{"namn":null,"typ":null,"spanning_kv":null,"volt_klass":0,"kapacitet_mw":null,"operator":null}},{"type":"Feature","geometry":{"type":"Point","coordinates":[15.66961,58.42203]},"properties":{"namn":null,"typ":null,"spanning_kv":null,"volt_klass":0,"kapacitet_mw":null,"operator":null}},{"type":"Feature","geometry":{"type":"Point","coordinates":[14.62631,61.13783]},"properties":{"namn":null,"typ":null,"spanning_kv":null,"volt_klass":0,"kapacitet_mw":null,"operator":null}},{"type":"Feature","geometry":{"type":"Point","coordinates":[15.55367,56.39902]},"properties":{"namn":null,"typ":null,"spanning_kv":null,"volt_klass":0,"kapacitet_mw":null,"operator":null}},{"type":"Feature","geometry":{"type":"Point","coordinates":[15.6462,58.44496]},"properties":{"namn":null,"typ":null,"spanning_kv":null,"volt_klass":0,"kapacitet_mw":null,"operator":null}},{"type":"Feature","geometry":{"type":"Point","coordinates":[12.03133,57.43788]},"properties":{"namn":null,"typ":null,"spanning_kv":null,"volt_klass":0,"kapacitet_mw":null,"operator":null}},{"type":"Feature","geometry":{"type":"Point","coordinates":[18.82567,60.10441]},"properties":{"namn":null,"typ":null,"spanning_kv":null,"volt_klass":0,"kapacitet_mw":null,"operator":null}},{"type":"Feature","geometry":{"type":"Point","coordinates":[14.3065,57.09635]},"properties":{"namn":null,"typ":null,"spanning_kv":null,"volt_klass":0,"kapacitet_mw":null,"operator":"Tuddabo"}},{"type":"Feature","geometry":{"type":"Point","coordinates":[14.29312,57.14727]},"properties":{"namn":null,"typ":null,"spanning_kv":null,"volt_klass":0,"kapacitet_mw":null,"operator":"Hanfriarp"}},{"type":"Feature","geometry":{"type":"Point","coordinates":[14.2566,57.08034]},"properties":{"namn":null,"typ":null,"spanning_kv":null,"volt_klass":0,"kapacitet_mw":null,"operator":"Åkerås"}},{"type":"Feature","geometry":{"type":"Point","coordinates":[11.98888,58.55763]},"properties":{"namn":"Håvestensvägen 2","typ":null,"spanning_kv":null,"volt_klass":0,"kapacitet_mw":null,"operator":null}},{"type":"Feature","geometry":{"type":"Point","coordinates":[12.0087,58.55616]},"properties":{"namn":"Backa","typ":null,"spanning_kv":null,"volt_klass":0,"kapacitet_mw":null,"operator":null}},{"type":"Feature","geometry":{"type":"Point","coordinates":[11.98909,58.56172]},"properties":{"namn":"Håvestensvägen","typ":"minor_distribution","spanning_kv":null,"volt_klass":0,"kapacitet_mw":null,"operator":null}},{"type":"Feature","geometry":{"type":"Point","coordinates":[13.43279,59.42665]},"properties":{"namn":null,"typ":null,"spanning_kv":null,"volt_klass":0,"kapacitet_mw":null,"operator":null}},{"type":"Feature","geometry":{"type":"Point","coordinates":[13.4359,59.42981]},"properties":{"namn":null,"typ":null,"spanning_kv":null,"volt_klass":0,"kapacitet_mw":null,"operator":null}},{"type":"Feature","geometry":{"type":"Point","coordinates":[12.93927,55.40016]},"properties":{"namn":null,"typ":null,"spanning_kv":null,"volt_klass":0,"kapacitet_mw":null,"operator":null}},{"type":"Feature","geometry":{"type":"Point","coordinates":[12.93606,55.40407]},"properties":{"namn":null,"typ":null,"spanning_kv":null,"volt_klass":0,"kapacitet_mw":null,"operator":null}},{"type":"Feature","geometry":{"type":"Point","coordinates":[12.93571,55.39643]},"properties":{"namn":null,"typ":null,"spanning_kv":null,"volt_klass":0,"kapacitet_mw":null,"operator":null}},{"type":"Feature","geometry":{"type":"Point","coordinates":[18.56092,59.41315]},"properties":{"namn":null,"typ":null,"spanning_kv":null,"volt_klass":0,"kapacitet_mw":null,"operator":null}},{"type":"Feature","geometry":{"type":"Point","coordinates":[18.55812,59.40836]},"properties":{"namn":null,"typ":null,"spanning_kv":null,"volt_klass":0,"kapacitet_mw":null,"operator":null}},{"type":"Feature","geometry":{"type":"Point","coordinates":[18.09,59.30032]},"properties":{"namn":null,"typ":null,"spanning_kv":null,"volt_klass":0,"kapacitet_mw":null,"operator":null}},{"type":"Feature","geometry":{"type":"Point","coordinates":[18.23923,59.32428]},"properties":{"namn":null,"typ":null,"spanning_kv":null,"volt_klass":0,"kapacitet_mw":null,"operator":null}},{"type":"Feature","geometry":{"type":"Point","coordinates":[18.08678,59.34168]},"properties":{"namn":"Valhallavägen 134","typ":null,"spanning_kv":null,"volt_klass":0,"kapacitet_mw":null,"operator":"Fortum"}},{"type":"Feature","geometry":{"type":"Point","coordinates":[18.02525,59.33618]},"properties":{"namn":null,"typ":null,"spanning_kv":null,"volt_klass":0,"kapacitet_mw":null,"operator":null}},{"type":"Feature","geometry":{"type":"Point","coordinates":[18.0341,59.33328]},"properties":{"namn":null,"typ":null,"spanning_kv":null,"volt_klass":0,"kapacitet_mw":null,"operator":null}},{"type":"Feature","geometry":{"type":"Point","coordinates":[13.50473,55.75434]},"properties":{"namn":null,"typ":null,"spanning_kv":null,"volt_klass":0,"kapacitet_mw":null,"operator":"Ringsjö-Energi"}},{"type":"Feature","geometry":{"type":"Point","coordinates":[18.03379,59.45956]},"properties":{"namn":null,"typ":null,"spanning_kv":null,"volt_klass":0,"kapacitet_mw":null,"operator":null}},{"type":"Feature","geometry":{"type":"Point","coordinates":[18.03362,59.45953]},"properties":{"namn":null,"typ":null,"spanning_kv":null,"volt_klass":0,"kapacitet_mw":null,"operator":null}},{"type":"Feature","geometry":{"type":"Point","coordinates":[18.03371,59.45955]},"properties":{"namn":null,"typ":null,"spanning_kv":null,"volt_klass":0,"kapacitet_mw":null,"operator":null}},{"type":"Feature","geometry":{"type":"Point","coordinates":[14.83845,56.86824]},"properties":{"namn":null,"typ":null,"spanning_kv":null,"volt_klass":0,"kapacitet_mw":null,"operator":null}},{"type":"Feature","geometry":{"type":"Point","coordinates":[18.08037,59.29655]},"properties":{"namn":null,"typ":null,"spanning_kv":null,"volt_klass":0,"kapacitet_mw":null,"operator":null}},{"type":"Feature","geometry":{"type":"Point","coordinates":[15.65378,58.40935]},"properties":{"namn":null,"typ":null,"spanning_kv":null,"volt_klass":0,"kapacitet_mw":null,"operator":null}},{"type":"Feature","geometry":{"type":"Point","coordinates":[18.08157,59.55895]},"properties":{"namn":null,"typ":null,"spanning_kv":null,"volt_klass":0,"kapacitet_mw":null,"operator":null}},{"type":"Feature","geometry":{"type":"Point","coordinates":[15.58662,60.41518]},"properties":{"namn":"T-263","typ":null,"spanning_kv":null,"volt_klass":0,"kapacitet_mw":null,"operator":"Dala Energi"}},{"type":"Feature","geometry":{"type":"Point","coordinates":[22.78331,66.10629]},"properties":{"namn":null,"typ":null,"spanning_kv":null,"volt_klass":0,"kapacitet_mw":null,"operator":null}},{"type":"Feature","geometry":{"type":"Point","coordinates":[18.04018,59.41519]},"properties":{"namn":null,"typ":"minor_distribution","spanning_kv":null,"volt_klass":0,"kapacitet_mw":null,"operator":null}},{"type":"Feature","geometry":{"type":"Point","coordinates":[17.69331,59.94811]},"properties":{"namn":null,"typ":null,"spanning_kv":null,"volt_klass":0,"kapacitet_mw":null,"operator":null}},{"type":"Feature","geometry":{"type":"Point","coordinates":[16.36697,58.67569]},"properties":{"namn":null,"typ":null,"spanning_kv":null,"volt_klass":0,"kapacitet_mw":null,"operator":null}},{"type":"Feature","geometry":{"type":"Point","coordinates":[16.36953,58.67928]},"properties":{"namn":null,"typ":null,"spanning_kv":null,"volt_klass":0,"kapacitet_mw":null,"operator":null}},{"type":"Feature","geometry":{"type":"Point","coordinates":[11.71324,57.70899]},"properties":{"namn":null,"typ":null,"spanning_kv":null,"volt_klass":0,"kapacitet_mw":null,"operator":null}},{"type":"Feature","geometry":{"type":"Point","coordinates":[17.91778,59.32784]},"properties":{"namn":null,"typ":null,"spanning_kv":null,"volt_klass":0,"kapacitet_mw":null,"operator":null}},{"type":"Feature","geometry":{"type":"Point","coordinates":[15.59403,60.40456]},"properties":{"namn":"T-215","typ":null,"spanning_kv":null,"volt_klass":0,"kapacitet_mw":null,"operator":"Dala Energi"}},{"type":"Feature","geometry":{"type":"Point","coordinates":[14.15666,57.58894]},"properties":{"namn":null,"typ":null,"spanning_kv":null,"volt_klass":0,"kapacitet_mw":null,"operator":null}},{"type":"Feature","geometry":{"type":"Point","coordinates":[17.80561,59.44564]},"properties":{"namn":null,"typ":null,"spanning_kv":null,"volt_klass":0,"kapacitet_mw":null,"operator":null}},{"type":"Feature","geometry":{"type":"Point","coordinates":[15.59,60.40653]},"properties":{"namn":"T-238","typ":null,"spanning_kv":null,"volt_klass":0,"kapacitet_mw":null,"operator":"Dala Energi"}},{"type":"Feature","geometry":{"type":"Point","coordinates":[11.97636,57.71126]},"properties":{"namn":null,"typ":null,"spanning_kv":null,"volt_klass":0,"kapacitet_mw":null,"operator":null}},{"type":"Feature","geometry":{"type":"Point","coordinates":[13.03971,55.47577]},"properties":{"namn":null,"typ":null,"spanning_kv":null,"volt_klass":0,"kapacitet_mw":null,"operator":null}},{"type":"Feature","geometry":{"type":"Point","coordinates":[12.25893,57.10951]},"properties":{"namn":null,"typ":null,"spanning_kv":null,"volt_klass":0,"kapacitet_mw":null,"operator":null}},{"type":"Feature","geometry":{"type":"Point","coordinates":[18.23905,59.31866]},"properties":{"namn":null,"typ":null,"spanning_kv":null,"volt_klass":0,"kapacitet_mw":null,"operator":null}},{"type":"Feature","geometry":{"type":"Point","coordinates":[17.02546,58.73529]},"properties":{"namn":null,"typ":null,"spanning_kv":null,"volt_klass":0,"kapacitet_mw":null,"operator":null}},{"type":"Feature","geometry":{"type":"Point","coordinates":[17.0214,58.73595]},"properties":{"namn":null,"typ":null,"spanning_kv":null,"volt_klass":0,"kapacitet_mw":null,"operator":null}},{"type":"Feature","geometry":{"type":"Point","coordinates":[15.91248,56.93267]},"properties":{"namn":null,"typ":null,"spanning_kv":null,"volt_klass":0,"kapacitet_mw":null,"operator":null}},{"type":"Feature","geometry":{"type":"Point","coordinates":[14.07741,57.85284]},"properties":{"namn":null,"typ":null,"spanning_kv":null,"volt_klass":0,"kapacitet_mw":null,"operator":"Vattenfall"}},{"type":"Feature","geometry":{"type":"Point","coordinates":[15.9973,59.51435]},"properties":{"namn":null,"typ":null,"spanning_kv":null,"volt_klass":0,"kapacitet_mw":null,"operator":null}},{"type":"Feature","geometry":{"type":"Point","coordinates":[17.46982,67.72479]},"properties":{"namn":null,"typ":null,"spanning_kv":null,"volt_klass":0,"kapacitet_mw":null,"operator":null}},{"type":"Feature","geometry":{"type":"Point","coordinates":[22.71969,66.0714]},"properties":{"namn":null,"typ":null,"spanning_kv":null,"volt_klass":0,"kapacitet_mw":null,"operator":null}},{"type":"Feature","geometry":{"type":"Point","coordinates":[14.07369,56.22365]},"properties":{"namn":null,"typ":null,"spanning_kv":null,"volt_klass":0,"kapacitet_mw":null,"operator":null}},{"type":"Feature","geometry":{"type":"Point","coordinates":[12.60437,57.7766]},"properties":{"namn":null,"typ":null,"spanning_kv":null,"volt_klass":0,"kapacitet_mw":null,"operator":null}},{"type":"Feature","geometry":{"type":"Point","coordinates":[13.69548,60.05855]},"properties":{"namn":null,"typ":null,"spanning_kv":null,"volt_klass":0,"kapacitet_mw":null,"operator":null}},{"type":"Feature","geometry":{"type":"Point","coordinates":[17.35993,62.37289]},"properties":{"namn":null,"typ":"minor_distribution","spanning_kv":null,"volt_klass":0,"kapacitet_mw":null,"operator":null}},{"type":"Feature","geometry":{"type":"Point","coordinates":[17.35816,62.37313]},"properties":{"namn":null,"typ":"minor_distribution","spanning_kv":null,"volt_klass":0,"kapacitet_mw":null,"operator":null}},{"type":"Feature","geometry":{"type":"Point","coordinates":[17.35058,62.37472]},"properties":{"namn":null,"typ":"minor_distribution","spanning_kv":null,"volt_klass":0,"kapacitet_mw":null,"operator":null}},{"type":"Feature","geometry":{"type":"Point","coordinates":[17.3429,62.37455]},"properties":{"namn":null,"typ":"minor_distribution","spanning_kv":null,"volt_klass":0,"kapacitet_mw":null,"operator":null}},{"type":"Feature","geometry":{"type":"Point","coordinates":[17.34076,62.37545]},"properties":{"namn":null,"typ":"minor_distribution","spanning_kv":null,"volt_klass":0,"kapacitet_mw":null,"operator":null}},{"type":"Feature","geometry":{"type":"Point","coordinates":[17.34103,62.37608]},"properties":{"namn":null,"typ":"minor_distribution","spanning_kv":null,"volt_klass":0,"kapacitet_mw":null,"operator":null}},{"type":"Feature","geometry":{"type":"Point","coordinates":[17.34179,62.37655]},"properties":{"namn":null,"typ":"minor_distribution","spanning_kv":null,"volt_klass":0,"kapacitet_mw":null,"operator":null}},{"type":"Feature","geometry":{"type":"Point","coordinates":[17.33959,62.37818]},"properties":{"namn":null,"typ":"minor_distribution","spanning_kv":null,"volt_klass":0,"kapacitet_mw":null,"operator":null}},{"type":"Feature","geometry":{"type":"Point","coordinates":[17.33913,62.37638]},"properties":{"namn":null,"typ":"minor_distribution","spanning_kv":null,"volt_klass":0,"kapacitet_mw":null,"operator":null}},{"type":"Feature","geometry":{"type":"Point","coordinates":[17.33869,62.37746]},"properties":{"namn":null,"typ":"minor_distribution","spanning_kv":null,"volt_klass":0,"kapacitet_mw":null,"operator":null}},{"type":"Feature","geometry":{"type":"Point","coordinates":[17.33694,62.37797]},"properties":{"namn":null,"typ":"minor_distribution","spanning_kv":null,"volt_klass":0,"kapacitet_mw":null,"operator":null}},{"type":"Feature","geometry":{"type":"Point","coordinates":[17.33686,62.37914]},"properties":{"namn":null,"typ":"minor_distribution","spanning_kv":null,"volt_klass":0,"kapacitet_mw":null,"operator":null}},{"type":"Feature","geometry":{"type":"Point","coordinates":[17.33243,62.37783]},"properties":{"namn":null,"typ":"minor_distribution","spanning_kv":null,"volt_klass":0,"kapacitet_mw":null,"operator":null}},{"type":"Feature","geometry":{"type":"Point","coordinates":[17.3332,62.37901]},"properties":{"namn":null,"typ":"minor_distribution","spanning_kv":null,"volt_klass":0,"kapacitet_mw":null,"operator":null}},{"type":"Feature","geometry":{"type":"Point","coordinates":[16.38039,58.66339]},"properties":{"namn":null,"typ":null,"spanning_kv":null,"volt_klass":0,"kapacitet_mw":null,"operator":null}},{"type":"Feature","geometry":{"type":"Point","coordinates":[14.3969,56.01732]},"properties":{"namn":null,"typ":null,"spanning_kv":null,"volt_klass":0,"kapacitet_mw":null,"operator":null}},{"type":"Feature","geometry":{"type":"Point","coordinates":[14.35143,56.04178]},"properties":{"namn":null,"typ":null,"spanning_kv":null,"volt_klass":0,"kapacitet_mw":null,"operator":null}},{"type":"Feature","geometry":{"type":"Point","coordinates":[21.22381,64.89462]},"properties":{"namn":null,"typ":null,"spanning_kv":null,"volt_klass":0,"kapacitet_mw":null,"operator":null}},{"type":"Feature","geometry":{"type":"Point","coordinates":[13.27727,62.1132]},"properties":{"namn":null,"typ":null,"spanning_kv":null,"volt_klass":0,"kapacitet_mw":null,"operator":null}},{"type":"Feature","geometry":{"type":"Point","coordinates":[13.26814,62.11565]},"properties":{"namn":null,"typ":null,"spanning_kv":null,"volt_klass":0,"kapacitet_mw":null,"operator":null}},{"type":"Feature","geometry":{"type":"Point","coordinates":[15.457,60.45458]},"properties":{"namn":"T-316","typ":"minor_distribution","spanning_kv":null,"volt_klass":0,"kapacitet_mw":null,"operator":"Borlänge Energi"}},{"type":"Feature","geometry":{"type":"Point","coordinates":[16.05769,56.89357]},"properties":{"namn":null,"typ":null,"spanning_kv":null,"volt_klass":0,"kapacitet_mw":null,"operator":null}},{"type":"Feature","geometry":{"type":"Point","coordinates":[15.59169,60.41382]},"properties":{"namn":"T-237","typ":null,"spanning_kv":null,"volt_klass":0,"kapacitet_mw":null,"operator":"Dala Energi"}},{"type":"Feature","geometry":{"type":"Point","coordinates":[11.93422,57.71035]},"properties":{"namn":null,"typ":null,"spanning_kv":null,"volt_klass":0,"kapacitet_mw":null,"operator":null}},{"type":"Feature","geometry":{"type":"Point","coordinates":[11.93925,57.7107]},"properties":{"namn":null,"typ":null,"spanning_kv":null,"volt_klass":0,"kapacitet_mw":null,"operator":null}},{"type":"Feature","geometry":{"type":"Point","coordinates":[13.99767,56.36]},"properties":{"namn":null,"typ":null,"spanning_kv":null,"volt_klass":0,"kapacitet_mw":null,"operator":null}},{"type":"Feature","geometry":{"type":"Point","coordinates":[16.35199,58.66848]},"properties":{"namn":null,"typ":null,"spanning_kv":null,"volt_klass":0,"kapacitet_mw":null,"operator":null}},{"type":"Feature","geometry":{"type":"Point","coordinates":[17.98339,59.29678]},"properties":{"namn":null,"typ":null,"spanning_kv":null,"volt_klass":0,"kapacitet_mw":null,"operator":null}},{"type":"Feature","geometry":{"type":"Point","coordinates":[16.0462,60.77915]},"properties":{"namn":"T900","typ":null,"spanning_kv":null,"volt_klass":0,"kapacitet_mw":null,"operator":"Falu Elverk"}},{"type":"Feature","geometry":{"type":"Point","coordinates":[15.97596,56.89008]},"properties":{"namn":null,"typ":null,"spanning_kv":null,"volt_klass":0,"kapacitet_mw":null,"operator":null}},{"type":"Feature","geometry":{"type":"Point","coordinates":[16.06464,56.899]},"properties":{"namn":null,"typ":null,"spanning_kv":null,"volt_klass":0,"kapacitet_mw":null,"operator":null}},{"type":"Feature","geometry":{"type":"Point","coordinates":[15.41249,60.48629]},"properties":{"namn":null,"typ":"minor_distribution","spanning_kv":null,"volt_klass":0,"kapacitet_mw":null,"operator":"Borlänge Energi"}},{"type":"Feature","geometry":{"type":"Point","coordinates":[13.22861,56.07003]},"properties":{"namn":null,"typ":null,"spanning_kv":null,"volt_klass":0,"kapacitet_mw":null,"operator":null}},{"type":"Feature","geometry":{"type":"Point","coordinates":[13.23409,56.07064]},"properties":{"namn":null,"typ":null,"spanning_kv":null,"volt_klass":0,"kapacitet_mw":null,"operator":null}},{"type":"Feature","geometry":{"type":"Point","coordinates":[17.44658,60.55576]},"properties":{"namn":null,"typ":null,"spanning_kv":null,"volt_klass":0,"kapacitet_mw":null,"operator":null}},{"type":"Feature","geometry":{"type":"Point","coordinates":[15.63062,60.61844]},"properties":{"namn":null,"typ":"minor_distribution","spanning_kv":null,"volt_klass":0,"kapacitet_mw":null,"operator":"Falu Elverk"}},{"type":"Feature","geometry":{"type":"Point","coordinates":[17.8326,59.42895]},"properties":{"namn":null,"typ":null,"spanning_kv":null,"volt_klass":0,"kapacitet_mw":null,"operator":null}},{"type":"Feature","geometry":{"type":"Point","coordinates":[17.75669,59.73046]},"properties":{"namn":null,"typ":null,"spanning_kv":null,"volt_klass":0,"kapacitet_mw":null,"operator":null}},{"type":"Feature","geometry":{"type":"Point","coordinates":[11.86316,59.50725]},"properties":{"namn":null,"typ":null,"spanning_kv":null,"volt_klass":0,"kapacitet_mw":null,"operator":null}},{"type":"Feature","geometry":{"type":"Point","coordinates":[11.81229,58.14521]},"properties":{"namn":null,"typ":null,"spanning_kv":null,"volt_klass":0,"kapacitet_mw":null,"operator":null}},{"type":"Feature","geometry":{"type":"Point","coordinates":[16.44209,60.85343]},"properties":{"namn":null,"typ":null,"spanning_kv":null,"volt_klass":0,"kapacitet_mw":null,"operator":null}},{"type":"Feature","geometry":{"type":"Point","coordinates":[16.46115,60.81264]},"properties":{"namn":null,"typ":null,"spanning_kv":null,"volt_klass":0,"kapacitet_mw":null,"operator":null}},{"type":"Feature","geometry":{"type":"Point","coordinates":[16.47192,60.82367]},"properties":{"namn":null,"typ":null,"spanning_kv":null,"volt_klass":0,"kapacitet_mw":null,"operator":null}},{"type":"Feature","geometry":{"type":"Point","coordinates":[16.51386,60.80429]},"properties":{"namn":null,"typ":null,"spanning_kv":null,"volt_klass":0,"kapacitet_mw":null,"operator":null}},{"type":"Feature","geometry":{"type":"Point","coordinates":[18.07085,59.54106]},"properties":{"namn":null,"typ":null,"spanning_kv":null,"volt_klass":0,"kapacitet_mw":null,"operator":null}},{"type":"Feature","geometry":{"type":"Point","coordinates":[15.66264,60.39235]},"properties":{"namn":"T-233","typ":null,"spanning_kv":null,"volt_klass":0,"kapacitet_mw":null,"operator":null}},{"type":"Feature","geometry":{"type":"Point","coordinates":[15.12859,65.67531]},"properties":{"namn":null,"typ":null,"spanning_kv":null,"volt_klass":0,"kapacitet_mw":null,"operator":null}},{"type":"Feature","geometry":{"type":"Point","coordinates":[18.94122,59.73642]},"properties":{"namn":null,"typ":null,"spanning_kv":null,"volt_klass":0,"kapacitet_mw":null,"operator":null}},{"type":"Feature","geometry":{"type":"Point","coordinates":[12.54282,57.8944]},"properties":{"namn":null,"typ":"minor_distribution","spanning_kv":null,"volt_klass":0,"kapacitet_mw":null,"operator":null}},{"type":"Feature","geometry":{"type":"Point","coordinates":[14.22414,60.52223]},"properties":{"namn":null,"typ":null,"spanning_kv":null,"volt_klass":0,"kapacitet_mw":null,"operator":null}},{"type":"Feature","geometry":{"type":"Point","coordinates":[11.9794,58.56833]},"properties":{"namn":null,"typ":"minor_distribution","spanning_kv":null,"volt_klass":0,"kapacitet_mw":null,"operator":null}},{"type":"Feature","geometry":{"type":"Point","coordinates":[12.07025,57.7406]},"properties":{"namn":null,"typ":null,"spanning_kv":null,"volt_klass":0,"kapacitet_mw":null,"operator":null}},{"type":"Feature","geometry":{"type":"Point","coordinates":[18.82378,59.64788]},"properties":{"namn":null,"typ":null,"spanning_kv":null,"volt_klass":0,"kapacitet_mw":null,"operator":null}},{"type":"Feature","geometry":{"type":"Point","coordinates":[11.96042,59.2643]},"properties":{"namn":null,"typ":null,"spanning_kv":null,"volt_klass":0,"kapacitet_mw":null,"operator":null}},{"type":"Feature","geometry":{"type":"Point","coordinates":[18.04894,59.37071]},"properties":{"namn":null,"typ":null,"spanning_kv":null,"volt_klass":0,"kapacitet_mw":null,"operator":null}},{"type":"Feature","geometry":{"type":"Point","coordinates":[15.54009,56.70595]},"properties":{"namn":null,"typ":null,"spanning_kv":null,"volt_klass":0,"kapacitet_mw":null,"operator":null}},{"type":"Feature","geometry":{"type":"Point","coordinates":[16.01109,56.81081]},"properties":{"namn":null,"typ":null,"spanning_kv":null,"volt_klass":0,"kapacitet_mw":null,"operator":null}},{"type":"Feature","geometry":{"type":"Point","coordinates":[15.9777,56.82053]},"properties":{"namn":null,"typ":null,"spanning_kv":null,"volt_klass":0,"kapacitet_mw":null,"operator":null}},{"type":"Feature","geometry":{"type":"Point","coordinates":[24.03813,65.96238]},"properties":{"namn":null,"typ":"minor_distribution","spanning_kv":null,"volt_klass":0,"kapacitet_mw":null,"operator":null}},{"type":"Feature","geometry":{"type":"Point","coordinates":[21.05437,64.88791]},"properties":{"namn":null,"typ":"distribution","spanning_kv":null,"volt_klass":0,"kapacitet_mw":null,"operator":null}},{"type":"Feature","geometry":{"type":"Point","coordinates":[15.40624,57.00108]},"properties":{"namn":null,"typ":null,"spanning_kv":null,"volt_klass":0,"kapacitet_mw":null,"operator":null}},{"type":"Feature","geometry":{"type":"Point","coordinates":[23.50826,67.19202]},"properties":{"namn":null,"typ":"minor_distribution","spanning_kv":null,"volt_klass":0,"kapacitet_mw":null,"operator":null}},{"type":"Feature","geometry":{"type":"Point","coordinates":[21.01663,64.88584]},"properties":{"namn":null,"typ":"converter","spanning_kv":null,"volt_klass":0,"kapacitet_mw":null,"operator":null}},{"type":"Feature","geometry":{"type":"Point","coordinates":[21.06286,64.88441]},"properties":{"namn":null,"typ":"minor_distribution","spanning_kv":null,"volt_klass":0,"kapacitet_mw":null,"operator":null}},{"type":"Feature","geometry":{"type":"Point","coordinates":[21.06153,64.88494]},"properties":{"namn":null,"typ":"minor_distribution","spanning_kv":null,"volt_klass":0,"kapacitet_mw":null,"operator":null}},{"type":"Feature","geometry":{"type":"Point","coordinates":[21.06031,64.88589]},"properties":{"namn":null,"typ":"minor_distribution","spanning_kv":null,"volt_klass":0,"kapacitet_mw":null,"operator":null}},{"type":"Feature","geometry":{"type":"Point","coordinates":[21.06053,64.88595]},"properties":{"namn":null,"typ":"minor_distribution","spanning_kv":null,"volt_klass":0,"kapacitet_mw":null,"operator":null}},{"type":"Feature","geometry":{"type":"Point","coordinates":[21.05943,64.88664]},"properties":{"namn":null,"typ":"minor_distribution","spanning_kv":null,"volt_klass":0,"kapacitet_mw":null,"operator":null}},{"type":"Feature","geometry":{"type":"Point","coordinates":[21.06082,64.88692]},"properties":{"namn":null,"typ":"minor_distribution","spanning_kv":null,"volt_klass":0,"kapacitet_mw":null,"operator":null}},{"type":"Feature","geometry":{"type":"Point","coordinates":[21.05868,64.88699]},"properties":{"namn":null,"typ":"minor_distribution","spanning_kv":null,"volt_klass":0,"kapacitet_mw":null,"operator":null}},{"type":"Feature","geometry":{"type":"Point","coordinates":[21.05983,64.88753]},"properties":{"namn":null,"typ":"minor_distribution","spanning_kv":null,"volt_klass":0,"kapacitet_mw":null,"operator":null}},{"type":"Feature","geometry":{"type":"Point","coordinates":[21.05778,64.88755]},"properties":{"namn":null,"typ":"minor_distribution","spanning_kv":null,"volt_klass":0,"kapacitet_mw":null,"operator":null}},{"type":"Feature","geometry":{"type":"Point","coordinates":[21.06164,64.87673]},"properties":{"namn":null,"typ":"minor_distribution","spanning_kv":null,"volt_klass":0,"kapacitet_mw":null,"operator":null}},{"type":"Feature","geometry":{"type":"Point","coordinates":[21.06198,64.87728]},"properties":{"namn":null,"typ":"minor_distribution","spanning_kv":null,"volt_klass":0,"kapacitet_mw":null,"operator":null}},{"type":"Feature","geometry":{"type":"Point","coordinates":[21.05832,64.87737]},"properties":{"namn":null,"typ":"minor_distribution","spanning_kv":null,"volt_klass":0,"kapacitet_mw":null,"operator":null}},{"type":"Feature","geometry":{"type":"Point","coordinates":[21.0596,64.87744]},"properties":{"namn":null,"typ":"minor_distribution","spanning_kv":null,"volt_klass":0,"kapacitet_mw":null,"operator":null}},{"type":"Feature","geometry":{"type":"Point","coordinates":[21.06107,64.87748]},"properties":{"namn":null,"typ":"minor_distribution","spanning_kv":null,"volt_klass":0,"kapacitet_mw":null,"operator":null}},{"type":"Feature","geometry":{"type":"Point","coordinates":[21.06208,64.87826]},"properties":{"namn":null,"typ":"minor_distribution","spanning_kv":null,"volt_klass":0,"kapacitet_mw":null,"operator":null}},{"type":"Feature","geometry":{"type":"Point","coordinates":[21.06048,64.87875]},"properties":{"namn":null,"typ":"minor_distribution","spanning_kv":null,"volt_klass":0,"kapacitet_mw":null,"operator":null}},{"type":"Feature","geometry":{"type":"Point","coordinates":[21.06062,64.87928]},"properties":{"namn":null,"typ":"minor_distribution","spanning_kv":null,"volt_klass":0,"kapacitet_mw":null,"operator":null}},{"type":"Feature","geometry":{"type":"Point","coordinates":[21.06081,64.87981]},"properties":{"namn":null,"typ":"minor_distribution","spanning_kv":null,"volt_klass":0,"kapacitet_mw":null,"operator":null}},{"type":"Feature","geometry":{"type":"Point","coordinates":[21.06294,64.87996]},"properties":{"namn":null,"typ":"minor_distribution","spanning_kv":null,"volt_klass":0,"kapacitet_mw":null,"operator":null}},{"type":"Feature","geometry":{"type":"Point","coordinates":[21.05843,64.8801]},"properties":{"namn":null,"typ":"minor_distribution","spanning_kv":null,"volt_klass":0,"kapacitet_mw":null,"operator":null}},{"type":"Feature","geometry":{"type":"Point","coordinates":[21.067,64.88098]},"properties":{"namn":null,"typ":"minor_distribution","spanning_kv":null,"volt_klass":0,"kapacitet_mw":null,"operator":null}},{"type":"Feature","geometry":{"type":"Point","coordinates":[21.06645,64.88132]},"properties":{"namn":null,"typ":"minor_distribution","spanning_kv":null,"volt_klass":0,"kapacitet_mw":null,"operator":null}},{"type":"Feature","geometry":{"type":"Point","coordinates":[21.0657,64.88147]},"properties":{"namn":null,"typ":"minor_distribution","spanning_kv":null,"volt_klass":0,"kapacitet_mw":null,"operator":null}},{"type":"Feature","geometry":{"type":"Point","coordinates":[21.06493,64.88235]},"properties":{"namn":null,"typ":"minor_distribution","spanning_kv":null,"volt_klass":0,"kapacitet_mw":null,"operator":null}},{"type":"Feature","geometry":{"type":"Point","coordinates":[21.06433,64.88315]},"properties":{"namn":null,"typ":"minor_distribution","spanning_kv":null,"volt_klass":0,"kapacitet_mw":null,"operator":null}},{"type":"Feature","geometry":{"type":"Point","coordinates":[21.06352,64.88402]},"properties":{"namn":null,"typ":"minor_distribution","spanning_kv":null,"volt_klass":0,"kapacitet_mw":null,"operator":null}},{"type":"Feature","geometry":{"type":"Point","coordinates":[20.96863,64.89554]},"properties":{"namn":null,"typ":"minor_distribution","spanning_kv":null,"volt_klass":0,"kapacitet_mw":null,"operator":null}},{"type":"Feature","geometry":{"type":"Point","coordinates":[20.96045,64.89935]},"properties":{"namn":null,"typ":"distribution","spanning_kv":null,"volt_klass":0,"kapacitet_mw":null,"operator":null}},{"type":"Feature","geometry":{"type":"Point","coordinates":[20.31266,63.8079]},"properties":{"namn":null,"typ":null,"spanning_kv":null,"volt_klass":0,"kapacitet_mw":null,"operator":null}},{"type":"Feature","geometry":{"type":"Point","coordinates":[21.06235,64.87856]},"properties":{"namn":null,"typ":"minor_distribution","spanning_kv":null,"volt_klass":0,"kapacitet_mw":null,"operator":null}},{"type":"Feature","geometry":{"type":"Point","coordinates":[21.06259,64.87913]},"properties":{"namn":null,"typ":"minor_distribution","spanning_kv":null,"volt_klass":0,"kapacitet_mw":null,"operator":null}},{"type":"Feature","geometry":{"type":"Point","coordinates":[21.06274,64.87965]},"properties":{"namn":null,"typ":"minor_distribution","spanning_kv":null,"volt_klass":0,"kapacitet_mw":null,"operator":null}},{"type":"Feature","geometry":{"type":"Point","coordinates":[20.9742,64.89098]},"properties":{"namn":null,"typ":"minor_distribution","spanning_kv":null,"volt_klass":0,"kapacitet_mw":null,"operator":null}},{"type":"Feature","geometry":{"type":"Point","coordinates":[20.96406,64.89729]},"properties":{"namn":null,"typ":"minor_distribution","spanning_kv":null,"volt_klass":0,"kapacitet_mw":null,"operator":null}},{"type":"Feature","geometry":{"type":"Point","coordinates":[21.07596,64.87957]},"properties":{"namn":null,"typ":"minor_distribution","spanning_kv":null,"volt_klass":0,"kapacitet_mw":null,"operator":null}},{"type":"Feature","geometry":{"type":"Point","coordinates":[21.07171,64.88027]},"properties":{"namn":null,"typ":"minor_distribution","spanning_kv":null,"volt_klass":0,"kapacitet_mw":null,"operator":null}},{"type":"Feature","geometry":{"type":"Point","coordinates":[20.97219,64.89177]},"properties":{"namn":null,"typ":"minor_distribution","spanning_kv":null,"volt_klass":0,"kapacitet_mw":null,"operator":null}},{"type":"Feature","geometry":{"type":"Point","coordinates":[21.05993,64.89383]},"properties":{"namn":null,"typ":"minor_distribution","spanning_kv":null,"volt_klass":0,"kapacitet_mw":null,"operator":null}},{"type":"Feature","geometry":{"type":"Point","coordinates":[20.97441,64.89096]},"properties":{"namn":null,"typ":null,"spanning_kv":null,"volt_klass":0,"kapacitet_mw":null,"operator":null}},{"type":"Feature","geometry":{"type":"Point","coordinates":[15.98065,56.84817]},"properties":{"namn":null,"typ":null,"spanning_kv":null,"volt_klass":0,"kapacitet_mw":null,"operator":null}},{"type":"Feature","geometry":{"type":"Point","coordinates":[17.9807,59.41261]},"properties":{"namn":null,"typ":null,"spanning_kv":null,"volt_klass":0,"kapacitet_mw":null,"operator":null}},{"type":"Feature","geometry":{"type":"Point","coordinates":[15.34636,57.16809]},"properties":{"namn":null,"typ":null,"spanning_kv":null,"volt_klass":0,"kapacitet_mw":null,"operator":null}},{"type":"Feature","geometry":{"type":"Point","coordinates":[15.34738,57.16445]},"properties":{"namn":null,"typ":null,"spanning_kv":null,"volt_klass":0,"kapacitet_mw":null,"operator":null}},{"type":"Feature","geometry":{"type":"Point","coordinates":[15.36033,57.16639]},"properties":{"namn":null,"typ":null,"spanning_kv":null,"volt_klass":0,"kapacitet_mw":null,"operator":null}},{"type":"Feature","geometry":{"type":"Point","coordinates":[15.24991,57.19293]},"properties":{"namn":null,"typ":null,"spanning_kv":null,"volt_klass":0,"kapacitet_mw":null,"operator":null}},{"type":"Feature","geometry":{"type":"Point","coordinates":[15.33938,57.17328]},"properties":{"namn":null,"typ":null,"spanning_kv":null,"volt_klass":0,"kapacitet_mw":null,"operator":null}},{"type":"Feature","geometry":{"type":"Point","coordinates":[15.35431,57.16784]},"properties":{"namn":null,"typ":null,"spanning_kv":null,"volt_klass":0,"kapacitet_mw":null,"operator":null}},{"type":"Feature","geometry":{"type":"Point","coordinates":[15.87523,56.9765]},"properties":{"namn":null,"typ":null,"spanning_kv":null,"volt_klass":0,"kapacitet_mw":null,"operator":null}},{"type":"Feature","geometry":{"type":"Point","coordinates":[12.80997,55.52007]},"properties":{"namn":"Lillgrund Offshore Substation","typ":"transmission","spanning_kv":null,"volt_klass":0,"kapacitet_mw":null,"operator":null}},{"type":"Feature","geometry":{"type":"Point","coordinates":[20.38177,63.75546]},"properties":{"namn":"Holmsjön 3","typ":null,"spanning_kv":null,"volt_klass":0,"kapacitet_mw":null,"operator":"Umeå Energi"}},{"type":"Feature","geometry":{"type":"Point","coordinates":[20.38911,63.72298]},"properties":{"namn":"Ekorren","typ":null,"spanning_kv":null,"volt_klass":0,"kapacitet_mw":null,"operator":"Umeå Energi"}},{"type":"Feature","geometry":{"type":"Point","coordinates":[20.21706,63.79852]},"properties":{"namn":"Svidjekläppen 1","typ":"minor_distribution","spanning_kv":null,"volt_klass":0,"kapacitet_mw":null,"operator":"Umeå Energi"}},{"type":"Feature","geometry":{"type":"Point","coordinates":[20.27176,63.76666]},"properties":{"namn":null,"typ":"minor_distribution","spanning_kv":null,"volt_klass":0,"kapacitet_mw":null,"operator":"Umeå Energi"}},{"type":"Feature","geometry":{"type":"Point","coordinates":[20.03463,63.86977]},"properties":{"namn":"Sörfors 1","typ":"minor_distribution","spanning_kv":null,"volt_klass":0,"kapacitet_mw":null,"operator":"Umeå Energi"}},{"type":"Feature","geometry":{"type":"Point","coordinates":[20.05289,63.85657]},"properties":{"namn":"Stornorrfors 2","typ":"minor_distribution","spanning_kv":null,"volt_klass":0,"kapacitet_mw":null,"operator":"Umeå Energi"}},{"type":"Feature","geometry":{"type":"Point","coordinates":[20.30269,63.82493]},"properties":{"namn":"Rågången","typ":"minor_distribution","spanning_kv":null,"volt_klass":0,"kapacitet_mw":null,"operator":"Umeå Energi"}},{"type":"Feature","geometry":{"type":"Point","coordinates":[17.68357,59.51707]},"properties":{"namn":null,"typ":"yes","spanning_kv":null,"volt_klass":0,"kapacitet_mw":null,"operator":null}},{"type":"Feature","geometry":{"type":"Point","coordinates":[16.07385,56.8869]},"properties":{"namn":null,"typ":null,"spanning_kv":null,"volt_klass":0,"kapacitet_mw":null,"operator":null}},{"type":"Feature","geometry":{"type":"Point","coordinates":[20.33942,63.84534]},"properties":{"namn":null,"typ":"minor_distribution","spanning_kv":null,"volt_klass":0,"kapacitet_mw":null,"operator":"Umeå Energi"}},{"type":"Feature","geometry":{"type":"Point","coordinates":[14.06872,56.1933]},"properties":{"namn":null,"typ":null,"spanning_kv":null,"volt_klass":0,"kapacitet_mw":null,"operator":null}},{"type":"Feature","geometry":{"type":"Point","coordinates":[14.07374,56.19462]},"properties":{"namn":null,"typ":null,"spanning_kv":null,"volt_klass":0,"kapacitet_mw":null,"operator":null}},{"type":"Feature","geometry":{"type":"Point","coordinates":[14.07363,56.1911]},"properties":{"namn":null,"typ":null,"spanning_kv":null,"volt_klass":0,"kapacitet_mw":null,"operator":null}},{"type":"Feature","geometry":{"type":"Point","coordinates":[15.73396,60.34712]},"properties":{"namn":"T-404","typ":null,"spanning_kv":null,"volt_klass":0,"kapacitet_mw":null,"operator":"Dala Energi"}},{"type":"Feature","geometry":{"type":"Point","coordinates":[15.66362,58.43034]},"properties":{"namn":null,"typ":null,"spanning_kv":null,"volt_klass":0,"kapacitet_mw":null,"operator":null}},{"type":"Feature","geometry":{"type":"Point","coordinates":[12.32593,62.05445]},"properties":{"namn":"T17141","typ":null,"spanning_kv":null,"volt_klass":0,"kapacitet_mw":null,"operator":null}},{"type":"Feature","geometry":{"type":"Point","coordinates":[15.70685,60.4045]},"properties":{"namn":"T-332","typ":"minor_distribution","spanning_kv":null,"volt_klass":0,"kapacitet_mw":null,"operator":"Dala Energi"}},{"type":"Feature","geometry":{"type":"Point","coordinates":[17.12308,60.64807]},"properties":{"namn":"Fjärdingsvägen","typ":null,"spanning_kv":null,"volt_klass":0,"kapacitet_mw":null,"operator":"Gavle Energi"}},{"type":"Feature","geometry":{"type":"Point","coordinates":[17.22396,60.68212]},"properties":{"namn":null,"typ":null,"spanning_kv":null,"volt_klass":0,"kapacitet_mw":null,"operator":null}},{"type":"Feature","geometry":{"type":"Point","coordinates":[15.49874,60.41333]},"properties":{"namn":"T9315","typ":null,"spanning_kv":null,"volt_klass":0,"kapacitet_mw":null,"operator":null}},{"type":"Feature","geometry":{"type":"Point","coordinates":[15.50042,60.40698]},"properties":{"namn":"T937","typ":null,"spanning_kv":null,"volt_klass":0,"kapacitet_mw":null,"operator":null}},{"type":"Feature","geometry":{"type":"Point","coordinates":[15.85587,60.32981]},"properties":{"namn":"T-474","typ":null,"spanning_kv":null,"volt_klass":0,"kapacitet_mw":null,"operator":null}},{"type":"Feature","geometry":{"type":"Point","coordinates":[17.16834,60.6828]},"properties":{"namn":null,"typ":null,"spanning_kv":null,"volt_klass":0,"kapacitet_mw":null,"operator":null}},{"type":"Feature","geometry":{"type":"Point","coordinates":[17.16602,60.68126]},"properties":{"namn":null,"typ":null,"spanning_kv":null,"volt_klass":0,"kapacitet_mw":null,"operator":null}},{"type":"Feature","geometry":{"type":"Point","coordinates":[15.84335,57.49213]},"properties":{"namn":null,"typ":null,"spanning_kv":null,"volt_klass":0,"kapacitet_mw":null,"operator":null}},{"type":"Feature","geometry":{"type":"Point","coordinates":[15.67363,60.41703]},"properties":{"namn":"T-261","typ":"minor_distribution","spanning_kv":null,"volt_klass":0,"kapacitet_mw":null,"operator":"Dala Energi"}},{"type":"Feature","geometry":{"type":"Point","coordinates":[15.66897,60.42791]},"properties":{"namn":"T-260","typ":"minor_distribution","spanning_kv":null,"volt_klass":0,"kapacitet_mw":null,"operator":"Dala Energi"}},{"type":"Feature","geometry":{"type":"Point","coordinates":[15.6559,60.42366]},"properties":{"namn":"T-259","typ":"minor_distribution","spanning_kv":null,"volt_klass":0,"kapacitet_mw":null,"operator":"Dala Energi"}},{"type":"Feature","geometry":{"type":"Point","coordinates":[15.66488,60.38676]},"properties":{"namn":"T-201","typ":null,"spanning_kv":null,"volt_klass":0,"kapacitet_mw":null,"operator":null}},{"type":"Feature","geometry":{"type":"Point","coordinates":[15.67711,60.38945]},"properties":{"namn":"T-220","typ":null,"spanning_kv":null,"volt_klass":0,"kapacitet_mw":null,"operator":null}},{"type":"Feature","geometry":{"type":"Point","coordinates":[15.73228,60.4168]},"properties":{"namn":"T-317","typ":null,"spanning_kv":null,"volt_klass":0,"kapacitet_mw":null,"operator":null}},{"type":"Feature","geometry":{"type":"Point","coordinates":[16.11072,59.97992]},"properties":{"namn":"T-9330","typ":null,"spanning_kv":null,"volt_klass":0,"kapacitet_mw":null,"operator":null}},{"type":"Feature","geometry":{"type":"Point","coordinates":[16.10027,59.97774]},"properties":{"namn":"T9325","typ":null,"spanning_kv":null,"volt_klass":0,"kapacitet_mw":null,"operator":null}},{"type":"Feature","geometry":{"type":"Point","coordinates":[16.11789,59.98523]},"properties":{"namn":"T-9315","typ":null,"spanning_kv":null,"volt_klass":0,"kapacitet_mw":null,"operator":null}},{"type":"Feature","geometry":{"type":"Point","coordinates":[19.68855,64.24041]},"properties":{"namn":null,"typ":"minor_distribution","spanning_kv":null,"volt_klass":0,"kapacitet_mw":null,"operator":null}},{"type":"Feature","geometry":{"type":"Point","coordinates":[19.70052,64.23434]},"properties":{"namn":null,"typ":"minor_distribution","spanning_kv":null,"volt_klass":0,"kapacitet_mw":null,"operator":null}},{"type":"Feature","geometry":{"type":"Point","coordinates":[15.4988,60.43636]},"properties":{"namn":"T822","typ":null,"spanning_kv":null,"volt_klass":0,"kapacitet_mw":null,"operator":null}},{"type":"Feature","geometry":{"type":"Point","coordinates":[15.51086,60.4205]},"properties":{"namn":"T9319","typ":null,"spanning_kv":null,"volt_klass":0,"kapacitet_mw":null,"operator":null}},{"type":"Feature","geometry":{"type":"Point","coordinates":[15.51416,60.41708]},"properties":{"namn":"T936","typ":null,"spanning_kv":null,"volt_klass":0,"kapacitet_mw":null,"operator":null}},{"type":"Feature","geometry":{"type":"Point","coordinates":[15.75265,60.34831]},"properties":{"namn":"T-436","typ":null,"spanning_kv":null,"volt_klass":0,"kapacitet_mw":null,"operator":null}},{"type":"Feature","geometry":{"type":"Point","coordinates":[18.02572,59.87872]},"properties":{"namn":null,"typ":null,"spanning_kv":null,"volt_klass":0,"kapacitet_mw":null,"operator":null}},{"type":"Feature","geometry":{"type":"Point","coordinates":[15.73162,58.36241]},"properties":{"namn":null,"typ":null,"spanning_kv":null,"volt_klass":0,"kapacitet_mw":null,"operator":null}},{"type":"Feature","geometry":{"type":"Point","coordinates":[15.07691,57.95717]},"properties":{"namn":null,"typ":null,"spanning_kv":null,"volt_klass":0,"kapacitet_mw":null,"operator":null}},{"type":"Feature","geometry":{"type":"Point","coordinates":[16.94226,59.82632]},"properties":{"namn":null,"typ":null,"spanning_kv":null,"volt_klass":0,"kapacitet_mw":null,"operator":null}},{"type":"Feature","geometry":{"type":"Point","coordinates":[14.25832,59.74765]},"properties":{"namn":null,"typ":null,"spanning_kv":null,"volt_klass":0,"kapacitet_mw":null,"operator":null}},{"type":"Feature","geometry":{"type":"Point","coordinates":[13.2915,61.43609]},"properties":{"namn":"T14024 Susbrunnsåsen","typ":null,"spanning_kv":null,"volt_klass":0,"kapacitet_mw":null,"operator":null}},{"type":"Feature","geometry":{"type":"Point","coordinates":[18.02567,59.87873]},"properties":{"namn":null,"typ":null,"spanning_kv":null,"volt_klass":0,"kapacitet_mw":null,"operator":null}},{"type":"Feature","geometry":{"type":"Point","coordinates":[15.65821,60.62436]},"properties":{"namn":"T1005","typ":null,"spanning_kv":null,"volt_klass":0,"kapacitet_mw":null,"operator":null}},{"type":"Feature","geometry":{"type":"Point","coordinates":[15.64937,60.62187]},"properties":{"namn":"T703","typ":null,"spanning_kv":null,"volt_klass":0,"kapacitet_mw":null,"operator":null}},{"type":"Feature","geometry":{"type":"Point","coordinates":[14.33352,57.19179]},"properties":{"namn":null,"typ":null,"spanning_kv":null,"volt_klass":0,"kapacitet_mw":null,"operator":null}},{"type":"Feature","geometry":{"type":"Point","coordinates":[15.8426,56.18652]},"properties":{"namn":null,"typ":null,"spanning_kv":null,"volt_klass":0,"kapacitet_mw":null,"operator":null}},{"type":"Feature","geometry":{"type":"Point","coordinates":[18.02542,59.87784]},"properties":{"namn":null,"typ":"distribution","spanning_kv":null,"volt_klass":0,"kapacitet_mw":null,"operator":"vattenfall"}},{"type":"Feature","geometry":{"type":"Point","coordinates":[14.2038,58.8583]},"properties":{"namn":null,"typ":null,"spanning_kv":null,"volt_klass":0,"kapacitet_mw":null,"operator":null}},{"type":"Feature","geometry":{"type":"Point","coordinates":[16.30331,58.47081]},"properties":{"namn":null,"typ":null,"spanning_kv":null,"volt_klass":0,"kapacitet_mw":null,"operator":null}},{"type":"Feature","geometry":{"type":"Point","coordinates":[15.79192,57.74936]},"properties":{"namn":null,"typ":null,"spanning_kv":null,"volt_klass":0,"kapacitet_mw":null,"operator":null}},{"type":"Feature","geometry":{"type":"Point","coordinates":[12.5584,59.18192]},"properties":{"namn":null,"typ":null,"spanning_kv":null,"volt_klass":0,"kapacitet_mw":null,"operator":null}},{"type":"Feature","geometry":{"type":"Point","coordinates":[15.38896,60.48739]},"properties":{"namn":"T-143","typ":null,"spanning_kv":null,"volt_klass":0,"kapacitet_mw":null,"operator":null}},{"type":"Feature","geometry":{"type":"Point","coordinates":[13.13495,55.67384]},"properties":{"namn":null,"typ":null,"spanning_kv":null,"volt_klass":0,"kapacitet_mw":null,"operator":null}},{"type":"Feature","geometry":{"type":"Point","coordinates":[13.18746,56.1381]},"properties":{"namn":null,"typ":null,"spanning_kv":null,"volt_klass":0,"kapacitet_mw":null,"operator":null}},{"type":"Feature","geometry":{"type":"Point","coordinates":[15.83858,60.28144]},"properties":{"namn":"T-5023","typ":null,"spanning_kv":null,"volt_klass":0,"kapacitet_mw":null,"operator":null}},{"type":"Feature","geometry":{"type":"Point","coordinates":[12.86448,61.90053]},"properties":{"namn":"18831","typ":null,"spanning_kv":null,"volt_klass":0,"kapacitet_mw":null,"operator":null}},{"type":"Feature","geometry":{"type":"Point","coordinates":[15.76243,60.35252]},"properties":{"namn":"T-418","typ":null,"spanning_kv":null,"volt_klass":0,"kapacitet_mw":null,"operator":null}},{"type":"Feature","geometry":{"type":"Point","coordinates":[15.61983,60.41572]},"properties":{"namn":"T-229","typ":null,"spanning_kv":null,"volt_klass":0,"kapacitet_mw":null,"operator":null}},{"type":"Feature","geometry":{"type":"Point","coordinates":[20.37281,63.70208]},"properties":{"namn":null,"typ":"minor_distribution","spanning_kv":null,"volt_klass":0,"kapacitet_mw":null,"operator":null}},{"type":"Feature","geometry":{"type":"Point","coordinates":[15.88752,56.75026]},"properties":{"namn":null,"typ":null,"spanning_kv":null,"volt_klass":0,"kapacitet_mw":null,"operator":null}},{"type":"Feature","geometry":{"type":"Point","coordinates":[15.39548,60.70865]},"properties":{"namn":null,"typ":"minor_distribution","spanning_kv":null,"volt_klass":0,"kapacitet_mw":null,"operator":null}},{"type":"Feature","geometry":{"type":"Point","coordinates":[15.40498,60.37441]},"properties":{"namn":"T904","typ":null,"spanning_kv":null,"volt_klass":0,"kapacitet_mw":null,"operator":null}},{"type":"Feature","geometry":{"type":"Point","coordinates":[15.40482,60.37457]},"properties":{"namn":"T9235","typ":null,"spanning_kv":null,"volt_klass":0,"kapacitet_mw":null,"operator":null}},{"type":"Feature","geometry":{"type":"Point","coordinates":[20.13494,63.92659]},"properties":{"namn":null,"typ":"minor_distribution","spanning_kv":null,"volt_klass":0,"kapacitet_mw":null,"operator":null}},{"type":"Feature","geometry":{"type":"Point","coordinates":[20.40463,63.82549]},"properties":{"namn":null,"typ":"minor_distribution","spanning_kv":null,"volt_klass":0,"kapacitet_mw":null,"operator":null}},{"type":"Feature","geometry":{"type":"Point","coordinates":[20.40431,63.82388]},"properties":{"namn":null,"typ":"minor_distribution","spanning_kv":null,"volt_klass":0,"kapacitet_mw":null,"operator":null}},{"type":"Feature","geometry":{"type":"Point","coordinates":[20.423,63.83355]},"properties":{"namn":null,"typ":"minor_distribution","spanning_kv":null,"volt_klass":0,"kapacitet_mw":null,"operator":null}},{"type":"Feature","geometry":{"type":"Point","coordinates":[12.90325,63.38422]},"properties":{"namn":null,"typ":null,"spanning_kv":null,"volt_klass":0,"kapacitet_mw":null,"operator":null}},{"type":"Feature","geometry":{"type":"Point","coordinates":[14.91407,59.32953]},"properties":{"namn":null,"typ":null,"spanning_kv":null,"volt_klass":0,"kapacitet_mw":null,"operator":null}},{"type":"Feature","geometry":{"type":"Point","coordinates":[15.08467,60.55664]},"properties":{"namn":"T2091","typ":null,"spanning_kv":null,"volt_klass":0,"kapacitet_mw":null,"operator":null}},{"type":"Feature","geometry":{"type":"Point","coordinates":[15.844,60.30952]},"properties":{"namn":"T5016","typ":null,"spanning_kv":null,"volt_klass":0,"kapacitet_mw":null,"operator":null}},{"type":"Feature","geometry":{"type":"Point","coordinates":[15.83411,60.32026]},"properties":{"namn":"T-5054","typ":null,"spanning_kv":null,"volt_klass":0,"kapacitet_mw":null,"operator":null}},{"type":"Feature","geometry":{"type":"Point","coordinates":[15.83358,57.50238]},"properties":{"namn":null,"typ":null,"spanning_kv":null,"volt_klass":0,"kapacitet_mw":null,"operator":null}},{"type":"Feature","geometry":{"type":"Point","coordinates":[17.12008,57.35048]},"properties":{"namn":null,"typ":null,"spanning_kv":null,"volt_klass":0,"kapacitet_mw":null,"operator":"Sydkraft"}},{"type":"Feature","geometry":{"type":"Point","coordinates":[15.59317,60.48212]},"properties":{"namn":null,"typ":"minor_distribution","spanning_kv":null,"volt_klass":0,"kapacitet_mw":null,"operator":null}},{"type":"Feature","geometry":{"type":"Point","coordinates":[12.72177,56.74985]},"properties":{"namn":null,"typ":null,"spanning_kv":null,"volt_klass":0,"kapacitet_mw":null,"operator":null}},{"type":"Feature","geometry":{"type":"Point","coordinates":[12.72317,56.74868]},"properties":{"namn":null,"typ":null,"spanning_kv":null,"volt_klass":0,"kapacitet_mw":null,"operator":null}},{"type":"Feature","geometry":{"type":"Point","coordinates":[15.46831,60.50946]},"properties":{"namn":"T-691","typ":null,"spanning_kv":null,"volt_klass":0,"kapacitet_mw":null,"operator":"Borlänge Energi"}},{"type":"Feature","geometry":{"type":"Point","coordinates":[13.15232,55.71347]},"properties":{"namn":"N 216 Avtalsvägen","typ":"minor_distribution","spanning_kv":null,"volt_klass":0,"kapacitet_mw":null,"operator":null}},{"type":"Feature","geometry":{"type":"Point","coordinates":[13.15196,55.71423]},"properties":{"namn":"N301 Avtalsvägen","typ":"minor_distribution","spanning_kv":null,"volt_klass":0,"kapacitet_mw":null,"operator":null}},{"type":"Feature","geometry":{"type":"Point","coordinates":[13.15446,55.71516]},"properties":{"namn":"N 238 Företagsvägen","typ":"minor_distribution","spanning_kv":null,"volt_klass":0,"kapacitet_mw":null,"operator":null}},{"type":"Feature","geometry":{"type":"Point","coordinates":[13.15453,55.71513]},"properties":{"namn":"N166 Företagsvägen","typ":"minor_distribution","spanning_kv":null,"volt_klass":0,"kapacitet_mw":null,"operator":null}},{"type":"Feature","geometry":{"type":"Point","coordinates":[13.03405,55.5513]},"properties":{"namn":"1722 Bronsåldersgatan nätstation","typ":null,"spanning_kv":null,"volt_klass":0,"kapacitet_mw":null,"operator":null}},{"type":"Feature","geometry":{"type":"Point","coordinates":[13.14655,55.74582]},"properties":{"namn":"L68 Vallkärra station","typ":null,"spanning_kv":null,"volt_klass":0,"kapacitet_mw":null,"operator":null}},{"type":"Feature","geometry":{"type":"Point","coordinates":[13.18354,55.6947]},"properties":{"namn":"N1898 Stattena.södra","typ":"minor_distribution","spanning_kv":null,"volt_klass":0,"kapacitet_mw":null,"operator":null}},{"type":"Feature","geometry":{"type":"Point","coordinates":[13.18889,55.68599]},"properties":{"namn":"N 31 Odinvägen","typ":"minor_distribution","spanning_kv":null,"volt_klass":0,"kapacitet_mw":null,"operator":null}},{"type":"Feature","geometry":{"type":"Point","coordinates":[13.0088,55.6017]},"properties":{"namn":"N141378 Kungsgatan 11","typ":"minor_distribution","spanning_kv":null,"volt_klass":0,"kapacitet_mw":null,"operator":"E.ON"}},{"type":"Feature","geometry":{"type":"Point","coordinates":[13.0241,55.60941]},"properties":{"namn":"N138066 Byggmästeregatan","typ":"minor_distribution","spanning_kv":null,"volt_klass":0,"kapacitet_mw":null,"operator":null}},{"type":"Feature","geometry":{"type":"Point","coordinates":[13.18799,55.69869]},"properties":{"namn":null,"typ":"minor_distribution","spanning_kv":null,"volt_klass":0,"kapacitet_mw":null,"operator":null}},{"type":"Feature","geometry":{"type":"Point","coordinates":[13.02191,55.60935]},"properties":{"namn":null,"typ":null,"spanning_kv":null,"volt_klass":0,"kapacitet_mw":null,"operator":null}},{"type":"Feature","geometry":{"type":"Point","coordinates":[12.9969,55.59552]},"properties":{"namn":"1508 Stadsteatern","typ":"minor_distribution","spanning_kv":null,"volt_klass":0,"kapacitet_mw":null,"operator":"E.ON"}},{"type":"Feature","geometry":{"type":"Point","coordinates":[13.00918,55.60166]},"properties":{"namn":"1125 Kungsgatan 11","typ":"minor_distribution","spanning_kv":null,"volt_klass":0,"kapacitet_mw":null,"operator":null}},{"type":"Feature","geometry":{"type":"Point","coordinates":[12.9914,55.59762]},"properties":{"namn":"1342 E. Dahlbergsgatan 28 m","typ":"minor_distribution","spanning_kv":null,"volt_klass":0,"kapacitet_mw":null,"operator":null}},{"type":"Feature","geometry":{"type":"Point","coordinates":[12.9969,55.59548]},"properties":{"namn":"1509 Stadsteatern","typ":"minor_distribution","spanning_kv":null,"volt_klass":0,"kapacitet_mw":null,"operator":"E.ON"}},{"type":"Feature","geometry":{"type":"Point","coordinates":[15.38268,56.68044]},"properties":{"namn":null,"typ":null,"spanning_kv":null,"volt_klass":0,"kapacitet_mw":null,"operator":null}},{"type":"Feature","geometry":{"type":"Point","coordinates":[18.59293,68.43415]},"properties":{"namn":null,"typ":null,"spanning_kv":null,"volt_klass":0,"kapacitet_mw":null,"operator":"Trafikverket"}},{"type":"Feature","geometry":{"type":"Point","coordinates":[20.32632,63.83042]},"properties":{"namn":null,"typ":"yes","spanning_kv":null,"volt_klass":0,"kapacitet_mw":null,"operator":"Umeå Energi"}},{"type":"Feature","geometry":{"type":"Point","coordinates":[15.1607,60.69446]},"properties":{"namn":"T9109","typ":null,"spanning_kv":null,"volt_klass":0,"kapacitet_mw":null,"operator":null}},{"type":"Feature","geometry":{"type":"Point","coordinates":[17.97265,59.28693]},"properties":{"namn":null,"typ":null,"spanning_kv":null,"volt_klass":0,"kapacitet_mw":null,"operator":null}},{"type":"Feature","geometry":{"type":"Point","coordinates":[15.00741,60.61997]},"properties":{"namn":"T2046","typ":null,"spanning_kv":null,"volt_klass":0,"kapacitet_mw":null,"operator":null}},{"type":"Feature","geometry":{"type":"Point","coordinates":[18.40139,63.29017]},"properties":{"namn":null,"typ":"minor_distribution","spanning_kv":null,"volt_klass":0,"kapacitet_mw":null,"operator":null}},{"type":"Feature","geometry":{"type":"Point","coordinates":[12.84274,55.41147]},"properties":{"namn":null,"typ":null,"spanning_kv":null,"volt_klass":0,"kapacitet_mw":null,"operator":null}},{"type":"Feature","geometry":{"type":"Point","coordinates":[12.85346,55.40936]},"properties":{"namn":null,"typ":null,"spanning_kv":null,"volt_klass":0,"kapacitet_mw":null,"operator":null}},{"type":"Feature","geometry":{"type":"Point","coordinates":[13.28012,56.28481]},"properties":{"namn":null,"typ":null,"spanning_kv":null,"volt_klass":0,"kapacitet_mw":null,"operator":null}},{"type":"Feature","geometry":{"type":"Point","coordinates":[16.21168,60.43125]},"properties":{"namn":"T-3083","typ":null,"spanning_kv":null,"volt_klass":0,"kapacitet_mw":null,"operator":null}},{"type":"Feature","geometry":{"type":"Point","coordinates":[20.18466,64.0355]},"properties":{"namn":"Granforsbäck 1","typ":"minor_distribution","spanning_kv":null,"volt_klass":0,"kapacitet_mw":null,"operator":null}},{"type":"Feature","geometry":{"type":"Point","coordinates":[20.27994,63.83527]},"properties":{"namn":null,"typ":"minor_distribution","spanning_kv":null,"volt_klass":0,"kapacitet_mw":null,"operator":null}},{"type":"Feature","geometry":{"type":"Point","coordinates":[18.11169,59.48802]},"properties":{"namn":null,"typ":null,"spanning_kv":null,"volt_klass":0,"kapacitet_mw":null,"operator":null}},{"type":"Feature","geometry":{"type":"Point","coordinates":[15.72581,58.30161]},"properties":{"namn":null,"typ":null,"spanning_kv":null,"volt_klass":0,"kapacitet_mw":null,"operator":null}},{"type":"Feature","geometry":{"type":"Point","coordinates":[15.55998,60.3942]},"properties":{"namn":"T9314","typ":"distribution","spanning_kv":null,"volt_klass":0,"kapacitet_mw":null,"operator":"Borlänge Energi"}},{"type":"Feature","geometry":{"type":"Point","coordinates":[18.09959,59.50718]},"properties":{"namn":null,"typ":null,"spanning_kv":null,"volt_klass":0,"kapacitet_mw":null,"operator":null}},{"type":"Feature","geometry":{"type":"Point","coordinates":[12.99115,55.59576]},"properties":{"namn":"1539 V. Rönneholmsvägen 34","typ":"minor_distribution","spanning_kv":null,"volt_klass":0,"kapacitet_mw":null,"operator":"Vattenfall"}},{"type":"Feature","geometry":{"type":"Point","coordinates":[17.2705,60.67274]},"properties":{"namn":null,"typ":"minor_distribution","spanning_kv":null,"volt_klass":0,"kapacitet_mw":null,"operator":null}},{"type":"Feature","geometry":{"type":"Point","coordinates":[12.84764,61.88179]},"properties":{"namn":"T-18914","typ":null,"spanning_kv":null,"volt_klass":0,"kapacitet_mw":null,"operator":null}},{"type":"Feature","geometry":{"type":"Point","coordinates":[14.72753,60.76049]},"properties":{"namn":"T9435","typ":null,"spanning_kv":null,"volt_klass":0,"kapacitet_mw":null,"operator":null}},{"type":"Feature","geometry":{"type":"Point","coordinates":[17.26853,60.72423]},"properties":{"namn":null,"typ":null,"spanning_kv":null,"volt_klass":0,"kapacitet_mw":null,"operator":null}},{"type":"Feature","geometry":{"type":"Point","coordinates":[17.22005,60.70309]},"properties":{"namn":null,"typ":null,"spanning_kv":null,"volt_klass":0,"kapacitet_mw":null,"operator":null}},{"type":"Feature","geometry":{"type":"Point","coordinates":[17.17825,60.70759]},"properties":{"namn":null,"typ":null,"spanning_kv":null,"volt_klass":0,"kapacitet_mw":null,"operator":null}},{"type":"Feature","geometry":{"type":"Point","coordinates":[17.00344,60.64635]},"properties":{"namn":null,"typ":null,"spanning_kv":null,"volt_klass":0,"kapacitet_mw":null,"operator":null}},{"type":"Feature","geometry":{"type":"Point","coordinates":[16.93173,60.66743]},"properties":{"namn":null,"typ":null,"spanning_kv":null,"volt_klass":0,"kapacitet_mw":null,"operator":null}},{"type":"Feature","geometry":{"type":"Point","coordinates":[17.35007,60.75257]},"properties":{"namn":null,"typ":null,"spanning_kv":null,"volt_klass":0,"kapacitet_mw":null,"operator":null}},{"type":"Feature","geometry":{"type":"Point","coordinates":[17.23104,60.739]},"properties":{"namn":null,"typ":null,"spanning_kv":null,"volt_klass":0,"kapacitet_mw":null,"operator":null}},{"type":"Feature","geometry":{"type":"Point","coordinates":[17.32181,60.7652]},"properties":{"namn":null,"typ":null,"spanning_kv":null,"volt_klass":0,"kapacitet_mw":null,"operator":null}},{"type":"Feature","geometry":{"type":"Point","coordinates":[17.33187,60.75787]},"properties":{"namn":null,"typ":null,"spanning_kv":null,"volt_klass":0,"kapacitet_mw":null,"operator":null}},{"type":"Feature","geometry":{"type":"Point","coordinates":[17.34582,60.7564]},"properties":{"namn":null,"typ":null,"spanning_kv":null,"volt_klass":0,"kapacitet_mw":null,"operator":null}},{"type":"Feature","geometry":{"type":"Point","coordinates":[17.10384,60.73071]},"properties":{"namn":null,"typ":null,"spanning_kv":null,"volt_klass":0,"kapacitet_mw":null,"operator":null}},{"type":"Feature","geometry":{"type":"Point","coordinates":[16.97343,60.77202]},"properties":{"namn":null,"typ":null,"spanning_kv":null,"volt_klass":0,"kapacitet_mw":null,"operator":null}},{"type":"Feature","geometry":{"type":"Point","coordinates":[16.96705,60.77011]},"properties":{"namn":null,"typ":null,"spanning_kv":null,"volt_klass":0,"kapacitet_mw":null,"operator":null}},{"type":"Feature","geometry":{"type":"Point","coordinates":[17.1164,60.72925]},"properties":{"namn":null,"typ":null,"spanning_kv":null,"volt_klass":0,"kapacitet_mw":null,"operator":null}},{"type":"Feature","geometry":{"type":"Point","coordinates":[16.80512,60.71382]},"properties":{"namn":null,"typ":null,"spanning_kv":null,"volt_klass":0,"kapacitet_mw":null,"operator":null}},{"type":"Feature","geometry":{"type":"Point","coordinates":[17.12363,60.64207]},"properties":{"namn":null,"typ":"minor_distribution","spanning_kv":null,"volt_klass":0,"kapacitet_mw":null,"operator":null}},{"type":"Feature","geometry":{"type":"Point","coordinates":[17.12591,60.64163]},"properties":{"namn":null,"typ":"minor_distribution","spanning_kv":null,"volt_klass":0,"kapacitet_mw":null,"operator":null}},{"type":"Feature","geometry":{"type":"Point","coordinates":[17.14008,60.63426]},"properties":{"namn":"Ersbo syd","typ":"minor_distribution","spanning_kv":null,"volt_klass":0,"kapacitet_mw":null,"operator":"Gävle Energi"}},{"type":"Feature","geometry":{"type":"Point","coordinates":[13.07599,55.52936]},"properties":{"namn":null,"typ":null,"spanning_kv":null,"volt_klass":0,"kapacitet_mw":null,"operator":null}},{"type":"Feature","geometry":{"type":"Point","coordinates":[16.86195,59.93942]},"properties":{"namn":null,"typ":"minor_distribution","spanning_kv":null,"volt_klass":0,"kapacitet_mw":null,"operator":"Sala-Heby Energi"}},{"type":"Feature","geometry":{"type":"Point","coordinates":[17.4944,63.88385]},"properties":{"namn":null,"typ":"minor_distribution","spanning_kv":33.0,"volt_klass":1,"kapacitet_mw":null,"operator":null}},{"type":"Feature","geometry":{"type":"Point","coordinates":[17.47296,63.89137]},"properties":{"namn":null,"typ":"minor_distribution","spanning_kv":33.0,"volt_klass":1,"kapacitet_mw":null,"operator":null}},{"type":"Feature","geometry":{"type":"Point","coordinates":[17.91333,59.37267]},"properties":{"namn":null,"typ":null,"spanning_kv":null,"volt_klass":0,"kapacitet_mw":null,"operator":null}},{"type":"Feature","geometry":{"type":"Point","coordinates":[21.18262,64.61709]},"properties":{"namn":null,"typ":"minor_distribution","spanning_kv":null,"volt_klass":0,"kapacitet_mw":null,"operator":null}},{"type":"Feature","geometry":{"type":"Point","coordinates":[15.43278,60.49578]},"properties":{"namn":"T511","typ":null,"spanning_kv":null,"volt_klass":0,"kapacitet_mw":null,"operator":null}},{"type":"Feature","geometry":{"type":"Point","coordinates":[18.17037,59.4824]},"properties":{"namn":null,"typ":null,"spanning_kv":null,"volt_klass":0,"kapacitet_mw":null,"operator":null}},{"type":"Feature","geometry":{"type":"Point","coordinates":[13.28139,62.43891]},"properties":{"namn":null,"typ":null,"spanning_kv":null,"volt_klass":0,"kapacitet_mw":null,"operator":null}},{"type":"Feature","geometry":{"type":"Point","coordinates":[18.29125,59.23684]},"properties":{"namn":null,"typ":null,"spanning_kv":null,"volt_klass":0,"kapacitet_mw":null,"operator":null}},{"type":"Feature","geometry":{"type":"Point","coordinates":[15.74953,56.14126]},"properties":{"namn":null,"typ":null,"spanning_kv":null,"volt_klass":0,"kapacitet_mw":null,"operator":null}},{"type":"Feature","geometry":{"type":"Point","coordinates":[15.6215,60.60415]},"properties":{"namn":null,"typ":"minor_distribution","spanning_kv":null,"volt_klass":0,"kapacitet_mw":null,"operator":null}},{"type":"Feature","geometry":{"type":"Point","coordinates":[15.63292,60.60073]},"properties":{"namn":null,"typ":"minor_distribution","spanning_kv":null,"volt_klass":0,"kapacitet_mw":null,"operator":null}},{"type":"Feature","geometry":{"type":"Point","coordinates":[15.46937,60.48578]},"properties":{"namn":null,"typ":"minor_distribution","spanning_kv":null,"volt_klass":0,"kapacitet_mw":null,"operator":null}},{"type":"Feature","geometry":{"type":"Point","coordinates":[15.62189,60.60083]},"properties":{"namn":null,"typ":"minor_distribution","spanning_kv":null,"volt_klass":0,"kapacitet_mw":null,"operator":null}},{"type":"Feature","geometry":{"type":"Point","coordinates":[18.08876,59.50372]},"properties":{"namn":null,"typ":"minor_distribution","spanning_kv":400.0,"volt_klass":4,"kapacitet_mw":null,"operator":null}},{"type":"Feature","geometry":{"type":"Point","coordinates":[15.65581,60.60527]},"properties":{"namn":null,"typ":"minor_distribution","spanning_kv":null,"volt_klass":0,"kapacitet_mw":null,"operator":null}},{"type":"Feature","geometry":{"type":"Point","coordinates":[15.43725,60.48417]},"properties":{"namn":null,"typ":"minor_distribution","spanning_kv":null,"volt_klass":0,"kapacitet_mw":null,"operator":null}},{"type":"Feature","geometry":{"type":"Point","coordinates":[15.60166,60.57764]},"properties":{"namn":null,"typ":"minor_distribution","spanning_kv":null,"volt_klass":0,"kapacitet_mw":null,"operator":null}},{"type":"Feature","geometry":{"type":"Point","coordinates":[15.4215,60.44611]},"properties":{"namn":"T-912","typ":null,"spanning_kv":null,"volt_klass":0,"kapacitet_mw":null,"operator":null}},{"type":"Feature","geometry":{"type":"Point","coordinates":[15.46661,60.48522]},"properties":{"namn":null,"typ":"minor_distribution","spanning_kv":null,"volt_klass":0,"kapacitet_mw":null,"operator":null}},{"type":"Feature","geometry":{"type":"Point","coordinates":[15.64659,60.59651]},"properties":{"namn":null,"typ":"minor_distribution","spanning_kv":null,"volt_klass":0,"kapacitet_mw":null,"operator":null}},{"type":"Feature","geometry":{"type":"Point","coordinates":[15.64402,60.58569]},"properties":{"namn":null,"typ":"minor_distribution","spanning_kv":null,"volt_klass":0,"kapacitet_mw":null,"operator":null}},{"type":"Feature","geometry":{"type":"Point","coordinates":[15.64586,60.60532]},"properties":{"namn":null,"typ":"minor_distribution","spanning_kv":null,"volt_klass":0,"kapacitet_mw":null,"operator":null}},{"type":"Feature","geometry":{"type":"Point","coordinates":[15.54931,60.5182]},"properties":{"namn":null,"typ":"minor_distribution","spanning_kv":null,"volt_klass":0,"kapacitet_mw":null,"operator":null}},{"type":"Feature","geometry":{"type":"Point","coordinates":[15.57509,60.56047]},"properties":{"namn":"T205","typ":null,"spanning_kv":null,"volt_klass":0,"kapacitet_mw":null,"operator":null}},{"type":"Feature","geometry":{"type":"Point","coordinates":[15.55307,60.55154]},"properties":{"namn":"T218","typ":null,"spanning_kv":null,"volt_klass":0,"kapacitet_mw":null,"operator":null}},{"type":"Feature","geometry":{"type":"Point","coordinates":[15.54514,60.54684]},"properties":{"namn":"T219","typ":null,"spanning_kv":null,"volt_klass":0,"kapacitet_mw":null,"operator":null}},{"type":"Feature","geometry":{"type":"Point","coordinates":[15.64318,60.57982]},"properties":{"namn":null,"typ":"minor_distribution","spanning_kv":null,"volt_klass":0,"kapacitet_mw":null,"operator":null}},{"type":"Feature","geometry":{"type":"Point","coordinates":[15.65327,60.57908]},"properties":{"namn":null,"typ":"minor_distribution","spanning_kv":null,"volt_klass":0,"kapacitet_mw":null,"operator":null}},{"type":"Feature","geometry":{"type":"Point","coordinates":[15.64295,60.57836]},"properties":{"namn":null,"typ":"minor_distribution","spanning_kv":null,"volt_klass":0,"kapacitet_mw":null,"operator":null}},{"type":"Feature","geometry":{"type":"Point","coordinates":[15.65876,60.60284]},"properties":{"namn":null,"typ":"minor_distribution","spanning_kv":null,"volt_klass":0,"kapacitet_mw":null,"operator":null}},{"type":"Feature","geometry":{"type":"Point","coordinates":[15.61861,60.58774]},"properties":{"namn":null,"typ":"minor_distribution","spanning_kv":null,"volt_klass":0,"kapacitet_mw":null,"operator":null}},{"type":"Feature","geometry":{"type":"Point","coordinates":[15.627,60.58537]},"properties":{"namn":null,"typ":"minor_distribution","spanning_kv":null,"volt_klass":0,"kapacitet_mw":null,"operator":null}},{"type":"Feature","geometry":{"type":"Point","coordinates":[15.61903,60.58718]},"properties":{"namn":null,"typ":"minor_distribution","spanning_kv":null,"volt_klass":0,"kapacitet_mw":null,"operator":null}},{"type":"Feature","geometry":{"type":"Point","coordinates":[15.62218,60.59741]},"properties":{"namn":null,"typ":"minor_distribution","spanning_kv":null,"volt_klass":0,"kapacitet_mw":null,"operator":null}},{"type":"Feature","geometry":{"type":"Point","coordinates":[13.99788,58.78668]},"properties":{"namn":null,"typ":"yes","spanning_kv":null,"volt_klass":0,"kapacitet_mw":null,"operator":null}},{"type":"Feature","geometry":{"type":"Point","coordinates":[15.62487,60.61707]},"properties":{"namn":null,"typ":"minor_distribution","spanning_kv":null,"volt_klass":0,"kapacitet_mw":null,"operator":null}},{"type":"Feature","geometry":{"type":"Point","coordinates":[15.64772,60.61307]},"properties":{"namn":null,"typ":"minor_distribution","spanning_kv":null,"volt_klass":0,"kapacitet_mw":null,"operator":null}},{"type":"Feature","geometry":{"type":"Point","coordinates":[16.07933,60.04373]},"properties":{"namn":"T-9710","typ":"minor_distribution","spanning_kv":null,"volt_klass":0,"kapacitet_mw":null,"operator":null}},{"type":"Feature","geometry":{"type":"Point","coordinates":[12.97497,55.56986]},"properties":{"namn":"N144173 Norra Tennisgränd","typ":"minor_distribution","spanning_kv":400.0,"volt_klass":4,"kapacitet_mw":null,"operator":"E.ON"}},{"type":"Feature","geometry":{"type":"Point","coordinates":[12.97563,55.56838]},"properties":{"namn":null,"typ":"minor_distribution","spanning_kv":400.0,"volt_klass":4,"kapacitet_mw":null,"operator":"E.ON"}},{"type":"Feature","geometry":{"type":"Point","coordinates":[12.9746,55.56595]},"properties":{"namn":"N143951 Hyllie Vattenparksgata","typ":"minor_distribution","spanning_kv":400.0,"volt_klass":4,"kapacitet_mw":null,"operator":"E.ON"}},{"type":"Feature","geometry":{"type":"Point","coordinates":[12.97455,55.56595]},"properties":{"namn":"N140063 Hyllie Vattenparksgata","typ":"minor_distribution","spanning_kv":400.0,"volt_klass":4,"kapacitet_mw":null,"operator":"E.ON"}},{"type":"Feature","geometry":{"type":"Point","coordinates":[12.97186,55.56366]},"properties":{"namn":"N148379 Hyllie Stationsväg 22","typ":"minor_distribution","spanning_kv":400.0,"volt_klass":4,"kapacitet_mw":null,"operator":"E.ON"}},{"type":"Feature","geometry":{"type":"Point","coordinates":[12.98099,55.58941]},"properties":{"namn":"119 Hegardtsgången","typ":"minor_distribution","spanning_kv":400.0,"volt_klass":4,"kapacitet_mw":null,"operator":"E.ON"}},{"type":"Feature","geometry":{"type":"Point","coordinates":[12.98075,55.5854]},"properties":{"namn":null,"typ":"minor_distribution","spanning_kv":400.0,"volt_klass":4,"kapacitet_mw":null,"operator":"E.ON"}},{"type":"Feature","geometry":{"type":"Point","coordinates":[12.98179,55.5872]},"properties":{"namn":null,"typ":"minor_distribution","spanning_kv":400.0,"volt_klass":4,"kapacitet_mw":null,"operator":"E.ON"}},{"type":"Feature","geometry":{"type":"Point","coordinates":[13.00544,55.58089]},"properties":{"namn":null,"typ":"minor_distribution","spanning_kv":400.0,"volt_klass":4,"kapacitet_mw":null,"operator":"E.ON"}},{"type":"Feature","geometry":{"type":"Point","coordinates":[13.00541,55.5809]},"properties":{"namn":null,"typ":"minor_distribution","spanning_kv":400.0,"volt_klass":4,"kapacitet_mw":null,"operator":"E.ON"}},{"type":"Feature","geometry":{"type":"Point","coordinates":[13.04278,55.63196]},"properties":{"namn":"N135716 Spillepengsgatan","typ":"minor_distribution","spanning_kv":400.0,"volt_klass":4,"kapacitet_mw":null,"operator":"E.ON"}},{"type":"Feature","geometry":{"type":"Point","coordinates":[13.04167,55.63013]},"properties":{"namn":"N146232 Hemsögatan 45M","typ":"minor_distribution","spanning_kv":400.0,"volt_klass":4,"kapacitet_mw":null,"operator":"E.ON"}},{"type":"Feature","geometry":{"type":"Point","coordinates":[13.04162,55.63012]},"properties":{"namn":"N000547 Hemsögatan 45M","typ":"minor_distribution","spanning_kv":400.0,"volt_klass":4,"kapacitet_mw":null,"operator":"E.ON"}},{"type":"Feature","geometry":{"type":"Point","coordinates":[13.02965,55.6288]},"properties":{"namn":"1664 Hemsögatan 25","typ":"minor_distribution","spanning_kv":400.0,"volt_klass":4,"kapacitet_mw":null,"operator":"E.ON"}},{"type":"Feature","geometry":{"type":"Point","coordinates":[13.02964,55.62883]},"properties":{"namn":"668 Hemsögatan 25","typ":"minor_distribution","spanning_kv":400.0,"volt_klass":4,"kapacitet_mw":null,"operator":"E.ON"}},{"type":"Feature","geometry":{"type":"Point","coordinates":[13.037,55.62795]},"properties":{"namn":null,"typ":"minor_distribution","spanning_kv":400.0,"volt_klass":4,"kapacitet_mw":null,"operator":"E.ON"}},{"type":"Feature","geometry":{"type":"Point","coordinates":[13.043,55.62841]},"properties":{"namn":null,"typ":"minor_distribution","spanning_kv":400.0,"volt_klass":4,"kapacitet_mw":null,"operator":"E.ON"}},{"type":"Feature","geometry":{"type":"Point","coordinates":[13.15357,55.64673]},"properties":{"namn":null,"typ":"minor_distribution","spanning_kv":400.0,"volt_klass":4,"kapacitet_mw":null,"operator":"Kraftringen"}},{"type":"Feature","geometry":{"type":"Point","coordinates":[13.15675,55.65232]},"properties":{"namn":null,"typ":"minor_distribution","spanning_kv":400.0,"volt_klass":4,"kapacitet_mw":null,"operator":"Kraftringen"}},{"type":"Feature","geometry":{"type":"Point","coordinates":[13.16125,55.65779]},"properties":{"namn":null,"typ":"minor_distribution","spanning_kv":400.0,"volt_klass":4,"kapacitet_mw":null,"operator":"Kraftringen"}},{"type":"Feature","geometry":{"type":"Point","coordinates":[13.17135,55.66849]},"properties":{"namn":null,"typ":"minor_distribution","spanning_kv":400.0,"volt_klass":4,"kapacitet_mw":null,"operator":"Kraftringen"}},{"type":"Feature","geometry":{"type":"Point","coordinates":[13.18719,55.66955]},"properties":{"namn":null,"typ":"minor_distribution","spanning_kv":400.0,"volt_klass":4,"kapacitet_mw":null,"operator":"Kraftringen"}},{"type":"Feature","geometry":{"type":"Point","coordinates":[13.18304,55.67975]},"properties":{"namn":null,"typ":"minor_distribution","spanning_kv":400.0,"volt_klass":4,"kapacitet_mw":null,"operator":"Kraftringen"}},{"type":"Feature","geometry":{"type":"Point","coordinates":[14.37928,61.30195]},"properties":{"namn":null,"typ":null,"spanning_kv":130.0,"volt_klass":2,"kapacitet_mw":null,"operator":null}},{"type":"Feature","geometry":{"type":"Point","coordinates":[15.70259,60.4024]},"properties":{"namn":null,"typ":"minor_distribution","spanning_kv":null,"volt_klass":0,"kapacitet_mw":null,"operator":"Dala Energi"}},{"type":"Feature","geometry":{"type":"Point","coordinates":[15.69893,60.40562]},"properties":{"namn":null,"typ":"minor_distribution","spanning_kv":null,"volt_klass":0,"kapacitet_mw":null,"operator":"Dala Energi"}},{"type":"Feature","geometry":{"type":"Point","coordinates":[15.3281,60.4132]},"properties":{"namn":"T-9218","typ":"minor_distribution","spanning_kv":null,"volt_klass":0,"kapacitet_mw":null,"operator":null}},{"type":"Feature","geometry":{"type":"Point","coordinates":[12.31746,62.06061]},"properties":{"namn":null,"typ":"minor_distribution","spanning_kv":null,"volt_klass":0,"kapacitet_mw":null,"operator":null}},{"type":"Feature","geometry":{"type":"Point","coordinates":[15.60024,60.5818]},"properties":{"namn":null,"typ":"minor_distribution","spanning_kv":null,"volt_klass":0,"kapacitet_mw":null,"operator":null}},{"type":"Feature","geometry":{"type":"Point","coordinates":[15.5928,60.58066]},"properties":{"namn":null,"typ":"minor_distribution","spanning_kv":null,"volt_klass":0,"kapacitet_mw":null,"operator":null}},{"type":"Feature","geometry":{"type":"Point","coordinates":[15.61273,60.58665]},"properties":{"namn":null,"typ":"minor_distribution","spanning_kv":null,"volt_klass":0,"kapacitet_mw":null,"operator":null}},{"type":"Feature","geometry":{"type":"Point","coordinates":[13.74104,60.68666]},"properties":{"namn":null,"typ":"minor_distribution","spanning_kv":null,"volt_klass":0,"kapacitet_mw":null,"operator":null}},{"type":"Feature","geometry":{"type":"Point","coordinates":[13.75254,60.69404]},"properties":{"namn":null,"typ":"minor_distribution","spanning_kv":null,"volt_klass":0,"kapacitet_mw":null,"operator":null}},{"type":"Feature","geometry":{"type":"Point","coordinates":[14.22732,60.43594]},"properties":{"namn":null,"typ":"minor_distribution","spanning_kv":null,"volt_klass":0,"kapacitet_mw":null,"operator":null}},{"type":"Feature","geometry":{"type":"Point","coordinates":[15.99239,60.28671]},"properties":{"namn":null,"typ":"minor_distribution","spanning_kv":null,"volt_klass":0,"kapacitet_mw":null,"operator":null}},{"type":"Feature","geometry":{"type":"Point","coordinates":[12.9013,57.63632]},"properties":{"namn":null,"typ":null,"spanning_kv":null,"volt_klass":0,"kapacitet_mw":null,"operator":null}},{"type":"Feature","geometry":{"type":"Point","coordinates":[18.30571,59.40558]},"properties":{"namn":null,"typ":null,"spanning_kv":null,"volt_klass":0,"kapacitet_mw":null,"operator":null}},{"type":"Feature","geometry":{"type":"Point","coordinates":[17.94304,59.38192]},"properties":{"namn":null,"typ":null,"spanning_kv":null,"volt_klass":0,"kapacitet_mw":null,"operator":null}},{"type":"Feature","geometry":{"type":"Point","coordinates":[12.97045,55.57878]},"properties":{"namn":null,"typ":null,"spanning_kv":null,"volt_klass":0,"kapacitet_mw":null,"operator":null}},{"type":"Feature","geometry":{"type":"Point","coordinates":[12.97132,55.57997]},"properties":{"namn":null,"typ":null,"spanning_kv":null,"volt_klass":0,"kapacitet_mw":null,"operator":null}},{"type":"Feature","geometry":{"type":"Point","coordinates":[12.96767,55.58362]},"properties":{"namn":null,"typ":"minor_distribution","spanning_kv":400.0,"volt_klass":4,"kapacitet_mw":null,"operator":null}},{"type":"Feature","geometry":{"type":"Point","coordinates":[12.96273,55.58443]},"properties":{"namn":null,"typ":"minor_distribution","spanning_kv":400.0,"volt_klass":4,"kapacitet_mw":null,"operator":null}},{"type":"Feature","geometry":{"type":"Point","coordinates":[12.95912,55.58352]},"properties":{"namn":null,"typ":"minor_distribution","spanning_kv":400.0,"volt_klass":4,"kapacitet_mw":null,"operator":null}},{"type":"Feature","geometry":{"type":"Point","coordinates":[12.95543,55.57787]},"properties":{"namn":null,"typ":"minor_distribution","spanning_kv":null,"volt_klass":0,"kapacitet_mw":null,"operator":null}},{"type":"Feature","geometry":{"type":"Point","coordinates":[12.95543,55.57789]},"properties":{"namn":null,"typ":"minor_distribution","spanning_kv":null,"volt_klass":0,"kapacitet_mw":null,"operator":null}},{"type":"Feature","geometry":{"type":"Point","coordinates":[12.95535,55.57772]},"properties":{"namn":null,"typ":"minor_distribution","spanning_kv":null,"volt_klass":0,"kapacitet_mw":null,"operator":null}},{"type":"Feature","geometry":{"type":"Point","coordinates":[12.95502,55.57773]},"properties":{"namn":null,"typ":"minor_distribution","spanning_kv":400.0,"volt_klass":4,"kapacitet_mw":null,"operator":null}},{"type":"Feature","geometry":{"type":"Point","coordinates":[12.95552,55.57817]},"properties":{"namn":null,"typ":"minor_distribution","spanning_kv":null,"volt_klass":0,"kapacitet_mw":null,"operator":null}},{"type":"Feature","geometry":{"type":"Point","coordinates":[13.20537,55.70722]},"properties":{"namn":null,"typ":"minor_distribution","spanning_kv":null,"volt_klass":0,"kapacitet_mw":null,"operator":null}},{"type":"Feature","geometry":{"type":"Point","coordinates":[12.97437,55.60431]},"properties":{"namn":null,"typ":null,"spanning_kv":null,"volt_klass":0,"kapacitet_mw":null,"operator":null}},{"type":"Feature","geometry":{"type":"Point","coordinates":[15.63184,60.58866]},"properties":{"namn":null,"typ":"minor_distribution","spanning_kv":null,"volt_klass":0,"kapacitet_mw":null,"operator":null}},{"type":"Feature","geometry":{"type":"Point","coordinates":[17.83799,59.85774]},"properties":{"namn":null,"typ":null,"spanning_kv":null,"volt_klass":0,"kapacitet_mw":null,"operator":null}},{"type":"Feature","geometry":{"type":"Point","coordinates":[15.49282,60.44242]},"properties":{"namn":null,"typ":"minor_distribution","spanning_kv":null,"volt_klass":0,"kapacitet_mw":null,"operator":null}},{"type":"Feature","geometry":{"type":"Point","coordinates":[19.09761,67.28894]},"properties":{"namn":null,"typ":null,"spanning_kv":null,"volt_klass":0,"kapacitet_mw":null,"operator":null}},{"type":"Feature","geometry":{"type":"Point","coordinates":[15.53958,60.5048]},"properties":{"namn":"T-7337","typ":"minor_distribution","spanning_kv":null,"volt_klass":0,"kapacitet_mw":null,"operator":null}},{"type":"Feature","geometry":{"type":"Point","coordinates":[15.56371,60.47349]},"properties":{"namn":null,"typ":"minor_distribution","spanning_kv":null,"volt_klass":0,"kapacitet_mw":null,"operator":null}},{"type":"Feature","geometry":{"type":"Point","coordinates":[11.64513,57.71141]},"properties":{"namn":null,"typ":"minor_distribution","spanning_kv":null,"volt_klass":0,"kapacitet_mw":null,"operator":null}},{"type":"Feature","geometry":{"type":"Point","coordinates":[12.33252,62.11812]},"properties":{"namn":"Jakobshöjden","typ":"minor_distribution","spanning_kv":null,"volt_klass":0,"kapacitet_mw":null,"operator":null}},{"type":"Feature","geometry":{"type":"Point","coordinates":[15.12729,60.56012]},"properties":{"namn":null,"typ":"minor_distribution","spanning_kv":null,"volt_klass":0,"kapacitet_mw":null,"operator":null}},{"type":"Feature","geometry":{"type":"Point","coordinates":[15.58287,60.62152]},"properties":{"namn":"T759 Knut Pederssons Väg 26","typ":"minor_distribution","spanning_kv":null,"volt_klass":0,"kapacitet_mw":null,"operator":null}},{"type":"Feature","geometry":{"type":"Point","coordinates":[13.20197,55.70801]},"properties":{"namn":null,"typ":"minor_distribution","spanning_kv":null,"volt_klass":0,"kapacitet_mw":null,"operator":null}},{"type":"Feature","geometry":{"type":"Point","coordinates":[15.84333,59.59673]},"properties":{"namn":null,"typ":null,"spanning_kv":null,"volt_klass":0,"kapacitet_mw":null,"operator":null}},{"type":"Feature","geometry":{"type":"Point","coordinates":[15.61174,60.4133]},"properties":{"namn":null,"typ":"minor_distribution","spanning_kv":null,"volt_klass":0,"kapacitet_mw":null,"operator":null}},{"type":"Feature","geometry":{"type":"Point","coordinates":[18.15437,59.3461]},"properties":{"namn":null,"typ":null,"spanning_kv":null,"volt_klass":0,"kapacitet_mw":null,"operator":null}},{"type":"Feature","geometry":{"type":"Point","coordinates":[13.19719,55.73742]},"properties":{"namn":null,"typ":"minor_distribution","spanning_kv":null,"volt_klass":0,"kapacitet_mw":null,"operator":null}},{"type":"Feature","geometry":{"type":"Point","coordinates":[13.19552,55.72032]},"properties":{"namn":null,"typ":"minor_distribution","spanning_kv":null,"volt_klass":0,"kapacitet_mw":null,"operator":null}},{"type":"Feature","geometry":{"type":"Point","coordinates":[15.65929,60.60463]},"properties":{"namn":null,"typ":"minor_distribution","spanning_kv":null,"volt_klass":0,"kapacitet_mw":null,"operator":null}},{"type":"Feature","geometry":{"type":"Point","coordinates":[11.96414,57.69125]},"properties":{"namn":null,"typ":"distribution","spanning_kv":null,"volt_klass":0,"kapacitet_mw":null,"operator":null}},{"type":"Feature","geometry":{"type":"Point","coordinates":[18.34659,59.38738]},"properties":{"namn":null,"typ":null,"spanning_kv":null,"volt_klass":0,"kapacitet_mw":null,"operator":null}},{"type":"Feature","geometry":{"type":"Point","coordinates":[18.39154,59.38244]},"properties":{"namn":null,"typ":null,"spanning_kv":null,"volt_klass":0,"kapacitet_mw":null,"operator":null}},{"type":"Feature","geometry":{"type":"Point","coordinates":[18.41238,59.36705]},"properties":{"namn":null,"typ":null,"spanning_kv":null,"volt_klass":0,"kapacitet_mw":null,"operator":"Roslags Energi"}},{"type":"Feature","geometry":{"type":"Point","coordinates":[15.42898,60.41811]},"properties":{"namn":"T924","typ":"minor_distribution","spanning_kv":null,"volt_klass":0,"kapacitet_mw":null,"operator":null}},{"type":"Feature","geometry":{"type":"Point","coordinates":[15.65245,60.46404]},"properties":{"namn":"T789","typ":"minor_distribution","spanning_kv":null,"volt_klass":0,"kapacitet_mw":null,"operator":null}},{"type":"Feature","geometry":{"type":"Point","coordinates":[15.60243,60.41504]},"properties":{"namn":"T212","typ":"minor_distribution","spanning_kv":null,"volt_klass":0,"kapacitet_mw":null,"operator":null}},{"type":"Feature","geometry":{"type":"Point","coordinates":[15.42882,60.48795]},"properties":{"namn":null,"typ":"minor_distribution","spanning_kv":null,"volt_klass":0,"kapacitet_mw":null,"operator":null}},{"type":"Feature","geometry":{"type":"Point","coordinates":[17.01343,65.77763]},"properties":{"namn":null,"typ":null,"spanning_kv":null,"volt_klass":0,"kapacitet_mw":null,"operator":null}},{"type":"Feature","geometry":{"type":"Point","coordinates":[15.55133,58.39761]},"properties":{"namn":null,"typ":null,"spanning_kv":null,"volt_klass":0,"kapacitet_mw":null,"operator":null}},{"type":"Feature","geometry":{"type":"Point","coordinates":[15.97476,58.39099]},"properties":{"namn":null,"typ":null,"spanning_kv":null,"volt_klass":0,"kapacitet_mw":null,"operator":null}},{"type":"Feature","geometry":{"type":"Point","coordinates":[13.21607,55.70796]},"properties":{"namn":null,"typ":null,"spanning_kv":null,"volt_klass":0,"kapacitet_mw":null,"operator":null}},{"type":"Feature","geometry":{"type":"Point","coordinates":[15.96988,58.54125]},"properties":{"namn":null,"typ":null,"spanning_kv":null,"volt_klass":0,"kapacitet_mw":null,"operator":null}},{"type":"Feature","geometry":{"type":"Point","coordinates":[16.53552,58.54859]},"properties":{"namn":null,"typ":null,"spanning_kv":null,"volt_klass":0,"kapacitet_mw":null,"operator":null}},{"type":"Feature","geometry":{"type":"Point","coordinates":[15.88792,59.40505]},"properties":{"namn":null,"typ":null,"spanning_kv":null,"volt_klass":0,"kapacitet_mw":null,"operator":null}},{"type":"Feature","geometry":{"type":"Point","coordinates":[13.02902,55.6033]},"properties":{"namn":"N001759 Sallerupsvägen 21","typ":null,"spanning_kv":null,"volt_klass":0,"kapacitet_mw":null,"operator":"E.ON"}},{"type":"Feature","geometry":{"type":"Point","coordinates":[15.42988,60.46572]},"properties":{"namn":null,"typ":"minor_distribution","spanning_kv":null,"volt_klass":0,"kapacitet_mw":null,"operator":null}},{"type":"Feature","geometry":{"type":"Point","coordinates":[12.38026,62.0336]},"properties":{"namn":"Björnliden södra","typ":null,"spanning_kv":null,"volt_klass":0,"kapacitet_mw":null,"operator":null}},{"type":"Feature","geometry":{"type":"Point","coordinates":[15.40374,60.1637]},"properties":{"namn":"Uvberget Boel","typ":"minor_distribution","spanning_kv":null,"volt_klass":0,"kapacitet_mw":null,"operator":null}},{"type":"Feature","geometry":{"type":"Point","coordinates":[15.39932,60.16178]},"properties":{"namn":null,"typ":"minor_distribution","spanning_kv":null,"volt_klass":0,"kapacitet_mw":null,"operator":null}},{"type":"Feature","geometry":{"type":"Point","coordinates":[12.00113,57.71885]},"properties":{"namn":null,"typ":null,"spanning_kv":null,"volt_klass":0,"kapacitet_mw":null,"operator":null}},{"type":"Feature","geometry":{"type":"Point","coordinates":[18.37999,59.38706]},"properties":{"namn":null,"typ":null,"spanning_kv":null,"volt_klass":0,"kapacitet_mw":null,"operator":null}},{"type":"Feature","geometry":{"type":"Point","coordinates":[18.39367,59.39843]},"properties":{"namn":null,"typ":null,"spanning_kv":null,"volt_klass":0,"kapacitet_mw":null,"operator":null}},{"type":"Feature","geometry":{"type":"Point","coordinates":[18.40943,59.37278]},"properties":{"namn":null,"typ":null,"spanning_kv":null,"volt_klass":0,"kapacitet_mw":null,"operator":"eon"}},{"type":"Feature","geometry":{"type":"Point","coordinates":[18.16248,59.35806]},"properties":{"namn":null,"typ":null,"spanning_kv":null,"volt_klass":0,"kapacitet_mw":null,"operator":null}},{"type":"Feature","geometry":{"type":"Point","coordinates":[18.15952,59.35776]},"properties":{"namn":null,"typ":null,"spanning_kv":null,"volt_klass":0,"kapacitet_mw":null,"operator":null}},{"type":"Feature","geometry":{"type":"Point","coordinates":[17.64559,59.85785]},"properties":{"namn":null,"typ":null,"spanning_kv":null,"volt_klass":0,"kapacitet_mw":null,"operator":null}},{"type":"Feature","geometry":{"type":"Point","coordinates":[18.1536,59.34821]},"properties":{"namn":null,"typ":null,"spanning_kv":null,"volt_klass":0,"kapacitet_mw":null,"operator":null}},{"type":"Feature","geometry":{"type":"Point","coordinates":[18.1522,59.35354]},"properties":{"namn":null,"typ":null,"spanning_kv":null,"volt_klass":0,"kapacitet_mw":null,"operator":null}},{"type":"Feature","geometry":{"type":"Point","coordinates":[18.16985,59.35129]},"properties":{"namn":null,"typ":null,"spanning_kv":null,"volt_klass":0,"kapacitet_mw":null,"operator":null}},{"type":"Feature","geometry":{"type":"Point","coordinates":[23.65747,67.94089]},"properties":{"namn":null,"typ":"minor_distribution","spanning_kv":20.0,"volt_klass":1,"kapacitet_mw":null,"operator":null}},{"type":"Feature","geometry":{"type":"Point","coordinates":[23.64531,67.94652]},"properties":{"namn":null,"typ":"minor_distribution","spanning_kv":20.0,"volt_klass":1,"kapacitet_mw":null,"operator":null}},{"type":"Feature","geometry":{"type":"Point","coordinates":[17.00415,60.63803]},"properties":{"namn":"Sofiedalsskolan","typ":null,"spanning_kv":null,"volt_klass":0,"kapacitet_mw":null,"operator":"Gavle Energi"}},{"type":"Feature","geometry":{"type":"Point","coordinates":[15.95929,56.26075]},"properties":{"namn":null,"typ":null,"spanning_kv":null,"volt_klass":0,"kapacitet_mw":null,"operator":null}},{"type":"Feature","geometry":{"type":"Point","coordinates":[14.87678,56.33765]},"properties":{"namn":null,"typ":null,"spanning_kv":null,"volt_klass":0,"kapacitet_mw":null,"operator":null}},{"type":"Feature","geometry":{"type":"Point","coordinates":[11.98209,57.95633]},"properties":{"namn":null,"typ":"minor_distribution","spanning_kv":null,"volt_klass":0,"kapacitet_mw":null,"operator":null}},{"type":"Feature","geometry":{"type":"Point","coordinates":[14.28741,57.52684]},"properties":{"namn":null,"typ":"minor_distribution","spanning_kv":null,"volt_klass":0,"kapacitet_mw":null,"operator":"E.ON"}},{"type":"Feature","geometry":{"type":"Point","coordinates":[12.65568,56.73325]},"properties":{"namn":null,"typ":"minor_distribution","spanning_kv":null,"volt_klass":0,"kapacitet_mw":null,"operator":null}},{"type":"Feature","geometry":{"type":"Point","coordinates":[12.64907,56.72257]},"properties":{"namn":null,"typ":"minor_distribution","spanning_kv":null,"volt_klass":0,"kapacitet_mw":null,"operator":null}},{"type":"Feature","geometry":{"type":"Point","coordinates":[11.92618,58.8991]},"properties":{"namn":null,"typ":"minor_distribution","spanning_kv":null,"volt_klass":0,"kapacitet_mw":null,"operator":null}},{"type":"Feature","geometry":{"type":"Point","coordinates":[11.93457,58.89977]},"properties":{"namn":null,"typ":"minor_distribution","spanning_kv":null,"volt_klass":0,"kapacitet_mw":null,"operator":null}},{"type":"Feature","geometry":{"type":"Point","coordinates":[11.9393,58.89939]},"properties":{"namn":null,"typ":"minor_distribution","spanning_kv":null,"volt_klass":0,"kapacitet_mw":null,"operator":null}},{"type":"Feature","geometry":{"type":"Point","coordinates":[11.92238,58.90222]},"properties":{"namn":null,"typ":"minor_distribution","spanning_kv":null,"volt_klass":0,"kapacitet_mw":null,"operator":null}},{"type":"Feature","geometry":{"type":"Point","coordinates":[17.22081,62.30495]},"properties":{"namn":null,"typ":null,"spanning_kv":null,"volt_klass":0,"kapacitet_mw":null,"operator":null}},{"type":"Feature","geometry":{"type":"Point","coordinates":[13.82326,58.71294]},"properties":{"namn":null,"typ":"minor_distribution","spanning_kv":null,"volt_klass":0,"kapacitet_mw":null,"operator":null}},{"type":"Feature","geometry":{"type":"Point","coordinates":[13.82567,58.71397]},"properties":{"namn":null,"typ":"minor_distribution","spanning_kv":null,"volt_klass":0,"kapacitet_mw":null,"operator":null}},{"type":"Feature","geometry":{"type":"Point","coordinates":[14.05413,59.27658]},"properties":{"namn":null,"typ":"minor_distribution","spanning_kv":null,"volt_klass":0,"kapacitet_mw":null,"operator":null}},{"type":"Feature","geometry":{"type":"Point","coordinates":[14.05376,59.28128]},"properties":{"namn":null,"typ":"minor_distribution","spanning_kv":null,"volt_klass":0,"kapacitet_mw":null,"operator":null}},{"type":"Feature","geometry":{"type":"Point","coordinates":[14.05354,59.28466]},"properties":{"namn":null,"typ":"minor_distribution","spanning_kv":null,"volt_klass":0,"kapacitet_mw":null,"operator":null}},{"type":"Feature","geometry":{"type":"Point","coordinates":[13.98047,58.83787]},"properties":{"namn":null,"typ":"minor_distribution","spanning_kv":null,"volt_klass":0,"kapacitet_mw":null,"operator":null}},{"type":"Feature","geometry":{"type":"Point","coordinates":[14.2743,57.52028]},"properties":{"namn":null,"typ":"minor_distribution","spanning_kv":null,"volt_klass":0,"kapacitet_mw":null,"operator":null}},{"type":"Feature","geometry":{"type":"Point","coordinates":[13.81841,58.71039]},"properties":{"namn":null,"typ":"minor_distribution","spanning_kv":null,"volt_klass":0,"kapacitet_mw":null,"operator":null}},{"type":"Feature","geometry":{"type":"Point","coordinates":[13.82155,58.70737]},"properties":{"namn":null,"typ":"minor_distribution","spanning_kv":null,"volt_klass":0,"kapacitet_mw":null,"operator":null}},{"type":"Feature","geometry":{"type":"Point","coordinates":[12.64805,56.72899]},"properties":{"namn":null,"typ":"minor_distribution","spanning_kv":null,"volt_klass":0,"kapacitet_mw":null,"operator":null}},{"type":"Feature","geometry":{"type":"Point","coordinates":[14.29627,57.54272]},"properties":{"namn":null,"typ":"minor_distribution","spanning_kv":null,"volt_klass":0,"kapacitet_mw":null,"operator":null}},{"type":"Feature","geometry":{"type":"Point","coordinates":[14.73816,56.00528]},"properties":{"namn":null,"typ":"minor_distribution","spanning_kv":null,"volt_klass":0,"kapacitet_mw":null,"operator":null}},{"type":"Feature","geometry":{"type":"Point","coordinates":[14.74206,56.00846]},"properties":{"namn":null,"typ":"minor_distribution","spanning_kv":null,"volt_klass":0,"kapacitet_mw":null,"operator":null}},{"type":"Feature","geometry":{"type":"Point","coordinates":[14.72649,56.01072]},"properties":{"namn":null,"typ":"minor_distribution","spanning_kv":null,"volt_klass":0,"kapacitet_mw":null,"operator":null}},{"type":"Feature","geometry":{"type":"Point","coordinates":[14.6951,56.01381]},"properties":{"namn":null,"typ":"minor_distribution","spanning_kv":null,"volt_klass":0,"kapacitet_mw":null,"operator":null}},{"type":"Feature","geometry":{"type":"Point","coordinates":[12.07594,57.58201]},"properties":{"namn":null,"typ":"minor_distribution","spanning_kv":null,"volt_klass":0,"kapacitet_mw":null,"operator":null}},{"type":"Feature","geometry":{"type":"Point","coordinates":[12.07142,57.57865]},"properties":{"namn":null,"typ":"minor_distribution","spanning_kv":null,"volt_klass":0,"kapacitet_mw":null,"operator":null}},{"type":"Feature","geometry":{"type":"Point","coordinates":[11.80885,57.76153]},"properties":{"namn":null,"typ":null,"spanning_kv":null,"volt_klass":0,"kapacitet_mw":null,"operator":null}},{"type":"Feature","geometry":{"type":"Point","coordinates":[13.07811,63.40437]},"properties":{"namn":null,"typ":null,"spanning_kv":null,"volt_klass":0,"kapacitet_mw":null,"operator":null}},{"type":"Feature","geometry":{"type":"Point","coordinates":[11.91207,57.69256]},"properties":{"namn":null,"typ":null,"spanning_kv":null,"volt_klass":0,"kapacitet_mw":null,"operator":null}},{"type":"Feature","geometry":{"type":"Point","coordinates":[17.65584,60.26327]},"properties":{"namn":null,"typ":null,"spanning_kv":null,"volt_klass":0,"kapacitet_mw":null,"operator":null}},{"type":"Feature","geometry":{"type":"Point","coordinates":[17.98291,59.49268]},"properties":{"namn":"Hagby","typ":"transmission","spanning_kv":400.0,"volt_klass":4,"kapacitet_mw":null,"operator":"Svenska kraftnät"}},{"type":"Feature","geometry":{"type":"Point","coordinates":[18.09821,59.35288]},"properties":{"namn":null,"typ":"transmission","spanning_kv":220.0,"volt_klass":3,"kapacitet_mw":null,"operator":null}},{"type":"Feature","geometry":{"type":"Point","coordinates":[17.70475,59.14644]},"properties":{"namn":"Hall","typ":"transmission","spanning_kv":400.0,"volt_klass":4,"kapacitet_mw":null,"operator":null}},{"type":"Feature","geometry":{"type":"Point","coordinates":[17.62421,59.60909]},"properties":{"namn":"Håtuna","typ":"transmission","spanning_kv":220.0,"volt_klass":3,"kapacitet_mw":null,"operator":null}},{"type":"Feature","geometry":{"type":"Point","coordinates":[18.06083,59.26024]},"properties":{"namn":"Snösätra","typ":"transmission","spanning_kv":400.0,"volt_klass":4,"kapacitet_mw":null,"operator":null}},{"type":"Feature","geometry":{"type":"Point","coordinates":[12.01375,57.67223]},"properties":{"namn":null,"typ":"distribution","spanning_kv":132.0,"volt_klass":2,"kapacitet_mw":null,"operator":null}},{"type":"Feature","geometry":{"type":"Point","coordinates":[17.26826,60.67553]},"properties":{"namn":null,"typ":null,"spanning_kv":null,"volt_klass":0,"kapacitet_mw":null,"operator":null}},{"type":"Feature","geometry":{"type":"Point","coordinates":[14.09709,56.19296]},"properties":{"namn":null,"typ":null,"spanning_kv":null,"volt_klass":0,"kapacitet_mw":null,"operator":null}},{"type":"Feature","geometry":{"type":"Point","coordinates":[17.86395,59.47788]},"properties":{"namn":"Överby","typ":"transmission","spanning_kv":220.0,"volt_klass":3,"kapacitet_mw":null,"operator":null}},{"type":"Feature","geometry":{"type":"Point","coordinates":[17.86728,59.47654]},"properties":{"namn":"Överby","typ":"transmission","spanning_kv":220.0,"volt_klass":3,"kapacitet_mw":null,"operator":null}},{"type":"Feature","geometry":{"type":"Point","coordinates":[17.89468,59.39885]},"properties":{"namn":null,"typ":null,"spanning_kv":null,"volt_klass":0,"kapacitet_mw":null,"operator":null}},{"type":"Feature","geometry":{"type":"Point","coordinates":[18.37914,59.31818]},"properties":{"namn":null,"typ":"distribution","spanning_kv":70.0,"volt_klass":2,"kapacitet_mw":null,"operator":null}},{"type":"Feature","geometry":{"type":"Point","coordinates":[18.17151,59.3626]},"properties":{"namn":null,"typ":null,"spanning_kv":70.0,"volt_klass":2,"kapacitet_mw":null,"operator":"Ellevio"}},{"type":"Feature","geometry":{"type":"Point","coordinates":[17.85254,59.68866]},"properties":{"namn":"Odensala","typ":"transmission","spanning_kv":400.0,"volt_klass":4,"kapacitet_mw":null,"operator":"Svenska kraftnät"}},{"type":"Feature","geometry":{"type":"Point","coordinates":[11.96363,57.68873]},"properties":{"namn":null,"typ":null,"spanning_kv":null,"volt_klass":0,"kapacitet_mw":null,"operator":null}},{"type":"Feature","geometry":{"type":"Point","coordinates":[13.14527,55.50209]},"properties":{"namn":null,"typ":"converter","spanning_kv":400.0,"volt_klass":4,"kapacitet_mw":null,"operator":null}},{"type":"Feature","geometry":{"type":"Point","coordinates":[13.16783,55.39472]},"properties":{"namn":null,"typ":"transmission","spanning_kv":130.0,"volt_klass":2,"kapacitet_mw":null,"operator":null}},{"type":"Feature","geometry":{"type":"Point","coordinates":[13.08842,55.6222]},"properties":{"namn":"Sege","typ":"transmission","spanning_kv":130.0,"volt_klass":2,"kapacitet_mw":null,"operator":"Svenska Kraftnät"}},{"type":"Feature","geometry":{"type":"Point","coordinates":[13.01536,55.56758]},"properties":{"namn":null,"typ":null,"spanning_kv":null,"volt_klass":0,"kapacitet_mw":null,"operator":null}},{"type":"Feature","geometry":{"type":"Point","coordinates":[18.09602,59.34844]},"properties":{"namn":null,"typ":null,"spanning_kv":null,"volt_klass":0,"kapacitet_mw":null,"operator":null}},{"type":"Feature","geometry":{"type":"Point","coordinates":[17.84365,59.24412]},"properties":{"namn":null,"typ":"transmission","spanning_kv":220.0,"volt_klass":3,"kapacitet_mw":null,"operator":null}},{"type":"Feature","geometry":{"type":"Point","coordinates":[15.43935,60.5098]},"properties":{"namn":"Haggården","typ":"transmission","spanning_kv":130.0,"volt_klass":2,"kapacitet_mw":null,"operator":"Ellevio"}},{"type":"Feature","geometry":{"type":"Point","coordinates":[18.04268,59.37595]},"properties":{"namn":null,"typ":"transition","spanning_kv":null,"volt_klass":0,"kapacitet_mw":null,"operator":null}},{"type":"Feature","geometry":{"type":"Point","coordinates":[17.45853,59.18584]},"properties":{"namn":null,"typ":null,"spanning_kv":null,"volt_klass":0,"kapacitet_mw":null,"operator":null}},{"type":"Feature","geometry":{"type":"Point","coordinates":[17.42121,59.1743]},"properties":{"namn":null,"typ":null,"spanning_kv":null,"volt_klass":0,"kapacitet_mw":null,"operator":null}},{"type":"Feature","geometry":{"type":"Point","coordinates":[17.43288,59.18466]},"properties":{"namn":null,"typ":null,"spanning_kv":null,"volt_klass":0,"kapacitet_mw":null,"operator":null}},{"type":"Feature","geometry":{"type":"Point","coordinates":[12.74789,56.04427]},"properties":{"namn":"Adolfsberg","typ":"distribution","spanning_kv":132.0,"volt_klass":2,"kapacitet_mw":null,"operator":null}},{"type":"Feature","geometry":{"type":"Point","coordinates":[17.70302,59.21622]},"properties":{"namn":"Kolbotten","typ":"transmission","spanning_kv":400.0,"volt_klass":4,"kapacitet_mw":null,"operator":null}},{"type":"Feature","geometry":{"type":"Point","coordinates":[18.10598,59.24608]},"properties":{"namn":null,"typ":null,"spanning_kv":null,"volt_klass":0,"kapacitet_mw":null,"operator":null}},{"type":"Feature","geometry":{"type":"Point","coordinates":[12.97306,55.57142]},"properties":{"namn":"Hyllie","typ":null,"spanning_kv":null,"volt_klass":0,"kapacitet_mw":null,"operator":"E.ON"}},{"type":"Feature","geometry":{"type":"Point","coordinates":[13.02836,55.58387]},"properties":{"namn":null,"typ":null,"spanning_kv":null,"volt_klass":0,"kapacitet_mw":null,"operator":null}},{"type":"Feature","geometry":{"type":"Point","coordinates":[17.8925,59.36515]},"properties":{"namn":"Stamstation Beckomberga","typ":"transmission","spanning_kv":220.0,"volt_klass":3,"kapacitet_mw":null,"operator":null}},{"type":"Feature","geometry":{"type":"Point","coordinates":[13.17944,55.58304]},"properties":{"namn":null,"typ":null,"spanning_kv":null,"volt_klass":0,"kapacitet_mw":null,"operator":null}},{"type":"Feature","geometry":{"type":"Point","coordinates":[14.9774,58.32108]},"properties":{"namn":null,"typ":null,"spanning_kv":null,"volt_klass":0,"kapacitet_mw":null,"operator":null}},{"type":"Feature","geometry":{"type":"Point","coordinates":[14.14778,56.03222]},"properties":{"namn":null,"typ":null,"spanning_kv":null,"volt_klass":0,"kapacitet_mw":null,"operator":null}},{"type":"Feature","geometry":{"type":"Point","coordinates":[14.12751,56.10099]},"properties":{"namn":null,"typ":"transmission","spanning_kv":130.0,"volt_klass":2,"kapacitet_mw":null,"operator":null}},{"type":"Feature","geometry":{"type":"Point","coordinates":[18.04303,59.28198]},"properties":{"namn":"Tp Örby","typ":null,"spanning_kv":220.0,"volt_klass":3,"kapacitet_mw":null,"operator":"Fortum"}},{"type":"Feature","geometry":{"type":"Point","coordinates":[14.64127,61.11245]},"properties":{"namn":null,"typ":null,"spanning_kv":null,"volt_klass":0,"kapacitet_mw":null,"operator":null}},{"type":"Feature","geometry":{"type":"Point","coordinates":[13.05811,55.58573]},"properties":{"namn":null,"typ":null,"spanning_kv":null,"volt_klass":0,"kapacitet_mw":null,"operator":null}},{"type":"Feature","geometry":{"type":"Point","coordinates":[17.16323,60.66592]},"properties":{"namn":null,"typ":null,"spanning_kv":null,"volt_klass":0,"kapacitet_mw":null,"operator":"Gävle Energie"}},{"type":"Feature","geometry":{"type":"Point","coordinates":[18.10843,59.31191]},"properties":{"namn":null,"typ":null,"spanning_kv":null,"volt_klass":0,"kapacitet_mw":null,"operator":null}},{"type":"Feature","geometry":{"type":"Point","coordinates":[17.06067,60.42485]},"properties":{"namn":"Finnböle","typ":"converter","spanning_kv":400.0,"volt_klass":4,"kapacitet_mw":null,"operator":null}},{"type":"Feature","geometry":{"type":"Point","coordinates":[18.10058,59.55734]},"properties":{"namn":"Vallentuna","typ":null,"spanning_kv":220.0,"volt_klass":3,"kapacitet_mw":null,"operator":null}},{"type":"Feature","geometry":{"type":"Point","coordinates":[18.08284,59.25933]},"properties":{"namn":null,"typ":null,"spanning_kv":null,"volt_klass":0,"kapacitet_mw":null,"operator":null}},{"type":"Feature","geometry":{"type":"Point","coordinates":[15.10201,58.39301]},"properties":{"namn":null,"typ":null,"spanning_kv":130.0,"volt_klass":2,"kapacitet_mw":null,"operator":null}},{"type":"Feature","geometry":{"type":"Point","coordinates":[15.18466,58.30089]},"properties":{"namn":"Kolstad","typ":"transmission","spanning_kv":400.0,"volt_klass":4,"kapacitet_mw":null,"operator":null}},{"type":"Feature","geometry":{"type":"Point","coordinates":[17.26201,62.40336]},"properties":{"namn":null,"typ":null,"spanning_kv":null,"volt_klass":0,"kapacitet_mw":null,"operator":null}},{"type":"Feature","geometry":{"type":"Point","coordinates":[17.26206,62.40331]},"properties":{"namn":null,"typ":null,"spanning_kv":null,"volt_klass":0,"kapacitet_mw":null,"operator":null}},{"type":"Feature","geometry":{"type":"Point","coordinates":[15.71528,60.39776]},"properties":{"namn":"Långhag","typ":"generation","spanning_kv":130.0,"volt_klass":2,"kapacitet_mw":null,"operator":null}},{"type":"Feature","geometry":{"type":"Point","coordinates":[22.174,65.59565]},"properties":{"namn":"Lulsundet","typ":"distribution","spanning_kv":130.0,"volt_klass":2,"kapacitet_mw":null,"operator":"Luleå Energi"}},{"type":"Feature","geometry":{"type":"Point","coordinates":[22.07,65.61772]},"properties":{"namn":null,"typ":"distribution","spanning_kv":130.0,"volt_klass":2,"kapacitet_mw":null,"operator":null}},{"type":"Feature","geometry":{"type":"Point","coordinates":[17.92578,59.44804]},"properties":{"namn":"Häggvik","typ":"traction","spanning_kv":132.0,"volt_klass":2,"kapacitet_mw":null,"operator":null}},{"type":"Feature","geometry":{"type":"Point","coordinates":[15.44562,60.49525]},"properties":{"namn":"Domnarvet","typ":"transmission","spanning_kv":145.0,"volt_klass":2,"kapacitet_mw":null,"operator":null}},{"type":"Feature","geometry":{"type":"Point","coordinates":[17.89702,59.51289]},"properties":{"namn":"Upplandsväsby","typ":null,"spanning_kv":70.0,"volt_klass":2,"kapacitet_mw":null,"operator":null}},{"type":"Feature","geometry":{"type":"Point","coordinates":[17.71873,59.80784]},"properties":{"namn":null,"typ":null,"spanning_kv":70.0,"volt_klass":2,"kapacitet_mw":null,"operator":null}},{"type":"Feature","geometry":{"type":"Point","coordinates":[18.13305,59.11264]},"properties":{"namn":null,"typ":null,"spanning_kv":220.0,"volt_klass":3,"kapacitet_mw":null,"operator":null}},{"type":"Feature","geometry":{"type":"Point","coordinates":[15.35733,60.13914]},"properties":{"namn":"Morgårdshammar","typ":"transmission","spanning_kv":400.0,"volt_klass":4,"kapacitet_mw":null,"operator":null}},{"type":"Feature","geometry":{"type":"Point","coordinates":[12.98928,55.5965]},"properties":{"namn":null,"typ":"distribution","spanning_kv":null,"volt_klass":0,"kapacitet_mw":null,"operator":null}},{"type":"Feature","geometry":{"type":"Point","coordinates":[17.74579,59.51047]},"properties":{"namn":"Kungsängen","typ":"distribution","spanning_kv":70.0,"volt_klass":2,"kapacitet_mw":null,"operator":null}},{"type":"Feature","geometry":{"type":"Point","coordinates":[17.94852,59.51129]},"properties":{"namn":null,"typ":null,"spanning_kv":null,"volt_klass":0,"kapacitet_mw":null,"operator":null}},{"type":"Feature","geometry":{"type":"Point","coordinates":[14.135,58.41738]},"properties":{"namn":null,"typ":null,"spanning_kv":null,"volt_klass":0,"kapacitet_mw":null,"operator":null}},{"type":"Feature","geometry":{"type":"Point","coordinates":[20.39095,66.50604]},"properties":{"namn":"Letsi","typ":"transmission","spanning_kv":400.0,"volt_klass":4,"kapacitet_mw":null,"operator":"Svenska Kraftnät"}},{"type":"Feature","geometry":{"type":"Point","coordinates":[13.209,55.65118]},"properties":{"namn":null,"typ":null,"spanning_kv":null,"volt_klass":0,"kapacitet_mw":null,"operator":null}},{"type":"Feature","geometry":{"type":"Point","coordinates":[13.21827,55.64929]},"properties":{"namn":null,"typ":null,"spanning_kv":null,"volt_klass":0,"kapacitet_mw":null,"operator":null}},{"type":"Feature","geometry":{"type":"Point","coordinates":[13.21673,55.65362]},"properties":{"namn":null,"typ":null,"spanning_kv":null,"volt_klass":0,"kapacitet_mw":null,"operator":null}},{"type":"Feature","geometry":{"type":"Point","coordinates":[13.20317,55.63457]},"properties":{"namn":null,"typ":"minor_distribution","spanning_kv":null,"volt_klass":0,"kapacitet_mw":null,"operator":null}},{"type":"Feature","geometry":{"type":"Point","coordinates":[13.19841,55.64656]},"properties":{"namn":null,"typ":null,"spanning_kv":null,"volt_klass":0,"kapacitet_mw":null,"operator":null}},{"type":"Feature","geometry":{"type":"Point","coordinates":[13.2123,55.65434]},"properties":{"namn":null,"typ":"minor_distribution","spanning_kv":400.0,"volt_klass":4,"kapacitet_mw":null,"operator":"Kraftringen"}},{"type":"Feature","geometry":{"type":"Point","coordinates":[13.01185,55.5803]},"properties":{"namn":null,"typ":null,"spanning_kv":null,"volt_klass":0,"kapacitet_mw":null,"operator":null}},{"type":"Feature","geometry":{"type":"Point","coordinates":[17.71298,59.06895]},"properties":{"namn":null,"typ":null,"spanning_kv":null,"volt_klass":0,"kapacitet_mw":null,"operator":null}},{"type":"Feature","geometry":{"type":"Point","coordinates":[18.0486,59.86741]},"properties":{"namn":null,"typ":null,"spanning_kv":null,"volt_klass":0,"kapacitet_mw":null,"operator":null}},{"type":"Feature","geometry":{"type":"Point","coordinates":[14.1226,58.42358]},"properties":{"namn":null,"typ":"transmission","spanning_kv":130.0,"volt_klass":2,"kapacitet_mw":null,"operator":null}},{"type":"Feature","geometry":{"type":"Point","coordinates":[14.64713,61.13525]},"properties":{"namn":null,"typ":"transmission","spanning_kv":130.0,"volt_klass":2,"kapacitet_mw":null,"operator":null}},{"type":"Feature","geometry":{"type":"Point","coordinates":[18.05913,59.29674]},"properties":{"namn":null,"typ":null,"spanning_kv":null,"volt_klass":0,"kapacitet_mw":null,"operator":null}},{"type":"Feature","geometry":{"type":"Point","coordinates":[14.61959,61.1179]},"properties":{"namn":null,"typ":null,"spanning_kv":null,"volt_klass":0,"kapacitet_mw":null,"operator":null}},{"type":"Feature","geometry":{"type":"Point","coordinates":[18.04389,59.26527]},"properties":{"namn":null,"typ":null,"spanning_kv":null,"volt_klass":0,"kapacitet_mw":null,"operator":null}},{"type":"Feature","geometry":{"type":"Point","coordinates":[12.26215,57.68009]},"properties":{"namn":null,"typ":"distribution","spanning_kv":45.0,"volt_klass":1,"kapacitet_mw":null,"operator":null}},{"type":"Feature","geometry":{"type":"Point","coordinates":[12.32311,57.80207]},"properties":{"namn":"Ställverk Stenkullen","typ":"transmission","spanning_kv":400.0,"volt_klass":4,"kapacitet_mw":null,"operator":null}},{"type":"Feature","geometry":{"type":"Point","coordinates":[14.84141,56.82506]},"properties":{"namn":null,"typ":null,"spanning_kv":null,"volt_klass":0,"kapacitet_mw":null,"operator":null}},{"type":"Feature","geometry":{"type":"Point","coordinates":[18.07314,59.28548]},"properties":{"namn":null,"typ":null,"spanning_kv":null,"volt_klass":0,"kapacitet_mw":null,"operator":"Fortum"}},{"type":"Feature","geometry":{"type":"Point","coordinates":[18.25883,59.24478]},"properties":{"namn":"Bollmora","typ":null,"spanning_kv":70.0,"volt_klass":2,"kapacitet_mw":null,"operator":null}},{"type":"Feature","geometry":{"type":"Point","coordinates":[18.3139,59.49835]},"properties":{"namn":"Åkersberga","typ":null,"spanning_kv":70.0,"volt_klass":2,"kapacitet_mw":null,"operator":null}},{"type":"Feature","geometry":{"type":"Point","coordinates":[18.07419,59.46622]},"properties":{"namn":"Ensta","typ":null,"spanning_kv":70.0,"volt_klass":2,"kapacitet_mw":null,"operator":null}},{"type":"Feature","geometry":{"type":"Point","coordinates":[18.23673,59.29099]},"properties":{"namn":"Nacka","typ":"transmission","spanning_kv":220.0,"volt_klass":3,"kapacitet_mw":null,"operator":null}},{"type":"Feature","geometry":{"type":"Point","coordinates":[17.68366,59.63055]},"properties":{"namn":"Sigtuna","typ":null,"spanning_kv":null,"volt_klass":0,"kapacitet_mw":null,"operator":null}},{"type":"Feature","geometry":{"type":"Point","coordinates":[17.6563,59.17362]},"properties":{"namn":"Södetälje","typ":null,"spanning_kv":70.0,"volt_klass":2,"kapacitet_mw":null,"operator":null}},{"type":"Feature","geometry":{"type":"Point","coordinates":[11.90443,57.65091]},"properties":{"namn":null,"typ":"distribution","spanning_kv":132.0,"volt_klass":2,"kapacitet_mw":null,"operator":null}},{"type":"Feature","geometry":{"type":"Point","coordinates":[15.42486,60.53566]},"properties":{"namn":null,"typ":null,"spanning_kv":130.0,"volt_klass":2,"kapacitet_mw":null,"operator":null}},{"type":"Feature","geometry":{"type":"Point","coordinates":[18.0211,59.28861]},"properties":{"namn":null,"typ":null,"spanning_kv":null,"volt_klass":0,"kapacitet_mw":null,"operator":null}},{"type":"Feature","geometry":{"type":"Point","coordinates":[12.56547,57.75189]},"properties":{"namn":null,"typ":"transmission","spanning_kv":132.0,"volt_klass":2,"kapacitet_mw":null,"operator":null}},{"type":"Feature","geometry":{"type":"Point","coordinates":[13.18439,55.64475]},"properties":{"namn":null,"typ":"distribution","spanning_kv":null,"volt_klass":0,"kapacitet_mw":null,"operator":null}},{"type":"Feature","geometry":{"type":"Point","coordinates":[15.5883,56.16585]},"properties":{"namn":null,"typ":null,"spanning_kv":132.0,"volt_klass":2,"kapacitet_mw":null,"operator":"Affärsverken Karlskrona AB"}},{"type":"Feature","geometry":{"type":"Point","coordinates":[12.91273,55.39773]},"properties":{"namn":null,"typ":null,"spanning_kv":null,"volt_klass":0,"kapacitet_mw":null,"operator":null}},{"type":"Feature","geometry":{"type":"Point","coordinates":[18.25899,59.47123]},"properties":{"namn":"Täljö","typ":null,"spanning_kv":70.0,"volt_klass":2,"kapacitet_mw":null,"operator":null}},{"type":"Feature","geometry":{"type":"Point","coordinates":[18.25204,59.32215]},"properties":{"namn":"Björknäs","typ":null,"spanning_kv":70.0,"volt_klass":2,"kapacitet_mw":null,"operator":null}},{"type":"Feature","geometry":{"type":"Point","coordinates":[17.02329,58.72455]},"properties":{"namn":null,"typ":null,"spanning_kv":null,"volt_klass":0,"kapacitet_mw":null,"operator":null}},{"type":"Feature","geometry":{"type":"Point","coordinates":[11.86678,57.65082]},"properties":{"namn":null,"typ":"distribution","spanning_kv":null,"volt_klass":0,"kapacitet_mw":null,"operator":null}},{"type":"Feature","geometry":{"type":"Point","coordinates":[11.86694,57.65265]},"properties":{"namn":null,"typ":"distribution","spanning_kv":null,"volt_klass":0,"kapacitet_mw":null,"operator":null}},{"type":"Feature","geometry":{"type":"Point","coordinates":[16.16826,58.67071]},"properties":{"namn":null,"typ":null,"spanning_kv":null,"volt_klass":0,"kapacitet_mw":null,"operator":"E.ON"}},{"type":"Feature","geometry":{"type":"Point","coordinates":[18.24982,59.32146]},"properties":{"namn":null,"typ":null,"spanning_kv":null,"volt_klass":0,"kapacitet_mw":null,"operator":null}},{"type":"Feature","geometry":{"type":"Point","coordinates":[14.43512,60.59934]},"properties":{"namn":null,"typ":null,"spanning_kv":null,"volt_klass":0,"kapacitet_mw":null,"operator":null}},{"type":"Feature","geometry":{"type":"Point","coordinates":[11.86225,57.66541]},"properties":{"namn":null,"typ":"distribution","spanning_kv":null,"volt_klass":0,"kapacitet_mw":null,"operator":null}},{"type":"Feature","geometry":{"type":"Point","coordinates":[24.12519,65.84287]},"properties":{"namn":"Haparanda","typ":null,"spanning_kv":40.0,"volt_klass":1,"kapacitet_mw":null,"operator":null}},{"type":"Feature","geometry":{"type":"Point","coordinates":[11.8748,57.67983]},"properties":{"namn":null,"typ":"distribution","spanning_kv":null,"volt_klass":0,"kapacitet_mw":null,"operator":null}},{"type":"Feature","geometry":{"type":"Point","coordinates":[15.36075,60.50744]},"properties":{"namn":"Repbäcken","typ":"transmission","spanning_kv":400.0,"volt_klass":4,"kapacitet_mw":null,"operator":null}},{"type":"Feature","geometry":{"type":"Point","coordinates":[15.07811,56.6044]},"properties":{"namn":null,"typ":null,"spanning_kv":null,"volt_klass":0,"kapacitet_mw":null,"operator":"E.ON Elnät Sverige AB"}},{"type":"Feature","geometry":{"type":"Point","coordinates":[18.15801,60.39882]},"properties":{"namn":"Forsmark","typ":"transmission","spanning_kv":400.0,"volt_klass":4,"kapacitet_mw":null,"operator":null}},{"type":"Feature","geometry":{"type":"Point","coordinates":[11.93114,57.6382]},"properties":{"namn":null,"typ":null,"spanning_kv":null,"volt_klass":0,"kapacitet_mw":null,"operator":null}},{"type":"Feature","geometry":{"type":"Point","coordinates":[18.14238,59.218]},"properties":{"namn":null,"typ":null,"spanning_kv":70.0,"volt_klass":2,"kapacitet_mw":null,"operator":null}},{"type":"Feature","geometry":{"type":"Point","coordinates":[17.71375,59.34576]},"properties":{"namn":"Sånga","typ":null,"spanning_kv":null,"volt_klass":0,"kapacitet_mw":null,"operator":null}},{"type":"Feature","geometry":{"type":"Point","coordinates":[18.03558,59.38362]},"properties":{"namn":null,"typ":null,"spanning_kv":null,"volt_klass":0,"kapacitet_mw":null,"operator":null}},{"type":"Feature","geometry":{"type":"Point","coordinates":[18.12306,59.15488]},"properties":{"namn":"Jordbro","typ":null,"spanning_kv":70.0,"volt_klass":2,"kapacitet_mw":null,"operator":null}},{"type":"Feature","geometry":{"type":"Point","coordinates":[17.936,59.28649]},"properties":{"namn":"Bredäng","typ":"transmission","spanning_kv":220.0,"volt_klass":3,"kapacitet_mw":null,"operator":null}},{"type":"Feature","geometry":{"type":"Point","coordinates":[17.92395,59.28352]},"properties":{"namn":null,"typ":null,"spanning_kv":null,"volt_klass":0,"kapacitet_mw":null,"operator":null}},{"type":"Feature","geometry":{"type":"Point","coordinates":[15.65506,60.60841]},"properties":{"namn":null,"typ":"transmission","spanning_kv":130.0,"volt_klass":2,"kapacitet_mw":null,"operator":null}},{"type":"Feature","geometry":{"type":"Point","coordinates":[17.18012,60.65281]},"properties":{"namn":"Gävle","typ":"traction","spanning_kv":132.0,"volt_klass":2,"kapacitet_mw":null,"operator":null}},{"type":"Feature","geometry":{"type":"Point","coordinates":[17.24045,62.40644]},"properties":{"namn":null,"typ":"transmission","spanning_kv":130.0,"volt_klass":2,"kapacitet_mw":null,"operator":null}},{"type":"Feature","geometry":{"type":"Point","coordinates":[16.18012,58.66587]},"properties":{"namn":null,"typ":null,"spanning_kv":null,"volt_klass":0,"kapacitet_mw":null,"operator":"E.ON"}},{"type":"Feature","geometry":{"type":"Point","coordinates":[15.61311,60.60165]},"properties":{"namn":"Falu Västra","typ":"transmission","spanning_kv":145.0,"volt_klass":2,"kapacitet_mw":null,"operator":null}},{"type":"Feature","geometry":{"type":"Point","coordinates":[15.61312,60.62885]},"properties":{"namn":null,"typ":null,"spanning_kv":null,"volt_klass":0,"kapacitet_mw":null,"operator":null}},{"type":"Feature","geometry":{"type":"Point","coordinates":[15.64452,60.58861]},"properties":{"namn":null,"typ":null,"spanning_kv":null,"volt_klass":0,"kapacitet_mw":null,"operator":null}},{"type":"Feature","geometry":{"type":"Point","coordinates":[12.29658,58.26495]},"properties":{"namn":null,"typ":"distribution","spanning_kv":132.0,"volt_klass":2,"kapacitet_mw":null,"operator":"Vattenfall"}},{"type":"Feature","geometry":{"type":"Point","coordinates":[12.09894,57.46442]},"properties":{"namn":"Hanhals","typ":"distribution","spanning_kv":132.0,"volt_klass":2,"kapacitet_mw":null,"operator":null}},{"type":"Feature","geometry":{"type":"Point","coordinates":[12.28107,57.08249]},"properties":{"namn":null,"typ":"distribution","spanning_kv":132.0,"volt_klass":2,"kapacitet_mw":null,"operator":"Varberg Energi"}},{"type":"Feature","geometry":{"type":"Point","coordinates":[12.07028,57.50618]},"properties":{"namn":null,"typ":"distribution","spanning_kv":132.0,"volt_klass":2,"kapacitet_mw":null,"operator":null}},{"type":"Feature","geometry":{"type":"Point","coordinates":[12.87843,56.65863]},"properties":{"namn":null,"typ":null,"spanning_kv":null,"volt_klass":0,"kapacitet_mw":null,"operator":null}},{"type":"Feature","geometry":{"type":"Point","coordinates":[16.18108,58.67248]},"properties":{"namn":null,"typ":"minor_distribution","spanning_kv":null,"volt_klass":0,"kapacitet_mw":null,"operator":null}},{"type":"Feature","geometry":{"type":"Point","coordinates":[13.2162,55.77701]},"properties":{"namn":null,"typ":null,"spanning_kv":null,"volt_klass":0,"kapacitet_mw":null,"operator":null}},{"type":"Feature","geometry":{"type":"Point","coordinates":[13.15256,55.72187]},"properties":{"namn":null,"typ":"distribution","spanning_kv":null,"volt_klass":0,"kapacitet_mw":null,"operator":null}},{"type":"Feature","geometry":{"type":"Point","coordinates":[13.1864,55.76384]},"properties":{"namn":null,"typ":null,"spanning_kv":null,"volt_klass":0,"kapacitet_mw":null,"operator":null}},{"type":"Feature","geometry":{"type":"Point","coordinates":[13.14552,55.74059]},"properties":{"namn":null,"typ":"distribution","spanning_kv":130.0,"volt_klass":2,"kapacitet_mw":null,"operator":null}},{"type":"Feature","geometry":{"type":"Point","coordinates":[13.16134,55.70555]},"properties":{"namn":null,"typ":"transition","spanning_kv":null,"volt_klass":0,"kapacitet_mw":null,"operator":null}},{"type":"Feature","geometry":{"type":"Point","coordinates":[11.96159,58.35183]},"properties":{"namn":null,"typ":"distribution","spanning_kv":45.0,"volt_klass":1,"kapacitet_mw":null,"operator":null}},{"type":"Feature","geometry":{"type":"Point","coordinates":[17.24084,62.40018]},"properties":{"namn":"Sundsvall","typ":"traction","spanning_kv":132.0,"volt_klass":2,"kapacitet_mw":null,"operator":null}},{"type":"Feature","geometry":{"type":"Point","coordinates":[16.17095,58.66863]},"properties":{"namn":"Åbymo","typ":null,"spanning_kv":null,"volt_klass":0,"kapacitet_mw":null,"operator":null}},{"type":"Feature","geometry":{"type":"Point","coordinates":[17.38613,62.43773]},"properties":{"namn":null,"typ":null,"spanning_kv":null,"volt_klass":0,"kapacitet_mw":null,"operator":null}},{"type":"Feature","geometry":{"type":"Point","coordinates":[15.72041,60.59054]},"properties":{"namn":"Korsnäs F.STN.","typ":null,"spanning_kv":70.0,"volt_klass":2,"kapacitet_mw":null,"operator":null}},{"type":"Feature","geometry":{"type":"Point","coordinates":[15.64343,60.5784]},"properties":{"namn":null,"typ":null,"spanning_kv":null,"volt_klass":0,"kapacitet_mw":null,"operator":null}},{"type":"Feature","geometry":{"type":"Point","coordinates":[11.99656,58.34652]},"properties":{"namn":null,"typ":null,"spanning_kv":132.0,"volt_klass":2,"kapacitet_mw":null,"operator":null}},{"type":"Feature","geometry":{"type":"Point","coordinates":[17.32157,62.44282]},"properties":{"namn":"Birsta","typ":"distribution","spanning_kv":130.0,"volt_klass":2,"kapacitet_mw":null,"operator":null}},{"type":"Feature","geometry":{"type":"Point","coordinates":[11.91956,58.36934]},"properties":{"namn":null,"typ":"distribution","spanning_kv":45.0,"volt_klass":1,"kapacitet_mw":null,"operator":null}},{"type":"Feature","geometry":{"type":"Point","coordinates":[17.38756,62.40465]},"properties":{"namn":null,"typ":null,"spanning_kv":130.0,"volt_klass":2,"kapacitet_mw":null,"operator":null}},{"type":"Feature","geometry":{"type":"Point","coordinates":[17.36478,62.40876]},"properties":{"namn":null,"typ":"transmission","spanning_kv":130.0,"volt_klass":2,"kapacitet_mw":null,"operator":null}},{"type":"Feature","geometry":{"type":"Point","coordinates":[16.1635,58.62409]},"properties":{"namn":null,"typ":null,"spanning_kv":null,"volt_klass":0,"kapacitet_mw":null,"operator":null}},{"type":"Feature","geometry":{"type":"Point","coordinates":[17.36493,62.39575]},"properties":{"namn":null,"typ":"transmission","spanning_kv":130.0,"volt_klass":2,"kapacitet_mw":null,"operator":null}},{"type":"Feature","geometry":{"type":"Point","coordinates":[13.34298,55.72612]},"properties":{"namn":null,"typ":"distribution","spanning_kv":130.0,"volt_klass":2,"kapacitet_mw":null,"operator":null}},{"type":"Feature","geometry":{"type":"Point","coordinates":[17.36688,62.3737]},"properties":{"namn":"Likriktare","typ":"converter","spanning_kv":130.0,"volt_klass":2,"kapacitet_mw":null,"operator":null}},{"type":"Feature","geometry":{"type":"Point","coordinates":[17.29375,62.40719]},"properties":{"namn":null,"typ":"transmission","spanning_kv":130.0,"volt_klass":2,"kapacitet_mw":null,"operator":null}},{"type":"Feature","geometry":{"type":"Point","coordinates":[17.29179,62.41072]},"properties":{"namn":null,"typ":null,"spanning_kv":null,"volt_klass":0,"kapacitet_mw":null,"operator":null}},{"type":"Feature","geometry":{"type":"Point","coordinates":[17.29145,62.41065]},"properties":{"namn":null,"typ":null,"spanning_kv":null,"volt_klass":0,"kapacitet_mw":null,"operator":null}},{"type":"Feature","geometry":{"type":"Point","coordinates":[14.66444,63.16812]},"properties":{"namn":null,"typ":"minor_distribution","spanning_kv":null,"volt_klass":0,"kapacitet_mw":null,"operator":null}},{"type":"Feature","geometry":{"type":"Point","coordinates":[15.58827,56.16581]},"properties":{"namn":null,"typ":"distribution","spanning_kv":22.0,"volt_klass":1,"kapacitet_mw":null,"operator":"Affärsverken Karlskrona AB"}},{"type":"Feature","geometry":{"type":"Point","coordinates":[15.58827,56.16602]},"properties":{"namn":null,"typ":"distribution","spanning_kv":22.0,"volt_klass":1,"kapacitet_mw":null,"operator":"Affärsverken Karlskrona AB"}},{"type":"Feature","geometry":{"type":"Point","coordinates":[11.91527,58.36726]},"properties":{"namn":null,"typ":null,"spanning_kv":null,"volt_klass":0,"kapacitet_mw":null,"operator":null}},{"type":"Feature","geometry":{"type":"Point","coordinates":[17.25672,62.41545]},"properties":{"namn":null,"typ":"minor_distribution","spanning_kv":null,"volt_klass":0,"kapacitet_mw":null,"operator":null}},{"type":"Feature","geometry":{"type":"Point","coordinates":[17.25487,62.41416]},"properties":{"namn":null,"typ":"minor_distribution","spanning_kv":null,"volt_klass":0,"kapacitet_mw":null,"operator":null}},{"type":"Feature","geometry":{"type":"Point","coordinates":[20.3187,63.80076]},"properties":{"namn":"Gnejsen","typ":"minor_distribution","spanning_kv":null,"volt_klass":0,"kapacitet_mw":null,"operator":"Umeå Energi"}},{"type":"Feature","geometry":{"type":"Point","coordinates":[17.16281,60.72763]},"properties":{"namn":null,"typ":null,"spanning_kv":null,"volt_klass":0,"kapacitet_mw":null,"operator":null}},{"type":"Feature","geometry":{"type":"Point","coordinates":[17.209,60.7003]},"properties":{"namn":null,"typ":null,"spanning_kv":null,"volt_klass":0,"kapacitet_mw":null,"operator":null}},{"type":"Feature","geometry":{"type":"Point","coordinates":[13.87306,58.38069]},"properties":{"namn":null,"typ":"distribution","spanning_kv":132.0,"volt_klass":2,"kapacitet_mw":null,"operator":null}},{"type":"Feature","geometry":{"type":"Point","coordinates":[17.30382,62.3798]},"properties":{"namn":null,"typ":"transmission","spanning_kv":130.0,"volt_klass":2,"kapacitet_mw":null,"operator":null}},{"type":"Feature","geometry":{"type":"Point","coordinates":[15.61413,60.62807]},"properties":{"namn":"Falu Norra","typ":null,"spanning_kv":145.0,"volt_klass":2,"kapacitet_mw":null,"operator":null}},{"type":"Feature","geometry":{"type":"Point","coordinates":[15.76972,60.59311]},"properties":{"namn":null,"typ":null,"spanning_kv":70.0,"volt_klass":2,"kapacitet_mw":null,"operator":"Falu Energi & Vatten"}},{"type":"Feature","geometry":{"type":"Point","coordinates":[17.3447,62.40903]},"properties":{"namn":null,"typ":null,"spanning_kv":null,"volt_klass":0,"kapacitet_mw":null,"operator":null}},{"type":"Feature","geometry":{"type":"Point","coordinates":[17.38311,62.41749]},"properties":{"namn":null,"typ":null,"spanning_kv":null,"volt_klass":0,"kapacitet_mw":null,"operator":null}},{"type":"Feature","geometry":{"type":"Point","coordinates":[17.26971,62.37989]},"properties":{"namn":null,"typ":"minor_distribution","spanning_kv":null,"volt_klass":0,"kapacitet_mw":null,"operator":null}},{"type":"Feature","geometry":{"type":"Point","coordinates":[12.70858,56.04766]},"properties":{"namn":"Olympia","typ":"distribution","spanning_kv":132.0,"volt_klass":2,"kapacitet_mw":null,"operator":"Öresundskraft"}},{"type":"Feature","geometry":{"type":"Point","coordinates":[20.95071,64.72018]},"properties":{"namn":null,"typ":null,"spanning_kv":null,"volt_klass":0,"kapacitet_mw":null,"operator":null}},{"type":"Feature","geometry":{"type":"Point","coordinates":[11.9475,57.73235]},"properties":{"namn":null,"typ":"distribution","spanning_kv":null,"volt_klass":0,"kapacitet_mw":null,"operator":null}},{"type":"Feature","geometry":{"type":"Point","coordinates":[17.39259,62.40404]},"properties":{"namn":null,"typ":null,"spanning_kv":null,"volt_klass":0,"kapacitet_mw":null,"operator":null}},{"type":"Feature","geometry":{"type":"Point","coordinates":[18.71127,63.30224]},"properties":{"namn":null,"typ":null,"spanning_kv":130.0,"volt_klass":2,"kapacitet_mw":null,"operator":null}},{"type":"Feature","geometry":{"type":"Point","coordinates":[18.69755,63.27234]},"properties":{"namn":null,"typ":null,"spanning_kv":130.0,"volt_klass":2,"kapacitet_mw":null,"operator":null}},{"type":"Feature","geometry":{"type":"Point","coordinates":[16.18264,58.66689]},"properties":{"namn":null,"typ":null,"spanning_kv":null,"volt_klass":0,"kapacitet_mw":null,"operator":"E.ON"}},{"type":"Feature","geometry":{"type":"Point","coordinates":[15.60926,60.60706]},"properties":{"namn":null,"typ":null,"spanning_kv":null,"volt_klass":0,"kapacitet_mw":null,"operator":null}},{"type":"Feature","geometry":{"type":"Point","coordinates":[15.61116,60.60409]},"properties":{"namn":null,"typ":null,"spanning_kv":null,"volt_klass":0,"kapacitet_mw":null,"operator":null}},{"type":"Feature","geometry":{"type":"Point","coordinates":[17.61069,59.85194]},"properties":{"namn":null,"typ":null,"spanning_kv":null,"volt_klass":0,"kapacitet_mw":null,"operator":null}},{"type":"Feature","geometry":{"type":"Point","coordinates":[13.18676,55.72876]},"properties":{"namn":null,"typ":null,"spanning_kv":null,"volt_klass":0,"kapacitet_mw":null,"operator":null}},{"type":"Feature","geometry":{"type":"Point","coordinates":[13.20463,55.72492]},"properties":{"namn":null,"typ":null,"spanning_kv":null,"volt_klass":0,"kapacitet_mw":null,"operator":null}},{"type":"Feature","geometry":{"type":"Point","coordinates":[13.20503,55.72462]},"properties":{"namn":null,"typ":null,"spanning_kv":null,"volt_klass":0,"kapacitet_mw":null,"operator":null}},{"type":"Feature","geometry":{"type":"Point","coordinates":[16.19502,58.5805]},"properties":{"namn":null,"typ":"minor_distribution","spanning_kv":null,"volt_klass":0,"kapacitet_mw":null,"operator":null}},{"type":"Feature","geometry":{"type":"Point","coordinates":[15.55365,58.40538]},"properties":{"namn":"Mottagningsstation M5","typ":"transmission","spanning_kv":130.0,"volt_klass":2,"kapacitet_mw":null,"operator":"Tekniska verken"}},{"type":"Feature","geometry":{"type":"Point","coordinates":[15.65581,58.43495]},"properties":{"namn":null,"typ":null,"spanning_kv":null,"volt_klass":0,"kapacitet_mw":null,"operator":null}},{"type":"Feature","geometry":{"type":"Point","coordinates":[15.62507,58.42809]},"properties":{"namn":"Mottagningsstation M1","typ":null,"spanning_kv":130.0,"volt_klass":2,"kapacitet_mw":null,"operator":"Tekniska verken"}},{"type":"Feature","geometry":{"type":"Point","coordinates":[13.56039,59.40707]},"properties":{"namn":null,"typ":"distribution","spanning_kv":132.0,"volt_klass":2,"kapacitet_mw":null,"operator":null}},{"type":"Feature","geometry":{"type":"Point","coordinates":[16.42106,57.24944]},"properties":{"namn":null,"typ":"distribution","spanning_kv":null,"volt_klass":0,"kapacitet_mw":null,"operator":null}},{"type":"Feature","geometry":{"type":"Point","coordinates":[12.03447,57.65915]},"properties":{"namn":null,"typ":"minor_distribution","spanning_kv":null,"volt_klass":0,"kapacitet_mw":null,"operator":null}},{"type":"Feature","geometry":{"type":"Point","coordinates":[20.3202,63.83447]},"properties":{"namn":null,"typ":null,"spanning_kv":null,"volt_klass":0,"kapacitet_mw":null,"operator":null}},{"type":"Feature","geometry":{"type":"Point","coordinates":[20.32042,63.79883]},"properties":{"namn":null,"typ":"minor_distribution","spanning_kv":null,"volt_klass":0,"kapacitet_mw":null,"operator":null}},{"type":"Feature","geometry":{"type":"Point","coordinates":[13.17933,55.71947]},"properties":{"namn":null,"typ":null,"spanning_kv":null,"volt_klass":0,"kapacitet_mw":null,"operator":null}},{"type":"Feature","geometry":{"type":"Point","coordinates":[12.01724,57.66771]},"properties":{"namn":null,"typ":null,"spanning_kv":null,"volt_klass":0,"kapacitet_mw":null,"operator":null}},{"type":"Feature","geometry":{"type":"Point","coordinates":[17.18322,60.65415]},"properties":{"namn":"Utjordsvägen","typ":null,"spanning_kv":null,"volt_klass":0,"kapacitet_mw":null,"operator":"Gavle Energi"}},{"type":"Feature","geometry":{"type":"Point","coordinates":[17.18145,60.65678]},"properties":{"namn":null,"typ":null,"spanning_kv":null,"volt_klass":0,"kapacitet_mw":null,"operator":null}},{"type":"Feature","geometry":{"type":"Point","coordinates":[17.18524,60.66075]},"properties":{"namn":null,"typ":null,"spanning_kv":null,"volt_klass":0,"kapacitet_mw":null,"operator":null}},{"type":"Feature","geometry":{"type":"Point","coordinates":[17.17561,60.66268]},"properties":{"namn":null,"typ":null,"spanning_kv":null,"volt_klass":0,"kapacitet_mw":null,"operator":null}},{"type":"Feature","geometry":{"type":"Point","coordinates":[17.15966,60.68234]},"properties":{"namn":null,"typ":null,"spanning_kv":null,"volt_klass":0,"kapacitet_mw":null,"operator":null}},{"type":"Feature","geometry":{"type":"Point","coordinates":[17.14165,60.68468]},"properties":{"namn":null,"typ":null,"spanning_kv":null,"volt_klass":0,"kapacitet_mw":null,"operator":null}},{"type":"Feature","geometry":{"type":"Point","coordinates":[17.1695,60.6782]},"properties":{"namn":null,"typ":null,"spanning_kv":null,"volt_klass":0,"kapacitet_mw":null,"operator":null}},{"type":"Feature","geometry":{"type":"Point","coordinates":[18.15396,59.36897]},"properties":{"namn":null,"typ":null,"spanning_kv":null,"volt_klass":0,"kapacitet_mw":null,"operator":null}},{"type":"Feature","geometry":{"type":"Point","coordinates":[18.19213,59.34437]},"properties":{"namn":null,"typ":null,"spanning_kv":null,"volt_klass":0,"kapacitet_mw":null,"operator":null}},{"type":"Feature","geometry":{"type":"Point","coordinates":[18.15354,59.36873]},"properties":{"namn":"Lidingö","typ":null,"spanning_kv":null,"volt_klass":0,"kapacitet_mw":null,"operator":null}},{"type":"Feature","geometry":{"type":"Point","coordinates":[17.90201,59.26269]},"properties":{"namn":null,"typ":"distribution","spanning_kv":null,"volt_klass":0,"kapacitet_mw":null,"operator":null}},{"type":"Feature","geometry":{"type":"Point","coordinates":[11.99175,57.65343]},"properties":{"namn":null,"typ":"minor_distribution","spanning_kv":null,"volt_klass":0,"kapacitet_mw":null,"operator":"Mölndal Energi"}},{"type":"Feature","geometry":{"type":"Point","coordinates":[16.17846,58.65693]},"properties":{"namn":null,"typ":null,"spanning_kv":null,"volt_klass":0,"kapacitet_mw":null,"operator":null}},{"type":"Feature","geometry":{"type":"Point","coordinates":[17.11789,60.68299]},"properties":{"namn":null,"typ":null,"spanning_kv":null,"volt_klass":0,"kapacitet_mw":null,"operator":null}},{"type":"Feature","geometry":{"type":"Point","coordinates":[13.19238,55.69635]},"properties":{"namn":null,"typ":"minor_distribution","spanning_kv":null,"volt_klass":0,"kapacitet_mw":null,"operator":null}},{"type":"Feature","geometry":{"type":"Point","coordinates":[20.31149,63.83631]},"properties":{"namn":null,"typ":null,"spanning_kv":null,"volt_klass":0,"kapacitet_mw":null,"operator":null}},{"type":"Feature","geometry":{"type":"Point","coordinates":[20.31569,63.86402]},"properties":{"namn":null,"typ":"transmission","spanning_kv":130.0,"volt_klass":2,"kapacitet_mw":null,"operator":null}},{"type":"Feature","geometry":{"type":"Point","coordinates":[16.17631,58.6596]},"properties":{"namn":null,"typ":null,"spanning_kv":null,"volt_klass":0,"kapacitet_mw":null,"operator":null}},{"type":"Feature","geometry":{"type":"Point","coordinates":[20.32526,63.80662]},"properties":{"namn":null,"typ":null,"spanning_kv":null,"volt_klass":0,"kapacitet_mw":null,"operator":null}},{"type":"Feature","geometry":{"type":"Point","coordinates":[20.32101,63.80375]},"properties":{"namn":null,"typ":null,"spanning_kv":null,"volt_klass":0,"kapacitet_mw":null,"operator":null}},{"type":"Feature","geometry":{"type":"Point","coordinates":[13.20204,55.68957]},"properties":{"namn":null,"typ":null,"spanning_kv":null,"volt_klass":0,"kapacitet_mw":null,"operator":null}},{"type":"Feature","geometry":{"type":"Point","coordinates":[14.48366,57.35181]},"properties":{"namn":null,"typ":null,"spanning_kv":null,"volt_klass":0,"kapacitet_mw":null,"operator":null}},{"type":"Feature","geometry":{"type":"Point","coordinates":[16.12954,58.57099]},"properties":{"namn":null,"typ":null,"spanning_kv":null,"volt_klass":0,"kapacitet_mw":null,"operator":null}},{"type":"Feature","geometry":{"type":"Point","coordinates":[12.71686,56.08005]},"properties":{"namn":"Gyhult","typ":"distribution","spanning_kv":132.0,"volt_klass":2,"kapacitet_mw":null,"operator":null}},{"type":"Feature","geometry":{"type":"Point","coordinates":[17.69634,59.8712]},"properties":{"namn":null,"typ":null,"spanning_kv":null,"volt_klass":0,"kapacitet_mw":null,"operator":null}},{"type":"Feature","geometry":{"type":"Point","coordinates":[17.15874,60.65959]},"properties":{"namn":null,"typ":null,"spanning_kv":null,"volt_klass":0,"kapacitet_mw":null,"operator":null}},{"type":"Feature","geometry":{"type":"Point","coordinates":[16.13873,58.59724]},"properties":{"namn":null,"typ":null,"spanning_kv":null,"volt_klass":0,"kapacitet_mw":null,"operator":null}},{"type":"Feature","geometry":{"type":"Point","coordinates":[16.11572,58.5929]},"properties":{"namn":null,"typ":null,"spanning_kv":null,"volt_klass":0,"kapacitet_mw":null,"operator":null}},{"type":"Feature","geometry":{"type":"Point","coordinates":[16.1846,58.5733]},"properties":{"namn":null,"typ":null,"spanning_kv":null,"volt_klass":0,"kapacitet_mw":null,"operator":null}},{"type":"Feature","geometry":{"type":"Point","coordinates":[12.93117,55.74758]},"properties":{"namn":"Barsebäck","typ":"transmission","spanning_kv":130.0,"volt_klass":2,"kapacitet_mw":null,"operator":null}},{"type":"Feature","geometry":{"type":"Point","coordinates":[12.84692,55.86878]},"properties":{"namn":null,"typ":"distribution","spanning_kv":null,"volt_klass":0,"kapacitet_mw":null,"operator":null}},{"type":"Feature","geometry":{"type":"Point","coordinates":[13.00577,56.07916]},"properties":{"namn":"Söderåsen","typ":"transmission","spanning_kv":400.0,"volt_klass":4,"kapacitet_mw":null,"operator":null}},{"type":"Feature","geometry":{"type":"Point","coordinates":[12.97458,55.59882]},"properties":{"namn":null,"typ":null,"spanning_kv":null,"volt_klass":0,"kapacitet_mw":null,"operator":null}},{"type":"Feature","geometry":{"type":"Point","coordinates":[17.92421,59.44761]},"properties":{"namn":null,"typ":"distribution","spanning_kv":70.0,"volt_klass":2,"kapacitet_mw":null,"operator":null}},{"type":"Feature","geometry":{"type":"Point","coordinates":[17.79371,59.41275]},"properties":{"namn":"Viksjö","typ":"distribution","spanning_kv":70.0,"volt_klass":2,"kapacitet_mw":null,"operator":null}},{"type":"Feature","geometry":{"type":"Point","coordinates":[15.78204,58.4255]},"properties":{"namn":null,"typ":null,"spanning_kv":null,"volt_klass":0,"kapacitet_mw":null,"operator":null}},{"type":"Feature","geometry":{"type":"Point","coordinates":[13.57827,59.40592]},"properties":{"namn":null,"typ":"minor_distribution","spanning_kv":null,"volt_klass":0,"kapacitet_mw":null,"operator":null}},{"type":"Feature","geometry":{"type":"Point","coordinates":[16.40811,60.3103]},"properties":{"namn":"Horndal 2","typ":null,"spanning_kv":220.0,"volt_klass":3,"kapacitet_mw":null,"operator":"Svenska Kraftnät"}},{"type":"Feature","geometry":{"type":"Point","coordinates":[17.67047,59.85156]},"properties":{"namn":null,"typ":null,"spanning_kv":null,"volt_klass":0,"kapacitet_mw":null,"operator":null}},{"type":"Feature","geometry":{"type":"Point","coordinates":[18.09593,59.24216]},"properties":{"namn":null,"typ":null,"spanning_kv":null,"volt_klass":0,"kapacitet_mw":null,"operator":null}},{"type":"Feature","geometry":{"type":"Point","coordinates":[23.1766,65.86175]},"properties":{"namn":"Nederkalix","typ":"transmission","spanning_kv":130.0,"volt_klass":2,"kapacitet_mw":null,"operator":"Vattenfall"}},{"type":"Feature","geometry":{"type":"Point","coordinates":[13.51597,59.39499]},"properties":{"namn":null,"typ":"minor_distribution","spanning_kv":null,"volt_klass":0,"kapacitet_mw":null,"operator":null}},{"type":"Feature","geometry":{"type":"Point","coordinates":[18.74185,63.29001]},"properties":{"namn":null,"typ":null,"spanning_kv":null,"volt_klass":0,"kapacitet_mw":null,"operator":null}},{"type":"Feature","geometry":{"type":"Point","coordinates":[13.51184,59.40551]},"properties":{"namn":null,"typ":"minor_distribution","spanning_kv":null,"volt_klass":0,"kapacitet_mw":null,"operator":null}},{"type":"Feature","geometry":{"type":"Point","coordinates":[17.34126,62.39996]},"properties":{"namn":null,"typ":"minor_distribution","spanning_kv":null,"volt_klass":0,"kapacitet_mw":null,"operator":null}},{"type":"Feature","geometry":{"type":"Point","coordinates":[17.63772,59.86494]},"properties":{"namn":null,"typ":null,"spanning_kv":null,"volt_klass":0,"kapacitet_mw":null,"operator":null}},{"type":"Feature","geometry":{"type":"Point","coordinates":[17.343,62.40173]},"properties":{"namn":null,"typ":null,"spanning_kv":null,"volt_klass":0,"kapacitet_mw":null,"operator":null}},{"type":"Feature","geometry":{"type":"Point","coordinates":[17.36367,62.40306]},"properties":{"namn":null,"typ":null,"spanning_kv":null,"volt_klass":0,"kapacitet_mw":null,"operator":null}},{"type":"Feature","geometry":{"type":"Point","coordinates":[16.57857,59.64552]},"properties":{"namn":"Finnslätten","typ":"transmission","spanning_kv":220.0,"volt_klass":3,"kapacitet_mw":null,"operator":"Svenska Kraftnät"}},{"type":"Feature","geometry":{"type":"Point","coordinates":[17.34217,62.39564]},"properties":{"namn":null,"typ":"minor_distribution","spanning_kv":null,"volt_klass":0,"kapacitet_mw":null,"operator":null}},{"type":"Feature","geometry":{"type":"Point","coordinates":[17.33181,62.4024]},"properties":{"namn":null,"typ":null,"spanning_kv":null,"volt_klass":0,"kapacitet_mw":null,"operator":null}},{"type":"Feature","geometry":{"type":"Point","coordinates":[17.33146,62.40511]},"properties":{"namn":null,"typ":null,"spanning_kv":null,"volt_klass":0,"kapacitet_mw":null,"operator":null}},{"type":"Feature","geometry":{"type":"Point","coordinates":[17.16668,61.25808]},"properties":{"namn":"Sandarne transformatorstation","typ":"transformer","spanning_kv":70.0,"volt_klass":2,"kapacitet_mw":null,"operator":"Ellevio"}},{"type":"Feature","geometry":{"type":"Point","coordinates":[17.04816,61.30703]},"properties":{"namn":null,"typ":"distribution","spanning_kv":130.0,"volt_klass":2,"kapacitet_mw":null,"operator":null}},{"type":"Feature","geometry":{"type":"Point","coordinates":[17.14723,61.25704]},"properties":{"namn":null,"typ":null,"spanning_kv":null,"volt_klass":0,"kapacitet_mw":null,"operator":null}},{"type":"Feature","geometry":{"type":"Point","coordinates":[18.07119,59.29595]},"properties":{"namn":null,"typ":null,"spanning_kv":null,"volt_klass":0,"kapacitet_mw":null,"operator":"Fortum"}},{"type":"Feature","geometry":{"type":"Point","coordinates":[17.64919,59.79314]},"properties":{"namn":null,"typ":null,"spanning_kv":null,"volt_klass":0,"kapacitet_mw":null,"operator":null}},{"type":"Feature","geometry":{"type":"Point","coordinates":[18.61208,63.28652]},"properties":{"namn":null,"typ":null,"spanning_kv":null,"volt_klass":0,"kapacitet_mw":null,"operator":null}},{"type":"Feature","geometry":{"type":"Point","coordinates":[18.11413,59.23829]},"properties":{"namn":null,"typ":"minor_distribution","spanning_kv":null,"volt_klass":0,"kapacitet_mw":null,"operator":null}},{"type":"Feature","geometry":{"type":"Point","coordinates":[18.0867,59.27911]},"properties":{"namn":null,"typ":null,"spanning_kv":null,"volt_klass":0,"kapacitet_mw":null,"operator":null}},{"type":"Feature","geometry":{"type":"Point","coordinates":[17.64026,59.81306]},"properties":{"namn":null,"typ":null,"spanning_kv":null,"volt_klass":0,"kapacitet_mw":null,"operator":null}},{"type":"Feature","geometry":{"type":"Point","coordinates":[17.37742,62.42801]},"properties":{"namn":null,"typ":"minor_distribution","spanning_kv":null,"volt_klass":0,"kapacitet_mw":null,"operator":null}},{"type":"Feature","geometry":{"type":"Point","coordinates":[17.34205,62.43619]},"properties":{"namn":null,"typ":"minor_distribution","spanning_kv":null,"volt_klass":0,"kapacitet_mw":null,"operator":null}},{"type":"Feature","geometry":{"type":"Point","coordinates":[17.91371,59.47281]},"properties":{"namn":null,"typ":null,"spanning_kv":null,"volt_klass":0,"kapacitet_mw":null,"operator":null}},{"type":"Feature","geometry":{"type":"Point","coordinates":[18.10487,59.24939]},"properties":{"namn":null,"typ":"minor_distribution","spanning_kv":null,"volt_klass":0,"kapacitet_mw":null,"operator":"Fortum"}},{"type":"Feature","geometry":{"type":"Point","coordinates":[18.08638,59.29414]},"properties":{"namn":null,"typ":"minor_distribution","spanning_kv":null,"volt_klass":0,"kapacitet_mw":null,"operator":"Fortum"}},{"type":"Feature","geometry":{"type":"Point","coordinates":[13.17217,55.72501]},"properties":{"namn":null,"typ":null,"spanning_kv":null,"volt_klass":0,"kapacitet_mw":null,"operator":null}},{"type":"Feature","geometry":{"type":"Point","coordinates":[17.90033,59.48263]},"properties":{"namn":null,"typ":null,"spanning_kv":null,"volt_klass":0,"kapacitet_mw":null,"operator":null}},{"type":"Feature","geometry":{"type":"Point","coordinates":[20.29976,63.8124]},"properties":{"namn":"Lundagård","typ":null,"spanning_kv":null,"volt_klass":0,"kapacitet_mw":null,"operator":null}},{"type":"Feature","geometry":{"type":"Point","coordinates":[18.09223,59.29433]},"properties":{"namn":null,"typ":null,"spanning_kv":null,"volt_klass":0,"kapacitet_mw":null,"operator":null}},{"type":"Feature","geometry":{"type":"Point","coordinates":[14.67935,63.17152]},"properties":{"namn":null,"typ":"minor_distribution","spanning_kv":20.0,"volt_klass":1,"kapacitet_mw":null,"operator":"Jämtkraft"}},{"type":"Feature","geometry":{"type":"Point","coordinates":[17.23848,61.98826]},"properties":{"namn":null,"typ":null,"spanning_kv":130.0,"volt_klass":2,"kapacitet_mw":null,"operator":null}},{"type":"Feature","geometry":{"type":"Point","coordinates":[11.98257,57.71007]},"properties":{"namn":null,"typ":"minor_distribution","spanning_kv":null,"volt_klass":0,"kapacitet_mw":null,"operator":"Göteborg Energi"}},{"type":"Feature","geometry":{"type":"Point","coordinates":[18.08238,59.29962]},"properties":{"namn":null,"typ":"minor_distribution","spanning_kv":null,"volt_klass":0,"kapacitet_mw":null,"operator":null}},{"type":"Feature","geometry":{"type":"Point","coordinates":[13.46901,59.38253]},"properties":{"namn":null,"typ":"minor_distribution","spanning_kv":null,"volt_klass":0,"kapacitet_mw":null,"operator":null}},{"type":"Feature","geometry":{"type":"Point","coordinates":[11.91018,57.70637]},"properties":{"namn":null,"typ":"distribution","spanning_kv":null,"volt_klass":0,"kapacitet_mw":null,"operator":null}},{"type":"Feature","geometry":{"type":"Point","coordinates":[11.91005,57.70653]},"properties":{"namn":null,"typ":"distribution","spanning_kv":null,"volt_klass":0,"kapacitet_mw":null,"operator":null}},{"type":"Feature","geometry":{"type":"Point","coordinates":[18.07152,59.29053]},"properties":{"namn":null,"typ":"minor_distribution","spanning_kv":null,"volt_klass":0,"kapacitet_mw":null,"operator":null}},{"type":"Feature","geometry":{"type":"Point","coordinates":[18.0834,59.27379]},"properties":{"namn":null,"typ":"minor_distribution","spanning_kv":null,"volt_klass":0,"kapacitet_mw":null,"operator":null}},{"type":"Feature","geometry":{"type":"Point","coordinates":[18.07695,59.28861]},"properties":{"namn":null,"typ":null,"spanning_kv":null,"volt_klass":0,"kapacitet_mw":null,"operator":null}},{"type":"Feature","geometry":{"type":"Point","coordinates":[18.0829,59.28517]},"properties":{"namn":null,"typ":null,"spanning_kv":null,"volt_klass":0,"kapacitet_mw":null,"operator":null}},{"type":"Feature","geometry":{"type":"Point","coordinates":[18.07239,59.28663]},"properties":{"namn":null,"typ":"minor_distribution","spanning_kv":null,"volt_klass":0,"kapacitet_mw":null,"operator":null}},{"type":"Feature","geometry":{"type":"Point","coordinates":[13.22933,55.71415]},"properties":{"namn":null,"typ":"distribution","spanning_kv":null,"volt_klass":0,"kapacitet_mw":null,"operator":null}},{"type":"Feature","geometry":{"type":"Point","coordinates":[18.09647,59.28484]},"properties":{"namn":null,"typ":null,"spanning_kv":null,"volt_klass":0,"kapacitet_mw":null,"operator":null}},{"type":"Feature","geometry":{"type":"Point","coordinates":[13.15986,55.73014]},"properties":{"namn":null,"typ":null,"spanning_kv":null,"volt_klass":0,"kapacitet_mw":null,"operator":null}},{"type":"Feature","geometry":{"type":"Point","coordinates":[13.39148,55.59858]},"properties":{"namn":null,"typ":null,"spanning_kv":null,"volt_klass":0,"kapacitet_mw":null,"operator":null}},{"type":"Feature","geometry":{"type":"Point","coordinates":[14.66765,63.15773]},"properties":{"namn":"Odensvik","typ":null,"spanning_kv":130.0,"volt_klass":2,"kapacitet_mw":null,"operator":null}},{"type":"Feature","geometry":{"type":"Point","coordinates":[14.65357,63.17661]},"properties":{"namn":"Fördelningsstation, Forskarens väg","typ":"minor_distribution","spanning_kv":20.0,"volt_klass":1,"kapacitet_mw":null,"operator":"Jämtkraft"}},{"type":"Feature","geometry":{"type":"Point","coordinates":[18.09151,59.27556]},"properties":{"namn":null,"typ":"minor_distribution","spanning_kv":null,"volt_klass":0,"kapacitet_mw":null,"operator":"Fortum"}},{"type":"Feature","geometry":{"type":"Point","coordinates":[18.08658,59.27665]},"properties":{"namn":null,"typ":"minor_distribution","spanning_kv":null,"volt_klass":0,"kapacitet_mw":null,"operator":"Fortum"}},{"type":"Feature","geometry":{"type":"Point","coordinates":[18.0855,59.28235]},"properties":{"namn":null,"typ":"minor_distribution","spanning_kv":null,"volt_klass":0,"kapacitet_mw":null,"operator":null}},{"type":"Feature","geometry":{"type":"Point","coordinates":[20.3098,63.81771]},"properties":{"namn":null,"typ":null,"spanning_kv":null,"volt_klass":0,"kapacitet_mw":null,"operator":null}},{"type":"Feature","geometry":{"type":"Point","coordinates":[11.9878,57.69525]},"properties":{"namn":null,"typ":"minor_distribution","spanning_kv":null,"volt_klass":0,"kapacitet_mw":null,"operator":null}},{"type":"Feature","geometry":{"type":"Point","coordinates":[11.98755,57.6954]},"properties":{"namn":null,"typ":"minor_distribution","spanning_kv":null,"volt_klass":0,"kapacitet_mw":null,"operator":null}},{"type":"Feature","geometry":{"type":"Point","coordinates":[13.44394,59.38102]},"properties":{"namn":null,"typ":null,"spanning_kv":null,"volt_klass":0,"kapacitet_mw":null,"operator":null}},{"type":"Feature","geometry":{"type":"Point","coordinates":[18.05832,59.28703]},"properties":{"namn":null,"typ":"minor_distribution","spanning_kv":null,"volt_klass":0,"kapacitet_mw":null,"operator":"Fortum"}},{"type":"Feature","geometry":{"type":"Point","coordinates":[18.09403,59.278]},"properties":{"namn":null,"typ":"minor_distribution","spanning_kv":null,"volt_klass":0,"kapacitet_mw":null,"operator":null}},{"type":"Feature","geometry":{"type":"Point","coordinates":[18.08957,59.28671]},"properties":{"namn":null,"typ":"minor_distribution","spanning_kv":null,"volt_klass":0,"kapacitet_mw":null,"operator":"fortum"}},{"type":"Feature","geometry":{"type":"Point","coordinates":[18.09143,59.28801]},"properties":{"namn":null,"typ":"minor_distribution","spanning_kv":null,"volt_klass":0,"kapacitet_mw":null,"operator":null}},{"type":"Feature","geometry":{"type":"Point","coordinates":[13.50499,59.40559]},"properties":{"namn":null,"typ":"minor_distribution","spanning_kv":null,"volt_klass":0,"kapacitet_mw":null,"operator":null}},{"type":"Feature","geometry":{"type":"Point","coordinates":[13.52901,59.39393]},"properties":{"namn":null,"typ":"minor_distribution","spanning_kv":null,"volt_klass":0,"kapacitet_mw":null,"operator":null}},{"type":"Feature","geometry":{"type":"Point","coordinates":[17.0795,61.28888]},"properties":{"namn":null,"typ":"transmission","spanning_kv":130.0,"volt_klass":2,"kapacitet_mw":null,"operator":null}},{"type":"Feature","geometry":{"type":"Point","coordinates":[17.12086,61.20548]},"properties":{"namn":"Ljusnefors","typ":"generation","spanning_kv":70.0,"volt_klass":2,"kapacitet_mw":null,"operator":null}},{"type":"Feature","geometry":{"type":"Point","coordinates":[13.16996,55.7009]},"properties":{"namn":null,"typ":null,"spanning_kv":null,"volt_klass":0,"kapacitet_mw":null,"operator":null}},{"type":"Feature","geometry":{"type":"Point","coordinates":[11.99993,57.67558]},"properties":{"namn":null,"typ":"minor_distribution","spanning_kv":null,"volt_klass":0,"kapacitet_mw":null,"operator":null}},{"type":"Feature","geometry":{"type":"Point","coordinates":[18.07003,59.54]},"properties":{"namn":"Mörby","typ":null,"spanning_kv":70.0,"volt_klass":2,"kapacitet_mw":null,"operator":null}},{"type":"Feature","geometry":{"type":"Point","coordinates":[17.98579,59.33199]},"properties":{"namn":null,"typ":null,"spanning_kv":null,"volt_klass":0,"kapacitet_mw":null,"operator":null}},{"type":"Feature","geometry":{"type":"Point","coordinates":[18.03502,59.28198]},"properties":{"namn":null,"typ":"minor_distribution","spanning_kv":null,"volt_klass":0,"kapacitet_mw":null,"operator":null}},{"type":"Feature","geometry":{"type":"Point","coordinates":[18.03019,59.27304]},"properties":{"namn":null,"typ":"minor_distribution","spanning_kv":null,"volt_klass":0,"kapacitet_mw":null,"operator":null}},{"type":"Feature","geometry":{"type":"Point","coordinates":[17.08753,61.72729]},"properties":{"namn":null,"typ":null,"spanning_kv":130.0,"volt_klass":2,"kapacitet_mw":null,"operator":null}},{"type":"Feature","geometry":{"type":"Point","coordinates":[20.23437,63.81475]},"properties":{"namn":null,"typ":"distribution","spanning_kv":40.0,"volt_klass":1,"kapacitet_mw":null,"operator":null}},{"type":"Feature","geometry":{"type":"Point","coordinates":[15.17655,59.26608]},"properties":{"namn":null,"typ":null,"spanning_kv":132.0,"volt_klass":2,"kapacitet_mw":null,"operator":null}},{"type":"Feature","geometry":{"type":"Point","coordinates":[18.43501,59.39284]},"properties":{"namn":null,"typ":null,"spanning_kv":null,"volt_klass":0,"kapacitet_mw":null,"operator":null}},{"type":"Feature","geometry":{"type":"Point","coordinates":[20.26899,63.82568]},"properties":{"namn":null,"typ":"minor_distribution","spanning_kv":null,"volt_klass":0,"kapacitet_mw":null,"operator":null}},{"type":"Feature","geometry":{"type":"Point","coordinates":[18.07497,59.27192]},"properties":{"namn":null,"typ":null,"spanning_kv":null,"volt_klass":0,"kapacitet_mw":null,"operator":null}},{"type":"Feature","geometry":{"type":"Point","coordinates":[16.19223,60.31337]},"properties":{"namn":null,"typ":null,"spanning_kv":null,"volt_klass":0,"kapacitet_mw":null,"operator":null}},{"type":"Feature","geometry":{"type":"Point","coordinates":[16.14891,58.65018]},"properties":{"namn":null,"typ":"minor_distribution","spanning_kv":null,"volt_klass":0,"kapacitet_mw":null,"operator":null}},{"type":"Feature","geometry":{"type":"Point","coordinates":[14.64858,63.17522]},"properties":{"namn":null,"typ":"minor_distribution","spanning_kv":null,"volt_klass":0,"kapacitet_mw":null,"operator":"Jämtkraft"}},{"type":"Feature","geometry":{"type":"Point","coordinates":[16.16855,58.63555]},"properties":{"namn":null,"typ":null,"spanning_kv":null,"volt_klass":0,"kapacitet_mw":null,"operator":null}},{"type":"Feature","geometry":{"type":"Point","coordinates":[17.08185,61.21136]},"properties":{"namn":"Ljusne strömmar","typ":null,"spanning_kv":70.0,"volt_klass":2,"kapacitet_mw":null,"operator":null}},{"type":"Feature","geometry":{"type":"Point","coordinates":[17.01373,61.238]},"properties":{"namn":null,"typ":"distribution","spanning_kv":null,"volt_klass":0,"kapacitet_mw":null,"operator":null}},{"type":"Feature","geometry":{"type":"Point","coordinates":[17.01466,61.239]},"properties":{"namn":"Höljebro","typ":"distribution","spanning_kv":130.0,"volt_klass":2,"kapacitet_mw":null,"operator":"Fortum"}},{"type":"Feature","geometry":{"type":"Point","coordinates":[13.4805,59.38431]},"properties":{"namn":null,"typ":"minor_distribution","spanning_kv":null,"volt_klass":0,"kapacitet_mw":null,"operator":null}},{"type":"Feature","geometry":{"type":"Point","coordinates":[17.56497,59.56343]},"properties":{"namn":"Bålsta","typ":null,"spanning_kv":null,"volt_klass":0,"kapacitet_mw":null,"operator":null}},{"type":"Feature","geometry":{"type":"Point","coordinates":[16.20429,58.66977]},"properties":{"namn":null,"typ":null,"spanning_kv":null,"volt_klass":0,"kapacitet_mw":null,"operator":null}},{"type":"Feature","geometry":{"type":"Point","coordinates":[17.30835,62.37693]},"properties":{"namn":null,"typ":"minor_distribution","spanning_kv":null,"volt_klass":0,"kapacitet_mw":null,"operator":null}},{"type":"Feature","geometry":{"type":"Point","coordinates":[16.36038,58.67053]},"properties":{"namn":null,"typ":null,"spanning_kv":null,"volt_klass":0,"kapacitet_mw":null,"operator":null}},{"type":"Feature","geometry":{"type":"Point","coordinates":[14.6311,63.17762]},"properties":{"namn":null,"typ":"minor_distribution","spanning_kv":null,"volt_klass":0,"kapacitet_mw":null,"operator":"Jämtkraft"}},{"type":"Feature","geometry":{"type":"Point","coordinates":[13.06228,55.59437]},"properties":{"namn":null,"typ":"minor_distribution","spanning_kv":null,"volt_klass":0,"kapacitet_mw":null,"operator":null}},{"type":"Feature","geometry":{"type":"Point","coordinates":[20.27052,63.82942]},"properties":{"namn":null,"typ":"distribution","spanning_kv":null,"volt_klass":0,"kapacitet_mw":null,"operator":null}},{"type":"Feature","geometry":{"type":"Point","coordinates":[15.51805,58.41793]},"properties":{"namn":null,"typ":"minor_distribution","spanning_kv":null,"volt_klass":0,"kapacitet_mw":null,"operator":null}},{"type":"Feature","geometry":{"type":"Point","coordinates":[13.37172,55.63577]},"properties":{"namn":null,"typ":"distribution","spanning_kv":130.0,"volt_klass":2,"kapacitet_mw":null,"operator":null}},{"type":"Feature","geometry":{"type":"Point","coordinates":[18.05614,59.27995]},"properties":{"namn":null,"typ":"minor_distribution","spanning_kv":null,"volt_klass":0,"kapacitet_mw":null,"operator":null}},{"type":"Feature","geometry":{"type":"Point","coordinates":[13.50711,59.38329]},"properties":{"namn":null,"typ":"minor_distribution","spanning_kv":null,"volt_klass":0,"kapacitet_mw":null,"operator":null}},{"type":"Feature","geometry":{"type":"Point","coordinates":[15.51759,58.41692]},"properties":{"namn":null,"typ":"minor_distribution","spanning_kv":null,"volt_klass":0,"kapacitet_mw":null,"operator":null}},{"type":"Feature","geometry":{"type":"Point","coordinates":[15.52052,58.41955]},"properties":{"namn":null,"typ":"minor_distribution","spanning_kv":null,"volt_klass":0,"kapacitet_mw":null,"operator":null}},{"type":"Feature","geometry":{"type":"Point","coordinates":[14.64435,63.20602]},"properties":{"namn":null,"typ":"transmission","spanning_kv":130.0,"volt_klass":2,"kapacitet_mw":null,"operator":null}},{"type":"Feature","geometry":{"type":"Point","coordinates":[15.64601,56.22612]},"properties":{"namn":null,"typ":null,"spanning_kv":null,"volt_klass":0,"kapacitet_mw":null,"operator":null}},{"type":"Feature","geometry":{"type":"Point","coordinates":[15.51965,58.41374]},"properties":{"namn":null,"typ":"minor_distribution","spanning_kv":null,"volt_klass":0,"kapacitet_mw":null,"operator":null}},{"type":"Feature","geometry":{"type":"Point","coordinates":[15.61734,56.20248]},"properties":{"namn":null,"typ":"transmission","spanning_kv":null,"volt_klass":0,"kapacitet_mw":null,"operator":null}},{"type":"Feature","geometry":{"type":"Point","coordinates":[11.97439,57.5698]},"properties":{"namn":null,"typ":"transition","spanning_kv":null,"volt_klass":0,"kapacitet_mw":null,"operator":null}},{"type":"Feature","geometry":{"type":"Point","coordinates":[18.0511,59.28247]},"properties":{"namn":null,"typ":"minor_distribution","spanning_kv":null,"volt_klass":0,"kapacitet_mw":null,"operator":null}},{"type":"Feature","geometry":{"type":"Point","coordinates":[15.01188,59.0443]},"properties":{"namn":"Station Tälle","typ":"transmission","spanning_kv":132.0,"volt_klass":2,"kapacitet_mw":null,"operator":null}},{"type":"Feature","geometry":{"type":"Point","coordinates":[17.1683,61.18939]},"properties":{"namn":null,"typ":null,"spanning_kv":70.0,"volt_klass":2,"kapacitet_mw":null,"operator":null}},{"type":"Feature","geometry":{"type":"Point","coordinates":[16.20454,58.6689]},"properties":{"namn":null,"typ":null,"spanning_kv":null,"volt_klass":0,"kapacitet_mw":null,"operator":null}},{"type":"Feature","geometry":{"type":"Point","coordinates":[13.06847,55.59235]},"properties":{"namn":null,"typ":"minor_distribution","spanning_kv":null,"volt_klass":0,"kapacitet_mw":null,"operator":null}},{"type":"Feature","geometry":{"type":"Point","coordinates":[16.4675,59.34657]},"properties":{"namn":null,"typ":"transmission","spanning_kv":130.0,"volt_klass":2,"kapacitet_mw":null,"operator":null}},{"type":"Feature","geometry":{"type":"Point","coordinates":[17.05063,61.99064]},"properties":{"namn":null,"typ":null,"spanning_kv":null,"volt_klass":0,"kapacitet_mw":null,"operator":null}},{"type":"Feature","geometry":{"type":"Point","coordinates":[18.06913,59.27866]},"properties":{"namn":null,"typ":null,"spanning_kv":null,"volt_klass":0,"kapacitet_mw":null,"operator":null}},{"type":"Feature","geometry":{"type":"Point","coordinates":[18.062,59.29812]},"properties":{"namn":null,"typ":null,"spanning_kv":null,"volt_klass":0,"kapacitet_mw":null,"operator":null}},{"type":"Feature","geometry":{"type":"Point","coordinates":[13.54083,59.95886]},"properties":{"namn":null,"typ":null,"spanning_kv":145.0,"volt_klass":2,"kapacitet_mw":null,"operator":null}},{"type":"Feature","geometry":{"type":"Point","coordinates":[17.73119,59.48508]},"properties":{"namn":"Hjortronvägen","typ":null,"spanning_kv":null,"volt_klass":0,"kapacitet_mw":null,"operator":"Mälarkraft"}},{"type":"Feature","geometry":{"type":"Point","coordinates":[18.06868,59.29856]},"properties":{"namn":null,"typ":"minor_distribution","spanning_kv":null,"volt_klass":0,"kapacitet_mw":null,"operator":null}},{"type":"Feature","geometry":{"type":"Point","coordinates":[18.0468,59.37641]},"properties":{"namn":null,"typ":null,"spanning_kv":null,"volt_klass":0,"kapacitet_mw":null,"operator":null}},{"type":"Feature","geometry":{"type":"Point","coordinates":[18.05243,59.18173]},"properties":{"namn":"Lissma","typ":null,"spanning_kv":70.0,"volt_klass":2,"kapacitet_mw":null,"operator":null}},{"type":"Feature","geometry":{"type":"Point","coordinates":[17.9568,59.22479]},"properties":{"namn":"Flemingsberg","typ":"distribution","spanning_kv":null,"volt_klass":0,"kapacitet_mw":null,"operator":null}},{"type":"Feature","geometry":{"type":"Point","coordinates":[17.14889,61.72518]},"properties":{"namn":null,"typ":null,"spanning_kv":130.0,"volt_klass":2,"kapacitet_mw":null,"operator":null}},{"type":"Feature","geometry":{"type":"Point","coordinates":[17.59012,59.0879]},"properties":{"namn":null,"typ":null,"spanning_kv":null,"volt_klass":0,"kapacitet_mw":null,"operator":null}},{"type":"Feature","geometry":{"type":"Point","coordinates":[18.08885,59.29118]},"properties":{"namn":null,"typ":"minor_distribution","spanning_kv":null,"volt_klass":0,"kapacitet_mw":null,"operator":null}},{"type":"Feature","geometry":{"type":"Point","coordinates":[17.2106,61.7634]},"properties":{"namn":null,"typ":null,"spanning_kv":130.0,"volt_klass":2,"kapacitet_mw":null,"operator":null}},{"type":"Feature","geometry":{"type":"Point","coordinates":[20.30651,63.82551]},"properties":{"namn":null,"typ":"minor_distribution","spanning_kv":null,"volt_klass":0,"kapacitet_mw":null,"operator":"Umeå Energi"}},{"type":"Feature","geometry":{"type":"Point","coordinates":[20.26047,63.80737]},"properties":{"namn":null,"typ":"distribution","spanning_kv":130.0,"volt_klass":2,"kapacitet_mw":null,"operator":null}},{"type":"Feature","geometry":{"type":"Point","coordinates":[20.23359,63.8099]},"properties":{"namn":null,"typ":"distribution","spanning_kv":40.0,"volt_klass":1,"kapacitet_mw":null,"operator":null}},{"type":"Feature","geometry":{"type":"Point","coordinates":[13.53719,55.6358]},"properties":{"namn":null,"typ":"transmission","spanning_kv":130.0,"volt_klass":2,"kapacitet_mw":null,"operator":null}},{"type":"Feature","geometry":{"type":"Point","coordinates":[13.89305,55.65639]},"properties":{"namn":null,"typ":"minor_distribution","spanning_kv":null,"volt_klass":0,"kapacitet_mw":null,"operator":null}},{"type":"Feature","geometry":{"type":"Point","coordinates":[13.70191,55.64426]},"properties":{"namn":null,"typ":null,"spanning_kv":null,"volt_klass":0,"kapacitet_mw":null,"operator":null}},{"type":"Feature","geometry":{"type":"Point","coordinates":[13.69497,55.6405]},"properties":{"namn":null,"typ":null,"spanning_kv":null,"volt_klass":0,"kapacitet_mw":null,"operator":null}},{"type":"Feature","geometry":{"type":"Point","coordinates":[13.72762,55.63811]},"properties":{"namn":null,"typ":null,"spanning_kv":null,"volt_klass":0,"kapacitet_mw":null,"operator":null}},{"type":"Feature","geometry":{"type":"Point","coordinates":[13.71564,55.63967]},"properties":{"namn":null,"typ":"minor_distribution","spanning_kv":null,"volt_klass":0,"kapacitet_mw":null,"operator":null}},{"type":"Feature","geometry":{"type":"Point","coordinates":[13.70989,55.64028]},"properties":{"namn":null,"typ":null,"spanning_kv":null,"volt_klass":0,"kapacitet_mw":null,"operator":null}},{"type":"Feature","geometry":{"type":"Point","coordinates":[13.70493,55.64137]},"properties":{"namn":null,"typ":null,"spanning_kv":null,"volt_klass":0,"kapacitet_mw":null,"operator":null}},{"type":"Feature","geometry":{"type":"Point","coordinates":[13.7026,55.63599]},"properties":{"namn":null,"typ":null,"spanning_kv":null,"volt_klass":0,"kapacitet_mw":null,"operator":null}},{"type":"Feature","geometry":{"type":"Point","coordinates":[12.04416,57.66407]},"properties":{"namn":null,"typ":"minor_distribution","spanning_kv":null,"volt_klass":0,"kapacitet_mw":null,"operator":"Mölndal Energi"}},{"type":"Feature","geometry":{"type":"Point","coordinates":[11.93105,57.68107]},"properties":{"namn":null,"typ":"distribution","spanning_kv":null,"volt_klass":0,"kapacitet_mw":null,"operator":null}},{"type":"Feature","geometry":{"type":"Point","coordinates":[17.34294,60.43632]},"properties":{"namn":"Untra","typ":"transmission","spanning_kv":220.0,"volt_klass":3,"kapacitet_mw":null,"operator":null}},{"type":"Feature","geometry":{"type":"Point","coordinates":[15.66712,56.18881]},"properties":{"namn":null,"typ":null,"spanning_kv":null,"volt_klass":0,"kapacitet_mw":null,"operator":null}},{"type":"Feature","geometry":{"type":"Point","coordinates":[15.66492,56.18574]},"properties":{"namn":null,"typ":null,"spanning_kv":null,"volt_klass":0,"kapacitet_mw":null,"operator":null}},{"type":"Feature","geometry":{"type":"Point","coordinates":[15.5147,60.45471]},"properties":{"namn":"Berg","typ":"transmission","spanning_kv":130.0,"volt_klass":2,"kapacitet_mw":null,"operator":"Ellevio"}},{"type":"Feature","geometry":{"type":"Point","coordinates":[16.64772,57.72832]},"properties":{"namn":"HVDC Gotland - Västervik Static Inverter Plant","typ":"converter","spanning_kv":150.0,"volt_klass":3,"kapacitet_mw":null,"operator":null}},{"type":"Feature","geometry":{"type":"Point","coordinates":[18.13619,60.4041]},"properties":{"namn":"Fenno-Skan - Dannebo HVDC Static Inverter Plant","typ":"converter","spanning_kv":400.0,"volt_klass":4,"kapacitet_mw":null,"operator":null}},{"type":"Feature","geometry":{"type":"Point","coordinates":[18.19551,57.58697]},"properties":{"namn":"HVDC Gotland - Ygne Static Inverter Plant","typ":"converter","spanning_kv":150.0,"volt_klass":3,"kapacitet_mw":null,"operator":null}},{"type":"Feature","geometry":{"type":"Point","coordinates":[15.65555,56.20859]},"properties":{"namn":null,"typ":null,"spanning_kv":null,"volt_klass":0,"kapacitet_mw":null,"operator":null}},{"type":"Feature","geometry":{"type":"Point","coordinates":[15.66157,56.21119]},"properties":{"namn":null,"typ":null,"spanning_kv":null,"volt_klass":0,"kapacitet_mw":null,"operator":null}},{"type":"Feature","geometry":{"type":"Point","coordinates":[15.71584,60.59018]},"properties":{"namn":null,"typ":"minor_distribution","spanning_kv":null,"volt_klass":0,"kapacitet_mw":null,"operator":null}},{"type":"Feature","geometry":{"type":"Point","coordinates":[17.12073,60.66076]},"properties":{"namn":null,"typ":"minor_distribution","spanning_kv":null,"volt_klass":0,"kapacitet_mw":null,"operator":null}},{"type":"Feature","geometry":{"type":"Point","coordinates":[20.24237,63.83655]},"properties":{"namn":null,"typ":null,"spanning_kv":null,"volt_klass":0,"kapacitet_mw":null,"operator":null}},{"type":"Feature","geometry":{"type":"Point","coordinates":[15.65521,56.21085]},"properties":{"namn":null,"typ":null,"spanning_kv":null,"volt_klass":0,"kapacitet_mw":null,"operator":null}},{"type":"Feature","geometry":{"type":"Point","coordinates":[13.48824,55.63752]},"properties":{"namn":null,"typ":null,"spanning_kv":null,"volt_klass":0,"kapacitet_mw":null,"operator":null}},{"type":"Feature","geometry":{"type":"Point","coordinates":[11.94068,57.66554]},"properties":{"namn":null,"typ":"distribution","spanning_kv":null,"volt_klass":0,"kapacitet_mw":null,"operator":null}},{"type":"Feature","geometry":{"type":"Point","coordinates":[11.93988,57.66766]},"properties":{"namn":null,"typ":"distribution","spanning_kv":null,"volt_klass":0,"kapacitet_mw":null,"operator":null}},{"type":"Feature","geometry":{"type":"Point","coordinates":[18.06297,59.27856]},"properties":{"namn":null,"typ":"minor_distribution","spanning_kv":null,"volt_klass":0,"kapacitet_mw":null,"operator":null}},{"type":"Feature","geometry":{"type":"Point","coordinates":[18.0586,59.27483]},"properties":{"namn":null,"typ":"minor_distribution","spanning_kv":null,"volt_klass":0,"kapacitet_mw":null,"operator":null}},{"type":"Feature","geometry":{"type":"Point","coordinates":[11.94329,57.664]},"properties":{"namn":null,"typ":"distribution","spanning_kv":null,"volt_klass":0,"kapacitet_mw":null,"operator":null}},{"type":"Feature","geometry":{"type":"Point","coordinates":[13.31826,55.81931]},"properties":{"namn":null,"typ":"distribution","spanning_kv":130.0,"volt_klass":2,"kapacitet_mw":null,"operator":null}},{"type":"Feature","geometry":{"type":"Point","coordinates":[14.46005,57.57314]},"properties":{"namn":null,"typ":"distribution","spanning_kv":null,"volt_klass":0,"kapacitet_mw":null,"operator":"E.ON"}},{"type":"Feature","geometry":{"type":"Point","coordinates":[15.64553,60.39071]},"properties":{"namn":"Gustafs","typ":"compensation","spanning_kv":400.0,"volt_klass":4,"kapacitet_mw":null,"operator":"Svenska Kraftnät"}},{"type":"Feature","geometry":{"type":"Point","coordinates":[11.99171,57.65789]},"properties":{"namn":null,"typ":"minor_distribution","spanning_kv":null,"volt_klass":0,"kapacitet_mw":null,"operator":"Mölndal Energi"}},{"type":"Feature","geometry":{"type":"Point","coordinates":[16.13415,58.67129]},"properties":{"namn":null,"typ":null,"spanning_kv":null,"volt_klass":0,"kapacitet_mw":null,"operator":null}},{"type":"Feature","geometry":{"type":"Point","coordinates":[17.88502,59.62332]},"properties":{"namn":"Måby","typ":null,"spanning_kv":220.0,"volt_klass":3,"kapacitet_mw":null,"operator":null}},{"type":"Feature","geometry":{"type":"Point","coordinates":[17.0104,59.37758]},"properties":{"namn":null,"typ":null,"spanning_kv":null,"volt_klass":0,"kapacitet_mw":null,"operator":null}},{"type":"Feature","geometry":{"type":"Point","coordinates":[11.59826,58.48707]},"properties":{"namn":null,"typ":"transmission","spanning_kv":132.0,"volt_klass":2,"kapacitet_mw":null,"operator":"Vattenfall"}},{"type":"Feature","geometry":{"type":"Point","coordinates":[15.65428,56.21629]},"properties":{"namn":null,"typ":null,"spanning_kv":null,"volt_klass":0,"kapacitet_mw":null,"operator":null}},{"type":"Feature","geometry":{"type":"Point","coordinates":[18.0791,59.27405]},"properties":{"namn":null,"typ":"minor_distribution","spanning_kv":null,"volt_klass":0,"kapacitet_mw":null,"operator":null}},{"type":"Feature","geometry":{"type":"Point","coordinates":[18.07551,59.27615]},"properties":{"namn":null,"typ":"minor_distribution","spanning_kv":null,"volt_klass":0,"kapacitet_mw":null,"operator":null}},{"type":"Feature","geometry":{"type":"Point","coordinates":[11.90333,57.6486]},"properties":{"namn":null,"typ":"minor_distribution","spanning_kv":null,"volt_klass":0,"kapacitet_mw":null,"operator":null}},{"type":"Feature","geometry":{"type":"Point","coordinates":[16.35525,56.67349]},"properties":{"namn":null,"typ":null,"spanning_kv":null,"volt_klass":0,"kapacitet_mw":null,"operator":null}},{"type":"Feature","geometry":{"type":"Point","coordinates":[14.28706,55.92849]},"properties":{"namn":null,"typ":null,"spanning_kv":null,"volt_klass":0,"kapacitet_mw":null,"operator":null}},{"type":"Feature","geometry":{"type":"Point","coordinates":[14.28689,55.92871]},"properties":{"namn":null,"typ":"distribution","spanning_kv":130.0,"volt_klass":2,"kapacitet_mw":null,"operator":null}},{"type":"Feature","geometry":{"type":"Point","coordinates":[14.844,56.15301]},"properties":{"namn":null,"typ":null,"spanning_kv":null,"volt_klass":0,"kapacitet_mw":null,"operator":null}},{"type":"Feature","geometry":{"type":"Point","coordinates":[15.42092,60.52658]},"properties":{"namn":null,"typ":"industrial","spanning_kv":130.0,"volt_klass":2,"kapacitet_mw":null,"operator":"Ellevio"}},{"type":"Feature","geometry":{"type":"Point","coordinates":[15.43528,60.46718]},"properties":{"namn":"Borlänge","typ":"transmission","spanning_kv":132.0,"volt_klass":2,"kapacitet_mw":null,"operator":null}},{"type":"Feature","geometry":{"type":"Point","coordinates":[15.41088,60.4781]},"properties":{"namn":null,"typ":null,"spanning_kv":null,"volt_klass":0,"kapacitet_mw":null,"operator":null}},{"type":"Feature","geometry":{"type":"Point","coordinates":[12.25528,58.27938]},"properties":{"namn":null,"typ":null,"spanning_kv":null,"volt_klass":0,"kapacitet_mw":null,"operator":null}},{"type":"Feature","geometry":{"type":"Point","coordinates":[15.42771,60.52494]},"properties":{"namn":null,"typ":"generation","spanning_kv":130.0,"volt_klass":2,"kapacitet_mw":null,"operator":null}},{"type":"Feature","geometry":{"type":"Point","coordinates":[15.43636,60.50767]},"properties":{"namn":"Bullerforsen","typ":"transmission","spanning_kv":130.0,"volt_klass":2,"kapacitet_mw":null,"operator":"Ellevio"}},{"type":"Feature","geometry":{"type":"Point","coordinates":[11.84578,58.08673]},"properties":{"namn":null,"typ":"transmission","spanning_kv":132.0,"volt_klass":2,"kapacitet_mw":null,"operator":"Vattenfall"}},{"type":"Feature","geometry":{"type":"Point","coordinates":[11.84467,58.08825]},"properties":{"namn":null,"typ":"transmission","spanning_kv":45.0,"volt_klass":1,"kapacitet_mw":null,"operator":null}},{"type":"Feature","geometry":{"type":"Point","coordinates":[11.84537,58.08495]},"properties":{"namn":null,"typ":"transmission","spanning_kv":45.0,"volt_klass":1,"kapacitet_mw":null,"operator":"Vattenfall"}},{"type":"Feature","geometry":{"type":"Point","coordinates":[12.27391,58.28378]},"properties":{"namn":null,"typ":null,"spanning_kv":null,"volt_klass":0,"kapacitet_mw":null,"operator":null}},{"type":"Feature","geometry":{"type":"Point","coordinates":[17.30715,59.72975]},"properties":{"namn":"Station Örsundsbro","typ":null,"spanning_kv":null,"volt_klass":0,"kapacitet_mw":null,"operator":null}},{"type":"Feature","geometry":{"type":"Point","coordinates":[18.00212,59.28928]},"properties":{"namn":null,"typ":"minor_distribution","spanning_kv":null,"volt_klass":0,"kapacitet_mw":null,"operator":null}},{"type":"Feature","geometry":{"type":"Point","coordinates":[15.17381,60.13643]},"properties":{"namn":"Magnetgärdet","typ":null,"spanning_kv":null,"volt_klass":0,"kapacitet_mw":null,"operator":null}},{"type":"Feature","geometry":{"type":"Point","coordinates":[17.90857,59.45639]},"properties":{"namn":null,"typ":null,"spanning_kv":null,"volt_klass":0,"kapacitet_mw":null,"operator":null}},{"type":"Feature","geometry":{"type":"Point","coordinates":[18.05925,59.29477]},"properties":{"namn":null,"typ":"minor_distribution","spanning_kv":null,"volt_klass":0,"kapacitet_mw":null,"operator":null}},{"type":"Feature","geometry":{"type":"Point","coordinates":[12.27957,58.29354]},"properties":{"namn":null,"typ":null,"spanning_kv":null,"volt_klass":0,"kapacitet_mw":null,"operator":null}},{"type":"Feature","geometry":{"type":"Point","coordinates":[18.08196,59.25786]},"properties":{"namn":null,"typ":"minor_distribution","spanning_kv":null,"volt_klass":0,"kapacitet_mw":null,"operator":null}},{"type":"Feature","geometry":{"type":"Point","coordinates":[18.13407,59.27316]},"properties":{"namn":null,"typ":null,"spanning_kv":null,"volt_klass":0,"kapacitet_mw":null,"operator":"Storstockholms lokaltrafik"}},{"type":"Feature","geometry":{"type":"Point","coordinates":[18.10113,59.24378]},"properties":{"namn":null,"typ":"minor_distribution","spanning_kv":null,"volt_klass":0,"kapacitet_mw":null,"operator":null}},{"type":"Feature","geometry":{"type":"Point","coordinates":[16.17762,58.66958]},"properties":{"namn":"Skogsborg","typ":"minor_distribution","spanning_kv":null,"volt_klass":0,"kapacitet_mw":null,"operator":null}},{"type":"Feature","geometry":{"type":"Point","coordinates":[14.1667,55.45144]},"properties":{"namn":null,"typ":"distribution","spanning_kv":130.0,"volt_klass":2,"kapacitet_mw":null,"operator":null}},{"type":"Feature","geometry":{"type":"Point","coordinates":[12.27249,58.27904]},"properties":{"namn":null,"typ":null,"spanning_kv":null,"volt_klass":0,"kapacitet_mw":null,"operator":null}},{"type":"Feature","geometry":{"type":"Point","coordinates":[16.18182,58.67639]},"properties":{"namn":null,"typ":null,"spanning_kv":null,"volt_klass":0,"kapacitet_mw":null,"operator":null}},{"type":"Feature","geometry":{"type":"Point","coordinates":[16.17413,58.66529]},"properties":{"namn":"Sportvägen","typ":"minor_distribution","spanning_kv":null,"volt_klass":0,"kapacitet_mw":null,"operator":null}},{"type":"Feature","geometry":{"type":"Point","coordinates":[17.99681,59.3807]},"properties":{"namn":null,"typ":null,"spanning_kv":null,"volt_klass":0,"kapacitet_mw":null,"operator":null}},{"type":"Feature","geometry":{"type":"Point","coordinates":[17.3127,61.87388]},"properties":{"namn":null,"typ":null,"spanning_kv":130.0,"volt_klass":2,"kapacitet_mw":null,"operator":null}},{"type":"Feature","geometry":{"type":"Point","coordinates":[18.05421,59.27461]},"properties":{"namn":null,"typ":null,"spanning_kv":null,"volt_klass":0,"kapacitet_mw":null,"operator":null}},{"type":"Feature","geometry":{"type":"Point","coordinates":[12.11229,57.58357]},"properties":{"namn":null,"typ":"distribution","spanning_kv":132.0,"volt_klass":2,"kapacitet_mw":null,"operator":null}},{"type":"Feature","geometry":{"type":"Point","coordinates":[18.04997,59.27982]},"properties":{"namn":null,"typ":"minor_distribution","spanning_kv":null,"volt_klass":0,"kapacitet_mw":null,"operator":null}},{"type":"Feature","geometry":{"type":"Point","coordinates":[18.02578,59.34805]},"properties":{"namn":null,"typ":null,"spanning_kv":null,"volt_klass":0,"kapacitet_mw":null,"operator":null}},{"type":"Feature","geometry":{"type":"Point","coordinates":[16.34426,56.7055]},"properties":{"namn":null,"typ":null,"spanning_kv":null,"volt_klass":0,"kapacitet_mw":null,"operator":null}},{"type":"Feature","geometry":{"type":"Point","coordinates":[20.23168,67.84508]},"properties":{"namn":null,"typ":null,"spanning_kv":null,"volt_klass":0,"kapacitet_mw":null,"operator":null}},{"type":"Feature","geometry":{"type":"Point","coordinates":[16.29806,60.54347]},"properties":{"namn":null,"typ":null,"spanning_kv":130.0,"volt_klass":2,"kapacitet_mw":null,"operator":null}},{"type":"Feature","geometry":{"type":"Point","coordinates":[18.02498,59.30115]},"properties":{"namn":null,"typ":"minor_distribution","spanning_kv":null,"volt_klass":0,"kapacitet_mw":null,"operator":null}},{"type":"Feature","geometry":{"type":"Point","coordinates":[18.02695,59.30168]},"properties":{"namn":null,"typ":"minor_distribution","spanning_kv":null,"volt_klass":0,"kapacitet_mw":null,"operator":null}},{"type":"Feature","geometry":{"type":"Point","coordinates":[18.04608,59.27821]},"properties":{"namn":null,"typ":"minor_distribution","spanning_kv":null,"volt_klass":0,"kapacitet_mw":null,"operator":null}},{"type":"Feature","geometry":{"type":"Point","coordinates":[18.02218,59.29028]},"properties":{"namn":null,"typ":null,"spanning_kv":null,"volt_klass":0,"kapacitet_mw":null,"operator":null}},{"type":"Feature","geometry":{"type":"Point","coordinates":[17.53406,59.78372]},"properties":{"namn":"Station Dalby","typ":null,"spanning_kv":null,"volt_klass":0,"kapacitet_mw":null,"operator":null}},{"type":"Feature","geometry":{"type":"Point","coordinates":[16.87537,61.74571]},"properties":{"namn":null,"typ":null,"spanning_kv":130.0,"volt_klass":2,"kapacitet_mw":null,"operator":null}},{"type":"Feature","geometry":{"type":"Point","coordinates":[15.63203,60.60333]},"properties":{"namn":null,"typ":"minor_distribution","spanning_kv":null,"volt_klass":0,"kapacitet_mw":null,"operator":null}},{"type":"Feature","geometry":{"type":"Point","coordinates":[18.00695,59.28793]},"properties":{"namn":null,"typ":"minor_distribution","spanning_kv":null,"volt_klass":0,"kapacitet_mw":null,"operator":null}},{"type":"Feature","geometry":{"type":"Point","coordinates":[17.33004,62.38357]},"properties":{"namn":null,"typ":"minor_distribution","spanning_kv":null,"volt_klass":0,"kapacitet_mw":null,"operator":null}},{"type":"Feature","geometry":{"type":"Point","coordinates":[18.09523,59.3101]},"properties":{"namn":null,"typ":"minor_distribution","spanning_kv":null,"volt_klass":0,"kapacitet_mw":null,"operator":null}},{"type":"Feature","geometry":{"type":"Point","coordinates":[18.02564,59.34809]},"properties":{"namn":null,"typ":null,"spanning_kv":null,"volt_klass":0,"kapacitet_mw":null,"operator":null}},{"type":"Feature","geometry":{"type":"Point","coordinates":[16.97662,61.71348]},"properties":{"namn":null,"typ":"distribution","spanning_kv":null,"volt_klass":0,"kapacitet_mw":null,"operator":null}},{"type":"Feature","geometry":{"type":"Point","coordinates":[13.02467,55.60903]},"properties":{"namn":null,"typ":"distribution","spanning_kv":130.0,"volt_klass":2,"kapacitet_mw":null,"operator":null}},{"type":"Feature","geometry":{"type":"Point","coordinates":[13.02482,55.60953]},"properties":{"namn":null,"typ":null,"spanning_kv":130.0,"volt_klass":2,"kapacitet_mw":null,"operator":null}},{"type":"Feature","geometry":{"type":"Point","coordinates":[18.53104,59.32191]},"properties":{"namn":null,"typ":null,"spanning_kv":null,"volt_klass":0,"kapacitet_mw":null,"operator":null}},{"type":"Feature","geometry":{"type":"Point","coordinates":[11.96509,57.70213]},"properties":{"namn":null,"typ":"minor_distribution","spanning_kv":null,"volt_klass":0,"kapacitet_mw":null,"operator":null}},{"type":"Feature","geometry":{"type":"Point","coordinates":[13.07207,55.59078]},"properties":{"namn":null,"typ":"minor_distribution","spanning_kv":null,"volt_klass":0,"kapacitet_mw":null,"operator":null}},{"type":"Feature","geometry":{"type":"Point","coordinates":[13.07075,55.59402]},"properties":{"namn":null,"typ":"minor_distribution","spanning_kv":null,"volt_klass":0,"kapacitet_mw":null,"operator":null}},{"type":"Feature","geometry":{"type":"Point","coordinates":[20.18412,67.84194]},"properties":{"namn":null,"typ":"transmission","spanning_kv":130.0,"volt_klass":2,"kapacitet_mw":null,"operator":null}},{"type":"Feature","geometry":{"type":"Point","coordinates":[13.04124,55.56151]},"properties":{"namn":null,"typ":"distribution","spanning_kv":130.0,"volt_klass":2,"kapacitet_mw":null,"operator":null}},{"type":"Feature","geometry":{"type":"Point","coordinates":[17.96445,59.2902]},"properties":{"namn":null,"typ":"distribution","spanning_kv":null,"volt_klass":0,"kapacitet_mw":null,"operator":null}},{"type":"Feature","geometry":{"type":"Point","coordinates":[17.96433,59.2899]},"properties":{"namn":null,"typ":null,"spanning_kv":null,"volt_klass":0,"kapacitet_mw":null,"operator":null}},{"type":"Feature","geometry":{"type":"Point","coordinates":[11.87941,57.66084]},"properties":{"namn":null,"typ":"distribution","spanning_kv":null,"volt_klass":0,"kapacitet_mw":null,"operator":null}},{"type":"Feature","geometry":{"type":"Point","coordinates":[15.61626,56.19644]},"properties":{"namn":null,"typ":null,"spanning_kv":22.0,"volt_klass":1,"kapacitet_mw":null,"operator":"Affärsverken Karlskrona AB"}},{"type":"Feature","geometry":{"type":"Point","coordinates":[11.88832,57.66119]},"properties":{"namn":null,"typ":"distribution","spanning_kv":null,"volt_klass":0,"kapacitet_mw":null,"operator":null}},{"type":"Feature","geometry":{"type":"Point","coordinates":[11.88536,57.66459]},"properties":{"namn":null,"typ":null,"spanning_kv":null,"volt_klass":0,"kapacitet_mw":null,"operator":null}},{"type":"Feature","geometry":{"type":"Point","coordinates":[11.87955,57.6651]},"properties":{"namn":null,"typ":null,"spanning_kv":null,"volt_klass":0,"kapacitet_mw":null,"operator":null}},{"type":"Feature","geometry":{"type":"Point","coordinates":[15.61545,56.20357]},"properties":{"namn":null,"typ":null,"spanning_kv":null,"volt_klass":0,"kapacitet_mw":null,"operator":null}},{"type":"Feature","geometry":{"type":"Point","coordinates":[16.46136,59.64666]},"properties":{"namn":null,"typ":null,"spanning_kv":null,"volt_klass":0,"kapacitet_mw":null,"operator":null}},{"type":"Feature","geometry":{"type":"Point","coordinates":[18.05073,59.28663]},"properties":{"namn":null,"typ":"minor_distribution","spanning_kv":null,"volt_klass":0,"kapacitet_mw":null,"operator":null}},{"type":"Feature","geometry":{"type":"Point","coordinates":[15.24933,60.15272]},"properties":{"namn":"Ludvika","typ":"traction","spanning_kv":132.0,"volt_klass":2,"kapacitet_mw":null,"operator":null}},{"type":"Feature","geometry":{"type":"Point","coordinates":[13.11266,55.77956]},"properties":{"namn":null,"typ":null,"spanning_kv":null,"volt_klass":0,"kapacitet_mw":null,"operator":null}},{"type":"Feature","geometry":{"type":"Point","coordinates":[11.87355,57.66484]},"properties":{"namn":null,"typ":null,"spanning_kv":null,"volt_klass":0,"kapacitet_mw":null,"operator":null}},{"type":"Feature","geometry":{"type":"Point","coordinates":[11.87561,57.66728]},"properties":{"namn":null,"typ":null,"spanning_kv":null,"volt_klass":0,"kapacitet_mw":null,"operator":null}},{"type":"Feature","geometry":{"type":"Point","coordinates":[18.08016,59.11066]},"properties":{"namn":"Västerhaninge","typ":null,"spanning_kv":70.0,"volt_klass":2,"kapacitet_mw":null,"operator":null}},{"type":"Feature","geometry":{"type":"Point","coordinates":[15.76927,58.42956]},"properties":{"namn":null,"typ":null,"spanning_kv":130.0,"volt_klass":2,"kapacitet_mw":null,"operator":null}},{"type":"Feature","geometry":{"type":"Point","coordinates":[14.57744,59.36519]},"properties":{"namn":"Bäck","typ":"transmission","spanning_kv":132.0,"volt_klass":2,"kapacitet_mw":null,"operator":null}},{"type":"Feature","geometry":{"type":"Point","coordinates":[14.51645,59.371]},"properties":{"namn":null,"typ":"transmission","spanning_kv":132.0,"volt_klass":2,"kapacitet_mw":null,"operator":null}},{"type":"Feature","geometry":{"type":"Point","coordinates":[14.54744,59.34592]},"properties":{"namn":null,"typ":"distribution","spanning_kv":45.0,"volt_klass":1,"kapacitet_mw":null,"operator":null}},{"type":"Feature","geometry":{"type":"Point","coordinates":[15.10269,59.26674]},"properties":{"namn":"Lindbacka","typ":"distribution","spanning_kv":400.0,"volt_klass":4,"kapacitet_mw":null,"operator":null}},{"type":"Feature","geometry":{"type":"Point","coordinates":[11.88118,57.67345]},"properties":{"namn":null,"typ":"distribution","spanning_kv":null,"volt_klass":0,"kapacitet_mw":null,"operator":null}},{"type":"Feature","geometry":{"type":"Point","coordinates":[14.54836,59.32765]},"properties":{"namn":null,"typ":null,"spanning_kv":null,"volt_klass":0,"kapacitet_mw":null,"operator":null}},{"type":"Feature","geometry":{"type":"Point","coordinates":[14.4701,59.30724]},"properties":{"namn":null,"typ":null,"spanning_kv":null,"volt_klass":0,"kapacitet_mw":null,"operator":null}},{"type":"Feature","geometry":{"type":"Point","coordinates":[18.08308,59.25358]},"properties":{"namn":null,"typ":"minor_distribution","spanning_kv":null,"volt_klass":0,"kapacitet_mw":null,"operator":null}},{"type":"Feature","geometry":{"type":"Point","coordinates":[18.08679,59.25059]},"properties":{"namn":null,"typ":null,"spanning_kv":null,"volt_klass":0,"kapacitet_mw":null,"operator":null}},{"type":"Feature","geometry":{"type":"Point","coordinates":[15.40343,60.14116]},"properties":{"namn":null,"typ":null,"spanning_kv":50.0,"volt_klass":2,"kapacitet_mw":null,"operator":null}},{"type":"Feature","geometry":{"type":"Point","coordinates":[15.41685,60.13261]},"properties":{"namn":null,"typ":"industrial","spanning_kv":null,"volt_klass":0,"kapacitet_mw":null,"operator":null}},{"type":"Feature","geometry":{"type":"Point","coordinates":[18.07469,59.29355]},"properties":{"namn":null,"typ":null,"spanning_kv":null,"volt_klass":0,"kapacitet_mw":null,"operator":null}},{"type":"Feature","geometry":{"type":"Point","coordinates":[18.06894,59.29409]},"properties":{"namn":null,"typ":null,"spanning_kv":null,"volt_klass":0,"kapacitet_mw":null,"operator":null}},{"type":"Feature","geometry":{"type":"Point","coordinates":[18.06554,59.29382]},"properties":{"namn":null,"typ":null,"spanning_kv":null,"volt_klass":0,"kapacitet_mw":null,"operator":null}},{"type":"Feature","geometry":{"type":"Point","coordinates":[18.08203,59.29109]},"properties":{"namn":null,"typ":"minor_distribution","spanning_kv":null,"volt_klass":0,"kapacitet_mw":null,"operator":null}},{"type":"Feature","geometry":{"type":"Point","coordinates":[18.00843,59.27924]},"properties":{"namn":null,"typ":null,"spanning_kv":null,"volt_klass":0,"kapacitet_mw":null,"operator":null}},{"type":"Feature","geometry":{"type":"Point","coordinates":[11.8781,57.64205]},"properties":{"namn":null,"typ":"distribution","spanning_kv":null,"volt_klass":0,"kapacitet_mw":null,"operator":null}},{"type":"Feature","geometry":{"type":"Point","coordinates":[18.02955,59.28441]},"properties":{"namn":null,"typ":null,"spanning_kv":null,"volt_klass":0,"kapacitet_mw":null,"operator":null}},{"type":"Feature","geometry":{"type":"Point","coordinates":[11.87281,57.63801]},"properties":{"namn":null,"typ":"distribution","spanning_kv":null,"volt_klass":0,"kapacitet_mw":null,"operator":null}},{"type":"Feature","geometry":{"type":"Point","coordinates":[18.0205,59.2837]},"properties":{"namn":null,"typ":null,"spanning_kv":null,"volt_klass":0,"kapacitet_mw":null,"operator":null}},{"type":"Feature","geometry":{"type":"Point","coordinates":[11.86148,57.64565]},"properties":{"namn":null,"typ":"distribution","spanning_kv":null,"volt_klass":0,"kapacitet_mw":null,"operator":null}},{"type":"Feature","geometry":{"type":"Point","coordinates":[11.86101,57.64551]},"properties":{"namn":null,"typ":"distribution","spanning_kv":null,"volt_klass":0,"kapacitet_mw":null,"operator":null}},{"type":"Feature","geometry":{"type":"Point","coordinates":[11.864,57.6474]},"properties":{"namn":null,"typ":"distribution","spanning_kv":null,"volt_klass":0,"kapacitet_mw":null,"operator":null}},{"type":"Feature","geometry":{"type":"Point","coordinates":[18.10118,59.28814]},"properties":{"namn":null,"typ":"minor_distribution","spanning_kv":null,"volt_klass":0,"kapacitet_mw":null,"operator":null}},{"type":"Feature","geometry":{"type":"Point","coordinates":[18.07189,59.29446]},"properties":{"namn":null,"typ":null,"spanning_kv":null,"volt_klass":0,"kapacitet_mw":null,"operator":null}},{"type":"Feature","geometry":{"type":"Point","coordinates":[13.01841,55.59043]},"properties":{"namn":null,"typ":"minor_distribution","spanning_kv":null,"volt_klass":0,"kapacitet_mw":null,"operator":null}},{"type":"Feature","geometry":{"type":"Point","coordinates":[18.0664,59.28728]},"properties":{"namn":null,"typ":"minor_distribution","spanning_kv":null,"volt_klass":0,"kapacitet_mw":null,"operator":null}},{"type":"Feature","geometry":{"type":"Point","coordinates":[18.07295,59.2853]},"properties":{"namn":null,"typ":"minor_distribution","spanning_kv":null,"volt_klass":0,"kapacitet_mw":null,"operator":null}},{"type":"Feature","geometry":{"type":"Point","coordinates":[14.32633,61.08482]},"properties":{"namn":"Spjutmo","typ":null,"spanning_kv":null,"volt_klass":0,"kapacitet_mw":null,"operator":null}},{"type":"Feature","geometry":{"type":"Point","coordinates":[18.0967,59.2908]},"properties":{"namn":null,"typ":"minor_distribution","spanning_kv":null,"volt_klass":0,"kapacitet_mw":null,"operator":null}},{"type":"Feature","geometry":{"type":"Point","coordinates":[18.11711,59.27828]},"properties":{"namn":null,"typ":"minor_distribution","spanning_kv":null,"volt_klass":0,"kapacitet_mw":null,"operator":null}},{"type":"Feature","geometry":{"type":"Point","coordinates":[11.86703,57.65412]},"properties":{"namn":null,"typ":"distribution","spanning_kv":null,"volt_klass":0,"kapacitet_mw":null,"operator":null}},{"type":"Feature","geometry":{"type":"Point","coordinates":[18.10514,59.30949]},"properties":{"namn":null,"typ":null,"spanning_kv":null,"volt_klass":0,"kapacitet_mw":null,"operator":null}},{"type":"Feature","geometry":{"type":"Point","coordinates":[11.86813,57.65617]},"properties":{"namn":null,"typ":"distribution","spanning_kv":null,"volt_klass":0,"kapacitet_mw":null,"operator":null}},{"type":"Feature","geometry":{"type":"Point","coordinates":[14.20627,55.9416]},"properties":{"namn":null,"typ":"distribution","spanning_kv":null,"volt_klass":0,"kapacitet_mw":null,"operator":null}},{"type":"Feature","geometry":{"type":"Point","coordinates":[11.86479,57.65942]},"properties":{"namn":null,"typ":"distribution","spanning_kv":null,"volt_klass":0,"kapacitet_mw":null,"operator":null}},{"type":"Feature","geometry":{"type":"Point","coordinates":[11.87011,57.66387]},"properties":{"namn":null,"typ":"distribution","spanning_kv":null,"volt_klass":0,"kapacitet_mw":null,"operator":null}},{"type":"Feature","geometry":{"type":"Point","coordinates":[18.08132,59.29694]},"properties":{"namn":null,"typ":"minor_distribution","spanning_kv":null,"volt_klass":0,"kapacitet_mw":null,"operator":null}},{"type":"Feature","geometry":{"type":"Point","coordinates":[11.86589,57.66325]},"properties":{"namn":null,"typ":"distribution","spanning_kv":null,"volt_klass":0,"kapacitet_mw":null,"operator":null}},{"type":"Feature","geometry":{"type":"Point","coordinates":[15.67102,56.19998]},"properties":{"namn":null,"typ":null,"spanning_kv":null,"volt_klass":0,"kapacitet_mw":null,"operator":null}},{"type":"Feature","geometry":{"type":"Point","coordinates":[15.67026,56.19815]},"properties":{"namn":null,"typ":null,"spanning_kv":null,"volt_klass":0,"kapacitet_mw":null,"operator":null}},{"type":"Feature","geometry":{"type":"Point","coordinates":[11.86191,57.66589]},"properties":{"namn":null,"typ":"distribution","spanning_kv":null,"volt_klass":0,"kapacitet_mw":null,"operator":null}},{"type":"Feature","geometry":{"type":"Point","coordinates":[18.10514,59.30941]},"properties":{"namn":null,"typ":null,"spanning_kv":null,"volt_klass":0,"kapacitet_mw":null,"operator":null}},{"type":"Feature","geometry":{"type":"Point","coordinates":[18.09645,59.23324]},"properties":{"namn":null,"typ":null,"spanning_kv":null,"volt_klass":0,"kapacitet_mw":null,"operator":null}},{"type":"Feature","geometry":{"type":"Point","coordinates":[11.85522,57.66963]},"properties":{"namn":null,"typ":"distribution","spanning_kv":null,"volt_klass":0,"kapacitet_mw":null,"operator":null}},{"type":"Feature","geometry":{"type":"Point","coordinates":[11.85479,57.66945]},"properties":{"namn":null,"typ":"distribution","spanning_kv":null,"volt_klass":0,"kapacitet_mw":null,"operator":null}},{"type":"Feature","geometry":{"type":"Point","coordinates":[20.25936,63.81099]},"properties":{"namn":"Hammaren","typ":"minor_distribution","spanning_kv":null,"volt_klass":0,"kapacitet_mw":null,"operator":"Umeå Energi"}},{"type":"Feature","geometry":{"type":"Point","coordinates":[20.2333,67.8697]},"properties":{"namn":null,"typ":"transmission","spanning_kv":130.0,"volt_klass":2,"kapacitet_mw":null,"operator":null}},{"type":"Feature","geometry":{"type":"Point","coordinates":[16.01545,57.17023]},"properties":{"namn":null,"typ":null,"spanning_kv":null,"volt_klass":0,"kapacitet_mw":null,"operator":null}},{"type":"Feature","geometry":{"type":"Point","coordinates":[11.9235,57.65561]},"properties":{"namn":null,"typ":null,"spanning_kv":null,"volt_klass":0,"kapacitet_mw":null,"operator":null}},{"type":"Feature","geometry":{"type":"Point","coordinates":[11.88055,57.67465]},"properties":{"namn":null,"typ":"distribution","spanning_kv":null,"volt_klass":0,"kapacitet_mw":null,"operator":null}},{"type":"Feature","geometry":{"type":"Point","coordinates":[18.05891,59.27093]},"properties":{"namn":null,"typ":"minor_distribution","spanning_kv":null,"volt_klass":0,"kapacitet_mw":null,"operator":null}},{"type":"Feature","geometry":{"type":"Point","coordinates":[18.06114,59.26803]},"properties":{"namn":null,"typ":"minor_distribution","spanning_kv":null,"volt_klass":0,"kapacitet_mw":null,"operator":null}},{"type":"Feature","geometry":{"type":"Point","coordinates":[18.054,59.2716]},"properties":{"namn":null,"typ":"minor_distribution","spanning_kv":null,"volt_klass":0,"kapacitet_mw":null,"operator":null}},{"type":"Feature","geometry":{"type":"Point","coordinates":[11.99684,57.68859]},"properties":{"namn":null,"typ":"distribution","spanning_kv":null,"volt_klass":0,"kapacitet_mw":null,"operator":null}},{"type":"Feature","geometry":{"type":"Point","coordinates":[13.07526,55.59387]},"properties":{"namn":null,"typ":"minor_distribution","spanning_kv":null,"volt_klass":0,"kapacitet_mw":null,"operator":null}},{"type":"Feature","geometry":{"type":"Point","coordinates":[13.06207,55.42409]},"properties":{"namn":"Västra Värlinge Cable Terminal","typ":"transition","spanning_kv":450.0,"volt_klass":4,"kapacitet_mw":null,"operator":null}},{"type":"Feature","geometry":{"type":"Point","coordinates":[18.06688,59.26356]},"properties":{"namn":null,"typ":"minor_distribution","spanning_kv":null,"volt_klass":0,"kapacitet_mw":null,"operator":null}},{"type":"Feature","geometry":{"type":"Point","coordinates":[18.60545,59.76313]},"properties":{"namn":"Malsta","typ":"transmission","spanning_kv":220.0,"volt_klass":3,"kapacitet_mw":null,"operator":"Svenska Kraftnät"}},{"type":"Feature","geometry":{"type":"Point","coordinates":[18.01567,59.95684]},"properties":{"namn":"Tuna","typ":"transmission","spanning_kv":400.0,"volt_klass":4,"kapacitet_mw":null,"operator":"Svenska Kraftnät"}},{"type":"Feature","geometry":{"type":"Point","coordinates":[16.59436,59.6344]},"properties":{"namn":"Building 397","typ":"distribution","spanning_kv":6.0,"volt_klass":1,"kapacitet_mw":null,"operator":"Mälarenergi"}},{"type":"Feature","geometry":{"type":"Point","coordinates":[18.60181,60.05206]},"properties":{"namn":null,"typ":null,"spanning_kv":null,"volt_klass":0,"kapacitet_mw":null,"operator":null}},{"type":"Feature","geometry":{"type":"Point","coordinates":[18.51769,60.07413]},"properties":{"namn":"Gråska","typ":"transmission","spanning_kv":220.0,"volt_klass":3,"kapacitet_mw":null,"operator":"Svenska Kraftnät"}},{"type":"Feature","geometry":{"type":"Point","coordinates":[17.65516,59.91459]},"properties":{"namn":"Bredåker","typ":"transmission","spanning_kv":220.0,"volt_klass":3,"kapacitet_mw":null,"operator":"Svenska Kraftnät"}},{"type":"Feature","geometry":{"type":"Point","coordinates":[14.91531,58.43816]},"properties":{"namn":null,"typ":"transmission","spanning_kv":130.0,"volt_klass":2,"kapacitet_mw":null,"operator":null}},{"type":"Feature","geometry":{"type":"Point","coordinates":[13.81858,58.36519]},"properties":{"namn":null,"typ":null,"spanning_kv":null,"volt_klass":0,"kapacitet_mw":null,"operator":null}},{"type":"Feature","geometry":{"type":"Point","coordinates":[13.82019,58.36824]},"properties":{"namn":null,"typ":null,"spanning_kv":null,"volt_klass":0,"kapacitet_mw":null,"operator":null}},{"type":"Feature","geometry":{"type":"Point","coordinates":[18.02226,59.28566]},"properties":{"namn":null,"typ":null,"spanning_kv":null,"volt_klass":0,"kapacitet_mw":null,"operator":null}},{"type":"Feature","geometry":{"type":"Point","coordinates":[18.0244,59.29023]},"properties":{"namn":null,"typ":"minor_distribution","spanning_kv":null,"volt_klass":0,"kapacitet_mw":null,"operator":null}},{"type":"Feature","geometry":{"type":"Point","coordinates":[12.70087,56.05781]},"properties":{"namn":"Stattena","typ":"distribution","spanning_kv":132.0,"volt_klass":2,"kapacitet_mw":null,"operator":null}},{"type":"Feature","geometry":{"type":"Point","coordinates":[16.74599,60.6335]},"properties":{"namn":null,"typ":null,"spanning_kv":null,"volt_klass":0,"kapacitet_mw":null,"operator":"Sandviken Energi"}},{"type":"Feature","geometry":{"type":"Point","coordinates":[13.59728,57.43859]},"properties":{"namn":null,"typ":"distribution","spanning_kv":45.0,"volt_klass":1,"kapacitet_mw":null,"operator":null}},{"type":"Feature","geometry":{"type":"Point","coordinates":[16.4837,60.57771]},"properties":{"namn":"Storvik","typ":"traction","spanning_kv":132.0,"volt_klass":2,"kapacitet_mw":null,"operator":null}},{"type":"Feature","geometry":{"type":"Point","coordinates":[18.08629,59.26785]},"properties":{"namn":null,"typ":"minor_distribution","spanning_kv":null,"volt_klass":0,"kapacitet_mw":null,"operator":null}},{"type":"Feature","geometry":{"type":"Point","coordinates":[18.07945,59.26946]},"properties":{"namn":null,"typ":"minor_distribution","spanning_kv":null,"volt_klass":0,"kapacitet_mw":null,"operator":null}},{"type":"Feature","geometry":{"type":"Point","coordinates":[12.88642,56.66812]},"properties":{"namn":null,"typ":"yes","spanning_kv":null,"volt_klass":0,"kapacitet_mw":null,"operator":null}},{"type":"Feature","geometry":{"type":"Point","coordinates":[11.95378,57.74902]},"properties":{"namn":null,"typ":"distribution","spanning_kv":null,"volt_klass":0,"kapacitet_mw":null,"operator":null}},{"type":"Feature","geometry":{"type":"Point","coordinates":[14.67178,57.66315]},"properties":{"namn":"Nässjö","typ":"transmission","spanning_kv":130.0,"volt_klass":2,"kapacitet_mw":null,"operator":null}},{"type":"Feature","geometry":{"type":"Point","coordinates":[14.04686,57.2206]},"properties":{"namn":null,"typ":"transmission","spanning_kv":130.0,"volt_klass":2,"kapacitet_mw":null,"operator":null}},{"type":"Feature","geometry":{"type":"Point","coordinates":[13.05576,56.81884]},"properties":{"namn":"Breared","typ":"transmission","spanning_kv":400.0,"volt_klass":4,"kapacitet_mw":null,"operator":null}},{"type":"Feature","geometry":{"type":"Point","coordinates":[13.58507,57.29206]},"properties":{"namn":null,"typ":"transmission","spanning_kv":132.0,"volt_klass":2,"kapacitet_mw":null,"operator":null}},{"type":"Feature","geometry":{"type":"Point","coordinates":[17.93074,58.92523]},"properties":{"namn":"Nynäshamn","typ":null,"spanning_kv":70.0,"volt_klass":2,"kapacitet_mw":null,"operator":"Vattenfall"}},{"type":"Feature","geometry":{"type":"Point","coordinates":[13.59712,57.17872]},"properties":{"namn":null,"typ":"distribution","spanning_kv":45.0,"volt_klass":1,"kapacitet_mw":null,"operator":null}},{"type":"Feature","geometry":{"type":"Point","coordinates":[11.24826,58.36793]},"properties":{"namn":null,"typ":"distribution","spanning_kv":45.0,"volt_klass":1,"kapacitet_mw":null,"operator":null}},{"type":"Feature","geometry":{"type":"Point","coordinates":[18.25324,64.71298]},"properties":{"namn":null,"typ":null,"spanning_kv":null,"volt_klass":0,"kapacitet_mw":null,"operator":null}},{"type":"Feature","geometry":{"type":"Point","coordinates":[11.89506,57.6344]},"properties":{"namn":null,"typ":"distribution","spanning_kv":null,"volt_klass":0,"kapacitet_mw":null,"operator":null}},{"type":"Feature","geometry":{"type":"Point","coordinates":[11.89622,57.63197]},"properties":{"namn":null,"typ":"distribution","spanning_kv":null,"volt_klass":0,"kapacitet_mw":null,"operator":null}},{"type":"Feature","geometry":{"type":"Point","coordinates":[14.73137,57.65511]},"properties":{"namn":null,"typ":null,"spanning_kv":null,"volt_klass":0,"kapacitet_mw":null,"operator":null}},{"type":"Feature","geometry":{"type":"Point","coordinates":[11.89934,57.63008]},"properties":{"namn":null,"typ":"distribution","spanning_kv":null,"volt_klass":0,"kapacitet_mw":null,"operator":null}},{"type":"Feature","geometry":{"type":"Point","coordinates":[16.15897,58.65801]},"properties":{"namn":null,"typ":"minor_distribution","spanning_kv":null,"volt_klass":0,"kapacitet_mw":null,"operator":null}},{"type":"Feature","geometry":{"type":"Point","coordinates":[18.16024,59.16208]},"properties":{"namn":"Handen","typ":null,"spanning_kv":null,"volt_klass":0,"kapacitet_mw":null,"operator":null}},{"type":"Feature","geometry":{"type":"Point","coordinates":[11.91603,57.64467]},"properties":{"namn":null,"typ":"distribution","spanning_kv":null,"volt_klass":0,"kapacitet_mw":null,"operator":null}},{"type":"Feature","geometry":{"type":"Point","coordinates":[11.94652,57.60531]},"properties":{"namn":null,"typ":"distribution","spanning_kv":null,"volt_klass":0,"kapacitet_mw":null,"operator":null}},{"type":"Feature","geometry":{"type":"Point","coordinates":[13.69564,60.05858]},"properties":{"namn":null,"typ":null,"spanning_kv":null,"volt_klass":0,"kapacitet_mw":null,"operator":null}},{"type":"Feature","geometry":{"type":"Point","coordinates":[11.94464,57.60109]},"properties":{"namn":null,"typ":"distribution","spanning_kv":null,"volt_klass":0,"kapacitet_mw":null,"operator":null}},{"type":"Feature","geometry":{"type":"Point","coordinates":[11.92527,57.66898]},"properties":{"namn":null,"typ":"distribution","spanning_kv":null,"volt_klass":0,"kapacitet_mw":null,"operator":null}},{"type":"Feature","geometry":{"type":"Point","coordinates":[20.14244,63.85175]},"properties":{"namn":null,"typ":null,"spanning_kv":null,"volt_klass":0,"kapacitet_mw":null,"operator":null}},{"type":"Feature","geometry":{"type":"Point","coordinates":[15.19663,59.27107]},"properties":{"namn":null,"typ":null,"spanning_kv":null,"volt_klass":0,"kapacitet_mw":null,"operator":null}},{"type":"Feature","geometry":{"type":"Point","coordinates":[15.1929,60.15667]},"properties":{"namn":"Hyttbacken","typ":null,"spanning_kv":130.0,"volt_klass":2,"kapacitet_mw":null,"operator":null}},{"type":"Feature","geometry":{"type":"Point","coordinates":[11.93975,57.66513]},"properties":{"namn":null,"typ":"distribution","spanning_kv":null,"volt_klass":0,"kapacitet_mw":null,"operator":null}},{"type":"Feature","geometry":{"type":"Point","coordinates":[11.95241,57.68655]},"properties":{"namn":null,"typ":"distribution","spanning_kv":null,"volt_klass":0,"kapacitet_mw":null,"operator":null}},{"type":"Feature","geometry":{"type":"Point","coordinates":[17.34381,62.37429]},"properties":{"namn":null,"typ":"minor_distribution","spanning_kv":null,"volt_klass":0,"kapacitet_mw":null,"operator":null}},{"type":"Feature","geometry":{"type":"Point","coordinates":[14.42327,59.25458]},"properties":{"namn":null,"typ":"transmission","spanning_kv":132.0,"volt_klass":2,"kapacitet_mw":null,"operator":null}},{"type":"Feature","geometry":{"type":"Point","coordinates":[12.14734,57.71069]},"properties":{"namn":null,"typ":null,"spanning_kv":null,"volt_klass":0,"kapacitet_mw":null,"operator":null}},{"type":"Feature","geometry":{"type":"Point","coordinates":[20.63003,67.14279]},"properties":{"namn":null,"typ":"transmission","spanning_kv":130.0,"volt_klass":2,"kapacitet_mw":null,"operator":null}},{"type":"Feature","geometry":{"type":"Point","coordinates":[18.09187,59.29664]},"properties":{"namn":null,"typ":"minor_distribution","spanning_kv":null,"volt_klass":0,"kapacitet_mw":null,"operator":null}},{"type":"Feature","geometry":{"type":"Point","coordinates":[14.79881,56.84124]},"properties":{"namn":null,"typ":null,"spanning_kv":null,"volt_klass":0,"kapacitet_mw":null,"operator":null}},{"type":"Feature","geometry":{"type":"Point","coordinates":[12.35064,63.29732]},"properties":{"namn":null,"typ":"transmission","spanning_kv":400.0,"volt_klass":4,"kapacitet_mw":null,"operator":null}},{"type":"Feature","geometry":{"type":"Point","coordinates":[18.23674,59.32113]},"properties":{"namn":null,"typ":null,"spanning_kv":null,"volt_klass":0,"kapacitet_mw":null,"operator":null}},{"type":"Feature","geometry":{"type":"Point","coordinates":[18.24153,59.32114]},"properties":{"namn":null,"typ":"yes","spanning_kv":null,"volt_klass":0,"kapacitet_mw":null,"operator":null}},{"type":"Feature","geometry":{"type":"Point","coordinates":[12.31279,57.80151]},"properties":{"namn":"Lerum","typ":"distribution","spanning_kv":132.0,"volt_klass":2,"kapacitet_mw":null,"operator":"Vattenfall"}},{"type":"Feature","geometry":{"type":"Point","coordinates":[17.32842,62.37632]},"properties":{"namn":null,"typ":"minor_distribution","spanning_kv":null,"volt_klass":0,"kapacitet_mw":null,"operator":null}},{"type":"Feature","geometry":{"type":"Point","coordinates":[17.7711,60.47671]},"properties":{"namn":null,"typ":null,"spanning_kv":70.0,"volt_klass":2,"kapacitet_mw":null,"operator":null}},{"type":"Feature","geometry":{"type":"Point","coordinates":[18.00453,59.29142]},"properties":{"namn":null,"typ":"minor_distribution","spanning_kv":null,"volt_klass":0,"kapacitet_mw":null,"operator":null}},{"type":"Feature","geometry":{"type":"Point","coordinates":[17.25357,62.41396]},"properties":{"namn":null,"typ":"minor_distribution","spanning_kv":null,"volt_klass":0,"kapacitet_mw":null,"operator":null}},{"type":"Feature","geometry":{"type":"Point","coordinates":[17.25034,62.41445]},"properties":{"namn":null,"typ":"minor_distribution","spanning_kv":null,"volt_klass":0,"kapacitet_mw":null,"operator":null}},{"type":"Feature","geometry":{"type":"Point","coordinates":[12.31306,58.25358]},"properties":{"namn":"Lextorp","typ":"transmission","spanning_kv":132.0,"volt_klass":2,"kapacitet_mw":null,"operator":"Vattenfall"}},{"type":"Feature","geometry":{"type":"Point","coordinates":[12.1276,57.72249]},"properties":{"namn":null,"typ":null,"spanning_kv":null,"volt_klass":0,"kapacitet_mw":null,"operator":null}},{"type":"Feature","geometry":{"type":"Point","coordinates":[18.61174,59.36137]},"properties":{"namn":null,"typ":null,"spanning_kv":null,"volt_klass":0,"kapacitet_mw":null,"operator":null}},{"type":"Feature","geometry":{"type":"Point","coordinates":[17.09383,61.70094]},"properties":{"namn":"Hudiksvall","typ":"traction","spanning_kv":132.0,"volt_klass":2,"kapacitet_mw":null,"operator":null}},{"type":"Feature","geometry":{"type":"Point","coordinates":[17.06722,61.70482]},"properties":{"namn":null,"typ":null,"spanning_kv":130.0,"volt_klass":2,"kapacitet_mw":null,"operator":null}},{"type":"Feature","geometry":{"type":"Point","coordinates":[17.51217,59.98682]},"properties":{"namn":null,"typ":null,"spanning_kv":null,"volt_klass":0,"kapacitet_mw":null,"operator":null}},{"type":"Feature","geometry":{"type":"Point","coordinates":[17.41537,60.53151]},"properties":{"namn":null,"typ":null,"spanning_kv":null,"volt_klass":0,"kapacitet_mw":null,"operator":null}},{"type":"Feature","geometry":{"type":"Point","coordinates":[20.33395,65.37348]},"properties":{"namn":"Långträsk","typ":"traction","spanning_kv":132.0,"volt_klass":2,"kapacitet_mw":null,"operator":null}},{"type":"Feature","geometry":{"type":"Point","coordinates":[20.3336,65.37416]},"properties":{"namn":null,"typ":null,"spanning_kv":null,"volt_klass":0,"kapacitet_mw":null,"operator":null}},{"type":"Feature","geometry":{"type":"Point","coordinates":[17.53497,60.32521]},"properties":{"namn":"Tierp","typ":"traction","spanning_kv":132.0,"volt_klass":2,"kapacitet_mw":null,"operator":null}},{"type":"Feature","geometry":{"type":"Point","coordinates":[12.89114,56.66805]},"properties":{"namn":null,"typ":null,"spanning_kv":null,"volt_klass":0,"kapacitet_mw":null,"operator":null}},{"type":"Feature","geometry":{"type":"Point","coordinates":[17.05794,61.6393]},"properties":{"namn":null,"typ":null,"spanning_kv":null,"volt_klass":0,"kapacitet_mw":null,"operator":null}},{"type":"Feature","geometry":{"type":"Point","coordinates":[17.0877,61.63857]},"properties":{"namn":null,"typ":"industrial","spanning_kv":130.0,"volt_klass":2,"kapacitet_mw":null,"operator":null}},{"type":"Feature","geometry":{"type":"Point","coordinates":[16.95756,61.5422]},"properties":{"namn":null,"typ":null,"spanning_kv":null,"volt_klass":0,"kapacitet_mw":null,"operator":null}},{"type":"Feature","geometry":{"type":"Point","coordinates":[12.8953,56.66573]},"properties":{"namn":null,"typ":null,"spanning_kv":null,"volt_klass":0,"kapacitet_mw":null,"operator":null}},{"type":"Feature","geometry":{"type":"Point","coordinates":[18.08043,59.26491]},"properties":{"namn":null,"typ":"minor_distribution","spanning_kv":null,"volt_klass":0,"kapacitet_mw":null,"operator":null}},{"type":"Feature","geometry":{"type":"Point","coordinates":[18.10699,59.25715]},"properties":{"namn":null,"typ":"minor_distribution","spanning_kv":null,"volt_klass":0,"kapacitet_mw":null,"operator":null}},{"type":"Feature","geometry":{"type":"Point","coordinates":[15.2407,63.23527]},"properties":{"namn":"Midskog","typ":"transmission","spanning_kv":400.0,"volt_klass":4,"kapacitet_mw":null,"operator":null}},{"type":"Feature","geometry":{"type":"Point","coordinates":[15.24082,63.23821]},"properties":{"namn":"Midskog","typ":"transmission","spanning_kv":220.0,"volt_klass":3,"kapacitet_mw":null,"operator":null}},{"type":"Feature","geometry":{"type":"Point","coordinates":[14.84589,62.46038]},"properties":{"namn":null,"typ":null,"spanning_kv":220.0,"volt_klass":3,"kapacitet_mw":null,"operator":null}},{"type":"Feature","geometry":{"type":"Point","coordinates":[13.0419,55.62674]},"properties":{"namn":null,"typ":"industrial","spanning_kv":130.0,"volt_klass":2,"kapacitet_mw":null,"operator":null}},{"type":"Feature","geometry":{"type":"Point","coordinates":[18.36983,59.31114]},"properties":{"namn":"Ställverk Ekbacken","typ":"transmission","spanning_kv":220.0,"volt_klass":3,"kapacitet_mw":null,"operator":null}},{"type":"Feature","geometry":{"type":"Point","coordinates":[18.08782,59.26729]},"properties":{"namn":null,"typ":null,"spanning_kv":null,"volt_klass":0,"kapacitet_mw":null,"operator":null}},{"type":"Feature","geometry":{"type":"Point","coordinates":[18.0645,59.29022]},"properties":{"namn":null,"typ":"minor_distribution","spanning_kv":null,"volt_klass":0,"kapacitet_mw":null,"operator":null}},{"type":"Feature","geometry":{"type":"Point","coordinates":[15.03191,58.52656]},"properties":{"namn":null,"typ":null,"spanning_kv":null,"volt_klass":0,"kapacitet_mw":null,"operator":null}},{"type":"Feature","geometry":{"type":"Point","coordinates":[15.03197,58.52793]},"properties":{"namn":null,"typ":null,"spanning_kv":null,"volt_klass":0,"kapacitet_mw":null,"operator":null}},{"type":"Feature","geometry":{"type":"Point","coordinates":[15.0347,58.52854]},"properties":{"namn":null,"typ":null,"spanning_kv":null,"volt_klass":0,"kapacitet_mw":null,"operator":null}},{"type":"Feature","geometry":{"type":"Point","coordinates":[15.05005,58.53091]},"properties":{"namn":null,"typ":null,"spanning_kv":null,"volt_klass":0,"kapacitet_mw":null,"operator":null}},{"type":"Feature","geometry":{"type":"Point","coordinates":[17.94587,59.35954]},"properties":{"namn":null,"typ":null,"spanning_kv":null,"volt_klass":0,"kapacitet_mw":null,"operator":null}},{"type":"Feature","geometry":{"type":"Point","coordinates":[17.95379,59.35817]},"properties":{"namn":null,"typ":null,"spanning_kv":null,"volt_klass":0,"kapacitet_mw":null,"operator":null}},{"type":"Feature","geometry":{"type":"Point","coordinates":[14.6495,63.18325]},"properties":{"namn":null,"typ":null,"spanning_kv":null,"volt_klass":0,"kapacitet_mw":null,"operator":null}},{"type":"Feature","geometry":{"type":"Point","coordinates":[17.19286,60.16871]},"properties":{"namn":null,"typ":"distribution","spanning_kv":77.0,"volt_klass":2,"kapacitet_mw":null,"operator":"Vattenfall"}},{"type":"Feature","geometry":{"type":"Point","coordinates":[15.4855,60.68264]},"properties":{"namn":null,"typ":"transmission","spanning_kv":130.0,"volt_klass":2,"kapacitet_mw":null,"operator":null}},{"type":"Feature","geometry":{"type":"Point","coordinates":[17.21802,60.10854]},"properties":{"namn":null,"typ":null,"spanning_kv":null,"volt_klass":0,"kapacitet_mw":null,"operator":null}},{"type":"Feature","geometry":{"type":"Point","coordinates":[17.342,62.42859]},"properties":{"namn":null,"typ":"minor_distribution","spanning_kv":null,"volt_klass":0,"kapacitet_mw":null,"operator":null}},{"type":"Feature","geometry":{"type":"Point","coordinates":[14.09226,61.17324]},"properties":{"namn":"Väsa","typ":null,"spanning_kv":null,"volt_klass":0,"kapacitet_mw":null,"operator":null}},{"type":"Feature","geometry":{"type":"Point","coordinates":[13.75744,61.28161]},"properties":{"namn":"Åsen","typ":null,"spanning_kv":130.0,"volt_klass":2,"kapacitet_mw":null,"operator":null}},{"type":"Feature","geometry":{"type":"Point","coordinates":[14.1491,61.14645]},"properties":{"namn":"Blyberg","typ":null,"spanning_kv":130.0,"volt_klass":2,"kapacitet_mw":null,"operator":null}},{"type":"Feature","geometry":{"type":"Point","coordinates":[14.14621,61.14498]},"properties":{"namn":"Blyberg","typ":null,"spanning_kv":145.0,"volt_klass":2,"kapacitet_mw":null,"operator":null}},{"type":"Feature","geometry":{"type":"Point","coordinates":[14.03764,61.21858]},"properties":{"namn":null,"typ":"distribution","spanning_kv":70.0,"volt_klass":2,"kapacitet_mw":null,"operator":null}},{"type":"Feature","geometry":{"type":"Point","coordinates":[17.65824,59.88394]},"properties":{"namn":null,"typ":null,"spanning_kv":null,"volt_klass":0,"kapacitet_mw":null,"operator":null}},{"type":"Feature","geometry":{"type":"Point","coordinates":[18.87543,59.96456]},"properties":{"namn":"Senneby","typ":null,"spanning_kv":110.0,"volt_klass":2,"kapacitet_mw":null,"operator":null}},{"type":"Feature","geometry":{"type":"Point","coordinates":[15.06214,58.52721]},"properties":{"namn":null,"typ":null,"spanning_kv":null,"volt_klass":0,"kapacitet_mw":null,"operator":null}},{"type":"Feature","geometry":{"type":"Point","coordinates":[15.60265,58.41305]},"properties":{"namn":null,"typ":"minor_distribution","spanning_kv":null,"volt_klass":0,"kapacitet_mw":null,"operator":null}},{"type":"Feature","geometry":{"type":"Point","coordinates":[15.07424,58.54627]},"properties":{"namn":null,"typ":null,"spanning_kv":null,"volt_klass":0,"kapacitet_mw":null,"operator":null}},{"type":"Feature","geometry":{"type":"Point","coordinates":[18.04335,59.28243]},"properties":{"namn":null,"typ":null,"spanning_kv":null,"volt_klass":0,"kapacitet_mw":null,"operator":null}},{"type":"Feature","geometry":{"type":"Point","coordinates":[18.42545,57.51897]},"properties":{"namn":null,"typ":null,"spanning_kv":110.0,"volt_klass":2,"kapacitet_mw":null,"operator":null}},{"type":"Feature","geometry":{"type":"Point","coordinates":[17.63863,59.51743]},"properties":{"namn":null,"typ":"minor_distribution","spanning_kv":null,"volt_klass":0,"kapacitet_mw":null,"operator":null}},{"type":"Feature","geometry":{"type":"Point","coordinates":[17.63484,59.51875]},"properties":{"namn":null,"typ":"minor_distribution","spanning_kv":null,"volt_klass":0,"kapacitet_mw":null,"operator":null}},{"type":"Feature","geometry":{"type":"Point","coordinates":[15.51807,57.46666]},"properties":{"namn":null,"typ":"distribution","spanning_kv":130.0,"volt_klass":2,"kapacitet_mw":null,"operator":null}},{"type":"Feature","geometry":{"type":"Point","coordinates":[20.32483,63.71007]},"properties":{"namn":null,"typ":null,"spanning_kv":null,"volt_klass":0,"kapacitet_mw":null,"operator":null}},{"type":"Feature","geometry":{"type":"Point","coordinates":[15.06559,58.54782]},"properties":{"namn":null,"typ":null,"spanning_kv":null,"volt_klass":0,"kapacitet_mw":null,"operator":null}},{"type":"Feature","geometry":{"type":"Point","coordinates":[15.28068,59.254]},"properties":{"namn":null,"typ":null,"spanning_kv":130.0,"volt_klass":2,"kapacitet_mw":null,"operator":null}},{"type":"Feature","geometry":{"type":"Point","coordinates":[15.01479,58.54124]},"properties":{"namn":null,"typ":null,"spanning_kv":null,"volt_klass":0,"kapacitet_mw":null,"operator":null}},{"type":"Feature","geometry":{"type":"Point","coordinates":[18.45729,59.39572]},"properties":{"namn":null,"typ":null,"spanning_kv":null,"volt_klass":0,"kapacitet_mw":null,"operator":"Vattenfall"}},{"type":"Feature","geometry":{"type":"Point","coordinates":[17.33845,62.41721]},"properties":{"namn":null,"typ":"minor_distribution","spanning_kv":null,"volt_klass":0,"kapacitet_mw":null,"operator":null}},{"type":"Feature","geometry":{"type":"Point","coordinates":[18.16325,59.30761]},"properties":{"namn":null,"typ":null,"spanning_kv":null,"volt_klass":0,"kapacitet_mw":null,"operator":null}},{"type":"Feature","geometry":{"type":"Point","coordinates":[17.92458,59.44818]},"properties":{"namn":null,"typ":"distribution","spanning_kv":null,"volt_klass":0,"kapacitet_mw":null,"operator":null}},{"type":"Feature","geometry":{"type":"Point","coordinates":[17.92953,59.17358]},"properties":{"namn":"Riksten","typ":null,"spanning_kv":70.0,"volt_klass":2,"kapacitet_mw":null,"operator":null}},{"type":"Feature","geometry":{"type":"Point","coordinates":[12.84444,56.67821]},"properties":{"namn":null,"typ":null,"spanning_kv":null,"volt_klass":0,"kapacitet_mw":null,"operator":null}},{"type":"Feature","geometry":{"type":"Point","coordinates":[12.8405,56.67639]},"properties":{"namn":null,"typ":null,"spanning_kv":null,"volt_klass":0,"kapacitet_mw":null,"operator":null}},{"type":"Feature","geometry":{"type":"Point","coordinates":[17.99469,59.28905]},"properties":{"namn":null,"typ":"transition","spanning_kv":null,"volt_klass":0,"kapacitet_mw":null,"operator":null}},{"type":"Feature","geometry":{"type":"Point","coordinates":[18.33235,60.26719]},"properties":{"namn":null,"typ":null,"spanning_kv":70.0,"volt_klass":2,"kapacitet_mw":null,"operator":null}},{"type":"Feature","geometry":{"type":"Point","coordinates":[15.59338,60.41827]},"properties":{"namn":"Station M2 Gustafs","typ":"distribution","spanning_kv":null,"volt_klass":0,"kapacitet_mw":null,"operator":"Dala Energi"}},{"type":"Feature","geometry":{"type":"Point","coordinates":[15.47374,62.49719]},"properties":{"namn":null,"typ":"minor_distribution","spanning_kv":null,"volt_klass":0,"kapacitet_mw":null,"operator":null}},{"type":"Feature","geometry":{"type":"Point","coordinates":[15.48554,62.49602]},"properties":{"namn":null,"typ":null,"spanning_kv":70.0,"volt_klass":2,"kapacitet_mw":null,"operator":null}},{"type":"Feature","geometry":{"type":"Point","coordinates":[15.48877,62.48705]},"properties":{"namn":null,"typ":null,"spanning_kv":70.0,"volt_klass":2,"kapacitet_mw":null,"operator":null}},{"type":"Feature","geometry":{"type":"Point","coordinates":[13.18854,58.29346]},"properties":{"namn":null,"typ":"distribution","spanning_kv":45.0,"volt_klass":1,"kapacitet_mw":null,"operator":null}},{"type":"Feature","geometry":{"type":"Point","coordinates":[15.47177,62.49025]},"properties":{"namn":null,"typ":"minor_distribution","spanning_kv":null,"volt_klass":0,"kapacitet_mw":null,"operator":null}},{"type":"Feature","geometry":{"type":"Point","coordinates":[15.47826,62.48845]},"properties":{"namn":null,"typ":null,"spanning_kv":70.0,"volt_klass":2,"kapacitet_mw":null,"operator":null}},{"type":"Feature","geometry":{"type":"Point","coordinates":[14.49692,56.07414]},"properties":{"namn":null,"typ":"transmission","spanning_kv":130.0,"volt_klass":2,"kapacitet_mw":null,"operator":null}},{"type":"Feature","geometry":{"type":"Point","coordinates":[15.49173,62.4953]},"properties":{"namn":null,"typ":null,"spanning_kv":70.0,"volt_klass":2,"kapacitet_mw":null,"operator":null}},{"type":"Feature","geometry":{"type":"Point","coordinates":[18.08867,59.27133]},"properties":{"namn":null,"typ":"minor_distribution","spanning_kv":null,"volt_klass":0,"kapacitet_mw":null,"operator":null}},{"type":"Feature","geometry":{"type":"Point","coordinates":[17.927,59.45336]},"properties":{"namn":null,"typ":null,"spanning_kv":null,"volt_klass":0,"kapacitet_mw":null,"operator":null}},{"type":"Feature","geometry":{"type":"Point","coordinates":[17.98136,59.30539]},"properties":{"namn":null,"typ":null,"spanning_kv":null,"volt_klass":0,"kapacitet_mw":null,"operator":null}},{"type":"Feature","geometry":{"type":"Point","coordinates":[14.20018,57.67814]},"properties":{"namn":"Tenhult","typ":"transmission","spanning_kv":130.0,"volt_klass":2,"kapacitet_mw":null,"operator":null}},{"type":"Feature","geometry":{"type":"Point","coordinates":[14.19415,57.67701]},"properties":{"namn":"Tenhult","typ":"transmission","spanning_kv":400.0,"volt_klass":4,"kapacitet_mw":null,"operator":null}},{"type":"Feature","geometry":{"type":"Point","coordinates":[15.84054,57.66942]},"properties":{"namn":null,"typ":"transmission","spanning_kv":130.0,"volt_klass":2,"kapacitet_mw":null,"operator":null}},{"type":"Feature","geometry":{"type":"Point","coordinates":[14.09194,57.46944]},"properties":{"namn":null,"typ":null,"spanning_kv":130.0,"volt_klass":2,"kapacitet_mw":null,"operator":null}},{"type":"Feature","geometry":{"type":"Point","coordinates":[17.97648,59.30492]},"properties":{"namn":null,"typ":null,"spanning_kv":null,"volt_klass":0,"kapacitet_mw":null,"operator":null}},{"type":"Feature","geometry":{"type":"Point","coordinates":[15.04118,58.56606]},"properties":{"namn":null,"typ":null,"spanning_kv":130.0,"volt_klass":2,"kapacitet_mw":null,"operator":null}},{"type":"Feature","geometry":{"type":"Point","coordinates":[15.03065,58.2104]},"properties":{"namn":"Boxholm","typ":null,"spanning_kv":130.0,"volt_klass":2,"kapacitet_mw":null,"operator":null}},{"type":"Feature","geometry":{"type":"Point","coordinates":[14.04676,57.22203]},"properties":{"namn":null,"typ":null,"spanning_kv":null,"volt_klass":0,"kapacitet_mw":null,"operator":null}},{"type":"Feature","geometry":{"type":"Point","coordinates":[14.42554,56.79466]},"properties":{"namn":null,"typ":null,"spanning_kv":null,"volt_klass":0,"kapacitet_mw":null,"operator":null}},{"type":"Feature","geometry":{"type":"Point","coordinates":[14.50313,56.86636]},"properties":{"namn":null,"typ":"transmission","spanning_kv":400.0,"volt_klass":4,"kapacitet_mw":null,"operator":null}},{"type":"Feature","geometry":{"type":"Point","coordinates":[14.70918,56.32198]},"properties":{"namn":null,"typ":"transmission","spanning_kv":130.0,"volt_klass":2,"kapacitet_mw":null,"operator":null}},{"type":"Feature","geometry":{"type":"Point","coordinates":[14.7136,56.32357]},"properties":{"namn":null,"typ":null,"spanning_kv":null,"volt_klass":0,"kapacitet_mw":null,"operator":null}},{"type":"Feature","geometry":{"type":"Point","coordinates":[14.71127,56.32069]},"properties":{"namn":"400 kV Hemsjö","typ":"transmission","spanning_kv":400.0,"volt_klass":4,"kapacitet_mw":null,"operator":null}},{"type":"Feature","geometry":{"type":"Point","coordinates":[13.38426,63.38865]},"properties":{"namn":"Järpströmmen","typ":"transmission","spanning_kv":400.0,"volt_klass":4,"kapacitet_mw":null,"operator":null}},{"type":"Feature","geometry":{"type":"Point","coordinates":[13.38741,63.38966]},"properties":{"namn":"Järpströmen","typ":"transmission","spanning_kv":220.0,"volt_klass":3,"kapacitet_mw":null,"operator":null}},{"type":"Feature","geometry":{"type":"Point","coordinates":[12.88861,56.66398]},"properties":{"namn":null,"typ":null,"spanning_kv":null,"volt_klass":0,"kapacitet_mw":null,"operator":null}},{"type":"Feature","geometry":{"type":"Point","coordinates":[14.61068,59.37799]},"properties":{"namn":null,"typ":null,"spanning_kv":null,"volt_klass":0,"kapacitet_mw":null,"operator":null}},{"type":"Feature","geometry":{"type":"Point","coordinates":[18.03412,59.27283]},"properties":{"namn":null,"typ":null,"spanning_kv":null,"volt_klass":0,"kapacitet_mw":null,"operator":null}},{"type":"Feature","geometry":{"type":"Point","coordinates":[18.03102,59.27148]},"properties":{"namn":null,"typ":"minor_distribution","spanning_kv":null,"volt_klass":0,"kapacitet_mw":null,"operator":null}},{"type":"Feature","geometry":{"type":"Point","coordinates":[18.04053,59.27438]},"properties":{"namn":null,"typ":null,"spanning_kv":null,"volt_klass":0,"kapacitet_mw":null,"operator":null}},{"type":"Feature","geometry":{"type":"Point","coordinates":[12.8424,56.66973]},"properties":{"namn":null,"typ":null,"spanning_kv":null,"volt_klass":0,"kapacitet_mw":null,"operator":null}},{"type":"Feature","geometry":{"type":"Point","coordinates":[13.54367,55.79705]},"properties":{"namn":null,"typ":"distribution","spanning_kv":130.0,"volt_klass":2,"kapacitet_mw":null,"operator":null}},{"type":"Feature","geometry":{"type":"Point","coordinates":[13.93867,55.55795]},"properties":{"namn":null,"typ":"distribution","spanning_kv":130.0,"volt_klass":2,"kapacitet_mw":null,"operator":null}},{"type":"Feature","geometry":{"type":"Point","coordinates":[14.95812,57.37447]},"properties":{"namn":null,"typ":null,"spanning_kv":130.0,"volt_klass":2,"kapacitet_mw":null,"operator":null}},{"type":"Feature","geometry":{"type":"Point","coordinates":[14.92566,57.55916]},"properties":{"namn":null,"typ":null,"spanning_kv":null,"volt_klass":0,"kapacitet_mw":null,"operator":null}},{"type":"Feature","geometry":{"type":"Point","coordinates":[14.69323,57.40764]},"properties":{"namn":null,"typ":null,"spanning_kv":130.0,"volt_klass":2,"kapacitet_mw":null,"operator":null}},{"type":"Feature","geometry":{"type":"Point","coordinates":[18.04122,59.26568]},"properties":{"namn":null,"typ":"minor_distribution","spanning_kv":null,"volt_klass":0,"kapacitet_mw":null,"operator":null}},{"type":"Feature","geometry":{"type":"Point","coordinates":[17.8338,60.19796]},"properties":{"namn":null,"typ":null,"spanning_kv":70.0,"volt_klass":2,"kapacitet_mw":null,"operator":null}},{"type":"Feature","geometry":{"type":"Point","coordinates":[18.39266,60.17899]},"properties":{"namn":null,"typ":null,"spanning_kv":70.0,"volt_klass":2,"kapacitet_mw":null,"operator":null}},{"type":"Feature","geometry":{"type":"Point","coordinates":[18.33032,60.26617]},"properties":{"namn":null,"typ":null,"spanning_kv":null,"volt_klass":0,"kapacitet_mw":null,"operator":null}},{"type":"Feature","geometry":{"type":"Point","coordinates":[14.43611,56.05196]},"properties":{"namn":null,"typ":null,"spanning_kv":null,"volt_klass":0,"kapacitet_mw":null,"operator":null}},{"type":"Feature","geometry":{"type":"Point","coordinates":[18.03424,59.28869]},"properties":{"namn":null,"typ":"minor_distribution","spanning_kv":null,"volt_klass":0,"kapacitet_mw":null,"operator":null}},{"type":"Feature","geometry":{"type":"Point","coordinates":[18.21799,57.07829]},"properties":{"namn":null,"typ":null,"spanning_kv":null,"volt_klass":0,"kapacitet_mw":null,"operator":null}},{"type":"Feature","geometry":{"type":"Point","coordinates":[18.03785,59.27804]},"properties":{"namn":null,"typ":"minor_distribution","spanning_kv":null,"volt_klass":0,"kapacitet_mw":null,"operator":null}},{"type":"Feature","geometry":{"type":"Point","coordinates":[13.89507,55.45995]},"properties":{"namn":null,"typ":"distribution","spanning_kv":null,"volt_klass":0,"kapacitet_mw":null,"operator":null}},{"type":"Feature","geometry":{"type":"Point","coordinates":[13.88071,55.47428]},"properties":{"namn":null,"typ":null,"spanning_kv":null,"volt_klass":0,"kapacitet_mw":null,"operator":null}},{"type":"Feature","geometry":{"type":"Point","coordinates":[13.7991,55.49366]},"properties":{"namn":null,"typ":null,"spanning_kv":null,"volt_klass":0,"kapacitet_mw":null,"operator":null}},{"type":"Feature","geometry":{"type":"Point","coordinates":[18.03049,59.26766]},"properties":{"namn":null,"typ":null,"spanning_kv":null,"volt_klass":0,"kapacitet_mw":null,"operator":null}},{"type":"Feature","geometry":{"type":"Point","coordinates":[18.03403,59.27713]},"properties":{"namn":null,"typ":null,"spanning_kv":null,"volt_klass":0,"kapacitet_mw":null,"operator":null}},{"type":"Feature","geometry":{"type":"Point","coordinates":[20.31096,63.83053]},"properties":{"namn":null,"typ":null,"spanning_kv":null,"volt_klass":0,"kapacitet_mw":null,"operator":null}},{"type":"Feature","geometry":{"type":"Point","coordinates":[18.31589,59.33396]},"properties":{"namn":null,"typ":null,"spanning_kv":null,"volt_klass":0,"kapacitet_mw":null,"operator":null}},{"type":"Feature","geometry":{"type":"Point","coordinates":[14.04555,55.6031]},"properties":{"namn":null,"typ":null,"spanning_kv":null,"volt_klass":0,"kapacitet_mw":null,"operator":null}},{"type":"Feature","geometry":{"type":"Point","coordinates":[16.20426,58.59351]},"properties":{"namn":null,"typ":null,"spanning_kv":null,"volt_klass":0,"kapacitet_mw":null,"operator":null}},{"type":"Feature","geometry":{"type":"Point","coordinates":[20.52807,63.90942]},"properties":{"namn":"Sävar","typ":null,"spanning_kv":130.0,"volt_klass":2,"kapacitet_mw":null,"operator":null}},{"type":"Feature","geometry":{"type":"Point","coordinates":[18.10371,59.29188]},"properties":{"namn":null,"typ":null,"spanning_kv":null,"volt_klass":0,"kapacitet_mw":null,"operator":null}},{"type":"Feature","geometry":{"type":"Point","coordinates":[20.95961,64.76722]},"properties":{"namn":null,"typ":null,"spanning_kv":null,"volt_klass":0,"kapacitet_mw":null,"operator":null}},{"type":"Feature","geometry":{"type":"Point","coordinates":[13.0633,55.69356]},"properties":{"namn":null,"typ":null,"spanning_kv":null,"volt_klass":0,"kapacitet_mw":null,"operator":null}},{"type":"Feature","geometry":{"type":"Point","coordinates":[13.0833,55.65925]},"properties":{"namn":null,"typ":null,"spanning_kv":null,"volt_klass":0,"kapacitet_mw":null,"operator":null}},{"type":"Feature","geometry":{"type":"Point","coordinates":[13.02227,55.71572]},"properties":{"namn":null,"typ":null,"spanning_kv":null,"volt_klass":0,"kapacitet_mw":null,"operator":null}},{"type":"Feature","geometry":{"type":"Point","coordinates":[17.99618,59.28954]},"properties":{"namn":null,"typ":null,"spanning_kv":null,"volt_klass":0,"kapacitet_mw":null,"operator":null}},{"type":"Feature","geometry":{"type":"Point","coordinates":[13.07348,55.6674]},"properties":{"namn":null,"typ":null,"spanning_kv":null,"volt_klass":0,"kapacitet_mw":null,"operator":null}},{"type":"Feature","geometry":{"type":"Point","coordinates":[13.07814,55.67575]},"properties":{"namn":null,"typ":null,"spanning_kv":null,"volt_klass":0,"kapacitet_mw":null,"operator":null}},{"type":"Feature","geometry":{"type":"Point","coordinates":[13.06944,55.66994]},"properties":{"namn":null,"typ":null,"spanning_kv":null,"volt_klass":0,"kapacitet_mw":null,"operator":null}},{"type":"Feature","geometry":{"type":"Point","coordinates":[14.11592,55.63328]},"properties":{"namn":null,"typ":"distribution","spanning_kv":null,"volt_klass":0,"kapacitet_mw":null,"operator":null}},{"type":"Feature","geometry":{"type":"Point","coordinates":[14.1624,55.9422]},"properties":{"namn":null,"typ":null,"spanning_kv":null,"volt_klass":0,"kapacitet_mw":null,"operator":null}},{"type":"Feature","geometry":{"type":"Point","coordinates":[15.16553,60.54958]},"properties":{"namn":"Djurmo","typ":"compensation","spanning_kv":400.0,"volt_klass":4,"kapacitet_mw":null,"operator":null}},{"type":"Feature","geometry":{"type":"Point","coordinates":[13.11108,55.66331]},"properties":{"namn":null,"typ":null,"spanning_kv":null,"volt_klass":0,"kapacitet_mw":null,"operator":null}},{"type":"Feature","geometry":{"type":"Point","coordinates":[19.22722,65.57597]},"properties":{"namn":"Arvidsjaur","typ":null,"spanning_kv":130.0,"volt_klass":2,"kapacitet_mw":null,"operator":null}},{"type":"Feature","geometry":{"type":"Point","coordinates":[20.97417,65.67614]},"properties":{"namn":"Älvsbyn","typ":null,"spanning_kv":130.0,"volt_klass":2,"kapacitet_mw":null,"operator":null}},{"type":"Feature","geometry":{"type":"Point","coordinates":[18.09114,59.29565]},"properties":{"namn":null,"typ":null,"spanning_kv":null,"volt_klass":0,"kapacitet_mw":null,"operator":null}},{"type":"Feature","geometry":{"type":"Point","coordinates":[18.10164,59.29609]},"properties":{"namn":null,"typ":null,"spanning_kv":null,"volt_klass":0,"kapacitet_mw":null,"operator":null}},{"type":"Feature","geometry":{"type":"Point","coordinates":[17.92211,59.50661]},"properties":{"namn":null,"typ":"minor_distribution","spanning_kv":null,"volt_klass":0,"kapacitet_mw":null,"operator":null}},{"type":"Feature","geometry":{"type":"Point","coordinates":[13.06972,55.63958]},"properties":{"namn":null,"typ":null,"spanning_kv":null,"volt_klass":0,"kapacitet_mw":null,"operator":null}},{"type":"Feature","geometry":{"type":"Point","coordinates":[17.13231,59.26649]},"properties":{"namn":null,"typ":"transmission","spanning_kv":400.0,"volt_klass":4,"kapacitet_mw":null,"operator":null}},{"type":"Feature","geometry":{"type":"Point","coordinates":[13.19463,55.74798]},"properties":{"namn":null,"typ":null,"spanning_kv":null,"volt_klass":0,"kapacitet_mw":null,"operator":null}},{"type":"Feature","geometry":{"type":"Point","coordinates":[13.19706,55.75153]},"properties":{"namn":null,"typ":null,"spanning_kv":null,"volt_klass":0,"kapacitet_mw":null,"operator":null}},{"type":"Feature","geometry":{"type":"Point","coordinates":[17.18976,59.3517]},"properties":{"namn":null,"typ":null,"spanning_kv":null,"volt_klass":0,"kapacitet_mw":null,"operator":null}},{"type":"Feature","geometry":{"type":"Point","coordinates":[17.24978,59.73005]},"properties":{"namn":null,"typ":"transmission","spanning_kv":220.0,"volt_klass":3,"kapacitet_mw":null,"operator":null}},{"type":"Feature","geometry":{"type":"Point","coordinates":[17.2433,59.73485]},"properties":{"namn":"Hamra","typ":"transmission","spanning_kv":400.0,"volt_klass":4,"kapacitet_mw":null,"operator":null}},{"type":"Feature","geometry":{"type":"Point","coordinates":[15.71805,60.37093]},"properties":{"namn":null,"typ":"minor_distribution","spanning_kv":null,"volt_klass":0,"kapacitet_mw":null,"operator":"Dala Energi"}},{"type":"Feature","geometry":{"type":"Point","coordinates":[17.94764,59.23513]},"properties":{"namn":null,"typ":null,"spanning_kv":null,"volt_klass":0,"kapacitet_mw":null,"operator":null}},{"type":"Feature","geometry":{"type":"Point","coordinates":[13.01595,55.73941]},"properties":{"namn":null,"typ":"distribution","spanning_kv":130.0,"volt_klass":2,"kapacitet_mw":null,"operator":null}},{"type":"Feature","geometry":{"type":"Point","coordinates":[19.49211,64.91731]},"properties":{"namn":null,"typ":null,"spanning_kv":null,"volt_klass":0,"kapacitet_mw":null,"operator":null}},{"type":"Feature","geometry":{"type":"Point","coordinates":[18.34565,63.43287]},"properties":{"namn":"Mellansel","typ":"traction","spanning_kv":132.0,"volt_klass":2,"kapacitet_mw":null,"operator":null}},{"type":"Feature","geometry":{"type":"Point","coordinates":[18.34361,63.43261]},"properties":{"namn":null,"typ":"transmission","spanning_kv":130.0,"volt_klass":2,"kapacitet_mw":null,"operator":null}},{"type":"Feature","geometry":{"type":"Point","coordinates":[18.34494,63.43364]},"properties":{"namn":"Mellansel","typ":"traction","spanning_kv":132.0,"volt_klass":2,"kapacitet_mw":null,"operator":null}},{"type":"Feature","geometry":{"type":"Point","coordinates":[17.09029,59.30884]},"properties":{"namn":null,"typ":null,"spanning_kv":null,"volt_klass":0,"kapacitet_mw":null,"operator":null}},{"type":"Feature","geometry":{"type":"Point","coordinates":[20.03159,64.93213]},"properties":{"namn":"Rengård","typ":null,"spanning_kv":130.0,"volt_klass":2,"kapacitet_mw":null,"operator":null}},{"type":"Feature","geometry":{"type":"Point","coordinates":[17.9928,59.28803]},"properties":{"namn":null,"typ":"minor_distribution","spanning_kv":null,"volt_klass":0,"kapacitet_mw":null,"operator":null}},{"type":"Feature","geometry":{"type":"Point","coordinates":[17.99471,59.29277]},"properties":{"namn":null,"typ":null,"spanning_kv":null,"volt_klass":0,"kapacitet_mw":null,"operator":null}},{"type":"Feature","geometry":{"type":"Point","coordinates":[18.44341,59.31815]},"properties":{"namn":null,"typ":"minor_distribution","spanning_kv":null,"volt_klass":0,"kapacitet_mw":null,"operator":null}},{"type":"Feature","geometry":{"type":"Point","coordinates":[17.99349,59.28459]},"properties":{"namn":null,"typ":"minor_distribution","spanning_kv":null,"volt_klass":0,"kapacitet_mw":null,"operator":null}},{"type":"Feature","geometry":{"type":"Point","coordinates":[18.00086,59.27907]},"properties":{"namn":null,"typ":"minor_distribution","spanning_kv":null,"volt_klass":0,"kapacitet_mw":null,"operator":null}},{"type":"Feature","geometry":{"type":"Point","coordinates":[17.99418,59.28355]},"properties":{"namn":null,"typ":"minor_distribution","spanning_kv":null,"volt_klass":0,"kapacitet_mw":null,"operator":null}},{"type":"Feature","geometry":{"type":"Point","coordinates":[17.99896,59.28006]},"properties":{"namn":null,"typ":"minor_distribution","spanning_kv":null,"volt_klass":0,"kapacitet_mw":null,"operator":null}},{"type":"Feature","geometry":{"type":"Point","coordinates":[18.43064,59.31882]},"properties":{"namn":null,"typ":null,"spanning_kv":null,"volt_klass":0,"kapacitet_mw":null,"operator":null}},{"type":"Feature","geometry":{"type":"Point","coordinates":[18.18808,59.26292]},"properties":{"namn":null,"typ":null,"spanning_kv":null,"volt_klass":0,"kapacitet_mw":null,"operator":null}},{"type":"Feature","geometry":{"type":"Point","coordinates":[21.24255,64.6954]},"properties":{"namn":null,"typ":null,"spanning_kv":null,"volt_klass":0,"kapacitet_mw":null,"operator":null}},{"type":"Feature","geometry":{"type":"Point","coordinates":[12.11698,57.66959]},"properties":{"namn":null,"typ":"distribution","spanning_kv":132.0,"volt_klass":2,"kapacitet_mw":null,"operator":null}},{"type":"Feature","geometry":{"type":"Point","coordinates":[12.91191,55.55393]},"properties":{"namn":null,"typ":null,"spanning_kv":null,"volt_klass":0,"kapacitet_mw":null,"operator":null}},{"type":"Feature","geometry":{"type":"Point","coordinates":[12.99197,55.56967]},"properties":{"namn":null,"typ":null,"spanning_kv":null,"volt_klass":0,"kapacitet_mw":null,"operator":null}},{"type":"Feature","geometry":{"type":"Point","coordinates":[13.69335,55.63421]},"properties":{"namn":null,"typ":null,"spanning_kv":null,"volt_klass":0,"kapacitet_mw":null,"operator":null}},{"type":"Feature","geometry":{"type":"Point","coordinates":[12.92449,55.55814]},"properties":{"namn":null,"typ":null,"spanning_kv":null,"volt_klass":0,"kapacitet_mw":null,"operator":null}},{"type":"Feature","geometry":{"type":"Point","coordinates":[12.91271,55.56008]},"properties":{"namn":null,"typ":null,"spanning_kv":null,"volt_klass":0,"kapacitet_mw":null,"operator":null}},{"type":"Feature","geometry":{"type":"Point","coordinates":[12.9344,55.54242]},"properties":{"namn":null,"typ":"distribution","spanning_kv":130.0,"volt_klass":2,"kapacitet_mw":null,"operator":null}},{"type":"Feature","geometry":{"type":"Point","coordinates":[12.03186,57.78953]},"properties":{"namn":null,"typ":"distribution","spanning_kv":null,"volt_klass":0,"kapacitet_mw":null,"operator":null}},{"type":"Feature","geometry":{"type":"Point","coordinates":[18.39465,59.33623]},"properties":{"namn":null,"typ":"minor_distribution","spanning_kv":null,"volt_klass":0,"kapacitet_mw":null,"operator":null}},{"type":"Feature","geometry":{"type":"Point","coordinates":[15.44702,60.49552]},"properties":{"namn":null,"typ":null,"spanning_kv":null,"volt_klass":0,"kapacitet_mw":null,"operator":null}},{"type":"Feature","geometry":{"type":"Point","coordinates":[12.05,57.74586]},"properties":{"namn":null,"typ":null,"spanning_kv":null,"volt_klass":0,"kapacitet_mw":null,"operator":null}},{"type":"Feature","geometry":{"type":"Point","coordinates":[12.10958,57.66844]},"properties":{"namn":null,"typ":null,"spanning_kv":null,"volt_klass":0,"kapacitet_mw":null,"operator":null}},{"type":"Feature","geometry":{"type":"Point","coordinates":[16.18863,58.67064]},"properties":{"namn":"Häradsmarken","typ":"minor_distribution","spanning_kv":null,"volt_klass":0,"kapacitet_mw":null,"operator":null}},{"type":"Feature","geometry":{"type":"Point","coordinates":[11.82945,58.14443]},"properties":{"namn":"Änghagsområdet Södra","typ":null,"spanning_kv":null,"volt_klass":0,"kapacitet_mw":null,"operator":null}},{"type":"Feature","geometry":{"type":"Point","coordinates":[14.61913,61.00516]},"properties":{"namn":null,"typ":null,"spanning_kv":null,"volt_klass":0,"kapacitet_mw":null,"operator":null}},{"type":"Feature","geometry":{"type":"Point","coordinates":[15.58367,57.30952]},"properties":{"namn":null,"typ":null,"spanning_kv":null,"volt_klass":0,"kapacitet_mw":null,"operator":"E.ON"}},{"type":"Feature","geometry":{"type":"Point","coordinates":[15.84799,60.39438]},"properties":{"namn":"Skedvi","typ":"generation","spanning_kv":130.0,"volt_klass":2,"kapacitet_mw":null,"operator":"Ellevio"}},{"type":"Feature","geometry":{"type":"Point","coordinates":[12.8986,56.66856]},"properties":{"namn":null,"typ":null,"spanning_kv":null,"volt_klass":0,"kapacitet_mw":null,"operator":null}},{"type":"Feature","geometry":{"type":"Point","coordinates":[12.89553,56.67135]},"properties":{"namn":null,"typ":null,"spanning_kv":null,"volt_klass":0,"kapacitet_mw":null,"operator":null}},{"type":"Feature","geometry":{"type":"Point","coordinates":[12.89242,56.66977]},"properties":{"namn":null,"typ":null,"spanning_kv":null,"volt_klass":0,"kapacitet_mw":null,"operator":null}},{"type":"Feature","geometry":{"type":"Point","coordinates":[17.36831,62.39737]},"properties":{"namn":null,"typ":"minor_distribution","spanning_kv":null,"volt_klass":0,"kapacitet_mw":null,"operator":null}},{"type":"Feature","geometry":{"type":"Point","coordinates":[18.09335,59.24828]},"properties":{"namn":null,"typ":"minor_distribution","spanning_kv":null,"volt_klass":0,"kapacitet_mw":null,"operator":null}},{"type":"Feature","geometry":{"type":"Point","coordinates":[18.06452,59.24759]},"properties":{"namn":null,"typ":"minor_distribution","spanning_kv":null,"volt_klass":0,"kapacitet_mw":null,"operator":null}},{"type":"Feature","geometry":{"type":"Point","coordinates":[18.03441,59.26545]},"properties":{"namn":null,"typ":"minor_distribution","spanning_kv":null,"volt_klass":0,"kapacitet_mw":null,"operator":null}},{"type":"Feature","geometry":{"type":"Point","coordinates":[12.88706,56.67252]},"properties":{"namn":null,"typ":null,"spanning_kv":null,"volt_klass":0,"kapacitet_mw":null,"operator":null}},{"type":"Feature","geometry":{"type":"Point","coordinates":[12.88833,56.67239]},"properties":{"namn":null,"typ":null,"spanning_kv":null,"volt_klass":0,"kapacitet_mw":null,"operator":null}},{"type":"Feature","geometry":{"type":"Point","coordinates":[12.08527,57.67452]},"properties":{"namn":null,"typ":null,"spanning_kv":null,"volt_klass":0,"kapacitet_mw":null,"operator":null}},{"type":"Feature","geometry":{"type":"Point","coordinates":[17.34253,62.40894]},"properties":{"namn":null,"typ":"minor_distribution","spanning_kv":null,"volt_klass":0,"kapacitet_mw":null,"operator":null}},{"type":"Feature","geometry":{"type":"Point","coordinates":[11.82209,58.14109]},"properties":{"namn":null,"typ":null,"spanning_kv":null,"volt_klass":0,"kapacitet_mw":null,"operator":null}},{"type":"Feature","geometry":{"type":"Point","coordinates":[17.98811,59.28476]},"properties":{"namn":null,"typ":"minor_distribution","spanning_kv":null,"volt_klass":0,"kapacitet_mw":null,"operator":null}},{"type":"Feature","geometry":{"type":"Point","coordinates":[17.9813,59.27836]},"properties":{"namn":null,"typ":null,"spanning_kv":null,"volt_klass":0,"kapacitet_mw":null,"operator":null}},{"type":"Feature","geometry":{"type":"Point","coordinates":[20.30363,67.84647]},"properties":{"namn":null,"typ":null,"spanning_kv":null,"volt_klass":0,"kapacitet_mw":null,"operator":null}},{"type":"Feature","geometry":{"type":"Point","coordinates":[13.106,55.54968]},"properties":{"namn":null,"typ":null,"spanning_kv":null,"volt_klass":0,"kapacitet_mw":null,"operator":null}},{"type":"Feature","geometry":{"type":"Point","coordinates":[13.10773,55.54863]},"properties":{"namn":null,"typ":null,"spanning_kv":null,"volt_klass":0,"kapacitet_mw":null,"operator":null}},{"type":"Feature","geometry":{"type":"Point","coordinates":[17.53503,59.02539]},"properties":{"namn":null,"typ":null,"spanning_kv":null,"volt_klass":0,"kapacitet_mw":null,"operator":"Banverket"}},{"type":"Feature","geometry":{"type":"Point","coordinates":[15.43822,60.52308]},"properties":{"namn":null,"typ":"minor_distribution","spanning_kv":null,"volt_klass":0,"kapacitet_mw":null,"operator":"Borlänge Energi"}},{"type":"Feature","geometry":{"type":"Point","coordinates":[15.44075,60.5189]},"properties":{"namn":null,"typ":"minor_distribution","spanning_kv":null,"volt_klass":0,"kapacitet_mw":null,"operator":"Borlänge Energi"}},{"type":"Feature","geometry":{"type":"Point","coordinates":[12.12691,57.65685]},"properties":{"namn":null,"typ":null,"spanning_kv":null,"volt_klass":0,"kapacitet_mw":null,"operator":null}},{"type":"Feature","geometry":{"type":"Point","coordinates":[18.03052,59.27622]},"properties":{"namn":null,"typ":null,"spanning_kv":null,"volt_klass":0,"kapacitet_mw":null,"operator":null}},{"type":"Feature","geometry":{"type":"Point","coordinates":[18.02325,59.2714]},"properties":{"namn":null,"typ":null,"spanning_kv":null,"volt_klass":0,"kapacitet_mw":null,"operator":null}},{"type":"Feature","geometry":{"type":"Point","coordinates":[18.04049,59.26327]},"properties":{"namn":null,"typ":null,"spanning_kv":null,"volt_klass":0,"kapacitet_mw":null,"operator":null}},{"type":"Feature","geometry":{"type":"Point","coordinates":[12.12592,57.66984]},"properties":{"namn":null,"typ":null,"spanning_kv":null,"volt_klass":0,"kapacitet_mw":null,"operator":null}},{"type":"Feature","geometry":{"type":"Point","coordinates":[13.06218,55.53498]},"properties":{"namn":null,"typ":"distribution","spanning_kv":130.0,"volt_klass":2,"kapacitet_mw":null,"operator":null}},{"type":"Feature","geometry":{"type":"Point","coordinates":[15.17176,59.26584]},"properties":{"namn":null,"typ":null,"spanning_kv":null,"volt_klass":0,"kapacitet_mw":null,"operator":null}},{"type":"Feature","geometry":{"type":"Point","coordinates":[11.82652,58.13357]},"properties":{"namn":null,"typ":null,"spanning_kv":null,"volt_klass":0,"kapacitet_mw":null,"operator":null}},{"type":"Feature","geometry":{"type":"Point","coordinates":[18.01754,59.27489]},"properties":{"namn":null,"typ":"minor_distribution","spanning_kv":null,"volt_klass":0,"kapacitet_mw":null,"operator":null}},{"type":"Feature","geometry":{"type":"Point","coordinates":[18.03475,59.27025]},"properties":{"namn":null,"typ":"minor_distribution","spanning_kv":null,"volt_klass":0,"kapacitet_mw":null,"operator":null}},{"type":"Feature","geometry":{"type":"Point","coordinates":[16.47255,59.41664]},"properties":{"namn":null,"typ":null,"spanning_kv":null,"volt_klass":0,"kapacitet_mw":null,"operator":null}},{"type":"Feature","geometry":{"type":"Point","coordinates":[12.88287,56.66625]},"properties":{"namn":null,"typ":null,"spanning_kv":null,"volt_klass":0,"kapacitet_mw":null,"operator":null}},{"type":"Feature","geometry":{"type":"Point","coordinates":[13.08086,55.59619]},"properties":{"namn":null,"typ":null,"spanning_kv":null,"volt_klass":0,"kapacitet_mw":null,"operator":null}},{"type":"Feature","geometry":{"type":"Point","coordinates":[13.07526,55.59769]},"properties":{"namn":null,"typ":null,"spanning_kv":null,"volt_klass":0,"kapacitet_mw":null,"operator":null}},{"type":"Feature","geometry":{"type":"Point","coordinates":[14.67308,63.65071]},"properties":{"namn":null,"typ":null,"spanning_kv":null,"volt_klass":0,"kapacitet_mw":null,"operator":null}},{"type":"Feature","geometry":{"type":"Point","coordinates":[13.05872,55.59526]},"properties":{"namn":null,"typ":null,"spanning_kv":null,"volt_klass":0,"kapacitet_mw":null,"operator":null}},{"type":"Feature","geometry":{"type":"Point","coordinates":[13.24081,55.72092]},"properties":{"namn":null,"typ":"minor_distribution","spanning_kv":null,"volt_klass":0,"kapacitet_mw":null,"operator":null}},{"type":"Feature","geometry":{"type":"Point","coordinates":[18.3549,67.49272]},"properties":{"namn":"Vietas","typ":"generation","spanning_kv":400.0,"volt_klass":4,"kapacitet_mw":null,"operator":"Svenska Kraftnät"}},{"type":"Feature","geometry":{"type":"Point","coordinates":[18.38641,59.33212]},"properties":{"namn":null,"typ":"distribution","spanning_kv":null,"volt_klass":0,"kapacitet_mw":null,"operator":null}},{"type":"Feature","geometry":{"type":"Point","coordinates":[18.37784,59.32958]},"properties":{"namn":null,"typ":null,"spanning_kv":null,"volt_klass":0,"kapacitet_mw":null,"operator":null}},{"type":"Feature","geometry":{"type":"Point","coordinates":[18.23297,59.56057]},"properties":{"namn":null,"typ":null,"spanning_kv":null,"volt_klass":0,"kapacitet_mw":null,"operator":null}},{"type":"Feature","geometry":{"type":"Point","coordinates":[13.02337,55.46912]},"properties":{"namn":null,"typ":null,"spanning_kv":null,"volt_klass":0,"kapacitet_mw":null,"operator":null}},{"type":"Feature","geometry":{"type":"Point","coordinates":[12.2764,57.12199]},"properties":{"namn":null,"typ":"minor_distribution","spanning_kv":null,"volt_klass":0,"kapacitet_mw":null,"operator":null}},{"type":"Feature","geometry":{"type":"Point","coordinates":[13.03627,55.478]},"properties":{"namn":null,"typ":null,"spanning_kv":null,"volt_klass":0,"kapacitet_mw":null,"operator":null}},{"type":"Feature","geometry":{"type":"Point","coordinates":[13.01385,55.47533]},"properties":{"namn":null,"typ":null,"spanning_kv":null,"volt_klass":0,"kapacitet_mw":null,"operator":null}},{"type":"Feature","geometry":{"type":"Point","coordinates":[17.99513,59.28027]},"properties":{"namn":null,"typ":null,"spanning_kv":null,"volt_klass":0,"kapacitet_mw":null,"operator":null}},{"type":"Feature","geometry":{"type":"Point","coordinates":[17.99404,59.27873]},"properties":{"namn":null,"typ":null,"spanning_kv":null,"volt_klass":0,"kapacitet_mw":null,"operator":null}},{"type":"Feature","geometry":{"type":"Point","coordinates":[13.02318,55.47315]},"properties":{"namn":null,"typ":null,"spanning_kv":null,"volt_klass":0,"kapacitet_mw":null,"operator":null}},{"type":"Feature","geometry":{"type":"Point","coordinates":[14.09552,56.04119]},"properties":{"namn":null,"typ":null,"spanning_kv":null,"volt_klass":0,"kapacitet_mw":null,"operator":null}},{"type":"Feature","geometry":{"type":"Point","coordinates":[17.99366,59.27303]},"properties":{"namn":null,"typ":"minor_distribution","spanning_kv":null,"volt_klass":0,"kapacitet_mw":null,"operator":null}},{"type":"Feature","geometry":{"type":"Point","coordinates":[17.98722,59.2704]},"properties":{"namn":null,"typ":null,"spanning_kv":null,"volt_klass":0,"kapacitet_mw":null,"operator":null}},{"type":"Feature","geometry":{"type":"Point","coordinates":[17.99833,59.27511]},"properties":{"namn":null,"typ":null,"spanning_kv":null,"volt_klass":0,"kapacitet_mw":null,"operator":null}},{"type":"Feature","geometry":{"type":"Point","coordinates":[13.21143,55.51568]},"properties":{"namn":null,"typ":null,"spanning_kv":null,"volt_klass":0,"kapacitet_mw":null,"operator":null}},{"type":"Feature","geometry":{"type":"Point","coordinates":[13.21333,55.51917]},"properties":{"namn":null,"typ":null,"spanning_kv":null,"volt_klass":0,"kapacitet_mw":null,"operator":null}},{"type":"Feature","geometry":{"type":"Point","coordinates":[17.92109,59.46375]},"properties":{"namn":null,"typ":null,"spanning_kv":null,"volt_klass":0,"kapacitet_mw":null,"operator":null}},{"type":"Feature","geometry":{"type":"Point","coordinates":[13.2365,55.51798]},"properties":{"namn":null,"typ":null,"spanning_kv":null,"volt_klass":0,"kapacitet_mw":null,"operator":null}},{"type":"Feature","geometry":{"type":"Point","coordinates":[13.22499,55.51692]},"properties":{"namn":null,"typ":null,"spanning_kv":null,"volt_klass":0,"kapacitet_mw":null,"operator":null}},{"type":"Feature","geometry":{"type":"Point","coordinates":[17.98805,59.40201]},"properties":{"namn":null,"typ":null,"spanning_kv":null,"volt_klass":0,"kapacitet_mw":null,"operator":null}},{"type":"Feature","geometry":{"type":"Point","coordinates":[17.99973,59.29402]},"properties":{"namn":null,"typ":"minor_distribution","spanning_kv":null,"volt_klass":0,"kapacitet_mw":null,"operator":null}},{"type":"Feature","geometry":{"type":"Point","coordinates":[22.11917,65.61715]},"properties":{"namn":null,"typ":"distribution","spanning_kv":130.0,"volt_klass":2,"kapacitet_mw":null,"operator":"Meta"}},{"type":"Feature","geometry":{"type":"Point","coordinates":[17.28137,59.65556]},"properties":{"namn":"Station Litslena","typ":null,"spanning_kv":null,"volt_klass":0,"kapacitet_mw":null,"operator":null}},{"type":"Feature","geometry":{"type":"Point","coordinates":[17.13056,59.63691]},"properties":{"namn":null,"typ":null,"spanning_kv":70.0,"volt_klass":2,"kapacitet_mw":null,"operator":null}},{"type":"Feature","geometry":{"type":"Point","coordinates":[17.98969,59.29087]},"properties":{"namn":null,"typ":"minor_distribution","spanning_kv":null,"volt_klass":0,"kapacitet_mw":null,"operator":null}},{"type":"Feature","geometry":{"type":"Point","coordinates":[18.03732,59.41326]},"properties":{"namn":"Danderyd","typ":"transmission","spanning_kv":220.0,"volt_klass":3,"kapacitet_mw":null,"operator":null}},{"type":"Feature","geometry":{"type":"Point","coordinates":[13.25456,55.50953]},"properties":{"namn":null,"typ":null,"spanning_kv":null,"volt_klass":0,"kapacitet_mw":null,"operator":null}},{"type":"Feature","geometry":{"type":"Point","coordinates":[15.91681,57.21939]},"properties":{"namn":null,"typ":"generation","spanning_kv":null,"volt_klass":0,"kapacitet_mw":null,"operator":null}},{"type":"Feature","geometry":{"type":"Point","coordinates":[13.22539,55.50752]},"properties":{"namn":null,"typ":null,"spanning_kv":130.0,"volt_klass":2,"kapacitet_mw":null,"operator":null}},{"type":"Feature","geometry":{"type":"Point","coordinates":[17.88883,59.45487]},"properties":{"namn":null,"typ":null,"spanning_kv":null,"volt_klass":0,"kapacitet_mw":null,"operator":null}},{"type":"Feature","geometry":{"type":"Point","coordinates":[17.92597,59.43336]},"properties":{"namn":null,"typ":null,"spanning_kv":null,"volt_klass":0,"kapacitet_mw":null,"operator":null}},{"type":"Feature","geometry":{"type":"Point","coordinates":[22.52602,67.0776]},"properties":{"namn":"Tärendö","typ":"transmission","spanning_kv":130.0,"volt_klass":2,"kapacitet_mw":null,"operator":"Vattenfall"}},{"type":"Feature","geometry":{"type":"Point","coordinates":[18.01154,59.29521]},"properties":{"namn":null,"typ":null,"spanning_kv":null,"volt_klass":0,"kapacitet_mw":null,"operator":null}},{"type":"Feature","geometry":{"type":"Point","coordinates":[12.0892,57.72311]},"properties":{"namn":null,"typ":null,"spanning_kv":null,"volt_klass":0,"kapacitet_mw":null,"operator":null}},{"type":"Feature","geometry":{"type":"Point","coordinates":[13.17947,55.58296]},"properties":{"namn":null,"typ":null,"spanning_kv":null,"volt_klass":0,"kapacitet_mw":null,"operator":null}},{"type":"Feature","geometry":{"type":"Point","coordinates":[13.18285,55.58779]},"properties":{"namn":null,"typ":null,"spanning_kv":null,"volt_klass":0,"kapacitet_mw":null,"operator":null}},{"type":"Feature","geometry":{"type":"Point","coordinates":[13.06602,55.6634]},"properties":{"namn":null,"typ":null,"spanning_kv":null,"volt_klass":0,"kapacitet_mw":null,"operator":null}},{"type":"Feature","geometry":{"type":"Point","coordinates":[12.91399,55.38835]},"properties":{"namn":null,"typ":null,"spanning_kv":null,"volt_klass":0,"kapacitet_mw":null,"operator":null}},{"type":"Feature","geometry":{"type":"Point","coordinates":[12.85595,55.41235]},"properties":{"namn":null,"typ":null,"spanning_kv":null,"volt_klass":0,"kapacitet_mw":null,"operator":null}},{"type":"Feature","geometry":{"type":"Point","coordinates":[15.66607,58.40026]},"properties":{"namn":"Mottagningsstation M4","typ":"transmission","spanning_kv":null,"volt_klass":0,"kapacitet_mw":null,"operator":"Tekniska verken"}},{"type":"Feature","geometry":{"type":"Point","coordinates":[12.85139,55.41696]},"properties":{"namn":null,"typ":null,"spanning_kv":null,"volt_klass":0,"kapacitet_mw":null,"operator":null}},{"type":"Feature","geometry":{"type":"Point","coordinates":[12.85686,55.40912]},"properties":{"namn":null,"typ":null,"spanning_kv":null,"volt_klass":0,"kapacitet_mw":null,"operator":null}},{"type":"Feature","geometry":{"type":"Point","coordinates":[12.86597,55.40743]},"properties":{"namn":null,"typ":null,"spanning_kv":null,"volt_klass":0,"kapacitet_mw":null,"operator":null}},{"type":"Feature","geometry":{"type":"Point","coordinates":[12.9121,55.39834]},"properties":{"namn":null,"typ":null,"spanning_kv":null,"volt_klass":0,"kapacitet_mw":null,"operator":null}},{"type":"Feature","geometry":{"type":"Point","coordinates":[12.92196,55.40038]},"properties":{"namn":null,"typ":null,"spanning_kv":null,"volt_klass":0,"kapacitet_mw":null,"operator":null}},{"type":"Feature","geometry":{"type":"Point","coordinates":[12.9293,55.3944]},"properties":{"namn":null,"typ":null,"spanning_kv":null,"volt_klass":0,"kapacitet_mw":null,"operator":null}},{"type":"Feature","geometry":{"type":"Point","coordinates":[12.93291,55.39355]},"properties":{"namn":null,"typ":null,"spanning_kv":null,"volt_klass":0,"kapacitet_mw":null,"operator":null}},{"type":"Feature","geometry":{"type":"Point","coordinates":[12.92774,55.39865]},"properties":{"namn":null,"typ":null,"spanning_kv":null,"volt_klass":0,"kapacitet_mw":null,"operator":null}},{"type":"Feature","geometry":{"type":"Point","coordinates":[12.93686,55.40994]},"properties":{"namn":null,"typ":null,"spanning_kv":null,"volt_klass":0,"kapacitet_mw":null,"operator":null}},{"type":"Feature","geometry":{"type":"Point","coordinates":[12.95657,55.41647]},"properties":{"namn":null,"typ":null,"spanning_kv":null,"volt_klass":0,"kapacitet_mw":null,"operator":null}},{"type":"Feature","geometry":{"type":"Point","coordinates":[18.08396,59.2694]},"properties":{"namn":null,"typ":null,"spanning_kv":null,"volt_klass":0,"kapacitet_mw":null,"operator":null}},{"type":"Feature","geometry":{"type":"Point","coordinates":[18.09438,59.2653]},"properties":{"namn":null,"typ":null,"spanning_kv":null,"volt_klass":0,"kapacitet_mw":null,"operator":null}},{"type":"Feature","geometry":{"type":"Point","coordinates":[15.43744,60.47924]},"properties":{"namn":null,"typ":"minor_distribution","spanning_kv":null,"volt_klass":0,"kapacitet_mw":null,"operator":null}},{"type":"Feature","geometry":{"type":"Point","coordinates":[15.49378,58.49261]},"properties":{"namn":null,"typ":null,"spanning_kv":null,"volt_klass":0,"kapacitet_mw":null,"operator":null}},{"type":"Feature","geometry":{"type":"Point","coordinates":[15.49959,58.51599]},"properties":{"namn":null,"typ":null,"spanning_kv":null,"volt_klass":0,"kapacitet_mw":null,"operator":null}},{"type":"Feature","geometry":{"type":"Point","coordinates":[12.92653,55.74587]},"properties":{"namn":null,"typ":"industrial","spanning_kv":null,"volt_klass":0,"kapacitet_mw":null,"operator":null}},{"type":"Feature","geometry":{"type":"Point","coordinates":[16.02981,58.38744]},"properties":{"namn":null,"typ":null,"spanning_kv":null,"volt_klass":0,"kapacitet_mw":null,"operator":null}},{"type":"Feature","geometry":{"type":"Point","coordinates":[20.19259,67.59283]},"properties":{"namn":null,"typ":null,"spanning_kv":null,"volt_klass":0,"kapacitet_mw":null,"operator":null}},{"type":"Feature","geometry":{"type":"Point","coordinates":[17.11808,58.67815]},"properties":{"namn":null,"typ":null,"spanning_kv":null,"volt_klass":0,"kapacitet_mw":null,"operator":null}},{"type":"Feature","geometry":{"type":"Point","coordinates":[13.23752,55.70001]},"properties":{"namn":null,"typ":null,"spanning_kv":null,"volt_klass":0,"kapacitet_mw":null,"operator":null}},{"type":"Feature","geometry":{"type":"Point","coordinates":[13.51595,59.38197]},"properties":{"namn":null,"typ":"minor_distribution","spanning_kv":null,"volt_klass":0,"kapacitet_mw":null,"operator":null}},{"type":"Feature","geometry":{"type":"Point","coordinates":[13.51924,59.38801]},"properties":{"namn":null,"typ":"minor_distribution","spanning_kv":null,"volt_klass":0,"kapacitet_mw":null,"operator":null}},{"type":"Feature","geometry":{"type":"Point","coordinates":[16.9537,58.76014]},"properties":{"namn":null,"typ":null,"spanning_kv":null,"volt_klass":0,"kapacitet_mw":null,"operator":null}},{"type":"Feature","geometry":{"type":"Point","coordinates":[13.02907,55.60406]},"properties":{"namn":"132 Nobelvägen 145","typ":null,"spanning_kv":null,"volt_klass":0,"kapacitet_mw":null,"operator":"E.ON"}},{"type":"Feature","geometry":{"type":"Point","coordinates":[12.9568,55.42751]},"properties":{"namn":null,"typ":"distribution","spanning_kv":null,"volt_klass":0,"kapacitet_mw":null,"operator":"E.ON"}},{"type":"Feature","geometry":{"type":"Point","coordinates":[15.7214,58.34396]},"properties":{"namn":"Mottagningsstation M7","typ":null,"spanning_kv":null,"volt_klass":0,"kapacitet_mw":null,"operator":"Tekniska verken"}},{"type":"Feature","geometry":{"type":"Point","coordinates":[15.17581,60.14592]},"properties":{"namn":"Sågverket","typ":null,"spanning_kv":null,"volt_klass":0,"kapacitet_mw":null,"operator":"VB Energi"}},{"type":"Feature","geometry":{"type":"Point","coordinates":[12.87753,56.66534]},"properties":{"namn":null,"typ":null,"spanning_kv":null,"volt_klass":0,"kapacitet_mw":null,"operator":null}},{"type":"Feature","geometry":{"type":"Point","coordinates":[13.53612,59.39423]},"properties":{"namn":null,"typ":"minor_distribution","spanning_kv":null,"volt_klass":0,"kapacitet_mw":null,"operator":null}},{"type":"Feature","geometry":{"type":"Point","coordinates":[17.95461,59.43194]},"properties":{"namn":null,"typ":null,"spanning_kv":null,"volt_klass":0,"kapacitet_mw":null,"operator":null}},{"type":"Feature","geometry":{"type":"Point","coordinates":[13.53189,59.39071]},"properties":{"namn":null,"typ":"minor_distribution","spanning_kv":null,"volt_klass":0,"kapacitet_mw":null,"operator":null}},{"type":"Feature","geometry":{"type":"Point","coordinates":[13.51056,59.3967]},"properties":{"namn":null,"typ":"minor_distribution","spanning_kv":null,"volt_klass":0,"kapacitet_mw":null,"operator":null}},{"type":"Feature","geometry":{"type":"Point","coordinates":[12.94898,55.78841]},"properties":{"namn":null,"typ":null,"spanning_kv":null,"volt_klass":0,"kapacitet_mw":null,"operator":null}},{"type":"Feature","geometry":{"type":"Point","coordinates":[13.51026,59.40354]},"properties":{"namn":null,"typ":"minor_distribution","spanning_kv":null,"volt_klass":0,"kapacitet_mw":null,"operator":null}},{"type":"Feature","geometry":{"type":"Point","coordinates":[13.50981,59.40743]},"properties":{"namn":null,"typ":"minor_distribution","spanning_kv":null,"volt_klass":0,"kapacitet_mw":null,"operator":null}},{"type":"Feature","geometry":{"type":"Point","coordinates":[13.09939,55.79237]},"properties":{"namn":null,"typ":null,"spanning_kv":null,"volt_klass":0,"kapacitet_mw":null,"operator":null}},{"type":"Feature","geometry":{"type":"Point","coordinates":[18.10423,59.26186]},"properties":{"namn":null,"typ":null,"spanning_kv":null,"volt_klass":0,"kapacitet_mw":null,"operator":null}},{"type":"Feature","geometry":{"type":"Point","coordinates":[18.10765,59.31389]},"properties":{"namn":null,"typ":null,"spanning_kv":null,"volt_klass":0,"kapacitet_mw":null,"operator":null}},{"type":"Feature","geometry":{"type":"Point","coordinates":[12.96924,55.79442]},"properties":{"namn":null,"typ":null,"spanning_kv":null,"volt_klass":0,"kapacitet_mw":null,"operator":null}},{"type":"Feature","geometry":{"type":"Point","coordinates":[13.00229,55.76425]},"properties":{"namn":null,"typ":null,"spanning_kv":null,"volt_klass":0,"kapacitet_mw":null,"operator":null}},{"type":"Feature","geometry":{"type":"Point","coordinates":[12.99696,55.76444]},"properties":{"namn":null,"typ":null,"spanning_kv":null,"volt_klass":0,"kapacitet_mw":null,"operator":null}},{"type":"Feature","geometry":{"type":"Point","coordinates":[12.99777,55.75924]},"properties":{"namn":null,"typ":null,"spanning_kv":null,"volt_klass":0,"kapacitet_mw":null,"operator":null}},{"type":"Feature","geometry":{"type":"Point","coordinates":[13.60267,55.8314]},"properties":{"namn":"Hurva Omriktarstationerna","typ":"converter","spanning_kv":300.0,"volt_klass":4,"kapacitet_mw":null,"operator":null}},{"type":"Feature","geometry":{"type":"Point","coordinates":[13.02883,55.76146]},"properties":{"namn":null,"typ":null,"spanning_kv":null,"volt_klass":0,"kapacitet_mw":null,"operator":null}},{"type":"Feature","geometry":{"type":"Point","coordinates":[15.50754,60.07784]},"properties":{"namn":"Hälltorp","typ":null,"spanning_kv":null,"volt_klass":0,"kapacitet_mw":null,"operator":"VB Elnät"}},{"type":"Feature","geometry":{"type":"Point","coordinates":[16.57939,58.99742]},"properties":{"namn":"CT35","typ":"transmission","spanning_kv":400.0,"volt_klass":4,"kapacitet_mw":null,"operator":"Vattenfall Eldistribution"}},{"type":"Feature","geometry":{"type":"Point","coordinates":[16.58033,58.99911]},"properties":{"namn":null,"typ":"transmission","spanning_kv":130.0,"volt_klass":2,"kapacitet_mw":null,"operator":null}},{"type":"Feature","geometry":{"type":"Point","coordinates":[16.57335,59.37967]},"properties":{"namn":null,"typ":null,"spanning_kv":130.0,"volt_klass":2,"kapacitet_mw":null,"operator":null}},{"type":"Feature","geometry":{"type":"Point","coordinates":[11.99175,57.695]},"properties":{"namn":null,"typ":null,"spanning_kv":150.0,"volt_klass":3,"kapacitet_mw":null,"operator":"Liseberg"}},{"type":"Feature","geometry":{"type":"Point","coordinates":[15.22176,59.26989]},"properties":{"namn":null,"typ":null,"spanning_kv":null,"volt_klass":0,"kapacitet_mw":null,"operator":null}},{"type":"Feature","geometry":{"type":"Point","coordinates":[13.15092,55.382]},"properties":{"namn":null,"typ":null,"spanning_kv":null,"volt_klass":0,"kapacitet_mw":null,"operator":null}},{"type":"Feature","geometry":{"type":"Point","coordinates":[13.14813,55.38658]},"properties":{"namn":null,"typ":null,"spanning_kv":null,"volt_klass":0,"kapacitet_mw":null,"operator":null}},{"type":"Feature","geometry":{"type":"Point","coordinates":[18.12318,59.31466]},"properties":{"namn":null,"typ":null,"spanning_kv":null,"volt_klass":0,"kapacitet_mw":null,"operator":null}},{"type":"Feature","geometry":{"type":"Point","coordinates":[15.10162,59.53198]},"properties":{"namn":null,"typ":null,"spanning_kv":null,"volt_klass":0,"kapacitet_mw":null,"operator":null}},{"type":"Feature","geometry":{"type":"Point","coordinates":[14.18047,57.72621]},"properties":{"namn":"Barnarp","typ":"transmission","spanning_kv":130.0,"volt_klass":2,"kapacitet_mw":null,"operator":null}},{"type":"Feature","geometry":{"type":"Point","coordinates":[13.53644,59.40369]},"properties":{"namn":null,"typ":"minor_distribution","spanning_kv":null,"volt_klass":0,"kapacitet_mw":null,"operator":null}},{"type":"Feature","geometry":{"type":"Point","coordinates":[18.44542,60.3332]},"properties":{"namn":null,"typ":null,"spanning_kv":null,"volt_klass":0,"kapacitet_mw":null,"operator":null}},{"type":"Feature","geometry":{"type":"Point","coordinates":[18.44592,60.33321]},"properties":{"namn":null,"typ":null,"spanning_kv":null,"volt_klass":0,"kapacitet_mw":null,"operator":null}},{"type":"Feature","geometry":{"type":"Point","coordinates":[11.9349,57.72191]},"properties":{"namn":null,"typ":"minor_distribution","spanning_kv":null,"volt_klass":0,"kapacitet_mw":null,"operator":null}},{"type":"Feature","geometry":{"type":"Point","coordinates":[13.16481,55.38669]},"properties":{"namn":null,"typ":null,"spanning_kv":null,"volt_klass":0,"kapacitet_mw":null,"operator":null}},{"type":"Feature","geometry":{"type":"Point","coordinates":[15.42403,58.37574]},"properties":{"namn":null,"typ":null,"spanning_kv":null,"volt_klass":0,"kapacitet_mw":null,"operator":null}},{"type":"Feature","geometry":{"type":"Point","coordinates":[18.09511,59.30166]},"properties":{"namn":null,"typ":null,"spanning_kv":null,"volt_klass":0,"kapacitet_mw":null,"operator":null}},{"type":"Feature","geometry":{"type":"Point","coordinates":[18.09714,59.30168]},"properties":{"namn":null,"typ":null,"spanning_kv":null,"volt_klass":0,"kapacitet_mw":null,"operator":null}},{"type":"Feature","geometry":{"type":"Point","coordinates":[17.99153,59.39984]},"properties":{"namn":null,"typ":null,"spanning_kv":null,"volt_klass":0,"kapacitet_mw":null,"operator":null}},{"type":"Feature","geometry":{"type":"Point","coordinates":[13.17875,55.38132]},"properties":{"namn":null,"typ":null,"spanning_kv":null,"volt_klass":0,"kapacitet_mw":null,"operator":null}},{"type":"Feature","geometry":{"type":"Point","coordinates":[15.46556,58.43051]},"properties":{"namn":null,"typ":null,"spanning_kv":null,"volt_klass":0,"kapacitet_mw":null,"operator":null}},{"type":"Feature","geometry":{"type":"Point","coordinates":[11.65709,57.68929]},"properties":{"namn":null,"typ":null,"spanning_kv":null,"volt_klass":0,"kapacitet_mw":null,"operator":null}},{"type":"Feature","geometry":{"type":"Point","coordinates":[15.4622,58.43332]},"properties":{"namn":null,"typ":null,"spanning_kv":null,"volt_klass":0,"kapacitet_mw":null,"operator":null}},{"type":"Feature","geometry":{"type":"Point","coordinates":[13.18323,55.37896]},"properties":{"namn":null,"typ":null,"spanning_kv":null,"volt_klass":0,"kapacitet_mw":null,"operator":null}},{"type":"Feature","geometry":{"type":"Point","coordinates":[15.2985,58.4137]},"properties":{"namn":null,"typ":null,"spanning_kv":null,"volt_klass":0,"kapacitet_mw":null,"operator":null}},{"type":"Feature","geometry":{"type":"Point","coordinates":[18.43883,60.33629]},"properties":{"namn":null,"typ":null,"spanning_kv":null,"volt_klass":0,"kapacitet_mw":null,"operator":null}},{"type":"Feature","geometry":{"type":"Point","coordinates":[15.1287,58.32771]},"properties":{"namn":null,"typ":null,"spanning_kv":null,"volt_klass":0,"kapacitet_mw":null,"operator":null}},{"type":"Feature","geometry":{"type":"Point","coordinates":[15.14813,58.33239]},"properties":{"namn":null,"typ":null,"spanning_kv":null,"volt_klass":0,"kapacitet_mw":null,"operator":null}},{"type":"Feature","geometry":{"type":"Point","coordinates":[15.14861,58.33286]},"properties":{"namn":null,"typ":null,"spanning_kv":null,"volt_klass":0,"kapacitet_mw":null,"operator":null}},{"type":"Feature","geometry":{"type":"Point","coordinates":[14.6958,57.49962]},"properties":{"namn":null,"typ":null,"spanning_kv":null,"volt_klass":0,"kapacitet_mw":null,"operator":null}},{"type":"Feature","geometry":{"type":"Point","coordinates":[18.12287,59.30375]},"properties":{"namn":null,"typ":null,"spanning_kv":null,"volt_klass":0,"kapacitet_mw":null,"operator":null}},{"type":"Feature","geometry":{"type":"Point","coordinates":[13.55477,59.40704]},"properties":{"namn":null,"typ":"minor_distribution","spanning_kv":null,"volt_klass":0,"kapacitet_mw":null,"operator":null}},{"type":"Feature","geometry":{"type":"Point","coordinates":[13.38078,55.39869]},"properties":{"namn":null,"typ":"distribution","spanning_kv":130.0,"volt_klass":2,"kapacitet_mw":null,"operator":null}},{"type":"Feature","geometry":{"type":"Point","coordinates":[18.4477,60.32948]},"properties":{"namn":null,"typ":null,"spanning_kv":null,"volt_klass":0,"kapacitet_mw":null,"operator":null}},{"type":"Feature","geometry":{"type":"Point","coordinates":[20.65543,66.42697]},"properties":{"namn":"Porsi","typ":"transmission","spanning_kv":130.0,"volt_klass":2,"kapacitet_mw":null,"operator":null}},{"type":"Feature","geometry":{"type":"Point","coordinates":[20.33146,66.6809]},"properties":{"namn":"Messaure","typ":"transmission","spanning_kv":400.0,"volt_klass":4,"kapacitet_mw":null,"operator":"Svenska Kraftnät"}},{"type":"Feature","geometry":{"type":"Point","coordinates":[15.25033,59.58962]},"properties":{"namn":null,"typ":null,"spanning_kv":130.0,"volt_klass":2,"kapacitet_mw":null,"operator":null}},{"type":"Feature","geometry":{"type":"Point","coordinates":[15.3146,59.53821]},"properties":{"namn":null,"typ":null,"spanning_kv":null,"volt_klass":0,"kapacitet_mw":null,"operator":null}},{"type":"Feature","geometry":{"type":"Point","coordinates":[13.88921,55.57477]},"properties":{"namn":null,"typ":"generation","spanning_kv":null,"volt_klass":0,"kapacitet_mw":null,"operator":null}},{"type":"Feature","geometry":{"type":"Point","coordinates":[13.89296,55.57442]},"properties":{"namn":null,"typ":"generation","spanning_kv":null,"volt_klass":0,"kapacitet_mw":null,"operator":null}},{"type":"Feature","geometry":{"type":"Point","coordinates":[13.89794,55.57448]},"properties":{"namn":null,"typ":"generation","spanning_kv":null,"volt_klass":0,"kapacitet_mw":null,"operator":null}},{"type":"Feature","geometry":{"type":"Point","coordinates":[16.24144,57.14779]},"properties":{"namn":null,"typ":null,"spanning_kv":null,"volt_klass":0,"kapacitet_mw":null,"operator":null}},{"type":"Feature","geometry":{"type":"Point","coordinates":[13.54992,59.41311]},"properties":{"namn":null,"typ":"minor_distribution","spanning_kv":null,"volt_klass":0,"kapacitet_mw":null,"operator":null}},{"type":"Feature","geometry":{"type":"Point","coordinates":[15.66367,57.14545]},"properties":{"namn":null,"typ":null,"spanning_kv":null,"volt_klass":0,"kapacitet_mw":null,"operator":null}},{"type":"Feature","geometry":{"type":"Point","coordinates":[15.66519,57.14833]},"properties":{"namn":null,"typ":null,"spanning_kv":null,"volt_klass":0,"kapacitet_mw":null,"operator":null}},{"type":"Feature","geometry":{"type":"Point","coordinates":[15.66996,57.15001]},"properties":{"namn":null,"typ":null,"spanning_kv":null,"volt_klass":0,"kapacitet_mw":null,"operator":null}},{"type":"Feature","geometry":{"type":"Point","coordinates":[17.99977,59.36962]},"properties":{"namn":null,"typ":null,"spanning_kv":null,"volt_klass":0,"kapacitet_mw":null,"operator":null}},{"type":"Feature","geometry":{"type":"Point","coordinates":[13.5135,55.63153]},"properties":{"namn":"vbdo-t","typ":null,"spanning_kv":null,"volt_klass":0,"kapacitet_mw":null,"operator":null}},{"type":"Feature","geometry":{"type":"Point","coordinates":[13.94829,55.59439]},"properties":{"namn":null,"typ":null,"spanning_kv":null,"volt_klass":0,"kapacitet_mw":null,"operator":null}},{"type":"Feature","geometry":{"type":"Point","coordinates":[13.94776,55.59657]},"properties":{"namn":null,"typ":null,"spanning_kv":null,"volt_klass":0,"kapacitet_mw":null,"operator":null}},{"type":"Feature","geometry":{"type":"Point","coordinates":[13.94124,55.59579]},"properties":{"namn":null,"typ":null,"spanning_kv":null,"volt_klass":0,"kapacitet_mw":null,"operator":null}},{"type":"Feature","geometry":{"type":"Point","coordinates":[13.94321,55.59299]},"properties":{"namn":null,"typ":null,"spanning_kv":null,"volt_klass":0,"kapacitet_mw":null,"operator":null}},{"type":"Feature","geometry":{"type":"Point","coordinates":[13.4473,55.49003]},"properties":{"namn":null,"typ":"distribution","spanning_kv":130.0,"volt_klass":2,"kapacitet_mw":null,"operator":null}},{"type":"Feature","geometry":{"type":"Point","coordinates":[13.04004,55.48313]},"properties":{"namn":null,"typ":"distribution","spanning_kv":130.0,"volt_klass":2,"kapacitet_mw":null,"operator":null}},{"type":"Feature","geometry":{"type":"Point","coordinates":[13.67345,55.85372]},"properties":{"namn":null,"typ":"distribution","spanning_kv":130.0,"volt_klass":2,"kapacitet_mw":null,"operator":null}},{"type":"Feature","geometry":{"type":"Point","coordinates":[13.69627,55.99147]},"properties":{"namn":null,"typ":"distribution","spanning_kv":130.0,"volt_klass":2,"kapacitet_mw":null,"operator":null}},{"type":"Feature","geometry":{"type":"Point","coordinates":[13.31114,55.82611]},"properties":{"namn":null,"typ":"transition","spanning_kv":null,"volt_klass":0,"kapacitet_mw":null,"operator":null}},{"type":"Feature","geometry":{"type":"Point","coordinates":[12.89999,55.88602]},"properties":{"namn":null,"typ":"distribution","spanning_kv":null,"volt_klass":0,"kapacitet_mw":null,"operator":null}},{"type":"Feature","geometry":{"type":"Point","coordinates":[13.09199,55.89331]},"properties":{"namn":null,"typ":null,"spanning_kv":130.0,"volt_klass":2,"kapacitet_mw":null,"operator":null}},{"type":"Feature","geometry":{"type":"Point","coordinates":[13.68332,55.62473]},"properties":{"namn":null,"typ":"distribution","spanning_kv":130.0,"volt_klass":2,"kapacitet_mw":null,"operator":null}},{"type":"Feature","geometry":{"type":"Point","coordinates":[14.47482,56.04409]},"properties":{"namn":null,"typ":"distribution","spanning_kv":130.0,"volt_klass":2,"kapacitet_mw":null,"operator":null}},{"type":"Feature","geometry":{"type":"Point","coordinates":[14.51389,56.27642]},"properties":{"namn":null,"typ":"distribution","spanning_kv":130.0,"volt_klass":2,"kapacitet_mw":null,"operator":null}},{"type":"Feature","geometry":{"type":"Point","coordinates":[14.29192,56.1824]},"properties":{"namn":null,"typ":"distribution","spanning_kv":130.0,"volt_klass":2,"kapacitet_mw":null,"operator":null}},{"type":"Feature","geometry":{"type":"Point","coordinates":[13.9062,55.50394]},"properties":{"namn":"AVD--T Allevad","typ":null,"spanning_kv":null,"volt_klass":0,"kapacitet_mw":null,"operator":"E.ON Elnät Sverige AB"}},{"type":"Feature","geometry":{"type":"Point","coordinates":[13.50647,55.48401]},"properties":{"namn":null,"typ":null,"spanning_kv":null,"volt_klass":0,"kapacitet_mw":null,"operator":null}},{"type":"Feature","geometry":{"type":"Point","coordinates":[12.85853,56.6791]},"properties":{"namn":null,"typ":"distribution","spanning_kv":null,"volt_klass":0,"kapacitet_mw":null,"operator":null}},{"type":"Feature","geometry":{"type":"Point","coordinates":[14.67063,56.05567]},"properties":{"namn":null,"typ":null,"spanning_kv":null,"volt_klass":0,"kapacitet_mw":null,"operator":null}},{"type":"Feature","geometry":{"type":"Point","coordinates":[14.56934,56.0549]},"properties":{"namn":null,"typ":null,"spanning_kv":null,"volt_klass":0,"kapacitet_mw":null,"operator":null}},{"type":"Feature","geometry":{"type":"Point","coordinates":[14.74058,56.18486]},"properties":{"namn":null,"typ":null,"spanning_kv":null,"volt_klass":0,"kapacitet_mw":null,"operator":null}},{"type":"Feature","geometry":{"type":"Point","coordinates":[14.63496,56.16289]},"properties":{"namn":null,"typ":null,"spanning_kv":null,"volt_klass":0,"kapacitet_mw":null,"operator":null}},{"type":"Feature","geometry":{"type":"Point","coordinates":[18.47817,59.31333]},"properties":{"namn":null,"typ":null,"spanning_kv":null,"volt_klass":0,"kapacitet_mw":null,"operator":null}},{"type":"Feature","geometry":{"type":"Point","coordinates":[18.46965,59.30974]},"properties":{"namn":null,"typ":null,"spanning_kv":null,"volt_klass":0,"kapacitet_mw":null,"operator":null}},{"type":"Feature","geometry":{"type":"Point","coordinates":[17.60393,59.19157]},"properties":{"namn":null,"typ":null,"spanning_kv":null,"volt_klass":0,"kapacitet_mw":null,"operator":"Telge Energi"}},{"type":"Feature","geometry":{"type":"Point","coordinates":[17.60395,59.19164]},"properties":{"namn":null,"typ":null,"spanning_kv":null,"volt_klass":0,"kapacitet_mw":null,"operator":"Telge Energi"}},{"type":"Feature","geometry":{"type":"Point","coordinates":[17.6036,59.19161]},"properties":{"namn":null,"typ":null,"spanning_kv":null,"volt_klass":0,"kapacitet_mw":null,"operator":"Telge Energi"}},{"type":"Feature","geometry":{"type":"Point","coordinates":[17.60412,59.19155]},"properties":{"namn":null,"typ":null,"spanning_kv":null,"volt_klass":0,"kapacitet_mw":null,"operator":"Telge Energi"}},{"type":"Feature","geometry":{"type":"Point","coordinates":[17.60378,59.19158]},"properties":{"namn":null,"typ":null,"spanning_kv":null,"volt_klass":0,"kapacitet_mw":null,"operator":"Telge Energi"}},{"type":"Feature","geometry":{"type":"Point","coordinates":[17.60367,59.19145]},"properties":{"namn":null,"typ":null,"spanning_kv":70.0,"volt_klass":2,"kapacitet_mw":null,"operator":null}},{"type":"Feature","geometry":{"type":"Point","coordinates":[17.10116,63.18331]},"properties":{"namn":"Nässe","typ":"transmission","spanning_kv":220.0,"volt_klass":3,"kapacitet_mw":null,"operator":null}},{"type":"Feature","geometry":{"type":"Point","coordinates":[12.86741,56.67605]},"properties":{"namn":null,"typ":"distribution","spanning_kv":null,"volt_klass":0,"kapacitet_mw":null,"operator":"HEM"}},{"type":"Feature","geometry":{"type":"Point","coordinates":[18.0801,59.2973]},"properties":{"namn":null,"typ":"minor_distribution","spanning_kv":null,"volt_klass":0,"kapacitet_mw":null,"operator":null}},{"type":"Feature","geometry":{"type":"Point","coordinates":[18.68078,59.76378]},"properties":{"namn":null,"typ":"distribution","spanning_kv":70.0,"volt_klass":2,"kapacitet_mw":null,"operator":null}},{"type":"Feature","geometry":{"type":"Point","coordinates":[18.2028,59.35076]},"properties":{"namn":null,"typ":null,"spanning_kv":null,"volt_klass":0,"kapacitet_mw":null,"operator":null}},{"type":"Feature","geometry":{"type":"Point","coordinates":[12.03529,57.60183]},"properties":{"namn":null,"typ":"distribution","spanning_kv":132.0,"volt_klass":2,"kapacitet_mw":null,"operator":null}},{"type":"Feature","geometry":{"type":"Point","coordinates":[13.57488,55.42687]},"properties":{"namn":null,"typ":null,"spanning_kv":null,"volt_klass":0,"kapacitet_mw":null,"operator":null}},{"type":"Feature","geometry":{"type":"Point","coordinates":[18.64924,59.39525]},"properties":{"namn":null,"typ":null,"spanning_kv":null,"volt_klass":0,"kapacitet_mw":null,"operator":null}},{"type":"Feature","geometry":{"type":"Point","coordinates":[15.33088,59.1235]},"properties":{"namn":null,"typ":null,"spanning_kv":null,"volt_klass":0,"kapacitet_mw":null,"operator":null}},{"type":"Feature","geometry":{"type":"Point","coordinates":[13.93048,55.46597]},"properties":{"namn":null,"typ":"distribution","spanning_kv":null,"volt_klass":0,"kapacitet_mw":null,"operator":null}},{"type":"Feature","geometry":{"type":"Point","coordinates":[18.47986,59.26895]},"properties":{"namn":null,"typ":"distribution","spanning_kv":null,"volt_klass":0,"kapacitet_mw":null,"operator":null}},{"type":"Feature","geometry":{"type":"Point","coordinates":[14.6503,63.18875]},"properties":{"namn":"Nätstation, Pampasvägen","typ":"minor_distribution","spanning_kv":20.0,"volt_klass":1,"kapacitet_mw":null,"operator":"Jämtkraft"}},{"type":"Feature","geometry":{"type":"Point","coordinates":[17.80827,59.21082]},"properties":{"namn":null,"typ":null,"spanning_kv":null,"volt_klass":0,"kapacitet_mw":null,"operator":null}},{"type":"Feature","geometry":{"type":"Point","coordinates":[11.89473,57.62551]},"properties":{"namn":null,"typ":"distribution","spanning_kv":null,"volt_klass":0,"kapacitet_mw":null,"operator":null}},{"type":"Feature","geometry":{"type":"Point","coordinates":[11.88454,57.62295]},"properties":{"namn":null,"typ":"distribution","spanning_kv":null,"volt_klass":0,"kapacitet_mw":null,"operator":null}},{"type":"Feature","geometry":{"type":"Point","coordinates":[18.15919,59.34402]},"properties":{"namn":null,"typ":null,"spanning_kv":null,"volt_klass":0,"kapacitet_mw":null,"operator":"Fortum"}},{"type":"Feature","geometry":{"type":"Point","coordinates":[17.3545,62.27761]},"properties":{"namn":null,"typ":"transmission","spanning_kv":130.0,"volt_klass":2,"kapacitet_mw":null,"operator":null}},{"type":"Feature","geometry":{"type":"Point","coordinates":[14.64259,59.09754]},"properties":{"namn":null,"typ":null,"spanning_kv":null,"volt_klass":0,"kapacitet_mw":null,"operator":null}},{"type":"Feature","geometry":{"type":"Point","coordinates":[18.10979,59.12719]},"properties":{"namn":null,"typ":"minor_distribution","spanning_kv":null,"volt_klass":0,"kapacitet_mw":null,"operator":null}},{"type":"Feature","geometry":{"type":"Point","coordinates":[13.79573,55.43621]},"properties":{"namn":null,"typ":null,"spanning_kv":null,"volt_klass":0,"kapacitet_mw":null,"operator":null}},{"type":"Feature","geometry":{"type":"Point","coordinates":[13.69658,55.99133]},"properties":{"namn":null,"typ":null,"spanning_kv":130.0,"volt_klass":2,"kapacitet_mw":null,"operator":null}},{"type":"Feature","geometry":{"type":"Point","coordinates":[21.01159,65.34529]},"properties":{"namn":null,"typ":null,"spanning_kv":400.0,"volt_klass":4,"kapacitet_mw":null,"operator":null}},{"type":"Feature","geometry":{"type":"Point","coordinates":[15.05544,58.82301]},"properties":{"namn":null,"typ":null,"spanning_kv":null,"volt_klass":0,"kapacitet_mw":null,"operator":null}},{"type":"Feature","geometry":{"type":"Point","coordinates":[18.58456,66.97735]},"properties":{"namn":"Seitevare","typ":null,"spanning_kv":400.0,"volt_klass":4,"kapacitet_mw":null,"operator":null}},{"type":"Feature","geometry":{"type":"Point","coordinates":[17.98997,59.39934]},"properties":{"namn":null,"typ":null,"spanning_kv":null,"volt_klass":0,"kapacitet_mw":null,"operator":null}},{"type":"Feature","geometry":{"type":"Point","coordinates":[22.01498,65.64343]},"properties":{"namn":null,"typ":null,"spanning_kv":null,"volt_klass":0,"kapacitet_mw":null,"operator":null}},{"type":"Feature","geometry":{"type":"Point","coordinates":[22.01425,65.64331]},"properties":{"namn":"Gammelstad","typ":"distribution","spanning_kv":130.0,"volt_klass":2,"kapacitet_mw":null,"operator":"Luleå Energi"}},{"type":"Feature","geometry":{"type":"Point","coordinates":[14.55071,61.02346]},"properties":{"namn":null,"typ":null,"spanning_kv":130.0,"volt_klass":2,"kapacitet_mw":null,"operator":null}},{"type":"Feature","geometry":{"type":"Point","coordinates":[13.79188,61.27282]},"properties":{"namn":null,"typ":"generation","spanning_kv":70.0,"volt_klass":2,"kapacitet_mw":null,"operator":null}},{"type":"Feature","geometry":{"type":"Point","coordinates":[11.9203,57.76853]},"properties":{"namn":"Hisingen","typ":"transmission","spanning_kv":400.0,"volt_klass":4,"kapacitet_mw":null,"operator":null}},{"type":"Feature","geometry":{"type":"Point","coordinates":[11.92385,57.7679]},"properties":{"namn":null,"typ":"distribution","spanning_kv":132.0,"volt_klass":2,"kapacitet_mw":null,"operator":null}},{"type":"Feature","geometry":{"type":"Point","coordinates":[17.32755,62.474]},"properties":{"namn":null,"typ":null,"spanning_kv":130.0,"volt_klass":2,"kapacitet_mw":null,"operator":null}},{"type":"Feature","geometry":{"type":"Point","coordinates":[12.02084,57.68138]},"properties":{"namn":null,"typ":"transmission","spanning_kv":132.0,"volt_klass":2,"kapacitet_mw":null,"operator":null}},{"type":"Feature","geometry":{"type":"Point","coordinates":[12.01278,57.85517]},"properties":{"namn":null,"typ":null,"spanning_kv":132.0,"volt_klass":2,"kapacitet_mw":null,"operator":null}},{"type":"Feature","geometry":{"type":"Point","coordinates":[11.91203,57.87692]},"properties":{"namn":null,"typ":"transmission","spanning_kv":132.0,"volt_klass":2,"kapacitet_mw":null,"operator":null}},{"type":"Feature","geometry":{"type":"Point","coordinates":[17.30173,62.47566]},"properties":{"namn":null,"typ":null,"spanning_kv":130.0,"volt_klass":2,"kapacitet_mw":null,"operator":null}},{"type":"Feature","geometry":{"type":"Point","coordinates":[12.04155,57.66141]},"properties":{"namn":null,"typ":"transition","spanning_kv":132.0,"volt_klass":2,"kapacitet_mw":null,"operator":null}},{"type":"Feature","geometry":{"type":"Point","coordinates":[12.04185,57.66143]},"properties":{"namn":null,"typ":"transition","spanning_kv":132.0,"volt_klass":2,"kapacitet_mw":null,"operator":null}},{"type":"Feature","geometry":{"type":"Point","coordinates":[12.04215,57.56955]},"properties":{"namn":"Ställverk Rantorp","typ":"distribution","spanning_kv":132.0,"volt_klass":2,"kapacitet_mw":null,"operator":null}},{"type":"Feature","geometry":{"type":"Point","coordinates":[11.98449,57.52414]},"properties":{"namn":null,"typ":"distribution","spanning_kv":132.0,"volt_klass":2,"kapacitet_mw":null,"operator":null}},{"type":"Feature","geometry":{"type":"Point","coordinates":[17.5975,60.19499]},"properties":{"namn":null,"typ":null,"spanning_kv":null,"volt_klass":0,"kapacitet_mw":null,"operator":null}},{"type":"Feature","geometry":{"type":"Point","coordinates":[17.48746,62.2091]},"properties":{"namn":null,"typ":null,"spanning_kv":null,"volt_klass":0,"kapacitet_mw":null,"operator":null}},{"type":"Feature","geometry":{"type":"Point","coordinates":[15.35037,59.13802]},"properties":{"namn":null,"typ":null,"spanning_kv":null,"volt_klass":0,"kapacitet_mw":null,"operator":null}},{"type":"Feature","geometry":{"type":"Point","coordinates":[14.98139,57.65276]},"properties":{"namn":null,"typ":"minor_distribution","spanning_kv":null,"volt_klass":0,"kapacitet_mw":null,"operator":null}},{"type":"Feature","geometry":{"type":"Point","coordinates":[13.79021,55.43836]},"properties":{"namn":null,"typ":null,"spanning_kv":null,"volt_klass":0,"kapacitet_mw":null,"operator":null}},{"type":"Feature","geometry":{"type":"Point","coordinates":[18.24655,59.31028]},"properties":{"namn":null,"typ":"minor_distribution","spanning_kv":null,"volt_klass":0,"kapacitet_mw":null,"operator":null}},{"type":"Feature","geometry":{"type":"Point","coordinates":[16.00158,60.28566]},"properties":{"namn":"Hedemora","typ":null,"spanning_kv":132.0,"volt_klass":2,"kapacitet_mw":null,"operator":"Vattenfall"}},{"type":"Feature","geometry":{"type":"Point","coordinates":[17.73771,59.85822]},"properties":{"namn":"Plenninge","typ":null,"spanning_kv":220.0,"volt_klass":3,"kapacitet_mw":null,"operator":"Svenska kraftnät"}},{"type":"Feature","geometry":{"type":"Point","coordinates":[19.80019,66.95942]},"properties":{"namn":"Porjus","typ":"transmission","spanning_kv":400.0,"volt_klass":4,"kapacitet_mw":null,"operator":"Svenska Kraftnät"}},{"type":"Feature","geometry":{"type":"Point","coordinates":[18.06961,59.50123]},"properties":{"namn":null,"typ":null,"spanning_kv":null,"volt_klass":0,"kapacitet_mw":null,"operator":null}},{"type":"Feature","geometry":{"type":"Point","coordinates":[17.33027,62.34113]},"properties":{"namn":null,"typ":"transmission","spanning_kv":220.0,"volt_klass":3,"kapacitet_mw":null,"operator":null}},{"type":"Feature","geometry":{"type":"Point","coordinates":[17.36188,62.33512]},"properties":{"namn":null,"typ":null,"spanning_kv":130.0,"volt_klass":2,"kapacitet_mw":null,"operator":null}},{"type":"Feature","geometry":{"type":"Point","coordinates":[14.91036,59.54171]},"properties":{"namn":null,"typ":null,"spanning_kv":null,"volt_klass":0,"kapacitet_mw":null,"operator":null}},{"type":"Feature","geometry":{"type":"Point","coordinates":[14.91725,59.5995]},"properties":{"namn":null,"typ":null,"spanning_kv":null,"volt_klass":0,"kapacitet_mw":null,"operator":null}},{"type":"Feature","geometry":{"type":"Point","coordinates":[14.56866,59.62918]},"properties":{"namn":null,"typ":null,"spanning_kv":null,"volt_klass":0,"kapacitet_mw":null,"operator":null}},{"type":"Feature","geometry":{"type":"Point","coordinates":[18.27957,59.32485]},"properties":{"namn":null,"typ":null,"spanning_kv":null,"volt_klass":0,"kapacitet_mw":null,"operator":null}},{"type":"Feature","geometry":{"type":"Point","coordinates":[14.90897,60.21179]},"properties":{"namn":null,"typ":null,"spanning_kv":70.0,"volt_klass":2,"kapacitet_mw":null,"operator":null}},{"type":"Feature","geometry":{"type":"Point","coordinates":[18.24117,59.33111]},"properties":{"namn":null,"typ":null,"spanning_kv":null,"volt_klass":0,"kapacitet_mw":null,"operator":null}},{"type":"Feature","geometry":{"type":"Point","coordinates":[18.24803,59.33057]},"properties":{"namn":null,"typ":null,"spanning_kv":null,"volt_klass":0,"kapacitet_mw":null,"operator":null}},{"type":"Feature","geometry":{"type":"Point","coordinates":[16.04473,60.4498]},"properties":{"namn":"Svältbacken","typ":null,"spanning_kv":130.0,"volt_klass":2,"kapacitet_mw":null,"operator":"Vattenfall"}},{"type":"Feature","geometry":{"type":"Point","coordinates":[16.09572,58.58511]},"properties":{"namn":null,"typ":null,"spanning_kv":null,"volt_klass":0,"kapacitet_mw":null,"operator":null}},{"type":"Feature","geometry":{"type":"Point","coordinates":[15.95342,58.53638]},"properties":{"namn":"Kimstad","typ":"transmission","spanning_kv":400.0,"volt_klass":4,"kapacitet_mw":null,"operator":null}},{"type":"Feature","geometry":{"type":"Point","coordinates":[15.96084,58.53776]},"properties":{"namn":null,"typ":"transmission","spanning_kv":130.0,"volt_klass":2,"kapacitet_mw":null,"operator":null}},{"type":"Feature","geometry":{"type":"Point","coordinates":[15.90201,58.57549]},"properties":{"namn":null,"typ":"transmission","spanning_kv":130.0,"volt_klass":2,"kapacitet_mw":null,"operator":null}},{"type":"Feature","geometry":{"type":"Point","coordinates":[14.8252,57.84798]},"properties":{"namn":null,"typ":null,"spanning_kv":null,"volt_klass":0,"kapacitet_mw":null,"operator":null}},{"type":"Feature","geometry":{"type":"Point","coordinates":[16.04783,58.64225]},"properties":{"namn":null,"typ":null,"spanning_kv":null,"volt_klass":0,"kapacitet_mw":null,"operator":null}},{"type":"Feature","geometry":{"type":"Point","coordinates":[16.09716,58.58658]},"properties":{"namn":null,"typ":null,"spanning_kv":null,"volt_klass":0,"kapacitet_mw":null,"operator":null}},{"type":"Feature","geometry":{"type":"Point","coordinates":[17.26615,63.17254]},"properties":{"namn":null,"typ":"generation","spanning_kv":null,"volt_klass":0,"kapacitet_mw":null,"operator":null}},{"type":"Feature","geometry":{"type":"Point","coordinates":[18.15044,62.88978]},"properties":{"namn":null,"typ":null,"spanning_kv":null,"volt_klass":0,"kapacitet_mw":null,"operator":null}},{"type":"Feature","geometry":{"type":"Point","coordinates":[14.18818,57.11547]},"properties":{"namn":"Bor Transformatorstation","typ":null,"spanning_kv":null,"volt_klass":0,"kapacitet_mw":null,"operator":null}},{"type":"Feature","geometry":{"type":"Point","coordinates":[17.35983,62.49604]},"properties":{"namn":null,"typ":"distribution","spanning_kv":130.0,"volt_klass":2,"kapacitet_mw":null,"operator":null}},{"type":"Feature","geometry":{"type":"Point","coordinates":[17.37118,62.48871]},"properties":{"namn":null,"typ":"distribution","spanning_kv":null,"volt_klass":0,"kapacitet_mw":null,"operator":null}},{"type":"Feature","geometry":{"type":"Point","coordinates":[15.9458,58.70841]},"properties":{"namn":null,"typ":"transmission","spanning_kv":130.0,"volt_klass":2,"kapacitet_mw":null,"operator":null}},{"type":"Feature","geometry":{"type":"Point","coordinates":[16.13204,63.5985]},"properties":{"namn":"Storfinnforsen","typ":"transmission","spanning_kv":400.0,"volt_klass":4,"kapacitet_mw":null,"operator":null}},{"type":"Feature","geometry":{"type":"Point","coordinates":[17.33366,62.49717]},"properties":{"namn":null,"typ":"distribution","spanning_kv":null,"volt_klass":0,"kapacitet_mw":null,"operator":null}},{"type":"Feature","geometry":{"type":"Point","coordinates":[14.91861,59.0295]},"properties":{"namn":"Hallsberg","typ":"transmission","spanning_kv":400.0,"volt_klass":4,"kapacitet_mw":null,"operator":null}},{"type":"Feature","geometry":{"type":"Point","coordinates":[15.04125,59.05719]},"properties":{"namn":"Station Älberg","typ":"transmission","spanning_kv":132.0,"volt_klass":2,"kapacitet_mw":null,"operator":null}},{"type":"Feature","geometry":{"type":"Point","coordinates":[17.2438,59.7321]},"properties":{"namn":null,"typ":null,"spanning_kv":null,"volt_klass":0,"kapacitet_mw":null,"operator":null}},{"type":"Feature","geometry":{"type":"Point","coordinates":[17.06395,59.64095]},"properties":{"namn":null,"typ":"transmission","spanning_kv":80.0,"volt_klass":2,"kapacitet_mw":null,"operator":null}},{"type":"Feature","geometry":{"type":"Point","coordinates":[17.88271,59.3745]},"properties":{"namn":null,"typ":null,"spanning_kv":null,"volt_klass":0,"kapacitet_mw":null,"operator":null}},{"type":"Feature","geometry":{"type":"Point","coordinates":[18.14651,59.26367]},"properties":{"namn":null,"typ":"transmission","spanning_kv":220.0,"volt_klass":3,"kapacitet_mw":null,"operator":null}},{"type":"Feature","geometry":{"type":"Point","coordinates":[18.10005,59.18262]},"properties":{"namn":"Ekudden","typ":"transmission","spanning_kv":400.0,"volt_klass":4,"kapacitet_mw":null,"operator":null}},{"type":"Feature","geometry":{"type":"Point","coordinates":[23.3243,67.39885]},"properties":{"namn":null,"typ":null,"spanning_kv":130.0,"volt_klass":2,"kapacitet_mw":null,"operator":null}},{"type":"Feature","geometry":{"type":"Point","coordinates":[14.57826,56.76121]},"properties":{"namn":null,"typ":null,"spanning_kv":null,"volt_klass":0,"kapacitet_mw":null,"operator":null}},{"type":"Feature","geometry":{"type":"Point","coordinates":[17.33998,60.43765]},"properties":{"namn":null,"typ":null,"spanning_kv":220.0,"volt_klass":3,"kapacitet_mw":null,"operator":null}},{"type":"Feature","geometry":{"type":"Point","coordinates":[16.87569,59.95967]},"properties":{"namn":null,"typ":"transmission","spanning_kv":220.0,"volt_klass":3,"kapacitet_mw":null,"operator":"Vattenfall"}},{"type":"Feature","geometry":{"type":"Point","coordinates":[21.76532,65.75764]},"properties":{"namn":null,"typ":null,"spanning_kv":null,"volt_klass":0,"kapacitet_mw":null,"operator":null}},{"type":"Feature","geometry":{"type":"Point","coordinates":[21.73965,65.7806]},"properties":{"namn":"Boden","typ":null,"spanning_kv":130.0,"volt_klass":2,"kapacitet_mw":null,"operator":null}},{"type":"Feature","geometry":{"type":"Point","coordinates":[21.84283,65.80509]},"properties":{"namn":"Svartbyn","typ":"transmission","spanning_kv":400.0,"volt_klass":4,"kapacitet_mw":null,"operator":null}},{"type":"Feature","geometry":{"type":"Point","coordinates":[18.09277,59.23751]},"properties":{"namn":null,"typ":"minor_distribution","spanning_kv":null,"volt_klass":0,"kapacitet_mw":null,"operator":null}},{"type":"Feature","geometry":{"type":"Point","coordinates":[18.10062,59.23618]},"properties":{"namn":null,"typ":null,"spanning_kv":null,"volt_klass":0,"kapacitet_mw":null,"operator":null}},{"type":"Feature","geometry":{"type":"Point","coordinates":[12.11784,57.26224]},"properties":{"namn":"Ringhals","typ":"transmission","spanning_kv":400.0,"volt_klass":4,"kapacitet_mw":null,"operator":null}},{"type":"Feature","geometry":{"type":"Point","coordinates":[12.5578,57.3804]},"properties":{"namn":"Ställverk Horred","typ":"transmission","spanning_kv":400.0,"volt_klass":4,"kapacitet_mw":null,"operator":null}},{"type":"Feature","geometry":{"type":"Point","coordinates":[12.45584,57.57916]},"properties":{"namn":"Ställverk Strömma","typ":"transmission","spanning_kv":400.0,"volt_klass":4,"kapacitet_mw":null,"operator":"Svenska kraftnät"}},{"type":"Feature","geometry":{"type":"Point","coordinates":[18.04379,59.29608]},"properties":{"namn":null,"typ":"minor_distribution","spanning_kv":null,"volt_klass":0,"kapacitet_mw":null,"operator":null}},{"type":"Feature","geometry":{"type":"Point","coordinates":[18.03981,59.29869]},"properties":{"namn":null,"typ":"minor_distribution","spanning_kv":null,"volt_klass":0,"kapacitet_mw":null,"operator":null}},{"type":"Feature","geometry":{"type":"Point","coordinates":[17.41667,62.42619]},"properties":{"namn":null,"typ":"minor_distribution","spanning_kv":null,"volt_klass":0,"kapacitet_mw":null,"operator":null}},{"type":"Feature","geometry":{"type":"Point","coordinates":[18.10245,59.28165]},"properties":{"namn":null,"typ":null,"spanning_kv":null,"volt_klass":0,"kapacitet_mw":null,"operator":null}},{"type":"Feature","geometry":{"type":"Point","coordinates":[15.9434,58.71025]},"properties":{"namn":null,"typ":"transmission","spanning_kv":400.0,"volt_klass":4,"kapacitet_mw":null,"operator":null}},{"type":"Feature","geometry":{"type":"Point","coordinates":[18.10564,59.23867]},"properties":{"namn":null,"typ":null,"spanning_kv":null,"volt_klass":0,"kapacitet_mw":null,"operator":null}},{"type":"Feature","geometry":{"type":"Point","coordinates":[18.04685,59.29359]},"properties":{"namn":null,"typ":"minor_distribution","spanning_kv":null,"volt_klass":0,"kapacitet_mw":null,"operator":null}},{"type":"Feature","geometry":{"type":"Point","coordinates":[14.99024,57.63986]},"properties":{"namn":null,"typ":"transmission","spanning_kv":132.0,"volt_klass":2,"kapacitet_mw":null,"operator":null}},{"type":"Feature","geometry":{"type":"Point","coordinates":[18.02008,59.27159]},"properties":{"namn":null,"typ":"minor_distribution","spanning_kv":null,"volt_klass":0,"kapacitet_mw":null,"operator":null}},{"type":"Feature","geometry":{"type":"Point","coordinates":[18.06078,59.28502]},"properties":{"namn":null,"typ":"minor_distribution","spanning_kv":null,"volt_klass":0,"kapacitet_mw":null,"operator":null}},{"type":"Feature","geometry":{"type":"Point","coordinates":[18.05744,59.28322]},"properties":{"namn":null,"typ":"minor_distribution","spanning_kv":null,"volt_klass":0,"kapacitet_mw":null,"operator":null}},{"type":"Feature","geometry":{"type":"Point","coordinates":[13.28604,55.83047]},"properties":{"namn":null,"typ":null,"spanning_kv":null,"volt_klass":0,"kapacitet_mw":null,"operator":null}},{"type":"Feature","geometry":{"type":"Point","coordinates":[12.55629,59.53858]},"properties":{"namn":null,"typ":null,"spanning_kv":132.0,"volt_klass":2,"kapacitet_mw":null,"operator":null}},{"type":"Feature","geometry":{"type":"Point","coordinates":[12.47206,59.67686]},"properties":{"namn":"Jössefors","typ":null,"spanning_kv":132.0,"volt_klass":2,"kapacitet_mw":null,"operator":null}},{"type":"Feature","geometry":{"type":"Point","coordinates":[11.54017,57.94452]},"properties":{"namn":null,"typ":null,"spanning_kv":null,"volt_klass":0,"kapacitet_mw":null,"operator":null}},{"type":"Feature","geometry":{"type":"Point","coordinates":[18.07577,59.28527]},"properties":{"namn":null,"typ":"minor_distribution","spanning_kv":null,"volt_klass":0,"kapacitet_mw":null,"operator":null}},{"type":"Feature","geometry":{"type":"Point","coordinates":[17.29979,62.482]},"properties":{"namn":null,"typ":"minor_distribution","spanning_kv":null,"volt_klass":0,"kapacitet_mw":null,"operator":null}},{"type":"Feature","geometry":{"type":"Point","coordinates":[11.96151,57.8722]},"properties":{"namn":null,"typ":"minor_distribution","spanning_kv":null,"volt_klass":0,"kapacitet_mw":null,"operator":"Kungälv Energi"}},{"type":"Feature","geometry":{"type":"Point","coordinates":[18.08984,59.24126]},"properties":{"namn":null,"typ":null,"spanning_kv":null,"volt_klass":0,"kapacitet_mw":null,"operator":null}},{"type":"Feature","geometry":{"type":"Point","coordinates":[13.5044,59.37515]},"properties":{"namn":null,"typ":"minor_distribution","spanning_kv":null,"volt_klass":0,"kapacitet_mw":null,"operator":null}},{"type":"Feature","geometry":{"type":"Point","coordinates":[12.16714,57.22418]},"properties":{"namn":null,"typ":"transmission","spanning_kv":132.0,"volt_klass":2,"kapacitet_mw":null,"operator":null}},{"type":"Feature","geometry":{"type":"Point","coordinates":[17.92661,59.48824]},"properties":{"namn":null,"typ":null,"spanning_kv":null,"volt_klass":0,"kapacitet_mw":null,"operator":null}},{"type":"Feature","geometry":{"type":"Point","coordinates":[12.06465,58.56392]},"properties":{"namn":null,"typ":null,"spanning_kv":45.0,"volt_klass":1,"kapacitet_mw":null,"operator":null}},{"type":"Feature","geometry":{"type":"Point","coordinates":[15.62393,60.61059]},"properties":{"namn":null,"typ":"minor_distribution","spanning_kv":null,"volt_klass":0,"kapacitet_mw":null,"operator":null}},{"type":"Feature","geometry":{"type":"Point","coordinates":[17.79973,59.7381]},"properties":{"namn":null,"typ":null,"spanning_kv":70.0,"volt_klass":2,"kapacitet_mw":null,"operator":null}},{"type":"Feature","geometry":{"type":"Point","coordinates":[13.09833,55.915]},"properties":{"namn":null,"typ":null,"spanning_kv":null,"volt_klass":0,"kapacitet_mw":null,"operator":null}},{"type":"Feature","geometry":{"type":"Point","coordinates":[13.09456,55.9111]},"properties":{"namn":null,"typ":null,"spanning_kv":null,"volt_klass":0,"kapacitet_mw":null,"operator":null}},{"type":"Feature","geometry":{"type":"Point","coordinates":[13.47619,55.94189]},"properties":{"namn":null,"typ":"distribution","spanning_kv":null,"volt_klass":0,"kapacitet_mw":null,"operator":null}},{"type":"Feature","geometry":{"type":"Point","coordinates":[13.1049,55.91482]},"properties":{"namn":null,"typ":null,"spanning_kv":400.0,"volt_klass":4,"kapacitet_mw":null,"operator":null}},{"type":"Feature","geometry":{"type":"Point","coordinates":[13.10196,55.92037]},"properties":{"namn":null,"typ":null,"spanning_kv":null,"volt_klass":0,"kapacitet_mw":null,"operator":null}},{"type":"Feature","geometry":{"type":"Point","coordinates":[13.10089,55.9174]},"properties":{"namn":null,"typ":null,"spanning_kv":null,"volt_klass":0,"kapacitet_mw":null,"operator":null}},{"type":"Feature","geometry":{"type":"Point","coordinates":[12.59554,56.13246]},"properties":{"namn":null,"typ":"transition","spanning_kv":null,"volt_klass":0,"kapacitet_mw":null,"operator":null}},{"type":"Feature","geometry":{"type":"Point","coordinates":[11.89398,57.66725]},"properties":{"namn":null,"typ":"distribution","spanning_kv":null,"volt_klass":0,"kapacitet_mw":null,"operator":null}},{"type":"Feature","geometry":{"type":"Point","coordinates":[16.18481,58.66295]},"properties":{"namn":null,"typ":"minor_distribution","spanning_kv":null,"volt_klass":0,"kapacitet_mw":null,"operator":null}},{"type":"Feature","geometry":{"type":"Point","coordinates":[15.08409,60.67941]},"properties":{"namn":"Insjön","typ":"distribution","spanning_kv":null,"volt_klass":0,"kapacitet_mw":null,"operator":null}},{"type":"Feature","geometry":{"type":"Point","coordinates":[18.06681,59.28357]},"properties":{"namn":null,"typ":"minor_distribution","spanning_kv":null,"volt_klass":0,"kapacitet_mw":null,"operator":null}},{"type":"Feature","geometry":{"type":"Point","coordinates":[14.8176,56.90325]},"properties":{"namn":null,"typ":null,"spanning_kv":null,"volt_klass":0,"kapacitet_mw":null,"operator":null}},{"type":"Feature","geometry":{"type":"Point","coordinates":[14.12825,59.70924]},"properties":{"namn":null,"typ":null,"spanning_kv":130.0,"volt_klass":2,"kapacitet_mw":null,"operator":null}},{"type":"Feature","geometry":{"type":"Point","coordinates":[18.3977,59.33198]},"properties":{"namn":null,"typ":null,"spanning_kv":null,"volt_klass":0,"kapacitet_mw":null,"operator":null}},{"type":"Feature","geometry":{"type":"Point","coordinates":[15.0424,60.71751]},"properties":{"namn":null,"typ":null,"spanning_kv":70.0,"volt_klass":2,"kapacitet_mw":null,"operator":null}},{"type":"Feature","geometry":{"type":"Point","coordinates":[15.08302,60.83336]},"properties":{"namn":"Rättvik","typ":"traction","spanning_kv":132.0,"volt_klass":2,"kapacitet_mw":null,"operator":null}},{"type":"Feature","geometry":{"type":"Point","coordinates":[18.83741,59.71561]},"properties":{"namn":"Spillersboda","typ":null,"spanning_kv":70.0,"volt_klass":2,"kapacitet_mw":null,"operator":null}},{"type":"Feature","geometry":{"type":"Point","coordinates":[16.22733,60.11857]},"properties":{"namn":"Krylbo","typ":"traction","spanning_kv":132.0,"volt_klass":2,"kapacitet_mw":null,"operator":null}},{"type":"Feature","geometry":{"type":"Point","coordinates":[16.22366,60.11998]},"properties":{"namn":"Krylbo","typ":null,"spanning_kv":220.0,"volt_klass":3,"kapacitet_mw":null,"operator":null}},{"type":"Feature","geometry":{"type":"Point","coordinates":[18.66841,64.73673]},"properties":{"namn":null,"typ":null,"spanning_kv":null,"volt_klass":0,"kapacitet_mw":null,"operator":null}},{"type":"Feature","geometry":{"type":"Point","coordinates":[18.88236,64.47316]},"properties":{"namn":"Tuggen","typ":"transmission","spanning_kv":400.0,"volt_klass":4,"kapacitet_mw":null,"operator":null}},{"type":"Feature","geometry":{"type":"Point","coordinates":[19.68589,65.0193]},"properties":{"namn":"Vargfors","typ":"transmission","spanning_kv":400.0,"volt_klass":4,"kapacitet_mw":null,"operator":null}},{"type":"Feature","geometry":{"type":"Point","coordinates":[15.82287,60.58846]},"properties":{"namn":"Ryggen","typ":"traction","spanning_kv":132.0,"volt_klass":2,"kapacitet_mw":null,"operator":null}},{"type":"Feature","geometry":{"type":"Point","coordinates":[16.78905,63.54393]},"properties":{"namn":"Kilforsen (Betåsen)","typ":"transmission","spanning_kv":400.0,"volt_klass":4,"kapacitet_mw":null,"operator":null}},{"type":"Feature","geometry":{"type":"Point","coordinates":[16.76168,63.53932]},"properties":{"namn":"Kilforsen","typ":"transmission","spanning_kv":400.0,"volt_klass":4,"kapacitet_mw":null,"operator":null}},{"type":"Feature","geometry":{"type":"Point","coordinates":[16.32777,63.58571]},"properties":{"namn":"Ramsele","typ":"transmission","spanning_kv":400.0,"volt_klass":4,"kapacitet_mw":null,"operator":null}},{"type":"Feature","geometry":{"type":"Point","coordinates":[16.82863,63.55474]},"properties":{"namn":"Lasele","typ":"transmission","spanning_kv":220.0,"volt_klass":3,"kapacitet_mw":null,"operator":null}},{"type":"Feature","geometry":{"type":"Point","coordinates":[16.82282,63.5552]},"properties":{"namn":null,"typ":null,"spanning_kv":null,"volt_klass":0,"kapacitet_mw":null,"operator":null}},{"type":"Feature","geometry":{"type":"Point","coordinates":[16.78072,63.63318]},"properties":{"namn":"Långbjörn","typ":"transmission","spanning_kv":400.0,"volt_klass":4,"kapacitet_mw":null,"operator":null}},{"type":"Feature","geometry":{"type":"Point","coordinates":[17.02041,63.15619]},"properties":{"namn":"Forsse","typ":"transmission","spanning_kv":220.0,"volt_klass":3,"kapacitet_mw":null,"operator":null}},{"type":"Feature","geometry":{"type":"Point","coordinates":[17.2009,63.26838]},"properties":{"namn":"Forsmo","typ":"transmission","spanning_kv":220.0,"volt_klass":3,"kapacitet_mw":null,"operator":null}},{"type":"Feature","geometry":{"type":"Point","coordinates":[16.98727,63.36717]},"properties":{"namn":"Moforsen","typ":"transmission","spanning_kv":220.0,"volt_klass":3,"kapacitet_mw":null,"operator":null}},{"type":"Feature","geometry":{"type":"Point","coordinates":[12.42152,58.69566]},"properties":{"namn":null,"typ":"transmission","spanning_kv":132.0,"volt_klass":2,"kapacitet_mw":null,"operator":null}},{"type":"Feature","geometry":{"type":"Point","coordinates":[12.49722,58.61493]},"properties":{"namn":null,"typ":"distribution","spanning_kv":132.0,"volt_klass":2,"kapacitet_mw":null,"operator":null}},{"type":"Feature","geometry":{"type":"Point","coordinates":[17.23332,59.69461]},"properties":{"namn":"Station Viggeby","typ":null,"spanning_kv":null,"volt_klass":0,"kapacitet_mw":null,"operator":null}},{"type":"Feature","geometry":{"type":"Point","coordinates":[15.86141,56.76773]},"properties":{"namn":null,"typ":"transmission","spanning_kv":130.0,"volt_klass":2,"kapacitet_mw":null,"operator":"E.ON"}},{"type":"Feature","geometry":{"type":"Point","coordinates":[16.65306,57.41589]},"properties":{"namn":"Ekhyddan","typ":"transmission","spanning_kv":400.0,"volt_klass":4,"kapacitet_mw":null,"operator":null}},{"type":"Feature","geometry":{"type":"Point","coordinates":[16.66655,57.41482]},"properties":{"namn":null,"typ":"transmission","spanning_kv":130.0,"volt_klass":2,"kapacitet_mw":null,"operator":null}},{"type":"Feature","geometry":{"type":"Point","coordinates":[16.65609,57.41513]},"properties":{"namn":"Ekhyddan","typ":"transmission","spanning_kv":130.0,"volt_klass":2,"kapacitet_mw":null,"operator":null}},{"type":"Feature","geometry":{"type":"Point","coordinates":[14.17444,55.45341]},"properties":{"namn":null,"typ":"distribution","spanning_kv":null,"volt_klass":0,"kapacitet_mw":null,"operator":null}},{"type":"Feature","geometry":{"type":"Point","coordinates":[14.23522,55.47002]},"properties":{"namn":null,"typ":null,"spanning_kv":null,"volt_klass":0,"kapacitet_mw":null,"operator":null}},{"type":"Feature","geometry":{"type":"Point","coordinates":[13.77935,55.60873]},"properties":{"namn":null,"typ":null,"spanning_kv":null,"volt_klass":0,"kapacitet_mw":null,"operator":null}},{"type":"Feature","geometry":{"type":"Point","coordinates":[14.20014,57.76816]},"properties":{"namn":null,"typ":"yes","spanning_kv":null,"volt_klass":0,"kapacitet_mw":null,"operator":null}},{"type":"Feature","geometry":{"type":"Point","coordinates":[16.50663,59.5937]},"properties":{"namn":null,"typ":"transmission","spanning_kv":130.0,"volt_klass":2,"kapacitet_mw":null,"operator":null}},{"type":"Feature","geometry":{"type":"Point","coordinates":[15.09151,59.65783]},"properties":{"namn":null,"typ":null,"spanning_kv":null,"volt_klass":0,"kapacitet_mw":null,"operator":null}},{"type":"Feature","geometry":{"type":"Point","coordinates":[14.04224,58.61324]},"properties":{"namn":"Moholm","typ":"transmission","spanning_kv":220.0,"volt_klass":3,"kapacitet_mw":null,"operator":null}},{"type":"Feature","geometry":{"type":"Point","coordinates":[13.72189,58.53373]},"properties":{"namn":"Timmersdala","typ":"transmission","spanning_kv":400.0,"volt_klass":4,"kapacitet_mw":null,"operator":"Svenska kraftnät"}},{"type":"Feature","geometry":{"type":"Point","coordinates":[14.65629,57.74933]},"properties":{"namn":"400kV Barkeryd","typ":"transmission","spanning_kv":400.0,"volt_klass":4,"kapacitet_mw":null,"operator":null}},{"type":"Feature","geometry":{"type":"Point","coordinates":[15.03316,59.04705]},"properties":{"namn":"Östansjö","typ":"transmission","spanning_kv":400.0,"volt_klass":4,"kapacitet_mw":null,"operator":null}},{"type":"Feature","geometry":{"type":"Point","coordinates":[14.7384,56.90925]},"properties":{"namn":null,"typ":null,"spanning_kv":null,"volt_klass":0,"kapacitet_mw":null,"operator":null}},{"type":"Feature","geometry":{"type":"Point","coordinates":[16.17676,60.13276]},"properties":{"namn":"Avesta","typ":"industrial","spanning_kv":220.0,"volt_klass":3,"kapacitet_mw":null,"operator":null}},{"type":"Feature","geometry":{"type":"Point","coordinates":[16.87516,61.28522]},"properties":{"namn":null,"typ":"transmission","spanning_kv":220.0,"volt_klass":3,"kapacitet_mw":null,"operator":null}},{"type":"Feature","geometry":{"type":"Point","coordinates":[18.15019,59.31027]},"properties":{"namn":null,"typ":"minor_distribution","spanning_kv":null,"volt_klass":0,"kapacitet_mw":null,"operator":null}},{"type":"Feature","geometry":{"type":"Point","coordinates":[16.83472,61.26109]},"properties":{"namn":"Bergvik","typ":"distribution","spanning_kv":130.0,"volt_klass":2,"kapacitet_mw":null,"operator":null}},{"type":"Feature","geometry":{"type":"Point","coordinates":[17.21581,59.26151]},"properties":{"namn":null,"typ":null,"spanning_kv":null,"volt_klass":0,"kapacitet_mw":null,"operator":null}},{"type":"Feature","geometry":{"type":"Point","coordinates":[15.50025,61.94199]},"properties":{"namn":"Laforsen","typ":"transmission","spanning_kv":220.0,"volt_klass":3,"kapacitet_mw":null,"operator":null}},{"type":"Feature","geometry":{"type":"Point","coordinates":[16.7125,60.94194]},"properties":{"namn":null,"typ":null,"spanning_kv":130.0,"volt_klass":2,"kapacitet_mw":null,"operator":null}},{"type":"Feature","geometry":{"type":"Point","coordinates":[16.71084,60.94089]},"properties":{"namn":null,"typ":"traction","spanning_kv":132.0,"volt_klass":2,"kapacitet_mw":null,"operator":null}},{"type":"Feature","geometry":{"type":"Point","coordinates":[11.42341,58.33788]},"properties":{"namn":null,"typ":"transmission","spanning_kv":132.0,"volt_klass":2,"kapacitet_mw":null,"operator":null}},{"type":"Feature","geometry":{"type":"Point","coordinates":[16.88429,60.87954]},"properties":{"namn":"Vittersjö","typ":"compensation","spanning_kv":400.0,"volt_klass":4,"kapacitet_mw":null,"operator":null}},{"type":"Feature","geometry":{"type":"Point","coordinates":[16.88626,60.87815]},"properties":{"namn":"Vittersjö","typ":"compensation","spanning_kv":400.0,"volt_klass":4,"kapacitet_mw":null,"operator":null}},{"type":"Feature","geometry":{"type":"Point","coordinates":[16.50987,60.58051]},"properties":{"namn":null,"typ":null,"spanning_kv":130.0,"volt_klass":2,"kapacitet_mw":null,"operator":null}},{"type":"Feature","geometry":{"type":"Point","coordinates":[13.17354,57.47093]},"properties":{"namn":null,"typ":"transmission","spanning_kv":400.0,"volt_klass":4,"kapacitet_mw":null,"operator":null}},{"type":"Feature","geometry":{"type":"Point","coordinates":[13.437,59.4238]},"properties":{"namn":null,"typ":null,"spanning_kv":null,"volt_klass":0,"kapacitet_mw":null,"operator":null}},{"type":"Feature","geometry":{"type":"Point","coordinates":[14.24183,59.24102]},"properties":{"namn":null,"typ":"distribution","spanning_kv":45.0,"volt_klass":1,"kapacitet_mw":null,"operator":null}},{"type":"Feature","geometry":{"type":"Point","coordinates":[17.59569,59.87223]},"properties":{"namn":"Station Husbyborg","typ":null,"spanning_kv":null,"volt_klass":0,"kapacitet_mw":null,"operator":null}},{"type":"Feature","geometry":{"type":"Point","coordinates":[15.83235,60.29255]},"properties":{"namn":"Vikmanshyttan","typ":null,"spanning_kv":130.0,"volt_klass":2,"kapacitet_mw":null,"operator":"Ellevio"}},{"type":"Feature","geometry":{"type":"Point","coordinates":[14.11394,55.43114]},"properties":{"namn":null,"typ":null,"spanning_kv":null,"volt_klass":0,"kapacitet_mw":null,"operator":null}},{"type":"Feature","geometry":{"type":"Point","coordinates":[14.994,60.06428]},"properties":{"namn":null,"typ":"transmission","spanning_kv":130.0,"volt_klass":2,"kapacitet_mw":null,"operator":null}},{"type":"Feature","geometry":{"type":"Point","coordinates":[12.34995,63.29114]},"properties":{"namn":null,"typ":"distribution","spanning_kv":null,"volt_klass":0,"kapacitet_mw":null,"operator":null}},{"type":"Feature","geometry":{"type":"Point","coordinates":[16.93608,62.37511]},"properties":{"namn":null,"typ":"transmission","spanning_kv":220.0,"volt_klass":3,"kapacitet_mw":null,"operator":null}},{"type":"Feature","geometry":{"type":"Point","coordinates":[17.25476,62.50295]},"properties":{"namn":null,"typ":"transmission","spanning_kv":400.0,"volt_klass":4,"kapacitet_mw":null,"operator":null}},{"type":"Feature","geometry":{"type":"Point","coordinates":[13.74107,60.68582]},"properties":{"namn":null,"typ":"transmission","spanning_kv":130.0,"volt_klass":2,"kapacitet_mw":null,"operator":null}},{"type":"Feature","geometry":{"type":"Point","coordinates":[15.09413,60.55102]},"properties":{"namn":"Lindan","typ":null,"spanning_kv":null,"volt_klass":0,"kapacitet_mw":null,"operator":null}},{"type":"Feature","geometry":{"type":"Point","coordinates":[18.06919,59.29097]},"properties":{"namn":null,"typ":"minor_distribution","spanning_kv":null,"volt_klass":0,"kapacitet_mw":null,"operator":null}},{"type":"Feature","geometry":{"type":"Point","coordinates":[15.84959,61.79578]},"properties":{"namn":null,"typ":null,"spanning_kv":null,"volt_klass":0,"kapacitet_mw":null,"operator":null}},{"type":"Feature","geometry":{"type":"Point","coordinates":[16.1605,61.80365]},"properties":{"namn":"Ljusdal","typ":"traction","spanning_kv":132.0,"volt_klass":2,"kapacitet_mw":null,"operator":null}},{"type":"Feature","geometry":{"type":"Point","coordinates":[17.69027,63.38586]},"properties":{"namn":null,"typ":"traction","spanning_kv":132.0,"volt_klass":2,"kapacitet_mw":null,"operator":null}},{"type":"Feature","geometry":{"type":"Point","coordinates":[19.56201,64.01551]},"properties":{"namn":null,"typ":"transmission","spanning_kv":130.0,"volt_klass":2,"kapacitet_mw":null,"operator":null}},{"type":"Feature","geometry":{"type":"Point","coordinates":[20.05063,63.85137]},"properties":{"namn":"Stornorrfors","typ":"transmission","spanning_kv":400.0,"volt_klass":4,"kapacitet_mw":null,"operator":null}},{"type":"Feature","geometry":{"type":"Point","coordinates":[19.66608,63.93031]},"properties":{"namn":null,"typ":"transmission","spanning_kv":130.0,"volt_klass":2,"kapacitet_mw":null,"operator":null}},{"type":"Feature","geometry":{"type":"Point","coordinates":[23.31018,65.82249]},"properties":{"namn":"Vånafjärden","typ":"transmission","spanning_kv":130.0,"volt_klass":2,"kapacitet_mw":null,"operator":"Vattenfall"}},{"type":"Feature","geometry":{"type":"Point","coordinates":[14.0986,57.91505]},"properties":{"namn":"Ställverk","typ":null,"spanning_kv":null,"volt_klass":0,"kapacitet_mw":null,"operator":null}},{"type":"Feature","geometry":{"type":"Point","coordinates":[18.50887,59.35786]},"properties":{"namn":null,"typ":null,"spanning_kv":null,"volt_klass":0,"kapacitet_mw":null,"operator":null}},{"type":"Feature","geometry":{"type":"Point","coordinates":[14.17031,55.42282]},"properties":{"namn":null,"typ":null,"spanning_kv":null,"volt_klass":0,"kapacitet_mw":null,"operator":null}},{"type":"Feature","geometry":{"type":"Point","coordinates":[15.73682,60.51432]},"properties":{"namn":null,"typ":null,"spanning_kv":70.0,"volt_klass":2,"kapacitet_mw":null,"operator":"Falu Energi & Vatten"}},{"type":"Feature","geometry":{"type":"Point","coordinates":[16.08739,61.35256]},"properties":{"namn":null,"typ":"transmission","spanning_kv":130.0,"volt_klass":2,"kapacitet_mw":null,"operator":null}},{"type":"Feature","geometry":{"type":"Point","coordinates":[12.81358,55.94115]},"properties":{"namn":null,"typ":null,"spanning_kv":null,"volt_klass":0,"kapacitet_mw":null,"operator":null}},{"type":"Feature","geometry":{"type":"Point","coordinates":[19.82461,66.88192]},"properties":{"namn":"Harsprånget","typ":"transmission","spanning_kv":400.0,"volt_klass":4,"kapacitet_mw":null,"operator":"Svenska Kraftnät"}},{"type":"Feature","geometry":{"type":"Point","coordinates":[19.90643,66.81164]},"properties":{"namn":"Ligga","typ":"transmission","spanning_kv":400.0,"volt_klass":4,"kapacitet_mw":null,"operator":"Svenska Kraftnät"}},{"type":"Feature","geometry":{"type":"Point","coordinates":[19.7937,66.95473]},"properties":{"namn":"Porjus-132","typ":"transmission","spanning_kv":132.0,"volt_klass":2,"kapacitet_mw":null,"operator":null}},{"type":"Feature","geometry":{"type":"Point","coordinates":[14.15161,59.71156]},"properties":{"namn":null,"typ":"distribution","spanning_kv":20.0,"volt_klass":1,"kapacitet_mw":null,"operator":"Filipstad Energi AB"}},{"type":"Feature","geometry":{"type":"Point","coordinates":[15.6167,60.60093]},"properties":{"namn":"T46","typ":null,"spanning_kv":null,"volt_klass":0,"kapacitet_mw":null,"operator":"Falu Elverk"}},{"type":"Feature","geometry":{"type":"Point","coordinates":[11.46349,58.32907]},"properties":{"namn":null,"typ":"transmission","spanning_kv":132.0,"volt_klass":2,"kapacitet_mw":null,"operator":null}},{"type":"Feature","geometry":{"type":"Point","coordinates":[11.47761,58.32479]},"properties":{"namn":null,"typ":"distribution","spanning_kv":45.0,"volt_klass":1,"kapacitet_mw":null,"operator":null}},{"type":"Feature","geometry":{"type":"Point","coordinates":[13.00694,55.59245]},"properties":{"namn":null,"typ":null,"spanning_kv":null,"volt_klass":0,"kapacitet_mw":null,"operator":null}},{"type":"Feature","geometry":{"type":"Point","coordinates":[12.0039,57.67759]},"properties":{"namn":null,"typ":"distribution","spanning_kv":null,"volt_klass":0,"kapacitet_mw":null,"operator":null}},{"type":"Feature","geometry":{"type":"Point","coordinates":[14.00884,56.33756]},"properties":{"namn":null,"typ":null,"spanning_kv":null,"volt_klass":0,"kapacitet_mw":null,"operator":null}},{"type":"Feature","geometry":{"type":"Point","coordinates":[11.98738,58.56263]},"properties":{"namn":null,"typ":null,"spanning_kv":45.0,"volt_klass":1,"kapacitet_mw":null,"operator":"Vattenfall"}},{"type":"Feature","geometry":{"type":"Point","coordinates":[13.22635,55.72198]},"properties":{"namn":null,"typ":"distribution","spanning_kv":130.0,"volt_klass":2,"kapacitet_mw":null,"operator":null}},{"type":"Feature","geometry":{"type":"Point","coordinates":[12.77557,55.97259]},"properties":{"namn":null,"typ":"distribution","spanning_kv":45.0,"volt_klass":1,"kapacitet_mw":null,"operator":null}},{"type":"Feature","geometry":{"type":"Point","coordinates":[13.52736,60.04559]},"properties":{"namn":null,"typ":"generation","spanning_kv":52.0,"volt_klass":2,"kapacitet_mw":null,"operator":null}},{"type":"Feature","geometry":{"type":"Point","coordinates":[13.52421,60.04405]},"properties":{"namn":null,"typ":null,"spanning_kv":145.0,"volt_klass":2,"kapacitet_mw":null,"operator":null}},{"type":"Feature","geometry":{"type":"Point","coordinates":[17.38622,62.51293]},"properties":{"namn":null,"typ":null,"spanning_kv":null,"volt_klass":0,"kapacitet_mw":null,"operator":null}},{"type":"Feature","geometry":{"type":"Point","coordinates":[17.48686,62.51466]},"properties":{"namn":null,"typ":null,"spanning_kv":null,"volt_klass":0,"kapacitet_mw":null,"operator":null}},{"type":"Feature","geometry":{"type":"Point","coordinates":[21.16426,64.71533]},"properties":{"namn":null,"typ":null,"spanning_kv":null,"volt_klass":0,"kapacitet_mw":null,"operator":null}},{"type":"Feature","geometry":{"type":"Point","coordinates":[15.34987,63.59309]},"properties":{"namn":null,"typ":null,"spanning_kv":null,"volt_klass":0,"kapacitet_mw":null,"operator":null}},{"type":"Feature","geometry":{"type":"Point","coordinates":[12.81114,55.93914]},"properties":{"namn":null,"typ":null,"spanning_kv":null,"volt_klass":0,"kapacitet_mw":null,"operator":null}},{"type":"Feature","geometry":{"type":"Point","coordinates":[14.74213,63.80566]},"properties":{"namn":null,"typ":null,"spanning_kv":null,"volt_klass":0,"kapacitet_mw":null,"operator":null}},{"type":"Feature","geometry":{"type":"Point","coordinates":[14.49592,59.77674]},"properties":{"namn":null,"typ":null,"spanning_kv":130.0,"volt_klass":2,"kapacitet_mw":null,"operator":null}},{"type":"Feature","geometry":{"type":"Point","coordinates":[14.49597,59.77571]},"properties":{"namn":null,"typ":null,"spanning_kv":130.0,"volt_klass":2,"kapacitet_mw":null,"operator":null}},{"type":"Feature","geometry":{"type":"Point","coordinates":[21.09071,64.70573]},"properties":{"namn":null,"typ":null,"spanning_kv":null,"volt_klass":0,"kapacitet_mw":null,"operator":null}},{"type":"Feature","geometry":{"type":"Point","coordinates":[14.8135,64.3428]},"properties":{"namn":null,"typ":null,"spanning_kv":null,"volt_klass":0,"kapacitet_mw":null,"operator":null}},{"type":"Feature","geometry":{"type":"Point","coordinates":[14.15047,64.50253]},"properties":{"namn":null,"typ":null,"spanning_kv":220.0,"volt_klass":3,"kapacitet_mw":null,"operator":null}},{"type":"Feature","geometry":{"type":"Point","coordinates":[15.53981,64.45795]},"properties":{"namn":"Korselbränna","typ":"transmission","spanning_kv":220.0,"volt_klass":3,"kapacitet_mw":null,"operator":null}},{"type":"Feature","geometry":{"type":"Point","coordinates":[15.62662,60.41297]},"properties":{"namn":null,"typ":"minor_distribution","spanning_kv":null,"volt_klass":0,"kapacitet_mw":null,"operator":null}},{"type":"Feature","geometry":{"type":"Point","coordinates":[11.66219,57.68918]},"properties":{"namn":null,"typ":null,"spanning_kv":null,"volt_klass":0,"kapacitet_mw":null,"operator":null}},{"type":"Feature","geometry":{"type":"Point","coordinates":[13.13028,55.79301]},"properties":{"namn":null,"typ":null,"spanning_kv":null,"volt_klass":0,"kapacitet_mw":null,"operator":null}},{"type":"Feature","geometry":{"type":"Point","coordinates":[11.65182,57.6877]},"properties":{"namn":null,"typ":null,"spanning_kv":null,"volt_klass":0,"kapacitet_mw":null,"operator":null}},{"type":"Feature","geometry":{"type":"Point","coordinates":[16.66624,58.88095]},"properties":{"namn":null,"typ":null,"spanning_kv":null,"volt_klass":0,"kapacitet_mw":null,"operator":null}},{"type":"Feature","geometry":{"type":"Point","coordinates":[17.48545,67.72914]},"properties":{"namn":null,"typ":"transmission","spanning_kv":400.0,"volt_klass":4,"kapacitet_mw":null,"operator":null}},{"type":"Feature","geometry":{"type":"Point","coordinates":[15.00857,58.5535]},"properties":{"namn":null,"typ":null,"spanning_kv":null,"volt_klass":0,"kapacitet_mw":null,"operator":null}},{"type":"Feature","geometry":{"type":"Point","coordinates":[11.65185,57.69799]},"properties":{"namn":null,"typ":null,"spanning_kv":null,"volt_klass":0,"kapacitet_mw":null,"operator":null}},{"type":"Feature","geometry":{"type":"Point","coordinates":[14.09373,55.39341]},"properties":{"namn":null,"typ":null,"spanning_kv":null,"volt_klass":0,"kapacitet_mw":null,"operator":null}},{"type":"Feature","geometry":{"type":"Point","coordinates":[13.88001,61.21548]},"properties":{"namn":"Bossel","typ":"transmission","spanning_kv":null,"volt_klass":0,"kapacitet_mw":null,"operator":null}},{"type":"Feature","geometry":{"type":"Point","coordinates":[11.99527,57.65919]},"properties":{"namn":null,"typ":"minor_distribution","spanning_kv":null,"volt_klass":0,"kapacitet_mw":null,"operator":"Mölndal Energi"}},{"type":"Feature","geometry":{"type":"Point","coordinates":[14.07877,57.85298]},"properties":{"namn":null,"typ":null,"spanning_kv":null,"volt_klass":0,"kapacitet_mw":null,"operator":null}},{"type":"Feature","geometry":{"type":"Point","coordinates":[18.15932,59.29761]},"properties":{"namn":null,"typ":"minor_distribution","spanning_kv":null,"volt_klass":0,"kapacitet_mw":null,"operator":null}},{"type":"Feature","geometry":{"type":"Point","coordinates":[18.10075,59.96715]},"properties":{"namn":"Edinge","typ":null,"spanning_kv":220.0,"volt_klass":3,"kapacitet_mw":null,"operator":"Vattenfall"}},{"type":"Feature","geometry":{"type":"Point","coordinates":[13.41182,60.82899]},"properties":{"namn":"Tandö","typ":"compensation","spanning_kv":400.0,"volt_klass":4,"kapacitet_mw":null,"operator":null}},{"type":"Feature","geometry":{"type":"Point","coordinates":[18.38977,59.33763]},"properties":{"namn":null,"typ":"distribution","spanning_kv":null,"volt_klass":0,"kapacitet_mw":null,"operator":"Vattenfall"}},{"type":"Feature","geometry":{"type":"Point","coordinates":[18.38667,59.33504]},"properties":{"namn":null,"typ":"minor_distribution","spanning_kv":null,"volt_klass":0,"kapacitet_mw":null,"operator":null}},{"type":"Feature","geometry":{"type":"Point","coordinates":[14.21944,57.78046]},"properties":{"namn":"Jönköping","typ":"transmission","spanning_kv":130.0,"volt_klass":2,"kapacitet_mw":null,"operator":null}},{"type":"Feature","geometry":{"type":"Point","coordinates":[16.33316,56.74326]},"properties":{"namn":null,"typ":"transmission","spanning_kv":130.0,"volt_klass":2,"kapacitet_mw":null,"operator":null}},{"type":"Feature","geometry":{"type":"Point","coordinates":[16.52973,56.75339]},"properties":{"namn":null,"typ":"transition","spanning_kv":null,"volt_klass":0,"kapacitet_mw":null,"operator":null}},{"type":"Feature","geometry":{"type":"Point","coordinates":[16.47526,56.77256]},"properties":{"namn":null,"typ":"transition","spanning_kv":null,"volt_klass":0,"kapacitet_mw":null,"operator":null}},{"type":"Feature","geometry":{"type":"Point","coordinates":[16.53984,56.74712]},"properties":{"namn":null,"typ":"transmission","spanning_kv":130.0,"volt_klass":2,"kapacitet_mw":null,"operator":null}},{"type":"Feature","geometry":{"type":"Point","coordinates":[11.9874,57.72627]},"properties":{"namn":null,"typ":"minor_distribution","spanning_kv":null,"volt_klass":0,"kapacitet_mw":null,"operator":null}},{"type":"Feature","geometry":{"type":"Point","coordinates":[16.18232,64.10443]},"properties":{"namn":null,"typ":null,"spanning_kv":null,"volt_klass":0,"kapacitet_mw":null,"operator":null}},{"type":"Feature","geometry":{"type":"Point","coordinates":[13.34464,59.5009]},"properties":{"namn":null,"typ":"distribution","spanning_kv":132.0,"volt_klass":2,"kapacitet_mw":null,"operator":null}},{"type":"Feature","geometry":{"type":"Point","coordinates":[13.10937,59.79541]},"properties":{"namn":"Rottneros","typ":"distribution","spanning_kv":132.0,"volt_klass":2,"kapacitet_mw":null,"operator":null}},{"type":"Feature","geometry":{"type":"Point","coordinates":[17.18897,59.55771]},"properties":{"namn":null,"typ":null,"spanning_kv":null,"volt_klass":0,"kapacitet_mw":null,"operator":null}},{"type":"Feature","geometry":{"type":"Point","coordinates":[17.24153,59.55978]},"properties":{"namn":null,"typ":"minor_distribution","spanning_kv":null,"volt_klass":0,"kapacitet_mw":null,"operator":null}},{"type":"Feature","geometry":{"type":"Point","coordinates":[21.48676,65.32267]},"properties":{"namn":null,"typ":null,"spanning_kv":null,"volt_klass":0,"kapacitet_mw":null,"operator":null}},{"type":"Feature","geometry":{"type":"Point","coordinates":[18.08618,59.24872]},"properties":{"namn":null,"typ":"minor_distribution","spanning_kv":null,"volt_klass":0,"kapacitet_mw":null,"operator":null}},{"type":"Feature","geometry":{"type":"Point","coordinates":[12.97666,58.25821]},"properties":{"namn":null,"typ":"distribution","spanning_kv":45.0,"volt_klass":1,"kapacitet_mw":null,"operator":null}},{"type":"Feature","geometry":{"type":"Point","coordinates":[12.99072,58.24259]},"properties":{"namn":null,"typ":null,"spanning_kv":null,"volt_klass":0,"kapacitet_mw":null,"operator":null}},{"type":"Feature","geometry":{"type":"Point","coordinates":[18.11197,59.29675]},"properties":{"namn":null,"typ":"minor_distribution","spanning_kv":null,"volt_klass":0,"kapacitet_mw":null,"operator":null}},{"type":"Feature","geometry":{"type":"Point","coordinates":[22.43908,68.43514]},"properties":{"namn":null,"typ":"distribution","spanning_kv":40.0,"volt_klass":1,"kapacitet_mw":null,"operator":"Vattenfall"}},{"type":"Feature","geometry":{"type":"Point","coordinates":[14.35873,60.14309]},"properties":{"namn":null,"typ":"distribution","spanning_kv":130.0,"volt_klass":2,"kapacitet_mw":null,"operator":null}},{"type":"Feature","geometry":{"type":"Point","coordinates":[14.14299,57.73337]},"properties":{"namn":null,"typ":null,"spanning_kv":null,"volt_klass":0,"kapacitet_mw":null,"operator":null}},{"type":"Feature","geometry":{"type":"Point","coordinates":[13.54336,55.93528]},"properties":{"namn":null,"typ":null,"spanning_kv":null,"volt_klass":0,"kapacitet_mw":null,"operator":null}},{"type":"Feature","geometry":{"type":"Point","coordinates":[17.10206,65.09396]},"properties":{"namn":null,"typ":null,"spanning_kv":null,"volt_klass":0,"kapacitet_mw":null,"operator":null}},{"type":"Feature","geometry":{"type":"Point","coordinates":[17.10836,65.08549]},"properties":{"namn":null,"typ":null,"spanning_kv":null,"volt_klass":0,"kapacitet_mw":null,"operator":null}},{"type":"Feature","geometry":{"type":"Point","coordinates":[16.82948,58.55213]},"properties":{"namn":null,"typ":null,"spanning_kv":null,"volt_klass":0,"kapacitet_mw":null,"operator":null}},{"type":"Feature","geometry":{"type":"Point","coordinates":[16.33547,58.55832]},"properties":{"namn":null,"typ":null,"spanning_kv":null,"volt_klass":0,"kapacitet_mw":null,"operator":null}},{"type":"Feature","geometry":{"type":"Point","coordinates":[17.23363,65.05285]},"properties":{"namn":null,"typ":null,"spanning_kv":null,"volt_klass":0,"kapacitet_mw":null,"operator":null}},{"type":"Feature","geometry":{"type":"Point","coordinates":[17.57928,64.96249]},"properties":{"namn":null,"typ":"transmission","spanning_kv":400.0,"volt_klass":4,"kapacitet_mw":null,"operator":null}},{"type":"Feature","geometry":{"type":"Point","coordinates":[17.58056,64.96505]},"properties":{"namn":"Grundfors","typ":"transmission","spanning_kv":400.0,"volt_klass":4,"kapacitet_mw":null,"operator":null}},{"type":"Feature","geometry":{"type":"Point","coordinates":[12.72188,58.00361]},"properties":{"namn":null,"typ":"distribution","spanning_kv":45.0,"volt_klass":1,"kapacitet_mw":null,"operator":null}},{"type":"Feature","geometry":{"type":"Point","coordinates":[18.16961,59.27513]},"properties":{"namn":null,"typ":null,"spanning_kv":null,"volt_klass":0,"kapacitet_mw":null,"operator":null}},{"type":"Feature","geometry":{"type":"Point","coordinates":[13.47881,58.37564]},"properties":{"namn":null,"typ":"transmission","spanning_kv":132.0,"volt_klass":2,"kapacitet_mw":null,"operator":null}},{"type":"Feature","geometry":{"type":"Point","coordinates":[18.17794,59.26939]},"properties":{"namn":null,"typ":null,"spanning_kv":null,"volt_klass":0,"kapacitet_mw":null,"operator":null}},{"type":"Feature","geometry":{"type":"Point","coordinates":[18.1743,59.2735]},"properties":{"namn":null,"typ":null,"spanning_kv":null,"volt_klass":0,"kapacitet_mw":null,"operator":null}},{"type":"Feature","geometry":{"type":"Point","coordinates":[19.02084,59.85542]},"properties":{"namn":null,"typ":"distribution","spanning_kv":null,"volt_klass":0,"kapacitet_mw":null,"operator":null}},{"type":"Feature","geometry":{"type":"Point","coordinates":[13.64608,55.85264]},"properties":{"namn":null,"typ":null,"spanning_kv":null,"volt_klass":0,"kapacitet_mw":null,"operator":null}},{"type":"Feature","geometry":{"type":"Point","coordinates":[18.18082,59.25834]},"properties":{"namn":null,"typ":null,"spanning_kv":null,"volt_klass":0,"kapacitet_mw":null,"operator":null}},{"type":"Feature","geometry":{"type":"Point","coordinates":[13.65109,55.86115]},"properties":{"namn":null,"typ":null,"spanning_kv":null,"volt_klass":0,"kapacitet_mw":null,"operator":null}},{"type":"Feature","geometry":{"type":"Point","coordinates":[16.05227,56.72208]},"properties":{"namn":null,"typ":"distribution","spanning_kv":null,"volt_klass":0,"kapacitet_mw":null,"operator":null}},{"type":"Feature","geometry":{"type":"Point","coordinates":[18.09477,59.26245]},"properties":{"namn":null,"typ":"minor_distribution","spanning_kv":null,"volt_klass":0,"kapacitet_mw":null,"operator":null}},{"type":"Feature","geometry":{"type":"Point","coordinates":[13.59215,55.89066]},"properties":{"namn":null,"typ":null,"spanning_kv":null,"volt_klass":0,"kapacitet_mw":null,"operator":null}},{"type":"Feature","geometry":{"type":"Point","coordinates":[16.7419,64.51898]},"properties":{"namn":"Volgsjöfors vattenkraftverk","typ":null,"spanning_kv":null,"volt_klass":0,"kapacitet_mw":null,"operator":null}},{"type":"Feature","geometry":{"type":"Point","coordinates":[14.24043,59.2328]},"properties":{"namn":null,"typ":"distribution","spanning_kv":132.0,"volt_klass":2,"kapacitet_mw":null,"operator":null}},{"type":"Feature","geometry":{"type":"Point","coordinates":[15.12517,59.12575]},"properties":{"namn":null,"typ":"distribution","spanning_kv":132.0,"volt_klass":2,"kapacitet_mw":null,"operator":null}},{"type":"Feature","geometry":{"type":"Point","coordinates":[16.24393,56.95508]},"properties":{"namn":null,"typ":null,"spanning_kv":null,"volt_klass":0,"kapacitet_mw":null,"operator":null}},{"type":"Feature","geometry":{"type":"Point","coordinates":[18.10649,59.25319]},"properties":{"namn":null,"typ":"minor_distribution","spanning_kv":null,"volt_klass":0,"kapacitet_mw":null,"operator":null}},{"type":"Feature","geometry":{"type":"Point","coordinates":[18.1069,59.25096]},"properties":{"namn":null,"typ":"minor_distribution","spanning_kv":null,"volt_klass":0,"kapacitet_mw":null,"operator":null}},{"type":"Feature","geometry":{"type":"Point","coordinates":[11.96785,57.68919]},"properties":{"namn":null,"typ":"distribution","spanning_kv":null,"volt_klass":0,"kapacitet_mw":null,"operator":null}},{"type":"Feature","geometry":{"type":"Point","coordinates":[17.08012,58.68141]},"properties":{"namn":null,"typ":null,"spanning_kv":null,"volt_klass":0,"kapacitet_mw":null,"operator":null}},{"type":"Feature","geometry":{"type":"Point","coordinates":[16.67199,56.87054]},"properties":{"namn":null,"typ":null,"spanning_kv":50.0,"volt_klass":2,"kapacitet_mw":null,"operator":null}},{"type":"Feature","geometry":{"type":"Point","coordinates":[19.74827,63.91855]},"properties":{"namn":"Vännäs","typ":"transmission","spanning_kv":130.0,"volt_klass":2,"kapacitet_mw":null,"operator":"Vattenfall"}},{"type":"Feature","geometry":{"type":"Point","coordinates":[19.7469,63.91934]},"properties":{"namn":"Vännäs","typ":"traction","spanning_kv":132.0,"volt_klass":2,"kapacitet_mw":null,"operator":null}},{"type":"Feature","geometry":{"type":"Point","coordinates":[19.75242,63.91636]},"properties":{"namn":null,"typ":"distribution","spanning_kv":40.0,"volt_klass":1,"kapacitet_mw":null,"operator":null}},{"type":"Feature","geometry":{"type":"Point","coordinates":[12.50879,57.34075]},"properties":{"namn":null,"typ":"distribution","spanning_kv":45.0,"volt_klass":1,"kapacitet_mw":null,"operator":null}},{"type":"Feature","geometry":{"type":"Point","coordinates":[18.02293,59.26711]},"properties":{"namn":null,"typ":"minor_distribution","spanning_kv":null,"volt_klass":0,"kapacitet_mw":null,"operator":null}},{"type":"Feature","geometry":{"type":"Point","coordinates":[18.02635,59.2405]},"properties":{"namn":null,"typ":null,"spanning_kv":null,"volt_klass":0,"kapacitet_mw":null,"operator":null}},{"type":"Feature","geometry":{"type":"Point","coordinates":[18.40901,59.32394]},"properties":{"namn":null,"typ":null,"spanning_kv":null,"volt_klass":0,"kapacitet_mw":null,"operator":null}},{"type":"Feature","geometry":{"type":"Point","coordinates":[18.39212,59.31298]},"properties":{"namn":null,"typ":null,"spanning_kv":null,"volt_klass":0,"kapacitet_mw":null,"operator":null}},{"type":"Feature","geometry":{"type":"Point","coordinates":[18.07593,59.25716]},"properties":{"namn":null,"typ":"minor_distribution","spanning_kv":null,"volt_klass":0,"kapacitet_mw":null,"operator":null}},{"type":"Feature","geometry":{"type":"Point","coordinates":[11.80791,58.88163]},"properties":{"namn":null,"typ":null,"spanning_kv":132.0,"volt_klass":2,"kapacitet_mw":null,"operator":null}},{"type":"Feature","geometry":{"type":"Point","coordinates":[11.99257,57.64775]},"properties":{"namn":null,"typ":"minor_distribution","spanning_kv":null,"volt_klass":0,"kapacitet_mw":null,"operator":"Mölndal Energi"}},{"type":"Feature","geometry":{"type":"Point","coordinates":[11.99284,57.65033]},"properties":{"namn":null,"typ":"minor_distribution","spanning_kv":null,"volt_klass":0,"kapacitet_mw":null,"operator":null}},{"type":"Feature","geometry":{"type":"Point","coordinates":[14.13301,58.00632]},"properties":{"namn":null,"typ":null,"spanning_kv":null,"volt_klass":0,"kapacitet_mw":null,"operator":null}},{"type":"Feature","geometry":{"type":"Point","coordinates":[11.39672,58.87863]},"properties":{"namn":null,"typ":"transmission","spanning_kv":132.0,"volt_klass":2,"kapacitet_mw":null,"operator":null}},{"type":"Feature","geometry":{"type":"Point","coordinates":[11.75436,58.90959]},"properties":{"namn":null,"typ":"traction","spanning_kv":30.0,"volt_klass":1,"kapacitet_mw":null,"operator":null}},{"type":"Feature","geometry":{"type":"Point","coordinates":[17.65757,59.85381]},"properties":{"namn":"Uppsala","typ":"traction","spanning_kv":132.0,"volt_klass":2,"kapacitet_mw":null,"operator":null}},{"type":"Feature","geometry":{"type":"Point","coordinates":[16.72502,60.89874]},"properties":{"namn":null,"typ":"distribution","spanning_kv":130.0,"volt_klass":2,"kapacitet_mw":null,"operator":null}},{"type":"Feature","geometry":{"type":"Point","coordinates":[17.83471,59.67306]},"properties":{"namn":null,"typ":"traction","spanning_kv":132.0,"volt_klass":2,"kapacitet_mw":null,"operator":null}},{"type":"Feature","geometry":{"type":"Point","coordinates":[17.48362,59.58592]},"properties":{"namn":"Bålsta","typ":"traction","spanning_kv":132.0,"volt_klass":2,"kapacitet_mw":null,"operator":null}},{"type":"Feature","geometry":{"type":"Point","coordinates":[18.45192,59.27785]},"properties":{"namn":null,"typ":null,"spanning_kv":null,"volt_klass":0,"kapacitet_mw":null,"operator":null}},{"type":"Feature","geometry":{"type":"Point","coordinates":[13.41856,57.82339]},"properties":{"namn":null,"typ":"transmission","spanning_kv":132.0,"volt_klass":2,"kapacitet_mw":null,"operator":null}},{"type":"Feature","geometry":{"type":"Point","coordinates":[12.92075,58.21395]},"properties":{"namn":null,"typ":"transmission","spanning_kv":132.0,"volt_klass":2,"kapacitet_mw":null,"operator":null}},{"type":"Feature","geometry":{"type":"Point","coordinates":[15.35529,59.47183]},"properties":{"namn":null,"typ":"traction","spanning_kv":132.0,"volt_klass":2,"kapacitet_mw":null,"operator":null}},{"type":"Feature","geometry":{"type":"Point","coordinates":[15.00832,59.04425]},"properties":{"namn":null,"typ":"traction","spanning_kv":132.0,"volt_klass":2,"kapacitet_mw":null,"operator":null}},{"type":"Feature","geometry":{"type":"Point","coordinates":[11.31042,58.94533]},"properties":{"namn":"Hjälmstad","typ":"transmission","spanning_kv":132.0,"volt_klass":2,"kapacitet_mw":null,"operator":null}},{"type":"Feature","geometry":{"type":"Point","coordinates":[13.48057,58.54009]},"properties":{"namn":null,"typ":null,"spanning_kv":null,"volt_klass":0,"kapacitet_mw":null,"operator":null}},{"type":"Feature","geometry":{"type":"Point","coordinates":[13.56869,58.54874]},"properties":{"namn":null,"typ":null,"spanning_kv":null,"volt_klass":0,"kapacitet_mw":null,"operator":null}},{"type":"Feature","geometry":{"type":"Point","coordinates":[13.4799,58.53359]},"properties":{"namn":null,"typ":null,"spanning_kv":null,"volt_klass":0,"kapacitet_mw":null,"operator":null}},{"type":"Feature","geometry":{"type":"Point","coordinates":[15.12075,59.76538]},"properties":{"namn":"Bäckhaga","typ":"traction","spanning_kv":132.0,"volt_klass":2,"kapacitet_mw":null,"operator":null}},{"type":"Feature","geometry":{"type":"Point","coordinates":[22.18745,65.58664]},"properties":{"namn":null,"typ":null,"spanning_kv":null,"volt_klass":0,"kapacitet_mw":null,"operator":"Luleå Energi Elnät AB"}},{"type":"Feature","geometry":{"type":"Point","coordinates":[15.67107,62.1889]},"properties":{"namn":"Ramsjö","typ":"traction","spanning_kv":132.0,"volt_klass":2,"kapacitet_mw":null,"operator":null}},{"type":"Feature","geometry":{"type":"Point","coordinates":[15.75012,62.95643]},"properties":{"namn":"Ramsjö","typ":"traction","spanning_kv":132.0,"volt_klass":2,"kapacitet_mw":null,"operator":null}},{"type":"Feature","geometry":{"type":"Point","coordinates":[17.02516,61.30176]},"properties":{"namn":"Söderhamn","typ":"traction","spanning_kv":132.0,"volt_klass":2,"kapacitet_mw":null,"operator":null}},{"type":"Feature","geometry":{"type":"Point","coordinates":[16.92416,61.36287]},"properties":{"namn":null,"typ":null,"spanning_kv":null,"volt_klass":0,"kapacitet_mw":null,"operator":null}},{"type":"Feature","geometry":{"type":"Point","coordinates":[16.40491,56.27018]},"properties":{"namn":null,"typ":null,"spanning_kv":null,"volt_klass":0,"kapacitet_mw":null,"operator":null}},{"type":"Feature","geometry":{"type":"Point","coordinates":[16.41105,56.36243]},"properties":{"namn":null,"typ":null,"spanning_kv":null,"volt_klass":0,"kapacitet_mw":null,"operator":null}},{"type":"Feature","geometry":{"type":"Point","coordinates":[16.40951,56.35457]},"properties":{"namn":null,"typ":null,"spanning_kv":null,"volt_klass":0,"kapacitet_mw":null,"operator":null}},{"type":"Feature","geometry":{"type":"Point","coordinates":[17.25249,62.02744]},"properties":{"namn":"Gnarp","typ":"traction","spanning_kv":132.0,"volt_klass":2,"kapacitet_mw":null,"operator":null}},{"type":"Feature","geometry":{"type":"Point","coordinates":[17.27617,62.04646]},"properties":{"namn":null,"typ":null,"spanning_kv":null,"volt_klass":0,"kapacitet_mw":null,"operator":null}},{"type":"Feature","geometry":{"type":"Point","coordinates":[14.10805,58.98599]},"properties":{"namn":"Gullspång","typ":null,"spanning_kv":130.0,"volt_klass":2,"kapacitet_mw":null,"operator":"Ellevio"}},{"type":"Feature","geometry":{"type":"Point","coordinates":[16.40938,56.43382]},"properties":{"namn":null,"typ":null,"spanning_kv":null,"volt_klass":0,"kapacitet_mw":null,"operator":null}},{"type":"Feature","geometry":{"type":"Point","coordinates":[18.25297,59.33328]},"properties":{"namn":null,"typ":"minor_distribution","spanning_kv":null,"volt_klass":0,"kapacitet_mw":null,"operator":null}},{"type":"Feature","geometry":{"type":"Point","coordinates":[16.05145,62.48727]},"properties":{"namn":null,"typ":null,"spanning_kv":null,"volt_klass":0,"kapacitet_mw":null,"operator":null}},{"type":"Feature","geometry":{"type":"Point","coordinates":[11.92621,57.70915]},"properties":{"namn":null,"typ":"distribution","spanning_kv":null,"volt_klass":0,"kapacitet_mw":null,"operator":null}},{"type":"Feature","geometry":{"type":"Point","coordinates":[17.19655,63.22102]},"properties":{"namn":"Österås","typ":"traction","spanning_kv":132.0,"volt_klass":2,"kapacitet_mw":null,"operator":null}},{"type":"Feature","geometry":{"type":"Point","coordinates":[17.75443,63.07093]},"properties":{"namn":null,"typ":"traction","spanning_kv":132.0,"volt_klass":2,"kapacitet_mw":null,"operator":null}},{"type":"Feature","geometry":{"type":"Point","coordinates":[12.78276,58.03392]},"properties":{"namn":null,"typ":"distribution","spanning_kv":45.0,"volt_klass":1,"kapacitet_mw":null,"operator":null}},{"type":"Feature","geometry":{"type":"Point","coordinates":[16.42126,56.51469]},"properties":{"namn":null,"typ":null,"spanning_kv":null,"volt_klass":0,"kapacitet_mw":null,"operator":null}},{"type":"Feature","geometry":{"type":"Point","coordinates":[19.0077,63.76817]},"properties":{"namn":"Norrfors","typ":"traction","spanning_kv":132.0,"volt_klass":2,"kapacitet_mw":null,"operator":null}},{"type":"Feature","geometry":{"type":"Point","coordinates":[19.26651,63.46716]},"properties":{"namn":"Saluböle","typ":"traction","spanning_kv":132.0,"volt_klass":2,"kapacitet_mw":null,"operator":null}},{"type":"Feature","geometry":{"type":"Point","coordinates":[19.70985,64.09321]},"properties":{"namn":null,"typ":null,"spanning_kv":null,"volt_klass":0,"kapacitet_mw":null,"operator":null}},{"type":"Feature","geometry":{"type":"Point","coordinates":[19.71431,64.43443]},"properties":{"namn":"Yttersjön","typ":"traction","spanning_kv":132.0,"volt_klass":2,"kapacitet_mw":null,"operator":null}},{"type":"Feature","geometry":{"type":"Point","coordinates":[19.94202,64.60908]},"properties":{"namn":null,"typ":null,"spanning_kv":null,"volt_klass":0,"kapacitet_mw":null,"operator":null}},{"type":"Feature","geometry":{"type":"Point","coordinates":[20.01719,64.77439]},"properties":{"namn":null,"typ":null,"spanning_kv":null,"volt_klass":0,"kapacitet_mw":null,"operator":null}},{"type":"Feature","geometry":{"type":"Point","coordinates":[20.04214,64.78387]},"properties":{"namn":null,"typ":"traction","spanning_kv":132.0,"volt_klass":2,"kapacitet_mw":null,"operator":null}},{"type":"Feature","geometry":{"type":"Point","coordinates":[16.3105,56.80364]},"properties":{"namn":null,"typ":"distribution","spanning_kv":null,"volt_klass":0,"kapacitet_mw":null,"operator":null}},{"type":"Feature","geometry":{"type":"Point","coordinates":[18.08733,59.36084]},"properties":{"namn":null,"typ":"transition","spanning_kv":null,"volt_klass":0,"kapacitet_mw":null,"operator":null}},{"type":"Feature","geometry":{"type":"Point","coordinates":[20.04075,65.06486]},"properties":{"namn":"Jörn","typ":"traction","spanning_kv":132.0,"volt_klass":2,"kapacitet_mw":null,"operator":null}},{"type":"Feature","geometry":{"type":"Point","coordinates":[20.97706,65.67442]},"properties":{"namn":"Älvsbyn","typ":"traction","spanning_kv":132.0,"volt_klass":2,"kapacitet_mw":null,"operator":null}},{"type":"Feature","geometry":{"type":"Point","coordinates":[16.23137,58.61769]},"properties":{"namn":null,"typ":null,"spanning_kv":null,"volt_klass":0,"kapacitet_mw":null,"operator":null}},{"type":"Feature","geometry":{"type":"Point","coordinates":[15.08514,56.51175]},"properties":{"namn":null,"typ":null,"spanning_kv":null,"volt_klass":0,"kapacitet_mw":null,"operator":null}},{"type":"Feature","geometry":{"type":"Point","coordinates":[17.34808,62.33557]},"properties":{"namn":null,"typ":"distribution","spanning_kv":null,"volt_klass":0,"kapacitet_mw":null,"operator":null}},{"type":"Feature","geometry":{"type":"Point","coordinates":[15.76348,58.71964]},"properties":{"namn":null,"typ":null,"spanning_kv":null,"volt_klass":0,"kapacitet_mw":null,"operator":null}},{"type":"Feature","geometry":{"type":"Point","coordinates":[12.06029,58.6498]},"properties":{"namn":null,"typ":"distribution","spanning_kv":45.0,"volt_klass":1,"kapacitet_mw":null,"operator":null}},{"type":"Feature","geometry":{"type":"Point","coordinates":[22.19317,65.57375]},"properties":{"namn":null,"typ":"distribution","spanning_kv":40.0,"volt_klass":1,"kapacitet_mw":null,"operator":"Luleå Energi"}},{"type":"Feature","geometry":{"type":"Point","coordinates":[13.25787,55.72661]},"properties":{"namn":null,"typ":"minor_distribution","spanning_kv":null,"volt_klass":0,"kapacitet_mw":null,"operator":null}},{"type":"Feature","geometry":{"type":"Point","coordinates":[13.2242,55.71014]},"properties":{"namn":null,"typ":"minor_distribution","spanning_kv":null,"volt_klass":0,"kapacitet_mw":null,"operator":null}},{"type":"Feature","geometry":{"type":"Point","coordinates":[13.23732,55.71285]},"properties":{"namn":null,"typ":"minor_distribution","spanning_kv":null,"volt_klass":0,"kapacitet_mw":null,"operator":null}},{"type":"Feature","geometry":{"type":"Point","coordinates":[12.0035,58.5725]},"properties":{"namn":null,"typ":"minor_distribution","spanning_kv":null,"volt_klass":0,"kapacitet_mw":null,"operator":null}},{"type":"Feature","geometry":{"type":"Point","coordinates":[21.74401,65.78286]},"properties":{"namn":"Sävastklinten omriktarstation","typ":"rail","spanning_kv":132.0,"volt_klass":2,"kapacitet_mw":null,"operator":"Trafikverket"}},{"type":"Feature","geometry":{"type":"Point","coordinates":[12.56513,57.9371]},"properties":{"namn":"Sävelund","typ":"distribution","spanning_kv":45.0,"volt_klass":1,"kapacitet_mw":null,"operator":"Alingsås Energi"}},{"type":"Feature","geometry":{"type":"Point","coordinates":[21.50954,65.28945]},"properties":{"namn":null,"typ":null,"spanning_kv":null,"volt_klass":0,"kapacitet_mw":null,"operator":null}},{"type":"Feature","geometry":{"type":"Point","coordinates":[18.06607,59.53475]},"properties":{"namn":null,"typ":null,"spanning_kv":null,"volt_klass":0,"kapacitet_mw":null,"operator":null}},{"type":"Feature","geometry":{"type":"Point","coordinates":[18.14057,59.19507]},"properties":{"namn":null,"typ":null,"spanning_kv":null,"volt_klass":0,"kapacitet_mw":null,"operator":null}},{"type":"Feature","geometry":{"type":"Point","coordinates":[18.14124,59.19697]},"properties":{"namn":null,"typ":null,"spanning_kv":null,"volt_klass":0,"kapacitet_mw":null,"operator":null}},{"type":"Feature","geometry":{"type":"Point","coordinates":[17.45728,59.75512]},"properties":{"namn":"Station Balingsta","typ":"distribution","spanning_kv":null,"volt_klass":0,"kapacitet_mw":null,"operator":null}},{"type":"Feature","geometry":{"type":"Point","coordinates":[15.7979,60.38559]},"properties":{"namn":null,"typ":null,"spanning_kv":null,"volt_klass":0,"kapacitet_mw":null,"operator":null}},{"type":"Feature","geometry":{"type":"Point","coordinates":[22.21374,65.58484]},"properties":{"namn":null,"typ":null,"spanning_kv":null,"volt_klass":0,"kapacitet_mw":null,"operator":"Luleå Energi Elnät AB"}},{"type":"Feature","geometry":{"type":"Point","coordinates":[22.21409,65.58826]},"properties":{"namn":null,"typ":null,"spanning_kv":null,"volt_klass":0,"kapacitet_mw":null,"operator":null}},{"type":"Feature","geometry":{"type":"Point","coordinates":[18.20074,59.2619]},"properties":{"namn":null,"typ":null,"spanning_kv":null,"volt_klass":0,"kapacitet_mw":null,"operator":null}},{"type":"Feature","geometry":{"type":"Point","coordinates":[15.19343,60.33611]},"properties":{"namn":null,"typ":null,"spanning_kv":null,"volt_klass":0,"kapacitet_mw":null,"operator":null}},{"type":"Feature","geometry":{"type":"Point","coordinates":[17.85139,59.30052]},"properties":{"namn":null,"typ":null,"spanning_kv":null,"volt_klass":0,"kapacitet_mw":null,"operator":null}},{"type":"Feature","geometry":{"type":"Point","coordinates":[15.39596,56.85314]},"properties":{"namn":null,"typ":"distribution","spanning_kv":null,"volt_klass":0,"kapacitet_mw":null,"operator":null}},{"type":"Feature","geometry":{"type":"Point","coordinates":[18.34762,59.28116]},"properties":{"namn":null,"typ":null,"spanning_kv":null,"volt_klass":0,"kapacitet_mw":null,"operator":null}},{"type":"Feature","geometry":{"type":"Point","coordinates":[14.97804,60.27813]},"properties":{"namn":"Nyhammar","typ":null,"spanning_kv":null,"volt_klass":0,"kapacitet_mw":null,"operator":"VB Elnät"}},{"type":"Feature","geometry":{"type":"Point","coordinates":[11.80958,58.08351]},"properties":{"namn":null,"typ":"industrial","spanning_kv":45.0,"volt_klass":1,"kapacitet_mw":null,"operator":null}},{"type":"Feature","geometry":{"type":"Point","coordinates":[15.52929,56.68954]},"properties":{"namn":null,"typ":"distribution","spanning_kv":null,"volt_klass":0,"kapacitet_mw":null,"operator":null}},{"type":"Feature","geometry":{"type":"Point","coordinates":[21.62033,65.24804]},"properties":{"namn":null,"typ":null,"spanning_kv":null,"volt_klass":0,"kapacitet_mw":null,"operator":null}},{"type":"Feature","geometry":{"type":"Point","coordinates":[17.90267,59.3441]},"properties":{"namn":null,"typ":null,"spanning_kv":null,"volt_klass":0,"kapacitet_mw":null,"operator":null}},{"type":"Feature","geometry":{"type":"Point","coordinates":[18.09554,59.45653]},"properties":{"namn":null,"typ":null,"spanning_kv":null,"volt_klass":0,"kapacitet_mw":null,"operator":null}},{"type":"Feature","geometry":{"type":"Point","coordinates":[17.93032,59.44981]},"properties":{"namn":null,"typ":null,"spanning_kv":null,"volt_klass":0,"kapacitet_mw":null,"operator":null}},{"type":"Feature","geometry":{"type":"Point","coordinates":[18.27966,59.30519]},"properties":{"namn":null,"typ":null,"spanning_kv":null,"volt_klass":0,"kapacitet_mw":null,"operator":null}},{"type":"Feature","geometry":{"type":"Point","coordinates":[18.25403,59.30545]},"properties":{"namn":null,"typ":null,"spanning_kv":null,"volt_klass":0,"kapacitet_mw":null,"operator":null}},{"type":"Feature","geometry":{"type":"Point","coordinates":[23.43523,66.30586]},"properties":{"namn":null,"typ":"distribution","spanning_kv":20.0,"volt_klass":1,"kapacitet_mw":null,"operator":null}},{"type":"Feature","geometry":{"type":"Point","coordinates":[17.8126,59.38379]},"properties":{"namn":null,"typ":"minor_distribution","spanning_kv":null,"volt_klass":0,"kapacitet_mw":null,"operator":null}},{"type":"Feature","geometry":{"type":"Point","coordinates":[17.81488,59.37997]},"properties":{"namn":null,"typ":"minor_distribution","spanning_kv":null,"volt_klass":0,"kapacitet_mw":null,"operator":null}},{"type":"Feature","geometry":{"type":"Point","coordinates":[14.90562,57.36605]},"properties":{"namn":null,"typ":null,"spanning_kv":null,"volt_klass":0,"kapacitet_mw":null,"operator":null}},{"type":"Feature","geometry":{"type":"Point","coordinates":[14.89038,57.28565]},"properties":{"namn":null,"typ":null,"spanning_kv":null,"volt_klass":0,"kapacitet_mw":null,"operator":null}},{"type":"Feature","geometry":{"type":"Point","coordinates":[14.67464,57.39944]},"properties":{"namn":null,"typ":null,"spanning_kv":null,"volt_klass":0,"kapacitet_mw":null,"operator":null}},{"type":"Feature","geometry":{"type":"Point","coordinates":[17.83118,59.38041]},"properties":{"namn":null,"typ":"minor_distribution","spanning_kv":null,"volt_klass":0,"kapacitet_mw":null,"operator":null}},{"type":"Feature","geometry":{"type":"Point","coordinates":[15.75075,60.87133]},"properties":{"namn":null,"typ":null,"spanning_kv":null,"volt_klass":0,"kapacitet_mw":null,"operator":null}},{"type":"Feature","geometry":{"type":"Point","coordinates":[15.44616,56.99733]},"properties":{"namn":null,"typ":null,"spanning_kv":400.0,"volt_klass":4,"kapacitet_mw":null,"operator":"Svenska Kraftnät"}},{"type":"Feature","geometry":{"type":"Point","coordinates":[21.42083,65.36204]},"properties":{"namn":null,"typ":null,"spanning_kv":130.0,"volt_klass":2,"kapacitet_mw":null,"operator":"Vattenfall Elnät"}},{"type":"Feature","geometry":{"type":"Point","coordinates":[22.20433,65.59012]},"properties":{"namn":null,"typ":null,"spanning_kv":null,"volt_klass":0,"kapacitet_mw":null,"operator":null}},{"type":"Feature","geometry":{"type":"Point","coordinates":[18.24467,59.32496]},"properties":{"namn":null,"typ":null,"spanning_kv":null,"volt_klass":0,"kapacitet_mw":null,"operator":null}},{"type":"Feature","geometry":{"type":"Point","coordinates":[17.82123,59.39435]},"properties":{"namn":null,"typ":"minor_distribution","spanning_kv":null,"volt_klass":0,"kapacitet_mw":null,"operator":null}},{"type":"Feature","geometry":{"type":"Point","coordinates":[18.06723,59.49331]},"properties":{"namn":null,"typ":null,"spanning_kv":null,"volt_klass":0,"kapacitet_mw":null,"operator":null}},{"type":"Feature","geometry":{"type":"Point","coordinates":[17.87993,59.38414]},"properties":{"namn":null,"typ":null,"spanning_kv":null,"volt_klass":0,"kapacitet_mw":null,"operator":null}},{"type":"Feature","geometry":{"type":"Point","coordinates":[18.21125,59.31691]},"properties":{"namn":null,"typ":"minor_distribution","spanning_kv":null,"volt_klass":0,"kapacitet_mw":null,"operator":null}},{"type":"Feature","geometry":{"type":"Point","coordinates":[17.85635,59.3819]},"properties":{"namn":null,"typ":null,"spanning_kv":null,"volt_klass":0,"kapacitet_mw":null,"operator":null}},{"type":"Feature","geometry":{"type":"Point","coordinates":[17.85856,59.38352]},"properties":{"namn":null,"typ":"minor_distribution","spanning_kv":null,"volt_klass":0,"kapacitet_mw":null,"operator":null}},{"type":"Feature","geometry":{"type":"Point","coordinates":[16.51086,56.64535]},"properties":{"namn":null,"typ":null,"spanning_kv":null,"volt_klass":0,"kapacitet_mw":null,"operator":null}},{"type":"Feature","geometry":{"type":"Point","coordinates":[17.11235,62.37846]},"properties":{"namn":null,"typ":"distribution","spanning_kv":null,"volt_klass":0,"kapacitet_mw":null,"operator":null}},{"type":"Feature","geometry":{"type":"Point","coordinates":[18.21343,59.30537]},"properties":{"namn":null,"typ":"minor_distribution","spanning_kv":null,"volt_klass":0,"kapacitet_mw":null,"operator":null}},{"type":"Feature","geometry":{"type":"Point","coordinates":[12.1259,59.39139]},"properties":{"namn":null,"typ":null,"spanning_kv":132.0,"volt_klass":2,"kapacitet_mw":null,"operator":null}},{"type":"Feature","geometry":{"type":"Point","coordinates":[15.76808,60.65534]},"properties":{"namn":null,"typ":null,"spanning_kv":null,"volt_klass":0,"kapacitet_mw":null,"operator":null}},{"type":"Feature","geometry":{"type":"Point","coordinates":[18.16806,59.31088]},"properties":{"namn":null,"typ":"minor_distribution","spanning_kv":null,"volt_klass":0,"kapacitet_mw":null,"operator":null}},{"type":"Feature","geometry":{"type":"Point","coordinates":[17.81119,59.39319]},"properties":{"namn":null,"typ":"minor_distribution","spanning_kv":null,"volt_klass":0,"kapacitet_mw":null,"operator":null}},{"type":"Feature","geometry":{"type":"Point","coordinates":[17.81203,59.37067]},"properties":{"namn":null,"typ":"minor_distribution","spanning_kv":null,"volt_klass":0,"kapacitet_mw":null,"operator":null}},{"type":"Feature","geometry":{"type":"Point","coordinates":[17.80632,59.37553]},"properties":{"namn":null,"typ":"minor_distribution","spanning_kv":null,"volt_klass":0,"kapacitet_mw":null,"operator":null}},{"type":"Feature","geometry":{"type":"Point","coordinates":[15.10362,59.69808]},"properties":{"namn":null,"typ":null,"spanning_kv":null,"volt_klass":0,"kapacitet_mw":null,"operator":null}},{"type":"Feature","geometry":{"type":"Point","coordinates":[19.79432,66.95377]},"properties":{"namn":"Porjus-132","typ":"transmission","spanning_kv":130.0,"volt_klass":2,"kapacitet_mw":null,"operator":null}},{"type":"Feature","geometry":{"type":"Point","coordinates":[15.89178,60.74162]},"properties":{"namn":null,"typ":null,"spanning_kv":null,"volt_klass":0,"kapacitet_mw":null,"operator":null}},{"type":"Feature","geometry":{"type":"Point","coordinates":[13.22343,55.61217]},"properties":{"namn":null,"typ":null,"spanning_kv":130.0,"volt_klass":2,"kapacitet_mw":null,"operator":null}},{"type":"Feature","geometry":{"type":"Point","coordinates":[15.13521,59.13843]},"properties":{"namn":null,"typ":null,"spanning_kv":null,"volt_klass":0,"kapacitet_mw":null,"operator":null}},{"type":"Feature","geometry":{"type":"Point","coordinates":[19.5345,66.7094]},"properties":{"namn":"Randi Kraftstation","typ":null,"spanning_kv":null,"volt_klass":0,"kapacitet_mw":null,"operator":null}},{"type":"Feature","geometry":{"type":"Point","coordinates":[13.30336,57.36551]},"properties":{"namn":null,"typ":"distribution","spanning_kv":45.0,"volt_klass":1,"kapacitet_mw":null,"operator":null}},{"type":"Feature","geometry":{"type":"Point","coordinates":[17.75811,59.20497]},"properties":{"namn":null,"typ":"minor_distribution","spanning_kv":null,"volt_klass":0,"kapacitet_mw":null,"operator":null}},{"type":"Feature","geometry":{"type":"Point","coordinates":[15.15036,59.1305]},"properties":{"namn":null,"typ":null,"spanning_kv":null,"volt_klass":0,"kapacitet_mw":null,"operator":null}},{"type":"Feature","geometry":{"type":"Point","coordinates":[12.99719,55.81653]},"properties":{"namn":null,"typ":"distribution","spanning_kv":130.0,"volt_klass":2,"kapacitet_mw":null,"operator":null}},{"type":"Feature","geometry":{"type":"Point","coordinates":[17.23727,63.16872]},"properties":{"namn":null,"typ":"distribution","spanning_kv":null,"volt_klass":0,"kapacitet_mw":null,"operator":null}},{"type":"Feature","geometry":{"type":"Point","coordinates":[18.123,59.46511]},"properties":{"namn":null,"typ":null,"spanning_kv":null,"volt_klass":0,"kapacitet_mw":null,"operator":null}},{"type":"Feature","geometry":{"type":"Point","coordinates":[18.03751,59.46345]},"properties":{"namn":null,"typ":"minor_distribution","spanning_kv":null,"volt_klass":0,"kapacitet_mw":null,"operator":null}},{"type":"Feature","geometry":{"type":"Point","coordinates":[17.6447,59.19857]},"properties":{"namn":null,"typ":"minor_distribution","spanning_kv":null,"volt_klass":0,"kapacitet_mw":null,"operator":null}},{"type":"Feature","geometry":{"type":"Point","coordinates":[14.53636,61.01606]},"properties":{"namn":null,"typ":null,"spanning_kv":15.0,"volt_klass":1,"kapacitet_mw":null,"operator":null}},{"type":"Feature","geometry":{"type":"Point","coordinates":[17.89247,59.38393]},"properties":{"namn":null,"typ":null,"spanning_kv":null,"volt_klass":0,"kapacitet_mw":null,"operator":null}},{"type":"Feature","geometry":{"type":"Point","coordinates":[17.17879,62.30905]},"properties":{"namn":null,"typ":"distribution","spanning_kv":null,"volt_klass":0,"kapacitet_mw":null,"operator":null}},{"type":"Feature","geometry":{"type":"Point","coordinates":[17.81028,59.38223]},"properties":{"namn":null,"typ":"minor_distribution","spanning_kv":null,"volt_klass":0,"kapacitet_mw":null,"operator":null}},{"type":"Feature","geometry":{"type":"Point","coordinates":[17.79879,59.3764]},"properties":{"namn":null,"typ":"minor_distribution","spanning_kv":null,"volt_klass":0,"kapacitet_mw":null,"operator":null}},{"type":"Feature","geometry":{"type":"Point","coordinates":[13.60309,55.49613]},"properties":{"namn":null,"typ":null,"spanning_kv":null,"volt_klass":0,"kapacitet_mw":null,"operator":null}},{"type":"Feature","geometry":{"type":"Point","coordinates":[13.32609,55.44276]},"properties":{"namn":null,"typ":null,"spanning_kv":null,"volt_klass":0,"kapacitet_mw":null,"operator":null}},{"type":"Feature","geometry":{"type":"Point","coordinates":[14.33516,55.54931]},"properties":{"namn":null,"typ":"distribution","spanning_kv":null,"volt_klass":0,"kapacitet_mw":null,"operator":null}},{"type":"Feature","geometry":{"type":"Point","coordinates":[17.89933,59.37018]},"properties":{"namn":null,"typ":null,"spanning_kv":null,"volt_klass":0,"kapacitet_mw":null,"operator":null}},{"type":"Feature","geometry":{"type":"Point","coordinates":[17.96707,62.62483]},"properties":{"namn":null,"typ":"distribution","spanning_kv":null,"volt_klass":0,"kapacitet_mw":null,"operator":"Hemab"}},{"type":"Feature","geometry":{"type":"Point","coordinates":[12.87372,56.68233]},"properties":{"namn":null,"typ":"distribution","spanning_kv":null,"volt_klass":0,"kapacitet_mw":null,"operator":null}},{"type":"Feature","geometry":{"type":"Point","coordinates":[17.90635,59.36282]},"properties":{"namn":null,"typ":null,"spanning_kv":null,"volt_klass":0,"kapacitet_mw":null,"operator":null}},{"type":"Feature","geometry":{"type":"Point","coordinates":[17.91704,59.36566]},"properties":{"namn":null,"typ":null,"spanning_kv":null,"volt_klass":0,"kapacitet_mw":null,"operator":null}},{"type":"Feature","geometry":{"type":"Point","coordinates":[13.24223,55.73426]},"properties":{"namn":null,"typ":"distribution","spanning_kv":null,"volt_klass":0,"kapacitet_mw":null,"operator":null}},{"type":"Feature","geometry":{"type":"Point","coordinates":[13.2493,55.7343]},"properties":{"namn":null,"typ":null,"spanning_kv":null,"volt_klass":0,"kapacitet_mw":null,"operator":null}},{"type":"Feature","geometry":{"type":"Point","coordinates":[13.70543,58.27144]},"properties":{"namn":null,"typ":null,"spanning_kv":null,"volt_klass":0,"kapacitet_mw":null,"operator":null}},{"type":"Feature","geometry":{"type":"Point","coordinates":[22.21299,65.59168]},"properties":{"namn":null,"typ":null,"spanning_kv":null,"volt_klass":0,"kapacitet_mw":null,"operator":"Luleå Energi Elnät AB"}},{"type":"Feature","geometry":{"type":"Point","coordinates":[22.21365,65.5958]},"properties":{"namn":"Lerbäcken","typ":"distribution","spanning_kv":130.0,"volt_klass":2,"kapacitet_mw":null,"operator":"Luleå Energi"}},{"type":"Feature","geometry":{"type":"Point","coordinates":[16.51207,59.38435]},"properties":{"namn":null,"typ":null,"spanning_kv":130.0,"volt_klass":2,"kapacitet_mw":null,"operator":null}},{"type":"Feature","geometry":{"type":"Point","coordinates":[17.88345,59.37737]},"properties":{"namn":null,"typ":null,"spanning_kv":null,"volt_klass":0,"kapacitet_mw":null,"operator":null}},{"type":"Feature","geometry":{"type":"Point","coordinates":[17.89,59.37849]},"properties":{"namn":null,"typ":null,"spanning_kv":null,"volt_klass":0,"kapacitet_mw":null,"operator":null}},{"type":"Feature","geometry":{"type":"Point","coordinates":[17.90674,59.36716]},"properties":{"namn":null,"typ":null,"spanning_kv":null,"volt_klass":0,"kapacitet_mw":null,"operator":null}},{"type":"Feature","geometry":{"type":"Point","coordinates":[17.90164,59.37156]},"properties":{"namn":null,"typ":null,"spanning_kv":null,"volt_klass":0,"kapacitet_mw":null,"operator":null}},{"type":"Feature","geometry":{"type":"Point","coordinates":[17.90634,59.37226]},"properties":{"namn":null,"typ":null,"spanning_kv":null,"volt_klass":0,"kapacitet_mw":null,"operator":null}},{"type":"Feature","geometry":{"type":"Point","coordinates":[17.9048,59.37476]},"properties":{"namn":null,"typ":null,"spanning_kv":null,"volt_klass":0,"kapacitet_mw":null,"operator":null}},{"type":"Feature","geometry":{"type":"Point","coordinates":[17.88771,59.37514]},"properties":{"namn":null,"typ":null,"spanning_kv":null,"volt_klass":0,"kapacitet_mw":null,"operator":null}},{"type":"Feature","geometry":{"type":"Point","coordinates":[22.20751,65.58087]},"properties":{"namn":null,"typ":null,"spanning_kv":null,"volt_klass":0,"kapacitet_mw":null,"operator":null}},{"type":"Feature","geometry":{"type":"Point","coordinates":[17.91,59.36115]},"properties":{"namn":null,"typ":null,"spanning_kv":null,"volt_klass":0,"kapacitet_mw":null,"operator":null}},{"type":"Feature","geometry":{"type":"Point","coordinates":[17.91572,59.35874]},"properties":{"namn":null,"typ":null,"spanning_kv":null,"volt_klass":0,"kapacitet_mw":null,"operator":null}},{"type":"Feature","geometry":{"type":"Point","coordinates":[17.85837,59.37016]},"properties":{"namn":null,"typ":null,"spanning_kv":null,"volt_klass":0,"kapacitet_mw":null,"operator":null}},{"type":"Feature","geometry":{"type":"Point","coordinates":[15.58539,63.84878]},"properties":{"namn":null,"typ":"transmission","spanning_kv":130.0,"volt_klass":2,"kapacitet_mw":null,"operator":null}},{"type":"Feature","geometry":{"type":"Point","coordinates":[17.88914,59.36795]},"properties":{"namn":null,"typ":null,"spanning_kv":null,"volt_klass":0,"kapacitet_mw":null,"operator":null}},{"type":"Feature","geometry":{"type":"Point","coordinates":[17.96475,59.29031]},"properties":{"namn":null,"typ":"minor_distribution","spanning_kv":null,"volt_klass":0,"kapacitet_mw":null,"operator":null}},{"type":"Feature","geometry":{"type":"Point","coordinates":[22.2154,65.57991]},"properties":{"namn":null,"typ":null,"spanning_kv":null,"volt_klass":0,"kapacitet_mw":null,"operator":null}},{"type":"Feature","geometry":{"type":"Point","coordinates":[12.91925,55.56155]},"properties":{"namn":null,"typ":null,"spanning_kv":null,"volt_klass":0,"kapacitet_mw":null,"operator":null}},{"type":"Feature","geometry":{"type":"Point","coordinates":[11.47148,58.23856]},"properties":{"namn":null,"typ":"distribution","spanning_kv":45.0,"volt_klass":1,"kapacitet_mw":null,"operator":null}},{"type":"Feature","geometry":{"type":"Point","coordinates":[17.8861,59.37145]},"properties":{"namn":null,"typ":null,"spanning_kv":null,"volt_klass":0,"kapacitet_mw":null,"operator":null}},{"type":"Feature","geometry":{"type":"Point","coordinates":[21.98908,65.6481]},"properties":{"namn":null,"typ":null,"spanning_kv":null,"volt_klass":0,"kapacitet_mw":null,"operator":null}},{"type":"Feature","geometry":{"type":"Point","coordinates":[17.93045,59.36619]},"properties":{"namn":null,"typ":"minor_distribution","spanning_kv":null,"volt_klass":0,"kapacitet_mw":null,"operator":null}},{"type":"Feature","geometry":{"type":"Point","coordinates":[14.94078,59.29883]},"properties":{"namn":null,"typ":"distribution","spanning_kv":45.0,"volt_klass":1,"kapacitet_mw":null,"operator":null}},{"type":"Feature","geometry":{"type":"Point","coordinates":[22.19293,65.57957]},"properties":{"namn":null,"typ":null,"spanning_kv":null,"volt_klass":0,"kapacitet_mw":null,"operator":null}},{"type":"Feature","geometry":{"type":"Point","coordinates":[16.35547,63.11215]},"properties":{"namn":"Hammarforsens kraftverk","typ":null,"spanning_kv":130.0,"volt_klass":2,"kapacitet_mw":null,"operator":null}},{"type":"Feature","geometry":{"type":"Point","coordinates":[17.90652,59.3779]},"properties":{"namn":null,"typ":null,"spanning_kv":null,"volt_klass":0,"kapacitet_mw":null,"operator":null}},{"type":"Feature","geometry":{"type":"Point","coordinates":[17.92004,59.37118]},"properties":{"namn":null,"typ":null,"spanning_kv":null,"volt_klass":0,"kapacitet_mw":null,"operator":null}},{"type":"Feature","geometry":{"type":"Point","coordinates":[17.89781,59.37468]},"properties":{"namn":null,"typ":null,"spanning_kv":null,"volt_klass":0,"kapacitet_mw":null,"operator":null}},{"type":"Feature","geometry":{"type":"Point","coordinates":[21.00221,67.64013]},"properties":{"namn":null,"typ":"transmission","spanning_kv":130.0,"volt_klass":2,"kapacitet_mw":null,"operator":null}},{"type":"Feature","geometry":{"type":"Point","coordinates":[22.21303,65.56545]},"properties":{"namn":null,"typ":"yes","spanning_kv":null,"volt_klass":0,"kapacitet_mw":null,"operator":null}},{"type":"Feature","geometry":{"type":"Point","coordinates":[12.16325,58.03307]},"properties":{"namn":null,"typ":"distribution","spanning_kv":45.0,"volt_klass":1,"kapacitet_mw":null,"operator":null}},{"type":"Feature","geometry":{"type":"Point","coordinates":[22.19462,65.58795]},"properties":{"namn":null,"typ":null,"spanning_kv":null,"volt_klass":0,"kapacitet_mw":null,"operator":null}},{"type":"Feature","geometry":{"type":"Point","coordinates":[22.24485,65.58237]},"properties":{"namn":null,"typ":"distribution","spanning_kv":40.0,"volt_klass":1,"kapacitet_mw":null,"operator":"Luleå Energi"}},{"type":"Feature","geometry":{"type":"Point","coordinates":[22.23142,65.58647]},"properties":{"namn":null,"typ":null,"spanning_kv":null,"volt_klass":0,"kapacitet_mw":null,"operator":null}},{"type":"Feature","geometry":{"type":"Point","coordinates":[23.70176,66.69554]},"properties":{"namn":"Rantajärvi","typ":"distribution","spanning_kv":40.0,"volt_klass":1,"kapacitet_mw":null,"operator":null}},{"type":"Feature","geometry":{"type":"Point","coordinates":[22.27565,65.55813]},"properties":{"namn":null,"typ":"distribution","spanning_kv":40.0,"volt_klass":1,"kapacitet_mw":null,"operator":null}},{"type":"Feature","geometry":{"type":"Point","coordinates":[14.27257,58.31305]},"properties":{"namn":null,"typ":null,"spanning_kv":null,"volt_klass":0,"kapacitet_mw":null,"operator":null}},{"type":"Feature","geometry":{"type":"Point","coordinates":[15.04024,58.19144]},"properties":{"namn":"Boxholms bruk","typ":null,"spanning_kv":130.0,"volt_klass":2,"kapacitet_mw":null,"operator":null}},{"type":"Feature","geometry":{"type":"Point","coordinates":[16.61636,59.62724]},"properties":{"namn":null,"typ":"minor_distribution","spanning_kv":null,"volt_klass":0,"kapacitet_mw":null,"operator":null}},{"type":"Feature","geometry":{"type":"Point","coordinates":[16.62637,59.64164]},"properties":{"namn":null,"typ":"minor_distribution","spanning_kv":null,"volt_klass":0,"kapacitet_mw":null,"operator":null}},{"type":"Feature","geometry":{"type":"Point","coordinates":[14.89862,58.43805]},"properties":{"namn":null,"typ":"distribution","spanning_kv":null,"volt_klass":0,"kapacitet_mw":null,"operator":null}},{"type":"Feature","geometry":{"type":"Point","coordinates":[17.77501,62.9349]},"properties":{"namn":null,"typ":"distribution","spanning_kv":null,"volt_klass":0,"kapacitet_mw":null,"operator":null}},{"type":"Feature","geometry":{"type":"Point","coordinates":[15.44622,60.73409]},"properties":{"namn":null,"typ":null,"spanning_kv":null,"volt_klass":0,"kapacitet_mw":null,"operator":null}},{"type":"Feature","geometry":{"type":"Point","coordinates":[11.66319,57.70986]},"properties":{"namn":null,"typ":null,"spanning_kv":null,"volt_klass":0,"kapacitet_mw":null,"operator":null}},{"type":"Feature","geometry":{"type":"Point","coordinates":[16.03205,56.71331]},"properties":{"namn":null,"typ":null,"spanning_kv":null,"volt_klass":0,"kapacitet_mw":null,"operator":null}},{"type":"Feature","geometry":{"type":"Point","coordinates":[13.15394,61.68009]},"properties":{"namn":null,"typ":null,"spanning_kv":null,"volt_klass":0,"kapacitet_mw":null,"operator":null}},{"type":"Feature","geometry":{"type":"Point","coordinates":[21.0163,64.88565]},"properties":{"namn":null,"typ":null,"spanning_kv":null,"volt_klass":0,"kapacitet_mw":null,"operator":null}},{"type":"Feature","geometry":{"type":"Point","coordinates":[13.87763,55.78907]},"properties":{"namn":null,"typ":null,"spanning_kv":null,"volt_klass":0,"kapacitet_mw":null,"operator":null}},{"type":"Feature","geometry":{"type":"Point","coordinates":[13.90257,62.15115]},"properties":{"namn":null,"typ":null,"spanning_kv":null,"volt_klass":0,"kapacitet_mw":null,"operator":null}},{"type":"Feature","geometry":{"type":"Point","coordinates":[13.55925,62.12005]},"properties":{"namn":null,"typ":null,"spanning_kv":null,"volt_klass":0,"kapacitet_mw":null,"operator":null}},{"type":"Feature","geometry":{"type":"Point","coordinates":[21.0638,64.88117]},"properties":{"namn":null,"typ":null,"spanning_kv":null,"volt_klass":0,"kapacitet_mw":null,"operator":null}},{"type":"Feature","geometry":{"type":"Point","coordinates":[21.06047,64.88625]},"properties":{"namn":null,"typ":"distribution","spanning_kv":null,"volt_klass":0,"kapacitet_mw":null,"operator":null}},{"type":"Feature","geometry":{"type":"Point","coordinates":[21.05992,64.87814]},"properties":{"namn":null,"typ":"distribution","spanning_kv":null,"volt_klass":0,"kapacitet_mw":null,"operator":null}},{"type":"Feature","geometry":{"type":"Point","coordinates":[15.84323,57.32455]},"properties":{"namn":null,"typ":null,"spanning_kv":null,"volt_klass":0,"kapacitet_mw":null,"operator":null}},{"type":"Feature","geometry":{"type":"Point","coordinates":[13.08621,55.64383]},"properties":{"namn":null,"typ":"distribution","spanning_kv":50.0,"volt_klass":2,"kapacitet_mw":null,"operator":null}},{"type":"Feature","geometry":{"type":"Point","coordinates":[13.88146,63.97446]},"properties":{"namn":null,"typ":"transmission","spanning_kv":220.0,"volt_klass":3,"kapacitet_mw":null,"operator":null}},{"type":"Feature","geometry":{"type":"Point","coordinates":[13.86814,63.97163]},"properties":{"namn":null,"typ":"transmission","spanning_kv":null,"volt_klass":0,"kapacitet_mw":null,"operator":null}},{"type":"Feature","geometry":{"type":"Point","coordinates":[13.11576,55.64867]},"properties":{"namn":null,"typ":null,"spanning_kv":null,"volt_klass":0,"kapacitet_mw":null,"operator":null}},{"type":"Feature","geometry":{"type":"Point","coordinates":[16.56572,63.03251]},"properties":{"namn":null,"typ":"distribution","spanning_kv":132.0,"volt_klass":2,"kapacitet_mw":null,"operator":null}},{"type":"Feature","geometry":{"type":"Point","coordinates":[16.56821,63.03174]},"properties":{"namn":null,"typ":"distribution","spanning_kv":130.0,"volt_klass":2,"kapacitet_mw":null,"operator":null}},{"type":"Feature","geometry":{"type":"Point","coordinates":[21.53767,65.84186]},"properties":{"namn":null,"typ":"transmission","spanning_kv":null,"volt_klass":0,"kapacitet_mw":null,"operator":null}},{"type":"Feature","geometry":{"type":"Point","coordinates":[21.55188,65.84616]},"properties":{"namn":null,"typ":"generation","spanning_kv":130.0,"volt_klass":2,"kapacitet_mw":null,"operator":null}},{"type":"Feature","geometry":{"type":"Point","coordinates":[13.09741,55.67445]},"properties":{"namn":null,"typ":"distribution","spanning_kv":50.0,"volt_klass":2,"kapacitet_mw":null,"operator":null}},{"type":"Feature","geometry":{"type":"Point","coordinates":[12.02849,57.64239]},"properties":{"namn":"Kärra","typ":"distribution","spanning_kv":132.0,"volt_klass":2,"kapacitet_mw":null,"operator":null}},{"type":"Feature","geometry":{"type":"Point","coordinates":[12.06142,58.56801]},"properties":{"namn":null,"typ":"minor_distribution","spanning_kv":null,"volt_klass":0,"kapacitet_mw":null,"operator":null}},{"type":"Feature","geometry":{"type":"Point","coordinates":[12.79507,56.00998]},"properties":{"namn":null,"typ":"distribution","spanning_kv":45.0,"volt_klass":1,"kapacitet_mw":null,"operator":null}},{"type":"Feature","geometry":{"type":"Point","coordinates":[12.26142,58.48445]},"properties":{"namn":null,"typ":"distribution","spanning_kv":45.0,"volt_klass":1,"kapacitet_mw":null,"operator":null}},{"type":"Feature","geometry":{"type":"Point","coordinates":[12.16367,58.52384]},"properties":{"namn":null,"typ":null,"spanning_kv":null,"volt_klass":0,"kapacitet_mw":null,"operator":null}},{"type":"Feature","geometry":{"type":"Point","coordinates":[12.34196,58.56987]},"properties":{"namn":null,"typ":"distribution","spanning_kv":45.0,"volt_klass":1,"kapacitet_mw":null,"operator":null}},{"type":"Feature","geometry":{"type":"Point","coordinates":[12.80522,56.00669]},"properties":{"namn":null,"typ":null,"spanning_kv":null,"volt_klass":0,"kapacitet_mw":null,"operator":null}},{"type":"Feature","geometry":{"type":"Point","coordinates":[12.80229,56.0087]},"properties":{"namn":null,"typ":null,"spanning_kv":null,"volt_klass":0,"kapacitet_mw":null,"operator":null}},{"type":"Feature","geometry":{"type":"Point","coordinates":[12.79705,56.01255]},"properties":{"namn":null,"typ":null,"spanning_kv":null,"volt_klass":0,"kapacitet_mw":null,"operator":null}},{"type":"Feature","geometry":{"type":"Point","coordinates":[12.15398,58.80179]},"properties":{"namn":null,"typ":"distribution","spanning_kv":45.0,"volt_klass":1,"kapacitet_mw":null,"operator":null}},{"type":"Feature","geometry":{"type":"Point","coordinates":[11.93401,58.89268]},"properties":{"namn":null,"typ":"distribution","spanning_kv":132.0,"volt_klass":2,"kapacitet_mw":null,"operator":null}},{"type":"Feature","geometry":{"type":"Point","coordinates":[12.24476,58.95296]},"properties":{"namn":null,"typ":null,"spanning_kv":null,"volt_klass":0,"kapacitet_mw":null,"operator":null}},{"type":"Feature","geometry":{"type":"Point","coordinates":[17.91452,59.51566]},"properties":{"namn":null,"typ":"minor_distribution","spanning_kv":null,"volt_klass":0,"kapacitet_mw":null,"operator":null}},{"type":"Feature","geometry":{"type":"Point","coordinates":[12.80045,56.1335]},"properties":{"namn":null,"typ":"distribution","spanning_kv":45.0,"volt_klass":1,"kapacitet_mw":null,"operator":null}},{"type":"Feature","geometry":{"type":"Point","coordinates":[12.60664,56.11977]},"properties":{"namn":null,"typ":null,"spanning_kv":null,"volt_klass":0,"kapacitet_mw":null,"operator":null}},{"type":"Feature","geometry":{"type":"Point","coordinates":[11.86413,58.09428]},"properties":{"namn":null,"typ":"industrial","spanning_kv":132.0,"volt_klass":2,"kapacitet_mw":null,"operator":null}},{"type":"Feature","geometry":{"type":"Point","coordinates":[11.63169,58.16187]},"properties":{"namn":null,"typ":"transmission","spanning_kv":132.0,"volt_klass":2,"kapacitet_mw":null,"operator":null}},{"type":"Feature","geometry":{"type":"Point","coordinates":[11.83561,58.0751]},"properties":{"namn":"Mariagården","typ":"distribution","spanning_kv":45.0,"volt_klass":1,"kapacitet_mw":null,"operator":"Vattenfall"}},{"type":"Feature","geometry":{"type":"Point","coordinates":[11.80308,58.14802]},"properties":{"namn":null,"typ":"distribution","spanning_kv":45.0,"volt_klass":1,"kapacitet_mw":null,"operator":null}},{"type":"Feature","geometry":{"type":"Point","coordinates":[12.61996,58.97772]},"properties":{"namn":null,"typ":"distribution","spanning_kv":45.0,"volt_klass":1,"kapacitet_mw":null,"operator":null}},{"type":"Feature","geometry":{"type":"Point","coordinates":[12.55836,58.88001]},"properties":{"namn":null,"typ":"distribution","spanning_kv":45.0,"volt_klass":1,"kapacitet_mw":null,"operator":null}},{"type":"Feature","geometry":{"type":"Point","coordinates":[12.43271,58.80067]},"properties":{"namn":null,"typ":"distribution","spanning_kv":45.0,"volt_klass":1,"kapacitet_mw":null,"operator":null}},{"type":"Feature","geometry":{"type":"Point","coordinates":[12.27741,58.49739]},"properties":{"namn":null,"typ":"minor_distribution","spanning_kv":null,"volt_klass":0,"kapacitet_mw":null,"operator":null}},{"type":"Feature","geometry":{"type":"Point","coordinates":[12.27258,58.49944]},"properties":{"namn":null,"typ":"minor_distribution","spanning_kv":null,"volt_klass":0,"kapacitet_mw":null,"operator":null}},{"type":"Feature","geometry":{"type":"Point","coordinates":[12.8835,56.07167]},"properties":{"namn":"Mörarp","typ":"transmission","spanning_kv":132.0,"volt_klass":2,"kapacitet_mw":null,"operator":null}},{"type":"Feature","geometry":{"type":"Point","coordinates":[12.8239,55.96236]},"properties":{"namn":null,"typ":"distribution","spanning_kv":45.0,"volt_klass":1,"kapacitet_mw":null,"operator":null}},{"type":"Feature","geometry":{"type":"Point","coordinates":[12.40151,57.11437]},"properties":{"namn":null,"typ":"industrial","spanning_kv":55.0,"volt_klass":2,"kapacitet_mw":null,"operator":null}},{"type":"Feature","geometry":{"type":"Point","coordinates":[17.77354,59.72597]},"properties":{"namn":null,"typ":null,"spanning_kv":null,"volt_klass":0,"kapacitet_mw":null,"operator":null}},{"type":"Feature","geometry":{"type":"Point","coordinates":[11.80122,58.63911]},"properties":{"namn":null,"typ":"distribution","spanning_kv":45.0,"volt_klass":1,"kapacitet_mw":null,"operator":null}},{"type":"Feature","geometry":{"type":"Point","coordinates":[14.18535,61.97484]},"properties":{"namn":null,"typ":null,"spanning_kv":null,"volt_klass":0,"kapacitet_mw":null,"operator":null}},{"type":"Feature","geometry":{"type":"Point","coordinates":[13.03476,57.96749]},"properties":{"namn":null,"typ":"distribution","spanning_kv":45.0,"volt_klass":1,"kapacitet_mw":null,"operator":"Vattenfall"}},{"type":"Feature","geometry":{"type":"Point","coordinates":[17.93551,58.89609]},"properties":{"namn":null,"typ":null,"spanning_kv":null,"volt_klass":0,"kapacitet_mw":null,"operator":null}},{"type":"Feature","geometry":{"type":"Point","coordinates":[11.21705,58.67284]},"properties":{"namn":null,"typ":null,"spanning_kv":null,"volt_klass":0,"kapacitet_mw":null,"operator":null}},{"type":"Feature","geometry":{"type":"Point","coordinates":[17.91735,59.47745]},"properties":{"namn":null,"typ":null,"spanning_kv":null,"volt_klass":0,"kapacitet_mw":null,"operator":null}},{"type":"Feature","geometry":{"type":"Point","coordinates":[15.13673,59.13646]},"properties":{"namn":null,"typ":null,"spanning_kv":null,"volt_klass":0,"kapacitet_mw":null,"operator":null}},{"type":"Feature","geometry":{"type":"Point","coordinates":[12.77557,55.96232]},"properties":{"namn":null,"typ":null,"spanning_kv":null,"volt_klass":0,"kapacitet_mw":null,"operator":null}},{"type":"Feature","geometry":{"type":"Point","coordinates":[12.77569,55.96275]},"properties":{"namn":null,"typ":null,"spanning_kv":null,"volt_klass":0,"kapacitet_mw":null,"operator":null}},{"type":"Feature","geometry":{"type":"Point","coordinates":[12.72976,58.19391]},"properties":{"namn":null,"typ":"distribution","spanning_kv":45.0,"volt_klass":1,"kapacitet_mw":null,"operator":"Vattenfall"}},{"type":"Feature","geometry":{"type":"Point","coordinates":[20.27044,63.82934]},"properties":{"namn":null,"typ":"minor_distribution","spanning_kv":null,"volt_klass":0,"kapacitet_mw":null,"operator":null}},{"type":"Feature","geometry":{"type":"Point","coordinates":[20.27239,63.82853]},"properties":{"namn":null,"typ":"minor_distribution","spanning_kv":null,"volt_klass":0,"kapacitet_mw":null,"operator":null}},{"type":"Feature","geometry":{"type":"Point","coordinates":[12.8139,58.15815]},"properties":{"namn":null,"typ":"distribution","spanning_kv":45.0,"volt_klass":1,"kapacitet_mw":null,"operator":null}},{"type":"Feature","geometry":{"type":"Point","coordinates":[12.76691,55.96059]},"properties":{"namn":null,"typ":null,"spanning_kv":null,"volt_klass":0,"kapacitet_mw":null,"operator":null}},{"type":"Feature","geometry":{"type":"Point","coordinates":[20.31364,63.81286]},"properties":{"namn":null,"typ":null,"spanning_kv":null,"volt_klass":0,"kapacitet_mw":null,"operator":null}},{"type":"Feature","geometry":{"type":"Point","coordinates":[15.62063,58.39652]},"properties":{"namn":"Mottagningsstation M11","typ":"transmission","spanning_kv":null,"volt_klass":0,"kapacitet_mw":null,"operator":"Tekniska verken"}},{"type":"Feature","geometry":{"type":"Point","coordinates":[14.77811,60.49225]},"properties":{"namn":null,"typ":null,"spanning_kv":null,"volt_klass":0,"kapacitet_mw":null,"operator":null}},{"type":"Feature","geometry":{"type":"Point","coordinates":[14.56785,60.45126]},"properties":{"namn":null,"typ":null,"spanning_kv":null,"volt_klass":0,"kapacitet_mw":null,"operator":null}},{"type":"Feature","geometry":{"type":"Point","coordinates":[12.74255,56.10674]},"properties":{"namn":null,"typ":null,"spanning_kv":null,"volt_klass":0,"kapacitet_mw":null,"operator":null}},{"type":"Feature","geometry":{"type":"Point","coordinates":[13.07312,55.63318]},"properties":{"namn":null,"typ":null,"spanning_kv":null,"volt_klass":0,"kapacitet_mw":null,"operator":null}},{"type":"Feature","geometry":{"type":"Point","coordinates":[20.29786,63.80905]},"properties":{"namn":"Älvsgård","typ":null,"spanning_kv":null,"volt_klass":0,"kapacitet_mw":null,"operator":null}},{"type":"Feature","geometry":{"type":"Point","coordinates":[18.15713,59.21716]},"properties":{"namn":null,"typ":"minor_distribution","spanning_kv":null,"volt_klass":0,"kapacitet_mw":null,"operator":null}},{"type":"Feature","geometry":{"type":"Point","coordinates":[12.26542,59.00466]},"properties":{"namn":null,"typ":"distribution","spanning_kv":132.0,"volt_klass":2,"kapacitet_mw":null,"operator":null}},{"type":"Feature","geometry":{"type":"Point","coordinates":[16.62169,59.91148]},"properties":{"namn":"Sala","typ":null,"spanning_kv":77.0,"volt_klass":2,"kapacitet_mw":null,"operator":null}},{"type":"Feature","geometry":{"type":"Point","coordinates":[12.75669,56.10687]},"properties":{"namn":null,"typ":null,"spanning_kv":null,"volt_klass":0,"kapacitet_mw":null,"operator":null}},{"type":"Feature","geometry":{"type":"Point","coordinates":[14.15028,55.47165]},"properties":{"namn":null,"typ":null,"spanning_kv":null,"volt_klass":0,"kapacitet_mw":null,"operator":null}},{"type":"Feature","geometry":{"type":"Point","coordinates":[11.96745,57.69001]},"properties":{"namn":null,"typ":"minor_distribution","spanning_kv":null,"volt_klass":0,"kapacitet_mw":null,"operator":null}},{"type":"Feature","geometry":{"type":"Point","coordinates":[11.75327,58.06139]},"properties":{"namn":null,"typ":null,"spanning_kv":null,"volt_klass":0,"kapacitet_mw":null,"operator":null}},{"type":"Feature","geometry":{"type":"Point","coordinates":[17.91846,59.51896]},"properties":{"namn":null,"typ":null,"spanning_kv":null,"volt_klass":0,"kapacitet_mw":null,"operator":null}},{"type":"Feature","geometry":{"type":"Point","coordinates":[20.86481,64.74545]},"properties":{"namn":"Kvistforsen","typ":null,"spanning_kv":null,"volt_klass":0,"kapacitet_mw":null,"operator":"Skelefteå Kraft"}},{"type":"Feature","geometry":{"type":"Point","coordinates":[13.85826,58.4329]},"properties":{"namn":null,"typ":"distribution","spanning_kv":132.0,"volt_klass":2,"kapacitet_mw":null,"operator":null}},{"type":"Feature","geometry":{"type":"Point","coordinates":[17.91954,59.27555]},"properties":{"namn":null,"typ":null,"spanning_kv":null,"volt_klass":0,"kapacitet_mw":null,"operator":null}},{"type":"Feature","geometry":{"type":"Point","coordinates":[21.96421,65.65198]},"properties":{"namn":null,"typ":null,"spanning_kv":null,"volt_klass":0,"kapacitet_mw":null,"operator":null}},{"type":"Feature","geometry":{"type":"Point","coordinates":[14.56451,59.33517]},"properties":{"namn":null,"typ":null,"spanning_kv":null,"volt_klass":0,"kapacitet_mw":null,"operator":null}},{"type":"Feature","geometry":{"type":"Point","coordinates":[14.89935,60.48392]},"properties":{"namn":null,"typ":null,"spanning_kv":null,"volt_klass":0,"kapacitet_mw":null,"operator":null}},{"type":"Feature","geometry":{"type":"Point","coordinates":[16.57934,61.22759]},"properties":{"namn":null,"typ":"distribution","spanning_kv":null,"volt_klass":0,"kapacitet_mw":null,"operator":null}},{"type":"Feature","geometry":{"type":"Point","coordinates":[13.46213,55.39874]},"properties":{"namn":null,"typ":"distribution","spanning_kv":null,"volt_klass":0,"kapacitet_mw":null,"operator":null}},{"type":"Feature","geometry":{"type":"Point","coordinates":[14.05642,55.7592]},"properties":{"namn":null,"typ":"distribution","spanning_kv":null,"volt_klass":0,"kapacitet_mw":null,"operator":null}},{"type":"Feature","geometry":{"type":"Point","coordinates":[13.83573,55.4346]},"properties":{"namn":null,"typ":"distribution","spanning_kv":null,"volt_klass":0,"kapacitet_mw":null,"operator":null}},{"type":"Feature","geometry":{"type":"Point","coordinates":[14.2733,55.53764]},"properties":{"namn":null,"typ":"distribution","spanning_kv":null,"volt_klass":0,"kapacitet_mw":null,"operator":null}},{"type":"Feature","geometry":{"type":"Point","coordinates":[18.3375,59.20219]},"properties":{"namn":null,"typ":null,"spanning_kv":null,"volt_klass":0,"kapacitet_mw":null,"operator":null}},{"type":"Feature","geometry":{"type":"Point","coordinates":[18.08637,59.24488]},"properties":{"namn":null,"typ":"minor_distribution","spanning_kv":null,"volt_klass":0,"kapacitet_mw":null,"operator":null}},{"type":"Feature","geometry":{"type":"Point","coordinates":[15.67615,62.5234]},"properties":{"namn":"Ånge","typ":"converter","spanning_kv":220.0,"volt_klass":3,"kapacitet_mw":null,"operator":null}},{"type":"Feature","geometry":{"type":"Point","coordinates":[14.21977,56.63265]},"properties":{"namn":null,"typ":null,"spanning_kv":null,"volt_klass":0,"kapacitet_mw":null,"operator":null}},{"type":"Feature","geometry":{"type":"Point","coordinates":[13.0416,59.57767]},"properties":{"namn":null,"typ":null,"spanning_kv":null,"volt_klass":0,"kapacitet_mw":null,"operator":null}},{"type":"Feature","geometry":{"type":"Point","coordinates":[18.32038,59.49649]},"properties":{"namn":"Vivelvägen","typ":null,"spanning_kv":null,"volt_klass":0,"kapacitet_mw":null,"operator":null}},{"type":"Feature","geometry":{"type":"Point","coordinates":[12.71337,56.02194]},"properties":{"namn":null,"typ":null,"spanning_kv":null,"volt_klass":0,"kapacitet_mw":null,"operator":null}},{"type":"Feature","geometry":{"type":"Point","coordinates":[18.80095,57.70914]},"properties":{"namn":null,"typ":null,"spanning_kv":null,"volt_klass":0,"kapacitet_mw":null,"operator":null}},{"type":"Feature","geometry":{"type":"Point","coordinates":[15.35296,57.17107]},"properties":{"namn":null,"typ":null,"spanning_kv":null,"volt_klass":0,"kapacitet_mw":null,"operator":null}},{"type":"Feature","geometry":{"type":"Point","coordinates":[15.34104,57.16424]},"properties":{"namn":null,"typ":null,"spanning_kv":null,"volt_klass":0,"kapacitet_mw":null,"operator":null}},{"type":"Feature","geometry":{"type":"Point","coordinates":[12.72274,56.03816]},"properties":{"namn":null,"typ":null,"spanning_kv":null,"volt_klass":0,"kapacitet_mw":null,"operator":null}},{"type":"Feature","geometry":{"type":"Point","coordinates":[12.73845,56.04054]},"properties":{"namn":null,"typ":null,"spanning_kv":null,"volt_klass":0,"kapacitet_mw":null,"operator":null}},{"type":"Feature","geometry":{"type":"Point","coordinates":[13.53052,62.40784]},"properties":{"namn":null,"typ":null,"spanning_kv":null,"volt_klass":0,"kapacitet_mw":null,"operator":null}},{"type":"Feature","geometry":{"type":"Point","coordinates":[12.72851,56.0439]},"properties":{"namn":null,"typ":null,"spanning_kv":null,"volt_klass":0,"kapacitet_mw":null,"operator":null}},{"type":"Feature","geometry":{"type":"Point","coordinates":[18.04117,59.33805]},"properties":{"namn":null,"typ":null,"spanning_kv":null,"volt_klass":0,"kapacitet_mw":null,"operator":null}},{"type":"Feature","geometry":{"type":"Point","coordinates":[16.01507,58.2022]},"properties":{"namn":null,"typ":null,"spanning_kv":null,"volt_klass":0,"kapacitet_mw":null,"operator":null}},{"type":"Feature","geometry":{"type":"Point","coordinates":[18.03986,59.46701]},"properties":{"namn":null,"typ":"minor_distribution","spanning_kv":null,"volt_klass":0,"kapacitet_mw":null,"operator":null}},{"type":"Feature","geometry":{"type":"Point","coordinates":[17.85192,59.38419]},"properties":{"namn":null,"typ":"minor_distribution","spanning_kv":null,"volt_klass":0,"kapacitet_mw":null,"operator":null}},{"type":"Feature","geometry":{"type":"Point","coordinates":[17.85223,59.38237]},"properties":{"namn":null,"typ":"minor_distribution","spanning_kv":null,"volt_klass":0,"kapacitet_mw":null,"operator":null}},{"type":"Feature","geometry":{"type":"Point","coordinates":[13.52489,60.06521]},"properties":{"namn":null,"typ":null,"spanning_kv":null,"volt_klass":0,"kapacitet_mw":null,"operator":null}},{"type":"Feature","geometry":{"type":"Point","coordinates":[13.53813,59.8481]},"properties":{"namn":"Munkfors","typ":"distribution","spanning_kv":132.0,"volt_klass":2,"kapacitet_mw":null,"operator":null}},{"type":"Feature","geometry":{"type":"Point","coordinates":[17.89264,59.3525]},"properties":{"namn":null,"typ":"minor_distribution","spanning_kv":null,"volt_klass":0,"kapacitet_mw":null,"operator":null}},{"type":"Feature","geometry":{"type":"Point","coordinates":[17.89657,59.35294]},"properties":{"namn":null,"typ":"minor_distribution","spanning_kv":null,"volt_klass":0,"kapacitet_mw":null,"operator":null}},{"type":"Feature","geometry":{"type":"Point","coordinates":[16.25931,58.64208]},"properties":{"namn":null,"typ":null,"spanning_kv":null,"volt_klass":0,"kapacitet_mw":null,"operator":null}},{"type":"Feature","geometry":{"type":"Point","coordinates":[17.9745,59.33629]},"properties":{"namn":null,"typ":"minor_distribution","spanning_kv":null,"volt_klass":0,"kapacitet_mw":null,"operator":null}},{"type":"Feature","geometry":{"type":"Point","coordinates":[17.98042,59.33856]},"properties":{"namn":null,"typ":"minor_distribution","spanning_kv":null,"volt_klass":0,"kapacitet_mw":null,"operator":null}},{"type":"Feature","geometry":{"type":"Point","coordinates":[17.9787,59.34091]},"properties":{"namn":null,"typ":"minor_distribution","spanning_kv":null,"volt_klass":0,"kapacitet_mw":null,"operator":null}},{"type":"Feature","geometry":{"type":"Point","coordinates":[12.73364,56.07378]},"properties":{"namn":null,"typ":null,"spanning_kv":null,"volt_klass":0,"kapacitet_mw":null,"operator":null}},{"type":"Feature","geometry":{"type":"Point","coordinates":[17.90564,59.2856]},"properties":{"namn":null,"typ":"minor_distribution","spanning_kv":null,"volt_klass":0,"kapacitet_mw":null,"operator":null}},{"type":"Feature","geometry":{"type":"Point","coordinates":[17.92066,59.29282]},"properties":{"namn":null,"typ":"minor_distribution","spanning_kv":null,"volt_klass":0,"kapacitet_mw":null,"operator":null}},{"type":"Feature","geometry":{"type":"Point","coordinates":[17.88156,66.03632]},"properties":{"namn":"Arjeplog","typ":null,"spanning_kv":130.0,"volt_klass":2,"kapacitet_mw":null,"operator":null}},{"type":"Feature","geometry":{"type":"Point","coordinates":[14.97877,56.81859]},"properties":{"namn":null,"typ":"distribution","spanning_kv":null,"volt_klass":0,"kapacitet_mw":null,"operator":null}},{"type":"Feature","geometry":{"type":"Point","coordinates":[17.92334,59.28868]},"properties":{"namn":null,"typ":"minor_distribution","spanning_kv":null,"volt_klass":0,"kapacitet_mw":null,"operator":null}},{"type":"Feature","geometry":{"type":"Point","coordinates":[17.974,59.33246]},"properties":{"namn":null,"typ":"minor_distribution","spanning_kv":null,"volt_klass":0,"kapacitet_mw":null,"operator":null}},{"type":"Feature","geometry":{"type":"Point","coordinates":[17.96883,59.32353]},"properties":{"namn":null,"typ":"minor_distribution","spanning_kv":null,"volt_klass":0,"kapacitet_mw":null,"operator":null}},{"type":"Feature","geometry":{"type":"Point","coordinates":[17.96127,59.32326]},"properties":{"namn":null,"typ":"minor_distribution","spanning_kv":null,"volt_klass":0,"kapacitet_mw":null,"operator":null}},{"type":"Feature","geometry":{"type":"Point","coordinates":[13.35219,57.54011]},"properties":{"namn":null,"typ":"distribution","spanning_kv":45.0,"volt_klass":1,"kapacitet_mw":null,"operator":null}},{"type":"Feature","geometry":{"type":"Point","coordinates":[12.95966,55.42536]},"properties":{"namn":null,"typ":null,"spanning_kv":null,"volt_klass":0,"kapacitet_mw":null,"operator":null}},{"type":"Feature","geometry":{"type":"Point","coordinates":[13.00866,58.17175]},"properties":{"namn":null,"typ":null,"spanning_kv":null,"volt_klass":0,"kapacitet_mw":null,"operator":null}},{"type":"Feature","geometry":{"type":"Point","coordinates":[14.88068,59.16948]},"properties":{"namn":null,"typ":null,"spanning_kv":null,"volt_klass":0,"kapacitet_mw":null,"operator":null}},{"type":"Feature","geometry":{"type":"Point","coordinates":[15.38083,61.17456]},"properties":{"namn":null,"typ":null,"spanning_kv":null,"volt_klass":0,"kapacitet_mw":null,"operator":null}},{"type":"Feature","geometry":{"type":"Point","coordinates":[15.16798,61.18217]},"properties":{"namn":null,"typ":null,"spanning_kv":null,"volt_klass":0,"kapacitet_mw":null,"operator":null}},{"type":"Feature","geometry":{"type":"Point","coordinates":[15.65514,58.3784]},"properties":{"namn":null,"typ":"minor_distribution","spanning_kv":null,"volt_klass":0,"kapacitet_mw":null,"operator":null}},{"type":"Feature","geometry":{"type":"Point","coordinates":[12.70149,56.07529]},"properties":{"namn":null,"typ":null,"spanning_kv":null,"volt_klass":0,"kapacitet_mw":null,"operator":null}},{"type":"Feature","geometry":{"type":"Point","coordinates":[23.8596,66.6506]},"properties":{"namn":null,"typ":null,"spanning_kv":null,"volt_klass":0,"kapacitet_mw":null,"operator":null}},{"type":"Feature","geometry":{"type":"Point","coordinates":[23.85429,66.65722]},"properties":{"namn":null,"typ":null,"spanning_kv":null,"volt_klass":0,"kapacitet_mw":null,"operator":null}},{"type":"Feature","geometry":{"type":"Point","coordinates":[23.85279,66.6589]},"properties":{"namn":null,"typ":null,"spanning_kv":null,"volt_klass":0,"kapacitet_mw":null,"operator":null}},{"type":"Feature","geometry":{"type":"Point","coordinates":[15.79249,60.83448]},"properties":{"namn":null,"typ":null,"spanning_kv":null,"volt_klass":0,"kapacitet_mw":null,"operator":null}},{"type":"Feature","geometry":{"type":"Point","coordinates":[15.76393,60.81982]},"properties":{"namn":null,"typ":null,"spanning_kv":null,"volt_klass":0,"kapacitet_mw":null,"operator":null}},{"type":"Feature","geometry":{"type":"Point","coordinates":[15.87549,60.78174]},"properties":{"namn":null,"typ":null,"spanning_kv":null,"volt_klass":0,"kapacitet_mw":null,"operator":null}},{"type":"Feature","geometry":{"type":"Point","coordinates":[18.11377,59.27466]},"properties":{"namn":null,"typ":"minor_distribution","spanning_kv":null,"volt_klass":0,"kapacitet_mw":null,"operator":null}},{"type":"Feature","geometry":{"type":"Point","coordinates":[18.40518,59.33204]},"properties":{"namn":null,"typ":null,"spanning_kv":null,"volt_klass":0,"kapacitet_mw":null,"operator":null}},{"type":"Feature","geometry":{"type":"Point","coordinates":[18.40501,59.33218]},"properties":{"namn":null,"typ":null,"spanning_kv":null,"volt_klass":0,"kapacitet_mw":null,"operator":null}},{"type":"Feature","geometry":{"type":"Point","coordinates":[16.86384,59.94493]},"properties":{"namn":null,"typ":"distribution","spanning_kv":77.0,"volt_klass":2,"kapacitet_mw":null,"operator":"Vattenfall"}},{"type":"Feature","geometry":{"type":"Point","coordinates":[20.69273,67.13218]},"properties":{"namn":null,"typ":null,"spanning_kv":null,"volt_klass":0,"kapacitet_mw":null,"operator":null}},{"type":"Feature","geometry":{"type":"Point","coordinates":[18.39029,59.3192]},"properties":{"namn":null,"typ":null,"spanning_kv":null,"volt_klass":0,"kapacitet_mw":null,"operator":null}},{"type":"Feature","geometry":{"type":"Point","coordinates":[20.32023,63.83454]},"properties":{"namn":null,"typ":null,"spanning_kv":null,"volt_klass":0,"kapacitet_mw":null,"operator":null}},{"type":"Feature","geometry":{"type":"Point","coordinates":[13.72143,61.38022]},"properties":{"namn":"Trängslet","typ":"generation","spanning_kv":145.0,"volt_klass":2,"kapacitet_mw":null,"operator":"Ellevio"}},{"type":"Feature","geometry":{"type":"Point","coordinates":[12.772,56.18775]},"properties":{"namn":null,"typ":null,"spanning_kv":null,"volt_klass":0,"kapacitet_mw":null,"operator":null}},{"type":"Feature","geometry":{"type":"Point","coordinates":[23.49094,66.21266]},"properties":{"namn":"Isovaara","typ":"compensation","spanning_kv":400.0,"volt_klass":4,"kapacitet_mw":null,"operator":"Svenska Kraftnät"}},{"type":"Feature","geometry":{"type":"Point","coordinates":[12.98543,55.61167]},"properties":{"namn":null,"typ":null,"spanning_kv":null,"volt_klass":0,"kapacitet_mw":null,"operator":null}},{"type":"Feature","geometry":{"type":"Point","coordinates":[12.98536,55.61175]},"properties":{"namn":null,"typ":null,"spanning_kv":null,"volt_klass":0,"kapacitet_mw":null,"operator":null}},{"type":"Feature","geometry":{"type":"Point","coordinates":[16.46093,63.55152]},"properties":{"namn":null,"typ":null,"spanning_kv":130.0,"volt_klass":2,"kapacitet_mw":null,"operator":null}},{"type":"Feature","geometry":{"type":"Point","coordinates":[12.9554,63.69941]},"properties":{"namn":null,"typ":"transmission","spanning_kv":220.0,"volt_klass":3,"kapacitet_mw":null,"operator":null}},{"type":"Feature","geometry":{"type":"Point","coordinates":[13.54146,63.74885]},"properties":{"namn":null,"typ":"transmission","spanning_kv":220.0,"volt_klass":3,"kapacitet_mw":null,"operator":null}},{"type":"Feature","geometry":{"type":"Point","coordinates":[23.64597,66.38281]},"properties":{"namn":null,"typ":null,"spanning_kv":null,"volt_klass":0,"kapacitet_mw":null,"operator":null}},{"type":"Feature","geometry":{"type":"Point","coordinates":[13.25725,58.45667]},"properties":{"namn":null,"typ":"distribution","spanning_kv":45.0,"volt_klass":1,"kapacitet_mw":null,"operator":null}},{"type":"Feature","geometry":{"type":"Point","coordinates":[18.15978,59.1485]},"properties":{"namn":null,"typ":null,"spanning_kv":null,"volt_klass":0,"kapacitet_mw":null,"operator":null}},{"type":"Feature","geometry":{"type":"Point","coordinates":[18.16623,59.15446]},"properties":{"namn":null,"typ":null,"spanning_kv":null,"volt_klass":0,"kapacitet_mw":null,"operator":null}},{"type":"Feature","geometry":{"type":"Point","coordinates":[18.16319,59.15119]},"properties":{"namn":null,"typ":null,"spanning_kv":null,"volt_klass":0,"kapacitet_mw":null,"operator":null}},{"type":"Feature","geometry":{"type":"Point","coordinates":[12.99291,58.25686]},"properties":{"namn":null,"typ":null,"spanning_kv":null,"volt_klass":0,"kapacitet_mw":null,"operator":null}},{"type":"Feature","geometry":{"type":"Point","coordinates":[15.81178,60.40263]},"properties":{"namn":null,"typ":null,"spanning_kv":null,"volt_klass":0,"kapacitet_mw":null,"operator":null}},{"type":"Feature","geometry":{"type":"Point","coordinates":[23.69286,66.22254]},"properties":{"namn":null,"typ":null,"spanning_kv":null,"volt_klass":0,"kapacitet_mw":null,"operator":null}},{"type":"Feature","geometry":{"type":"Point","coordinates":[23.4822,67.43838]},"properties":{"namn":"Aareavaara transformatorstation","typ":"distribution","spanning_kv":40.0,"volt_klass":1,"kapacitet_mw":null,"operator":"Vattenfall"}},{"type":"Feature","geometry":{"type":"Point","coordinates":[15.10009,59.07585]},"properties":{"namn":null,"typ":null,"spanning_kv":45.0,"volt_klass":1,"kapacitet_mw":null,"operator":null}},{"type":"Feature","geometry":{"type":"Point","coordinates":[20.32284,63.80147]},"properties":{"namn":"Flintan södra","typ":null,"spanning_kv":null,"volt_klass":0,"kapacitet_mw":null,"operator":"Umeå Energi"}},{"type":"Feature","geometry":{"type":"Point","coordinates":[20.38568,63.78334]},"properties":{"namn":"Yttertavle 1","typ":null,"spanning_kv":null,"volt_klass":0,"kapacitet_mw":null,"operator":"Umeå Energi"}},{"type":"Feature","geometry":{"type":"Point","coordinates":[12.95091,55.94801]},"properties":{"namn":null,"typ":null,"spanning_kv":null,"volt_klass":0,"kapacitet_mw":null,"operator":null}},{"type":"Feature","geometry":{"type":"Point","coordinates":[19.62382,65.00026]},"properties":{"namn":null,"typ":"distribution","spanning_kv":null,"volt_klass":0,"kapacitet_mw":null,"operator":null}},{"type":"Feature","geometry":{"type":"Point","coordinates":[19.15759,65.13515]},"properties":{"namn":null,"typ":"distribution","spanning_kv":null,"volt_klass":0,"kapacitet_mw":null,"operator":null}},{"type":"Feature","geometry":{"type":"Point","coordinates":[18.05762,59.35628]},"properties":{"namn":null,"typ":null,"spanning_kv":null,"volt_klass":0,"kapacitet_mw":null,"operator":null}},{"type":"Feature","geometry":{"type":"Point","coordinates":[18.38907,59.33521]},"properties":{"namn":null,"typ":"minor_distribution","spanning_kv":null,"volt_klass":0,"kapacitet_mw":null,"operator":null}},{"type":"Feature","geometry":{"type":"Point","coordinates":[16.3006,56.74108]},"properties":{"namn":null,"typ":null,"spanning_kv":null,"volt_klass":0,"kapacitet_mw":null,"operator":null}},{"type":"Feature","geometry":{"type":"Point","coordinates":[15.17257,60.14571]},"properties":{"namn":null,"typ":null,"spanning_kv":null,"volt_klass":0,"kapacitet_mw":null,"operator":null}},{"type":"Feature","geometry":{"type":"Point","coordinates":[20.1467,63.85477]},"properties":{"namn":"Lådan 1","typ":null,"spanning_kv":null,"volt_klass":0,"kapacitet_mw":null,"operator":"Umeå Energi"}},{"type":"Feature","geometry":{"type":"Point","coordinates":[20.42262,63.81563]},"properties":{"namn":"Innertavle kopl.stn","typ":null,"spanning_kv":null,"volt_klass":0,"kapacitet_mw":null,"operator":"Umeå Energi"}},{"type":"Feature","geometry":{"type":"Point","coordinates":[20.41951,63.81223]},"properties":{"namn":"Lokremmen","typ":null,"spanning_kv":null,"volt_klass":0,"kapacitet_mw":null,"operator":"Umeå Energi"}},{"type":"Feature","geometry":{"type":"Point","coordinates":[20.25703,63.80533]},"properties":{"namn":"Marknadsgatan 1","typ":"minor_distribution","spanning_kv":null,"volt_klass":0,"kapacitet_mw":null,"operator":"Umeå Energi"}},{"type":"Feature","geometry":{"type":"Point","coordinates":[20.23538,63.8006]},"properties":{"namn":"E4 Degernäsbacken","typ":"minor_distribution","spanning_kv":null,"volt_klass":0,"kapacitet_mw":null,"operator":"Umeå Energi"}},{"type":"Feature","geometry":{"type":"Point","coordinates":[20.22149,63.79601]},"properties":{"namn":"Svidjekläppen 3","typ":"minor_distribution","spanning_kv":null,"volt_klass":0,"kapacitet_mw":null,"operator":"Umeå Energi"}},{"type":"Feature","geometry":{"type":"Point","coordinates":[15.38299,60.14469]},"properties":{"namn":null,"typ":"industrial","spanning_kv":50.0,"volt_klass":2,"kapacitet_mw":null,"operator":null}},{"type":"Feature","geometry":{"type":"Point","coordinates":[15.92652,58.57041]},"properties":{"namn":null,"typ":null,"spanning_kv":null,"volt_klass":0,"kapacitet_mw":null,"operator":null}},{"type":"Feature","geometry":{"type":"Point","coordinates":[20.19637,63.86513]},"properties":{"namn":"Lantbruksskolan","typ":"minor_distribution","spanning_kv":null,"volt_klass":0,"kapacitet_mw":null,"operator":"Umeå Energi"}},{"type":"Feature","geometry":{"type":"Point","coordinates":[15.75918,60.00284]},"properties":{"namn":null,"typ":null,"spanning_kv":130.0,"volt_klass":2,"kapacitet_mw":null,"operator":null}},{"type":"Feature","geometry":{"type":"Point","coordinates":[15.77398,60.01023]},"properties":{"namn":null,"typ":null,"spanning_kv":130.0,"volt_klass":2,"kapacitet_mw":null,"operator":null}},{"type":"Feature","geometry":{"type":"Point","coordinates":[23.33242,67.22628]},"properties":{"namn":null,"typ":"distribution","spanning_kv":40.0,"volt_klass":1,"kapacitet_mw":null,"operator":null}},{"type":"Feature","geometry":{"type":"Point","coordinates":[20.30876,63.79749]},"properties":{"namn":"Kapen","typ":"minor_distribution","spanning_kv":null,"volt_klass":0,"kapacitet_mw":null,"operator":"Umeå Energi"}},{"type":"Feature","geometry":{"type":"Point","coordinates":[13.03034,58.08133]},"properties":{"namn":null,"typ":null,"spanning_kv":null,"volt_klass":0,"kapacitet_mw":null,"operator":null}},{"type":"Feature","geometry":{"type":"Point","coordinates":[20.25109,63.81036]},"properties":{"namn":"Marknadsgatan 2","typ":"minor_distribution","spanning_kv":null,"volt_klass":0,"kapacitet_mw":null,"operator":"Umeå Energi"}},{"type":"Feature","geometry":{"type":"Point","coordinates":[14.26229,60.51218]},"properties":{"namn":null,"typ":null,"spanning_kv":130.0,"volt_klass":2,"kapacitet_mw":null,"operator":null}},{"type":"Feature","geometry":{"type":"Point","coordinates":[15.00839,60.72729]},"properties":{"namn":null,"typ":null,"spanning_kv":null,"volt_klass":0,"kapacitet_mw":null,"operator":null}},{"type":"Feature","geometry":{"type":"Point","coordinates":[20.11741,63.83498]},"properties":{"namn":null,"typ":"minor_distribution","spanning_kv":null,"volt_klass":0,"kapacitet_mw":null,"operator":"Umeå Energi"}},{"type":"Feature","geometry":{"type":"Point","coordinates":[15.58999,58.40925]},"properties":{"namn":null,"typ":null,"spanning_kv":null,"volt_klass":0,"kapacitet_mw":null,"operator":null}},{"type":"Feature","geometry":{"type":"Point","coordinates":[16.45697,59.02219]},"properties":{"namn":null,"typ":null,"spanning_kv":null,"volt_klass":0,"kapacitet_mw":null,"operator":null}},{"type":"Feature","geometry":{"type":"Point","coordinates":[12.98538,55.59285]},"properties":{"namn":null,"typ":null,"spanning_kv":null,"volt_klass":0,"kapacitet_mw":null,"operator":null}},{"type":"Feature","geometry":{"type":"Point","coordinates":[16.24632,58.99531]},"properties":{"namn":null,"typ":null,"spanning_kv":null,"volt_klass":0,"kapacitet_mw":null,"operator":null}},{"type":"Feature","geometry":{"type":"Point","coordinates":[18.10511,59.12841]},"properties":{"namn":null,"typ":"minor_distribution","spanning_kv":null,"volt_klass":0,"kapacitet_mw":null,"operator":null}},{"type":"Feature","geometry":{"type":"Point","coordinates":[20.28939,63.81708]},"properties":{"namn":"Pumpstation U9","typ":"minor_distribution","spanning_kv":null,"volt_klass":0,"kapacitet_mw":null,"operator":"Umeå Energi"}},{"type":"Feature","geometry":{"type":"Point","coordinates":[20.07351,63.86759]},"properties":{"namn":null,"typ":"minor_distribution","spanning_kv":null,"volt_klass":0,"kapacitet_mw":null,"operator":"Umeå Energi"}},{"type":"Feature","geometry":{"type":"Point","coordinates":[20.08341,63.86419]},"properties":{"namn":null,"typ":"minor_distribution","spanning_kv":null,"volt_klass":0,"kapacitet_mw":null,"operator":"Umeå Energi"}},{"type":"Feature","geometry":{"type":"Point","coordinates":[17.92122,62.77076]},"properties":{"namn":null,"typ":null,"spanning_kv":null,"volt_klass":0,"kapacitet_mw":null,"operator":null}},{"type":"Feature","geometry":{"type":"Point","coordinates":[13.92214,58.18754]},"properties":{"namn":null,"typ":"distribution","spanning_kv":132.0,"volt_klass":2,"kapacitet_mw":null,"operator":null}},{"type":"Feature","geometry":{"type":"Point","coordinates":[20.20032,63.81922]},"properties":{"namn":"Böleäng TS","typ":"minor_distribution","spanning_kv":null,"volt_klass":0,"kapacitet_mw":null,"operator":"Umeå Energi"}},{"type":"Feature","geometry":{"type":"Point","coordinates":[15.4501,60.4369]},"properties":{"namn":null,"typ":"minor_distribution","spanning_kv":null,"volt_klass":0,"kapacitet_mw":null,"operator":null}},{"type":"Feature","geometry":{"type":"Point","coordinates":[14.86859,60.76608]},"properties":{"namn":null,"typ":null,"spanning_kv":50.0,"volt_klass":2,"kapacitet_mw":null,"operator":null}},{"type":"Feature","geometry":{"type":"Point","coordinates":[13.56926,59.38425]},"properties":{"namn":null,"typ":"distribution","spanning_kv":132.0,"volt_klass":2,"kapacitet_mw":null,"operator":null}},{"type":"Feature","geometry":{"type":"Point","coordinates":[14.27651,56.66286]},"properties":{"namn":null,"typ":null,"spanning_kv":null,"volt_klass":0,"kapacitet_mw":null,"operator":null}},{"type":"Feature","geometry":{"type":"Point","coordinates":[15.98331,58.51049]},"properties":{"namn":null,"typ":null,"spanning_kv":null,"volt_klass":0,"kapacitet_mw":null,"operator":null}},{"type":"Feature","geometry":{"type":"Point","coordinates":[11.93261,58.21824]},"properties":{"namn":null,"typ":"distribution","spanning_kv":45.0,"volt_klass":1,"kapacitet_mw":null,"operator":null}},{"type":"Feature","geometry":{"type":"Point","coordinates":[17.49894,58.94864]},"properties":{"namn":null,"typ":"yes","spanning_kv":null,"volt_klass":0,"kapacitet_mw":null,"operator":null}},{"type":"Feature","geometry":{"type":"Point","coordinates":[12.91839,59.45786]},"properties":{"namn":null,"typ":null,"spanning_kv":132.0,"volt_klass":2,"kapacitet_mw":null,"operator":null}},{"type":"Feature","geometry":{"type":"Point","coordinates":[15.01955,59.51001]},"properties":{"namn":null,"typ":null,"spanning_kv":null,"volt_klass":0,"kapacitet_mw":null,"operator":null}},{"type":"Feature","geometry":{"type":"Point","coordinates":[13.96561,55.54047]},"properties":{"namn":null,"typ":null,"spanning_kv":null,"volt_klass":0,"kapacitet_mw":null,"operator":null}},{"type":"Feature","geometry":{"type":"Point","coordinates":[16.28966,56.74377]},"properties":{"namn":"FLA--T Förlösa","typ":null,"spanning_kv":null,"volt_klass":0,"kapacitet_mw":null,"operator":"E.ON Elnät Sverige AB"}},{"type":"Feature","geometry":{"type":"Point","coordinates":[22.20615,65.58846]},"properties":{"namn":null,"typ":null,"spanning_kv":null,"volt_klass":0,"kapacitet_mw":null,"operator":null}},{"type":"Feature","geometry":{"type":"Point","coordinates":[13.96374,55.54359]},"properties":{"namn":null,"typ":null,"spanning_kv":null,"volt_klass":0,"kapacitet_mw":null,"operator":null}},{"type":"Feature","geometry":{"type":"Point","coordinates":[13.95841,55.5362]},"properties":{"namn":null,"typ":null,"spanning_kv":null,"volt_klass":0,"kapacitet_mw":null,"operator":null}},{"type":"Feature","geometry":{"type":"Point","coordinates":[13.22419,60.46502]},"properties":{"namn":null,"typ":"transmission","spanning_kv":132.0,"volt_klass":2,"kapacitet_mw":null,"operator":null}},{"type":"Feature","geometry":{"type":"Point","coordinates":[17.85512,59.19184]},"properties":{"namn":null,"typ":"minor_distribution","spanning_kv":null,"volt_klass":0,"kapacitet_mw":null,"operator":null}},{"type":"Feature","geometry":{"type":"Point","coordinates":[17.15062,61.21544]},"properties":{"namn":null,"typ":null,"spanning_kv":null,"volt_klass":0,"kapacitet_mw":null,"operator":null}},{"type":"Feature","geometry":{"type":"Point","coordinates":[11.69395,58.4813]},"properties":{"namn":null,"typ":null,"spanning_kv":132.0,"volt_klass":2,"kapacitet_mw":null,"operator":null}},{"type":"Feature","geometry":{"type":"Point","coordinates":[17.83893,59.19435]},"properties":{"namn":null,"typ":"minor_distribution","spanning_kv":null,"volt_klass":0,"kapacitet_mw":null,"operator":null}},{"type":"Feature","geometry":{"type":"Point","coordinates":[12.91962,55.56069]},"properties":{"namn":null,"typ":null,"spanning_kv":null,"volt_klass":0,"kapacitet_mw":null,"operator":null}},{"type":"Feature","geometry":{"type":"Point","coordinates":[17.87413,59.2028]},"properties":{"namn":null,"typ":"minor_distribution","spanning_kv":null,"volt_klass":0,"kapacitet_mw":null,"operator":null}},{"type":"Feature","geometry":{"type":"Point","coordinates":[18.19707,59.31336]},"properties":{"namn":null,"typ":null,"spanning_kv":null,"volt_klass":0,"kapacitet_mw":null,"operator":"Nacka Energi"}},{"type":"Feature","geometry":{"type":"Point","coordinates":[18.19495,59.30625]},"properties":{"namn":null,"typ":null,"spanning_kv":null,"volt_klass":0,"kapacitet_mw":null,"operator":null}},{"type":"Feature","geometry":{"type":"Point","coordinates":[18.19602,59.31395]},"properties":{"namn":null,"typ":null,"spanning_kv":null,"volt_klass":0,"kapacitet_mw":null,"operator":null}},{"type":"Feature","geometry":{"type":"Point","coordinates":[18.20057,59.31074]},"properties":{"namn":null,"typ":null,"spanning_kv":null,"volt_klass":0,"kapacitet_mw":null,"operator":null}},{"type":"Feature","geometry":{"type":"Point","coordinates":[17.93848,59.29861]},"properties":{"namn":null,"typ":"minor_distribution","spanning_kv":null,"volt_klass":0,"kapacitet_mw":null,"operator":null}},{"type":"Feature","geometry":{"type":"Point","coordinates":[14.0764,55.99401]},"properties":{"namn":null,"typ":null,"spanning_kv":null,"volt_klass":0,"kapacitet_mw":null,"operator":null}},{"type":"Feature","geometry":{"type":"Point","coordinates":[18.16184,59.30548]},"properties":{"namn":null,"typ":null,"spanning_kv":null,"volt_klass":0,"kapacitet_mw":null,"operator":null}},{"type":"Feature","geometry":{"type":"Point","coordinates":[11.65745,57.69413]},"properties":{"namn":null,"typ":null,"spanning_kv":null,"volt_klass":0,"kapacitet_mw":null,"operator":null}},{"type":"Feature","geometry":{"type":"Point","coordinates":[16.11021,61.82144]},"properties":{"namn":null,"typ":null,"spanning_kv":130.0,"volt_klass":2,"kapacitet_mw":null,"operator":null}},{"type":"Feature","geometry":{"type":"Point","coordinates":[15.59386,58.41278]},"properties":{"namn":null,"typ":"minor_distribution","spanning_kv":null,"volt_klass":0,"kapacitet_mw":null,"operator":null}},{"type":"Feature","geometry":{"type":"Point","coordinates":[14.58362,63.32689]},"properties":{"namn":null,"typ":null,"spanning_kv":null,"volt_klass":0,"kapacitet_mw":null,"operator":"Jämtkraft"}},{"type":"Feature","geometry":{"type":"Point","coordinates":[18.95191,59.81178]},"properties":{"namn":null,"typ":null,"spanning_kv":null,"volt_klass":0,"kapacitet_mw":null,"operator":null}},{"type":"Feature","geometry":{"type":"Point","coordinates":[17.41079,62.42264]},"properties":{"namn":null,"typ":null,"spanning_kv":null,"volt_klass":0,"kapacitet_mw":null,"operator":null}},{"type":"Feature","geometry":{"type":"Point","coordinates":[15.18234,61.7121]},"properties":{"namn":null,"typ":null,"spanning_kv":null,"volt_klass":0,"kapacitet_mw":null,"operator":null}},{"type":"Feature","geometry":{"type":"Point","coordinates":[12.9325,55.58498]},"properties":{"namn":null,"typ":null,"spanning_kv":null,"volt_klass":0,"kapacitet_mw":null,"operator":null}},{"type":"Feature","geometry":{"type":"Point","coordinates":[17.41786,62.40066]},"properties":{"namn":null,"typ":null,"spanning_kv":null,"volt_klass":0,"kapacitet_mw":null,"operator":null}},{"type":"Feature","geometry":{"type":"Point","coordinates":[18.17428,59.31236]},"properties":{"namn":null,"typ":null,"spanning_kv":null,"volt_klass":0,"kapacitet_mw":null,"operator":null}},{"type":"Feature","geometry":{"type":"Point","coordinates":[17.40968,62.38704]},"properties":{"namn":null,"typ":null,"spanning_kv":null,"volt_klass":0,"kapacitet_mw":null,"operator":null}},{"type":"Feature","geometry":{"type":"Point","coordinates":[15.51251,57.46989]},"properties":{"namn":null,"typ":null,"spanning_kv":null,"volt_klass":0,"kapacitet_mw":null,"operator":null}},{"type":"Feature","geometry":{"type":"Point","coordinates":[15.51321,57.46839]},"properties":{"namn":null,"typ":null,"spanning_kv":null,"volt_klass":0,"kapacitet_mw":null,"operator":null}},{"type":"Feature","geometry":{"type":"Point","coordinates":[15.23236,59.59462]},"properties":{"namn":null,"typ":null,"spanning_kv":null,"volt_klass":0,"kapacitet_mw":null,"operator":null}},{"type":"Feature","geometry":{"type":"Point","coordinates":[17.25714,60.38769]},"properties":{"namn":"Station Söderfors","typ":null,"spanning_kv":130.0,"volt_klass":2,"kapacitet_mw":null,"operator":null}},{"type":"Feature","geometry":{"type":"Point","coordinates":[14.39323,60.80469]},"properties":{"namn":null,"typ":null,"spanning_kv":null,"volt_klass":0,"kapacitet_mw":null,"operator":null}},{"type":"Feature","geometry":{"type":"Point","coordinates":[18.30495,57.61179]},"properties":{"namn":null,"typ":null,"spanning_kv":110.0,"volt_klass":2,"kapacitet_mw":null,"operator":null}},{"type":"Feature","geometry":{"type":"Point","coordinates":[18.31902,57.62516]},"properties":{"namn":null,"typ":null,"spanning_kv":110.0,"volt_klass":2,"kapacitet_mw":null,"operator":null}},{"type":"Feature","geometry":{"type":"Point","coordinates":[18.35474,57.62456]},"properties":{"namn":null,"typ":null,"spanning_kv":110.0,"volt_klass":2,"kapacitet_mw":null,"operator":null}},{"type":"Feature","geometry":{"type":"Point","coordinates":[16.44355,58.66745]},"properties":{"namn":null,"typ":null,"spanning_kv":null,"volt_klass":0,"kapacitet_mw":null,"operator":null}},{"type":"Feature","geometry":{"type":"Point","coordinates":[14.58895,56.35426]},"properties":{"namn":null,"typ":null,"spanning_kv":null,"volt_klass":0,"kapacitet_mw":null,"operator":null}},{"type":"Feature","geometry":{"type":"Point","coordinates":[13.53661,55.92696]},"properties":{"namn":null,"typ":null,"spanning_kv":null,"volt_klass":0,"kapacitet_mw":null,"operator":null}},{"type":"Feature","geometry":{"type":"Point","coordinates":[14.04227,58.95456]},"properties":{"namn":null,"typ":null,"spanning_kv":null,"volt_klass":0,"kapacitet_mw":null,"operator":null}},{"type":"Feature","geometry":{"type":"Point","coordinates":[14.92092,56.6415]},"properties":{"namn":null,"typ":"minor_distribution","spanning_kv":null,"volt_klass":0,"kapacitet_mw":null,"operator":null}},{"type":"Feature","geometry":{"type":"Point","coordinates":[18.57894,57.62989]},"properties":{"namn":null,"typ":"compensation","spanning_kv":110.0,"volt_klass":2,"kapacitet_mw":null,"operator":null}},{"type":"Feature","geometry":{"type":"Point","coordinates":[18.79885,57.71571]},"properties":{"namn":null,"typ":"distribution","spanning_kv":110.0,"volt_klass":2,"kapacitet_mw":null,"operator":null}},{"type":"Feature","geometry":{"type":"Point","coordinates":[15.34574,59.07799]},"properties":{"namn":null,"typ":null,"spanning_kv":null,"volt_klass":0,"kapacitet_mw":null,"operator":null}},{"type":"Feature","geometry":{"type":"Point","coordinates":[15.35314,59.08153]},"properties":{"namn":null,"typ":null,"spanning_kv":null,"volt_klass":0,"kapacitet_mw":null,"operator":null}},{"type":"Feature","geometry":{"type":"Point","coordinates":[15.36427,59.08258]},"properties":{"namn":null,"typ":null,"spanning_kv":null,"volt_klass":0,"kapacitet_mw":null,"operator":null}},{"type":"Feature","geometry":{"type":"Point","coordinates":[18.04452,59.126]},"properties":{"namn":null,"typ":null,"spanning_kv":null,"volt_klass":0,"kapacitet_mw":null,"operator":null}},{"type":"Feature","geometry":{"type":"Point","coordinates":[17.43451,62.44145]},"properties":{"namn":null,"typ":null,"spanning_kv":null,"volt_klass":0,"kapacitet_mw":null,"operator":null}},{"type":"Feature","geometry":{"type":"Point","coordinates":[13.55287,55.9268]},"properties":{"namn":null,"typ":null,"spanning_kv":null,"volt_klass":0,"kapacitet_mw":null,"operator":null}},{"type":"Feature","geometry":{"type":"Point","coordinates":[11.63968,58.32847]},"properties":{"namn":null,"typ":"distribution","spanning_kv":45.0,"volt_klass":1,"kapacitet_mw":null,"operator":null}},{"type":"Feature","geometry":{"type":"Point","coordinates":[16.30721,60.20101]},"properties":{"namn":null,"typ":null,"spanning_kv":null,"volt_klass":0,"kapacitet_mw":null,"operator":null}},{"type":"Feature","geometry":{"type":"Point","coordinates":[18.59282,60.07946]},"properties":{"namn":null,"typ":null,"spanning_kv":220.0,"volt_klass":3,"kapacitet_mw":null,"operator":null}},{"type":"Feature","geometry":{"type":"Point","coordinates":[17.90305,59.37982]},"properties":{"namn":null,"typ":null,"spanning_kv":null,"volt_klass":0,"kapacitet_mw":null,"operator":null}},{"type":"Feature","geometry":{"type":"Point","coordinates":[12.27745,59.88406]},"properties":{"namn":"Ställverk","typ":"yes","spanning_kv":132.0,"volt_klass":2,"kapacitet_mw":null,"operator":null}},{"type":"Feature","geometry":{"type":"Point","coordinates":[16.57123,63.02968]},"properties":{"namn":null,"typ":"transmission","spanning_kv":220.0,"volt_klass":3,"kapacitet_mw":null,"operator":null}},{"type":"Feature","geometry":{"type":"Point","coordinates":[16.6585,62.97555]},"properties":{"namn":"Stadsforsen","typ":"transmission","spanning_kv":220.0,"volt_klass":3,"kapacitet_mw":null,"operator":null}},{"type":"Feature","geometry":{"type":"Point","coordinates":[14.39089,58.85351]},"properties":{"namn":"Slottsbol","typ":"transmission","spanning_kv":130.0,"volt_klass":2,"kapacitet_mw":null,"operator":null}},{"type":"Feature","geometry":{"type":"Point","coordinates":[17.20032,63.27077]},"properties":{"namn":null,"typ":null,"spanning_kv":null,"volt_klass":0,"kapacitet_mw":null,"operator":null}},{"type":"Feature","geometry":{"type":"Point","coordinates":[16.00256,61.34576]},"properties":{"namn":null,"typ":null,"spanning_kv":130.0,"volt_klass":2,"kapacitet_mw":null,"operator":null}},{"type":"Feature","geometry":{"type":"Point","coordinates":[12.85221,55.96195]},"properties":{"namn":null,"typ":null,"spanning_kv":null,"volt_klass":0,"kapacitet_mw":null,"operator":null}},{"type":"Feature","geometry":{"type":"Point","coordinates":[16.1208,61.82055]},"properties":{"namn":"Ljusdal","typ":"transmission","spanning_kv":220.0,"volt_klass":3,"kapacitet_mw":null,"operator":null}},{"type":"Feature","geometry":{"type":"Point","coordinates":[15.78151,62.75565]},"properties":{"namn":null,"typ":"transmission","spanning_kv":220.0,"volt_klass":3,"kapacitet_mw":null,"operator":null}},{"type":"Feature","geometry":{"type":"Point","coordinates":[15.95621,62.72853]},"properties":{"namn":null,"typ":null,"spanning_kv":220.0,"volt_klass":3,"kapacitet_mw":null,"operator":null}},{"type":"Feature","geometry":{"type":"Point","coordinates":[16.40504,61.39584]},"properties":{"namn":"Dönje","typ":"transmission","spanning_kv":220.0,"volt_klass":3,"kapacitet_mw":null,"operator":null}},{"type":"Feature","geometry":{"type":"Point","coordinates":[16.38655,61.47748]},"properties":{"namn":null,"typ":null,"spanning_kv":130.0,"volt_klass":2,"kapacitet_mw":null,"operator":null}},{"type":"Feature","geometry":{"type":"Point","coordinates":[16.07229,63.1474]},"properties":{"namn":"Krångede","typ":"transmission","spanning_kv":220.0,"volt_klass":3,"kapacitet_mw":null,"operator":null}},{"type":"Feature","geometry":{"type":"Point","coordinates":[16.16213,63.14133]},"properties":{"namn":"Gammelänge","typ":"transmission","spanning_kv":220.0,"volt_klass":3,"kapacitet_mw":null,"operator":null}},{"type":"Feature","geometry":{"type":"Point","coordinates":[16.3768,62.5083]},"properties":{"namn":null,"typ":"transmission","spanning_kv":220.0,"volt_klass":3,"kapacitet_mw":null,"operator":null}},{"type":"Feature","geometry":{"type":"Point","coordinates":[15.55996,62.48692]},"properties":{"namn":null,"typ":"transmission","spanning_kv":220.0,"volt_klass":3,"kapacitet_mw":null,"operator":null}},{"type":"Feature","geometry":{"type":"Point","coordinates":[14.30485,62.60987]},"properties":{"namn":null,"typ":"transmission","spanning_kv":220.0,"volt_klass":3,"kapacitet_mw":null,"operator":null}},{"type":"Feature","geometry":{"type":"Point","coordinates":[13.6891,63.29724]},"properties":{"namn":null,"typ":null,"spanning_kv":220.0,"volt_klass":3,"kapacitet_mw":null,"operator":null}},{"type":"Feature","geometry":{"type":"Point","coordinates":[13.68238,63.29941]},"properties":{"namn":"Mörsil","typ":"transmission","spanning_kv":220.0,"volt_klass":3,"kapacitet_mw":null,"operator":null}},{"type":"Feature","geometry":{"type":"Point","coordinates":[15.62487,63.16259]},"properties":{"namn":"Stugun","typ":"transmission","spanning_kv":220.0,"volt_klass":3,"kapacitet_mw":null,"operator":null}},{"type":"Feature","geometry":{"type":"Point","coordinates":[15.32187,63.22072]},"properties":{"namn":null,"typ":"transmission","spanning_kv":220.0,"volt_klass":3,"kapacitet_mw":null,"operator":null}},{"type":"Feature","geometry":{"type":"Point","coordinates":[16.17212,61.76648]},"properties":{"namn":null,"typ":"transmission","spanning_kv":130.0,"volt_klass":2,"kapacitet_mw":null,"operator":null}},{"type":"Feature","geometry":{"type":"Point","coordinates":[15.95895,61.33262]},"properties":{"namn":null,"typ":null,"spanning_kv":null,"volt_klass":0,"kapacitet_mw":null,"operator":null}},{"type":"Feature","geometry":{"type":"Point","coordinates":[15.51779,56.63132]},"properties":{"namn":null,"typ":null,"spanning_kv":null,"volt_klass":0,"kapacitet_mw":null,"operator":null}},{"type":"Feature","geometry":{"type":"Point","coordinates":[13.43487,57.73183]},"properties":{"namn":null,"typ":"distribution","spanning_kv":45.0,"volt_klass":1,"kapacitet_mw":null,"operator":null}},{"type":"Feature","geometry":{"type":"Point","coordinates":[15.02831,60.08558]},"properties":{"namn":null,"typ":null,"spanning_kv":null,"volt_klass":0,"kapacitet_mw":null,"operator":null}},{"type":"Feature","geometry":{"type":"Point","coordinates":[15.59926,58.43135]},"properties":{"namn":null,"typ":null,"spanning_kv":null,"volt_klass":0,"kapacitet_mw":null,"operator":null}},{"type":"Feature","geometry":{"type":"Point","coordinates":[15.64586,58.41098]},"properties":{"namn":null,"typ":null,"spanning_kv":null,"volt_klass":0,"kapacitet_mw":null,"operator":null}},{"type":"Feature","geometry":{"type":"Point","coordinates":[15.6338,58.41781]},"properties":{"namn":null,"typ":null,"spanning_kv":null,"volt_klass":0,"kapacitet_mw":null,"operator":null}},{"type":"Feature","geometry":{"type":"Point","coordinates":[17.33361,66.38253]},"properties":{"namn":null,"typ":null,"spanning_kv":null,"volt_klass":0,"kapacitet_mw":null,"operator":null}},{"type":"Feature","geometry":{"type":"Point","coordinates":[18.16495,59.31526]},"properties":{"namn":null,"typ":null,"spanning_kv":null,"volt_klass":0,"kapacitet_mw":null,"operator":null}},{"type":"Feature","geometry":{"type":"Point","coordinates":[12.911,56.08145]},"properties":{"namn":null,"typ":null,"spanning_kv":null,"volt_klass":0,"kapacitet_mw":null,"operator":null}},{"type":"Feature","geometry":{"type":"Point","coordinates":[16.83496,66.44048]},"properties":{"namn":null,"typ":null,"spanning_kv":null,"volt_klass":0,"kapacitet_mw":null,"operator":null}},{"type":"Feature","geometry":{"type":"Point","coordinates":[12.58436,59.6682]},"properties":{"namn":null,"typ":"distribution","spanning_kv":132.0,"volt_klass":2,"kapacitet_mw":null,"operator":null}},{"type":"Feature","geometry":{"type":"Point","coordinates":[17.95621,59.24077]},"properties":{"namn":null,"typ":null,"spanning_kv":null,"volt_klass":0,"kapacitet_mw":null,"operator":null}},{"type":"Feature","geometry":{"type":"Point","coordinates":[12.70048,56.06667]},"properties":{"namn":null,"typ":null,"spanning_kv":null,"volt_klass":0,"kapacitet_mw":null,"operator":null}},{"type":"Feature","geometry":{"type":"Point","coordinates":[16.44244,60.51816]},"properties":{"namn":null,"typ":null,"spanning_kv":null,"volt_klass":0,"kapacitet_mw":null,"operator":null}},{"type":"Feature","geometry":{"type":"Point","coordinates":[13.2376,61.19266]},"properties":{"namn":"Sälen","typ":null,"spanning_kv":130.0,"volt_klass":2,"kapacitet_mw":null,"operator":null}},{"type":"Feature","geometry":{"type":"Point","coordinates":[18.07591,59.2546]},"properties":{"namn":null,"typ":null,"spanning_kv":null,"volt_klass":0,"kapacitet_mw":null,"operator":null}},{"type":"Feature","geometry":{"type":"Point","coordinates":[17.98361,59.49169]},"properties":{"namn":null,"typ":null,"spanning_kv":null,"volt_klass":0,"kapacitet_mw":null,"operator":null}},{"type":"Feature","geometry":{"type":"Point","coordinates":[17.15062,62.46532]},"properties":{"namn":null,"typ":null,"spanning_kv":null,"volt_klass":0,"kapacitet_mw":null,"operator":null}},{"type":"Feature","geometry":{"type":"Point","coordinates":[15.82696,64.94654]},"properties":{"namn":null,"typ":"transmission","spanning_kv":220.0,"volt_klass":3,"kapacitet_mw":null,"operator":null}},{"type":"Feature","geometry":{"type":"Point","coordinates":[15.82742,64.94417]},"properties":{"namn":null,"typ":null,"spanning_kv":null,"volt_klass":0,"kapacitet_mw":null,"operator":null}},{"type":"Feature","geometry":{"type":"Point","coordinates":[18.03759,59.30241]},"properties":{"namn":null,"typ":null,"spanning_kv":null,"volt_klass":0,"kapacitet_mw":null,"operator":null}},{"type":"Feature","geometry":{"type":"Point","coordinates":[18.16008,59.15254]},"properties":{"namn":null,"typ":null,"spanning_kv":null,"volt_klass":0,"kapacitet_mw":null,"operator":null}},{"type":"Feature","geometry":{"type":"Point","coordinates":[17.02751,62.34757]},"properties":{"namn":null,"typ":null,"spanning_kv":null,"volt_klass":0,"kapacitet_mw":null,"operator":null}},{"type":"Feature","geometry":{"type":"Point","coordinates":[13.15683,55.68484]},"properties":{"namn":null,"typ":null,"spanning_kv":null,"volt_klass":0,"kapacitet_mw":null,"operator":null}},{"type":"Feature","geometry":{"type":"Point","coordinates":[13.82082,58.69679]},"properties":{"namn":null,"typ":null,"spanning_kv":130.0,"volt_klass":2,"kapacitet_mw":null,"operator":null}},{"type":"Feature","geometry":{"type":"Point","coordinates":[14.08105,57.2295]},"properties":{"namn":null,"typ":"transition","spanning_kv":300.0,"volt_klass":4,"kapacitet_mw":null,"operator":null}},{"type":"Feature","geometry":{"type":"Point","coordinates":[14.66919,57.66394]},"properties":{"namn":null,"typ":"transition","spanning_kv":null,"volt_klass":0,"kapacitet_mw":null,"operator":null}},{"type":"Feature","geometry":{"type":"Point","coordinates":[20.30082,63.79816]},"properties":{"namn":"Strömpilen Pump Stn","typ":null,"spanning_kv":null,"volt_klass":0,"kapacitet_mw":null,"operator":null}},{"type":"Feature","geometry":{"type":"Point","coordinates":[16.6971,57.57512]},"properties":{"namn":null,"typ":"electrode","spanning_kv":null,"volt_klass":0,"kapacitet_mw":null,"operator":null}},{"type":"Feature","geometry":{"type":"Point","coordinates":[16.42021,57.73312]},"properties":{"namn":null,"typ":null,"spanning_kv":130.0,"volt_klass":2,"kapacitet_mw":null,"operator":null}},{"type":"Feature","geometry":{"type":"Point","coordinates":[18.10974,57.51458]},"properties":{"namn":null,"typ":"electrode","spanning_kv":null,"volt_klass":0,"kapacitet_mw":null,"operator":null}},{"type":"Feature","geometry":{"type":"Point","coordinates":[15.89345,59.49196]},"properties":{"namn":"Himmeta","typ":"transmission","spanning_kv":220.0,"volt_klass":3,"kapacitet_mw":null,"operator":null}},{"type":"Feature","geometry":{"type":"Point","coordinates":[17.00562,63.68334]},"properties":{"namn":null,"typ":null,"spanning_kv":130.0,"volt_klass":2,"kapacitet_mw":null,"operator":null}},{"type":"Feature","geometry":{"type":"Point","coordinates":[17.12428,63.81387]},"properties":{"namn":null,"typ":"transmission","spanning_kv":220.0,"volt_klass":3,"kapacitet_mw":null,"operator":null}},{"type":"Feature","geometry":{"type":"Point","coordinates":[17.02416,63.74189]},"properties":{"namn":"Gulsele","typ":"transmission","spanning_kv":220.0,"volt_klass":3,"kapacitet_mw":null,"operator":null}},{"type":"Feature","geometry":{"type":"Point","coordinates":[17.19533,63.8831]},"properties":{"namn":"Hällby","typ":"transmission","spanning_kv":220.0,"volt_klass":3,"kapacitet_mw":null,"operator":null}},{"type":"Feature","geometry":{"type":"Point","coordinates":[17.24282,64.28604]},"properties":{"namn":"Stenkullafors","typ":"transmission","spanning_kv":220.0,"volt_klass":3,"kapacitet_mw":null,"operator":null}},{"type":"Feature","geometry":{"type":"Point","coordinates":[18.5042,59.40647]},"properties":{"namn":null,"typ":"distribution","spanning_kv":null,"volt_klass":0,"kapacitet_mw":null,"operator":null}},{"type":"Feature","geometry":{"type":"Point","coordinates":[19.15468,57.94728]},"properties":{"namn":null,"typ":null,"spanning_kv":null,"volt_klass":0,"kapacitet_mw":null,"operator":null}},{"type":"Feature","geometry":{"type":"Point","coordinates":[15.71536,64.63683]},"properties":{"namn":null,"typ":"transmission","spanning_kv":220.0,"volt_klass":3,"kapacitet_mw":null,"operator":null}},{"type":"Feature","geometry":{"type":"Point","coordinates":[16.37319,63.95456]},"properties":{"namn":null,"typ":"yes","spanning_kv":130.0,"volt_klass":2,"kapacitet_mw":null,"operator":null}},{"type":"Feature","geometry":{"type":"Point","coordinates":[16.48354,63.7829]},"properties":{"namn":null,"typ":null,"spanning_kv":130.0,"volt_klass":2,"kapacitet_mw":null,"operator":null}},{"type":"Feature","geometry":{"type":"Point","coordinates":[16.42435,63.73349]},"properties":{"namn":null,"typ":null,"spanning_kv":130.0,"volt_klass":2,"kapacitet_mw":null,"operator":null}},{"type":"Feature","geometry":{"type":"Point","coordinates":[17.28774,64.10276]},"properties":{"namn":null,"typ":"transmission","spanning_kv":220.0,"volt_klass":3,"kapacitet_mw":null,"operator":null}},{"type":"Feature","geometry":{"type":"Point","coordinates":[17.35293,64.18132]},"properties":{"namn":null,"typ":"distribution","spanning_kv":null,"volt_klass":0,"kapacitet_mw":null,"operator":null}},{"type":"Feature","geometry":{"type":"Point","coordinates":[16.28151,63.89043]},"properties":{"namn":null,"typ":null,"spanning_kv":130.0,"volt_klass":2,"kapacitet_mw":null,"operator":null}},{"type":"Feature","geometry":{"type":"Point","coordinates":[15.68285,64.05905]},"properties":{"namn":null,"typ":"transmission","spanning_kv":220.0,"volt_klass":3,"kapacitet_mw":null,"operator":null}},{"type":"Feature","geometry":{"type":"Point","coordinates":[17.39281,62.52124]},"properties":{"namn":null,"typ":null,"spanning_kv":null,"volt_klass":0,"kapacitet_mw":null,"operator":null}},{"type":"Feature","geometry":{"type":"Point","coordinates":[13.12284,58.3314]},"properties":{"namn":null,"typ":"distribution","spanning_kv":45.0,"volt_klass":1,"kapacitet_mw":null,"operator":null}},{"type":"Feature","geometry":{"type":"Point","coordinates":[13.56351,58.38656]},"properties":{"namn":null,"typ":"distribution","spanning_kv":45.0,"volt_klass":1,"kapacitet_mw":null,"operator":null}},{"type":"Feature","geometry":{"type":"Point","coordinates":[15.69879,57.80208]},"properties":{"namn":null,"typ":null,"spanning_kv":null,"volt_klass":0,"kapacitet_mw":null,"operator":null}},{"type":"Feature","geometry":{"type":"Point","coordinates":[20.19985,63.87657]},"properties":{"namn":null,"typ":"minor_distribution","spanning_kv":null,"volt_klass":0,"kapacitet_mw":null,"operator":null}},{"type":"Feature","geometry":{"type":"Point","coordinates":[18.18617,59.45111]},"properties":{"namn":null,"typ":null,"spanning_kv":null,"volt_klass":0,"kapacitet_mw":null,"operator":null}},{"type":"Feature","geometry":{"type":"Point","coordinates":[12.54228,58.1278]},"properties":{"namn":null,"typ":"distribution","spanning_kv":45.0,"volt_klass":1,"kapacitet_mw":null,"operator":null}},{"type":"Feature","geometry":{"type":"Point","coordinates":[20.3058,63.88433]},"properties":{"namn":null,"typ":"minor_distribution","spanning_kv":null,"volt_klass":0,"kapacitet_mw":null,"operator":null}},{"type":"Feature","geometry":{"type":"Point","coordinates":[13.28954,62.11371]},"properties":{"namn":null,"typ":null,"spanning_kv":null,"volt_klass":0,"kapacitet_mw":null,"operator":null}},{"type":"Feature","geometry":{"type":"Point","coordinates":[19.33674,64.42838]},"properties":{"namn":null,"typ":"minor_distribution","spanning_kv":null,"volt_klass":0,"kapacitet_mw":null,"operator":null}},{"type":"Feature","geometry":{"type":"Point","coordinates":[15.69179,58.43438]},"properties":{"namn":null,"typ":null,"spanning_kv":null,"volt_klass":0,"kapacitet_mw":null,"operator":null}},{"type":"Feature","geometry":{"type":"Point","coordinates":[12.8511,56.67569]},"properties":{"namn":null,"typ":"minor_distribution","spanning_kv":null,"volt_klass":0,"kapacitet_mw":null,"operator":null}},{"type":"Feature","geometry":{"type":"Point","coordinates":[14.09202,64.6776]},"properties":{"namn":"Blåsjöfallet","typ":"distribution","spanning_kv":220.0,"volt_klass":3,"kapacitet_mw":null,"operator":null}},{"type":"Feature","geometry":{"type":"Point","coordinates":[15.28878,56.75551]},"properties":{"namn":null,"typ":null,"spanning_kv":null,"volt_klass":0,"kapacitet_mw":null,"operator":null}},{"type":"Feature","geometry":{"type":"Point","coordinates":[22.21337,65.59587]},"properties":{"namn":null,"typ":null,"spanning_kv":null,"volt_klass":0,"kapacitet_mw":null,"operator":null}},{"type":"Feature","geometry":{"type":"Point","coordinates":[11.57571,57.96268]},"properties":{"namn":null,"typ":"distribution","spanning_kv":45.0,"volt_klass":1,"kapacitet_mw":null,"operator":null}},{"type":"Feature","geometry":{"type":"Point","coordinates":[18.44825,59.27922]},"properties":{"namn":null,"typ":null,"spanning_kv":null,"volt_klass":0,"kapacitet_mw":null,"operator":null}},{"type":"Feature","geometry":{"type":"Point","coordinates":[17.64833,59.84172]},"properties":{"namn":null,"typ":"minor_distribution","spanning_kv":null,"volt_klass":0,"kapacitet_mw":null,"operator":null}},{"type":"Feature","geometry":{"type":"Point","coordinates":[18.57216,59.339]},"properties":{"namn":null,"typ":null,"spanning_kv":null,"volt_klass":0,"kapacitet_mw":null,"operator":null}},{"type":"Feature","geometry":{"type":"Point","coordinates":[12.90873,63.39015]},"properties":{"namn":null,"typ":null,"spanning_kv":null,"volt_klass":0,"kapacitet_mw":null,"operator":null}},{"type":"Feature","geometry":{"type":"Point","coordinates":[15.684,56.23089]},"properties":{"namn":null,"typ":"yes","spanning_kv":null,"volt_klass":0,"kapacitet_mw":null,"operator":null}},{"type":"Feature","geometry":{"type":"Point","coordinates":[13.64457,57.62625]},"properties":{"namn":null,"typ":"distribution","spanning_kv":45.0,"volt_klass":1,"kapacitet_mw":null,"operator":null}},{"type":"Feature","geometry":{"type":"Point","coordinates":[12.57403,56.19577]},"properties":{"namn":null,"typ":null,"spanning_kv":null,"volt_klass":0,"kapacitet_mw":null,"operator":null}},{"type":"Feature","geometry":{"type":"Point","coordinates":[12.67053,57.48677]},"properties":{"namn":null,"typ":"transmission","spanning_kv":132.0,"volt_klass":2,"kapacitet_mw":null,"operator":null}},{"type":"Feature","geometry":{"type":"Point","coordinates":[12.69003,57.50205]},"properties":{"namn":null,"typ":"distribution","spanning_kv":45.0,"volt_klass":1,"kapacitet_mw":null,"operator":null}},{"type":"Feature","geometry":{"type":"Point","coordinates":[12.68178,57.51191]},"properties":{"namn":null,"typ":null,"spanning_kv":45.0,"volt_klass":1,"kapacitet_mw":null,"operator":null}},{"type":"Feature","geometry":{"type":"Point","coordinates":[12.85184,57.63269]},"properties":{"namn":null,"typ":"distribution","spanning_kv":45.0,"volt_klass":1,"kapacitet_mw":null,"operator":null}},{"type":"Feature","geometry":{"type":"Point","coordinates":[12.88489,57.64902]},"properties":{"namn":null,"typ":"distribution","spanning_kv":45.0,"volt_klass":1,"kapacitet_mw":null,"operator":null}},{"type":"Feature","geometry":{"type":"Point","coordinates":[20.34017,67.84973]},"properties":{"namn":null,"typ":null,"spanning_kv":null,"volt_klass":0,"kapacitet_mw":null,"operator":"Vattenfall"}},{"type":"Feature","geometry":{"type":"Point","coordinates":[16.59202,59.64185]},"properties":{"namn":null,"typ":null,"spanning_kv":null,"volt_klass":0,"kapacitet_mw":null,"operator":null}},{"type":"Feature","geometry":{"type":"Point","coordinates":[12.5453,56.21891]},"properties":{"namn":null,"typ":null,"spanning_kv":null,"volt_klass":0,"kapacitet_mw":null,"operator":null}},{"type":"Feature","geometry":{"type":"Point","coordinates":[18.02866,59.30771]},"properties":{"namn":null,"typ":"minor_distribution","spanning_kv":null,"volt_klass":0,"kapacitet_mw":null,"operator":null}},{"type":"Feature","geometry":{"type":"Point","coordinates":[18.0286,59.3038]},"properties":{"namn":null,"typ":null,"spanning_kv":null,"volt_klass":0,"kapacitet_mw":null,"operator":null}},{"type":"Feature","geometry":{"type":"Point","coordinates":[16.58578,59.63788]},"properties":{"namn":null,"typ":null,"spanning_kv":null,"volt_klass":0,"kapacitet_mw":null,"operator":null}},{"type":"Feature","geometry":{"type":"Point","coordinates":[14.29439,59.54112]},"properties":{"namn":null,"typ":null,"spanning_kv":null,"volt_klass":0,"kapacitet_mw":null,"operator":null}},{"type":"Feature","geometry":{"type":"Point","coordinates":[21.71024,65.81832]},"properties":{"namn":null,"typ":"distribution","spanning_kv":130.0,"volt_klass":2,"kapacitet_mw":null,"operator":null}},{"type":"Feature","geometry":{"type":"Point","coordinates":[21.36446,65.35502]},"properties":{"namn":null,"typ":null,"spanning_kv":null,"volt_klass":0,"kapacitet_mw":null,"operator":null}},{"type":"Feature","geometry":{"type":"Point","coordinates":[13.30159,58.49716]},"properties":{"namn":null,"typ":"distribution","spanning_kv":45.0,"volt_klass":1,"kapacitet_mw":null,"operator":null}},{"type":"Feature","geometry":{"type":"Point","coordinates":[14.01665,57.1734]},"properties":{"namn":null,"typ":null,"spanning_kv":null,"volt_klass":0,"kapacitet_mw":null,"operator":null}},{"type":"Feature","geometry":{"type":"Point","coordinates":[12.72736,57.14642]},"properties":{"namn":null,"typ":"distribution","spanning_kv":55.0,"volt_klass":2,"kapacitet_mw":null,"operator":null}},{"type":"Feature","geometry":{"type":"Point","coordinates":[12.17121,57.42865]},"properties":{"namn":null,"typ":"distribution","spanning_kv":55.0,"volt_klass":2,"kapacitet_mw":null,"operator":null}},{"type":"Feature","geometry":{"type":"Point","coordinates":[11.94763,57.6845]},"properties":{"namn":null,"typ":"minor_distribution","spanning_kv":null,"volt_klass":0,"kapacitet_mw":null,"operator":null}},{"type":"Feature","geometry":{"type":"Point","coordinates":[13.41678,55.85393]},"properties":{"namn":null,"typ":null,"spanning_kv":null,"volt_klass":0,"kapacitet_mw":null,"operator":null}},{"type":"Feature","geometry":{"type":"Point","coordinates":[18.03036,59.30579]},"properties":{"namn":null,"typ":"minor_distribution","spanning_kv":null,"volt_klass":0,"kapacitet_mw":null,"operator":null}},{"type":"Feature","geometry":{"type":"Point","coordinates":[12.32723,58.28506]},"properties":{"namn":null,"typ":null,"spanning_kv":null,"volt_klass":0,"kapacitet_mw":null,"operator":null}},{"type":"Feature","geometry":{"type":"Point","coordinates":[14.22521,55.43346]},"properties":{"namn":null,"typ":"transition","spanning_kv":null,"volt_klass":0,"kapacitet_mw":null,"operator":null}},{"type":"Feature","geometry":{"type":"Point","coordinates":[14.54087,56.88356]},"properties":{"namn":null,"typ":null,"spanning_kv":null,"volt_klass":0,"kapacitet_mw":null,"operator":null}},{"type":"Feature","geometry":{"type":"Point","coordinates":[14.45627,60.91648]},"properties":{"namn":null,"typ":null,"spanning_kv":null,"volt_klass":0,"kapacitet_mw":null,"operator":null}},{"type":"Feature","geometry":{"type":"Point","coordinates":[13.152,56.12862]},"properties":{"namn":null,"typ":null,"spanning_kv":null,"volt_klass":0,"kapacitet_mw":null,"operator":null}},{"type":"Feature","geometry":{"type":"Point","coordinates":[14.22424,60.52225]},"properties":{"namn":"Vansbro norra","typ":null,"spanning_kv":70.0,"volt_klass":2,"kapacitet_mw":null,"operator":"Ellevio"}},{"type":"Feature","geometry":{"type":"Point","coordinates":[17.23588,65.28804]},"properties":{"namn":null,"typ":null,"spanning_kv":400.0,"volt_klass":4,"kapacitet_mw":null,"operator":null}},{"type":"Feature","geometry":{"type":"Point","coordinates":[17.23072,65.28995]},"properties":{"namn":null,"typ":null,"spanning_kv":400.0,"volt_klass":4,"kapacitet_mw":null,"operator":null}},{"type":"Feature","geometry":{"type":"Point","coordinates":[13.88148,62.44742]},"properties":{"namn":null,"typ":null,"spanning_kv":null,"volt_klass":0,"kapacitet_mw":null,"operator":null}},{"type":"Feature","geometry":{"type":"Point","coordinates":[17.99892,59.45918]},"properties":{"namn":null,"typ":"yes","spanning_kv":null,"volt_klass":0,"kapacitet_mw":null,"operator":null}},{"type":"Feature","geometry":{"type":"Point","coordinates":[19.6409,65.26095]},"properties":{"namn":null,"typ":null,"spanning_kv":null,"volt_klass":0,"kapacitet_mw":null,"operator":null}},{"type":"Feature","geometry":{"type":"Point","coordinates":[14.03171,57.18386]},"properties":{"namn":null,"typ":"minor_distribution","spanning_kv":null,"volt_klass":0,"kapacitet_mw":null,"operator":null}},{"type":"Feature","geometry":{"type":"Point","coordinates":[16.54553,57.08872]},"properties":{"namn":null,"typ":null,"spanning_kv":null,"volt_klass":0,"kapacitet_mw":null,"operator":null}},{"type":"Feature","geometry":{"type":"Point","coordinates":[20.27245,63.82818]},"properties":{"namn":null,"typ":"minor_distribution","spanning_kv":null,"volt_klass":0,"kapacitet_mw":null,"operator":null}},{"type":"Feature","geometry":{"type":"Point","coordinates":[18.3636,57.2351]},"properties":{"namn":null,"typ":null,"spanning_kv":110.0,"volt_klass":2,"kapacitet_mw":null,"operator":null}},{"type":"Feature","geometry":{"type":"Point","coordinates":[14.6106,58.93415]},"properties":{"namn":"Laxsjön","typ":null,"spanning_kv":130.0,"volt_klass":2,"kapacitet_mw":null,"operator":null}},{"type":"Feature","geometry":{"type":"Point","coordinates":[17.40901,62.5587]},"properties":{"namn":null,"typ":null,"spanning_kv":null,"volt_klass":0,"kapacitet_mw":null,"operator":null}},{"type":"Feature","geometry":{"type":"Point","coordinates":[13.01824,57.87961]},"properties":{"namn":null,"typ":"distribution","spanning_kv":45.0,"volt_klass":1,"kapacitet_mw":null,"operator":"Vattenfall"}},{"type":"Feature","geometry":{"type":"Point","coordinates":[13.02978,57.81151]},"properties":{"namn":null,"typ":"distribution","spanning_kv":45.0,"volt_klass":1,"kapacitet_mw":null,"operator":null}},{"type":"Feature","geometry":{"type":"Point","coordinates":[13.12378,57.77944]},"properties":{"namn":null,"typ":"distribution","spanning_kv":45.0,"volt_klass":1,"kapacitet_mw":null,"operator":null}},{"type":"Feature","geometry":{"type":"Point","coordinates":[15.08795,59.11617]},"properties":{"namn":null,"typ":"distribution","spanning_kv":45.0,"volt_klass":1,"kapacitet_mw":null,"operator":null}},{"type":"Feature","geometry":{"type":"Point","coordinates":[14.98655,60.07343]},"properties":{"namn":null,"typ":null,"spanning_kv":null,"volt_klass":0,"kapacitet_mw":null,"operator":null}},{"type":"Feature","geometry":{"type":"Point","coordinates":[12.87219,56.24476]},"properties":{"namn":null,"typ":null,"spanning_kv":null,"volt_klass":0,"kapacitet_mw":null,"operator":null}},{"type":"Feature","geometry":{"type":"Point","coordinates":[12.8793,56.24387]},"properties":{"namn":null,"typ":null,"spanning_kv":null,"volt_klass":0,"kapacitet_mw":null,"operator":null}},{"type":"Feature","geometry":{"type":"Point","coordinates":[14.13246,56.5192]},"properties":{"namn":null,"typ":null,"spanning_kv":null,"volt_klass":0,"kapacitet_mw":null,"operator":null}},{"type":"Feature","geometry":{"type":"Point","coordinates":[15.64749,58.4086]},"properties":{"namn":null,"typ":null,"spanning_kv":null,"volt_klass":0,"kapacitet_mw":null,"operator":null}},{"type":"Feature","geometry":{"type":"Point","coordinates":[12.84355,60.76662]},"properties":{"namn":null,"typ":null,"spanning_kv":132.0,"volt_klass":2,"kapacitet_mw":null,"operator":null}},{"type":"Feature","geometry":{"type":"Point","coordinates":[12.78615,60.7537]},"properties":{"namn":"Brattmon","typ":"transmission","spanning_kv":132.0,"volt_klass":2,"kapacitet_mw":null,"operator":null}},{"type":"Feature","geometry":{"type":"Point","coordinates":[15.71165,58.45069]},"properties":{"namn":null,"typ":null,"spanning_kv":null,"volt_klass":0,"kapacitet_mw":null,"operator":null}},{"type":"Feature","geometry":{"type":"Point","coordinates":[17.87009,59.37469]},"properties":{"namn":null,"typ":null,"spanning_kv":null,"volt_klass":0,"kapacitet_mw":null,"operator":null}},{"type":"Feature","geometry":{"type":"Point","coordinates":[22.53094,67.42514]},"properties":{"namn":"Junosuando transformatorstation","typ":"distribution","spanning_kv":40.0,"volt_klass":1,"kapacitet_mw":null,"operator":"Vattenfall"}},{"type":"Feature","geometry":{"type":"Point","coordinates":[14.11699,57.786]},"properties":{"namn":"Kärrarp","typ":null,"spanning_kv":null,"volt_klass":0,"kapacitet_mw":null,"operator":null}},{"type":"Feature","geometry":{"type":"Point","coordinates":[13.15857,61.31274]},"properties":{"namn":null,"typ":null,"spanning_kv":null,"volt_klass":0,"kapacitet_mw":null,"operator":null}},{"type":"Feature","geometry":{"type":"Point","coordinates":[13.1592,61.31343]},"properties":{"namn":null,"typ":null,"spanning_kv":130.0,"volt_klass":2,"kapacitet_mw":null,"operator":null}},{"type":"Feature","geometry":{"type":"Point","coordinates":[12.69817,56.05523]},"properties":{"namn":null,"typ":null,"spanning_kv":null,"volt_klass":0,"kapacitet_mw":null,"operator":null}},{"type":"Feature","geometry":{"type":"Point","coordinates":[17.89966,58.97549]},"properties":{"namn":null,"typ":null,"spanning_kv":70.0,"volt_klass":2,"kapacitet_mw":null,"operator":null}},{"type":"Feature","geometry":{"type":"Point","coordinates":[12.06233,57.4903]},"properties":{"namn":null,"typ":"minor_distribution","spanning_kv":null,"volt_klass":0,"kapacitet_mw":null,"operator":null}},{"type":"Feature","geometry":{"type":"Point","coordinates":[19.56689,64.10018]},"properties":{"namn":null,"typ":null,"spanning_kv":null,"volt_klass":0,"kapacitet_mw":null,"operator":null}},{"type":"Feature","geometry":{"type":"Point","coordinates":[16.46153,59.43209]},"properties":{"namn":null,"typ":null,"spanning_kv":null,"volt_klass":0,"kapacitet_mw":null,"operator":null}},{"type":"Feature","geometry":{"type":"Point","coordinates":[16.43641,59.39781]},"properties":{"namn":null,"typ":null,"spanning_kv":null,"volt_klass":0,"kapacitet_mw":null,"operator":null}},{"type":"Feature","geometry":{"type":"Point","coordinates":[16.46744,59.2888]},"properties":{"namn":null,"typ":null,"spanning_kv":null,"volt_klass":0,"kapacitet_mw":null,"operator":null}},{"type":"Feature","geometry":{"type":"Point","coordinates":[12.84026,56.23071]},"properties":{"namn":null,"typ":null,"spanning_kv":null,"volt_klass":0,"kapacitet_mw":null,"operator":null}},{"type":"Feature","geometry":{"type":"Point","coordinates":[16.3311,59.4344]},"properties":{"namn":null,"typ":null,"spanning_kv":null,"volt_klass":0,"kapacitet_mw":null,"operator":null}},{"type":"Feature","geometry":{"type":"Point","coordinates":[12.87595,56.26062]},"properties":{"namn":null,"typ":null,"spanning_kv":null,"volt_klass":0,"kapacitet_mw":null,"operator":null}},{"type":"Feature","geometry":{"type":"Point","coordinates":[18.62639,59.28429]},"properties":{"namn":null,"typ":"distribution","spanning_kv":null,"volt_klass":0,"kapacitet_mw":null,"operator":null}},{"type":"Feature","geometry":{"type":"Point","coordinates":[15.66937,57.99719]},"properties":{"namn":null,"typ":null,"spanning_kv":null,"volt_klass":0,"kapacitet_mw":null,"operator":null}},{"type":"Feature","geometry":{"type":"Point","coordinates":[17.97263,59.45246]},"properties":{"namn":null,"typ":null,"spanning_kv":null,"volt_klass":0,"kapacitet_mw":null,"operator":null}},{"type":"Feature","geometry":{"type":"Point","coordinates":[17.37429,62.30125]},"properties":{"namn":null,"typ":null,"spanning_kv":null,"volt_klass":0,"kapacitet_mw":null,"operator":null}},{"type":"Feature","geometry":{"type":"Point","coordinates":[12.8666,56.26114]},"properties":{"namn":null,"typ":null,"spanning_kv":null,"volt_klass":0,"kapacitet_mw":null,"operator":null}},{"type":"Feature","geometry":{"type":"Point","coordinates":[15.38002,64.96563]},"properties":{"namn":null,"typ":null,"spanning_kv":null,"volt_klass":0,"kapacitet_mw":null,"operator":null}},{"type":"Feature","geometry":{"type":"Point","coordinates":[15.49968,62.14043]},"properties":{"namn":null,"typ":"transmission","spanning_kv":null,"volt_klass":0,"kapacitet_mw":null,"operator":null}},{"type":"Feature","geometry":{"type":"Point","coordinates":[15.34297,64.65032]},"properties":{"namn":null,"typ":null,"spanning_kv":null,"volt_klass":0,"kapacitet_mw":null,"operator":null}},{"type":"Feature","geometry":{"type":"Point","coordinates":[15.34262,64.65028]},"properties":{"namn":null,"typ":null,"spanning_kv":null,"volt_klass":0,"kapacitet_mw":null,"operator":null}},{"type":"Feature","geometry":{"type":"Point","coordinates":[13.08877,63.40314]},"properties":{"namn":null,"typ":null,"spanning_kv":null,"volt_klass":0,"kapacitet_mw":null,"operator":"Jämtkraft"}},{"type":"Feature","geometry":{"type":"Point","coordinates":[12.86616,56.10098]},"properties":{"namn":null,"typ":"distribution","spanning_kv":132.0,"volt_klass":2,"kapacitet_mw":null,"operator":null}},{"type":"Feature","geometry":{"type":"Point","coordinates":[16.08929,61.59021]},"properties":{"namn":null,"typ":null,"spanning_kv":null,"volt_klass":0,"kapacitet_mw":null,"operator":null}},{"type":"Feature","geometry":{"type":"Point","coordinates":[15.84907,61.79584]},"properties":{"namn":null,"typ":null,"spanning_kv":null,"volt_klass":0,"kapacitet_mw":null,"operator":null}},{"type":"Feature","geometry":{"type":"Point","coordinates":[11.99442,57.64602]},"properties":{"namn":null,"typ":"minor_distribution","spanning_kv":null,"volt_klass":0,"kapacitet_mw":null,"operator":null}},{"type":"Feature","geometry":{"type":"Point","coordinates":[11.99366,57.651]},"properties":{"namn":null,"typ":"minor_distribution","spanning_kv":null,"volt_klass":0,"kapacitet_mw":null,"operator":null}},{"type":"Feature","geometry":{"type":"Point","coordinates":[23.04536,66.84087]},"properties":{"namn":"Korpilombolo","typ":"distribution","spanning_kv":40.0,"volt_klass":1,"kapacitet_mw":null,"operator":null}},{"type":"Feature","geometry":{"type":"Point","coordinates":[16.61759,58.65202]},"properties":{"namn":null,"typ":null,"spanning_kv":null,"volt_klass":0,"kapacitet_mw":null,"operator":null}},{"type":"Feature","geometry":{"type":"Point","coordinates":[11.95694,57.69559]},"properties":{"namn":null,"typ":"distribution","spanning_kv":null,"volt_klass":0,"kapacitet_mw":null,"operator":null}},{"type":"Feature","geometry":{"type":"Point","coordinates":[21.01985,67.64667]},"properties":{"namn":null,"typ":null,"spanning_kv":null,"volt_klass":0,"kapacitet_mw":null,"operator":null}},{"type":"Feature","geometry":{"type":"Point","coordinates":[16.46663,62.43122]},"properties":{"namn":null,"typ":"traction","spanning_kv":null,"volt_klass":0,"kapacitet_mw":null,"operator":null}},{"type":"Feature","geometry":{"type":"Point","coordinates":[20.88729,66.47687]},"properties":{"namn":null,"typ":"transmission","spanning_kv":130.0,"volt_klass":2,"kapacitet_mw":null,"operator":null}},{"type":"Feature","geometry":{"type":"Point","coordinates":[13.7079,58.04358]},"properties":{"namn":null,"typ":"distribution","spanning_kv":45.0,"volt_klass":1,"kapacitet_mw":null,"operator":null}},{"type":"Feature","geometry":{"type":"Point","coordinates":[13.6388,56.17637]},"properties":{"namn":null,"typ":"distribution","spanning_kv":132.0,"volt_klass":2,"kapacitet_mw":null,"operator":null}},{"type":"Feature","geometry":{"type":"Point","coordinates":[13.46162,56.36374]},"properties":{"namn":"Skånes-Fagerhult","typ":"distribution","spanning_kv":132.0,"volt_klass":2,"kapacitet_mw":null,"operator":null}},{"type":"Feature","geometry":{"type":"Point","coordinates":[11.68877,58.21848]},"properties":{"namn":null,"typ":"distribution","spanning_kv":45.0,"volt_klass":1,"kapacitet_mw":null,"operator":null}},{"type":"Feature","geometry":{"type":"Point","coordinates":[20.80834,67.69776]},"properties":{"namn":null,"typ":null,"spanning_kv":130.0,"volt_klass":2,"kapacitet_mw":null,"operator":null}},{"type":"Feature","geometry":{"type":"Point","coordinates":[13.69317,56.28886]},"properties":{"namn":"Bjärnum","typ":"distribution","spanning_kv":132.0,"volt_klass":2,"kapacitet_mw":null,"operator":null}},{"type":"Feature","geometry":{"type":"Point","coordinates":[13.37984,56.13934]},"properties":{"namn":"Perstorp","typ":"distribution","spanning_kv":132.0,"volt_klass":2,"kapacitet_mw":null,"operator":null}},{"type":"Feature","geometry":{"type":"Point","coordinates":[16.62674,59.62188]},"properties":{"namn":null,"typ":null,"spanning_kv":null,"volt_klass":0,"kapacitet_mw":null,"operator":null}},{"type":"Feature","geometry":{"type":"Point","coordinates":[16.51926,57.72448]},"properties":{"namn":null,"typ":"transmission","spanning_kv":null,"volt_klass":0,"kapacitet_mw":null,"operator":null}},{"type":"Feature","geometry":{"type":"Point","coordinates":[16.47678,57.38328]},"properties":{"namn":null,"typ":null,"spanning_kv":null,"volt_klass":0,"kapacitet_mw":null,"operator":null}},{"type":"Feature","geometry":{"type":"Point","coordinates":[16.55007,58.20009]},"properties":{"namn":null,"typ":null,"spanning_kv":null,"volt_klass":0,"kapacitet_mw":null,"operator":null}},{"type":"Feature","geometry":{"type":"Point","coordinates":[16.51233,58.28254]},"properties":{"namn":null,"typ":null,"spanning_kv":null,"volt_klass":0,"kapacitet_mw":null,"operator":null}},{"type":"Feature","geometry":{"type":"Point","coordinates":[16.28864,58.46109]},"properties":{"namn":null,"typ":null,"spanning_kv":null,"volt_klass":0,"kapacitet_mw":null,"operator":null}},{"type":"Feature","geometry":{"type":"Point","coordinates":[17.9531,59.24233]},"properties":{"namn":null,"typ":null,"spanning_kv":null,"volt_klass":0,"kapacitet_mw":null,"operator":null}},{"type":"Feature","geometry":{"type":"Point","coordinates":[17.95458,59.24068]},"properties":{"namn":null,"typ":null,"spanning_kv":null,"volt_klass":0,"kapacitet_mw":null,"operator":null}},{"type":"Feature","geometry":{"type":"Point","coordinates":[17.67591,62.64484]},"properties":{"namn":null,"typ":null,"spanning_kv":null,"volt_klass":0,"kapacitet_mw":null,"operator":null}},{"type":"Feature","geometry":{"type":"Point","coordinates":[15.12884,56.49392]},"properties":{"namn":null,"typ":null,"spanning_kv":null,"volt_klass":0,"kapacitet_mw":null,"operator":null}},{"type":"Feature","geometry":{"type":"Point","coordinates":[16.08569,59.8764]},"properties":{"namn":null,"typ":"transmission","spanning_kv":null,"volt_klass":0,"kapacitet_mw":null,"operator":null}},{"type":"Feature","geometry":{"type":"Point","coordinates":[13.17262,55.71007]},"properties":{"namn":"Västra mottagningen","typ":"distribution","spanning_kv":130.0,"volt_klass":2,"kapacitet_mw":null,"operator":"Kraftringen"}},{"type":"Feature","geometry":{"type":"Point","coordinates":[13.20885,55.69363]},"properties":{"namn":"Södra mottagningsstationen","typ":"distribution","spanning_kv":130.0,"volt_klass":2,"kapacitet_mw":null,"operator":"Kräftringen"}},{"type":"Feature","geometry":{"type":"Point","coordinates":[15.83357,57.50237]},"properties":{"namn":null,"typ":null,"spanning_kv":null,"volt_klass":0,"kapacitet_mw":null,"operator":null}},{"type":"Feature","geometry":{"type":"Point","coordinates":[19.35526,64.23769]},"properties":{"namn":null,"typ":null,"spanning_kv":null,"volt_klass":0,"kapacitet_mw":null,"operator":null}},{"type":"Feature","geometry":{"type":"Point","coordinates":[17.98378,59.40365]},"properties":{"namn":null,"typ":null,"spanning_kv":null,"volt_klass":0,"kapacitet_mw":null,"operator":null}},{"type":"Feature","geometry":{"type":"Point","coordinates":[13.47834,59.60193]},"properties":{"namn":null,"typ":"distribution","spanning_kv":132.0,"volt_klass":2,"kapacitet_mw":null,"operator":null}},{"type":"Feature","geometry":{"type":"Point","coordinates":[17.97512,59.35239]},"properties":{"namn":null,"typ":null,"spanning_kv":null,"volt_klass":0,"kapacitet_mw":null,"operator":null}},{"type":"Feature","geometry":{"type":"Point","coordinates":[13.46393,57.88718]},"properties":{"namn":null,"typ":"distribution","spanning_kv":45.0,"volt_klass":1,"kapacitet_mw":null,"operator":null}},{"type":"Feature","geometry":{"type":"Point","coordinates":[20.49903,65.83789]},"properties":{"namn":null,"typ":null,"spanning_kv":null,"volt_klass":0,"kapacitet_mw":null,"operator":null}},{"type":"Feature","geometry":{"type":"Point","coordinates":[13.97778,63.33559]},"properties":{"namn":null,"typ":null,"spanning_kv":null,"volt_klass":0,"kapacitet_mw":null,"operator":null}},{"type":"Feature","geometry":{"type":"Point","coordinates":[13.97785,63.25686]},"properties":{"namn":null,"typ":null,"spanning_kv":null,"volt_klass":0,"kapacitet_mw":null,"operator":null}},{"type":"Feature","geometry":{"type":"Point","coordinates":[12.45781,59.69809]},"properties":{"namn":null,"typ":null,"spanning_kv":132.0,"volt_klass":2,"kapacitet_mw":null,"operator":null}},{"type":"Feature","geometry":{"type":"Point","coordinates":[12.54775,60.95085]},"properties":{"namn":"Höljes ställverk","typ":"transmission","spanning_kv":132.0,"volt_klass":2,"kapacitet_mw":null,"operator":null}},{"type":"Feature","geometry":{"type":"Point","coordinates":[13.16283,63.37351]},"properties":{"namn":null,"typ":null,"spanning_kv":null,"volt_klass":0,"kapacitet_mw":null,"operator":null}},{"type":"Feature","geometry":{"type":"Point","coordinates":[16.96351,62.36328]},"properties":{"namn":null,"typ":null,"spanning_kv":null,"volt_klass":0,"kapacitet_mw":null,"operator":null}},{"type":"Feature","geometry":{"type":"Point","coordinates":[17.01231,62.35381]},"properties":{"namn":null,"typ":null,"spanning_kv":null,"volt_klass":0,"kapacitet_mw":null,"operator":null}},{"type":"Feature","geometry":{"type":"Point","coordinates":[14.47059,63.3323]},"properties":{"namn":null,"typ":null,"spanning_kv":null,"volt_klass":0,"kapacitet_mw":null,"operator":null}},{"type":"Feature","geometry":{"type":"Point","coordinates":[16.83648,62.38468]},"properties":{"namn":null,"typ":null,"spanning_kv":null,"volt_klass":0,"kapacitet_mw":null,"operator":null}},{"type":"Feature","geometry":{"type":"Point","coordinates":[17.7233,60.02859]},"properties":{"namn":null,"typ":null,"spanning_kv":null,"volt_klass":0,"kapacitet_mw":null,"operator":null}},{"type":"Feature","geometry":{"type":"Point","coordinates":[12.08568,57.48243]},"properties":{"namn":null,"typ":null,"spanning_kv":null,"volt_klass":0,"kapacitet_mw":null,"operator":null}},{"type":"Feature","geometry":{"type":"Point","coordinates":[12.97763,55.99979]},"properties":{"namn":null,"typ":null,"spanning_kv":null,"volt_klass":0,"kapacitet_mw":null,"operator":null}},{"type":"Feature","geometry":{"type":"Point","coordinates":[16.18577,58.96685]},"properties":{"namn":null,"typ":null,"spanning_kv":null,"volt_klass":0,"kapacitet_mw":null,"operator":null}},{"type":"Feature","geometry":{"type":"Point","coordinates":[12.69581,62.426]},"properties":{"namn":null,"typ":null,"spanning_kv":null,"volt_klass":0,"kapacitet_mw":null,"operator":null}},{"type":"Feature","geometry":{"type":"Point","coordinates":[18.83997,59.85455]},"properties":{"namn":null,"typ":null,"spanning_kv":null,"volt_klass":0,"kapacitet_mw":null,"operator":null}},{"type":"Feature","geometry":{"type":"Point","coordinates":[18.07259,60.04117]},"properties":{"namn":null,"typ":null,"spanning_kv":null,"volt_klass":0,"kapacitet_mw":null,"operator":null}},{"type":"Feature","geometry":{"type":"Point","coordinates":[18.12203,59.92138]},"properties":{"namn":null,"typ":null,"spanning_kv":null,"volt_klass":0,"kapacitet_mw":null,"operator":null}},{"type":"Feature","geometry":{"type":"Point","coordinates":[15.12153,60.81848]},"properties":{"namn":null,"typ":null,"spanning_kv":50.0,"volt_klass":2,"kapacitet_mw":null,"operator":null}},{"type":"Feature","geometry":{"type":"Point","coordinates":[15.02613,59.24144]},"properties":{"namn":null,"typ":"distribution","spanning_kv":45.0,"volt_klass":1,"kapacitet_mw":null,"operator":null}},{"type":"Feature","geometry":{"type":"Point","coordinates":[16.57524,59.63587]},"properties":{"namn":null,"typ":null,"spanning_kv":null,"volt_klass":0,"kapacitet_mw":null,"operator":null}},{"type":"Feature","geometry":{"type":"Point","coordinates":[12.00057,57.6874]},"properties":{"namn":null,"typ":"distribution","spanning_kv":null,"volt_klass":0,"kapacitet_mw":null,"operator":null}},{"type":"Feature","geometry":{"type":"Point","coordinates":[17.64867,59.21102]},"properties":{"namn":null,"typ":null,"spanning_kv":70.0,"volt_klass":2,"kapacitet_mw":null,"operator":null}},{"type":"Feature","geometry":{"type":"Point","coordinates":[14.95569,59.94172]},"properties":{"namn":null,"typ":null,"spanning_kv":70.0,"volt_klass":2,"kapacitet_mw":null,"operator":null}},{"type":"Feature","geometry":{"type":"Point","coordinates":[14.46913,59.3312]},"properties":{"namn":null,"typ":null,"spanning_kv":132.0,"volt_klass":2,"kapacitet_mw":null,"operator":null}},{"type":"Feature","geometry":{"type":"Point","coordinates":[11.29155,58.53166]},"properties":{"namn":null,"typ":"distribution","spanning_kv":45.0,"volt_klass":1,"kapacitet_mw":null,"operator":null}},{"type":"Feature","geometry":{"type":"Point","coordinates":[18.0101,59.26018]},"properties":{"namn":null,"typ":null,"spanning_kv":null,"volt_klass":0,"kapacitet_mw":null,"operator":null}},{"type":"Feature","geometry":{"type":"Point","coordinates":[12.49755,57.64593]},"properties":{"namn":null,"typ":"distribution","spanning_kv":45.0,"volt_klass":1,"kapacitet_mw":null,"operator":null}},{"type":"Feature","geometry":{"type":"Point","coordinates":[16.92464,61.28765]},"properties":{"namn":"Kinstaby ställverk","typ":null,"spanning_kv":70.0,"volt_klass":2,"kapacitet_mw":null,"operator":null}},{"type":"Feature","geometry":{"type":"Point","coordinates":[14.95285,58.01372]},"properties":{"namn":null,"typ":null,"spanning_kv":null,"volt_klass":0,"kapacitet_mw":null,"operator":null}},{"type":"Feature","geometry":{"type":"Point","coordinates":[12.38195,62.01987]},"properties":{"namn":"Sågliden","typ":null,"spanning_kv":50.0,"volt_klass":2,"kapacitet_mw":null,"operator":null}},{"type":"Feature","geometry":{"type":"Point","coordinates":[14.86453,61.19903]},"properties":{"namn":null,"typ":null,"spanning_kv":null,"volt_klass":0,"kapacitet_mw":null,"operator":null}},{"type":"Feature","geometry":{"type":"Point","coordinates":[12.94338,56.12593]},"properties":{"namn":null,"typ":"traction","spanning_kv":132.0,"volt_klass":2,"kapacitet_mw":null,"operator":null}},{"type":"Feature","geometry":{"type":"Point","coordinates":[18.0652,59.2967]},"properties":{"namn":null,"typ":null,"spanning_kv":null,"volt_klass":0,"kapacitet_mw":null,"operator":null}},{"type":"Feature","geometry":{"type":"Point","coordinates":[11.54576,58.03345]},"properties":{"namn":null,"typ":"distribution","spanning_kv":45.0,"volt_klass":1,"kapacitet_mw":null,"operator":null}},{"type":"Feature","geometry":{"type":"Point","coordinates":[18.06582,59.29502]},"properties":{"namn":null,"typ":null,"spanning_kv":null,"volt_klass":0,"kapacitet_mw":null,"operator":null}},{"type":"Feature","geometry":{"type":"Point","coordinates":[15.82812,59.60141]},"properties":{"namn":null,"typ":null,"spanning_kv":130.0,"volt_klass":2,"kapacitet_mw":null,"operator":null}},{"type":"Feature","geometry":{"type":"Point","coordinates":[16.01635,58.20241]},"properties":{"namn":null,"typ":null,"spanning_kv":null,"volt_klass":0,"kapacitet_mw":null,"operator":null}},{"type":"Feature","geometry":{"type":"Point","coordinates":[11.66029,58.46516]},"properties":{"namn":null,"typ":"distribution","spanning_kv":45.0,"volt_klass":1,"kapacitet_mw":null,"operator":null}},{"type":"Feature","geometry":{"type":"Point","coordinates":[12.08434,57.49519]},"properties":{"namn":null,"typ":null,"spanning_kv":null,"volt_klass":0,"kapacitet_mw":null,"operator":null}},{"type":"Feature","geometry":{"type":"Point","coordinates":[17.81839,62.54001]},"properties":{"namn":null,"typ":null,"spanning_kv":null,"volt_klass":0,"kapacitet_mw":null,"operator":null}},{"type":"Feature","geometry":{"type":"Point","coordinates":[18.69179,59.3974]},"properties":{"namn":null,"typ":null,"spanning_kv":null,"volt_klass":0,"kapacitet_mw":null,"operator":null}},{"type":"Feature","geometry":{"type":"Point","coordinates":[18.6396,59.40205]},"properties":{"namn":null,"typ":null,"spanning_kv":null,"volt_klass":0,"kapacitet_mw":null,"operator":null}},{"type":"Feature","geometry":{"type":"Point","coordinates":[18.68735,59.39138]},"properties":{"namn":null,"typ":null,"spanning_kv":null,"volt_klass":0,"kapacitet_mw":null,"operator":null}},{"type":"Feature","geometry":{"type":"Point","coordinates":[18.6654,59.39478]},"properties":{"namn":null,"typ":null,"spanning_kv":null,"volt_klass":0,"kapacitet_mw":null,"operator":null}},{"type":"Feature","geometry":{"type":"Point","coordinates":[15.51765,59.20428]},"properties":{"namn":null,"typ":null,"spanning_kv":null,"volt_klass":0,"kapacitet_mw":null,"operator":null}},{"type":"Feature","geometry":{"type":"Point","coordinates":[18.6351,59.41127]},"properties":{"namn":null,"typ":null,"spanning_kv":null,"volt_klass":0,"kapacitet_mw":null,"operator":null}},{"type":"Feature","geometry":{"type":"Point","coordinates":[18.65245,59.39147]},"properties":{"namn":null,"typ":null,"spanning_kv":null,"volt_klass":0,"kapacitet_mw":null,"operator":null}},{"type":"Feature","geometry":{"type":"Point","coordinates":[18.01324,59.74712]},"properties":{"namn":null,"typ":null,"spanning_kv":null,"volt_klass":0,"kapacitet_mw":null,"operator":null}},{"type":"Feature","geometry":{"type":"Point","coordinates":[18.03832,59.2969]},"properties":{"namn":null,"typ":null,"spanning_kv":null,"volt_klass":0,"kapacitet_mw":null,"operator":null}},{"type":"Feature","geometry":{"type":"Point","coordinates":[17.78882,62.58782]},"properties":{"namn":null,"typ":null,"spanning_kv":null,"volt_klass":0,"kapacitet_mw":null,"operator":null}},{"type":"Feature","geometry":{"type":"Point","coordinates":[16.61921,57.74607]},"properties":{"namn":null,"typ":null,"spanning_kv":null,"volt_klass":0,"kapacitet_mw":null,"operator":null}},{"type":"Feature","geometry":{"type":"Point","coordinates":[18.03327,59.29821]},"properties":{"namn":null,"typ":null,"spanning_kv":null,"volt_klass":0,"kapacitet_mw":null,"operator":null}},{"type":"Feature","geometry":{"type":"Point","coordinates":[17.80971,62.59821]},"properties":{"namn":null,"typ":null,"spanning_kv":null,"volt_klass":0,"kapacitet_mw":null,"operator":null}},{"type":"Feature","geometry":{"type":"Point","coordinates":[15.00605,60.81451]},"properties":{"namn":null,"typ":null,"spanning_kv":null,"volt_klass":0,"kapacitet_mw":null,"operator":null}},{"type":"Feature","geometry":{"type":"Point","coordinates":[18.23609,59.31739]},"properties":{"namn":null,"typ":null,"spanning_kv":null,"volt_klass":0,"kapacitet_mw":null,"operator":null}},{"type":"Feature","geometry":{"type":"Point","coordinates":[12.28011,57.14932]},"properties":{"namn":null,"typ":"traction","spanning_kv":132.0,"volt_klass":2,"kapacitet_mw":null,"operator":null}},{"type":"Feature","geometry":{"type":"Point","coordinates":[18.26238,59.32644]},"properties":{"namn":null,"typ":null,"spanning_kv":null,"volt_klass":0,"kapacitet_mw":null,"operator":null}},{"type":"Feature","geometry":{"type":"Point","coordinates":[16.95573,59.93675]},"properties":{"namn":null,"typ":null,"spanning_kv":null,"volt_klass":0,"kapacitet_mw":null,"operator":null}},{"type":"Feature","geometry":{"type":"Point","coordinates":[12.88439,62.67324]},"properties":{"namn":null,"typ":null,"spanning_kv":null,"volt_klass":0,"kapacitet_mw":null,"operator":null}},{"type":"Feature","geometry":{"type":"Point","coordinates":[15.1546,59.11461]},"properties":{"namn":null,"typ":"distribution","spanning_kv":null,"volt_klass":0,"kapacitet_mw":null,"operator":null}},{"type":"Feature","geometry":{"type":"Point","coordinates":[12.85423,56.27451]},"properties":{"namn":null,"typ":"minor_distribution","spanning_kv":null,"volt_klass":0,"kapacitet_mw":null,"operator":null}},{"type":"Feature","geometry":{"type":"Point","coordinates":[12.84467,56.26893]},"properties":{"namn":null,"typ":null,"spanning_kv":null,"volt_klass":0,"kapacitet_mw":null,"operator":null}},{"type":"Feature","geometry":{"type":"Point","coordinates":[13.77764,56.17907]},"properties":{"namn":"Hässleholm","typ":"distribution","spanning_kv":132.0,"volt_klass":2,"kapacitet_mw":null,"operator":null}},{"type":"Feature","geometry":{"type":"Point","coordinates":[13.78238,56.15873]},"properties":{"namn":null,"typ":"distribution","spanning_kv":45.0,"volt_klass":1,"kapacitet_mw":null,"operator":null}},{"type":"Feature","geometry":{"type":"Point","coordinates":[13.5043,59.37507]},"properties":{"namn":null,"typ":"minor_distribution","spanning_kv":null,"volt_klass":0,"kapacitet_mw":null,"operator":null}},{"type":"Feature","geometry":{"type":"Point","coordinates":[13.09611,55.6222]},"properties":{"namn":"Sege","typ":"transmission","spanning_kv":400.0,"volt_klass":4,"kapacitet_mw":null,"operator":"Svenska Kraftnät"}},{"type":"Feature","geometry":{"type":"Point","coordinates":[17.91012,59.38324]},"properties":{"namn":null,"typ":null,"spanning_kv":null,"volt_klass":0,"kapacitet_mw":null,"operator":null}},{"type":"Feature","geometry":{"type":"Point","coordinates":[18.6739,65.40282]},"properties":{"namn":"Bastusel","typ":null,"spanning_kv":null,"volt_klass":0,"kapacitet_mw":null,"operator":null}},{"type":"Feature","geometry":{"type":"Point","coordinates":[15.30104,60.71012]},"properties":{"namn":null,"typ":null,"spanning_kv":null,"volt_klass":0,"kapacitet_mw":null,"operator":null}},{"type":"Feature","geometry":{"type":"Point","coordinates":[15.28564,60.7149]},"properties":{"namn":null,"typ":null,"spanning_kv":null,"volt_klass":0,"kapacitet_mw":null,"operator":null}},{"type":"Feature","geometry":{"type":"Point","coordinates":[12.72376,56.81829]},"properties":{"namn":null,"typ":"distribution","spanning_kv":132.0,"volt_klass":2,"kapacitet_mw":null,"operator":null}},{"type":"Feature","geometry":{"type":"Point","coordinates":[18.14098,59.30805]},"properties":{"namn":null,"typ":null,"spanning_kv":null,"volt_klass":0,"kapacitet_mw":null,"operator":null}},{"type":"Feature","geometry":{"type":"Point","coordinates":[11.95813,57.54937]},"properties":{"namn":null,"typ":"distribution","spanning_kv":null,"volt_klass":0,"kapacitet_mw":null,"operator":null}},{"type":"Feature","geometry":{"type":"Point","coordinates":[18.20311,59.31458]},"properties":{"namn":null,"typ":null,"spanning_kv":null,"volt_klass":0,"kapacitet_mw":null,"operator":null}},{"type":"Feature","geometry":{"type":"Point","coordinates":[18.02674,59.30162]},"properties":{"namn":null,"typ":"minor_distribution","spanning_kv":null,"volt_klass":0,"kapacitet_mw":null,"operator":null}},{"type":"Feature","geometry":{"type":"Point","coordinates":[18.28206,59.33295]},"properties":{"namn":null,"typ":null,"spanning_kv":null,"volt_klass":0,"kapacitet_mw":null,"operator":null}},{"type":"Feature","geometry":{"type":"Point","coordinates":[18.27255,59.30238]},"properties":{"namn":null,"typ":null,"spanning_kv":null,"volt_klass":0,"kapacitet_mw":null,"operator":null}},{"type":"Feature","geometry":{"type":"Point","coordinates":[18.2749,59.35447]},"properties":{"namn":null,"typ":null,"spanning_kv":null,"volt_klass":0,"kapacitet_mw":null,"operator":null}},{"type":"Feature","geometry":{"type":"Point","coordinates":[18.04246,59.46582]},"properties":{"namn":null,"typ":"minor_distribution","spanning_kv":null,"volt_klass":0,"kapacitet_mw":null,"operator":null}},{"type":"Feature","geometry":{"type":"Point","coordinates":[20.49111,65.45971]},"properties":{"namn":null,"typ":null,"spanning_kv":null,"volt_klass":0,"kapacitet_mw":null,"operator":null}},{"type":"Feature","geometry":{"type":"Point","coordinates":[18.03427,59.46524]},"properties":{"namn":null,"typ":"minor_distribution","spanning_kv":null,"volt_klass":0,"kapacitet_mw":null,"operator":null}},{"type":"Feature","geometry":{"type":"Point","coordinates":[15.62555,60.60171]},"properties":{"namn":null,"typ":"minor_distribution","spanning_kv":null,"volt_klass":0,"kapacitet_mw":null,"operator":null}},{"type":"Feature","geometry":{"type":"Point","coordinates":[18.22711,59.31518]},"properties":{"namn":null,"typ":"minor_distribution","spanning_kv":null,"volt_klass":0,"kapacitet_mw":null,"operator":null}},{"type":"Feature","geometry":{"type":"Point","coordinates":[18.22757,59.30967]},"properties":{"namn":null,"typ":"minor_distribution","spanning_kv":null,"volt_klass":0,"kapacitet_mw":null,"operator":null}},{"type":"Feature","geometry":{"type":"Point","coordinates":[18.27697,59.329]},"properties":{"namn":null,"typ":"minor_distribution","spanning_kv":null,"volt_klass":0,"kapacitet_mw":null,"operator":null}},{"type":"Feature","geometry":{"type":"Point","coordinates":[18.05538,59.49387]},"properties":{"namn":null,"typ":null,"spanning_kv":null,"volt_klass":0,"kapacitet_mw":null,"operator":null}},{"type":"Feature","geometry":{"type":"Point","coordinates":[18.03373,59.45954]},"properties":{"namn":null,"typ":"distribution","spanning_kv":null,"volt_klass":0,"kapacitet_mw":null,"operator":null}},{"type":"Feature","geometry":{"type":"Point","coordinates":[15.62963,60.60148]},"properties":{"namn":null,"typ":"minor_distribution","spanning_kv":null,"volt_klass":0,"kapacitet_mw":null,"operator":null}},{"type":"Feature","geometry":{"type":"Point","coordinates":[12.71596,56.92868]},"properties":{"namn":null,"typ":"distribution","spanning_kv":132.0,"volt_klass":2,"kapacitet_mw":null,"operator":null}},{"type":"Feature","geometry":{"type":"Point","coordinates":[15.82198,63.66552]},"properties":{"namn":"Stamåsen vindpark","typ":"transmission","spanning_kv":132.0,"volt_klass":2,"kapacitet_mw":null,"operator":null}},{"type":"Feature","geometry":{"type":"Point","coordinates":[15.96176,63.4942]},"properties":{"namn":"Ögonfägnaden vindpark","typ":"transmission","spanning_kv":132.0,"volt_klass":2,"kapacitet_mw":null,"operator":null}},{"type":"Feature","geometry":{"type":"Point","coordinates":[16.16951,63.4127]},"properties":{"namn":"Björkhöjden vindpark","typ":"transmission","spanning_kv":132.0,"volt_klass":2,"kapacitet_mw":null,"operator":null}},{"type":"Feature","geometry":{"type":"Point","coordinates":[17.05372,62.28434]},"properties":{"namn":null,"typ":null,"spanning_kv":null,"volt_klass":0,"kapacitet_mw":null,"operator":null}},{"type":"Feature","geometry":{"type":"Point","coordinates":[11.37631,58.75917]},"properties":{"namn":null,"typ":null,"spanning_kv":132.0,"volt_klass":2,"kapacitet_mw":null,"operator":null}},{"type":"Feature","geometry":{"type":"Point","coordinates":[17.84404,59.4237]},"properties":{"namn":null,"typ":"minor_distribution","spanning_kv":null,"volt_klass":0,"kapacitet_mw":null,"operator":null}},{"type":"Feature","geometry":{"type":"Point","coordinates":[17.82557,59.42349]},"properties":{"namn":null,"typ":"minor_distribution","spanning_kv":null,"volt_klass":0,"kapacitet_mw":null,"operator":null}},{"type":"Feature","geometry":{"type":"Point","coordinates":[13.50906,59.37682]},"properties":{"namn":null,"typ":"minor_distribution","spanning_kv":null,"volt_klass":0,"kapacitet_mw":null,"operator":null}},{"type":"Feature","geometry":{"type":"Point","coordinates":[12.35069,57.06367]},"properties":{"namn":null,"typ":null,"spanning_kv":null,"volt_klass":0,"kapacitet_mw":null,"operator":null}},{"type":"Feature","geometry":{"type":"Point","coordinates":[13.59979,56.44545]},"properties":{"namn":null,"typ":"distribution","spanning_kv":45.0,"volt_klass":1,"kapacitet_mw":null,"operator":null}},{"type":"Feature","geometry":{"type":"Point","coordinates":[14.12085,59.29258]},"properties":{"namn":null,"typ":"distribution","spanning_kv":45.0,"volt_klass":1,"kapacitet_mw":null,"operator":null}},{"type":"Feature","geometry":{"type":"Point","coordinates":[16.1298,60.13113]},"properties":{"namn":null,"typ":null,"spanning_kv":null,"volt_klass":0,"kapacitet_mw":null,"operator":null}},{"type":"Feature","geometry":{"type":"Point","coordinates":[13.11846,56.95054]},"properties":{"namn":null,"typ":"distribution","spanning_kv":132.0,"volt_klass":2,"kapacitet_mw":null,"operator":null}},{"type":"Feature","geometry":{"type":"Point","coordinates":[20.26828,63.83262]},"properties":{"namn":null,"typ":"minor_distribution","spanning_kv":null,"volt_klass":0,"kapacitet_mw":null,"operator":null}},{"type":"Feature","geometry":{"type":"Point","coordinates":[18.36958,59.3223]},"properties":{"namn":null,"typ":"minor_distribution","spanning_kv":null,"volt_klass":0,"kapacitet_mw":null,"operator":null}},{"type":"Feature","geometry":{"type":"Point","coordinates":[14.15466,58.40308]},"properties":{"namn":null,"typ":null,"spanning_kv":null,"volt_klass":0,"kapacitet_mw":null,"operator":null}},{"type":"Feature","geometry":{"type":"Point","coordinates":[18.1023,59.35681]},"properties":{"namn":null,"typ":"yes","spanning_kv":null,"volt_klass":0,"kapacitet_mw":null,"operator":null}},{"type":"Feature","geometry":{"type":"Point","coordinates":[18.23593,59.2949]},"properties":{"namn":null,"typ":"traction","spanning_kv":null,"volt_klass":0,"kapacitet_mw":null,"operator":null}},{"type":"Feature","geometry":{"type":"Point","coordinates":[18.10621,59.35097]},"properties":{"namn":null,"typ":"yes","spanning_kv":null,"volt_klass":0,"kapacitet_mw":null,"operator":null}},{"type":"Feature","geometry":{"type":"Point","coordinates":[14.95537,56.53316]},"properties":{"namn":null,"typ":null,"spanning_kv":null,"volt_klass":0,"kapacitet_mw":null,"operator":null}},{"type":"Feature","geometry":{"type":"Point","coordinates":[12.99853,55.56677]},"properties":{"namn":null,"typ":null,"spanning_kv":null,"volt_klass":0,"kapacitet_mw":null,"operator":null}},{"type":"Feature","geometry":{"type":"Point","coordinates":[12.99881,55.56736]},"properties":{"namn":null,"typ":null,"spanning_kv":null,"volt_klass":0,"kapacitet_mw":null,"operator":null}},{"type":"Feature","geometry":{"type":"Point","coordinates":[14.6263,61.13788]},"properties":{"namn":null,"typ":null,"spanning_kv":null,"volt_klass":0,"kapacitet_mw":null,"operator":null}},{"type":"Feature","geometry":{"type":"Point","coordinates":[15.98773,59.49478]},"properties":{"namn":null,"typ":null,"spanning_kv":130.0,"volt_klass":2,"kapacitet_mw":null,"operator":null}},{"type":"Feature","geometry":{"type":"Point","coordinates":[17.155,60.69854]},"properties":{"namn":null,"typ":null,"spanning_kv":null,"volt_klass":0,"kapacitet_mw":null,"operator":"Gavle Energi"}},{"type":"Feature","geometry":{"type":"Point","coordinates":[18.22808,59.32203]},"properties":{"namn":null,"typ":null,"spanning_kv":null,"volt_klass":0,"kapacitet_mw":null,"operator":null}},{"type":"Feature","geometry":{"type":"Point","coordinates":[14.73398,56.91099]},"properties":{"namn":null,"typ":null,"spanning_kv":null,"volt_klass":0,"kapacitet_mw":null,"operator":null}},{"type":"Feature","geometry":{"type":"Point","coordinates":[16.84566,59.45086]},"properties":{"namn":null,"typ":null,"spanning_kv":null,"volt_klass":0,"kapacitet_mw":null,"operator":null}},{"type":"Feature","geometry":{"type":"Point","coordinates":[12.83115,61.88825]},"properties":{"namn":null,"typ":null,"spanning_kv":50.0,"volt_klass":2,"kapacitet_mw":null,"operator":null}},{"type":"Feature","geometry":{"type":"Point","coordinates":[18.03563,59.41889]},"properties":{"namn":"CityLink Anneberg-Skanstull","typ":null,"spanning_kv":null,"volt_klass":0,"kapacitet_mw":null,"operator":null}},{"type":"Feature","geometry":{"type":"Point","coordinates":[18.03582,59.41827]},"properties":{"namn":null,"typ":null,"spanning_kv":null,"volt_klass":0,"kapacitet_mw":null,"operator":null}},{"type":"Feature","geometry":{"type":"Point","coordinates":[18.03546,59.41834]},"properties":{"namn":null,"typ":null,"spanning_kv":null,"volt_klass":0,"kapacitet_mw":null,"operator":null}},{"type":"Feature","geometry":{"type":"Point","coordinates":[18.03504,59.41841]},"properties":{"namn":null,"typ":null,"spanning_kv":null,"volt_klass":0,"kapacitet_mw":null,"operator":null}},{"type":"Feature","geometry":{"type":"Point","coordinates":[12.78711,56.38464]},"properties":{"namn":"Grevie","typ":"distribution","spanning_kv":132.0,"volt_klass":2,"kapacitet_mw":null,"operator":null}},{"type":"Feature","geometry":{"type":"Point","coordinates":[18.43764,59.33352]},"properties":{"namn":null,"typ":"distribution","spanning_kv":null,"volt_klass":0,"kapacitet_mw":null,"operator":null}},{"type":"Feature","geometry":{"type":"Point","coordinates":[17.85798,60.53209]},"properties":{"namn":null,"typ":null,"spanning_kv":null,"volt_klass":0,"kapacitet_mw":null,"operator":null}},{"type":"Feature","geometry":{"type":"Point","coordinates":[16.97275,62.36123]},"properties":{"namn":null,"typ":null,"spanning_kv":null,"volt_klass":0,"kapacitet_mw":null,"operator":null}},{"type":"Feature","geometry":{"type":"Point","coordinates":[20.33931,64.79096]},"properties":{"namn":null,"typ":null,"spanning_kv":130.0,"volt_klass":2,"kapacitet_mw":null,"operator":null}},{"type":"Feature","geometry":{"type":"Point","coordinates":[17.13531,60.63551]},"properties":{"namn":null,"typ":null,"spanning_kv":null,"volt_klass":0,"kapacitet_mw":null,"operator":null}},{"type":"Feature","geometry":{"type":"Point","coordinates":[13.4654,55.72738]},"properties":{"namn":null,"typ":null,"spanning_kv":null,"volt_klass":0,"kapacitet_mw":null,"operator":null}},{"type":"Feature","geometry":{"type":"Point","coordinates":[13.46256,55.72546]},"properties":{"namn":null,"typ":null,"spanning_kv":null,"volt_klass":0,"kapacitet_mw":null,"operator":null}},{"type":"Feature","geometry":{"type":"Point","coordinates":[13.46693,55.7285]},"properties":{"namn":null,"typ":null,"spanning_kv":null,"volt_klass":0,"kapacitet_mw":null,"operator":null}},{"type":"Feature","geometry":{"type":"Point","coordinates":[12.20577,57.69236]},"properties":{"namn":null,"typ":"distribution","spanning_kv":45.0,"volt_klass":1,"kapacitet_mw":null,"operator":null}},{"type":"Feature","geometry":{"type":"Point","coordinates":[17.93504,62.64727]},"properties":{"namn":null,"typ":null,"spanning_kv":null,"volt_klass":0,"kapacitet_mw":null,"operator":null}},{"type":"Feature","geometry":{"type":"Point","coordinates":[17.03845,60.66092]},"properties":{"namn":null,"typ":null,"spanning_kv":null,"volt_klass":0,"kapacitet_mw":null,"operator":null}},{"type":"Feature","geometry":{"type":"Point","coordinates":[17.82566,59.46241]},"properties":{"namn":"Kallhäll","typ":null,"spanning_kv":null,"volt_klass":0,"kapacitet_mw":null,"operator":null}},{"type":"Feature","geometry":{"type":"Point","coordinates":[13.10715,57.72487]},"properties":{"namn":null,"typ":"distribution","spanning_kv":45.0,"volt_klass":1,"kapacitet_mw":null,"operator":null}},{"type":"Feature","geometry":{"type":"Point","coordinates":[12.83446,55.87976]},"properties":{"namn":null,"typ":null,"spanning_kv":null,"volt_klass":0,"kapacitet_mw":null,"operator":null}},{"type":"Feature","geometry":{"type":"Point","coordinates":[12.40303,62.5375]},"properties":{"namn":null,"typ":null,"spanning_kv":null,"volt_klass":0,"kapacitet_mw":null,"operator":null}},{"type":"Feature","geometry":{"type":"Point","coordinates":[12.01565,57.66211]},"properties":{"namn":null,"typ":"minor_distribution","spanning_kv":null,"volt_klass":0,"kapacitet_mw":null,"operator":null}},{"type":"Feature","geometry":{"type":"Point","coordinates":[12.85571,57.71241]},"properties":{"namn":null,"typ":"transmission","spanning_kv":132.0,"volt_klass":2,"kapacitet_mw":null,"operator":null}},{"type":"Feature","geometry":{"type":"Point","coordinates":[18.08012,59.28003]},"properties":{"namn":null,"typ":null,"spanning_kv":null,"volt_klass":0,"kapacitet_mw":null,"operator":null}},{"type":"Feature","geometry":{"type":"Point","coordinates":[21.67328,65.80752]},"properties":{"namn":null,"typ":null,"spanning_kv":null,"volt_klass":0,"kapacitet_mw":null,"operator":null}},{"type":"Feature","geometry":{"type":"Point","coordinates":[18.16019,59.31299]},"properties":{"namn":null,"typ":"yes","spanning_kv":null,"volt_klass":0,"kapacitet_mw":null,"operator":null}},{"type":"Feature","geometry":{"type":"Point","coordinates":[16.01607,59.49688]},"properties":{"namn":null,"typ":null,"spanning_kv":130.0,"volt_klass":2,"kapacitet_mw":null,"operator":null}},{"type":"Feature","geometry":{"type":"Point","coordinates":[15.9892,59.50859]},"properties":{"namn":null,"typ":null,"spanning_kv":130.0,"volt_klass":2,"kapacitet_mw":null,"operator":null}},{"type":"Feature","geometry":{"type":"Point","coordinates":[16.08855,59.42747]},"properties":{"namn":null,"typ":null,"spanning_kv":null,"volt_klass":0,"kapacitet_mw":null,"operator":null}},{"type":"Feature","geometry":{"type":"Point","coordinates":[15.95539,59.43881]},"properties":{"namn":null,"typ":null,"spanning_kv":null,"volt_klass":0,"kapacitet_mw":null,"operator":null}},{"type":"Feature","geometry":{"type":"Point","coordinates":[15.80473,59.62082]},"properties":{"namn":null,"typ":null,"spanning_kv":null,"volt_klass":0,"kapacitet_mw":null,"operator":null}},{"type":"Feature","geometry":{"type":"Point","coordinates":[21.45061,65.3163]},"properties":{"namn":null,"typ":null,"spanning_kv":null,"volt_klass":0,"kapacitet_mw":null,"operator":null}},{"type":"Feature","geometry":{"type":"Point","coordinates":[21.51175,65.28255]},"properties":{"namn":null,"typ":null,"spanning_kv":null,"volt_klass":0,"kapacitet_mw":null,"operator":null}},{"type":"Feature","geometry":{"type":"Point","coordinates":[21.50934,65.27437]},"properties":{"namn":null,"typ":null,"spanning_kv":null,"volt_klass":0,"kapacitet_mw":null,"operator":null}},{"type":"Feature","geometry":{"type":"Point","coordinates":[21.48256,65.28311]},"properties":{"namn":null,"typ":null,"spanning_kv":null,"volt_klass":0,"kapacitet_mw":null,"operator":null}},{"type":"Feature","geometry":{"type":"Point","coordinates":[18.08465,59.28902]},"properties":{"namn":null,"typ":"yes","spanning_kv":null,"volt_klass":0,"kapacitet_mw":null,"operator":null}},{"type":"Feature","geometry":{"type":"Point","coordinates":[12.57844,61.89355]},"properties":{"namn":null,"typ":null,"spanning_kv":null,"volt_klass":0,"kapacitet_mw":null,"operator":null}},{"type":"Feature","geometry":{"type":"Point","coordinates":[18.2329,59.31671]},"properties":{"namn":null,"typ":null,"spanning_kv":null,"volt_klass":0,"kapacitet_mw":null,"operator":null}},{"type":"Feature","geometry":{"type":"Point","coordinates":[16.85916,59.94376]},"properties":{"namn":null,"typ":"minor_distribution","spanning_kv":null,"volt_klass":0,"kapacitet_mw":null,"operator":"Sala-Heby Energi"}},{"type":"Feature","geometry":{"type":"Point","coordinates":[16.86341,59.9446]},"properties":{"namn":null,"typ":"distribution","spanning_kv":10.0,"volt_klass":1,"kapacitet_mw":null,"operator":"Sala-Heby Energi"}},{"type":"Feature","geometry":{"type":"Point","coordinates":[17.05483,59.90222]},"properties":{"namn":null,"typ":null,"spanning_kv":null,"volt_klass":0,"kapacitet_mw":null,"operator":null}},{"type":"Feature","geometry":{"type":"Point","coordinates":[16.94403,60.16717]},"properties":{"namn":null,"typ":"distribution","spanning_kv":null,"volt_klass":0,"kapacitet_mw":null,"operator":"Vattenfall"}},{"type":"Feature","geometry":{"type":"Point","coordinates":[16.86499,59.93486]},"properties":{"namn":null,"typ":"minor_distribution","spanning_kv":null,"volt_klass":0,"kapacitet_mw":null,"operator":"Sala-Heby Energi"}},{"type":"Feature","geometry":{"type":"Point","coordinates":[16.86112,59.93639]},"properties":{"namn":null,"typ":"minor_distribution","spanning_kv":null,"volt_klass":0,"kapacitet_mw":null,"operator":"Sala-Heby Energi"}},{"type":"Feature","geometry":{"type":"Point","coordinates":[16.85765,59.93686]},"properties":{"namn":null,"typ":"minor_distribution","spanning_kv":null,"volt_klass":0,"kapacitet_mw":null,"operator":"Sala-Heby Energi"}},{"type":"Feature","geometry":{"type":"Point","coordinates":[16.86763,59.93805]},"properties":{"namn":null,"typ":"minor_distribution","spanning_kv":null,"volt_klass":0,"kapacitet_mw":null,"operator":"Sala-Heby Energi"}},{"type":"Feature","geometry":{"type":"Point","coordinates":[16.8627,59.94188]},"properties":{"namn":null,"typ":"minor_distribution","spanning_kv":null,"volt_klass":0,"kapacitet_mw":null,"operator":"Sala-Heby Energi"}},{"type":"Feature","geometry":{"type":"Point","coordinates":[16.8559,59.92856]},"properties":{"namn":null,"typ":"minor_distribution","spanning_kv":null,"volt_klass":0,"kapacitet_mw":null,"operator":"Sala-Heby Energi"}},{"type":"Feature","geometry":{"type":"Point","coordinates":[16.85226,59.92416]},"properties":{"namn":null,"typ":"minor_distribution","spanning_kv":null,"volt_klass":0,"kapacitet_mw":null,"operator":"Sala-Heby Energi"}},{"type":"Feature","geometry":{"type":"Point","coordinates":[16.84331,59.91822]},"properties":{"namn":null,"typ":"minor_distribution","spanning_kv":null,"volt_klass":0,"kapacitet_mw":null,"operator":"Sala-Heby Energi"}},{"type":"Feature","geometry":{"type":"Point","coordinates":[16.91929,59.93554]},"properties":{"namn":null,"typ":"minor_distribution","spanning_kv":null,"volt_klass":0,"kapacitet_mw":null,"operator":"Sala-Heby Energi"}},{"type":"Feature","geometry":{"type":"Point","coordinates":[18.08237,59.21707]},"properties":{"namn":null,"typ":null,"spanning_kv":null,"volt_klass":0,"kapacitet_mw":null,"operator":null}},{"type":"Feature","geometry":{"type":"Point","coordinates":[18.29346,59.31172]},"properties":{"namn":null,"typ":null,"spanning_kv":null,"volt_klass":0,"kapacitet_mw":null,"operator":null}},{"type":"Feature","geometry":{"type":"Point","coordinates":[18.01681,59.26153]},"properties":{"namn":null,"typ":null,"spanning_kv":null,"volt_klass":0,"kapacitet_mw":null,"operator":null}},{"type":"Feature","geometry":{"type":"Point","coordinates":[16.92231,59.9186]},"properties":{"namn":null,"typ":"minor_distribution","spanning_kv":null,"volt_klass":0,"kapacitet_mw":null,"operator":"Sala-Heby Energi"}},{"type":"Feature","geometry":{"type":"Point","coordinates":[16.90952,59.91245]},"properties":{"namn":null,"typ":"minor_distribution","spanning_kv":null,"volt_klass":0,"kapacitet_mw":null,"operator":"Sala-Heby Energi"}},{"type":"Feature","geometry":{"type":"Point","coordinates":[16.84321,59.94187]},"properties":{"namn":null,"typ":"minor_distribution","spanning_kv":null,"volt_klass":0,"kapacitet_mw":null,"operator":null}},{"type":"Feature","geometry":{"type":"Point","coordinates":[16.84581,59.94145]},"properties":{"namn":null,"typ":"minor_distribution","spanning_kv":null,"volt_klass":0,"kapacitet_mw":null,"operator":"Sala-Heby Energi"}},{"type":"Feature","geometry":{"type":"Point","coordinates":[16.85448,59.94357]},"properties":{"namn":null,"typ":"minor_distribution","spanning_kv":null,"volt_klass":0,"kapacitet_mw":null,"operator":"Sala-Heby Energi"}},{"type":"Feature","geometry":{"type":"Point","coordinates":[16.83396,59.94408]},"properties":{"namn":null,"typ":"minor_distribution","spanning_kv":null,"volt_klass":0,"kapacitet_mw":null,"operator":"Sala-Heby Energi"}},{"type":"Feature","geometry":{"type":"Point","coordinates":[16.83514,59.94022]},"properties":{"namn":null,"typ":"minor_distribution","spanning_kv":null,"volt_klass":0,"kapacitet_mw":null,"operator":"Sala-Heby Energi"}},{"type":"Feature","geometry":{"type":"Point","coordinates":[16.85055,59.93909]},"properties":{"namn":null,"typ":"minor_distribution","spanning_kv":null,"volt_klass":0,"kapacitet_mw":null,"operator":"Sala-Heby Energi"}},{"type":"Feature","geometry":{"type":"Point","coordinates":[16.84864,59.93692]},"properties":{"namn":null,"typ":"minor_distribution","spanning_kv":null,"volt_klass":0,"kapacitet_mw":null,"operator":"Sala-Heby Energi"}},{"type":"Feature","geometry":{"type":"Point","coordinates":[15.62367,60.60498]},"properties":{"namn":null,"typ":"minor_distribution","spanning_kv":null,"volt_klass":0,"kapacitet_mw":null,"operator":null}},{"type":"Feature","geometry":{"type":"Point","coordinates":[15.62464,60.60707]},"properties":{"namn":null,"typ":"minor_distribution","spanning_kv":null,"volt_klass":0,"kapacitet_mw":null,"operator":null}},{"type":"Feature","geometry":{"type":"Point","coordinates":[15.65879,60.59867]},"properties":{"namn":null,"typ":"minor_distribution","spanning_kv":null,"volt_klass":0,"kapacitet_mw":null,"operator":null}},{"type":"Feature","geometry":{"type":"Point","coordinates":[16.8503,59.931]},"properties":{"namn":null,"typ":"minor_distribution","spanning_kv":null,"volt_klass":0,"kapacitet_mw":null,"operator":"Sala-Heby Energi"}},{"type":"Feature","geometry":{"type":"Point","coordinates":[16.85275,59.93537]},"properties":{"namn":null,"typ":"minor_distribution","spanning_kv":null,"volt_klass":0,"kapacitet_mw":null,"operator":"Sala-Heby Energi"}},{"type":"Feature","geometry":{"type":"Point","coordinates":[17.48456,58.92023]},"properties":{"namn":null,"typ":null,"spanning_kv":null,"volt_klass":0,"kapacitet_mw":null,"operator":null}},{"type":"Feature","geometry":{"type":"Point","coordinates":[12.02588,57.79652]},"properties":{"namn":null,"typ":"distribution","spanning_kv":null,"volt_klass":0,"kapacitet_mw":null,"operator":null}},{"type":"Feature","geometry":{"type":"Point","coordinates":[16.86322,59.955]},"properties":{"namn":null,"typ":"minor_distribution","spanning_kv":null,"volt_klass":0,"kapacitet_mw":null,"operator":"Sala-Heby Energi"}},{"type":"Feature","geometry":{"type":"Point","coordinates":[16.86113,59.95122]},"properties":{"namn":null,"typ":"minor_distribution","spanning_kv":null,"volt_klass":0,"kapacitet_mw":null,"operator":"Sala-Heby Energi"}},{"type":"Feature","geometry":{"type":"Point","coordinates":[16.85702,59.9403]},"properties":{"namn":null,"typ":"minor_distribution","spanning_kv":null,"volt_klass":0,"kapacitet_mw":null,"operator":"Sala-Heby Energi"}},{"type":"Feature","geometry":{"type":"Point","coordinates":[11.85373,57.67712]},"properties":{"namn":null,"typ":"distribution","spanning_kv":null,"volt_klass":0,"kapacitet_mw":null,"operator":null}},{"type":"Feature","geometry":{"type":"Point","coordinates":[16.84607,59.93457]},"properties":{"namn":null,"typ":"minor_distribution","spanning_kv":null,"volt_klass":0,"kapacitet_mw":null,"operator":"Sala-Heby Energi"}},{"type":"Feature","geometry":{"type":"Point","coordinates":[16.84533,59.99481]},"properties":{"namn":null,"typ":"minor_distribution","spanning_kv":null,"volt_klass":0,"kapacitet_mw":null,"operator":"Sala-Heby Energi"}},{"type":"Feature","geometry":{"type":"Point","coordinates":[16.85505,59.96057]},"properties":{"namn":null,"typ":"minor_distribution","spanning_kv":null,"volt_klass":0,"kapacitet_mw":null,"operator":"Sala-Heby Energi"}},{"type":"Feature","geometry":{"type":"Point","coordinates":[15.6347,60.597]},"properties":{"namn":null,"typ":"minor_distribution","spanning_kv":null,"volt_klass":0,"kapacitet_mw":null,"operator":null}},{"type":"Feature","geometry":{"type":"Point","coordinates":[16.20529,59.7032]},"properties":{"namn":null,"typ":null,"spanning_kv":null,"volt_klass":0,"kapacitet_mw":null,"operator":null}},{"type":"Feature","geometry":{"type":"Point","coordinates":[16.21869,59.70091]},"properties":{"namn":null,"typ":null,"spanning_kv":130.0,"volt_klass":2,"kapacitet_mw":null,"operator":null}},{"type":"Feature","geometry":{"type":"Point","coordinates":[17.21738,60.66796]},"properties":{"namn":null,"typ":null,"spanning_kv":null,"volt_klass":0,"kapacitet_mw":null,"operator":null}},{"type":"Feature","geometry":{"type":"Point","coordinates":[16.87192,59.93504]},"properties":{"namn":null,"typ":"minor_distribution","spanning_kv":null,"volt_klass":0,"kapacitet_mw":null,"operator":"Sala-Heby Energi"}},{"type":"Feature","geometry":{"type":"Point","coordinates":[15.60961,58.42863]},"properties":{"namn":null,"typ":null,"spanning_kv":null,"volt_klass":0,"kapacitet_mw":null,"operator":null}},{"type":"Feature","geometry":{"type":"Point","coordinates":[15.60508,58.42988]},"properties":{"namn":null,"typ":null,"spanning_kv":null,"volt_klass":0,"kapacitet_mw":null,"operator":null}},{"type":"Feature","geometry":{"type":"Point","coordinates":[14.00706,57.1974]},"properties":{"namn":null,"typ":"minor_distribution","spanning_kv":null,"volt_klass":0,"kapacitet_mw":null,"operator":null}},{"type":"Feature","geometry":{"type":"Point","coordinates":[17.23692,60.68189]},"properties":{"namn":null,"typ":null,"spanning_kv":null,"volt_klass":0,"kapacitet_mw":null,"operator":null}},{"type":"Feature","geometry":{"type":"Point","coordinates":[18.69492,59.18743]},"properties":{"namn":null,"typ":null,"spanning_kv":null,"volt_klass":0,"kapacitet_mw":null,"operator":null}},{"type":"Feature","geometry":{"type":"Point","coordinates":[17.02543,60.6535]},"properties":{"namn":null,"typ":null,"spanning_kv":130.0,"volt_klass":2,"kapacitet_mw":null,"operator":null}},{"type":"Feature","geometry":{"type":"Point","coordinates":[17.03958,60.65175]},"properties":{"namn":null,"typ":null,"spanning_kv":null,"volt_klass":0,"kapacitet_mw":null,"operator":null}},{"type":"Feature","geometry":{"type":"Point","coordinates":[16.86077,58.64029]},"properties":{"namn":null,"typ":null,"spanning_kv":null,"volt_klass":0,"kapacitet_mw":null,"operator":null}},{"type":"Feature","geometry":{"type":"Point","coordinates":[17.4398,60.21161]},"properties":{"namn":null,"typ":null,"spanning_kv":null,"volt_klass":0,"kapacitet_mw":null,"operator":null}},{"type":"Feature","geometry":{"type":"Point","coordinates":[11.66452,58.02189]},"properties":{"namn":null,"typ":"distribution","spanning_kv":45.0,"volt_klass":1,"kapacitet_mw":null,"operator":null}},{"type":"Feature","geometry":{"type":"Point","coordinates":[16.23325,60.32215]},"properties":{"namn":null,"typ":null,"spanning_kv":132.0,"volt_klass":2,"kapacitet_mw":null,"operator":null}},{"type":"Feature","geometry":{"type":"Point","coordinates":[18.65866,64.57265]},"properties":{"namn":null,"typ":null,"spanning_kv":null,"volt_klass":0,"kapacitet_mw":null,"operator":null}},{"type":"Feature","geometry":{"type":"Point","coordinates":[11.47204,58.15605]},"properties":{"namn":null,"typ":"distribution","spanning_kv":45.0,"volt_klass":1,"kapacitet_mw":null,"operator":null}},{"type":"Feature","geometry":{"type":"Point","coordinates":[18.09587,65.64634]},"properties":{"namn":null,"typ":null,"spanning_kv":null,"volt_klass":0,"kapacitet_mw":null,"operator":null}},{"type":"Feature","geometry":{"type":"Point","coordinates":[11.73607,58.05409]},"properties":{"namn":null,"typ":"distribution","spanning_kv":45.0,"volt_klass":1,"kapacitet_mw":null,"operator":null}},{"type":"Feature","geometry":{"type":"Point","coordinates":[12.589,59.6531]},"properties":{"namn":null,"typ":"minor_distribution","spanning_kv":null,"volt_klass":0,"kapacitet_mw":null,"operator":null}},{"type":"Feature","geometry":{"type":"Point","coordinates":[12.59163,59.6524]},"properties":{"namn":null,"typ":"minor_distribution","spanning_kv":null,"volt_klass":0,"kapacitet_mw":null,"operator":null}},{"type":"Feature","geometry":{"type":"Point","coordinates":[11.56455,57.99982]},"properties":{"namn":null,"typ":"distribution","spanning_kv":45.0,"volt_klass":1,"kapacitet_mw":null,"operator":null}},{"type":"Feature","geometry":{"type":"Point","coordinates":[17.99907,59.25704]},"properties":{"namn":null,"typ":null,"spanning_kv":null,"volt_klass":0,"kapacitet_mw":null,"operator":null}},{"type":"Feature","geometry":{"type":"Point","coordinates":[11.73908,58.25809]},"properties":{"namn":null,"typ":"distribution","spanning_kv":45.0,"volt_klass":1,"kapacitet_mw":null,"operator":null}},{"type":"Feature","geometry":{"type":"Point","coordinates":[18.10747,59.47465]},"properties":{"namn":null,"typ":null,"spanning_kv":null,"volt_klass":0,"kapacitet_mw":null,"operator":null}},{"type":"Feature","geometry":{"type":"Point","coordinates":[18.18372,65.58881]},"properties":{"namn":"Slagsnäs","typ":null,"spanning_kv":null,"volt_klass":0,"kapacitet_mw":null,"operator":null}},{"type":"Feature","geometry":{"type":"Point","coordinates":[16.83148,59.96058]},"properties":{"namn":null,"typ":"minor_distribution","spanning_kv":null,"volt_klass":0,"kapacitet_mw":null,"operator":"Sala-Heby Energi"}},{"type":"Feature","geometry":{"type":"Point","coordinates":[13.42529,60.79575]},"properties":{"namn":null,"typ":"generation","spanning_kv":50.0,"volt_klass":2,"kapacitet_mw":null,"operator":null}},{"type":"Feature","geometry":{"type":"Point","coordinates":[16.86724,59.94115]},"properties":{"namn":null,"typ":"minor_distribution","spanning_kv":null,"volt_klass":0,"kapacitet_mw":null,"operator":"Sala-Heby Energi"}},{"type":"Feature","geometry":{"type":"Point","coordinates":[16.87192,59.93737]},"properties":{"namn":null,"typ":"minor_distribution","spanning_kv":null,"volt_klass":0,"kapacitet_mw":null,"operator":"Sala-Heby Energi"}},{"type":"Feature","geometry":{"type":"Point","coordinates":[16.83685,59.95609]},"properties":{"namn":null,"typ":"minor_distribution","spanning_kv":null,"volt_klass":0,"kapacitet_mw":null,"operator":"Sala-Heby Energi"}},{"type":"Feature","geometry":{"type":"Point","coordinates":[16.79905,59.97313]},"properties":{"namn":null,"typ":"minor_distribution","spanning_kv":null,"volt_klass":0,"kapacitet_mw":null,"operator":"Sala-Heby Energi"}},{"type":"Feature","geometry":{"type":"Point","coordinates":[16.86005,59.95415]},"properties":{"namn":null,"typ":"minor_distribution","spanning_kv":null,"volt_klass":0,"kapacitet_mw":null,"operator":"Sala-Heby Energi"}},{"type":"Feature","geometry":{"type":"Point","coordinates":[16.94038,59.94889]},"properties":{"namn":null,"typ":"minor_distribution","spanning_kv":null,"volt_klass":0,"kapacitet_mw":null,"operator":"Sala-Heby Energi"}},{"type":"Feature","geometry":{"type":"Point","coordinates":[16.8201,59.96377]},"properties":{"namn":null,"typ":"minor_distribution","spanning_kv":null,"volt_klass":0,"kapacitet_mw":null,"operator":"Sala-Heby Energi"}},{"type":"Feature","geometry":{"type":"Point","coordinates":[11.71797,58.38791]},"properties":{"namn":null,"typ":"transmission","spanning_kv":45.0,"volt_klass":1,"kapacitet_mw":null,"operator":null}},{"type":"Feature","geometry":{"type":"Point","coordinates":[16.58612,62.42394]},"properties":{"namn":null,"typ":null,"spanning_kv":null,"volt_klass":0,"kapacitet_mw":null,"operator":null}},{"type":"Feature","geometry":{"type":"Point","coordinates":[11.82846,58.35223]},"properties":{"namn":null,"typ":"distribution","spanning_kv":45.0,"volt_klass":1,"kapacitet_mw":null,"operator":null}},{"type":"Feature","geometry":{"type":"Point","coordinates":[15.54141,63.86229]},"properties":{"namn":null,"typ":null,"spanning_kv":null,"volt_klass":0,"kapacitet_mw":null,"operator":null}},{"type":"Feature","geometry":{"type":"Point","coordinates":[16.89883,59.93423]},"properties":{"namn":null,"typ":"minor_distribution","spanning_kv":null,"volt_klass":0,"kapacitet_mw":null,"operator":"Sala-Heby Energi"}},{"type":"Feature","geometry":{"type":"Point","coordinates":[16.88847,59.92105]},"properties":{"namn":null,"typ":"minor_distribution","spanning_kv":null,"volt_klass":0,"kapacitet_mw":null,"operator":"Sala-Heby Energi"}},{"type":"Feature","geometry":{"type":"Point","coordinates":[16.94441,59.93776]},"properties":{"namn":null,"typ":"minor_distribution","spanning_kv":null,"volt_klass":0,"kapacitet_mw":null,"operator":"Sala-Heby Energi"}},{"type":"Feature","geometry":{"type":"Point","coordinates":[14.20342,58.19135]},"properties":{"namn":"Gällö","typ":null,"spanning_kv":130.0,"volt_klass":2,"kapacitet_mw":null,"operator":null}},{"type":"Feature","geometry":{"type":"Point","coordinates":[14.04053,58.81176]},"properties":{"namn":null,"typ":null,"spanning_kv":null,"volt_klass":0,"kapacitet_mw":null,"operator":null}},{"type":"Feature","geometry":{"type":"Point","coordinates":[13.8955,58.52606]},"properties":{"namn":null,"typ":null,"spanning_kv":null,"volt_klass":0,"kapacitet_mw":null,"operator":null}},{"type":"Feature","geometry":{"type":"Point","coordinates":[21.26154,64.67303]},"properties":{"namn":null,"typ":null,"spanning_kv":null,"volt_klass":0,"kapacitet_mw":null,"operator":null}},{"type":"Feature","geometry":{"type":"Point","coordinates":[16.80573,59.99945]},"properties":{"namn":null,"typ":"minor_distribution","spanning_kv":null,"volt_klass":0,"kapacitet_mw":null,"operator":"Sala-Heby Energi"}},{"type":"Feature","geometry":{"type":"Point","coordinates":[16.79189,59.99254]},"properties":{"namn":null,"typ":"minor_distribution","spanning_kv":null,"volt_klass":0,"kapacitet_mw":null,"operator":"Sala-Heby Energi"}},{"type":"Feature","geometry":{"type":"Point","coordinates":[16.7906,59.98201]},"properties":{"namn":null,"typ":"minor_distribution","spanning_kv":null,"volt_klass":0,"kapacitet_mw":null,"operator":"Sala-Heby Energi"}},{"type":"Feature","geometry":{"type":"Point","coordinates":[19.89007,63.62206]},"properties":{"namn":null,"typ":null,"spanning_kv":null,"volt_klass":0,"kapacitet_mw":null,"operator":null}},{"type":"Feature","geometry":{"type":"Point","coordinates":[19.50232,63.58109]},"properties":{"namn":null,"typ":null,"spanning_kv":null,"volt_klass":0,"kapacitet_mw":null,"operator":null}},{"type":"Feature","geometry":{"type":"Point","coordinates":[18.52895,63.20027]},"properties":{"namn":null,"typ":null,"spanning_kv":null,"volt_klass":0,"kapacitet_mw":null,"operator":null}},{"type":"Feature","geometry":{"type":"Point","coordinates":[15.63597,60.59157]},"properties":{"namn":null,"typ":"minor_distribution","spanning_kv":null,"volt_klass":0,"kapacitet_mw":null,"operator":null}},{"type":"Feature","geometry":{"type":"Point","coordinates":[12.08796,57.6848]},"properties":{"namn":null,"typ":null,"spanning_kv":null,"volt_klass":0,"kapacitet_mw":null,"operator":null}},{"type":"Feature","geometry":{"type":"Point","coordinates":[17.74644,63.15457]},"properties":{"namn":null,"typ":null,"spanning_kv":null,"volt_klass":0,"kapacitet_mw":null,"operator":null}},{"type":"Feature","geometry":{"type":"Point","coordinates":[17.77204,63.02626]},"properties":{"namn":null,"typ":null,"spanning_kv":null,"volt_klass":0,"kapacitet_mw":null,"operator":null}},{"type":"Feature","geometry":{"type":"Point","coordinates":[17.76009,63.02312]},"properties":{"namn":null,"typ":null,"spanning_kv":null,"volt_klass":0,"kapacitet_mw":null,"operator":null}},{"type":"Feature","geometry":{"type":"Point","coordinates":[13.52761,59.95544]},"properties":{"namn":null,"typ":null,"spanning_kv":null,"volt_klass":0,"kapacitet_mw":null,"operator":null}},{"type":"Feature","geometry":{"type":"Point","coordinates":[20.62783,65.43337]},"properties":{"namn":null,"typ":null,"spanning_kv":null,"volt_klass":0,"kapacitet_mw":null,"operator":null}},{"type":"Feature","geometry":{"type":"Point","coordinates":[20.83394,65.36539]},"properties":{"namn":null,"typ":null,"spanning_kv":null,"volt_klass":0,"kapacitet_mw":null,"operator":null}},{"type":"Feature","geometry":{"type":"Point","coordinates":[19.41427,63.53908]},"properties":{"namn":null,"typ":null,"spanning_kv":130.0,"volt_klass":2,"kapacitet_mw":null,"operator":null}},{"type":"Feature","geometry":{"type":"Point","coordinates":[16.4966,62.41845]},"properties":{"namn":null,"typ":null,"spanning_kv":null,"volt_klass":0,"kapacitet_mw":null,"operator":null}},{"type":"Feature","geometry":{"type":"Point","coordinates":[17.99719,59.38237]},"properties":{"namn":null,"typ":null,"spanning_kv":null,"volt_klass":0,"kapacitet_mw":null,"operator":null}},{"type":"Feature","geometry":{"type":"Point","coordinates":[19.4013,63.58519]},"properties":{"namn":null,"typ":null,"spanning_kv":130.0,"volt_klass":2,"kapacitet_mw":null,"operator":null}},{"type":"Feature","geometry":{"type":"Point","coordinates":[12.09983,57.60489]},"properties":{"namn":null,"typ":"minor_distribution","spanning_kv":null,"volt_klass":0,"kapacitet_mw":null,"operator":null}},{"type":"Feature","geometry":{"type":"Point","coordinates":[16.61925,59.62108]},"properties":{"namn":null,"typ":null,"spanning_kv":null,"volt_klass":0,"kapacitet_mw":null,"operator":null}},{"type":"Feature","geometry":{"type":"Point","coordinates":[12.80281,59.75289]},"properties":{"namn":null,"typ":"distribution","spanning_kv":45.0,"volt_klass":1,"kapacitet_mw":null,"operator":null}},{"type":"Feature","geometry":{"type":"Point","coordinates":[14.29212,55.94919]},"properties":{"namn":null,"typ":null,"spanning_kv":null,"volt_klass":0,"kapacitet_mw":null,"operator":null}},{"type":"Feature","geometry":{"type":"Point","coordinates":[13.86768,58.46382]},"properties":{"namn":null,"typ":null,"spanning_kv":null,"volt_klass":0,"kapacitet_mw":null,"operator":null}},{"type":"Feature","geometry":{"type":"Point","coordinates":[12.02204,57.66109]},"properties":{"namn":null,"typ":"minor_distribution","spanning_kv":null,"volt_klass":0,"kapacitet_mw":null,"operator":null}},{"type":"Feature","geometry":{"type":"Point","coordinates":[19.60289,65.26883]},"properties":{"namn":null,"typ":null,"spanning_kv":null,"volt_klass":0,"kapacitet_mw":null,"operator":null}},{"type":"Feature","geometry":{"type":"Point","coordinates":[15.68719,60.5945]},"properties":{"namn":null,"typ":"minor_distribution","spanning_kv":null,"volt_klass":0,"kapacitet_mw":null,"operator":null}},{"type":"Feature","geometry":{"type":"Point","coordinates":[16.64994,61.03316]},"properties":{"namn":"Grönviken","typ":null,"spanning_kv":400.0,"volt_klass":4,"kapacitet_mw":null,"operator":null}},{"type":"Feature","geometry":{"type":"Point","coordinates":[16.49248,61.05545]},"properties":{"namn":null,"typ":null,"spanning_kv":null,"volt_klass":0,"kapacitet_mw":null,"operator":null}},{"type":"Feature","geometry":{"type":"Point","coordinates":[17.0291,60.9408]},"properties":{"namn":null,"typ":null,"spanning_kv":130.0,"volt_klass":2,"kapacitet_mw":null,"operator":null}},{"type":"Feature","geometry":{"type":"Point","coordinates":[14.99714,60.92923]},"properties":{"namn":null,"typ":null,"spanning_kv":null,"volt_klass":0,"kapacitet_mw":null,"operator":null}},{"type":"Feature","geometry":{"type":"Point","coordinates":[15.62379,58.41823]},"properties":{"namn":null,"typ":null,"spanning_kv":null,"volt_klass":0,"kapacitet_mw":null,"operator":null}},{"type":"Feature","geometry":{"type":"Point","coordinates":[18.09488,59.53365]},"properties":{"namn":null,"typ":null,"spanning_kv":null,"volt_klass":0,"kapacitet_mw":null,"operator":null}},{"type":"Feature","geometry":{"type":"Point","coordinates":[15.62664,60.60345]},"properties":{"namn":null,"typ":"minor_distribution","spanning_kv":null,"volt_klass":0,"kapacitet_mw":null,"operator":null}},{"type":"Feature","geometry":{"type":"Point","coordinates":[15.68536,59.83139]},"properties":{"namn":null,"typ":null,"spanning_kv":130.0,"volt_klass":2,"kapacitet_mw":null,"operator":null}},{"type":"Feature","geometry":{"type":"Point","coordinates":[15.67332,59.83058]},"properties":{"namn":null,"typ":null,"spanning_kv":null,"volt_klass":0,"kapacitet_mw":null,"operator":null}},{"type":"Feature","geometry":{"type":"Point","coordinates":[18.10139,59.54398]},"properties":{"namn":null,"typ":null,"spanning_kv":null,"volt_klass":0,"kapacitet_mw":null,"operator":null}},{"type":"Feature","geometry":{"type":"Point","coordinates":[15.61481,58.41491]},"properties":{"namn":null,"typ":null,"spanning_kv":null,"volt_klass":0,"kapacitet_mw":null,"operator":null}},{"type":"Feature","geometry":{"type":"Point","coordinates":[18.1002,59.52846]},"properties":{"namn":null,"typ":null,"spanning_kv":null,"volt_klass":0,"kapacitet_mw":null,"operator":null}},{"type":"Feature","geometry":{"type":"Point","coordinates":[16.00558,64.15914]},"properties":{"namn":null,"typ":null,"spanning_kv":null,"volt_klass":0,"kapacitet_mw":null,"operator":null}},{"type":"Feature","geometry":{"type":"Point","coordinates":[14.48771,59.74972]},"properties":{"namn":null,"typ":null,"spanning_kv":null,"volt_klass":0,"kapacitet_mw":null,"operator":null}},{"type":"Feature","geometry":{"type":"Point","coordinates":[20.09555,65.62951]},"properties":{"namn":null,"typ":null,"spanning_kv":null,"volt_klass":0,"kapacitet_mw":null,"operator":null}},{"type":"Feature","geometry":{"type":"Point","coordinates":[15.70805,59.84609]},"properties":{"namn":"Skinnskatteberg","typ":"traction","spanning_kv":132.0,"volt_klass":2,"kapacitet_mw":null,"operator":null}},{"type":"Feature","geometry":{"type":"Point","coordinates":[18.62907,64.62786]},"properties":{"namn":"Bålforsens kraftstation","typ":null,"spanning_kv":null,"volt_klass":0,"kapacitet_mw":null,"operator":null}},{"type":"Feature","geometry":{"type":"Point","coordinates":[17.75452,59.47651]},"properties":{"namn":null,"typ":null,"spanning_kv":null,"volt_klass":0,"kapacitet_mw":null,"operator":"Mälarkraft"}},{"type":"Feature","geometry":{"type":"Point","coordinates":[16.77869,59.99991]},"properties":{"namn":null,"typ":"minor_distribution","spanning_kv":null,"volt_klass":0,"kapacitet_mw":null,"operator":"Sala-Heby Energi"}},{"type":"Feature","geometry":{"type":"Point","coordinates":[16.76967,60.00573]},"properties":{"namn":null,"typ":"minor_distribution","spanning_kv":null,"volt_klass":0,"kapacitet_mw":null,"operator":"Sala-Heby Energi"}},{"type":"Feature","geometry":{"type":"Point","coordinates":[17.75684,59.48376]},"properties":{"namn":null,"typ":null,"spanning_kv":null,"volt_klass":0,"kapacitet_mw":null,"operator":"Eon SE"}},{"type":"Feature","geometry":{"type":"Point","coordinates":[15.56539,58.39516]},"properties":{"namn":null,"typ":null,"spanning_kv":null,"volt_klass":0,"kapacitet_mw":null,"operator":null}},{"type":"Feature","geometry":{"type":"Point","coordinates":[12.62018,59.6569]},"properties":{"namn":null,"typ":"distribution","spanning_kv":132.0,"volt_klass":2,"kapacitet_mw":null,"operator":null}},{"type":"Feature","geometry":{"type":"Point","coordinates":[16.37174,61.34273]},"properties":{"namn":null,"typ":null,"spanning_kv":130.0,"volt_klass":2,"kapacitet_mw":null,"operator":null}},{"type":"Feature","geometry":{"type":"Point","coordinates":[18.03969,59.49226]},"properties":{"namn":null,"typ":null,"spanning_kv":null,"volt_klass":0,"kapacitet_mw":null,"operator":null}},{"type":"Feature","geometry":{"type":"Point","coordinates":[16.93369,62.54195]},"properties":{"namn":null,"typ":null,"spanning_kv":400.0,"volt_klass":4,"kapacitet_mw":null,"operator":null}},{"type":"Feature","geometry":{"type":"Point","coordinates":[16.84289,62.54898]},"properties":{"namn":null,"typ":null,"spanning_kv":null,"volt_klass":0,"kapacitet_mw":null,"operator":null}},{"type":"Feature","geometry":{"type":"Point","coordinates":[16.35137,62.46885]},"properties":{"namn":null,"typ":null,"spanning_kv":null,"volt_klass":0,"kapacitet_mw":null,"operator":null}},{"type":"Feature","geometry":{"type":"Point","coordinates":[13.18724,55.68357]},"properties":{"namn":"N 220 Norra Knädtorpsvägen","typ":"minor_distribution","spanning_kv":null,"volt_klass":0,"kapacitet_mw":null,"operator":null}},{"type":"Feature","geometry":{"type":"Point","coordinates":[18.05009,59.25398]},"properties":{"namn":"Station Snösätra","typ":null,"spanning_kv":400.0,"volt_klass":4,"kapacitet_mw":null,"operator":null}},{"type":"Feature","geometry":{"type":"Point","coordinates":[21.58946,67.66439]},"properties":{"namn":null,"typ":null,"spanning_kv":null,"volt_klass":0,"kapacitet_mw":null,"operator":null}},{"type":"Feature","geometry":{"type":"Point","coordinates":[21.10171,64.7377]},"properties":{"namn":null,"typ":null,"spanning_kv":null,"volt_klass":0,"kapacitet_mw":null,"operator":null}},{"type":"Feature","geometry":{"type":"Point","coordinates":[14.48212,60.9151]},"properties":{"namn":null,"typ":"generation","spanning_kv":null,"volt_klass":0,"kapacitet_mw":null,"operator":null}},{"type":"Feature","geometry":{"type":"Point","coordinates":[16.55242,58.74453]},"properties":{"namn":null,"typ":null,"spanning_kv":null,"volt_klass":0,"kapacitet_mw":null,"operator":null}},{"type":"Feature","geometry":{"type":"Point","coordinates":[16.96482,62.69682]},"properties":{"namn":null,"typ":null,"spanning_kv":null,"volt_klass":0,"kapacitet_mw":null,"operator":null}},{"type":"Feature","geometry":{"type":"Point","coordinates":[17.09696,61.70245]},"properties":{"namn":null,"typ":null,"spanning_kv":null,"volt_klass":0,"kapacitet_mw":null,"operator":null}},{"type":"Feature","geometry":{"type":"Point","coordinates":[15.85793,59.03102]},"properties":{"namn":null,"typ":"distribution","spanning_kv":null,"volt_klass":0,"kapacitet_mw":null,"operator":null}},{"type":"Feature","geometry":{"type":"Point","coordinates":[15.62203,60.60925]},"properties":{"namn":null,"typ":"minor_distribution","spanning_kv":null,"volt_klass":0,"kapacitet_mw":null,"operator":null}},{"type":"Feature","geometry":{"type":"Point","coordinates":[15.62356,60.61248]},"properties":{"namn":null,"typ":"minor_distribution","spanning_kv":null,"volt_klass":0,"kapacitet_mw":null,"operator":null}},{"type":"Feature","geometry":{"type":"Point","coordinates":[15.64621,60.59388]},"properties":{"namn":null,"typ":"minor_distribution","spanning_kv":null,"volt_klass":0,"kapacitet_mw":null,"operator":null}},{"type":"Feature","geometry":{"type":"Point","coordinates":[15.65699,60.59689]},"properties":{"namn":null,"typ":"minor_distribution","spanning_kv":null,"volt_klass":0,"kapacitet_mw":null,"operator":null}},{"type":"Feature","geometry":{"type":"Point","coordinates":[15.65361,60.59602]},"properties":{"namn":null,"typ":"minor_distribution","spanning_kv":null,"volt_klass":0,"kapacitet_mw":null,"operator":null}},{"type":"Feature","geometry":{"type":"Point","coordinates":[15.66601,60.59856]},"properties":{"namn":null,"typ":null,"spanning_kv":null,"volt_klass":0,"kapacitet_mw":null,"operator":null}},{"type":"Feature","geometry":{"type":"Point","coordinates":[18.79986,57.70928]},"properties":{"namn":null,"typ":null,"spanning_kv":null,"volt_klass":0,"kapacitet_mw":null,"operator":null}},{"type":"Feature","geometry":{"type":"Point","coordinates":[16.96424,62.53791]},"properties":{"namn":null,"typ":null,"spanning_kv":null,"volt_klass":0,"kapacitet_mw":null,"operator":null}},{"type":"Feature","geometry":{"type":"Point","coordinates":[16.11694,56.58904]},"properties":{"namn":null,"typ":null,"spanning_kv":null,"volt_klass":0,"kapacitet_mw":null,"operator":null}},{"type":"Feature","geometry":{"type":"Point","coordinates":[15.63997,60.59601]},"properties":{"namn":null,"typ":"minor_distribution","spanning_kv":null,"volt_klass":0,"kapacitet_mw":null,"operator":null}},{"type":"Feature","geometry":{"type":"Point","coordinates":[15.64105,60.5892]},"properties":{"namn":null,"typ":"minor_distribution","spanning_kv":null,"volt_klass":0,"kapacitet_mw":null,"operator":null}},{"type":"Feature","geometry":{"type":"Point","coordinates":[15.60684,60.60348]},"properties":{"namn":null,"typ":"minor_distribution","spanning_kv":null,"volt_klass":0,"kapacitet_mw":null,"operator":null}},{"type":"Feature","geometry":{"type":"Point","coordinates":[15.62079,60.6038]},"properties":{"namn":null,"typ":"minor_distribution","spanning_kv":null,"volt_klass":0,"kapacitet_mw":null,"operator":null}},{"type":"Feature","geometry":{"type":"Point","coordinates":[15.4421,60.48317]},"properties":{"namn":null,"typ":"minor_distribution","spanning_kv":null,"volt_klass":0,"kapacitet_mw":null,"operator":null}},{"type":"Feature","geometry":{"type":"Point","coordinates":[15.46456,60.48419]},"properties":{"namn":null,"typ":"minor_distribution","spanning_kv":null,"volt_klass":0,"kapacitet_mw":null,"operator":null}},{"type":"Feature","geometry":{"type":"Point","coordinates":[12.69958,61.8534]},"properties":{"namn":"Idre","typ":null,"spanning_kv":130.0,"volt_klass":2,"kapacitet_mw":null,"operator":null}},{"type":"Feature","geometry":{"type":"Point","coordinates":[14.25588,57.7737]},"properties":{"namn":null,"typ":null,"spanning_kv":null,"volt_klass":0,"kapacitet_mw":null,"operator":null}},{"type":"Feature","geometry":{"type":"Point","coordinates":[17.95682,59.21432]},"properties":{"namn":null,"typ":null,"spanning_kv":null,"volt_klass":0,"kapacitet_mw":null,"operator":null}},{"type":"Feature","geometry":{"type":"Point","coordinates":[16.23698,56.68535]},"properties":{"namn":null,"typ":null,"spanning_kv":null,"volt_klass":0,"kapacitet_mw":null,"operator":null}},{"type":"Feature","geometry":{"type":"Point","coordinates":[15.19506,56.80105]},"properties":{"namn":null,"typ":"minor_distribution","spanning_kv":null,"volt_klass":0,"kapacitet_mw":null,"operator":null}},{"type":"Feature","geometry":{"type":"Point","coordinates":[15.63983,60.60442]},"properties":{"namn":null,"typ":"minor_distribution","spanning_kv":null,"volt_klass":0,"kapacitet_mw":null,"operator":null}},{"type":"Feature","geometry":{"type":"Point","coordinates":[16.56257,62.76954]},"properties":{"namn":null,"typ":null,"spanning_kv":null,"volt_klass":0,"kapacitet_mw":null,"operator":null}},{"type":"Feature","geometry":{"type":"Point","coordinates":[13.93434,60.36175]},"properties":{"namn":null,"typ":null,"spanning_kv":130.0,"volt_klass":2,"kapacitet_mw":null,"operator":null}},{"type":"Feature","geometry":{"type":"Point","coordinates":[15.63372,60.58377]},"properties":{"namn":null,"typ":"minor_distribution","spanning_kv":null,"volt_klass":0,"kapacitet_mw":null,"operator":null}},{"type":"Feature","geometry":{"type":"Point","coordinates":[15.61104,60.57727]},"properties":{"namn":null,"typ":"minor_distribution","spanning_kv":null,"volt_klass":0,"kapacitet_mw":null,"operator":null}},{"type":"Feature","geometry":{"type":"Point","coordinates":[15.4637,60.45826]},"properties":{"namn":null,"typ":"minor_distribution","spanning_kv":null,"volt_klass":0,"kapacitet_mw":null,"operator":null}},{"type":"Feature","geometry":{"type":"Point","coordinates":[16.85217,58.74612]},"properties":{"namn":null,"typ":null,"spanning_kv":null,"volt_klass":0,"kapacitet_mw":null,"operator":null}},{"type":"Feature","geometry":{"type":"Point","coordinates":[14.12104,60.8603]},"properties":{"namn":"Kättbo","typ":null,"spanning_kv":400.0,"volt_klass":4,"kapacitet_mw":null,"operator":null}},{"type":"Feature","geometry":{"type":"Point","coordinates":[11.91385,58.28875]},"properties":{"namn":null,"typ":"distribution","spanning_kv":45.0,"volt_klass":1,"kapacitet_mw":null,"operator":null}},{"type":"Feature","geometry":{"type":"Point","coordinates":[11.46736,58.11422]},"properties":{"namn":null,"typ":"distribution","spanning_kv":45.0,"volt_klass":1,"kapacitet_mw":null,"operator":"Västra Orusts Energitjänst"}},{"type":"Feature","geometry":{"type":"Point","coordinates":[14.76189,56.16748]},"properties":{"namn":null,"typ":"yes","spanning_kv":null,"volt_klass":0,"kapacitet_mw":null,"operator":null}},{"type":"Feature","geometry":{"type":"Point","coordinates":[11.95035,57.69724]},"properties":{"namn":null,"typ":"minor_distribution","spanning_kv":null,"volt_klass":0,"kapacitet_mw":null,"operator":null}},{"type":"Feature","geometry":{"type":"Point","coordinates":[14.19472,60.82714]},"properties":{"namn":null,"typ":null,"spanning_kv":null,"volt_klass":0,"kapacitet_mw":null,"operator":null}},{"type":"Feature","geometry":{"type":"Point","coordinates":[16.34485,56.6727]},"properties":{"namn":null,"typ":"minor_distribution","spanning_kv":null,"volt_klass":0,"kapacitet_mw":null,"operator":"Kalmar Energi"}},{"type":"Feature","geometry":{"type":"Point","coordinates":[16.70965,62.77173]},"properties":{"namn":null,"typ":null,"spanning_kv":null,"volt_klass":0,"kapacitet_mw":null,"operator":null}},{"type":"Feature","geometry":{"type":"Point","coordinates":[15.6367,60.58516]},"properties":{"namn":null,"typ":"minor_distribution","spanning_kv":null,"volt_klass":0,"kapacitet_mw":null,"operator":null}},{"type":"Feature","geometry":{"type":"Point","coordinates":[15.63097,60.61751]},"properties":{"namn":null,"typ":"minor_distribution","spanning_kv":null,"volt_klass":0,"kapacitet_mw":null,"operator":null}},{"type":"Feature","geometry":{"type":"Point","coordinates":[15.71178,60.58872]},"properties":{"namn":null,"typ":"minor_distribution","spanning_kv":null,"volt_klass":0,"kapacitet_mw":null,"operator":null}},{"type":"Feature","geometry":{"type":"Point","coordinates":[12.68979,56.04706]},"properties":{"namn":null,"typ":"minor_distribution","spanning_kv":null,"volt_klass":0,"kapacitet_mw":null,"operator":"Öresundskraft"}},{"type":"Feature","geometry":{"type":"Point","coordinates":[12.69057,56.047]},"properties":{"namn":null,"typ":"minor_distribution","spanning_kv":null,"volt_klass":0,"kapacitet_mw":null,"operator":"Öresundskraft"}},{"type":"Feature","geometry":{"type":"Point","coordinates":[12.68846,56.04922]},"properties":{"namn":null,"typ":"minor_distribution","spanning_kv":null,"volt_klass":0,"kapacitet_mw":null,"operator":"Öresundskraft"}},{"type":"Feature","geometry":{"type":"Point","coordinates":[12.68903,56.04844]},"properties":{"namn":null,"typ":"minor_distribution","spanning_kv":null,"volt_klass":0,"kapacitet_mw":null,"operator":"Öresundskraft"}},{"type":"Feature","geometry":{"type":"Point","coordinates":[12.69101,56.0454]},"properties":{"namn":null,"typ":"minor_distribution","spanning_kv":null,"volt_klass":0,"kapacitet_mw":null,"operator":"Öresundskraft"}},{"type":"Feature","geometry":{"type":"Point","coordinates":[12.68773,56.05035]},"properties":{"namn":null,"typ":"minor_distribution","spanning_kv":null,"volt_klass":0,"kapacitet_mw":null,"operator":"Öresundskraft"}},{"type":"Feature","geometry":{"type":"Point","coordinates":[12.68659,56.05145]},"properties":{"namn":null,"typ":"minor_distribution","spanning_kv":null,"volt_klass":0,"kapacitet_mw":null,"operator":"Öresundskraft"}},{"type":"Feature","geometry":{"type":"Point","coordinates":[15.66077,60.60666]},"properties":{"namn":null,"typ":"minor_distribution","spanning_kv":null,"volt_klass":0,"kapacitet_mw":null,"operator":null}},{"type":"Feature","geometry":{"type":"Point","coordinates":[15.65071,60.5741]},"properties":{"namn":null,"typ":"minor_distribution","spanning_kv":null,"volt_klass":0,"kapacitet_mw":null,"operator":null}},{"type":"Feature","geometry":{"type":"Point","coordinates":[15.64946,60.5713]},"properties":{"namn":null,"typ":"minor_distribution","spanning_kv":null,"volt_klass":0,"kapacitet_mw":null,"operator":null}},{"type":"Feature","geometry":{"type":"Point","coordinates":[11.79784,57.89529]},"properties":{"namn":null,"typ":null,"spanning_kv":null,"volt_klass":0,"kapacitet_mw":null,"operator":null}},{"type":"Feature","geometry":{"type":"Point","coordinates":[12.4025,57.11483]},"properties":{"namn":"Grimeton","typ":"distribution","spanning_kv":55.0,"volt_klass":2,"kapacitet_mw":null,"operator":null}},{"type":"Feature","geometry":{"type":"Point","coordinates":[12.65247,57.48771]},"properties":{"namn":null,"typ":"distribution","spanning_kv":45.0,"volt_klass":1,"kapacitet_mw":null,"operator":null}},{"type":"Feature","geometry":{"type":"Point","coordinates":[13.84652,58.40245]},"properties":{"namn":null,"typ":"minor_distribution","spanning_kv":null,"volt_klass":0,"kapacitet_mw":null,"operator":null}},{"type":"Feature","geometry":{"type":"Point","coordinates":[13.96154,55.86241]},"properties":{"namn":null,"typ":null,"spanning_kv":null,"volt_klass":0,"kapacitet_mw":null,"operator":null}},{"type":"Feature","geometry":{"type":"Point","coordinates":[16.53264,61.87251]},"properties":{"namn":null,"typ":null,"spanning_kv":null,"volt_klass":0,"kapacitet_mw":null,"operator":null}},{"type":"Feature","geometry":{"type":"Point","coordinates":[14.01469,57.19736]},"properties":{"namn":null,"typ":"minor_distribution","spanning_kv":null,"volt_klass":0,"kapacitet_mw":null,"operator":null}},{"type":"Feature","geometry":{"type":"Point","coordinates":[14.01083,57.19386]},"properties":{"namn":null,"typ":"minor_distribution","spanning_kv":null,"volt_klass":0,"kapacitet_mw":null,"operator":null}},{"type":"Feature","geometry":{"type":"Point","coordinates":[16.742,60.61081]},"properties":{"namn":null,"typ":null,"spanning_kv":null,"volt_klass":0,"kapacitet_mw":null,"operator":null}},{"type":"Feature","geometry":{"type":"Point","coordinates":[14.84501,56.20679]},"properties":{"namn":null,"typ":null,"spanning_kv":null,"volt_klass":0,"kapacitet_mw":null,"operator":null}},{"type":"Feature","geometry":{"type":"Point","coordinates":[15.62286,60.5756]},"properties":{"namn":null,"typ":"minor_distribution","spanning_kv":null,"volt_klass":0,"kapacitet_mw":null,"operator":null}},{"type":"Feature","geometry":{"type":"Point","coordinates":[15.69311,58.36661]},"properties":{"namn":null,"typ":null,"spanning_kv":null,"volt_klass":0,"kapacitet_mw":null,"operator":null}},{"type":"Feature","geometry":{"type":"Point","coordinates":[15.70893,58.36764]},"properties":{"namn":null,"typ":null,"spanning_kv":null,"volt_klass":0,"kapacitet_mw":null,"operator":null}},{"type":"Feature","geometry":{"type":"Point","coordinates":[15.70878,58.36759]},"properties":{"namn":null,"typ":null,"spanning_kv":null,"volt_klass":0,"kapacitet_mw":null,"operator":null}},{"type":"Feature","geometry":{"type":"Point","coordinates":[15.69816,58.3662]},"properties":{"namn":null,"typ":null,"spanning_kv":null,"volt_klass":0,"kapacitet_mw":null,"operator":null}},{"type":"Feature","geometry":{"type":"Point","coordinates":[14.68278,56.4222]},"properties":{"namn":null,"typ":null,"spanning_kv":null,"volt_klass":0,"kapacitet_mw":null,"operator":null}},{"type":"Feature","geometry":{"type":"Point","coordinates":[15.26671,56.23463]},"properties":{"namn":null,"typ":null,"spanning_kv":null,"volt_klass":0,"kapacitet_mw":null,"operator":null}},{"type":"Feature","geometry":{"type":"Point","coordinates":[18.03919,59.33214]},"properties":{"namn":null,"typ":null,"spanning_kv":null,"volt_klass":0,"kapacitet_mw":null,"operator":null}},{"type":"Feature","geometry":{"type":"Point","coordinates":[11.69118,58.4814]},"properties":{"namn":null,"typ":"industrial","spanning_kv":45.0,"volt_klass":1,"kapacitet_mw":null,"operator":null}},{"type":"Feature","geometry":{"type":"Point","coordinates":[16.2028,59.77472]},"properties":{"namn":null,"typ":"transmission","spanning_kv":130.0,"volt_klass":2,"kapacitet_mw":null,"operator":null}},{"type":"Feature","geometry":{"type":"Point","coordinates":[13.23189,55.71622]},"properties":{"namn":null,"typ":null,"spanning_kv":null,"volt_klass":0,"kapacitet_mw":null,"operator":null}},{"type":"Feature","geometry":{"type":"Point","coordinates":[11.96443,57.68174]},"properties":{"namn":null,"typ":"minor_distribution","spanning_kv":null,"volt_klass":0,"kapacitet_mw":null,"operator":null}},{"type":"Feature","geometry":{"type":"Point","coordinates":[14.80663,58.75725]},"properties":{"namn":null,"typ":null,"spanning_kv":null,"volt_klass":0,"kapacitet_mw":null,"operator":null}},{"type":"Feature","geometry":{"type":"Point","coordinates":[18.08644,59.29436]},"properties":{"namn":null,"typ":"minor_distribution","spanning_kv":null,"volt_klass":0,"kapacitet_mw":null,"operator":null}},{"type":"Feature","geometry":{"type":"Point","coordinates":[12.81594,57.26829]},"properties":{"namn":null,"typ":"distribution","spanning_kv":45.0,"volt_klass":1,"kapacitet_mw":null,"operator":null}},{"type":"Feature","geometry":{"type":"Point","coordinates":[11.2148,59.05752]},"properties":{"namn":null,"typ":"distribution","spanning_kv":45.0,"volt_klass":1,"kapacitet_mw":null,"operator":null}},{"type":"Feature","geometry":{"type":"Point","coordinates":[11.28377,58.85339]},"properties":{"namn":null,"typ":"distribution","spanning_kv":45.0,"volt_klass":1,"kapacitet_mw":null,"operator":null}},{"type":"Feature","geometry":{"type":"Point","coordinates":[13.83106,58.39617]},"properties":{"namn":null,"typ":"minor_distribution","spanning_kv":null,"volt_klass":0,"kapacitet_mw":null,"operator":null}},{"type":"Feature","geometry":{"type":"Point","coordinates":[13.47595,59.33271]},"properties":{"namn":null,"typ":"minor_distribution","spanning_kv":null,"volt_klass":0,"kapacitet_mw":null,"operator":null}},{"type":"Feature","geometry":{"type":"Point","coordinates":[11.85979,57.94742]},"properties":{"namn":null,"typ":null,"spanning_kv":null,"volt_klass":0,"kapacitet_mw":null,"operator":null}},{"type":"Feature","geometry":{"type":"Point","coordinates":[14.02503,57.19574]},"properties":{"namn":null,"typ":"minor_distribution","spanning_kv":null,"volt_klass":0,"kapacitet_mw":null,"operator":null}},{"type":"Feature","geometry":{"type":"Point","coordinates":[12.55959,57.55394]},"properties":{"namn":null,"typ":"distribution","spanning_kv":45.0,"volt_klass":1,"kapacitet_mw":null,"operator":null}},{"type":"Feature","geometry":{"type":"Point","coordinates":[14.76549,56.19574]},"properties":{"namn":null,"typ":null,"spanning_kv":null,"volt_klass":0,"kapacitet_mw":null,"operator":null}},{"type":"Feature","geometry":{"type":"Point","coordinates":[14.8197,56.18453]},"properties":{"namn":null,"typ":null,"spanning_kv":null,"volt_klass":0,"kapacitet_mw":null,"operator":null}},{"type":"Feature","geometry":{"type":"Point","coordinates":[14.83949,56.17258]},"properties":{"namn":null,"typ":null,"spanning_kv":null,"volt_klass":0,"kapacitet_mw":null,"operator":null}},{"type":"Feature","geometry":{"type":"Point","coordinates":[15.2245,56.28414]},"properties":{"namn":null,"typ":null,"spanning_kv":null,"volt_klass":0,"kapacitet_mw":null,"operator":null}},{"type":"Feature","geometry":{"type":"Point","coordinates":[15.26204,56.21666]},"properties":{"namn":null,"typ":null,"spanning_kv":null,"volt_klass":0,"kapacitet_mw":null,"operator":null}},{"type":"Feature","geometry":{"type":"Point","coordinates":[15.10225,56.24865]},"properties":{"namn":null,"typ":null,"spanning_kv":null,"volt_klass":0,"kapacitet_mw":null,"operator":null}},{"type":"Feature","geometry":{"type":"Point","coordinates":[14.48906,56.15436]},"properties":{"namn":null,"typ":null,"spanning_kv":null,"volt_klass":0,"kapacitet_mw":null,"operator":null}},{"type":"Feature","geometry":{"type":"Point","coordinates":[14.31271,56.40142]},"properties":{"namn":null,"typ":null,"spanning_kv":null,"volt_klass":0,"kapacitet_mw":null,"operator":null}},{"type":"Feature","geometry":{"type":"Point","coordinates":[13.85472,58.40694]},"properties":{"namn":null,"typ":"minor_distribution","spanning_kv":null,"volt_klass":0,"kapacitet_mw":null,"operator":null}},{"type":"Feature","geometry":{"type":"Point","coordinates":[13.84905,58.40167]},"properties":{"namn":null,"typ":"minor_distribution","spanning_kv":null,"volt_klass":0,"kapacitet_mw":null,"operator":null}},{"type":"Feature","geometry":{"type":"Point","coordinates":[13.85418,58.40429]},"properties":{"namn":null,"typ":"minor_distribution","spanning_kv":null,"volt_klass":0,"kapacitet_mw":null,"operator":null}},{"type":"Feature","geometry":{"type":"Point","coordinates":[14.15151,55.50141]},"properties":{"namn":null,"typ":null,"spanning_kv":null,"volt_klass":0,"kapacitet_mw":null,"operator":null}},{"type":"Feature","geometry":{"type":"Point","coordinates":[14.31085,57.75927]},"properties":{"namn":null,"typ":null,"spanning_kv":40.0,"volt_klass":1,"kapacitet_mw":null,"operator":null}},{"type":"Feature","geometry":{"type":"Point","coordinates":[12.60762,59.66206]},"properties":{"namn":null,"typ":"minor_distribution","spanning_kv":null,"volt_klass":0,"kapacitet_mw":null,"operator":null}},{"type":"Feature","geometry":{"type":"Point","coordinates":[13.52847,55.93093]},"properties":{"namn":null,"typ":null,"spanning_kv":null,"volt_klass":0,"kapacitet_mw":null,"operator":null}},{"type":"Feature","geometry":{"type":"Point","coordinates":[13.47133,55.94301]},"properties":{"namn":null,"typ":null,"spanning_kv":null,"volt_klass":0,"kapacitet_mw":null,"operator":null}},{"type":"Feature","geometry":{"type":"Point","coordinates":[13.67434,58.39967]},"properties":{"namn":null,"typ":null,"spanning_kv":null,"volt_klass":0,"kapacitet_mw":null,"operator":null}},{"type":"Feature","geometry":{"type":"Point","coordinates":[16.33923,60.79986]},"properties":{"namn":null,"typ":null,"spanning_kv":null,"volt_klass":0,"kapacitet_mw":null,"operator":null}},{"type":"Feature","geometry":{"type":"Point","coordinates":[16.38649,60.74575]},"properties":{"namn":null,"typ":null,"spanning_kv":null,"volt_klass":0,"kapacitet_mw":null,"operator":null}},{"type":"Feature","geometry":{"type":"Point","coordinates":[16.22121,60.79793]},"properties":{"namn":null,"typ":"yes","spanning_kv":null,"volt_klass":0,"kapacitet_mw":null,"operator":null}},{"type":"Feature","geometry":{"type":"Point","coordinates":[12.63537,59.64547]},"properties":{"namn":null,"typ":"distribution","spanning_kv":132.0,"volt_klass":2,"kapacitet_mw":null,"operator":null}},{"type":"Feature","geometry":{"type":"Point","coordinates":[21.68157,65.80162]},"properties":{"namn":null,"typ":null,"spanning_kv":130.0,"volt_klass":2,"kapacitet_mw":null,"operator":null}},{"type":"Feature","geometry":{"type":"Point","coordinates":[21.60901,65.81602]},"properties":{"namn":null,"typ":null,"spanning_kv":null,"volt_klass":0,"kapacitet_mw":null,"operator":null}},{"type":"Feature","geometry":{"type":"Point","coordinates":[12.9989,56.59152]},"properties":{"namn":null,"typ":"traction","spanning_kv":132.0,"volt_klass":2,"kapacitet_mw":null,"operator":null}},{"type":"Feature","geometry":{"type":"Point","coordinates":[12.6632,57.03426]},"properties":{"namn":"Ätrafors","typ":"distribution","spanning_kv":55.0,"volt_klass":2,"kapacitet_mw":null,"operator":null}},{"type":"Feature","geometry":{"type":"Point","coordinates":[13.82961,60.1449]},"properties":{"namn":null,"typ":null,"spanning_kv":null,"volt_klass":0,"kapacitet_mw":null,"operator":null}},{"type":"Feature","geometry":{"type":"Point","coordinates":[13.6574,56.75894]},"properties":{"namn":null,"typ":"distribution","spanning_kv":132.0,"volt_klass":2,"kapacitet_mw":null,"operator":null}},{"type":"Feature","geometry":{"type":"Point","coordinates":[15.14878,56.21112]},"properties":{"namn":null,"typ":null,"spanning_kv":null,"volt_klass":0,"kapacitet_mw":null,"operator":null}},{"type":"Feature","geometry":{"type":"Point","coordinates":[14.96061,56.19039]},"properties":{"namn":null,"typ":null,"spanning_kv":null,"volt_klass":0,"kapacitet_mw":null,"operator":null}},{"type":"Feature","geometry":{"type":"Point","coordinates":[16.97267,59.99462]},"properties":{"namn":null,"typ":"minor_distribution","spanning_kv":null,"volt_klass":0,"kapacitet_mw":null,"operator":"Sala-Heby Energi"}},{"type":"Feature","geometry":{"type":"Point","coordinates":[16.96618,60.00715]},"properties":{"namn":null,"typ":"minor_distribution","spanning_kv":null,"volt_klass":0,"kapacitet_mw":null,"operator":"Sala-Heby Energi"}},{"type":"Feature","geometry":{"type":"Point","coordinates":[18.08311,59.50722]},"properties":{"namn":null,"typ":null,"spanning_kv":null,"volt_klass":0,"kapacitet_mw":null,"operator":null}},{"type":"Feature","geometry":{"type":"Point","coordinates":[12.14921,58.13123]},"properties":{"namn":null,"typ":"distribution","spanning_kv":45.0,"volt_klass":1,"kapacitet_mw":null,"operator":null}},{"type":"Feature","geometry":{"type":"Point","coordinates":[14.99894,63.54269]},"properties":{"namn":null,"typ":null,"spanning_kv":null,"volt_klass":0,"kapacitet_mw":null,"operator":null}},{"type":"Feature","geometry":{"type":"Point","coordinates":[15.11924,63.53082]},"properties":{"namn":null,"typ":null,"spanning_kv":null,"volt_klass":0,"kapacitet_mw":null,"operator":null}},{"type":"Feature","geometry":{"type":"Point","coordinates":[13.49421,59.33593]},"properties":{"namn":null,"typ":"minor_distribution","spanning_kv":null,"volt_klass":0,"kapacitet_mw":null,"operator":null}},{"type":"Feature","geometry":{"type":"Point","coordinates":[14.07005,55.96742]},"properties":{"namn":null,"typ":null,"spanning_kv":null,"volt_klass":0,"kapacitet_mw":null,"operator":null}},{"type":"Feature","geometry":{"type":"Point","coordinates":[14.08406,56.26536]},"properties":{"namn":null,"typ":null,"spanning_kv":null,"volt_klass":0,"kapacitet_mw":null,"operator":null}},{"type":"Feature","geometry":{"type":"Point","coordinates":[14.07513,56.23517]},"properties":{"namn":null,"typ":null,"spanning_kv":null,"volt_klass":0,"kapacitet_mw":null,"operator":null}},{"type":"Feature","geometry":{"type":"Point","coordinates":[13.94712,56.12828]},"properties":{"namn":null,"typ":null,"spanning_kv":null,"volt_klass":0,"kapacitet_mw":null,"operator":null}},{"type":"Feature","geometry":{"type":"Point","coordinates":[14.11164,58.70593]},"properties":{"namn":null,"typ":null,"spanning_kv":null,"volt_klass":0,"kapacitet_mw":null,"operator":null}},{"type":"Feature","geometry":{"type":"Point","coordinates":[14.41306,58.68053]},"properties":{"namn":null,"typ":null,"spanning_kv":null,"volt_klass":0,"kapacitet_mw":null,"operator":null}},{"type":"Feature","geometry":{"type":"Point","coordinates":[14.19299,58.69325]},"properties":{"namn":null,"typ":null,"spanning_kv":null,"volt_klass":0,"kapacitet_mw":null,"operator":null}},{"type":"Feature","geometry":{"type":"Point","coordinates":[19.83508,66.95149]},"properties":{"namn":"Porjus","typ":"transmission","spanning_kv":400.0,"volt_klass":4,"kapacitet_mw":null,"operator":null}},{"type":"Feature","geometry":{"type":"Point","coordinates":[11.95512,57.68533]},"properties":{"namn":null,"typ":"minor_distribution","spanning_kv":null,"volt_klass":0,"kapacitet_mw":null,"operator":null}},{"type":"Feature","geometry":{"type":"Point","coordinates":[15.57572,56.26764]},"properties":{"namn":null,"typ":null,"spanning_kv":null,"volt_klass":0,"kapacitet_mw":null,"operator":null}},{"type":"Feature","geometry":{"type":"Point","coordinates":[12.4699,57.18031]},"properties":{"namn":null,"typ":"distribution","spanning_kv":55.0,"volt_klass":2,"kapacitet_mw":null,"operator":null}},{"type":"Feature","geometry":{"type":"Point","coordinates":[12.47196,58.99554]},"properties":{"namn":null,"typ":"distribution","spanning_kv":45.0,"volt_klass":1,"kapacitet_mw":null,"operator":null}},{"type":"Feature","geometry":{"type":"Point","coordinates":[12.9146,59.13805]},"properties":{"namn":null,"typ":"distribution","spanning_kv":45.0,"volt_klass":1,"kapacitet_mw":null,"operator":null}},{"type":"Feature","geometry":{"type":"Point","coordinates":[13.43856,59.37928]},"properties":{"namn":null,"typ":"distribution","spanning_kv":132.0,"volt_klass":2,"kapacitet_mw":null,"operator":null}},{"type":"Feature","geometry":{"type":"Point","coordinates":[13.41023,59.45892]},"properties":{"namn":null,"typ":"distribution","spanning_kv":45.0,"volt_klass":1,"kapacitet_mw":null,"operator":null}},{"type":"Feature","geometry":{"type":"Point","coordinates":[13.52957,59.32777]},"properties":{"namn":null,"typ":"distribution","spanning_kv":45.0,"volt_klass":1,"kapacitet_mw":null,"operator":null}},{"type":"Feature","geometry":{"type":"Point","coordinates":[13.49426,59.36356]},"properties":{"namn":null,"typ":"transition","spanning_kv":132.0,"volt_klass":2,"kapacitet_mw":null,"operator":null}},{"type":"Feature","geometry":{"type":"Point","coordinates":[12.79794,59.63871]},"properties":{"namn":null,"typ":"distribution","spanning_kv":132.0,"volt_klass":2,"kapacitet_mw":null,"operator":null}},{"type":"Feature","geometry":{"type":"Point","coordinates":[14.14153,59.3299]},"properties":{"namn":null,"typ":"traction","spanning_kv":132.0,"volt_klass":2,"kapacitet_mw":null,"operator":null}},{"type":"Feature","geometry":{"type":"Point","coordinates":[14.17557,59.17585]},"properties":{"namn":null,"typ":"distribution","spanning_kv":45.0,"volt_klass":1,"kapacitet_mw":null,"operator":null}},{"type":"Feature","geometry":{"type":"Point","coordinates":[14.18501,59.16012]},"properties":{"namn":null,"typ":"industrial","spanning_kv":45.0,"volt_klass":1,"kapacitet_mw":null,"operator":null}},{"type":"Feature","geometry":{"type":"Point","coordinates":[14.09955,59.33427]},"properties":{"namn":null,"typ":"distribution","spanning_kv":45.0,"volt_klass":1,"kapacitet_mw":null,"operator":null}},{"type":"Feature","geometry":{"type":"Point","coordinates":[12.69951,57.5091]},"properties":{"namn":null,"typ":"minor_distribution","spanning_kv":null,"volt_klass":0,"kapacitet_mw":null,"operator":null}},{"type":"Feature","geometry":{"type":"Point","coordinates":[12.9028,59.93593]},"properties":{"namn":null,"typ":"distribution","spanning_kv":132.0,"volt_klass":2,"kapacitet_mw":null,"operator":null}},{"type":"Feature","geometry":{"type":"Point","coordinates":[12.89599,59.92695]},"properties":{"namn":"Kymmens kraftverk","typ":"transmission","spanning_kv":132.0,"volt_klass":2,"kapacitet_mw":null,"operator":null}},{"type":"Feature","geometry":{"type":"Point","coordinates":[13.02734,59.77588]},"properties":{"namn":null,"typ":"transmission","spanning_kv":132.0,"volt_klass":2,"kapacitet_mw":null,"operator":null}},{"type":"Feature","geometry":{"type":"Point","coordinates":[15.09686,59.24084]},"properties":{"namn":null,"typ":"distribution","spanning_kv":132.0,"volt_klass":2,"kapacitet_mw":null,"operator":null}},{"type":"Feature","geometry":{"type":"Point","coordinates":[13.54748,59.84354]},"properties":{"namn":null,"typ":"industrial","spanning_kv":45.0,"volt_klass":1,"kapacitet_mw":null,"operator":null}},{"type":"Feature","geometry":{"type":"Point","coordinates":[14.22,58.45148]},"properties":{"namn":null,"typ":null,"spanning_kv":null,"volt_klass":0,"kapacitet_mw":null,"operator":null}},{"type":"Feature","geometry":{"type":"Point","coordinates":[12.8359,57.52137]},"properties":{"namn":null,"typ":"distribution","spanning_kv":45.0,"volt_klass":1,"kapacitet_mw":null,"operator":null}},{"type":"Feature","geometry":{"type":"Point","coordinates":[13.8278,58.40076]},"properties":{"namn":null,"typ":"minor_distribution","spanning_kv":null,"volt_klass":0,"kapacitet_mw":null,"operator":null}},{"type":"Feature","geometry":{"type":"Point","coordinates":[15.08676,65.73924]},"properties":{"namn":null,"typ":null,"spanning_kv":null,"volt_klass":0,"kapacitet_mw":null,"operator":null}},{"type":"Feature","geometry":{"type":"Point","coordinates":[15.71113,59.59973]},"properties":{"namn":null,"typ":null,"spanning_kv":null,"volt_klass":0,"kapacitet_mw":null,"operator":null}},{"type":"Feature","geometry":{"type":"Point","coordinates":[15.57062,59.81134]},"properties":{"namn":null,"typ":null,"spanning_kv":130.0,"volt_klass":2,"kapacitet_mw":null,"operator":null}},{"type":"Feature","geometry":{"type":"Point","coordinates":[16.04398,60.45001]},"properties":{"namn":"Långshyttan","typ":null,"spanning_kv":20.0,"volt_klass":1,"kapacitet_mw":null,"operator":null}},{"type":"Feature","geometry":{"type":"Point","coordinates":[17.67121,59.9515]},"properties":{"namn":"Ärentuna","typ":"yes","spanning_kv":null,"volt_klass":0,"kapacitet_mw":null,"operator":null}},{"type":"Feature","geometry":{"type":"Point","coordinates":[11.90893,57.71565]},"properties":{"namn":null,"typ":"minor_distribution","spanning_kv":null,"volt_klass":0,"kapacitet_mw":null,"operator":null}},{"type":"Feature","geometry":{"type":"Point","coordinates":[16.08062,60.04507]},"properties":{"namn":null,"typ":null,"spanning_kv":null,"volt_klass":0,"kapacitet_mw":null,"operator":null}},{"type":"Feature","geometry":{"type":"Point","coordinates":[15.94807,60.07862]},"properties":{"namn":null,"typ":null,"spanning_kv":null,"volt_klass":0,"kapacitet_mw":null,"operator":null}},{"type":"Feature","geometry":{"type":"Point","coordinates":[14.82519,63.09241]},"properties":{"namn":null,"typ":"yes","spanning_kv":null,"volt_klass":0,"kapacitet_mw":null,"operator":null}},{"type":"Feature","geometry":{"type":"Point","coordinates":[14.77021,63.15256]},"properties":{"namn":"Torvalla","typ":null,"spanning_kv":130.0,"volt_klass":2,"kapacitet_mw":null,"operator":"Jämtkraft"}},{"type":"Feature","geometry":{"type":"Point","coordinates":[15.10883,59.28817]},"properties":{"namn":"Karlslund","typ":"transmission","spanning_kv":400.0,"volt_klass":4,"kapacitet_mw":null,"operator":null}},{"type":"Feature","geometry":{"type":"Point","coordinates":[12.87115,56.67434]},"properties":{"namn":null,"typ":null,"spanning_kv":null,"volt_klass":0,"kapacitet_mw":null,"operator":null}},{"type":"Feature","geometry":{"type":"Point","coordinates":[13.72347,61.38038]},"properties":{"namn":null,"typ":null,"spanning_kv":null,"volt_klass":0,"kapacitet_mw":null,"operator":null}},{"type":"Feature","geometry":{"type":"Point","coordinates":[13.19876,61.1673]},"properties":{"namn":"Sälsätern","typ":null,"spanning_kv":170.0,"volt_klass":3,"kapacitet_mw":null,"operator":"Malungs Elnät"}},{"type":"Feature","geometry":{"type":"Point","coordinates":[14.06749,57.18313]},"properties":{"namn":null,"typ":"minor_distribution","spanning_kv":null,"volt_klass":0,"kapacitet_mw":null,"operator":null}},{"type":"Feature","geometry":{"type":"Point","coordinates":[20.86586,64.74434]},"properties":{"namn":"Kvistforsen","typ":"yes","spanning_kv":null,"volt_klass":0,"kapacitet_mw":null,"operator":null}},{"type":"Feature","geometry":{"type":"Point","coordinates":[21.12343,64.72343]},"properties":{"namn":"Bergsbyn","typ":null,"spanning_kv":null,"volt_klass":0,"kapacitet_mw":null,"operator":null}},{"type":"Feature","geometry":{"type":"Point","coordinates":[15.62129,65.50649]},"properties":{"namn":null,"typ":null,"spanning_kv":220.0,"volt_klass":3,"kapacitet_mw":null,"operator":null}},{"type":"Feature","geometry":{"type":"Point","coordinates":[11.91384,58.06138]},"properties":{"namn":null,"typ":"distribution","spanning_kv":45.0,"volt_klass":1,"kapacitet_mw":null,"operator":null}},{"type":"Feature","geometry":{"type":"Point","coordinates":[11.98825,57.55185]},"properties":{"namn":null,"typ":null,"spanning_kv":null,"volt_klass":0,"kapacitet_mw":null,"operator":null}},{"type":"Feature","geometry":{"type":"Point","coordinates":[17.41182,63.79742]},"properties":{"namn":null,"typ":null,"spanning_kv":null,"volt_klass":0,"kapacitet_mw":null,"operator":null}},{"type":"Feature","geometry":{"type":"Point","coordinates":[12.03095,57.66468]},"properties":{"namn":null,"typ":"minor_distribution","spanning_kv":null,"volt_klass":0,"kapacitet_mw":null,"operator":"Mölndal Energi"}},{"type":"Feature","geometry":{"type":"Point","coordinates":[12.01082,57.65465]},"properties":{"namn":null,"typ":"minor_distribution","spanning_kv":null,"volt_klass":0,"kapacitet_mw":null,"operator":"Mölndal Energi"}},{"type":"Feature","geometry":{"type":"Point","coordinates":[13.31831,57.50124]},"properties":{"namn":null,"typ":"transmission","spanning_kv":132.0,"volt_klass":2,"kapacitet_mw":null,"operator":null}},{"type":"Feature","geometry":{"type":"Point","coordinates":[16.79321,60.61908]},"properties":{"namn":null,"typ":null,"spanning_kv":130.0,"volt_klass":2,"kapacitet_mw":null,"operator":null}},{"type":"Feature","geometry":{"type":"Point","coordinates":[16.90625,60.61676]},"properties":{"namn":null,"typ":null,"spanning_kv":130.0,"volt_klass":2,"kapacitet_mw":null,"operator":null}},{"type":"Feature","geometry":{"type":"Point","coordinates":[14.28625,62.02668]},"properties":{"namn":null,"typ":null,"spanning_kv":220.0,"volt_klass":3,"kapacitet_mw":null,"operator":null}},{"type":"Feature","geometry":{"type":"Point","coordinates":[13.08012,62.46287]},"properties":{"namn":"Långå","typ":null,"spanning_kv":220.0,"volt_klass":3,"kapacitet_mw":null,"operator":null}},{"type":"Feature","geometry":{"type":"Point","coordinates":[13.14893,62.62317]},"properties":{"namn":null,"typ":null,"spanning_kv":null,"volt_klass":0,"kapacitet_mw":null,"operator":null}},{"type":"Feature","geometry":{"type":"Point","coordinates":[11.29073,58.89229]},"properties":{"namn":null,"typ":null,"spanning_kv":null,"volt_klass":0,"kapacitet_mw":null,"operator":null}},{"type":"Feature","geometry":{"type":"Point","coordinates":[11.57063,58.51414]},"properties":{"namn":null,"typ":"distribution","spanning_kv":45.0,"volt_klass":1,"kapacitet_mw":null,"operator":"Vattenfall"}},{"type":"Feature","geometry":{"type":"Point","coordinates":[11.37444,58.44221]},"properties":{"namn":null,"typ":"distribution","spanning_kv":45.0,"volt_klass":1,"kapacitet_mw":null,"operator":"Vattenfall"}},{"type":"Feature","geometry":{"type":"Point","coordinates":[12.86968,56.67922]},"properties":{"namn":null,"typ":null,"spanning_kv":null,"volt_klass":0,"kapacitet_mw":null,"operator":null}},{"type":"Feature","geometry":{"type":"Point","coordinates":[14.58764,61.00012]},"properties":{"namn":null,"typ":null,"spanning_kv":null,"volt_klass":0,"kapacitet_mw":null,"operator":null}},{"type":"Feature","geometry":{"type":"Point","coordinates":[18.82246,57.82101]},"properties":{"namn":null,"typ":null,"spanning_kv":null,"volt_klass":0,"kapacitet_mw":null,"operator":null}},{"type":"Feature","geometry":{"type":"Point","coordinates":[16.72941,56.86179]},"properties":{"namn":null,"typ":null,"spanning_kv":50.0,"volt_klass":2,"kapacitet_mw":null,"operator":null}},{"type":"Feature","geometry":{"type":"Point","coordinates":[12.9854,56.93931]},"properties":{"namn":"Häradsbo","typ":null,"spanning_kv":400.0,"volt_klass":4,"kapacitet_mw":null,"operator":"Svenska kraftnät"}},{"type":"Feature","geometry":{"type":"Point","coordinates":[23.16636,65.87742]},"properties":{"namn":"Djuptjärn","typ":"transmission","spanning_kv":400.0,"volt_klass":4,"kapacitet_mw":null,"operator":"Svenska Kraftnät"}},{"type":"Feature","geometry":{"type":"Point","coordinates":[17.76596,59.28328]},"properties":{"namn":"Älvnäs","typ":null,"spanning_kv":70.0,"volt_klass":2,"kapacitet_mw":null,"operator":null}},{"type":"Feature","geometry":{"type":"Point","coordinates":[15.17408,57.13002]},"properties":{"namn":null,"typ":null,"spanning_kv":null,"volt_klass":0,"kapacitet_mw":null,"operator":null}},{"type":"Feature","geometry":{"type":"Point","coordinates":[17.6346,59.17102]},"properties":{"namn":"Scania","typ":null,"spanning_kv":70.0,"volt_klass":2,"kapacitet_mw":null,"operator":null}},{"type":"Feature","geometry":{"type":"Point","coordinates":[17.84396,59.40064]},"properties":{"namn":"StationOrmbacka","typ":null,"spanning_kv":null,"volt_klass":0,"kapacitet_mw":null,"operator":null}},{"type":"Feature","geometry":{"type":"Point","coordinates":[17.90337,59.41555]},"properties":{"namn":"Station Hägerstalund","typ":null,"spanning_kv":null,"volt_klass":0,"kapacitet_mw":null,"operator":null}},{"type":"Feature","geometry":{"type":"Point","coordinates":[14.74672,58.26491]},"properties":{"namn":"Ödeshög","typ":null,"spanning_kv":130.0,"volt_klass":2,"kapacitet_mw":null,"operator":null}},{"type":"Feature","geometry":{"type":"Point","coordinates":[14.95843,58.05023]},"properties":{"namn":"Tranås","typ":null,"spanning_kv":130.0,"volt_klass":2,"kapacitet_mw":null,"operator":null}},{"type":"Feature","geometry":{"type":"Point","coordinates":[15.17437,58.087]},"properties":{"namn":"Somvik","typ":null,"spanning_kv":null,"volt_klass":0,"kapacitet_mw":null,"operator":null}},{"type":"Feature","geometry":{"type":"Point","coordinates":[14.13077,57.84755]},"properties":{"namn":"Labbarp","typ":null,"spanning_kv":null,"volt_klass":0,"kapacitet_mw":null,"operator":null}},{"type":"Feature","geometry":{"type":"Point","coordinates":[14.06825,57.91045]},"properties":{"namn":"Håbo","typ":null,"spanning_kv":null,"volt_klass":0,"kapacitet_mw":null,"operator":null}},{"type":"Feature","geometry":{"type":"Point","coordinates":[19.47135,65.12546]},"properties":{"namn":"Gallejaur","typ":null,"spanning_kv":150.0,"volt_klass":3,"kapacitet_mw":null,"operator":null}},{"type":"Feature","geometry":{"type":"Point","coordinates":[19.4695,65.12543]},"properties":{"namn":"Gallejaur","typ":null,"spanning_kv":150.0,"volt_klass":3,"kapacitet_mw":null,"operator":null}},{"type":"Feature","geometry":{"type":"Point","coordinates":[19.16964,65.28352]},"properties":{"namn":"Grytfors","typ":null,"spanning_kv":150.0,"volt_klass":3,"kapacitet_mw":null,"operator":null}},{"type":"Feature","geometry":{"type":"Point","coordinates":[21.46421,65.33549]},"properties":{"namn":null,"typ":null,"spanning_kv":null,"volt_klass":0,"kapacitet_mw":null,"operator":null}},{"type":"Feature","geometry":{"type":"Point","coordinates":[20.70295,67.195]},"properties":{"namn":"Gällivare","typ":null,"spanning_kv":130.0,"volt_klass":2,"kapacitet_mw":null,"operator":null}},{"type":"Feature","geometry":{"type":"Point","coordinates":[20.91266,67.04442]},"properties":{"namn":null,"typ":null,"spanning_kv":130.0,"volt_klass":2,"kapacitet_mw":null,"operator":null}},{"type":"Feature","geometry":{"type":"Point","coordinates":[20.91137,67.04508]},"properties":{"namn":null,"typ":null,"spanning_kv":null,"volt_klass":0,"kapacitet_mw":null,"operator":null}},{"type":"Feature","geometry":{"type":"Point","coordinates":[19.82308,66.6666]},"properties":{"namn":null,"typ":"transmission","spanning_kv":130.0,"volt_klass":2,"kapacitet_mw":null,"operator":null}},{"type":"Feature","geometry":{"type":"Point","coordinates":[19.8217,66.63067]},"properties":{"namn":"Akkats","typ":"generation","spanning_kv":130.0,"volt_klass":2,"kapacitet_mw":null,"operator":"Vattenfall"}},{"type":"Feature","geometry":{"type":"Point","coordinates":[20.42835,64.75317]},"properties":{"namn":"Högnäs","typ":"transmission","spanning_kv":400.0,"volt_klass":4,"kapacitet_mw":null,"operator":"Svenska Kraftnät"}},{"type":"Feature","geometry":{"type":"Point","coordinates":[20.4167,64.78011]},"properties":{"namn":null,"typ":null,"spanning_kv":130.0,"volt_klass":2,"kapacitet_mw":null,"operator":null}},{"type":"Feature","geometry":{"type":"Point","coordinates":[20.23077,64.83098]},"properties":{"namn":null,"typ":null,"spanning_kv":130.0,"volt_klass":2,"kapacitet_mw":null,"operator":null}},{"type":"Feature","geometry":{"type":"Point","coordinates":[20.33832,64.79543]},"properties":{"namn":null,"typ":null,"spanning_kv":null,"volt_klass":0,"kapacitet_mw":null,"operator":null}},{"type":"Feature","geometry":{"type":"Point","coordinates":[12.98464,55.5911]},"properties":{"namn":"257 Ribevägen 3","typ":"minor_distribution","spanning_kv":400.0,"volt_klass":4,"kapacitet_mw":null,"operator":"E.ON"}},{"type":"Feature","geometry":{"type":"Point","coordinates":[12.98024,55.58331]},"properties":{"namn":"807 Stadiongatan 55 m","typ":"minor_distribution","spanning_kv":400.0,"volt_klass":4,"kapacitet_mw":null,"operator":"E.ON"}},{"type":"Feature","geometry":{"type":"Point","coordinates":[12.99817,55.58501]},"properties":{"namn":"559 Annebergsgatan 19","typ":"minor_distribution","spanning_kv":400.0,"volt_klass":4,"kapacitet_mw":null,"operator":"E.ON"}},{"type":"Feature","geometry":{"type":"Point","coordinates":[13.03028,55.62837]},"properties":{"namn":"Oljehamnen","typ":"distribution","spanning_kv":null,"volt_klass":0,"kapacitet_mw":null,"operator":"E.ON"}},{"type":"Feature","geometry":{"type":"Point","coordinates":[14.23894,60.27071]},"properties":{"namn":null,"typ":"distribution","spanning_kv":130.0,"volt_klass":2,"kapacitet_mw":null,"operator":null}},{"type":"Feature","geometry":{"type":"Point","coordinates":[15.69248,62.5182]},"properties":{"namn":null,"typ":null,"spanning_kv":null,"volt_klass":0,"kapacitet_mw":null,"operator":null}},{"type":"Feature","geometry":{"type":"Point","coordinates":[16.09489,62.98962]},"properties":{"namn":null,"typ":null,"spanning_kv":40.0,"volt_klass":1,"kapacitet_mw":null,"operator":null}},{"type":"Feature","geometry":{"type":"Point","coordinates":[14.31077,57.8472]},"properties":{"namn":null,"typ":null,"spanning_kv":40.0,"volt_klass":1,"kapacitet_mw":null,"operator":null}},{"type":"Feature","geometry":{"type":"Point","coordinates":[14.42124,57.78233]},"properties":{"namn":null,"typ":null,"spanning_kv":40.0,"volt_klass":1,"kapacitet_mw":null,"operator":null}},{"type":"Feature","geometry":{"type":"Point","coordinates":[14.42759,57.84293]},"properties":{"namn":null,"typ":null,"spanning_kv":40.0,"volt_klass":1,"kapacitet_mw":null,"operator":null}},{"type":"Feature","geometry":{"type":"Point","coordinates":[18.71722,63.24766]},"properties":{"namn":null,"typ":null,"spanning_kv":null,"volt_klass":0,"kapacitet_mw":null,"operator":null}},{"type":"Feature","geometry":{"type":"Point","coordinates":[19.03,63.62543]},"properties":{"namn":null,"typ":null,"spanning_kv":null,"volt_klass":0,"kapacitet_mw":null,"operator":null}},{"type":"Feature","geometry":{"type":"Point","coordinates":[18.61342,63.30297]},"properties":{"namn":null,"typ":null,"spanning_kv":null,"volt_klass":0,"kapacitet_mw":null,"operator":null}},{"type":"Feature","geometry":{"type":"Point","coordinates":[18.6744,63.31544]},"properties":{"namn":null,"typ":null,"spanning_kv":null,"volt_klass":0,"kapacitet_mw":null,"operator":null}},{"type":"Feature","geometry":{"type":"Point","coordinates":[18.67435,63.31554]},"properties":{"namn":null,"typ":null,"spanning_kv":null,"volt_klass":0,"kapacitet_mw":null,"operator":null}},{"type":"Feature","geometry":{"type":"Point","coordinates":[18.67443,63.31553]},"properties":{"namn":null,"typ":null,"spanning_kv":null,"volt_klass":0,"kapacitet_mw":null,"operator":null}},{"type":"Feature","geometry":{"type":"Point","coordinates":[18.67459,63.31568]},"properties":{"namn":null,"typ":null,"spanning_kv":null,"volt_klass":0,"kapacitet_mw":null,"operator":null}},{"type":"Feature","geometry":{"type":"Point","coordinates":[18.29056,63.29148]},"properties":{"namn":null,"typ":null,"spanning_kv":null,"volt_klass":0,"kapacitet_mw":null,"operator":null}},{"type":"Feature","geometry":{"type":"Point","coordinates":[18.33887,63.25987]},"properties":{"namn":null,"typ":null,"spanning_kv":null,"volt_klass":0,"kapacitet_mw":null,"operator":null}},{"type":"Feature","geometry":{"type":"Point","coordinates":[17.9935,62.97514]},"properties":{"namn":null,"typ":null,"spanning_kv":null,"volt_klass":0,"kapacitet_mw":null,"operator":null}},{"type":"Feature","geometry":{"type":"Point","coordinates":[18.20438,63.02091]},"properties":{"namn":null,"typ":null,"spanning_kv":null,"volt_klass":0,"kapacitet_mw":null,"operator":null}},{"type":"Feature","geometry":{"type":"Point","coordinates":[17.90702,62.93808]},"properties":{"namn":null,"typ":null,"spanning_kv":null,"volt_klass":0,"kapacitet_mw":null,"operator":null}},{"type":"Feature","geometry":{"type":"Point","coordinates":[17.92136,62.92067]},"properties":{"namn":null,"typ":null,"spanning_kv":null,"volt_klass":0,"kapacitet_mw":null,"operator":null}},{"type":"Feature","geometry":{"type":"Point","coordinates":[17.92284,62.87672]},"properties":{"namn":null,"typ":null,"spanning_kv":null,"volt_klass":0,"kapacitet_mw":null,"operator":null}},{"type":"Feature","geometry":{"type":"Point","coordinates":[14.03384,57.1923]},"properties":{"namn":null,"typ":"minor_distribution","spanning_kv":null,"volt_klass":0,"kapacitet_mw":null,"operator":null}},{"type":"Feature","geometry":{"type":"Point","coordinates":[15.42483,60.54094]},"properties":{"namn":null,"typ":"minor_distribution","spanning_kv":null,"volt_klass":0,"kapacitet_mw":null,"operator":null}},{"type":"Feature","geometry":{"type":"Point","coordinates":[15.35683,59.47227]},"properties":{"namn":null,"typ":null,"spanning_kv":130.0,"volt_klass":2,"kapacitet_mw":null,"operator":null}},{"type":"Feature","geometry":{"type":"Point","coordinates":[15.32332,59.48306]},"properties":{"namn":"Frövifors","typ":null,"spanning_kv":130.0,"volt_klass":2,"kapacitet_mw":null,"operator":null}},{"type":"Feature","geometry":{"type":"Point","coordinates":[17.2424,60.38531]},"properties":{"namn":"Station Söderfors Södra","typ":null,"spanning_kv":130.0,"volt_klass":2,"kapacitet_mw":null,"operator":null}},{"type":"Feature","geometry":{"type":"Point","coordinates":[20.4125,63.86802]},"properties":{"namn":null,"typ":"transmission","spanning_kv":130.0,"volt_klass":2,"kapacitet_mw":null,"operator":null}},{"type":"Feature","geometry":{"type":"Point","coordinates":[17.1324,60.93959]},"properties":{"namn":null,"typ":null,"spanning_kv":70.0,"volt_klass":2,"kapacitet_mw":null,"operator":null}},{"type":"Feature","geometry":{"type":"Point","coordinates":[14.35622,60.55259]},"properties":{"namn":null,"typ":null,"spanning_kv":null,"volt_klass":0,"kapacitet_mw":null,"operator":null}},{"type":"Feature","geometry":{"type":"Point","coordinates":[14.14776,60.45051]},"properties":{"namn":null,"typ":null,"spanning_kv":70.0,"volt_klass":2,"kapacitet_mw":null,"operator":null}},{"type":"Feature","geometry":{"type":"Point","coordinates":[13.56684,60.89738]},"properties":{"namn":null,"typ":null,"spanning_kv":170.0,"volt_klass":3,"kapacitet_mw":null,"operator":null}},{"type":"Feature","geometry":{"type":"Point","coordinates":[12.93386,56.12309]},"properties":{"namn":"Åstorp Södra","typ":"distribution","spanning_kv":132.0,"volt_klass":2,"kapacitet_mw":null,"operator":null}},{"type":"Feature","geometry":{"type":"Point","coordinates":[17.38704,60.64269]},"properties":{"namn":null,"typ":null,"spanning_kv":130.0,"volt_klass":2,"kapacitet_mw":null,"operator":"Ellevio"}},{"type":"Feature","geometry":{"type":"Point","coordinates":[13.85589,57.91946]},"properties":{"namn":null,"typ":null,"spanning_kv":null,"volt_klass":0,"kapacitet_mw":null,"operator":null}},{"type":"Feature","geometry":{"type":"Point","coordinates":[17.25724,65.30302]},"properties":{"namn":null,"typ":null,"spanning_kv":null,"volt_klass":0,"kapacitet_mw":null,"operator":null}},{"type":"Feature","geometry":{"type":"Point","coordinates":[17.82883,59.41579]},"properties":{"namn":null,"typ":"distribution","spanning_kv":null,"volt_klass":0,"kapacitet_mw":null,"operator":null}},{"type":"Feature","geometry":{"type":"Point","coordinates":[19.20365,66.74435]},"properties":{"namn":null,"typ":null,"spanning_kv":null,"volt_klass":0,"kapacitet_mw":null,"operator":null}},{"type":"Feature","geometry":{"type":"Point","coordinates":[12.22634,58.18309]},"properties":{"namn":null,"typ":"distribution","spanning_kv":45.0,"volt_klass":1,"kapacitet_mw":null,"operator":null}},{"type":"Feature","geometry":{"type":"Point","coordinates":[16.42611,57.03529]},"properties":{"namn":null,"typ":null,"spanning_kv":null,"volt_klass":0,"kapacitet_mw":null,"operator":null}},{"type":"Feature","geometry":{"type":"Point","coordinates":[13.73281,60.68501]},"properties":{"namn":null,"typ":null,"spanning_kv":70.0,"volt_klass":2,"kapacitet_mw":null,"operator":null}},{"type":"Feature","geometry":{"type":"Point","coordinates":[16.73503,60.63253]},"properties":{"namn":null,"typ":null,"spanning_kv":130.0,"volt_klass":2,"kapacitet_mw":null,"operator":null}},{"type":"Feature","geometry":{"type":"Point","coordinates":[16.79473,60.63545]},"properties":{"namn":null,"typ":null,"spanning_kv":null,"volt_klass":0,"kapacitet_mw":null,"operator":null}},{"type":"Feature","geometry":{"type":"Point","coordinates":[16.30655,60.54952]},"properties":{"namn":null,"typ":null,"spanning_kv":null,"volt_klass":0,"kapacitet_mw":null,"operator":null}},{"type":"Feature","geometry":{"type":"Point","coordinates":[13.48764,60.1758]},"properties":{"namn":null,"typ":null,"spanning_kv":145.0,"volt_klass":2,"kapacitet_mw":null,"operator":null}},{"type":"Feature","geometry":{"type":"Point","coordinates":[15.83226,61.37021]},"properties":{"namn":null,"typ":null,"spanning_kv":130.0,"volt_klass":2,"kapacitet_mw":null,"operator":null}},{"type":"Feature","geometry":{"type":"Point","coordinates":[18.05657,59.465]},"properties":{"namn":null,"typ":null,"spanning_kv":null,"volt_klass":0,"kapacitet_mw":null,"operator":null}},{"type":"Feature","geometry":{"type":"Point","coordinates":[12.9843,61.17813]},"properties":{"namn":"Tandådalens fördelningsstation","typ":null,"spanning_kv":50.0,"volt_klass":2,"kapacitet_mw":null,"operator":"Malungs Elnät"}},{"type":"Feature","geometry":{"type":"Point","coordinates":[12.88748,61.18119]},"properties":{"namn":"Närsjön","typ":null,"spanning_kv":50.0,"volt_klass":2,"kapacitet_mw":null,"operator":"Malungs Elnät"}},{"type":"Feature","geometry":{"type":"Point","coordinates":[12.84844,61.26431]},"properties":{"namn":"Stöten","typ":null,"spanning_kv":50.0,"volt_klass":2,"kapacitet_mw":null,"operator":"Malungs Elnät"}},{"type":"Feature","geometry":{"type":"Point","coordinates":[14.21485,60.152]},"properties":{"namn":null,"typ":null,"spanning_kv":null,"volt_klass":0,"kapacitet_mw":null,"operator":"Ellevio"}},{"type":"Feature","geometry":{"type":"Point","coordinates":[14.45693,59.85559]},"properties":{"namn":null,"typ":null,"spanning_kv":70.0,"volt_klass":2,"kapacitet_mw":null,"operator":null}},{"type":"Feature","geometry":{"type":"Point","coordinates":[14.41399,59.89162]},"properties":{"namn":null,"typ":null,"spanning_kv":70.0,"volt_klass":2,"kapacitet_mw":null,"operator":null}},{"type":"Feature","geometry":{"type":"Point","coordinates":[14.99387,59.87021]},"properties":{"namn":null,"typ":null,"spanning_kv":70.0,"volt_klass":2,"kapacitet_mw":null,"operator":null}},{"type":"Feature","geometry":{"type":"Point","coordinates":[13.68726,60.03309]},"properties":{"namn":null,"typ":null,"spanning_kv":132.0,"volt_klass":2,"kapacitet_mw":null,"operator":null}},{"type":"Feature","geometry":{"type":"Point","coordinates":[13.79043,60.15159]},"properties":{"namn":null,"typ":null,"spanning_kv":null,"volt_klass":0,"kapacitet_mw":null,"operator":null}},{"type":"Feature","geometry":{"type":"Point","coordinates":[13.81886,60.19723]},"properties":{"namn":null,"typ":null,"spanning_kv":70.0,"volt_klass":2,"kapacitet_mw":null,"operator":null}},{"type":"Feature","geometry":{"type":"Point","coordinates":[18.03447,63.87185]},"properties":{"namn":"Norrtjärn","typ":null,"spanning_kv":400.0,"volt_klass":4,"kapacitet_mw":null,"operator":null}},{"type":"Feature","geometry":{"type":"Point","coordinates":[18.56213,65.06628]},"properties":{"namn":null,"typ":null,"spanning_kv":null,"volt_klass":0,"kapacitet_mw":null,"operator":null}},{"type":"Feature","geometry":{"type":"Point","coordinates":[12.87001,56.69993]},"properties":{"namn":null,"typ":null,"spanning_kv":null,"volt_klass":0,"kapacitet_mw":null,"operator":null}},{"type":"Feature","geometry":{"type":"Point","coordinates":[16.23115,59.6048]},"properties":{"namn":null,"typ":null,"spanning_kv":130.0,"volt_klass":2,"kapacitet_mw":null,"operator":null}},{"type":"Feature","geometry":{"type":"Point","coordinates":[16.45912,59.58285]},"properties":{"namn":null,"typ":null,"spanning_kv":130.0,"volt_klass":2,"kapacitet_mw":null,"operator":null}},{"type":"Feature","geometry":{"type":"Point","coordinates":[12.87333,56.7026]},"properties":{"namn":null,"typ":null,"spanning_kv":null,"volt_klass":0,"kapacitet_mw":null,"operator":null}},{"type":"Feature","geometry":{"type":"Point","coordinates":[12.85455,56.69873]},"properties":{"namn":null,"typ":null,"spanning_kv":null,"volt_klass":0,"kapacitet_mw":null,"operator":null}},{"type":"Feature","geometry":{"type":"Point","coordinates":[12.85843,56.70151]},"properties":{"namn":null,"typ":null,"spanning_kv":null,"volt_klass":0,"kapacitet_mw":null,"operator":null}},{"type":"Feature","geometry":{"type":"Point","coordinates":[12.84961,56.69772]},"properties":{"namn":null,"typ":null,"spanning_kv":null,"volt_klass":0,"kapacitet_mw":null,"operator":null}},{"type":"Feature","geometry":{"type":"Point","coordinates":[18.009,59.28924]},"properties":{"namn":null,"typ":null,"spanning_kv":null,"volt_klass":0,"kapacitet_mw":null,"operator":null}},{"type":"Feature","geometry":{"type":"Point","coordinates":[14.07948,58.30212]},"properties":{"namn":null,"typ":null,"spanning_kv":130.0,"volt_klass":2,"kapacitet_mw":null,"operator":null}},{"type":"Feature","geometry":{"type":"Point","coordinates":[14.94189,59.93824]},"properties":{"namn":null,"typ":null,"spanning_kv":null,"volt_klass":0,"kapacitet_mw":null,"operator":null}},{"type":"Feature","geometry":{"type":"Point","coordinates":[18.92674,63.31829]},"properties":{"namn":null,"typ":null,"spanning_kv":null,"volt_klass":0,"kapacitet_mw":null,"operator":null}},{"type":"Feature","geometry":{"type":"Point","coordinates":[19.11119,63.34549]},"properties":{"namn":null,"typ":null,"spanning_kv":130.0,"volt_klass":2,"kapacitet_mw":null,"operator":null}},{"type":"Feature","geometry":{"type":"Point","coordinates":[19.27315,63.52438]},"properties":{"namn":null,"typ":null,"spanning_kv":130.0,"volt_klass":2,"kapacitet_mw":null,"operator":null}},{"type":"Feature","geometry":{"type":"Point","coordinates":[17.19925,60.18294]},"properties":{"namn":null,"typ":null,"spanning_kv":null,"volt_klass":0,"kapacitet_mw":null,"operator":null}},{"type":"Feature","geometry":{"type":"Point","coordinates":[12.9889,55.59687]},"properties":{"namn":null,"typ":"minor_distribution","spanning_kv":null,"volt_klass":0,"kapacitet_mw":null,"operator":"Vattenfall"}},{"type":"Feature","geometry":{"type":"Point","coordinates":[13.94621,55.79379]},"properties":{"namn":null,"typ":null,"spanning_kv":null,"volt_klass":0,"kapacitet_mw":null,"operator":"E.ON"}},{"type":"Feature","geometry":{"type":"Point","coordinates":[17.95941,59.35477]},"properties":{"namn":null,"typ":null,"spanning_kv":null,"volt_klass":0,"kapacitet_mw":null,"operator":null}},{"type":"Feature","geometry":{"type":"Point","coordinates":[14.07992,57.77593]},"properties":{"namn":null,"typ":null,"spanning_kv":null,"volt_klass":0,"kapacitet_mw":null,"operator":null}},{"type":"Feature","geometry":{"type":"Point","coordinates":[14.07933,57.77496]},"properties":{"namn":null,"typ":null,"spanning_kv":null,"volt_klass":0,"kapacitet_mw":null,"operator":null}},{"type":"Feature","geometry":{"type":"Point","coordinates":[16.18173,58.99923]},"properties":{"namn":null,"typ":null,"spanning_kv":null,"volt_klass":0,"kapacitet_mw":null,"operator":null}},{"type":"Feature","geometry":{"type":"Point","coordinates":[16.01459,58.91401]},"properties":{"namn":null,"typ":null,"spanning_kv":null,"volt_klass":0,"kapacitet_mw":null,"operator":null}},{"type":"Feature","geometry":{"type":"Point","coordinates":[15.86831,58.91144]},"properties":{"namn":null,"typ":null,"spanning_kv":null,"volt_klass":0,"kapacitet_mw":null,"operator":null}},{"type":"Feature","geometry":{"type":"Point","coordinates":[15.68553,58.84109]},"properties":{"namn":null,"typ":null,"spanning_kv":null,"volt_klass":0,"kapacitet_mw":null,"operator":null}},{"type":"Feature","geometry":{"type":"Point","coordinates":[15.55389,58.79751]},"properties":{"namn":null,"typ":null,"spanning_kv":null,"volt_klass":0,"kapacitet_mw":null,"operator":null}},{"type":"Feature","geometry":{"type":"Point","coordinates":[15.427,58.89323]},"properties":{"namn":null,"typ":null,"spanning_kv":null,"volt_klass":0,"kapacitet_mw":null,"operator":null}},{"type":"Feature","geometry":{"type":"Point","coordinates":[16.46659,59.01938]},"properties":{"namn":null,"typ":null,"spanning_kv":null,"volt_klass":0,"kapacitet_mw":null,"operator":null}},{"type":"Feature","geometry":{"type":"Point","coordinates":[16.49479,59.14939]},"properties":{"namn":null,"typ":null,"spanning_kv":null,"volt_klass":0,"kapacitet_mw":null,"operator":null}},{"type":"Feature","geometry":{"type":"Point","coordinates":[16.55348,59.10775]},"properties":{"namn":null,"typ":null,"spanning_kv":null,"volt_klass":0,"kapacitet_mw":null,"operator":null}},{"type":"Feature","geometry":{"type":"Point","coordinates":[16.59561,58.96781]},"properties":{"namn":null,"typ":null,"spanning_kv":null,"volt_klass":0,"kapacitet_mw":null,"operator":null}},{"type":"Feature","geometry":{"type":"Point","coordinates":[16.57663,58.99653]},"properties":{"namn":null,"typ":null,"spanning_kv":null,"volt_klass":0,"kapacitet_mw":null,"operator":null}},{"type":"Feature","geometry":{"type":"Point","coordinates":[16.58147,58.99636]},"properties":{"namn":null,"typ":"transmission","spanning_kv":400.0,"volt_klass":4,"kapacitet_mw":null,"operator":null}},{"type":"Feature","geometry":{"type":"Point","coordinates":[16.57969,58.99866]},"properties":{"namn":null,"typ":null,"spanning_kv":null,"volt_klass":0,"kapacitet_mw":null,"operator":null}},{"type":"Feature","geometry":{"type":"Point","coordinates":[16.09633,58.58726]},"properties":{"namn":null,"typ":null,"spanning_kv":null,"volt_klass":0,"kapacitet_mw":null,"operator":null}},{"type":"Feature","geometry":{"type":"Point","coordinates":[20.38221,64.85412]},"properties":{"namn":null,"typ":"yes","spanning_kv":null,"volt_klass":0,"kapacitet_mw":null,"operator":null}},{"type":"Feature","geometry":{"type":"Point","coordinates":[12.04772,57.72271]},"properties":{"namn":null,"typ":"minor_distribution","spanning_kv":null,"volt_klass":0,"kapacitet_mw":null,"operator":null}},{"type":"Feature","geometry":{"type":"Point","coordinates":[15.18847,62.91657]},"properties":{"namn":null,"typ":null,"spanning_kv":null,"volt_klass":0,"kapacitet_mw":null,"operator":null}},{"type":"Feature","geometry":{"type":"Point","coordinates":[22.11368,65.61807]},"properties":{"namn":"Meta","typ":"distribution","spanning_kv":130.0,"volt_klass":2,"kapacitet_mw":null,"operator":"Meta"}},{"type":"Feature","geometry":{"type":"Point","coordinates":[13.68811,55.75757]},"properties":{"namn":null,"typ":null,"spanning_kv":null,"volt_klass":0,"kapacitet_mw":null,"operator":null}},{"type":"Feature","geometry":{"type":"Point","coordinates":[16.6822,59.37868]},"properties":{"namn":"Kjula","typ":null,"spanning_kv":130.0,"volt_klass":2,"kapacitet_mw":null,"operator":null}},{"type":"Feature","geometry":{"type":"Point","coordinates":[13.61775,55.43413]},"properties":{"namn":null,"typ":null,"spanning_kv":null,"volt_klass":0,"kapacitet_mw":null,"operator":null}},{"type":"Feature","geometry":{"type":"Point","coordinates":[18.11406,59.31105]},"properties":{"namn":null,"typ":"minor_distribution","spanning_kv":null,"volt_klass":0,"kapacitet_mw":null,"operator":null}},{"type":"Feature","geometry":{"type":"Point","coordinates":[12.99017,55.54863]},"properties":{"namn":null,"typ":null,"spanning_kv":null,"volt_klass":0,"kapacitet_mw":null,"operator":null}},{"type":"Feature","geometry":{"type":"Point","coordinates":[12.9902,55.5487]},"properties":{"namn":null,"typ":null,"spanning_kv":null,"volt_klass":0,"kapacitet_mw":null,"operator":null}},{"type":"Feature","geometry":{"type":"Point","coordinates":[12.99071,55.54844]},"properties":{"namn":null,"typ":null,"spanning_kv":null,"volt_klass":0,"kapacitet_mw":null,"operator":null}},{"type":"Feature","geometry":{"type":"Point","coordinates":[12.87511,56.24841]},"properties":{"namn":"Station Håve","typ":"distribution","spanning_kv":132.0,"volt_klass":2,"kapacitet_mw":null,"operator":null}},{"type":"Feature","geometry":{"type":"Point","coordinates":[17.79629,59.33882]},"properties":{"namn":null,"typ":null,"spanning_kv":null,"volt_klass":0,"kapacitet_mw":null,"operator":null}},{"type":"Feature","geometry":{"type":"Point","coordinates":[13.98447,56.36914]},"properties":{"namn":null,"typ":"transmission","spanning_kv":null,"volt_klass":0,"kapacitet_mw":null,"operator":null}},{"type":"Feature","geometry":{"type":"Point","coordinates":[11.62703,58.52229]},"properties":{"namn":null,"typ":null,"spanning_kv":null,"volt_klass":0,"kapacitet_mw":null,"operator":null}},{"type":"Feature","geometry":{"type":"Point","coordinates":[14.19709,62.52102]},"properties":{"namn":null,"typ":null,"spanning_kv":null,"volt_klass":0,"kapacitet_mw":null,"operator":null}},{"type":"Feature","geometry":{"type":"Point","coordinates":[13.99121,62.47626]},"properties":{"namn":null,"typ":null,"spanning_kv":null,"volt_klass":0,"kapacitet_mw":null,"operator":null}},{"type":"Feature","geometry":{"type":"Point","coordinates":[11.99501,57.69802]},"properties":{"namn":null,"typ":"minor_distribution","spanning_kv":null,"volt_klass":0,"kapacitet_mw":null,"operator":null}},{"type":"Feature","geometry":{"type":"Point","coordinates":[13.58165,59.40709]},"properties":{"namn":null,"typ":"minor_distribution","spanning_kv":null,"volt_klass":0,"kapacitet_mw":null,"operator":null}},{"type":"Feature","geometry":{"type":"Point","coordinates":[12.96035,55.58501]},"properties":{"namn":null,"typ":null,"spanning_kv":null,"volt_klass":0,"kapacitet_mw":null,"operator":null}},{"type":"Feature","geometry":{"type":"Point","coordinates":[12.00363,57.7207]},"properties":{"namn":null,"typ":"minor_distribution","spanning_kv":null,"volt_klass":0,"kapacitet_mw":null,"operator":null}},{"type":"Feature","geometry":{"type":"Point","coordinates":[18.11297,65.67772]},"properties":{"namn":null,"typ":null,"spanning_kv":null,"volt_klass":0,"kapacitet_mw":null,"operator":null}},{"type":"Feature","geometry":{"type":"Point","coordinates":[17.31735,62.36883]},"properties":{"namn":"Utsikten","typ":null,"spanning_kv":null,"volt_klass":0,"kapacitet_mw":null,"operator":null}},{"type":"Feature","geometry":{"type":"Point","coordinates":[15.84408,59.40017]},"properties":{"namn":null,"typ":null,"spanning_kv":null,"volt_klass":0,"kapacitet_mw":null,"operator":"Västra Mälardalens Kraft"}},{"type":"Feature","geometry":{"type":"Point","coordinates":[12.92,57.70989]},"properties":{"namn":null,"typ":"distribution","spanning_kv":132.0,"volt_klass":2,"kapacitet_mw":null,"operator":null}},{"type":"Feature","geometry":{"type":"Point","coordinates":[16.32454,57.98754]},"properties":{"namn":null,"typ":null,"spanning_kv":null,"volt_klass":0,"kapacitet_mw":null,"operator":null}},{"type":"Feature","geometry":{"type":"Point","coordinates":[11.96307,57.68449]},"properties":{"namn":null,"typ":"minor_distribution","spanning_kv":null,"volt_klass":0,"kapacitet_mw":null,"operator":null}},{"type":"Feature","geometry":{"type":"Point","coordinates":[13.57504,58.17388]},"properties":{"namn":null,"typ":"minor_distribution","spanning_kv":null,"volt_klass":0,"kapacitet_mw":null,"operator":null}},{"type":"Feature","geometry":{"type":"Point","coordinates":[13.57767,58.17605]},"properties":{"namn":null,"typ":"minor_distribution","spanning_kv":null,"volt_klass":0,"kapacitet_mw":null,"operator":null}},{"type":"Feature","geometry":{"type":"Point","coordinates":[13.57754,58.17607]},"properties":{"namn":null,"typ":"minor_distribution","spanning_kv":null,"volt_klass":0,"kapacitet_mw":null,"operator":null}},{"type":"Feature","geometry":{"type":"Point","coordinates":[17.65998,59.51056]},"properties":{"namn":null,"typ":null,"spanning_kv":null,"volt_klass":0,"kapacitet_mw":null,"operator":null}},{"type":"Feature","geometry":{"type":"Point","coordinates":[13.50251,59.38524]},"properties":{"namn":null,"typ":"minor_distribution","spanning_kv":null,"volt_klass":0,"kapacitet_mw":null,"operator":null}},{"type":"Feature","geometry":{"type":"Point","coordinates":[13.45365,58.46844]},"properties":{"namn":null,"typ":null,"spanning_kv":null,"volt_klass":0,"kapacitet_mw":null,"operator":null}},{"type":"Feature","geometry":{"type":"Point","coordinates":[14.03523,57.18093]},"properties":{"namn":null,"typ":null,"spanning_kv":null,"volt_klass":0,"kapacitet_mw":null,"operator":null}},{"type":"Feature","geometry":{"type":"Point","coordinates":[13.18951,55.731]},"properties":{"namn":null,"typ":"minor_distribution","spanning_kv":null,"volt_klass":0,"kapacitet_mw":null,"operator":null}},{"type":"Feature","geometry":{"type":"Point","coordinates":[12.46135,57.84619]},"properties":{"namn":null,"typ":null,"spanning_kv":null,"volt_klass":0,"kapacitet_mw":null,"operator":null}},{"type":"Feature","geometry":{"type":"Point","coordinates":[13.20184,55.70605]},"properties":{"namn":null,"typ":"minor_distribution","spanning_kv":null,"volt_klass":0,"kapacitet_mw":null,"operator":null}},{"type":"Feature","geometry":{"type":"Point","coordinates":[13.06359,55.68648]},"properties":{"namn":null,"typ":"minor_distribution","spanning_kv":null,"volt_klass":0,"kapacitet_mw":null,"operator":null}},{"type":"Feature","geometry":{"type":"Point","coordinates":[13.15409,56.11214]},"properties":{"namn":null,"typ":"distribution","spanning_kv":132.0,"volt_klass":2,"kapacitet_mw":null,"operator":null}},{"type":"Feature","geometry":{"type":"Point","coordinates":[13.81878,58.39769]},"properties":{"namn":null,"typ":"minor_distribution","spanning_kv":null,"volt_klass":0,"kapacitet_mw":null,"operator":null}},{"type":"Feature","geometry":{"type":"Point","coordinates":[21.7367,68.07503]},"properties":{"namn":"Soppero transformatorstation","typ":"distribution","spanning_kv":40.0,"volt_klass":1,"kapacitet_mw":null,"operator":"Vattenfall"}},{"type":"Feature","geometry":{"type":"Point","coordinates":[18.00692,59.25793]},"properties":{"namn":null,"typ":null,"spanning_kv":null,"volt_klass":0,"kapacitet_mw":null,"operator":null}},{"type":"Feature","geometry":{"type":"Point","coordinates":[15.44259,59.52865]},"properties":{"namn":null,"typ":null,"spanning_kv":null,"volt_klass":0,"kapacitet_mw":null,"operator":null}},{"type":"Feature","geometry":{"type":"Point","coordinates":[13.82875,58.33513]},"properties":{"namn":null,"typ":null,"spanning_kv":null,"volt_klass":0,"kapacitet_mw":null,"operator":null}},{"type":"Feature","geometry":{"type":"Point","coordinates":[13.84245,58.65273]},"properties":{"namn":null,"typ":null,"spanning_kv":null,"volt_klass":0,"kapacitet_mw":null,"operator":null}},{"type":"Feature","geometry":{"type":"Point","coordinates":[23.43611,67.94065]},"properties":{"namn":"Muodoslompolo transformatorstation","typ":"distribution","spanning_kv":40.0,"volt_klass":1,"kapacitet_mw":null,"operator":"Vattenfall"}},{"type":"Feature","geometry":{"type":"Point","coordinates":[12.94996,55.58494]},"properties":{"namn":null,"typ":"distribution","spanning_kv":null,"volt_klass":0,"kapacitet_mw":null,"operator":null}},{"type":"Feature","geometry":{"type":"Point","coordinates":[12.95005,55.5849]},"properties":{"namn":null,"typ":"distribution","spanning_kv":null,"volt_klass":0,"kapacitet_mw":null,"operator":null}},{"type":"Feature","geometry":{"type":"Point","coordinates":[12.95283,55.58627]},"properties":{"namn":null,"typ":"distribution","spanning_kv":null,"volt_klass":0,"kapacitet_mw":null,"operator":null}},{"type":"Feature","geometry":{"type":"Point","coordinates":[18.12136,64.0406]},"properties":{"namn":null,"typ":"generation","spanning_kv":null,"volt_klass":0,"kapacitet_mw":null,"operator":null}},{"type":"Feature","geometry":{"type":"Point","coordinates":[15.40899,60.47954]},"properties":{"namn":null,"typ":"minor_distribution","spanning_kv":null,"volt_klass":0,"kapacitet_mw":null,"operator":null}},{"type":"Feature","geometry":{"type":"Point","coordinates":[16.09257,60.10834]},"properties":{"namn":null,"typ":null,"spanning_kv":130.0,"volt_klass":2,"kapacitet_mw":null,"operator":null}},{"type":"Feature","geometry":{"type":"Point","coordinates":[16.01386,60.14605]},"properties":{"namn":null,"typ":null,"spanning_kv":130.0,"volt_klass":2,"kapacitet_mw":null,"operator":null}},{"type":"Feature","geometry":{"type":"Point","coordinates":[15.59543,60.03173]},"properties":{"namn":null,"typ":null,"spanning_kv":null,"volt_klass":0,"kapacitet_mw":null,"operator":null}},{"type":"Feature","geometry":{"type":"Point","coordinates":[15.43792,60.49325]},"properties":{"namn":null,"typ":"minor_distribution","spanning_kv":null,"volt_klass":0,"kapacitet_mw":null,"operator":null}},{"type":"Feature","geometry":{"type":"Point","coordinates":[20.96654,67.07418]},"properties":{"namn":null,"typ":null,"spanning_kv":null,"volt_klass":0,"kapacitet_mw":null,"operator":null}},{"type":"Feature","geometry":{"type":"Point","coordinates":[20.95707,67.10156]},"properties":{"namn":null,"typ":null,"spanning_kv":null,"volt_klass":0,"kapacitet_mw":null,"operator":null}},{"type":"Feature","geometry":{"type":"Point","coordinates":[20.92669,67.10681]},"properties":{"namn":null,"typ":null,"spanning_kv":null,"volt_klass":0,"kapacitet_mw":null,"operator":null}},{"type":"Feature","geometry":{"type":"Point","coordinates":[15.41124,60.48671]},"properties":{"namn":null,"typ":"minor_distribution","spanning_kv":null,"volt_klass":0,"kapacitet_mw":null,"operator":null}},{"type":"Feature","geometry":{"type":"Point","coordinates":[12.42632,58.80256]},"properties":{"namn":null,"typ":"distribution","spanning_kv":45.0,"volt_klass":1,"kapacitet_mw":null,"operator":null}},{"type":"Feature","geometry":{"type":"Point","coordinates":[12.44673,58.70656]},"properties":{"namn":null,"typ":"distribution","spanning_kv":45.0,"volt_klass":1,"kapacitet_mw":null,"operator":null}},{"type":"Feature","geometry":{"type":"Point","coordinates":[12.27982,58.74879]},"properties":{"namn":null,"typ":"minor_distribution","spanning_kv":null,"volt_klass":0,"kapacitet_mw":null,"operator":null}},{"type":"Feature","geometry":{"type":"Point","coordinates":[12.02367,58.42175]},"properties":{"namn":null,"typ":"distribution","spanning_kv":45.0,"volt_klass":1,"kapacitet_mw":null,"operator":null}},{"type":"Feature","geometry":{"type":"Point","coordinates":[11.52451,58.26824]},"properties":{"namn":null,"typ":"distribution","spanning_kv":45.0,"volt_klass":1,"kapacitet_mw":null,"operator":null}},{"type":"Feature","geometry":{"type":"Point","coordinates":[11.73341,58.39719]},"properties":{"namn":null,"typ":"distribution","spanning_kv":45.0,"volt_klass":1,"kapacitet_mw":null,"operator":null}},{"type":"Feature","geometry":{"type":"Point","coordinates":[11.90749,58.35771]},"properties":{"namn":null,"typ":"transition","spanning_kv":132.0,"volt_klass":2,"kapacitet_mw":null,"operator":null}},{"type":"Feature","geometry":{"type":"Point","coordinates":[14.94523,59.30609]},"properties":{"namn":null,"typ":"transition","spanning_kv":45.0,"volt_klass":1,"kapacitet_mw":null,"operator":null}},{"type":"Feature","geometry":{"type":"Point","coordinates":[15.06855,59.33697]},"properties":{"namn":null,"typ":"distribution","spanning_kv":45.0,"volt_klass":1,"kapacitet_mw":null,"operator":"Linde energi"}},{"type":"Feature","geometry":{"type":"Point","coordinates":[15.16357,59.81794]},"properties":{"namn":null,"typ":"generation","spanning_kv":70.0,"volt_klass":2,"kapacitet_mw":null,"operator":null}},{"type":"Feature","geometry":{"type":"Point","coordinates":[12.37837,58.35772]},"properties":{"namn":null,"typ":"industrial","spanning_kv":132.0,"volt_klass":2,"kapacitet_mw":null,"operator":null}},{"type":"Feature","geometry":{"type":"Point","coordinates":[11.68666,58.48194]},"properties":{"namn":null,"typ":"distribution","spanning_kv":45.0,"volt_klass":1,"kapacitet_mw":null,"operator":null}},{"type":"Feature","geometry":{"type":"Point","coordinates":[11.97018,57.68839]},"properties":{"namn":null,"typ":"distribution","spanning_kv":null,"volt_klass":0,"kapacitet_mw":null,"operator":null}},{"type":"Feature","geometry":{"type":"Point","coordinates":[12.87486,57.3165]},"properties":{"namn":null,"typ":"distribution","spanning_kv":45.0,"volt_klass":1,"kapacitet_mw":null,"operator":null}},{"type":"Feature","geometry":{"type":"Point","coordinates":[11.82998,58.08453]},"properties":{"namn":null,"typ":"industrial","spanning_kv":45.0,"volt_klass":1,"kapacitet_mw":null,"operator":"Vattenfall"}},{"type":"Feature","geometry":{"type":"Point","coordinates":[11.934,57.72058]},"properties":{"namn":null,"typ":"minor_distribution","spanning_kv":null,"volt_klass":0,"kapacitet_mw":null,"operator":null}},{"type":"Feature","geometry":{"type":"Point","coordinates":[11.93619,57.72076]},"properties":{"namn":null,"typ":"minor_distribution","spanning_kv":null,"volt_klass":0,"kapacitet_mw":null,"operator":null}},{"type":"Feature","geometry":{"type":"Point","coordinates":[12.86711,57.09423]},"properties":{"namn":"Skogsforsen","typ":"distribution","spanning_kv":55.0,"volt_klass":2,"kapacitet_mw":null,"operator":null}},{"type":"Feature","geometry":{"type":"Point","coordinates":[12.61929,56.97896]},"properties":{"namn":null,"typ":"distribution","spanning_kv":55.0,"volt_klass":2,"kapacitet_mw":null,"operator":null}},{"type":"Feature","geometry":{"type":"Point","coordinates":[18.89636,63.71147]},"properties":{"namn":null,"typ":null,"spanning_kv":null,"volt_klass":0,"kapacitet_mw":null,"operator":null}},{"type":"Feature","geometry":{"type":"Point","coordinates":[17.46347,62.8461]},"properties":{"namn":null,"typ":null,"spanning_kv":null,"volt_klass":0,"kapacitet_mw":null,"operator":null}},{"type":"Feature","geometry":{"type":"Point","coordinates":[11.33978,58.36687]},"properties":{"namn":null,"typ":"industrial","spanning_kv":45.0,"volt_klass":1,"kapacitet_mw":null,"operator":"Vattenfall"}},{"type":"Feature","geometry":{"type":"Point","coordinates":[12.32093,58.30034]},"properties":{"namn":null,"typ":"distribution","spanning_kv":132.0,"volt_klass":2,"kapacitet_mw":null,"operator":"Vattenfall"}},{"type":"Feature","geometry":{"type":"Point","coordinates":[13.11438,57.61619]},"properties":{"namn":null,"typ":"distribution","spanning_kv":45.0,"volt_klass":1,"kapacitet_mw":null,"operator":null}},{"type":"Feature","geometry":{"type":"Point","coordinates":[12.13302,58.11787]},"properties":{"namn":null,"typ":"industrial","spanning_kv":132.0,"volt_klass":2,"kapacitet_mw":null,"operator":null}},{"type":"Feature","geometry":{"type":"Point","coordinates":[12.1249,57.962]},"properties":{"namn":null,"typ":"distribution","spanning_kv":45.0,"volt_klass":1,"kapacitet_mw":null,"operator":"Ale El"}},{"type":"Feature","geometry":{"type":"Point","coordinates":[12.1895,57.98475]},"properties":{"namn":null,"typ":"distribution","spanning_kv":45.0,"volt_klass":1,"kapacitet_mw":null,"operator":"Ale El"}},{"type":"Feature","geometry":{"type":"Point","coordinates":[13.18375,58.4751]},"properties":{"namn":"Ekestubben","typ":"distribution","spanning_kv":132.0,"volt_klass":2,"kapacitet_mw":null,"operator":"Lidköping Elnät"}},{"type":"Feature","geometry":{"type":"Point","coordinates":[13.14486,58.64706]},"properties":{"namn":null,"typ":"distribution","spanning_kv":45.0,"volt_klass":1,"kapacitet_mw":null,"operator":"Lidköping Elnät"}},{"type":"Feature","geometry":{"type":"Point","coordinates":[13.13079,58.51379]},"properties":{"namn":"Gösen","typ":"distribution","spanning_kv":45.0,"volt_klass":1,"kapacitet_mw":null,"operator":"Lidköping Elnät"}},{"type":"Feature","geometry":{"type":"Point","coordinates":[12.24772,57.7876]},"properties":{"namn":null,"typ":"distribution","spanning_kv":132.0,"volt_klass":2,"kapacitet_mw":null,"operator":null}},{"type":"Feature","geometry":{"type":"Point","coordinates":[12.3043,57.68914]},"properties":{"namn":null,"typ":"distribution","spanning_kv":45.0,"volt_klass":1,"kapacitet_mw":null,"operator":null}},{"type":"Feature","geometry":{"type":"Point","coordinates":[17.09012,58.79679]},"properties":{"namn":null,"typ":null,"spanning_kv":null,"volt_klass":0,"kapacitet_mw":null,"operator":null}},{"type":"Feature","geometry":{"type":"Point","coordinates":[13.74231,56.58118]},"properties":{"namn":"Traryd","typ":"distribution","spanning_kv":132.0,"volt_klass":2,"kapacitet_mw":null,"operator":null}},{"type":"Feature","geometry":{"type":"Point","coordinates":[13.71376,56.53822]},"properties":{"namn":null,"typ":"distribution","spanning_kv":45.0,"volt_klass":1,"kapacitet_mw":null,"operator":null}},{"type":"Feature","geometry":{"type":"Point","coordinates":[13.50933,56.49402]},"properties":{"namn":null,"typ":"distribution","spanning_kv":45.0,"volt_klass":1,"kapacitet_mw":null,"operator":null}},{"type":"Feature","geometry":{"type":"Point","coordinates":[13.45377,56.49649]},"properties":{"namn":null,"typ":"distribution","spanning_kv":45.0,"volt_klass":1,"kapacitet_mw":null,"operator":null}},{"type":"Feature","geometry":{"type":"Point","coordinates":[12.8311,57.72684]},"properties":{"namn":null,"typ":"distribution","spanning_kv":45.0,"volt_klass":1,"kapacitet_mw":null,"operator":null}},{"type":"Feature","geometry":{"type":"Point","coordinates":[12.56067,57.66448]},"properties":{"namn":null,"typ":"distribution","spanning_kv":45.0,"volt_klass":1,"kapacitet_mw":null,"operator":null}},{"type":"Feature","geometry":{"type":"Point","coordinates":[12.565,57.68257]},"properties":{"namn":"Erikstorp","typ":"distribution","spanning_kv":45.0,"volt_klass":1,"kapacitet_mw":null,"operator":null}},{"type":"Feature","geometry":{"type":"Point","coordinates":[12.58447,57.72165]},"properties":{"namn":null,"typ":"distribution","spanning_kv":45.0,"volt_klass":1,"kapacitet_mw":null,"operator":null}},{"type":"Feature","geometry":{"type":"Point","coordinates":[12.63328,57.78774]},"properties":{"namn":null,"typ":"distribution","spanning_kv":45.0,"volt_klass":1,"kapacitet_mw":null,"operator":null}},{"type":"Feature","geometry":{"type":"Point","coordinates":[12.97161,57.76165]},"properties":{"namn":null,"typ":"transition","spanning_kv":132.0,"volt_klass":2,"kapacitet_mw":null,"operator":null}},{"type":"Feature","geometry":{"type":"Point","coordinates":[13.29124,57.81494]},"properties":{"namn":null,"typ":"distribution","spanning_kv":45.0,"volt_klass":1,"kapacitet_mw":null,"operator":null}},{"type":"Feature","geometry":{"type":"Point","coordinates":[11.93538,57.67355]},"properties":{"namn":null,"typ":"minor_distribution","spanning_kv":null,"volt_klass":0,"kapacitet_mw":null,"operator":null}},{"type":"Feature","geometry":{"type":"Point","coordinates":[12.80349,58.02213]},"properties":{"namn":null,"typ":"distribution","spanning_kv":45.0,"volt_klass":1,"kapacitet_mw":null,"operator":null}},{"type":"Feature","geometry":{"type":"Point","coordinates":[12.69113,57.94299]},"properties":{"namn":null,"typ":"distribution","spanning_kv":45.0,"volt_klass":1,"kapacitet_mw":null,"operator":null}},{"type":"Feature","geometry":{"type":"Point","coordinates":[13.16422,56.97759]},"properties":{"namn":null,"typ":"transmission","spanning_kv":132.0,"volt_klass":2,"kapacitet_mw":null,"operator":null}},{"type":"Feature","geometry":{"type":"Point","coordinates":[14.94764,57.6609]},"properties":{"namn":null,"typ":"distribution","spanning_kv":45.0,"volt_klass":1,"kapacitet_mw":null,"operator":null}},{"type":"Feature","geometry":{"type":"Point","coordinates":[16.80155,60.30079]},"properties":{"namn":null,"typ":null,"spanning_kv":null,"volt_klass":0,"kapacitet_mw":null,"operator":null}},{"type":"Feature","geometry":{"type":"Point","coordinates":[14.02079,57.18637]},"properties":{"namn":null,"typ":null,"spanning_kv":null,"volt_klass":0,"kapacitet_mw":null,"operator":null}},{"type":"Feature","geometry":{"type":"Point","coordinates":[12.41873,57.61411]},"properties":{"namn":null,"typ":"distribution","spanning_kv":45.0,"volt_klass":1,"kapacitet_mw":null,"operator":null}},{"type":"Feature","geometry":{"type":"Point","coordinates":[12.45342,57.69199]},"properties":{"namn":null,"typ":"distribution","spanning_kv":45.0,"volt_klass":1,"kapacitet_mw":null,"operator":null}},{"type":"Feature","geometry":{"type":"Point","coordinates":[12.71464,57.69247]},"properties":{"namn":"Hultafors","typ":"distribution","spanning_kv":45.0,"volt_klass":1,"kapacitet_mw":null,"operator":null}},{"type":"Feature","geometry":{"type":"Point","coordinates":[13.01582,57.72911]},"properties":{"namn":"Kyllared","typ":"distribution","spanning_kv":132.0,"volt_klass":2,"kapacitet_mw":null,"operator":null}},{"type":"Feature","geometry":{"type":"Point","coordinates":[12.95066,57.749]},"properties":{"namn":"Sjöbo","typ":"distribution","spanning_kv":132.0,"volt_klass":2,"kapacitet_mw":null,"operator":null}},{"type":"Feature","geometry":{"type":"Point","coordinates":[12.85066,57.7017]},"properties":{"namn":null,"typ":"distribution","spanning_kv":132.0,"volt_klass":2,"kapacitet_mw":null,"operator":null}},{"type":"Feature","geometry":{"type":"Point","coordinates":[12.91507,57.65697]},"properties":{"namn":null,"typ":"distribution","spanning_kv":132.0,"volt_klass":2,"kapacitet_mw":null,"operator":null}},{"type":"Feature","geometry":{"type":"Point","coordinates":[12.90133,57.63633]},"properties":{"namn":null,"typ":"transmission","spanning_kv":132.0,"volt_klass":2,"kapacitet_mw":null,"operator":null}},{"type":"Feature","geometry":{"type":"Point","coordinates":[12.58536,57.45778]},"properties":{"namn":null,"typ":"distribution","spanning_kv":45.0,"volt_klass":1,"kapacitet_mw":null,"operator":null}},{"type":"Feature","geometry":{"type":"Point","coordinates":[12.62712,57.48365]},"properties":{"namn":null,"typ":"distribution","spanning_kv":45.0,"volt_klass":1,"kapacitet_mw":null,"operator":null}},{"type":"Feature","geometry":{"type":"Point","coordinates":[12.89599,57.80206]},"properties":{"namn":null,"typ":"distribution","spanning_kv":45.0,"volt_klass":1,"kapacitet_mw":null,"operator":null}},{"type":"Feature","geometry":{"type":"Point","coordinates":[13.17398,57.45231]},"properties":{"namn":null,"typ":"distribution","spanning_kv":45.0,"volt_klass":1,"kapacitet_mw":null,"operator":null}},{"type":"Feature","geometry":{"type":"Point","coordinates":[13.35849,57.48854]},"properties":{"namn":null,"typ":"distribution","spanning_kv":45.0,"volt_klass":1,"kapacitet_mw":null,"operator":null}},{"type":"Feature","geometry":{"type":"Point","coordinates":[17.74749,59.479]},"properties":{"namn":"Knektvägen 2","typ":null,"spanning_kv":null,"volt_klass":0,"kapacitet_mw":null,"operator":"Mälarkraft"}},{"type":"Feature","geometry":{"type":"Point","coordinates":[12.05806,57.47566]},"properties":{"namn":null,"typ":"distribution","spanning_kv":55.0,"volt_klass":2,"kapacitet_mw":null,"operator":null}},{"type":"Feature","geometry":{"type":"Point","coordinates":[12.27833,57.38014]},"properties":{"namn":null,"typ":"distribution","spanning_kv":132.0,"volt_klass":2,"kapacitet_mw":null,"operator":null}},{"type":"Feature","geometry":{"type":"Point","coordinates":[12.28886,57.11911]},"properties":{"namn":null,"typ":"distribution","spanning_kv":132.0,"volt_klass":2,"kapacitet_mw":null,"operator":null}},{"type":"Feature","geometry":{"type":"Point","coordinates":[12.43072,56.96255]},"properties":{"namn":null,"typ":"distribution","spanning_kv":132.0,"volt_klass":2,"kapacitet_mw":null,"operator":null}},{"type":"Feature","geometry":{"type":"Point","coordinates":[12.26215,57.11985]},"properties":{"namn":"Varberg Centrum","typ":"distribution","spanning_kv":132.0,"volt_klass":2,"kapacitet_mw":null,"operator":"Varberg Energi"}},{"type":"Feature","geometry":{"type":"Point","coordinates":[12.81332,56.7746]},"properties":{"namn":"Kvibille","typ":"distribution","spanning_kv":45.0,"volt_klass":1,"kapacitet_mw":null,"operator":null}},{"type":"Feature","geometry":{"type":"Point","coordinates":[12.9409,56.70709]},"properties":{"namn":"Skedala","typ":"distribution","spanning_kv":132.0,"volt_klass":2,"kapacitet_mw":null,"operator":null}},{"type":"Feature","geometry":{"type":"Point","coordinates":[18.09171,59.27683]},"properties":{"namn":null,"typ":null,"spanning_kv":null,"volt_klass":0,"kapacitet_mw":null,"operator":null}},{"type":"Feature","geometry":{"type":"Point","coordinates":[18.0917,59.27689]},"properties":{"namn":null,"typ":null,"spanning_kv":null,"volt_klass":0,"kapacitet_mw":null,"operator":null}},{"type":"Feature","geometry":{"type":"Point","coordinates":[13.07408,56.88466]},"properties":{"namn":null,"typ":"transmission","spanning_kv":132.0,"volt_klass":2,"kapacitet_mw":null,"operator":null}},{"type":"Feature","geometry":{"type":"Point","coordinates":[12.98243,56.78869]},"properties":{"namn":"Sennan","typ":"distribution","spanning_kv":45.0,"volt_klass":1,"kapacitet_mw":null,"operator":null}},{"type":"Feature","geometry":{"type":"Point","coordinates":[13.56916,57.29294]},"properties":{"namn":null,"typ":"distribution","spanning_kv":45.0,"volt_klass":1,"kapacitet_mw":null,"operator":null}},{"type":"Feature","geometry":{"type":"Point","coordinates":[13.04755,56.51543]},"properties":{"namn":null,"typ":"transition","spanning_kv":11.0,"volt_klass":1,"kapacitet_mw":null,"operator":null}},{"type":"Feature","geometry":{"type":"Point","coordinates":[13.16421,56.47321]},"properties":{"namn":null,"typ":"minor_distribution","spanning_kv":11.0,"volt_klass":1,"kapacitet_mw":null,"operator":null}},{"type":"Feature","geometry":{"type":"Point","coordinates":[13.04645,56.47071]},"properties":{"namn":null,"typ":"minor_distribution","spanning_kv":11.0,"volt_klass":1,"kapacitet_mw":null,"operator":null}},{"type":"Feature","geometry":{"type":"Point","coordinates":[13.11348,56.4793]},"properties":{"namn":null,"typ":"minor_distribution","spanning_kv":11.0,"volt_klass":1,"kapacitet_mw":null,"operator":null}},{"type":"Feature","geometry":{"type":"Point","coordinates":[13.05295,56.51278]},"properties":{"namn":null,"typ":"distribution","spanning_kv":132.0,"volt_klass":2,"kapacitet_mw":null,"operator":null}},{"type":"Feature","geometry":{"type":"Point","coordinates":[13.10775,56.49798]},"properties":{"namn":null,"typ":"transmission","spanning_kv":132.0,"volt_klass":2,"kapacitet_mw":null,"operator":null}},{"type":"Feature","geometry":{"type":"Point","coordinates":[12.90376,56.24752]},"properties":{"namn":null,"typ":"distribution","spanning_kv":132.0,"volt_klass":2,"kapacitet_mw":null,"operator":"Öresundskraft"}},{"type":"Feature","geometry":{"type":"Point","coordinates":[12.91013,56.25183]},"properties":{"namn":"Ängelholm Östra","typ":"transmission","spanning_kv":132.0,"volt_klass":2,"kapacitet_mw":null,"operator":null}},{"type":"Feature","geometry":{"type":"Point","coordinates":[13.16776,56.3072]},"properties":{"namn":null,"typ":"distribution","spanning_kv":132.0,"volt_klass":2,"kapacitet_mw":null,"operator":null}},{"type":"Feature","geometry":{"type":"Point","coordinates":[12.88997,56.13077]},"properties":{"namn":null,"typ":"distribution","spanning_kv":132.0,"volt_klass":2,"kapacitet_mw":null,"operator":null}},{"type":"Feature","geometry":{"type":"Point","coordinates":[12.55519,56.25313]},"properties":{"namn":null,"typ":"minor_distribution","spanning_kv":11.0,"volt_klass":1,"kapacitet_mw":null,"operator":null}},{"type":"Feature","geometry":{"type":"Point","coordinates":[12.74321,56.16597]},"properties":{"namn":null,"typ":"distribution","spanning_kv":132.0,"volt_klass":2,"kapacitet_mw":null,"operator":null}},{"type":"Feature","geometry":{"type":"Point","coordinates":[12.69091,56.04688]},"properties":{"namn":null,"typ":"minor_distribution","spanning_kv":null,"volt_klass":0,"kapacitet_mw":null,"operator":null}},{"type":"Feature","geometry":{"type":"Point","coordinates":[12.68291,56.0949]},"properties":{"namn":null,"typ":"transition","spanning_kv":132.0,"volt_klass":2,"kapacitet_mw":null,"operator":null}},{"type":"Feature","geometry":{"type":"Point","coordinates":[12.68314,56.09542]},"properties":{"namn":null,"typ":"transition","spanning_kv":132.0,"volt_klass":2,"kapacitet_mw":null,"operator":null}},{"type":"Feature","geometry":{"type":"Point","coordinates":[18.22175,59.36034]},"properties":{"namn":null,"typ":null,"spanning_kv":null,"volt_klass":0,"kapacitet_mw":null,"operator":null}},{"type":"Feature","geometry":{"type":"Point","coordinates":[13.77623,56.17771]},"properties":{"namn":"Hässleholm","typ":"traction","spanning_kv":45.0,"volt_klass":1,"kapacitet_mw":null,"operator":null}},{"type":"Feature","geometry":{"type":"Point","coordinates":[13.59892,56.48674]},"properties":{"namn":null,"typ":"distribution","spanning_kv":45.0,"volt_klass":1,"kapacitet_mw":null,"operator":null}},{"type":"Feature","geometry":{"type":"Point","coordinates":[13.39988,56.51128]},"properties":{"namn":null,"typ":"distribution","spanning_kv":45.0,"volt_klass":1,"kapacitet_mw":null,"operator":null}},{"type":"Feature","geometry":{"type":"Point","coordinates":[13.96884,56.82807]},"properties":{"namn":null,"typ":"distribution","spanning_kv":45.0,"volt_klass":1,"kapacitet_mw":null,"operator":null}},{"type":"Feature","geometry":{"type":"Point","coordinates":[13.94036,56.80806]},"properties":{"namn":null,"typ":"transmission","spanning_kv":132.0,"volt_klass":2,"kapacitet_mw":null,"operator":null}},{"type":"Feature","geometry":{"type":"Point","coordinates":[13.61389,57.26805]},"properties":{"namn":null,"typ":"distribution","spanning_kv":45.0,"volt_klass":1,"kapacitet_mw":null,"operator":null}},{"type":"Feature","geometry":{"type":"Point","coordinates":[13.54221,57.48559]},"properties":{"namn":null,"typ":"distribution","spanning_kv":45.0,"volt_klass":1,"kapacitet_mw":null,"operator":null}},{"type":"Feature","geometry":{"type":"Point","coordinates":[13.34718,57.89757]},"properties":{"namn":null,"typ":"distribution","spanning_kv":45.0,"volt_klass":1,"kapacitet_mw":null,"operator":null}},{"type":"Feature","geometry":{"type":"Point","coordinates":[13.6465,57.82788]},"properties":{"namn":null,"typ":"distribution","spanning_kv":45.0,"volt_klass":1,"kapacitet_mw":null,"operator":null}},{"type":"Feature","geometry":{"type":"Point","coordinates":[13.36179,57.67034]},"properties":{"namn":null,"typ":"distribution","spanning_kv":45.0,"volt_klass":1,"kapacitet_mw":null,"operator":null}},{"type":"Feature","geometry":{"type":"Point","coordinates":[15.14783,60.04755]},"properties":{"namn":null,"typ":null,"spanning_kv":null,"volt_klass":0,"kapacitet_mw":null,"operator":null}},{"type":"Feature","geometry":{"type":"Point","coordinates":[18.08256,59.26516]},"properties":{"namn":null,"typ":null,"spanning_kv":null,"volt_klass":0,"kapacitet_mw":null,"operator":null}},{"type":"Feature","geometry":{"type":"Point","coordinates":[13.86135,58.07185]},"properties":{"namn":null,"typ":"distribution","spanning_kv":132.0,"volt_klass":2,"kapacitet_mw":null,"operator":null}},{"type":"Feature","geometry":{"type":"Point","coordinates":[13.42638,58.37423]},"properties":{"namn":null,"typ":null,"spanning_kv":null,"volt_klass":0,"kapacitet_mw":null,"operator":null}},{"type":"Feature","geometry":{"type":"Point","coordinates":[13.48444,58.2615]},"properties":{"namn":null,"typ":"distribution","spanning_kv":45.0,"volt_klass":1,"kapacitet_mw":null,"operator":null}},{"type":"Feature","geometry":{"type":"Point","coordinates":[13.34346,58.37856]},"properties":{"namn":null,"typ":"distribution","spanning_kv":45.0,"volt_klass":1,"kapacitet_mw":null,"operator":null}},{"type":"Feature","geometry":{"type":"Point","coordinates":[12.98769,60.12857]},"properties":{"namn":"Västanå","typ":"distribution","spanning_kv":132.0,"volt_klass":2,"kapacitet_mw":null,"operator":null}},{"type":"Feature","geometry":{"type":"Point","coordinates":[12.70971,60.29404]},"properties":{"namn":"Röjdåfors kraftstation","typ":"transmission","spanning_kv":132.0,"volt_klass":2,"kapacitet_mw":null,"operator":null}},{"type":"Feature","geometry":{"type":"Point","coordinates":[12.78622,60.74638]},"properties":{"namn":null,"typ":null,"spanning_kv":null,"volt_klass":0,"kapacitet_mw":null,"operator":null}},{"type":"Feature","geometry":{"type":"Point","coordinates":[18.20746,59.36057]},"properties":{"namn":null,"typ":null,"spanning_kv":null,"volt_klass":0,"kapacitet_mw":null,"operator":null}},{"type":"Feature","geometry":{"type":"Point","coordinates":[15.43539,59.32202]},"properties":{"namn":null,"typ":"yes","spanning_kv":null,"volt_klass":0,"kapacitet_mw":null,"operator":"E.ON"}},{"type":"Feature","geometry":{"type":"Point","coordinates":[11.84575,57.70076]},"properties":{"namn":null,"typ":null,"spanning_kv":null,"volt_klass":0,"kapacitet_mw":null,"operator":null}},{"type":"Feature","geometry":{"type":"Point","coordinates":[14.66708,56.4002]},"properties":{"namn":null,"typ":null,"spanning_kv":null,"volt_klass":0,"kapacitet_mw":null,"operator":null}},{"type":"Feature","geometry":{"type":"Point","coordinates":[15.29654,56.2671]},"properties":{"namn":null,"typ":null,"spanning_kv":null,"volt_klass":0,"kapacitet_mw":null,"operator":null}},{"type":"Feature","geometry":{"type":"Point","coordinates":[16.51128,59.58907]},"properties":{"namn":null,"typ":null,"spanning_kv":null,"volt_klass":0,"kapacitet_mw":null,"operator":null}},{"type":"Feature","geometry":{"type":"Point","coordinates":[20.86457,66.22207]},"properties":{"namn":"Laxede","typ":"transmission","spanning_kv":130.0,"volt_klass":2,"kapacitet_mw":null,"operator":"Vattenfall"}},{"type":"Feature","geometry":{"type":"Point","coordinates":[17.32517,62.39452]},"properties":{"namn":null,"typ":null,"spanning_kv":null,"volt_klass":0,"kapacitet_mw":null,"operator":null}},{"type":"Feature","geometry":{"type":"Point","coordinates":[15.43706,60.47508]},"properties":{"namn":"T-213","typ":"minor_distribution","spanning_kv":null,"volt_klass":0,"kapacitet_mw":null,"operator":"Borlänge Energi"}},{"type":"Feature","geometry":{"type":"Point","coordinates":[15.56185,58.36646]},"properties":{"namn":null,"typ":null,"spanning_kv":null,"volt_klass":0,"kapacitet_mw":null,"operator":null}},{"type":"Feature","geometry":{"type":"Point","coordinates":[15.57241,58.36725]},"properties":{"namn":null,"typ":null,"spanning_kv":null,"volt_klass":0,"kapacitet_mw":null,"operator":null}},{"type":"Feature","geometry":{"type":"Point","coordinates":[17.53167,60.01467]},"properties":{"namn":null,"typ":null,"spanning_kv":null,"volt_klass":0,"kapacitet_mw":null,"operator":null}},{"type":"Feature","geometry":{"type":"Point","coordinates":[17.34295,59.98172]},"properties":{"namn":null,"typ":null,"spanning_kv":null,"volt_klass":0,"kapacitet_mw":null,"operator":null}},{"type":"Feature","geometry":{"type":"Point","coordinates":[17.13212,60.62527]},"properties":{"namn":null,"typ":null,"spanning_kv":null,"volt_klass":0,"kapacitet_mw":null,"operator":null}},{"type":"Feature","geometry":{"type":"Point","coordinates":[17.2572,60.64924]},"properties":{"namn":null,"typ":null,"spanning_kv":null,"volt_klass":0,"kapacitet_mw":null,"operator":null}},{"type":"Feature","geometry":{"type":"Point","coordinates":[17.28608,60.68088]},"properties":{"namn":null,"typ":null,"spanning_kv":null,"volt_klass":0,"kapacitet_mw":null,"operator":null}},{"type":"Feature","geometry":{"type":"Point","coordinates":[17.27295,60.67793]},"properties":{"namn":null,"typ":null,"spanning_kv":null,"volt_klass":0,"kapacitet_mw":null,"operator":null}},{"type":"Feature","geometry":{"type":"Point","coordinates":[15.66207,60.60373]},"properties":{"namn":null,"typ":null,"spanning_kv":null,"volt_klass":0,"kapacitet_mw":null,"operator":null}},{"type":"Feature","geometry":{"type":"Point","coordinates":[11.95709,57.86568]},"properties":{"namn":null,"typ":"minor_distribution","spanning_kv":null,"volt_klass":0,"kapacitet_mw":null,"operator":"Kungälv Energi"}},{"type":"Feature","geometry":{"type":"Point","coordinates":[14.70037,56.01518]},"properties":{"namn":null,"typ":"minor_distribution","spanning_kv":null,"volt_klass":0,"kapacitet_mw":null,"operator":null}},{"type":"Feature","geometry":{"type":"Point","coordinates":[14.71983,56.01246]},"properties":{"namn":null,"typ":"substation","spanning_kv":null,"volt_klass":0,"kapacitet_mw":null,"operator":null}},{"type":"Feature","geometry":{"type":"Point","coordinates":[13.45152,59.36599]},"properties":{"namn":null,"typ":"minor_distribution","spanning_kv":null,"volt_klass":0,"kapacitet_mw":null,"operator":null}},{"type":"Feature","geometry":{"type":"Point","coordinates":[15.58803,60.61082]},"properties":{"namn":null,"typ":"minor_distribution","spanning_kv":null,"volt_klass":0,"kapacitet_mw":null,"operator":"Falu Energi & Vatten AB"}},{"type":"Feature","geometry":{"type":"Point","coordinates":[15.58016,60.60854]},"properties":{"namn":"T585 Vimmelmoravägen","typ":"minor_distribution","spanning_kv":null,"volt_klass":0,"kapacitet_mw":null,"operator":"Falu Energi & Vatten AB"}},{"type":"Feature","geometry":{"type":"Point","coordinates":[14.98297,62.52013]},"properties":{"namn":null,"typ":null,"spanning_kv":null,"volt_klass":0,"kapacitet_mw":null,"operator":null}},{"type":"Feature","geometry":{"type":"Point","coordinates":[11.96334,57.68483]},"properties":{"namn":null,"typ":"minor_distribution","spanning_kv":null,"volt_klass":0,"kapacitet_mw":null,"operator":null}},{"type":"Feature","geometry":{"type":"Point","coordinates":[11.97932,57.68353]},"properties":{"namn":null,"typ":"minor_distribution","spanning_kv":null,"volt_klass":0,"kapacitet_mw":null,"operator":null}},{"type":"Feature","geometry":{"type":"Point","coordinates":[11.98311,57.68444]},"properties":{"namn":null,"typ":"minor_distribution","spanning_kv":null,"volt_klass":0,"kapacitet_mw":null,"operator":null}},{"type":"Feature","geometry":{"type":"Point","coordinates":[15.84209,59.59605]},"properties":{"namn":null,"typ":null,"spanning_kv":null,"volt_klass":0,"kapacitet_mw":null,"operator":null}},{"type":"Feature","geometry":{"type":"Point","coordinates":[11.98217,57.86908]},"properties":{"namn":null,"typ":"minor_distribution","spanning_kv":null,"volt_klass":0,"kapacitet_mw":null,"operator":"Kungälv Energi"}},{"type":"Feature","geometry":{"type":"Point","coordinates":[11.97099,57.8726]},"properties":{"namn":null,"typ":"minor_distribution","spanning_kv":null,"volt_klass":0,"kapacitet_mw":null,"operator":"Kungälv Energi"}},{"type":"Feature","geometry":{"type":"Point","coordinates":[11.964,57.86545]},"properties":{"namn":null,"typ":"minor_distribution","spanning_kv":null,"volt_klass":0,"kapacitet_mw":null,"operator":"Kungälv Energi"}},{"type":"Feature","geometry":{"type":"Point","coordinates":[12.05418,57.75815]},"properties":{"namn":null,"typ":"minor_distribution","spanning_kv":null,"volt_klass":0,"kapacitet_mw":null,"operator":null}},{"type":"Feature","geometry":{"type":"Point","coordinates":[11.96514,57.87255]},"properties":{"namn":null,"typ":"minor_distribution","spanning_kv":null,"volt_klass":0,"kapacitet_mw":null,"operator":"Kungälv Energi"}},{"type":"Feature","geometry":{"type":"Point","coordinates":[20.94529,64.72185]},"properties":{"namn":null,"typ":null,"spanning_kv":null,"volt_klass":0,"kapacitet_mw":null,"operator":null}},{"type":"Feature","geometry":{"type":"Point","coordinates":[11.97665,57.87129]},"properties":{"namn":null,"typ":"minor_distribution","spanning_kv":null,"volt_klass":0,"kapacitet_mw":null,"operator":"Kungälv Energi"}},{"type":"Feature","geometry":{"type":"Point","coordinates":[11.98078,57.8726]},"properties":{"namn":null,"typ":"minor_distribution","spanning_kv":null,"volt_klass":0,"kapacitet_mw":null,"operator":"Kungälv Energi"}},{"type":"Feature","geometry":{"type":"Point","coordinates":[12.00494,57.86604]},"properties":{"namn":null,"typ":"minor_distribution","spanning_kv":null,"volt_klass":0,"kapacitet_mw":null,"operator":"Kungälv Energi"}},{"type":"Feature","geometry":{"type":"Point","coordinates":[11.96452,57.69209]},"properties":{"namn":null,"typ":"distribution","spanning_kv":null,"volt_klass":0,"kapacitet_mw":null,"operator":null}},{"type":"Feature","geometry":{"type":"Point","coordinates":[11.97356,57.87281]},"properties":{"namn":null,"typ":"minor_distribution","spanning_kv":null,"volt_klass":0,"kapacitet_mw":null,"operator":"Kungälv Energi"}},{"type":"Feature","geometry":{"type":"Point","coordinates":[11.97103,57.69039]},"properties":{"namn":null,"typ":null,"spanning_kv":null,"volt_klass":0,"kapacitet_mw":null,"operator":null}},{"type":"Feature","geometry":{"type":"Point","coordinates":[22.63297,65.9159]},"properties":{"namn":null,"typ":"distribution","spanning_kv":40.0,"volt_klass":1,"kapacitet_mw":null,"operator":null}},{"type":"Feature","geometry":{"type":"Point","coordinates":[22.67714,65.90797]},"properties":{"namn":null,"typ":"minor_distribution","spanning_kv":null,"volt_klass":0,"kapacitet_mw":null,"operator":null}},{"type":"Feature","geometry":{"type":"Point","coordinates":[22.66823,65.90792]},"properties":{"namn":null,"typ":"minor_distribution","spanning_kv":null,"volt_klass":0,"kapacitet_mw":null,"operator":null}},{"type":"Feature","geometry":{"type":"Point","coordinates":[11.95282,57.8662]},"properties":{"namn":null,"typ":"minor_distribution","spanning_kv":null,"volt_klass":0,"kapacitet_mw":null,"operator":"Kungälv Energi"}},{"type":"Feature","geometry":{"type":"Point","coordinates":[11.9562,57.6843]},"properties":{"namn":null,"typ":"minor_distribution","spanning_kv":null,"volt_klass":0,"kapacitet_mw":null,"operator":null}},{"type":"Feature","geometry":{"type":"Point","coordinates":[22.64861,65.91974]},"properties":{"namn":null,"typ":"minor_distribution","spanning_kv":null,"volt_klass":0,"kapacitet_mw":null,"operator":null}},{"type":"Feature","geometry":{"type":"Point","coordinates":[20.32355,66.67854]},"properties":{"namn":null,"typ":null,"spanning_kv":null,"volt_klass":0,"kapacitet_mw":null,"operator":"Svenska Kraftnät"}},{"type":"Feature","geometry":{"type":"Point","coordinates":[13.47534,59.37527]},"properties":{"namn":null,"typ":"minor_distribution","spanning_kv":null,"volt_klass":0,"kapacitet_mw":null,"operator":null}},{"type":"Feature","geometry":{"type":"Point","coordinates":[18.55224,59.27843]},"properties":{"namn":null,"typ":"minor_distribution","spanning_kv":null,"volt_klass":0,"kapacitet_mw":null,"operator":null}},{"type":"Feature","geometry":{"type":"Point","coordinates":[13.47975,58.51466]},"properties":{"namn":null,"typ":null,"spanning_kv":null,"volt_klass":0,"kapacitet_mw":null,"operator":null}},{"type":"Feature","geometry":{"type":"Point","coordinates":[14.56112,56.24769]},"properties":{"namn":null,"typ":null,"spanning_kv":null,"volt_klass":0,"kapacitet_mw":null,"operator":"Olofströms kraft AB"}},{"type":"Feature","geometry":{"type":"Point","coordinates":[18.09189,59.28821]},"properties":{"namn":null,"typ":null,"spanning_kv":null,"volt_klass":0,"kapacitet_mw":null,"operator":null}},{"type":"Feature","geometry":{"type":"Point","coordinates":[18.2059,59.34053]},"properties":{"namn":null,"typ":null,"spanning_kv":null,"volt_klass":0,"kapacitet_mw":null,"operator":null}},{"type":"Feature","geometry":{"type":"Point","coordinates":[18.20183,59.34029]},"properties":{"namn":null,"typ":null,"spanning_kv":null,"volt_klass":0,"kapacitet_mw":null,"operator":null}},{"type":"Feature","geometry":{"type":"Point","coordinates":[12.45211,56.30115]},"properties":{"namn":null,"typ":"minor_distribution","spanning_kv":null,"volt_klass":0,"kapacitet_mw":null,"operator":null}},{"type":"Feature","geometry":{"type":"Point","coordinates":[13.50535,59.32717]},"properties":{"namn":null,"typ":"minor_distribution","spanning_kv":null,"volt_klass":0,"kapacitet_mw":null,"operator":null}},{"type":"Feature","geometry":{"type":"Point","coordinates":[18.2296,59.35217]},"properties":{"namn":null,"typ":null,"spanning_kv":null,"volt_klass":0,"kapacitet_mw":null,"operator":null}},{"type":"Feature","geometry":{"type":"Point","coordinates":[18.22858,59.34975]},"properties":{"namn":null,"typ":null,"spanning_kv":null,"volt_klass":0,"kapacitet_mw":null,"operator":null}},{"type":"Feature","geometry":{"type":"Point","coordinates":[13.32301,60.98939]},"properties":{"namn":null,"typ":null,"spanning_kv":50.0,"volt_klass":2,"kapacitet_mw":null,"operator":null}},{"type":"Feature","geometry":{"type":"Point","coordinates":[12.08443,57.77988]},"properties":{"namn":null,"typ":null,"spanning_kv":null,"volt_klass":0,"kapacitet_mw":null,"operator":null}},{"type":"Feature","geometry":{"type":"Point","coordinates":[16.59678,59.91797]},"properties":{"namn":null,"typ":"minor_distribution","spanning_kv":null,"volt_klass":0,"kapacitet_mw":null,"operator":null}},{"type":"Feature","geometry":{"type":"Point","coordinates":[11.93628,57.67416]},"properties":{"namn":null,"typ":"minor_distribution","spanning_kv":null,"volt_klass":0,"kapacitet_mw":null,"operator":null}},{"type":"Feature","geometry":{"type":"Point","coordinates":[12.02946,57.92104]},"properties":{"namn":null,"typ":null,"spanning_kv":null,"volt_klass":0,"kapacitet_mw":null,"operator":null}},{"type":"Feature","geometry":{"type":"Point","coordinates":[18.03531,59.29152]},"properties":{"namn":null,"typ":null,"spanning_kv":null,"volt_klass":0,"kapacitet_mw":null,"operator":null}},{"type":"Feature","geometry":{"type":"Point","coordinates":[18.2006,59.35101]},"properties":{"namn":null,"typ":null,"spanning_kv":null,"volt_klass":0,"kapacitet_mw":null,"operator":null}},{"type":"Feature","geometry":{"type":"Point","coordinates":[15.15537,57.79446]},"properties":{"namn":null,"typ":null,"spanning_kv":null,"volt_klass":0,"kapacitet_mw":null,"operator":"E.ON"}},{"type":"Feature","geometry":{"type":"Point","coordinates":[18.20753,59.3525]},"properties":{"namn":null,"typ":"minor_distribution","spanning_kv":null,"volt_klass":0,"kapacitet_mw":null,"operator":null}},{"type":"Feature","geometry":{"type":"Point","coordinates":[18.17301,60.17256]},"properties":{"namn":null,"typ":null,"spanning_kv":null,"volt_klass":0,"kapacitet_mw":null,"operator":null}},{"type":"Feature","geometry":{"type":"Point","coordinates":[18.17804,60.16732]},"properties":{"namn":null,"typ":"lokal_distributionq","spanning_kv":null,"volt_klass":0,"kapacitet_mw":null,"operator":null}},{"type":"Feature","geometry":{"type":"Point","coordinates":[18.18928,60.17149]},"properties":{"namn":null,"typ":"minor_distribution","spanning_kv":null,"volt_klass":0,"kapacitet_mw":null,"operator":null}},{"type":"Feature","geometry":{"type":"Point","coordinates":[11.94457,57.86988]},"properties":{"namn":null,"typ":"minor_distribution","spanning_kv":null,"volt_klass":0,"kapacitet_mw":null,"operator":"Kungälv Energi"}},{"type":"Feature","geometry":{"type":"Point","coordinates":[16.39967,61.35893]},"properties":{"namn":null,"typ":null,"spanning_kv":130.0,"volt_klass":2,"kapacitet_mw":null,"operator":null}},{"type":"Feature","geometry":{"type":"Point","coordinates":[18.20692,59.35492]},"properties":{"namn":null,"typ":null,"spanning_kv":null,"volt_klass":0,"kapacitet_mw":null,"operator":null}},{"type":"Feature","geometry":{"type":"Point","coordinates":[18.21262,59.35718]},"properties":{"namn":null,"typ":null,"spanning_kv":null,"volt_klass":0,"kapacitet_mw":null,"operator":null}},{"type":"Feature","geometry":{"type":"Point","coordinates":[11.93492,57.7275]},"properties":{"namn":null,"typ":"minor_distribution","spanning_kv":null,"volt_klass":0,"kapacitet_mw":null,"operator":null}},{"type":"Feature","geometry":{"type":"Point","coordinates":[15.60724,62.32266]},"properties":{"namn":null,"typ":null,"spanning_kv":400.0,"volt_klass":4,"kapacitet_mw":null,"operator":null}},{"type":"Feature","geometry":{"type":"Point","coordinates":[18.16222,60.17183]},"properties":{"namn":null,"typ":"minor_distribution","spanning_kv":null,"volt_klass":0,"kapacitet_mw":null,"operator":null}},{"type":"Feature","geometry":{"type":"Point","coordinates":[15.41651,60.47491]},"properties":{"namn":null,"typ":null,"spanning_kv":null,"volt_klass":0,"kapacitet_mw":null,"operator":null}},{"type":"Feature","geometry":{"type":"Point","coordinates":[15.41868,60.47731]},"properties":{"namn":null,"typ":null,"spanning_kv":null,"volt_klass":0,"kapacitet_mw":null,"operator":null}},{"type":"Feature","geometry":{"type":"Point","coordinates":[18.1792,60.17189]},"properties":{"namn":null,"typ":null,"spanning_kv":null,"volt_klass":0,"kapacitet_mw":null,"operator":null}},{"type":"Feature","geometry":{"type":"Point","coordinates":[16.17259,65.42695]},"properties":{"namn":null,"typ":null,"spanning_kv":null,"volt_klass":0,"kapacitet_mw":null,"operator":null}},{"type":"Feature","geometry":{"type":"Point","coordinates":[18.17553,60.17356]},"properties":{"namn":null,"typ":null,"spanning_kv":null,"volt_klass":0,"kapacitet_mw":null,"operator":null}},{"type":"Feature","geometry":{"type":"Point","coordinates":[15.04349,65.83549]},"properties":{"namn":null,"typ":null,"spanning_kv":null,"volt_klass":0,"kapacitet_mw":null,"operator":null}},{"type":"Feature","geometry":{"type":"Point","coordinates":[11.93761,57.72104]},"properties":{"namn":null,"typ":"minor_distribution","spanning_kv":null,"volt_klass":0,"kapacitet_mw":null,"operator":null}},{"type":"Feature","geometry":{"type":"Point","coordinates":[13.58471,58.17808]},"properties":{"namn":null,"typ":"minor_distribution","spanning_kv":null,"volt_klass":0,"kapacitet_mw":null,"operator":null}},{"type":"Feature","geometry":{"type":"Point","coordinates":[13.57818,58.17914]},"properties":{"namn":null,"typ":"minor_distribution","spanning_kv":null,"volt_klass":0,"kapacitet_mw":null,"operator":null}},{"type":"Feature","geometry":{"type":"Point","coordinates":[17.23022,59.10133]},"properties":{"namn":null,"typ":"minor_distribution","spanning_kv":null,"volt_klass":0,"kapacitet_mw":null,"operator":"Vattenfall"}},{"type":"Feature","geometry":{"type":"Point","coordinates":[14.37847,57.92921]},"properties":{"namn":null,"typ":null,"spanning_kv":null,"volt_klass":0,"kapacitet_mw":null,"operator":null}},{"type":"Feature","geometry":{"type":"Point","coordinates":[13.73759,57.35624]},"properties":{"namn":"Gnosjö","typ":"distribution","spanning_kv":45.0,"volt_klass":1,"kapacitet_mw":null,"operator":null}},{"type":"Feature","geometry":{"type":"Point","coordinates":[16.20809,59.6262]},"properties":{"namn":null,"typ":null,"spanning_kv":null,"volt_klass":0,"kapacitet_mw":null,"operator":null}},{"type":"Feature","geometry":{"type":"Point","coordinates":[18.07874,63.25704]},"properties":{"namn":null,"typ":null,"spanning_kv":null,"volt_klass":0,"kapacitet_mw":null,"operator":null}},{"type":"Feature","geometry":{"type":"Point","coordinates":[18.07291,63.25801]},"properties":{"namn":null,"typ":null,"spanning_kv":null,"volt_klass":0,"kapacitet_mw":null,"operator":null}},{"type":"Feature","geometry":{"type":"Point","coordinates":[16.39,59.86707]},"properties":{"namn":null,"typ":null,"spanning_kv":null,"volt_klass":0,"kapacitet_mw":null,"operator":null}},{"type":"Feature","geometry":{"type":"Point","coordinates":[22.64522,65.9164]},"properties":{"namn":null,"typ":"minor_distribution","spanning_kv":null,"volt_klass":0,"kapacitet_mw":null,"operator":null}},{"type":"Feature","geometry":{"type":"Point","coordinates":[16.14061,58.78114]},"properties":{"namn":null,"typ":null,"spanning_kv":null,"volt_klass":0,"kapacitet_mw":null,"operator":null}},{"type":"Feature","geometry":{"type":"Point","coordinates":[17.74765,59.47613]},"properties":{"namn":null,"typ":null,"spanning_kv":null,"volt_klass":0,"kapacitet_mw":null,"operator":null}},{"type":"Feature","geometry":{"type":"Point","coordinates":[15.84293,62.54262]},"properties":{"namn":null,"typ":null,"spanning_kv":null,"volt_klass":0,"kapacitet_mw":null,"operator":null}},{"type":"Feature","geometry":{"type":"Point","coordinates":[22.64421,65.91612]},"properties":{"namn":null,"typ":"minor_distribution","spanning_kv":null,"volt_klass":0,"kapacitet_mw":null,"operator":null}},{"type":"Feature","geometry":{"type":"Point","coordinates":[22.64623,65.91164]},"properties":{"namn":null,"typ":"minor_distribution","spanning_kv":null,"volt_klass":0,"kapacitet_mw":null,"operator":null}},{"type":"Feature","geometry":{"type":"Point","coordinates":[14.01084,57.18939]},"properties":{"namn":null,"typ":"minor_distribution","spanning_kv":null,"volt_klass":0,"kapacitet_mw":null,"operator":null}},{"type":"Feature","geometry":{"type":"Point","coordinates":[13.84153,58.39857]},"properties":{"namn":null,"typ":null,"spanning_kv":null,"volt_klass":0,"kapacitet_mw":null,"operator":null}},{"type":"Feature","geometry":{"type":"Point","coordinates":[15.77737,58.71801]},"properties":{"namn":null,"typ":null,"spanning_kv":null,"volt_klass":0,"kapacitet_mw":null,"operator":null}},{"type":"Feature","geometry":{"type":"Point","coordinates":[14.91466,59.68168]},"properties":{"namn":null,"typ":null,"spanning_kv":null,"volt_klass":0,"kapacitet_mw":null,"operator":null}},{"type":"Feature","geometry":{"type":"Point","coordinates":[16.38571,61.31725]},"properties":{"namn":null,"typ":null,"spanning_kv":130.0,"volt_klass":2,"kapacitet_mw":null,"operator":null}},{"type":"Feature","geometry":{"type":"Point","coordinates":[15.31514,60.13984]},"properties":{"namn":null,"typ":null,"spanning_kv":null,"volt_klass":0,"kapacitet_mw":null,"operator":null}},{"type":"Feature","geometry":{"type":"Point","coordinates":[14.9686,60.14659]},"properties":{"namn":null,"typ":null,"spanning_kv":null,"volt_klass":0,"kapacitet_mw":null,"operator":null}},{"type":"Feature","geometry":{"type":"Point","coordinates":[13.35697,61.33409]},"properties":{"namn":null,"typ":null,"spanning_kv":50.0,"volt_klass":2,"kapacitet_mw":null,"operator":null}},{"type":"Feature","geometry":{"type":"Point","coordinates":[13.70069,60.70263]},"properties":{"namn":null,"typ":null,"spanning_kv":50.0,"volt_klass":2,"kapacitet_mw":null,"operator":null}},{"type":"Feature","geometry":{"type":"Point","coordinates":[15.30431,59.7752]},"properties":{"namn":null,"typ":null,"spanning_kv":null,"volt_klass":0,"kapacitet_mw":null,"operator":null}},{"type":"Feature","geometry":{"type":"Point","coordinates":[15.31058,59.88974]},"properties":{"namn":null,"typ":null,"spanning_kv":null,"volt_klass":0,"kapacitet_mw":null,"operator":null}},{"type":"Feature","geometry":{"type":"Point","coordinates":[16.57572,61.79923]},"properties":{"namn":null,"typ":null,"spanning_kv":null,"volt_klass":0,"kapacitet_mw":null,"operator":null}},{"type":"Feature","geometry":{"type":"Point","coordinates":[16.04571,59.90938]},"properties":{"namn":null,"typ":null,"spanning_kv":null,"volt_klass":0,"kapacitet_mw":null,"operator":null}},{"type":"Feature","geometry":{"type":"Point","coordinates":[14.19255,59.97346]},"properties":{"namn":null,"typ":null,"spanning_kv":null,"volt_klass":0,"kapacitet_mw":null,"operator":null}},{"type":"Feature","geometry":{"type":"Point","coordinates":[14.32114,59.99404]},"properties":{"namn":null,"typ":null,"spanning_kv":null,"volt_klass":0,"kapacitet_mw":null,"operator":null}},{"type":"Feature","geometry":{"type":"Point","coordinates":[14.77409,60.04393]},"properties":{"namn":null,"typ":null,"spanning_kv":null,"volt_klass":0,"kapacitet_mw":null,"operator":null}},{"type":"Feature","geometry":{"type":"Point","coordinates":[14.12301,60.73773]},"properties":{"namn":null,"typ":null,"spanning_kv":null,"volt_klass":0,"kapacitet_mw":null,"operator":null}},{"type":"Feature","geometry":{"type":"Point","coordinates":[14.47732,61.12571]},"properties":{"namn":null,"typ":null,"spanning_kv":null,"volt_klass":0,"kapacitet_mw":null,"operator":null}},{"type":"Feature","geometry":{"type":"Point","coordinates":[15.19304,61.84381]},"properties":{"namn":null,"typ":null,"spanning_kv":400.0,"volt_klass":4,"kapacitet_mw":null,"operator":null}},{"type":"Feature","geometry":{"type":"Point","coordinates":[15.10971,62.07836]},"properties":{"namn":null,"typ":null,"spanning_kv":null,"volt_klass":0,"kapacitet_mw":null,"operator":null}},{"type":"Feature","geometry":{"type":"Point","coordinates":[15.11064,62.07799]},"properties":{"namn":null,"typ":null,"spanning_kv":null,"volt_klass":0,"kapacitet_mw":null,"operator":null}},{"type":"Feature","geometry":{"type":"Point","coordinates":[15.85785,65.47548]},"properties":{"namn":null,"typ":null,"spanning_kv":null,"volt_klass":0,"kapacitet_mw":null,"operator":null}},{"type":"Feature","geometry":{"type":"Point","coordinates":[21.67324,65.44011]},"properties":{"namn":null,"typ":null,"spanning_kv":null,"volt_klass":0,"kapacitet_mw":null,"operator":null}},{"type":"Feature","geometry":{"type":"Point","coordinates":[21.80529,65.54507]},"properties":{"namn":null,"typ":null,"spanning_kv":null,"volt_klass":0,"kapacitet_mw":null,"operator":null}},{"type":"Feature","geometry":{"type":"Point","coordinates":[21.50549,65.41383]},"properties":{"namn":null,"typ":null,"spanning_kv":null,"volt_klass":0,"kapacitet_mw":null,"operator":null}},{"type":"Feature","geometry":{"type":"Point","coordinates":[12.00379,57.72295]},"properties":{"namn":null,"typ":null,"spanning_kv":null,"volt_klass":0,"kapacitet_mw":null,"operator":null}},{"type":"Feature","geometry":{"type":"Point","coordinates":[12.05291,57.85341]},"properties":{"namn":null,"typ":null,"spanning_kv":null,"volt_klass":0,"kapacitet_mw":null,"operator":null}},{"type":"Feature","geometry":{"type":"Point","coordinates":[14.09314,57.35346]},"properties":{"namn":null,"typ":null,"spanning_kv":null,"volt_klass":0,"kapacitet_mw":null,"operator":null}},{"type":"Feature","geometry":{"type":"Point","coordinates":[14.08697,57.43346]},"properties":{"namn":null,"typ":null,"spanning_kv":null,"volt_klass":0,"kapacitet_mw":null,"operator":null}},{"type":"Feature","geometry":{"type":"Point","coordinates":[12.51342,57.78174]},"properties":{"namn":null,"typ":null,"spanning_kv":null,"volt_klass":0,"kapacitet_mw":null,"operator":null}},{"type":"Feature","geometry":{"type":"Point","coordinates":[13.64928,58.65352]},"properties":{"namn":null,"typ":null,"spanning_kv":null,"volt_klass":0,"kapacitet_mw":null,"operator":null}},{"type":"Feature","geometry":{"type":"Point","coordinates":[13.92692,58.75531]},"properties":{"namn":null,"typ":null,"spanning_kv":null,"volt_klass":0,"kapacitet_mw":null,"operator":null}},{"type":"Feature","geometry":{"type":"Point","coordinates":[14.42463,58.58502]},"properties":{"namn":null,"typ":null,"spanning_kv":null,"volt_klass":0,"kapacitet_mw":null,"operator":null}},{"type":"Feature","geometry":{"type":"Point","coordinates":[14.40678,58.48893]},"properties":{"namn":null,"typ":null,"spanning_kv":null,"volt_klass":0,"kapacitet_mw":null,"operator":null}},{"type":"Feature","geometry":{"type":"Point","coordinates":[14.32335,58.47325]},"properties":{"namn":null,"typ":null,"spanning_kv":null,"volt_klass":0,"kapacitet_mw":null,"operator":null}},{"type":"Feature","geometry":{"type":"Point","coordinates":[14.15872,58.4188]},"properties":{"namn":null,"typ":null,"spanning_kv":null,"volt_klass":0,"kapacitet_mw":null,"operator":null}},{"type":"Feature","geometry":{"type":"Point","coordinates":[13.7962,58.28649]},"properties":{"namn":null,"typ":null,"spanning_kv":null,"volt_klass":0,"kapacitet_mw":null,"operator":null}},{"type":"Feature","geometry":{"type":"Point","coordinates":[13.84696,57.99534]},"properties":{"namn":null,"typ":null,"spanning_kv":null,"volt_klass":0,"kapacitet_mw":null,"operator":null}},{"type":"Feature","geometry":{"type":"Point","coordinates":[13.55143,58.02528]},"properties":{"namn":null,"typ":null,"spanning_kv":null,"volt_klass":0,"kapacitet_mw":null,"operator":null}},{"type":"Feature","geometry":{"type":"Point","coordinates":[13.43287,57.85324]},"properties":{"namn":null,"typ":null,"spanning_kv":null,"volt_klass":0,"kapacitet_mw":null,"operator":null}},{"type":"Feature","geometry":{"type":"Point","coordinates":[14.01184,56.91445]},"properties":{"namn":null,"typ":null,"spanning_kv":null,"volt_klass":0,"kapacitet_mw":null,"operator":null}},{"type":"Feature","geometry":{"type":"Point","coordinates":[13.45599,56.5051]},"properties":{"namn":null,"typ":null,"spanning_kv":null,"volt_klass":0,"kapacitet_mw":null,"operator":null}},{"type":"Feature","geometry":{"type":"Point","coordinates":[16.75181,60.6119]},"properties":{"namn":null,"typ":null,"spanning_kv":null,"volt_klass":0,"kapacitet_mw":null,"operator":null}},{"type":"Feature","geometry":{"type":"Point","coordinates":[17.96276,60.59767]},"properties":{"namn":null,"typ":null,"spanning_kv":null,"volt_klass":0,"kapacitet_mw":null,"operator":null}},{"type":"Feature","geometry":{"type":"Point","coordinates":[16.0448,56.38615]},"properties":{"namn":null,"typ":null,"spanning_kv":null,"volt_klass":0,"kapacitet_mw":null,"operator":null}},{"type":"Feature","geometry":{"type":"Point","coordinates":[17.67162,60.04638]},"properties":{"namn":null,"typ":null,"spanning_kv":70.0,"volt_klass":2,"kapacitet_mw":null,"operator":null}},{"type":"Feature","geometry":{"type":"Point","coordinates":[13.66015,63.22232]},"properties":{"namn":"Sällsjö","typ":null,"spanning_kv":220.0,"volt_klass":3,"kapacitet_mw":null,"operator":null}},{"type":"Feature","geometry":{"type":"Point","coordinates":[16.44137,59.72034]},"properties":{"namn":null,"typ":null,"spanning_kv":null,"volt_klass":0,"kapacitet_mw":null,"operator":null}},{"type":"Feature","geometry":{"type":"Point","coordinates":[15.80802,59.1322]},"properties":{"namn":null,"typ":null,"spanning_kv":null,"volt_klass":0,"kapacitet_mw":null,"operator":null}},{"type":"Feature","geometry":{"type":"Point","coordinates":[15.50494,59.76261]},"properties":{"namn":null,"typ":null,"spanning_kv":null,"volt_klass":0,"kapacitet_mw":null,"operator":null}},{"type":"Feature","geometry":{"type":"Point","coordinates":[12.41905,57.82189]},"properties":{"namn":null,"typ":null,"spanning_kv":null,"volt_klass":0,"kapacitet_mw":null,"operator":null}},{"type":"Feature","geometry":{"type":"Point","coordinates":[14.01108,58.60015]},"properties":{"namn":null,"typ":null,"spanning_kv":null,"volt_klass":0,"kapacitet_mw":null,"operator":null}},{"type":"Feature","geometry":{"type":"Point","coordinates":[13.77118,58.52953]},"properties":{"namn":null,"typ":null,"spanning_kv":null,"volt_klass":0,"kapacitet_mw":null,"operator":null}},{"type":"Feature","geometry":{"type":"Point","coordinates":[12.32093,58.30535]},"properties":{"namn":null,"typ":null,"spanning_kv":null,"volt_klass":0,"kapacitet_mw":null,"operator":null}},{"type":"Feature","geometry":{"type":"Point","coordinates":[14.13232,57.51053]},"properties":{"namn":null,"typ":null,"spanning_kv":null,"volt_klass":0,"kapacitet_mw":null,"operator":null}},{"type":"Feature","geometry":{"type":"Point","coordinates":[14.44572,58.92017]},"properties":{"namn":null,"typ":null,"spanning_kv":null,"volt_klass":0,"kapacitet_mw":null,"operator":null}},{"type":"Feature","geometry":{"type":"Point","coordinates":[14.00451,56.76335]},"properties":{"namn":null,"typ":null,"spanning_kv":null,"volt_klass":0,"kapacitet_mw":null,"operator":null}},{"type":"Feature","geometry":{"type":"Point","coordinates":[12.76919,59.28008]},"properties":{"namn":null,"typ":null,"spanning_kv":null,"volt_klass":0,"kapacitet_mw":null,"operator":null}},{"type":"Feature","geometry":{"type":"Point","coordinates":[12.30652,59.30498]},"properties":{"namn":null,"typ":null,"spanning_kv":null,"volt_klass":0,"kapacitet_mw":null,"operator":null}},{"type":"Feature","geometry":{"type":"Point","coordinates":[15.82021,59.39347]},"properties":{"namn":null,"typ":null,"spanning_kv":null,"volt_klass":0,"kapacitet_mw":null,"operator":null}},{"type":"Feature","geometry":{"type":"Point","coordinates":[15.73462,59.33157]},"properties":{"namn":null,"typ":null,"spanning_kv":null,"volt_klass":0,"kapacitet_mw":null,"operator":null}},{"type":"Feature","geometry":{"type":"Point","coordinates":[13.24812,59.58089]},"properties":{"namn":null,"typ":null,"spanning_kv":null,"volt_klass":0,"kapacitet_mw":null,"operator":null}},{"type":"Feature","geometry":{"type":"Point","coordinates":[13.21177,59.44151]},"properties":{"namn":null,"typ":null,"spanning_kv":null,"volt_klass":0,"kapacitet_mw":null,"operator":null}},{"type":"Feature","geometry":{"type":"Point","coordinates":[12.36496,59.5091]},"properties":{"namn":null,"typ":null,"spanning_kv":null,"volt_klass":0,"kapacitet_mw":null,"operator":null}},{"type":"Feature","geometry":{"type":"Point","coordinates":[12.3789,59.50789]},"properties":{"namn":null,"typ":null,"spanning_kv":null,"volt_klass":0,"kapacitet_mw":null,"operator":null}},{"type":"Feature","geometry":{"type":"Point","coordinates":[12.11341,59.55022]},"properties":{"namn":null,"typ":null,"spanning_kv":null,"volt_klass":0,"kapacitet_mw":null,"operator":null}},{"type":"Feature","geometry":{"type":"Point","coordinates":[14.28569,57.51668]},"properties":{"namn":null,"typ":null,"spanning_kv":null,"volt_klass":0,"kapacitet_mw":null,"operator":null}},{"type":"Feature","geometry":{"type":"Point","coordinates":[14.30772,57.71623]},"properties":{"namn":null,"typ":null,"spanning_kv":null,"volt_klass":0,"kapacitet_mw":null,"operator":null}},{"type":"Feature","geometry":{"type":"Point","coordinates":[14.01982,55.45229]},"properties":{"namn":null,"typ":null,"spanning_kv":null,"volt_klass":0,"kapacitet_mw":null,"operator":null}},{"type":"Feature","geometry":{"type":"Point","coordinates":[16.98015,62.7548]},"properties":{"namn":null,"typ":null,"spanning_kv":null,"volt_klass":0,"kapacitet_mw":null,"operator":null}},{"type":"Feature","geometry":{"type":"Point","coordinates":[17.16769,62.68402]},"properties":{"namn":null,"typ":null,"spanning_kv":null,"volt_klass":0,"kapacitet_mw":null,"operator":null}},{"type":"Feature","geometry":{"type":"Point","coordinates":[15.33127,59.13523]},"properties":{"namn":null,"typ":null,"spanning_kv":null,"volt_klass":0,"kapacitet_mw":null,"operator":null}},{"type":"Feature","geometry":{"type":"Point","coordinates":[17.90678,59.2808]},"properties":{"namn":null,"typ":null,"spanning_kv":null,"volt_klass":0,"kapacitet_mw":null,"operator":null}},{"type":"Feature","geometry":{"type":"Point","coordinates":[16.73342,62.10214]},"properties":{"namn":null,"typ":null,"spanning_kv":null,"volt_klass":0,"kapacitet_mw":null,"operator":null}},{"type":"Feature","geometry":{"type":"Point","coordinates":[17.051,61.89337]},"properties":{"namn":null,"typ":null,"spanning_kv":null,"volt_klass":0,"kapacitet_mw":null,"operator":null}},{"type":"Feature","geometry":{"type":"Point","coordinates":[12.56951,62.55345]},"properties":{"namn":null,"typ":null,"spanning_kv":null,"volt_klass":0,"kapacitet_mw":null,"operator":null}},{"type":"Feature","geometry":{"type":"Point","coordinates":[13.21777,55.70472]},"properties":{"namn":null,"typ":null,"spanning_kv":null,"volt_klass":0,"kapacitet_mw":null,"operator":null}},{"type":"Feature","geometry":{"type":"Point","coordinates":[17.26577,62.84626]},"properties":{"namn":null,"typ":null,"spanning_kv":null,"volt_klass":0,"kapacitet_mw":null,"operator":null}},{"type":"Feature","geometry":{"type":"Point","coordinates":[14.91775,56.7294]},"properties":{"namn":null,"typ":null,"spanning_kv":null,"volt_klass":0,"kapacitet_mw":null,"operator":null}},{"type":"Feature","geometry":{"type":"Point","coordinates":[13.5621,59.97895]},"properties":{"namn":null,"typ":null,"spanning_kv":null,"volt_klass":0,"kapacitet_mw":null,"operator":null}},{"type":"Feature","geometry":{"type":"Point","coordinates":[14.51379,59.79321]},"properties":{"namn":null,"typ":null,"spanning_kv":null,"volt_klass":0,"kapacitet_mw":null,"operator":null}},{"type":"Feature","geometry":{"type":"Point","coordinates":[14.51953,59.76831]},"properties":{"namn":null,"typ":null,"spanning_kv":132.0,"volt_klass":2,"kapacitet_mw":null,"operator":null}},{"type":"Feature","geometry":{"type":"Point","coordinates":[14.54337,59.71493]},"properties":{"namn":null,"typ":null,"spanning_kv":null,"volt_klass":0,"kapacitet_mw":null,"operator":null}},{"type":"Feature","geometry":{"type":"Point","coordinates":[14.30442,59.6158]},"properties":{"namn":null,"typ":null,"spanning_kv":130.0,"volt_klass":2,"kapacitet_mw":null,"operator":null}},{"type":"Feature","geometry":{"type":"Point","coordinates":[13.75552,59.61229]},"properties":{"namn":null,"typ":null,"spanning_kv":45.0,"volt_klass":1,"kapacitet_mw":null,"operator":null}},{"type":"Feature","geometry":{"type":"Point","coordinates":[17.10139,60.66384]},"properties":{"namn":null,"typ":"minor_distribution","spanning_kv":null,"volt_klass":0,"kapacitet_mw":null,"operator":null}},{"type":"Feature","geometry":{"type":"Point","coordinates":[15.78598,62.38739]},"properties":{"namn":null,"typ":null,"spanning_kv":null,"volt_klass":0,"kapacitet_mw":null,"operator":null}},{"type":"Feature","geometry":{"type":"Point","coordinates":[16.11012,62.41006]},"properties":{"namn":null,"typ":null,"spanning_kv":null,"volt_klass":0,"kapacitet_mw":null,"operator":null}},{"type":"Feature","geometry":{"type":"Point","coordinates":[18.09727,63.47479]},"properties":{"namn":null,"typ":null,"spanning_kv":null,"volt_klass":0,"kapacitet_mw":null,"operator":null}},{"type":"Feature","geometry":{"type":"Point","coordinates":[15.85388,62.27502]},"properties":{"namn":null,"typ":null,"spanning_kv":null,"volt_klass":0,"kapacitet_mw":null,"operator":null}},{"type":"Feature","geometry":{"type":"Point","coordinates":[14.95247,62.43161]},"properties":{"namn":null,"typ":null,"spanning_kv":null,"volt_klass":0,"kapacitet_mw":null,"operator":null}},{"type":"Feature","geometry":{"type":"Point","coordinates":[14.1349,64.55776]},"properties":{"namn":"Junsterforsen","typ":"distribution","spanning_kv":220.0,"volt_klass":3,"kapacitet_mw":null,"operator":null}},{"type":"Feature","geometry":{"type":"Point","coordinates":[15.67067,62.52215]},"properties":{"namn":null,"typ":null,"spanning_kv":null,"volt_klass":0,"kapacitet_mw":null,"operator":null}},{"type":"Feature","geometry":{"type":"Point","coordinates":[16.51024,60.5808]},"properties":{"namn":null,"typ":null,"spanning_kv":null,"volt_klass":0,"kapacitet_mw":null,"operator":null}},{"type":"Feature","geometry":{"type":"Point","coordinates":[16.51036,60.58022]},"properties":{"namn":null,"typ":null,"spanning_kv":null,"volt_klass":0,"kapacitet_mw":null,"operator":null}},{"type":"Feature","geometry":{"type":"Point","coordinates":[16.51007,60.58012]},"properties":{"namn":null,"typ":null,"spanning_kv":null,"volt_klass":0,"kapacitet_mw":null,"operator":null}},{"type":"Feature","geometry":{"type":"Point","coordinates":[14.65541,57.74801]},"properties":{"namn":"Barkeryd omriktarstationerna","typ":"converter","spanning_kv":300.0,"volt_klass":4,"kapacitet_mw":null,"operator":null}},{"type":"Feature","geometry":{"type":"Point","coordinates":[13.6024,55.83331]},"properties":{"namn":"Ställverk Hurva","typ":"transmission","spanning_kv":400.0,"volt_klass":4,"kapacitet_mw":null,"operator":null}},{"type":"Feature","geometry":{"type":"Point","coordinates":[16.62476,61.27137]},"properties":{"namn":null,"typ":null,"spanning_kv":null,"volt_klass":0,"kapacitet_mw":null,"operator":null}},{"type":"Feature","geometry":{"type":"Point","coordinates":[16.6239,61.27155]},"properties":{"namn":null,"typ":null,"spanning_kv":null,"volt_klass":0,"kapacitet_mw":null,"operator":null}},{"type":"Feature","geometry":{"type":"Point","coordinates":[17.00068,65.20403]},"properties":{"namn":null,"typ":null,"spanning_kv":null,"volt_klass":0,"kapacitet_mw":null,"operator":null}},{"type":"Feature","geometry":{"type":"Point","coordinates":[13.03435,55.60952]},"properties":{"namn":"146 Vattenverksvägen 5","typ":null,"spanning_kv":null,"volt_klass":0,"kapacitet_mw":null,"operator":"E.ON"}},{"type":"Feature","geometry":{"type":"Point","coordinates":[16.18092,60.15791]},"properties":{"namn":null,"typ":"minor_distribution","spanning_kv":null,"volt_klass":0,"kapacitet_mw":null,"operator":null}},{"type":"Feature","geometry":{"type":"Point","coordinates":[16.1835,60.15625]},"properties":{"namn":null,"typ":null,"spanning_kv":null,"volt_klass":0,"kapacitet_mw":null,"operator":null}},{"type":"Feature","geometry":{"type":"Point","coordinates":[16.18219,60.1561]},"properties":{"namn":null,"typ":null,"spanning_kv":null,"volt_klass":0,"kapacitet_mw":null,"operator":null}},{"type":"Feature","geometry":{"type":"Point","coordinates":[15.18304,65.57505]},"properties":{"namn":null,"typ":null,"spanning_kv":null,"volt_klass":0,"kapacitet_mw":null,"operator":null}},{"type":"Feature","geometry":{"type":"Point","coordinates":[15.1808,65.57216]},"properties":{"namn":null,"typ":null,"spanning_kv":null,"volt_klass":0,"kapacitet_mw":null,"operator":null}},{"type":"Feature","geometry":{"type":"Point","coordinates":[19.82485,66.87982]},"properties":{"namn":"Harsprånget","typ":"transmission","spanning_kv":400.0,"volt_klass":4,"kapacitet_mw":null,"operator":"Svenska Kraftnät"}},{"type":"Feature","geometry":{"type":"Point","coordinates":[15.40925,60.13925]},"properties":{"namn":null,"typ":null,"spanning_kv":null,"volt_klass":0,"kapacitet_mw":null,"operator":null}},{"type":"Feature","geometry":{"type":"Point","coordinates":[12.00384,57.64456]},"properties":{"namn":null,"typ":"minor_distribution","spanning_kv":null,"volt_klass":0,"kapacitet_mw":null,"operator":null}},{"type":"Feature","geometry":{"type":"Point","coordinates":[22.07113,65.61955]},"properties":{"namn":"Notviken","typ":"transmission","spanning_kv":130.0,"volt_klass":2,"kapacitet_mw":null,"operator":"Vattenfall"}},{"type":"Feature","geometry":{"type":"Point","coordinates":[22.07482,65.57327]},"properties":{"namn":"Bergnäset","typ":"distribution","spanning_kv":40.0,"volt_klass":1,"kapacitet_mw":null,"operator":"Luleå Energi"}},{"type":"Feature","geometry":{"type":"Point","coordinates":[22.30904,65.85186]},"properties":{"namn":"Råneå","typ":"distribution","spanning_kv":40.0,"volt_klass":1,"kapacitet_mw":null,"operator":"Luleå Energi"}},{"type":"Feature","geometry":{"type":"Point","coordinates":[22.49276,65.86444]},"properties":{"namn":"Jämtön","typ":"distribution","spanning_kv":40.0,"volt_klass":1,"kapacitet_mw":null,"operator":"Luleå Energi"}},{"type":"Feature","geometry":{"type":"Point","coordinates":[22.80118,66.21262]},"properties":{"namn":"Kälvudden","typ":"distribution","spanning_kv":40.0,"volt_klass":1,"kapacitet_mw":null,"operator":null}},{"type":"Feature","geometry":{"type":"Point","coordinates":[22.7897,66.33169]},"properties":{"namn":"Överkalix","typ":"distribution","spanning_kv":40.0,"volt_klass":1,"kapacitet_mw":null,"operator":null}},{"type":"Feature","geometry":{"type":"Point","coordinates":[23.10618,65.84526]},"properties":{"namn":"Innanbäcken","typ":"distribution","spanning_kv":40.0,"volt_klass":1,"kapacitet_mw":null,"operator":null}},{"type":"Feature","geometry":{"type":"Point","coordinates":[18.02103,59.33615]},"properties":{"namn":null,"typ":null,"spanning_kv":null,"volt_klass":0,"kapacitet_mw":null,"operator":null}},{"type":"Feature","geometry":{"type":"Point","coordinates":[18.16249,60.39638]},"properties":{"namn":"Forsmark","typ":"transmission","spanning_kv":70.0,"volt_klass":2,"kapacitet_mw":null,"operator":null}},{"type":"Feature","geometry":{"type":"Point","coordinates":[17.06335,60.42551]},"properties":{"namn":"HVDC Fenno-Skan 2 Converter","typ":"converter","spanning_kv":500.0,"volt_klass":4,"kapacitet_mw":null,"operator":null}},{"type":"Feature","geometry":{"type":"Point","coordinates":[22.13995,65.61015]},"properties":{"namn":null,"typ":"distribution","spanning_kv":130.0,"volt_klass":2,"kapacitet_mw":null,"operator":null}},{"type":"Feature","geometry":{"type":"Point","coordinates":[22.17707,65.72975]},"properties":{"namn":"Altersund","typ":"distribution","spanning_kv":40.0,"volt_klass":1,"kapacitet_mw":null,"operator":"Luleå Energi"}},{"type":"Feature","geometry":{"type":"Point","coordinates":[18.074,59.31868]},"properties":{"namn":null,"typ":null,"spanning_kv":null,"volt_klass":0,"kapacitet_mw":null,"operator":null}},{"type":"Feature","geometry":{"type":"Point","coordinates":[13.97084,61.73318]},"properties":{"namn":null,"typ":null,"spanning_kv":null,"volt_klass":0,"kapacitet_mw":null,"operator":null}},{"type":"Feature","geometry":{"type":"Point","coordinates":[17.5729,59.21936]},"properties":{"namn":null,"typ":"minor_distribution","spanning_kv":null,"volt_klass":0,"kapacitet_mw":null,"operator":null}},{"type":"Feature","geometry":{"type":"Point","coordinates":[12.96906,56.51703]},"properties":{"namn":null,"typ":null,"spanning_kv":null,"volt_klass":0,"kapacitet_mw":null,"operator":null}},{"type":"Feature","geometry":{"type":"Point","coordinates":[12.83498,56.67982]},"properties":{"namn":null,"typ":null,"spanning_kv":null,"volt_klass":0,"kapacitet_mw":null,"operator":null}},{"type":"Feature","geometry":{"type":"Point","coordinates":[12.83502,56.67974]},"properties":{"namn":null,"typ":null,"spanning_kv":null,"volt_klass":0,"kapacitet_mw":null,"operator":null}},{"type":"Feature","geometry":{"type":"Point","coordinates":[12.84267,56.68063]},"properties":{"namn":null,"typ":null,"spanning_kv":null,"volt_klass":0,"kapacitet_mw":null,"operator":null}},{"type":"Feature","geometry":{"type":"Point","coordinates":[12.82907,56.67827]},"properties":{"namn":null,"typ":"minor_distribution","spanning_kv":null,"volt_klass":0,"kapacitet_mw":null,"operator":null}},{"type":"Feature","geometry":{"type":"Point","coordinates":[12.84717,56.67578]},"properties":{"namn":null,"typ":null,"spanning_kv":null,"volt_klass":0,"kapacitet_mw":null,"operator":null}},{"type":"Feature","geometry":{"type":"Point","coordinates":[12.80569,56.68277]},"properties":{"namn":null,"typ":null,"spanning_kv":null,"volt_klass":0,"kapacitet_mw":null,"operator":null}},{"type":"Feature","geometry":{"type":"Point","coordinates":[14.17839,55.52019]},"properties":{"namn":null,"typ":null,"spanning_kv":null,"volt_klass":0,"kapacitet_mw":null,"operator":null}},{"type":"Feature","geometry":{"type":"Point","coordinates":[23.44534,65.92068]},"properties":{"namn":"Björkfors","typ":"distribution","spanning_kv":40.0,"volt_klass":1,"kapacitet_mw":null,"operator":null}},{"type":"Feature","geometry":{"type":"Point","coordinates":[23.30046,65.79545]},"properties":{"namn":null,"typ":"industrial","spanning_kv":40.0,"volt_klass":1,"kapacitet_mw":null,"operator":null}},{"type":"Feature","geometry":{"type":"Point","coordinates":[23.28949,65.7948]},"properties":{"namn":null,"typ":"industrial","spanning_kv":40.0,"volt_klass":1,"kapacitet_mw":null,"operator":null}},{"type":"Feature","geometry":{"type":"Point","coordinates":[14.88103,63.3683]},"properties":{"namn":null,"typ":null,"spanning_kv":null,"volt_klass":0,"kapacitet_mw":null,"operator":null}},{"type":"Feature","geometry":{"type":"Point","coordinates":[16.82607,58.54958]},"properties":{"namn":null,"typ":null,"spanning_kv":null,"volt_klass":0,"kapacitet_mw":null,"operator":null}},{"type":"Feature","geometry":{"type":"Point","coordinates":[14.4188,62.76556]},"properties":{"namn":null,"typ":null,"spanning_kv":null,"volt_klass":0,"kapacitet_mw":null,"operator":null}},{"type":"Feature","geometry":{"type":"Point","coordinates":[18.15971,60.17934]},"properties":{"namn":null,"typ":"minor_distribution","spanning_kv":null,"volt_klass":0,"kapacitet_mw":null,"operator":null}},{"type":"Feature","geometry":{"type":"Point","coordinates":[18.30406,59.35883]},"properties":{"namn":null,"typ":"yes","spanning_kv":null,"volt_klass":0,"kapacitet_mw":null,"operator":null}},{"type":"Feature","geometry":{"type":"Point","coordinates":[22.13226,65.61719]},"properties":{"namn":null,"typ":"minor_distribution","spanning_kv":null,"volt_klass":0,"kapacitet_mw":null,"operator":null}},{"type":"Feature","geometry":{"type":"Point","coordinates":[16.79562,60.62577]},"properties":{"namn":null,"typ":null,"spanning_kv":null,"volt_klass":0,"kapacitet_mw":null,"operator":null}},{"type":"Feature","geometry":{"type":"Point","coordinates":[18.16603,60.16686]},"properties":{"namn":null,"typ":"minor_distribution","spanning_kv":null,"volt_klass":0,"kapacitet_mw":null,"operator":null}},{"type":"Feature","geometry":{"type":"Point","coordinates":[12.21092,57.11898]},"properties":{"namn":null,"typ":null,"spanning_kv":null,"volt_klass":0,"kapacitet_mw":null,"operator":null}},{"type":"Feature","geometry":{"type":"Point","coordinates":[23.84015,65.81459]},"properties":{"namn":"Nikkala","typ":"distribution","spanning_kv":40.0,"volt_klass":1,"kapacitet_mw":null,"operator":null}},{"type":"Feature","geometry":{"type":"Point","coordinates":[23.62645,66.32782]},"properties":{"namn":"Alkullen","typ":"distribution","spanning_kv":40.0,"volt_klass":1,"kapacitet_mw":null,"operator":null}},{"type":"Feature","geometry":{"type":"Point","coordinates":[18.15854,60.16717]},"properties":{"namn":null,"typ":"minor_distribution","spanning_kv":null,"volt_klass":0,"kapacitet_mw":null,"operator":null}},{"type":"Feature","geometry":{"type":"Point","coordinates":[18.22857,59.34043]},"properties":{"namn":null,"typ":null,"spanning_kv":null,"volt_klass":0,"kapacitet_mw":null,"operator":null}},{"type":"Feature","geometry":{"type":"Point","coordinates":[18.43527,59.39489]},"properties":{"namn":null,"typ":null,"spanning_kv":null,"volt_klass":0,"kapacitet_mw":null,"operator":null}},{"type":"Feature","geometry":{"type":"Point","coordinates":[18.57416,59.48058]},"properties":{"namn":null,"typ":null,"spanning_kv":null,"volt_klass":0,"kapacitet_mw":null,"operator":null}},{"type":"Feature","geometry":{"type":"Point","coordinates":[17.63822,59.8978]},"properties":{"namn":null,"typ":null,"spanning_kv":null,"volt_klass":0,"kapacitet_mw":null,"operator":null}},{"type":"Feature","geometry":{"type":"Point","coordinates":[13.14626,55.50082]},"properties":{"namn":null,"typ":"converter","spanning_kv":400.0,"volt_klass":4,"kapacitet_mw":null,"operator":null}},{"type":"Feature","geometry":{"type":"Point","coordinates":[13.08654,55.6222]},"properties":{"namn":"Sege","typ":"transmission","spanning_kv":50.0,"volt_klass":2,"kapacitet_mw":null,"operator":"Svenska Kraftnät"}},{"type":"Feature","geometry":{"type":"Point","coordinates":[12.93304,55.74874]},"properties":{"namn":"Barsebäck","typ":"transmission","spanning_kv":400.0,"volt_klass":4,"kapacitet_mw":null,"operator":null}},{"type":"Feature","geometry":{"type":"Point","coordinates":[12.93582,55.74994]},"properties":{"namn":"FT6 Barsebäck","typ":"transmission","spanning_kv":400.0,"volt_klass":4,"kapacitet_mw":null,"operator":null}},{"type":"Feature","geometry":{"type":"Point","coordinates":[12.84189,56.68286]},"properties":{"namn":null,"typ":null,"spanning_kv":null,"volt_klass":0,"kapacitet_mw":null,"operator":null}},{"type":"Feature","geometry":{"type":"Point","coordinates":[20.38364,66.5044]},"properties":{"namn":"Letsi","typ":"generation","spanning_kv":400.0,"volt_klass":4,"kapacitet_mw":null,"operator":null}},{"type":"Feature","geometry":{"type":"Point","coordinates":[14.75332,56.14934]},"properties":{"namn":null,"typ":null,"spanning_kv":null,"volt_klass":0,"kapacitet_mw":null,"operator":null}},{"type":"Feature","geometry":{"type":"Point","coordinates":[13.16108,55.68264]},"properties":{"namn":null,"typ":null,"spanning_kv":null,"volt_klass":0,"kapacitet_mw":null,"operator":null}},{"type":"Feature","geometry":{"type":"Point","coordinates":[19.15847,63.33017]},"properties":{"namn":null,"typ":null,"spanning_kv":null,"volt_klass":0,"kapacitet_mw":null,"operator":null}},{"type":"Feature","geometry":{"type":"Point","coordinates":[19.13904,63.3364]},"properties":{"namn":null,"typ":null,"spanning_kv":null,"volt_klass":0,"kapacitet_mw":null,"operator":null}},{"type":"Feature","geometry":{"type":"Point","coordinates":[13.03591,55.60899]},"properties":{"namn":"1361 Kirsebergstorg","typ":null,"spanning_kv":null,"volt_klass":0,"kapacitet_mw":null,"operator":"E.ON"}},{"type":"Feature","geometry":{"type":"Point","coordinates":[18.12075,59.28853]},"properties":{"namn":null,"typ":null,"spanning_kv":null,"volt_klass":0,"kapacitet_mw":null,"operator":null}},{"type":"Feature","geometry":{"type":"Point","coordinates":[13.37632,56.25045]},"properties":{"namn":null,"typ":"minor_distribution","spanning_kv":null,"volt_klass":0,"kapacitet_mw":null,"operator":null}},{"type":"Feature","geometry":{"type":"Point","coordinates":[17.99061,59.38619]},"properties":{"namn":null,"typ":null,"spanning_kv":null,"volt_klass":0,"kapacitet_mw":null,"operator":null}},{"type":"Feature","geometry":{"type":"Point","coordinates":[11.95191,57.68613]},"properties":{"namn":null,"typ":"minor_distribution","spanning_kv":null,"volt_klass":0,"kapacitet_mw":null,"operator":null}},{"type":"Feature","geometry":{"type":"Point","coordinates":[12.84817,56.67938]},"properties":{"namn":null,"typ":null,"spanning_kv":null,"volt_klass":0,"kapacitet_mw":null,"operator":null}},{"type":"Feature","geometry":{"type":"Point","coordinates":[17.10914,61.72521]},"properties":{"namn":null,"typ":null,"spanning_kv":null,"volt_klass":0,"kapacitet_mw":null,"operator":null}},{"type":"Feature","geometry":{"type":"Point","coordinates":[14.15397,62.6418]},"properties":{"namn":null,"typ":null,"spanning_kv":null,"volt_klass":0,"kapacitet_mw":null,"operator":null}},{"type":"Feature","geometry":{"type":"Point","coordinates":[12.84971,56.67083]},"properties":{"namn":null,"typ":null,"spanning_kv":null,"volt_klass":0,"kapacitet_mw":null,"operator":null}},{"type":"Feature","geometry":{"type":"Point","coordinates":[12.82169,56.67719]},"properties":{"namn":null,"typ":null,"spanning_kv":null,"volt_klass":0,"kapacitet_mw":null,"operator":null}},{"type":"Feature","geometry":{"type":"Point","coordinates":[16.75208,60.61191]},"properties":{"namn":null,"typ":null,"spanning_kv":null,"volt_klass":0,"kapacitet_mw":null,"operator":null}},{"type":"Feature","geometry":{"type":"Point","coordinates":[12.85318,56.66465]},"properties":{"namn":null,"typ":null,"spanning_kv":null,"volt_klass":0,"kapacitet_mw":null,"operator":null}},{"type":"Feature","geometry":{"type":"Point","coordinates":[12.85313,56.66835]},"properties":{"namn":null,"typ":null,"spanning_kv":null,"volt_klass":0,"kapacitet_mw":null,"operator":null}},{"type":"Feature","geometry":{"type":"Point","coordinates":[12.83303,56.67359]},"properties":{"namn":null,"typ":null,"spanning_kv":null,"volt_klass":0,"kapacitet_mw":null,"operator":null}},{"type":"Feature","geometry":{"type":"Point","coordinates":[12.84528,56.66801]},"properties":{"namn":null,"typ":null,"spanning_kv":null,"volt_klass":0,"kapacitet_mw":null,"operator":null}},{"type":"Feature","geometry":{"type":"Point","coordinates":[12.84168,56.67163]},"properties":{"namn":null,"typ":null,"spanning_kv":null,"volt_klass":0,"kapacitet_mw":null,"operator":null}},{"type":"Feature","geometry":{"type":"Point","coordinates":[17.66263,59.8458]},"properties":{"namn":null,"typ":null,"spanning_kv":null,"volt_klass":0,"kapacitet_mw":null,"operator":null}},{"type":"Feature","geometry":{"type":"Point","coordinates":[18.0909,59.50973]},"properties":{"namn":null,"typ":null,"spanning_kv":null,"volt_klass":0,"kapacitet_mw":null,"operator":null}},{"type":"Feature","geometry":{"type":"Point","coordinates":[18.08965,59.51073]},"properties":{"namn":null,"typ":null,"spanning_kv":null,"volt_klass":0,"kapacitet_mw":null,"operator":null}},{"type":"Feature","geometry":{"type":"Point","coordinates":[18.08454,59.51141]},"properties":{"namn":null,"typ":null,"spanning_kv":null,"volt_klass":0,"kapacitet_mw":null,"operator":null}},{"type":"Feature","geometry":{"type":"Point","coordinates":[12.87218,56.66164]},"properties":{"namn":null,"typ":null,"spanning_kv":null,"volt_klass":0,"kapacitet_mw":null,"operator":null}},{"type":"Feature","geometry":{"type":"Point","coordinates":[12.86751,56.6696]},"properties":{"namn":null,"typ":null,"spanning_kv":null,"volt_klass":0,"kapacitet_mw":null,"operator":null}},{"type":"Feature","geometry":{"type":"Point","coordinates":[16.48396,60.57756]},"properties":{"namn":null,"typ":null,"spanning_kv":null,"volt_klass":0,"kapacitet_mw":null,"operator":null}},{"type":"Feature","geometry":{"type":"Point","coordinates":[16.48364,60.57759]},"properties":{"namn":null,"typ":null,"spanning_kv":null,"volt_klass":0,"kapacitet_mw":null,"operator":null}},{"type":"Feature","geometry":{"type":"Point","coordinates":[16.50993,60.58062]},"properties":{"namn":null,"typ":null,"spanning_kv":null,"volt_klass":0,"kapacitet_mw":null,"operator":null}},{"type":"Feature","geometry":{"type":"Point","coordinates":[16.50916,60.58032]},"properties":{"namn":null,"typ":null,"spanning_kv":null,"volt_klass":0,"kapacitet_mw":null,"operator":null}},{"type":"Feature","geometry":{"type":"Point","coordinates":[18.16885,60.17713]},"properties":{"namn":null,"typ":"minor_distribution","spanning_kv":null,"volt_klass":0,"kapacitet_mw":null,"operator":null}},{"type":"Feature","geometry":{"type":"Point","coordinates":[12.74381,61.64873]},"properties":{"namn":null,"typ":"minor_distribution","spanning_kv":null,"volt_klass":0,"kapacitet_mw":null,"operator":null}},{"type":"Feature","geometry":{"type":"Point","coordinates":[14.95225,56.52116]},"properties":{"namn":null,"typ":null,"spanning_kv":null,"volt_klass":0,"kapacitet_mw":null,"operator":"e-on"}},{"type":"Feature","geometry":{"type":"Point","coordinates":[14.91723,56.51465]},"properties":{"namn":null,"typ":null,"spanning_kv":null,"volt_klass":0,"kapacitet_mw":null,"operator":"e-on"}},{"type":"Feature","geometry":{"type":"Point","coordinates":[12.88781,56.68062]},"properties":{"namn":null,"typ":null,"spanning_kv":null,"volt_klass":0,"kapacitet_mw":null,"operator":null}},{"type":"Feature","geometry":{"type":"Point","coordinates":[17.59593,59.50056]},"properties":{"namn":null,"typ":null,"spanning_kv":null,"volt_klass":0,"kapacitet_mw":null,"operator":null}},{"type":"Feature","geometry":{"type":"Point","coordinates":[17.07297,63.18654]},"properties":{"namn":null,"typ":null,"spanning_kv":null,"volt_klass":0,"kapacitet_mw":null,"operator":null}},{"type":"Feature","geometry":{"type":"Point","coordinates":[23.37065,66.89619]},"properties":{"namn":null,"typ":"generation","spanning_kv":130.0,"volt_klass":2,"kapacitet_mw":null,"operator":null}},{"type":"Feature","geometry":{"type":"Point","coordinates":[12.03594,57.61582]},"properties":{"namn":null,"typ":null,"spanning_kv":null,"volt_klass":0,"kapacitet_mw":null,"operator":null}},{"type":"Feature","geometry":{"type":"Point","coordinates":[18.00163,59.28979]},"properties":{"namn":null,"typ":null,"spanning_kv":null,"volt_klass":0,"kapacitet_mw":null,"operator":null}},{"type":"Feature","geometry":{"type":"Point","coordinates":[20.36266,63.70447]},"properties":{"namn":null,"typ":null,"spanning_kv":null,"volt_klass":0,"kapacitet_mw":null,"operator":"Umeå Energi"}},{"type":"Feature","geometry":{"type":"Point","coordinates":[12.96842,56.80987]},"properties":{"namn":null,"typ":null,"spanning_kv":null,"volt_klass":0,"kapacitet_mw":null,"operator":null}},{"type":"Feature","geometry":{"type":"Point","coordinates":[13.10089,55.59784]},"properties":{"namn":null,"typ":null,"spanning_kv":null,"volt_klass":0,"kapacitet_mw":null,"operator":null}},{"type":"Feature","geometry":{"type":"Point","coordinates":[13.84134,58.39867]},"properties":{"namn":null,"typ":null,"spanning_kv":null,"volt_klass":0,"kapacitet_mw":null,"operator":null}},{"type":"Feature","geometry":{"type":"Point","coordinates":[13.02724,55.58878]},"properties":{"namn":null,"typ":null,"spanning_kv":null,"volt_klass":0,"kapacitet_mw":null,"operator":null}},{"type":"Feature","geometry":{"type":"Point","coordinates":[11.96926,57.67859]},"properties":{"namn":null,"typ":"minor_distribution","spanning_kv":null,"volt_klass":0,"kapacitet_mw":null,"operator":null}},{"type":"Feature","geometry":{"type":"Point","coordinates":[16.79353,60.61924]},"properties":{"namn":null,"typ":null,"spanning_kv":null,"volt_klass":0,"kapacitet_mw":null,"operator":null}},{"type":"Feature","geometry":{"type":"Point","coordinates":[13.48253,59.38356]},"properties":{"namn":null,"typ":null,"spanning_kv":null,"volt_klass":0,"kapacitet_mw":null,"operator":null}},{"type":"Feature","geometry":{"type":"Point","coordinates":[12.80795,56.67956]},"properties":{"namn":null,"typ":null,"spanning_kv":null,"volt_klass":0,"kapacitet_mw":null,"operator":null}},{"type":"Feature","geometry":{"type":"Point","coordinates":[18.48409,64.65266]},"properties":{"namn":null,"typ":null,"spanning_kv":null,"volt_klass":0,"kapacitet_mw":null,"operator":null}},{"type":"Feature","geometry":{"type":"Point","coordinates":[15.6963,63.7474]},"properties":{"namn":null,"typ":null,"spanning_kv":132.0,"volt_klass":2,"kapacitet_mw":null,"operator":null}},{"type":"Feature","geometry":{"type":"Point","coordinates":[13.82059,63.64713]},"properties":{"namn":null,"typ":null,"spanning_kv":null,"volt_klass":0,"kapacitet_mw":null,"operator":null}},{"type":"Feature","geometry":{"type":"Point","coordinates":[18.11766,59.29001]},"properties":{"namn":null,"typ":null,"spanning_kv":null,"volt_klass":0,"kapacitet_mw":null,"operator":null}},{"type":"Feature","geometry":{"type":"Point","coordinates":[16.30529,59.92964]},"properties":{"namn":null,"typ":null,"spanning_kv":null,"volt_klass":0,"kapacitet_mw":null,"operator":null}},{"type":"Feature","geometry":{"type":"Point","coordinates":[14.87219,57.02315]},"properties":{"namn":null,"typ":null,"spanning_kv":null,"volt_klass":0,"kapacitet_mw":null,"operator":null}},{"type":"Feature","geometry":{"type":"Point","coordinates":[16.9966,60.60404]},"properties":{"namn":null,"typ":null,"spanning_kv":null,"volt_klass":0,"kapacitet_mw":null,"operator":null}},{"type":"Feature","geometry":{"type":"Point","coordinates":[12.11256,57.60543]},"properties":{"namn":"Konti-Skan Lindome HVDC Static Inverter","typ":"converter","spanning_kv":400.0,"volt_klass":4,"kapacitet_mw":null,"operator":"Svenska Kraftnät"}},{"type":"Feature","geometry":{"type":"Point","coordinates":[14.80957,57.82453]},"properties":{"namn":null,"typ":null,"spanning_kv":null,"volt_klass":0,"kapacitet_mw":null,"operator":null}},{"type":"Feature","geometry":{"type":"Point","coordinates":[12.96646,56.50967]},"properties":{"namn":null,"typ":null,"spanning_kv":null,"volt_klass":0,"kapacitet_mw":null,"operator":null}},{"type":"Feature","geometry":{"type":"Point","coordinates":[18.2683,59.46716]},"properties":{"namn":null,"typ":null,"spanning_kv":null,"volt_klass":0,"kapacitet_mw":null,"operator":null}},{"type":"Feature","geometry":{"type":"Point","coordinates":[16.93365,63.07108]},"properties":{"namn":null,"typ":null,"spanning_kv":null,"volt_klass":0,"kapacitet_mw":null,"operator":null}},{"type":"Feature","geometry":{"type":"Point","coordinates":[12.06064,57.89843]},"properties":{"namn":null,"typ":null,"spanning_kv":null,"volt_klass":0,"kapacitet_mw":null,"operator":null}},{"type":"Feature","geometry":{"type":"Point","coordinates":[14.99928,57.66378]},"properties":{"namn":null,"typ":null,"spanning_kv":null,"volt_klass":0,"kapacitet_mw":null,"operator":null}},{"type":"Feature","geometry":{"type":"Point","coordinates":[14.99169,57.66471]},"properties":{"namn":null,"typ":null,"spanning_kv":null,"volt_klass":0,"kapacitet_mw":null,"operator":null}},{"type":"Feature","geometry":{"type":"Point","coordinates":[11.97342,57.69248]},"properties":{"namn":null,"typ":null,"spanning_kv":null,"volt_klass":0,"kapacitet_mw":null,"operator":null}},{"type":"Feature","geometry":{"type":"Point","coordinates":[14.09898,56.00124]},"properties":{"namn":null,"typ":null,"spanning_kv":null,"volt_klass":0,"kapacitet_mw":null,"operator":null}},{"type":"Feature","geometry":{"type":"Point","coordinates":[14.09902,56.00117]},"properties":{"namn":null,"typ":null,"spanning_kv":null,"volt_klass":0,"kapacitet_mw":null,"operator":null}},{"type":"Feature","geometry":{"type":"Point","coordinates":[14.14895,57.73191]},"properties":{"namn":null,"typ":null,"spanning_kv":null,"volt_klass":0,"kapacitet_mw":null,"operator":null}},{"type":"Feature","geometry":{"type":"Point","coordinates":[16.12415,59.52924]},"properties":{"namn":null,"typ":null,"spanning_kv":null,"volt_klass":0,"kapacitet_mw":null,"operator":null}},{"type":"Feature","geometry":{"type":"Point","coordinates":[15.18829,56.43141]},"properties":{"namn":null,"typ":null,"spanning_kv":null,"volt_klass":0,"kapacitet_mw":null,"operator":null}},{"type":"Feature","geometry":{"type":"Point","coordinates":[15.7865,58.43199]},"properties":{"namn":null,"typ":null,"spanning_kv":null,"volt_klass":0,"kapacitet_mw":null,"operator":null}},{"type":"Feature","geometry":{"type":"Point","coordinates":[12.11526,57.2386]},"properties":{"namn":null,"typ":null,"spanning_kv":null,"volt_klass":0,"kapacitet_mw":null,"operator":null}},{"type":"Feature","geometry":{"type":"Point","coordinates":[20.37242,63.70214]},"properties":{"namn":null,"typ":null,"spanning_kv":null,"volt_klass":0,"kapacitet_mw":null,"operator":"Umeå Energi"}},{"type":"Feature","geometry":{"type":"Point","coordinates":[17.68233,59.86289]},"properties":{"namn":null,"typ":null,"spanning_kv":null,"volt_klass":0,"kapacitet_mw":null,"operator":null}},{"type":"Feature","geometry":{"type":"Point","coordinates":[14.17792,55.54602]},"properties":{"namn":null,"typ":null,"spanning_kv":null,"volt_klass":0,"kapacitet_mw":null,"operator":null}},{"type":"Feature","geometry":{"type":"Point","coordinates":[13.58487,58.17411]},"properties":{"namn":null,"typ":"minor_distribution","spanning_kv":null,"volt_klass":0,"kapacitet_mw":null,"operator":null}},{"type":"Feature","geometry":{"type":"Point","coordinates":[11.95892,59.27413]},"properties":{"namn":null,"typ":null,"spanning_kv":null,"volt_klass":0,"kapacitet_mw":null,"operator":null}},{"type":"Feature","geometry":{"type":"Point","coordinates":[11.95882,59.27412]},"properties":{"namn":null,"typ":null,"spanning_kv":null,"volt_klass":0,"kapacitet_mw":null,"operator":null}},{"type":"Feature","geometry":{"type":"Point","coordinates":[17.90035,60.19657]},"properties":{"namn":null,"typ":"minor_distribution","spanning_kv":null,"volt_klass":0,"kapacitet_mw":null,"operator":null}},{"type":"Feature","geometry":{"type":"Point","coordinates":[17.9014,60.20384]},"properties":{"namn":null,"typ":"minor_distribution","spanning_kv":null,"volt_klass":0,"kapacitet_mw":null,"operator":null}},{"type":"Feature","geometry":{"type":"Point","coordinates":[15.26651,56.19975]},"properties":{"namn":null,"typ":"yes","spanning_kv":null,"volt_klass":0,"kapacitet_mw":null,"operator":null}},{"type":"Feature","geometry":{"type":"Point","coordinates":[16.65012,56.87788]},"properties":{"namn":null,"typ":null,"spanning_kv":null,"volt_klass":0,"kapacitet_mw":null,"operator":null}},{"type":"Feature","geometry":{"type":"Point","coordinates":[16.65019,56.8791]},"properties":{"namn":null,"typ":null,"spanning_kv":null,"volt_klass":0,"kapacitet_mw":null,"operator":null}},{"type":"Feature","geometry":{"type":"Point","coordinates":[17.95928,59.41552]},"properties":{"namn":null,"typ":"minor_distribution","spanning_kv":null,"volt_klass":0,"kapacitet_mw":null,"operator":"SEOM"}},{"type":"Feature","geometry":{"type":"Point","coordinates":[12.85782,56.27101]},"properties":{"namn":null,"typ":"minor_distribution","spanning_kv":null,"volt_klass":0,"kapacitet_mw":null,"operator":null}},{"type":"Feature","geometry":{"type":"Point","coordinates":[18.32101,57.1002]},"properties":{"namn":null,"typ":null,"spanning_kv":null,"volt_klass":0,"kapacitet_mw":null,"operator":null}},{"type":"Feature","geometry":{"type":"Point","coordinates":[18.24105,57.09959]},"properties":{"namn":null,"typ":null,"spanning_kv":null,"volt_klass":0,"kapacitet_mw":null,"operator":null}},{"type":"Feature","geometry":{"type":"Point","coordinates":[18.25204,57.38559]},"properties":{"namn":null,"typ":null,"spanning_kv":110.0,"volt_klass":2,"kapacitet_mw":null,"operator":null}},{"type":"Feature","geometry":{"type":"Point","coordinates":[18.2118,57.23116]},"properties":{"namn":null,"typ":null,"spanning_kv":null,"volt_klass":0,"kapacitet_mw":null,"operator":null}},{"type":"Feature","geometry":{"type":"Point","coordinates":[15.51414,57.41019]},"properties":{"namn":null,"typ":null,"spanning_kv":null,"volt_klass":0,"kapacitet_mw":null,"operator":null}},{"type":"Feature","geometry":{"type":"Point","coordinates":[16.68508,56.8663]},"properties":{"namn":null,"typ":null,"spanning_kv":null,"volt_klass":0,"kapacitet_mw":null,"operator":null}},{"type":"Feature","geometry":{"type":"Point","coordinates":[17.9677,59.45737]},"properties":{"namn":null,"typ":null,"spanning_kv":null,"volt_klass":0,"kapacitet_mw":null,"operator":"SEOM"}},{"type":"Feature","geometry":{"type":"Point","coordinates":[16.82058,59.07138]},"properties":{"namn":null,"typ":null,"spanning_kv":null,"volt_klass":0,"kapacitet_mw":null,"operator":null}},{"type":"Feature","geometry":{"type":"Point","coordinates":[12.08054,57.57566]},"properties":{"namn":null,"typ":null,"spanning_kv":null,"volt_klass":0,"kapacitet_mw":null,"operator":null}},{"type":"Feature","geometry":{"type":"Point","coordinates":[14.63886,63.17804]},"properties":{"namn":"Nätstation, Kyrkparken","typ":"minor_distribution","spanning_kv":20.0,"volt_klass":1,"kapacitet_mw":null,"operator":"Jämtkraft"}},{"type":"Feature","geometry":{"type":"Point","coordinates":[14.63752,63.17858]},"properties":{"namn":"Nätstation, Törnstensgränd","typ":"minor_distribution","spanning_kv":20.0,"volt_klass":1,"kapacitet_mw":null,"operator":"Jämtkraft"}},{"type":"Feature","geometry":{"type":"Point","coordinates":[14.66355,63.17665]},"properties":{"namn":"Nätstation, Rekylgränd","typ":"minor_distribution","spanning_kv":20.0,"volt_klass":1,"kapacitet_mw":null,"operator":"Jämtkraft"}},{"type":"Feature","geometry":{"type":"Point","coordinates":[14.6522,63.16532]},"properties":{"namn":"Nätstation, Ö137","typ":"minor_distribution","spanning_kv":20.0,"volt_klass":1,"kapacitet_mw":null,"operator":"Jämtkraft"}},{"type":"Feature","geometry":{"type":"Point","coordinates":[12.04568,57.78981]},"properties":{"namn":null,"typ":"minor_distribution","spanning_kv":null,"volt_klass":0,"kapacitet_mw":null,"operator":null}},{"type":"Feature","geometry":{"type":"Point","coordinates":[14.68912,63.17573]},"properties":{"namn":"Nätstation, Inspektörsvägen","typ":"minor_distribution","spanning_kv":20.0,"volt_klass":1,"kapacitet_mw":null,"operator":"Jämtkraft"}},{"type":"Feature","geometry":{"type":"Point","coordinates":[14.69151,63.16966]},"properties":{"namn":"Nätstation, Fagerbacken","typ":"minor_distribution","spanning_kv":20.0,"volt_klass":1,"kapacitet_mw":null,"operator":"Jämtkraft"}},{"type":"Feature","geometry":{"type":"Point","coordinates":[18.19118,60.17234]},"properties":{"namn":null,"typ":"minor_distribution","spanning_kv":null,"volt_klass":0,"kapacitet_mw":null,"operator":null}},{"type":"Feature","geometry":{"type":"Point","coordinates":[14.46583,63.30073]},"properties":{"namn":null,"typ":"minor_distribution","spanning_kv":null,"volt_klass":0,"kapacitet_mw":null,"operator":"Jämtkraft"}},{"type":"Feature","geometry":{"type":"Point","coordinates":[14.4658,63.30064]},"properties":{"namn":null,"typ":"minor_distribution","spanning_kv":null,"volt_klass":0,"kapacitet_mw":null,"operator":"Jämtkraft"}},{"type":"Feature","geometry":{"type":"Point","coordinates":[18.19096,60.17811]},"properties":{"namn":null,"typ":"minor_distribution","spanning_kv":null,"volt_klass":0,"kapacitet_mw":null,"operator":null}},{"type":"Feature","geometry":{"type":"Point","coordinates":[15.20255,59.59967]},"properties":{"namn":null,"typ":null,"spanning_kv":null,"volt_klass":0,"kapacitet_mw":null,"operator":null}},{"type":"Feature","geometry":{"type":"Point","coordinates":[11.97492,57.67917]},"properties":{"namn":null,"typ":"minor_distribution","spanning_kv":null,"volt_klass":0,"kapacitet_mw":null,"operator":null}},{"type":"Feature","geometry":{"type":"Point","coordinates":[16.0816,60.53037]},"properties":{"namn":null,"typ":null,"spanning_kv":null,"volt_klass":0,"kapacitet_mw":null,"operator":null}},{"type":"Feature","geometry":{"type":"Point","coordinates":[16.61277,59.6834]},"properties":{"namn":null,"typ":null,"spanning_kv":20.0,"volt_klass":1,"kapacitet_mw":null,"operator":null}},{"type":"Feature","geometry":{"type":"Point","coordinates":[16.56076,59.75148]},"properties":{"namn":null,"typ":null,"spanning_kv":20.0,"volt_klass":1,"kapacitet_mw":null,"operator":null}},{"type":"Feature","geometry":{"type":"Point","coordinates":[16.61327,59.80054]},"properties":{"namn":null,"typ":null,"spanning_kv":20.0,"volt_klass":1,"kapacitet_mw":null,"operator":null}},{"type":"Feature","geometry":{"type":"Point","coordinates":[16.68061,59.60433]},"properties":{"namn":null,"typ":null,"spanning_kv":20.0,"volt_klass":1,"kapacitet_mw":null,"operator":null}},{"type":"Feature","geometry":{"type":"Point","coordinates":[16.72277,59.56181]},"properties":{"namn":null,"typ":null,"spanning_kv":20.0,"volt_klass":1,"kapacitet_mw":null,"operator":null}},{"type":"Feature","geometry":{"type":"Point","coordinates":[16.83772,59.67032]},"properties":{"namn":null,"typ":null,"spanning_kv":20.0,"volt_klass":1,"kapacitet_mw":null,"operator":null}},{"type":"Feature","geometry":{"type":"Point","coordinates":[16.71448,59.67936]},"properties":{"namn":null,"typ":null,"spanning_kv":20.0,"volt_klass":1,"kapacitet_mw":null,"operator":null}},{"type":"Feature","geometry":{"type":"Point","coordinates":[15.73242,57.53584]},"properties":{"namn":null,"typ":null,"spanning_kv":null,"volt_klass":0,"kapacitet_mw":null,"operator":null}},{"type":"Feature","geometry":{"type":"Point","coordinates":[11.98021,57.67969]},"properties":{"namn":null,"typ":"minor_distribution","spanning_kv":null,"volt_klass":0,"kapacitet_mw":null,"operator":null}},{"type":"Feature","geometry":{"type":"Point","coordinates":[13.22252,55.72024]},"properties":{"namn":null,"typ":"minor_distribution","spanning_kv":null,"volt_klass":0,"kapacitet_mw":null,"operator":null}},{"type":"Feature","geometry":{"type":"Point","coordinates":[17.95232,59.23632]},"properties":{"namn":null,"typ":null,"spanning_kv":null,"volt_klass":0,"kapacitet_mw":null,"operator":null}},{"type":"Feature","geometry":{"type":"Point","coordinates":[18.74677,63.30296]},"properties":{"namn":null,"typ":"minor_distribution","spanning_kv":null,"volt_klass":0,"kapacitet_mw":null,"operator":null}},{"type":"Feature","geometry":{"type":"Point","coordinates":[21.75964,66.04708]},"properties":{"namn":null,"typ":null,"spanning_kv":null,"volt_klass":0,"kapacitet_mw":null,"operator":null}},{"type":"Feature","geometry":{"type":"Point","coordinates":[13.43618,58.63336]},"properties":{"namn":null,"typ":"industrial","spanning_kv":null,"volt_klass":0,"kapacitet_mw":null,"operator":"Fortum"}},{"type":"Feature","geometry":{"type":"Point","coordinates":[16.46333,60.83833]},"properties":{"namn":null,"typ":null,"spanning_kv":null,"volt_klass":0,"kapacitet_mw":null,"operator":null}},{"type":"Feature","geometry":{"type":"Point","coordinates":[15.4662,56.99219]},"properties":{"namn":null,"typ":null,"spanning_kv":null,"volt_klass":0,"kapacitet_mw":null,"operator":null}},{"type":"Feature","geometry":{"type":"Point","coordinates":[15.46896,56.99349]},"properties":{"namn":null,"typ":null,"spanning_kv":null,"volt_klass":0,"kapacitet_mw":null,"operator":null}},{"type":"Feature","geometry":{"type":"Point","coordinates":[20.17888,63.81892]},"properties":{"namn":null,"typ":"distribution","spanning_kv":40.0,"volt_klass":1,"kapacitet_mw":null,"operator":null}},{"type":"Feature","geometry":{"type":"Point","coordinates":[15.09467,57.26889]},"properties":{"namn":null,"typ":null,"spanning_kv":null,"volt_klass":0,"kapacitet_mw":null,"operator":"E.ON"}},{"type":"Feature","geometry":{"type":"Point","coordinates":[15.74728,56.85964]},"properties":{"namn":null,"typ":null,"spanning_kv":null,"volt_klass":0,"kapacitet_mw":null,"operator":null}},{"type":"Feature","geometry":{"type":"Point","coordinates":[12.28941,57.15437]},"properties":{"namn":null,"typ":null,"spanning_kv":null,"volt_klass":0,"kapacitet_mw":null,"operator":null}},{"type":"Feature","geometry":{"type":"Point","coordinates":[16.31031,56.98234]},"properties":{"namn":null,"typ":null,"spanning_kv":null,"volt_klass":0,"kapacitet_mw":null,"operator":null}},{"type":"Feature","geometry":{"type":"Point","coordinates":[12.96301,62.40443]},"properties":{"namn":null,"typ":null,"spanning_kv":null,"volt_klass":0,"kapacitet_mw":null,"operator":null}},{"type":"Feature","geometry":{"type":"Point","coordinates":[18.98752,63.77476]},"properties":{"namn":null,"typ":null,"spanning_kv":null,"volt_klass":0,"kapacitet_mw":null,"operator":null}},{"type":"Feature","geometry":{"type":"Point","coordinates":[16.47405,58.85229]},"properties":{"namn":null,"typ":null,"spanning_kv":null,"volt_klass":0,"kapacitet_mw":null,"operator":null}},{"type":"Feature","geometry":{"type":"Point","coordinates":[12.70604,56.07266]},"properties":{"namn":null,"typ":"minor_distribution","spanning_kv":null,"volt_klass":0,"kapacitet_mw":null,"operator":"Öresundskraft"}},{"type":"Feature","geometry":{"type":"Point","coordinates":[17.65301,59.84765]},"properties":{"namn":null,"typ":null,"spanning_kv":null,"volt_klass":0,"kapacitet_mw":null,"operator":null}},{"type":"Feature","geometry":{"type":"Point","coordinates":[12.71673,56.07076]},"properties":{"namn":null,"typ":"minor_distribution","spanning_kv":null,"volt_klass":0,"kapacitet_mw":null,"operator":"Öresundskraft"}},{"type":"Feature","geometry":{"type":"Point","coordinates":[14.69259,63.17571]},"properties":{"namn":"Transformator, Tesla","typ":"minor_distribution","spanning_kv":null,"volt_klass":0,"kapacitet_mw":null,"operator":null}},{"type":"Feature","geometry":{"type":"Point","coordinates":[16.73801,60.6112]},"properties":{"namn":null,"typ":null,"spanning_kv":null,"volt_klass":0,"kapacitet_mw":null,"operator":null}},{"type":"Feature","geometry":{"type":"Point","coordinates":[11.17101,58.99034]},"properties":{"namn":null,"typ":null,"spanning_kv":null,"volt_klass":0,"kapacitet_mw":null,"operator":null}},{"type":"Feature","geometry":{"type":"Point","coordinates":[16.64704,59.25853]},"properties":{"namn":null,"typ":"distribution","spanning_kv":null,"volt_klass":0,"kapacitet_mw":null,"operator":null}},{"type":"Feature","geometry":{"type":"Point","coordinates":[16.17381,58.56252]},"properties":{"namn":null,"typ":null,"spanning_kv":null,"volt_klass":0,"kapacitet_mw":null,"operator":null}},{"type":"Feature","geometry":{"type":"Point","coordinates":[22.29217,65.56514]},"properties":{"namn":null,"typ":null,"spanning_kv":null,"volt_klass":0,"kapacitet_mw":null,"operator":null}},{"type":"Feature","geometry":{"type":"Point","coordinates":[12.11707,63.31268]},"properties":{"namn":null,"typ":null,"spanning_kv":null,"volt_klass":0,"kapacitet_mw":null,"operator":null}},{"type":"Feature","geometry":{"type":"Point","coordinates":[13.88571,63.11359]},"properties":{"namn":null,"typ":null,"spanning_kv":null,"volt_klass":0,"kapacitet_mw":null,"operator":null}},{"type":"Feature","geometry":{"type":"Point","coordinates":[13.88362,63.11351]},"properties":{"namn":null,"typ":null,"spanning_kv":null,"volt_klass":0,"kapacitet_mw":null,"operator":null}},{"type":"Feature","geometry":{"type":"Point","coordinates":[16.17278,58.55921]},"properties":{"namn":null,"typ":null,"spanning_kv":null,"volt_klass":0,"kapacitet_mw":null,"operator":null}},{"type":"Feature","geometry":{"type":"Point","coordinates":[12.11093,57.60663]},"properties":{"namn":"Konti-Skan Lindome HVDC Static Inverter","typ":"converter","spanning_kv":400.0,"volt_klass":4,"kapacitet_mw":null,"operator":"Svenska Kraftnät"}},{"type":"Feature","geometry":{"type":"Point","coordinates":[17.91846,59.3797]},"properties":{"namn":null,"typ":null,"spanning_kv":null,"volt_klass":0,"kapacitet_mw":null,"operator":null}},{"type":"Feature","geometry":{"type":"Point","coordinates":[18.21923,60.17451]},"properties":{"namn":null,"typ":"minor_distribution","spanning_kv":null,"volt_klass":0,"kapacitet_mw":null,"operator":null}},{"type":"Feature","geometry":{"type":"Point","coordinates":[15.27977,56.20647]},"properties":{"namn":null,"typ":null,"spanning_kv":null,"volt_klass":0,"kapacitet_mw":null,"operator":null}},{"type":"Feature","geometry":{"type":"Point","coordinates":[13.62223,55.50337]},"properties":{"namn":null,"typ":null,"spanning_kv":null,"volt_klass":0,"kapacitet_mw":null,"operator":null}},{"type":"Feature","geometry":{"type":"Point","coordinates":[12.84011,60.76481]},"properties":{"namn":null,"typ":null,"spanning_kv":132.0,"volt_klass":2,"kapacitet_mw":null,"operator":null}},{"type":"Feature","geometry":{"type":"Point","coordinates":[12.0786,57.57683]},"properties":{"namn":null,"typ":null,"spanning_kv":null,"volt_klass":0,"kapacitet_mw":null,"operator":null}},{"type":"Feature","geometry":{"type":"Point","coordinates":[12.07612,57.58071]},"properties":{"namn":null,"typ":null,"spanning_kv":null,"volt_klass":0,"kapacitet_mw":null,"operator":null}},{"type":"Feature","geometry":{"type":"Point","coordinates":[12.08176,57.5749]},"properties":{"namn":null,"typ":null,"spanning_kv":null,"volt_klass":0,"kapacitet_mw":null,"operator":null}},{"type":"Feature","geometry":{"type":"Point","coordinates":[12.0942,57.55061]},"properties":{"namn":null,"typ":null,"spanning_kv":null,"volt_klass":0,"kapacitet_mw":null,"operator":null}},{"type":"Feature","geometry":{"type":"Point","coordinates":[12.07498,57.51449]},"properties":{"namn":null,"typ":null,"spanning_kv":null,"volt_klass":0,"kapacitet_mw":null,"operator":null}},{"type":"Feature","geometry":{"type":"Point","coordinates":[13.97149,58.18223]},"properties":{"namn":null,"typ":null,"spanning_kv":null,"volt_klass":0,"kapacitet_mw":null,"operator":null}},{"type":"Feature","geometry":{"type":"Point","coordinates":[13.15867,56.12282]},"properties":{"namn":null,"typ":null,"spanning_kv":null,"volt_klass":0,"kapacitet_mw":null,"operator":null}},{"type":"Feature","geometry":{"type":"Point","coordinates":[12.96628,56.05131]},"properties":{"namn":null,"typ":null,"spanning_kv":null,"volt_klass":0,"kapacitet_mw":null,"operator":null}},{"type":"Feature","geometry":{"type":"Point","coordinates":[16.95022,59.75039]},"properties":{"namn":null,"typ":null,"spanning_kv":null,"volt_klass":0,"kapacitet_mw":null,"operator":null}},{"type":"Feature","geometry":{"type":"Point","coordinates":[16.98973,60.59317]},"properties":{"namn":null,"typ":null,"spanning_kv":400.0,"volt_klass":4,"kapacitet_mw":null,"operator":null}},{"type":"Feature","geometry":{"type":"Point","coordinates":[21.4784,65.33661]},"properties":{"namn":null,"typ":"minor_distribution","spanning_kv":null,"volt_klass":0,"kapacitet_mw":null,"operator":null}},{"type":"Feature","geometry":{"type":"Point","coordinates":[13.14011,56.19181]},"properties":{"namn":null,"typ":null,"spanning_kv":null,"volt_klass":0,"kapacitet_mw":null,"operator":null}},{"type":"Feature","geometry":{"type":"Point","coordinates":[12.93923,55.58722]},"properties":{"namn":null,"typ":null,"spanning_kv":null,"volt_klass":0,"kapacitet_mw":null,"operator":null}},{"type":"Feature","geometry":{"type":"Point","coordinates":[18.22137,59.24732]},"properties":{"namn":null,"typ":null,"spanning_kv":null,"volt_klass":0,"kapacitet_mw":null,"operator":null}},{"type":"Feature","geometry":{"type":"Point","coordinates":[17.70125,62.9702]},"properties":{"namn":null,"typ":"distribution","spanning_kv":130.0,"volt_klass":2,"kapacitet_mw":null,"operator":null}},{"type":"Feature","geometry":{"type":"Point","coordinates":[17.67217,62.98962]},"properties":{"namn":null,"typ":"distribution","spanning_kv":130.0,"volt_klass":2,"kapacitet_mw":null,"operator":null}},{"type":"Feature","geometry":{"type":"Point","coordinates":[17.31221,62.80448]},"properties":{"namn":null,"typ":null,"spanning_kv":130.0,"volt_klass":2,"kapacitet_mw":null,"operator":null}},{"type":"Feature","geometry":{"type":"Point","coordinates":[17.10945,59.72504]},"properties":{"namn":null,"typ":null,"spanning_kv":null,"volt_klass":0,"kapacitet_mw":null,"operator":null}},{"type":"Feature","geometry":{"type":"Point","coordinates":[15.83506,59.59591]},"properties":{"namn":null,"typ":null,"spanning_kv":null,"volt_klass":0,"kapacitet_mw":null,"operator":null}},{"type":"Feature","geometry":{"type":"Point","coordinates":[16.15688,60.13808]},"properties":{"namn":null,"typ":"minor_distribution","spanning_kv":null,"volt_klass":0,"kapacitet_mw":null,"operator":null}},{"type":"Feature","geometry":{"type":"Point","coordinates":[14.64228,63.17613]},"properties":{"namn":null,"typ":"minor_distribution","spanning_kv":null,"volt_klass":0,"kapacitet_mw":null,"operator":"Jämtkraft"}},{"type":"Feature","geometry":{"type":"Point","coordinates":[17.99124,59.45334]},"properties":{"namn":"339 Edsvall","typ":null,"spanning_kv":null,"volt_klass":0,"kapacitet_mw":null,"operator":null}},{"type":"Feature","geometry":{"type":"Point","coordinates":[19.64719,64.31273]},"properties":{"namn":null,"typ":null,"spanning_kv":null,"volt_klass":0,"kapacitet_mw":null,"operator":null}},{"type":"Feature","geometry":{"type":"Point","coordinates":[12.13302,59.39389]},"properties":{"namn":null,"typ":null,"spanning_kv":null,"volt_klass":0,"kapacitet_mw":null,"operator":null}},{"type":"Feature","geometry":{"type":"Point","coordinates":[12.12126,59.39238]},"properties":{"namn":null,"typ":null,"spanning_kv":null,"volt_klass":0,"kapacitet_mw":null,"operator":null}},{"type":"Feature","geometry":{"type":"Point","coordinates":[12.11882,59.38867]},"properties":{"namn":null,"typ":null,"spanning_kv":null,"volt_klass":0,"kapacitet_mw":null,"operator":null}},{"type":"Feature","geometry":{"type":"Point","coordinates":[12.13153,59.38174]},"properties":{"namn":null,"typ":null,"spanning_kv":null,"volt_klass":0,"kapacitet_mw":null,"operator":null}},{"type":"Feature","geometry":{"type":"Point","coordinates":[17.74869,59.90619]},"properties":{"namn":null,"typ":"minor_distribution","spanning_kv":null,"volt_klass":0,"kapacitet_mw":null,"operator":null}},{"type":"Feature","geometry":{"type":"Point","coordinates":[14.32414,62.99393]},"properties":{"namn":null,"typ":null,"spanning_kv":null,"volt_klass":0,"kapacitet_mw":null,"operator":null}},{"type":"Feature","geometry":{"type":"Point","coordinates":[12.12816,59.39232]},"properties":{"namn":null,"typ":null,"spanning_kv":null,"volt_klass":0,"kapacitet_mw":null,"operator":null}},{"type":"Feature","geometry":{"type":"Point","coordinates":[17.72856,59.47817]},"properties":{"namn":null,"typ":"distribution","spanning_kv":400.0,"volt_klass":4,"kapacitet_mw":null,"operator":null}},{"type":"Feature","geometry":{"type":"Point","coordinates":[13.7263,62.76283]},"properties":{"namn":null,"typ":null,"spanning_kv":null,"volt_klass":0,"kapacitet_mw":null,"operator":null}},{"type":"Feature","geometry":{"type":"Point","coordinates":[11.93542,57.67832]},"properties":{"namn":null,"typ":"minor_distribution","spanning_kv":null,"volt_klass":0,"kapacitet_mw":null,"operator":null}},{"type":"Feature","geometry":{"type":"Point","coordinates":[11.95179,57.68426]},"properties":{"namn":null,"typ":"minor_distribution","spanning_kv":null,"volt_klass":0,"kapacitet_mw":null,"operator":null}},{"type":"Feature","geometry":{"type":"Point","coordinates":[18.07112,60.07381]},"properties":{"namn":null,"typ":null,"spanning_kv":null,"volt_klass":0,"kapacitet_mw":null,"operator":null}},{"type":"Feature","geometry":{"type":"Point","coordinates":[12.00021,57.69861]},"properties":{"namn":null,"typ":null,"spanning_kv":null,"volt_klass":0,"kapacitet_mw":null,"operator":null}},{"type":"Feature","geometry":{"type":"Point","coordinates":[17.61827,59.86784]},"properties":{"namn":null,"typ":"minor_distribution","spanning_kv":null,"volt_klass":0,"kapacitet_mw":null,"operator":null}},{"type":"Feature","geometry":{"type":"Point","coordinates":[14.16965,56.05608]},"properties":{"namn":null,"typ":"distribution","spanning_kv":null,"volt_klass":0,"kapacitet_mw":null,"operator":null}},{"type":"Feature","geometry":{"type":"Point","coordinates":[15.89796,60.08497]},"properties":{"namn":"Norberg","typ":null,"spanning_kv":138.0,"volt_klass":2,"kapacitet_mw":null,"operator":null}},{"type":"Feature","geometry":{"type":"Point","coordinates":[15.00385,59.51108]},"properties":{"namn":null,"typ":null,"spanning_kv":null,"volt_klass":0,"kapacitet_mw":null,"operator":null}},{"type":"Feature","geometry":{"type":"Point","coordinates":[15.31881,59.06501]},"properties":{"namn":null,"typ":"distribution","spanning_kv":45.0,"volt_klass":1,"kapacitet_mw":null,"operator":null}},{"type":"Feature","geometry":{"type":"Point","coordinates":[11.34308,58.71843]},"properties":{"namn":"Tanumshede","typ":"distribution","spanning_kv":132.0,"volt_klass":2,"kapacitet_mw":null,"operator":null}},{"type":"Feature","geometry":{"type":"Point","coordinates":[13.36753,58.03395]},"properties":{"namn":null,"typ":"distribution","spanning_kv":45.0,"volt_klass":1,"kapacitet_mw":null,"operator":null}},{"type":"Feature","geometry":{"type":"Point","coordinates":[14.90021,60.48203]},"properties":{"namn":"Mockfjärd","typ":"transmission","spanning_kv":130.0,"volt_klass":2,"kapacitet_mw":null,"operator":null}},{"type":"Feature","geometry":{"type":"Point","coordinates":[15.17948,60.52951]},"properties":{"namn":"Bäsna","typ":"transmission","spanning_kv":400.0,"volt_klass":4,"kapacitet_mw":null,"operator":"Svenska Kraftnät"}},{"type":"Feature","geometry":{"type":"Point","coordinates":[15.29436,60.71094]},"properties":{"namn":"Sågmyra","typ":null,"spanning_kv":50.0,"volt_klass":2,"kapacitet_mw":null,"operator":null}},{"type":"Feature","geometry":{"type":"Point","coordinates":[12.84932,55.95742]},"properties":{"namn":null,"typ":null,"spanning_kv":null,"volt_klass":0,"kapacitet_mw":null,"operator":null}},{"type":"Feature","geometry":{"type":"Point","coordinates":[17.13011,60.64761]},"properties":{"namn":null,"typ":"distribution","spanning_kv":null,"volt_klass":0,"kapacitet_mw":null,"operator":null}},{"type":"Feature","geometry":{"type":"Point","coordinates":[14.36772,62.02122]},"properties":{"namn":"Ulvkälla","typ":null,"spanning_kv":null,"volt_klass":0,"kapacitet_mw":null,"operator":null}},{"type":"Feature","geometry":{"type":"Point","coordinates":[16.27587,60.5331]},"properties":{"namn":"Hofors västra","typ":"transmission","spanning_kv":130.0,"volt_klass":2,"kapacitet_mw":null,"operator":null}},{"type":"Feature","geometry":{"type":"Point","coordinates":[16.4113,60.31154]},"properties":{"namn":"Horndal 1","typ":"transmission","spanning_kv":220.0,"volt_klass":3,"kapacitet_mw":null,"operator":"Svenska kraftnät"}},{"type":"Feature","geometry":{"type":"Point","coordinates":[16.71018,60.94221]},"properties":{"namn":null,"typ":"transmission","spanning_kv":220.0,"volt_klass":3,"kapacitet_mw":null,"operator":null}},{"type":"Feature","geometry":{"type":"Point","coordinates":[16.70808,60.94123]},"properties":{"namn":"Ockelbo","typ":"traction","spanning_kv":132.0,"volt_klass":2,"kapacitet_mw":null,"operator":null}},{"type":"Feature","geometry":{"type":"Point","coordinates":[16.50518,61.27013]},"properties":{"namn":"Jönssen","typ":"traction","spanning_kv":132.0,"volt_klass":2,"kapacitet_mw":null,"operator":null}},{"type":"Feature","geometry":{"type":"Point","coordinates":[15.14276,60.88999]},"properties":{"namn":"Massarbäck","typ":"transmission","spanning_kv":130.0,"volt_klass":2,"kapacitet_mw":null,"operator":null}},{"type":"Feature","geometry":{"type":"Point","coordinates":[16.97888,60.6003]},"properties":{"namn":"Ängsberg","typ":"transmission","spanning_kv":400.0,"volt_klass":4,"kapacitet_mw":null,"operator":null}},{"type":"Feature","geometry":{"type":"Point","coordinates":[16.9902,60.60414]},"properties":{"namn":"Stackbo","typ":"transmission","spanning_kv":400.0,"volt_klass":4,"kapacitet_mw":null,"operator":null}},{"type":"Feature","geometry":{"type":"Point","coordinates":[17.05501,60.66755]},"properties":{"namn":"Valbo","typ":"transmission","spanning_kv":220.0,"volt_klass":3,"kapacitet_mw":null,"operator":null}},{"type":"Feature","geometry":{"type":"Point","coordinates":[15.57909,57.60693]},"properties":{"namn":null,"typ":null,"spanning_kv":130.0,"volt_klass":2,"kapacitet_mw":null,"operator":"E.ON"}},{"type":"Feature","geometry":{"type":"Point","coordinates":[15.81754,57.51073]},"properties":{"namn":null,"typ":"distribution","spanning_kv":null,"volt_klass":0,"kapacitet_mw":null,"operator":null}},{"type":"Feature","geometry":{"type":"Point","coordinates":[13.44002,58.3917]},"properties":{"namn":null,"typ":"distribution","spanning_kv":45.0,"volt_klass":1,"kapacitet_mw":null,"operator":null}},{"type":"Feature","geometry":{"type":"Point","coordinates":[13.75936,64.64829]},"properties":{"namn":"Linvasselv","typ":"transmission","spanning_kv":220.0,"volt_klass":3,"kapacitet_mw":null,"operator":null}},{"type":"Feature","geometry":{"type":"Point","coordinates":[12.6587,59.03507]},"properties":{"namn":null,"typ":"transmission","spanning_kv":132.0,"volt_klass":2,"kapacitet_mw":null,"operator":null}},{"type":"Feature","geometry":{"type":"Point","coordinates":[17.92745,62.77333]},"properties":{"namn":null,"typ":null,"spanning_kv":null,"volt_klass":0,"kapacitet_mw":null,"operator":null}},{"type":"Feature","geometry":{"type":"Point","coordinates":[13.61351,55.53822]},"properties":{"namn":null,"typ":null,"spanning_kv":null,"volt_klass":0,"kapacitet_mw":null,"operator":null}},{"type":"Feature","geometry":{"type":"Point","coordinates":[13.09336,59.34775]},"properties":{"namn":null,"typ":null,"spanning_kv":132.0,"volt_klass":2,"kapacitet_mw":null,"operator":null}},{"type":"Feature","geometry":{"type":"Point","coordinates":[12.96146,59.38822]},"properties":{"namn":"Borgvik","typ":"transmission","spanning_kv":400.0,"volt_klass":4,"kapacitet_mw":null,"operator":null}},{"type":"Feature","geometry":{"type":"Point","coordinates":[12.8619,56.6527]},"properties":{"namn":null,"typ":null,"spanning_kv":null,"volt_klass":0,"kapacitet_mw":null,"operator":null}},{"type":"Feature","geometry":{"type":"Point","coordinates":[16.64772,57.72832]},"properties":{"namn":"HVDC Gotland - Västervik Static Inverter Plant","typ":"converter","spanning_kv":130.0,"volt_klass":2,"kapacitet_mw":null,"operator":null}},{"type":"Feature","geometry":{"type":"Point","coordinates":[16.22112,57.0036]},"properties":{"namn":null,"typ":"transmission","spanning_kv":132.0,"volt_klass":2,"kapacitet_mw":null,"operator":"E.ON"}},{"type":"Feature","geometry":{"type":"Point","coordinates":[11.78349,57.72496]},"properties":{"namn":null,"typ":"distribution","spanning_kv":132.0,"volt_klass":2,"kapacitet_mw":null,"operator":null}},{"type":"Feature","geometry":{"type":"Point","coordinates":[12.90303,56.6643]},"properties":{"namn":"Linehed","typ":"distribution","spanning_kv":132.0,"volt_klass":2,"kapacitet_mw":null,"operator":"E.ON"}},{"type":"Feature","geometry":{"type":"Point","coordinates":[12.94041,56.64378]},"properties":{"namn":null,"typ":"distribution","spanning_kv":132.0,"volt_klass":2,"kapacitet_mw":null,"operator":null}},{"type":"Feature","geometry":{"type":"Point","coordinates":[13.10872,58.53387]},"properties":{"namn":"Stenhammar","typ":"distribution","spanning_kv":45.0,"volt_klass":1,"kapacitet_mw":null,"operator":"Lidköping Elnät"}},{"type":"Feature","geometry":{"type":"Point","coordinates":[14.60416,59.00679]},"properties":{"namn":null,"typ":null,"spanning_kv":null,"volt_klass":0,"kapacitet_mw":null,"operator":null}},{"type":"Feature","geometry":{"type":"Point","coordinates":[12.01346,57.74857]},"properties":{"namn":"K1 Marieholm","typ":"transmission","spanning_kv":132.0,"volt_klass":2,"kapacitet_mw":null,"operator":null}},{"type":"Feature","geometry":{"type":"Point","coordinates":[15.85435,56.76713]},"properties":{"namn":"Nybro","typ":"converter","spanning_kv":400.0,"volt_klass":4,"kapacitet_mw":null,"operator":null}},{"type":"Feature","geometry":{"type":"Point","coordinates":[15.85855,56.7668]},"properties":{"namn":"400kV Nybro","typ":"transmission","spanning_kv":400.0,"volt_klass":4,"kapacitet_mw":null,"operator":null}},{"type":"Feature","geometry":{"type":"Point","coordinates":[14.73147,56.89833]},"properties":{"namn":null,"typ":null,"spanning_kv":null,"volt_klass":0,"kapacitet_mw":null,"operator":null}},{"type":"Feature","geometry":{"type":"Point","coordinates":[14.86994,56.17287]},"properties":{"namn":null,"typ":null,"spanning_kv":null,"volt_klass":0,"kapacitet_mw":null,"operator":null}},{"type":"Feature","geometry":{"type":"Point","coordinates":[12.67798,57.51627]},"properties":{"namn":null,"typ":"transmission","spanning_kv":132.0,"volt_klass":2,"kapacitet_mw":null,"operator":"Vattenfall"}},{"type":"Feature","geometry":{"type":"Point","coordinates":[11.73493,58.8374]},"properties":{"namn":"Stommen","typ":"transmission","spanning_kv":420.0,"volt_klass":4,"kapacitet_mw":null,"operator":null}},{"type":"Feature","geometry":{"type":"Point","coordinates":[12.35054,59.7554]},"properties":{"namn":"Åmotfors","typ":null,"spanning_kv":132.0,"volt_klass":2,"kapacitet_mw":null,"operator":null}},{"type":"Feature","geometry":{"type":"Point","coordinates":[12.26365,57.91563]},"properties":{"namn":"Kilanda","typ":"transmission","spanning_kv":400.0,"volt_klass":4,"kapacitet_mw":null,"operator":null}},{"type":"Feature","geometry":{"type":"Point","coordinates":[12.23761,58.2814]},"properties":{"namn":null,"typ":"transmission","spanning_kv":132.0,"volt_klass":2,"kapacitet_mw":null,"operator":"Vattenfall"}},{"type":"Feature","geometry":{"type":"Point","coordinates":[14.01669,57.17318]},"properties":{"namn":null,"typ":null,"spanning_kv":null,"volt_klass":0,"kapacitet_mw":null,"operator":null}},{"type":"Feature","geometry":{"type":"Point","coordinates":[11.44074,58.60357]},"properties":{"namn":null,"typ":"transmission","spanning_kv":132.0,"volt_klass":2,"kapacitet_mw":null,"operator":"Vattenfall"}},{"type":"Feature","geometry":{"type":"Point","coordinates":[12.66002,58.34581]},"properties":{"namn":null,"typ":"transmission","spanning_kv":132.0,"volt_klass":2,"kapacitet_mw":null,"operator":"Vattenfall"}},{"type":"Feature","geometry":{"type":"Point","coordinates":[14.52328,60.98255]},"properties":{"namn":null,"typ":null,"spanning_kv":15.0,"volt_klass":1,"kapacitet_mw":null,"operator":null}},{"type":"Feature","geometry":{"type":"Point","coordinates":[12.21467,58.29422]},"properties":{"namn":"Skogssäter","typ":"transmission","spanning_kv":400.0,"volt_klass":4,"kapacitet_mw":null,"operator":"Svenska kraftnät"}},{"type":"Feature","geometry":{"type":"Point","coordinates":[13.05937,58.43565]},"properties":{"namn":null,"typ":"distribution","spanning_kv":45.0,"volt_klass":1,"kapacitet_mw":null,"operator":null}},{"type":"Feature","geometry":{"type":"Point","coordinates":[16.45564,62.41926]},"properties":{"namn":null,"typ":"compensation","spanning_kv":400.0,"volt_klass":4,"kapacitet_mw":null,"operator":null}},{"type":"Feature","geometry":{"type":"Point","coordinates":[16.66843,62.94744]},"properties":{"namn":"Hölleforsen","typ":"transmission","spanning_kv":220.0,"volt_klass":3,"kapacitet_mw":null,"operator":null}},{"type":"Feature","geometry":{"type":"Point","coordinates":[16.66608,62.79588]},"properties":{"namn":null,"typ":null,"spanning_kv":220.0,"volt_klass":3,"kapacitet_mw":null,"operator":null}},{"type":"Feature","geometry":{"type":"Point","coordinates":[16.80031,62.69395]},"properties":{"namn":null,"typ":null,"spanning_kv":null,"volt_klass":0,"kapacitet_mw":null,"operator":null}},{"type":"Feature","geometry":{"type":"Point","coordinates":[17.09401,62.57322]},"properties":{"namn":null,"typ":null,"spanning_kv":null,"volt_klass":0,"kapacitet_mw":null,"operator":null}},{"type":"Feature","geometry":{"type":"Point","coordinates":[20.73171,65.40983]},"properties":{"namn":null,"typ":null,"spanning_kv":null,"volt_klass":0,"kapacitet_mw":null,"operator":null}},{"type":"Feature","geometry":{"type":"Point","coordinates":[14.11745,62.49238]},"properties":{"namn":null,"typ":null,"spanning_kv":null,"volt_klass":0,"kapacitet_mw":null,"operator":null}},{"type":"Feature","geometry":{"type":"Point","coordinates":[12.0979,57.93582]},"properties":{"namn":null,"typ":"distribution","spanning_kv":132.0,"volt_klass":2,"kapacitet_mw":null,"operator":null}},{"type":"Feature","geometry":{"type":"Point","coordinates":[12.02882,57.78431]},"properties":{"namn":null,"typ":"distribution","spanning_kv":132.0,"volt_klass":2,"kapacitet_mw":null,"operator":null}},{"type":"Feature","geometry":{"type":"Point","coordinates":[12.75877,57.03302]},"properties":{"namn":"Yngeredsfors","typ":"distribution","spanning_kv":55.0,"volt_klass":2,"kapacitet_mw":null,"operator":null}},{"type":"Feature","geometry":{"type":"Point","coordinates":[12.80695,57.07612]},"properties":{"namn":"Bällforsen","typ":"distribution","spanning_kv":55.0,"volt_klass":2,"kapacitet_mw":null,"operator":null}},{"type":"Feature","geometry":{"type":"Point","coordinates":[11.88285,57.70948]},"properties":{"namn":"Ställverk Biskopsgården","typ":"distribution","spanning_kv":132.0,"volt_klass":2,"kapacitet_mw":null,"operator":null}},{"type":"Feature","geometry":{"type":"Point","coordinates":[15.21737,59.33357]},"properties":{"namn":null,"typ":null,"spanning_kv":null,"volt_klass":0,"kapacitet_mw":null,"operator":null}},{"type":"Feature","geometry":{"type":"Point","coordinates":[15.01418,60.60455]},"properties":{"namn":"Gråda","typ":null,"spanning_kv":70.0,"volt_klass":2,"kapacitet_mw":null,"operator":null}},{"type":"Feature","geometry":{"type":"Point","coordinates":[13.41705,57.15895]},"properties":{"namn":"Smålandsstenar","typ":"distribution","spanning_kv":132.0,"volt_klass":2,"kapacitet_mw":null,"operator":null}},{"type":"Feature","geometry":{"type":"Point","coordinates":[15.0451,59.00199]},"properties":{"namn":null,"typ":"distribution","spanning_kv":45.0,"volt_klass":1,"kapacitet_mw":null,"operator":null}},{"type":"Feature","geometry":{"type":"Point","coordinates":[15.27244,59.11735]},"properties":{"namn":null,"typ":null,"spanning_kv":132.0,"volt_klass":2,"kapacitet_mw":null,"operator":null}},{"type":"Feature","geometry":{"type":"Point","coordinates":[12.87463,59.11857]},"properties":{"namn":null,"typ":"transmission","spanning_kv":132.0,"volt_klass":2,"kapacitet_mw":null,"operator":null}},{"type":"Feature","geometry":{"type":"Point","coordinates":[13.09874,59.3164]},"properties":{"namn":null,"typ":"distribution","spanning_kv":45.0,"volt_klass":1,"kapacitet_mw":null,"operator":null}},{"type":"Feature","geometry":{"type":"Point","coordinates":[13.18363,59.39031]},"properties":{"namn":null,"typ":"distribution","spanning_kv":132.0,"volt_klass":2,"kapacitet_mw":null,"operator":null}},{"type":"Feature","geometry":{"type":"Point","coordinates":[13.30662,59.50944]},"properties":{"namn":null,"typ":"distribution","spanning_kv":45.0,"volt_klass":1,"kapacitet_mw":null,"operator":null}},{"type":"Feature","geometry":{"type":"Point","coordinates":[13.49817,59.52394]},"properties":{"namn":null,"typ":"distribution","spanning_kv":132.0,"volt_klass":2,"kapacitet_mw":null,"operator":null}},{"type":"Feature","geometry":{"type":"Point","coordinates":[13.498,59.37396]},"properties":{"namn":null,"typ":"distribution","spanning_kv":132.0,"volt_klass":2,"kapacitet_mw":null,"operator":null}},{"type":"Feature","geometry":{"type":"Point","coordinates":[13.43765,59.34807]},"properties":{"namn":"Dingelsundet","typ":"transmission","spanning_kv":132.0,"volt_klass":2,"kapacitet_mw":null,"operator":null}},{"type":"Feature","geometry":{"type":"Point","coordinates":[14.43513,59.22725]},"properties":{"namn":null,"typ":"industrial","spanning_kv":132.0,"volt_klass":2,"kapacitet_mw":null,"operator":null}},{"type":"Feature","geometry":{"type":"Point","coordinates":[13.8318,59.41863]},"properties":{"namn":null,"typ":"distribution","spanning_kv":132.0,"volt_klass":2,"kapacitet_mw":null,"operator":null}},{"type":"Feature","geometry":{"type":"Point","coordinates":[13.55946,59.46643]},"properties":{"namn":null,"typ":"distribution","spanning_kv":45.0,"volt_klass":1,"kapacitet_mw":null,"operator":null}},{"type":"Feature","geometry":{"type":"Point","coordinates":[13.66281,59.41217]},"properties":{"namn":null,"typ":"distribution","spanning_kv":45.0,"volt_klass":1,"kapacitet_mw":null,"operator":null}},{"type":"Feature","geometry":{"type":"Point","coordinates":[14.23619,59.3159]},"properties":{"namn":null,"typ":"transmission","spanning_kv":132.0,"volt_klass":2,"kapacitet_mw":null,"operator":null}},{"type":"Feature","geometry":{"type":"Point","coordinates":[14.34131,59.09617]},"properties":{"namn":null,"typ":"transmission","spanning_kv":45.0,"volt_klass":1,"kapacitet_mw":null,"operator":null}},{"type":"Feature","geometry":{"type":"Point","coordinates":[14.22313,59.17578]},"properties":{"namn":null,"typ":"transmission","spanning_kv":132.0,"volt_klass":2,"kapacitet_mw":null,"operator":null}},{"type":"Feature","geometry":{"type":"Point","coordinates":[13.15017,59.85117]},"properties":{"namn":null,"typ":"distribution","spanning_kv":132.0,"volt_klass":2,"kapacitet_mw":null,"operator":null}},{"type":"Feature","geometry":{"type":"Point","coordinates":[13.1544,59.8309]},"properties":{"namn":null,"typ":"distribution","spanning_kv":45.0,"volt_klass":1,"kapacitet_mw":null,"operator":null}},{"type":"Feature","geometry":{"type":"Point","coordinates":[12.77804,57.40317]},"properties":{"namn":null,"typ":"distribution","spanning_kv":45.0,"volt_klass":1,"kapacitet_mw":null,"operator":null}},{"type":"Feature","geometry":{"type":"Point","coordinates":[16.40811,60.3103]},"properties":{"namn":"Horndal","typ":null,"spanning_kv":null,"volt_klass":0,"kapacitet_mw":null,"operator":"Svenska Kraftnät"}},{"type":"Feature","geometry":{"type":"Point","coordinates":[11.9678,57.58768]},"properties":{"namn":null,"typ":"distribution","spanning_kv":132.0,"volt_klass":2,"kapacitet_mw":null,"operator":null}},{"type":"Feature","geometry":{"type":"Point","coordinates":[13.31072,57.58403]},"properties":{"namn":null,"typ":"distribution","spanning_kv":45.0,"volt_klass":1,"kapacitet_mw":null,"operator":null}},{"type":"Feature","geometry":{"type":"Point","coordinates":[15.04579,63.61623]},"properties":{"namn":null,"typ":null,"spanning_kv":null,"volt_klass":0,"kapacitet_mw":null,"operator":null}},{"type":"Feature","geometry":{"type":"Point","coordinates":[11.87194,57.72705]},"properties":{"namn":null,"typ":"distribution","spanning_kv":132.0,"volt_klass":2,"kapacitet_mw":null,"operator":null}},{"type":"Feature","geometry":{"type":"Point","coordinates":[17.10319,63.17634]},"properties":{"namn":"Hjälta","typ":"transmission","spanning_kv":400.0,"volt_klass":4,"kapacitet_mw":null,"operator":null}},{"type":"Feature","geometry":{"type":"Point","coordinates":[18.08627,59.30106]},"properties":{"namn":"Skanstull","typ":"distribution","spanning_kv":400.0,"volt_klass":4,"kapacitet_mw":null,"operator":"Fortum"}},{"type":"Feature","geometry":{"type":"Point","coordinates":[14.06036,57.18721]},"properties":{"namn":null,"typ":null,"spanning_kv":null,"volt_klass":0,"kapacitet_mw":null,"operator":null}},{"type":"Feature","geometry":{"type":"Point","coordinates":[17.88632,62.65138]},"properties":{"namn":null,"typ":null,"spanning_kv":null,"volt_klass":0,"kapacitet_mw":null,"operator":null}},{"type":"Feature","geometry":{"type":"Point","coordinates":[14.84028,56.1531]},"properties":{"namn":"Stärnö omriktarstation","typ":"converter","spanning_kv":400.0,"volt_klass":4,"kapacitet_mw":null,"operator":"Svenska Kraftnät"}},{"type":"Feature","geometry":{"type":"Point","coordinates":[11.88454,58.35381]},"properties":{"namn":null,"typ":"distribution","spanning_kv":45.0,"volt_klass":1,"kapacitet_mw":null,"operator":null}},{"type":"Feature","geometry":{"type":"Point","coordinates":[14.82906,59.25629]},"properties":{"namn":null,"typ":"distribution","spanning_kv":45.0,"volt_klass":1,"kapacitet_mw":null,"operator":null}},{"type":"Feature","geometry":{"type":"Point","coordinates":[12.39174,58.60625]},"properties":{"namn":null,"typ":"traction","spanning_kv":null,"volt_klass":0,"kapacitet_mw":null,"operator":null}},{"type":"Feature","geometry":{"type":"Point","coordinates":[12.39163,58.60678]},"properties":{"namn":null,"typ":"transmission","spanning_kv":132.0,"volt_klass":2,"kapacitet_mw":null,"operator":null}},{"type":"Feature","geometry":{"type":"Point","coordinates":[12.37456,58.3588]},"properties":{"namn":null,"typ":"distribution","spanning_kv":132.0,"volt_klass":2,"kapacitet_mw":null,"operator":null}},{"type":"Feature","geometry":{"type":"Point","coordinates":[12.33592,58.36468]},"properties":{"namn":null,"typ":"distribution","spanning_kv":132.0,"volt_klass":2,"kapacitet_mw":null,"operator":"Vattenfall"}},{"type":"Feature","geometry":{"type":"Point","coordinates":[12.30737,58.34274]},"properties":{"namn":null,"typ":"distribution","spanning_kv":132.0,"volt_klass":2,"kapacitet_mw":null,"operator":null}},{"type":"Feature","geometry":{"type":"Point","coordinates":[12.25928,58.32138]},"properties":{"namn":null,"typ":"distribution","spanning_kv":132.0,"volt_klass":2,"kapacitet_mw":null,"operator":null}},{"type":"Feature","geometry":{"type":"Point","coordinates":[11.60092,58.14771]},"properties":{"namn":null,"typ":"distribution","spanning_kv":45.0,"volt_klass":1,"kapacitet_mw":null,"operator":null}},{"type":"Feature","geometry":{"type":"Point","coordinates":[11.7248,58.12572]},"properties":{"namn":null,"typ":"distribution","spanning_kv":45.0,"volt_klass":1,"kapacitet_mw":null,"operator":null}},{"type":"Feature","geometry":{"type":"Point","coordinates":[13.05304,57.29419]},"properties":{"namn":null,"typ":"distribution","spanning_kv":55.0,"volt_klass":2,"kapacitet_mw":null,"operator":null}},{"type":"Feature","geometry":{"type":"Point","coordinates":[12.65024,57.30447]},"properties":{"namn":null,"typ":"distribution","spanning_kv":45.0,"volt_klass":1,"kapacitet_mw":null,"operator":null}},{"type":"Feature","geometry":{"type":"Point","coordinates":[12.20556,57.23839]},"properties":{"namn":null,"typ":"distribution","spanning_kv":132.0,"volt_klass":2,"kapacitet_mw":null,"operator":null}},{"type":"Feature","geometry":{"type":"Point","coordinates":[12.52328,56.9001]},"properties":{"namn":null,"typ":"distribution","spanning_kv":132.0,"volt_klass":2,"kapacitet_mw":null,"operator":null}},{"type":"Feature","geometry":{"type":"Point","coordinates":[11.47824,58.38708]},"properties":{"namn":null,"typ":"distribution","spanning_kv":45.0,"volt_klass":1,"kapacitet_mw":null,"operator":null}},{"type":"Feature","geometry":{"type":"Point","coordinates":[11.44113,58.28466]},"properties":{"namn":null,"typ":"distribution","spanning_kv":45.0,"volt_klass":1,"kapacitet_mw":null,"operator":null}},{"type":"Feature","geometry":{"type":"Point","coordinates":[11.19711,58.94293]},"properties":{"namn":null,"typ":"distribution","spanning_kv":45.0,"volt_klass":1,"kapacitet_mw":null,"operator":null}},{"type":"Feature","geometry":{"type":"Point","coordinates":[11.26796,58.68802]},"properties":{"namn":"Fortum Grebbestad BT23","typ":null,"spanning_kv":45.0,"volt_klass":1,"kapacitet_mw":null,"operator":"Fortum"}},{"type":"Feature","geometry":{"type":"Point","coordinates":[11.3987,58.65706]},"properties":{"namn":null,"typ":"distribution","spanning_kv":45.0,"volt_klass":1,"kapacitet_mw":null,"operator":null}},{"type":"Feature","geometry":{"type":"Point","coordinates":[11.3045,58.60077]},"properties":{"namn":null,"typ":"distribution","spanning_kv":45.0,"volt_klass":1,"kapacitet_mw":null,"operator":null}},{"type":"Feature","geometry":{"type":"Point","coordinates":[12.27789,58.27635]},"properties":{"namn":null,"typ":"transmission","spanning_kv":132.0,"volt_klass":2,"kapacitet_mw":null,"operator":"Vattenfall"}},{"type":"Feature","geometry":{"type":"Point","coordinates":[12.11205,58.12277]},"properties":{"namn":null,"typ":"distribution","spanning_kv":45.0,"volt_klass":1,"kapacitet_mw":null,"operator":null}},{"type":"Feature","geometry":{"type":"Point","coordinates":[11.91801,57.87825]},"properties":{"namn":null,"typ":"distribution","spanning_kv":132.0,"volt_klass":2,"kapacitet_mw":null,"operator":null}},{"type":"Feature","geometry":{"type":"Point","coordinates":[11.97824,57.87827]},"properties":{"namn":null,"typ":"distribution","spanning_kv":132.0,"volt_klass":2,"kapacitet_mw":null,"operator":null}},{"type":"Feature","geometry":{"type":"Point","coordinates":[13.17567,58.49821]},"properties":{"namn":null,"typ":"distribution","spanning_kv":132.0,"volt_klass":2,"kapacitet_mw":null,"operator":"Lidköping Elnät"}},{"type":"Feature","geometry":{"type":"Point","coordinates":[12.97151,58.37494]},"properties":{"namn":null,"typ":"distribution","spanning_kv":45.0,"volt_klass":1,"kapacitet_mw":null,"operator":null}},{"type":"Feature","geometry":{"type":"Point","coordinates":[12.91802,58.31192]},"properties":{"namn":"Håkantorp","typ":"distribution","spanning_kv":45.0,"volt_klass":1,"kapacitet_mw":null,"operator":null}},{"type":"Feature","geometry":{"type":"Point","coordinates":[12.68674,58.34173]},"properties":{"namn":null,"typ":"distribution","spanning_kv":45.0,"volt_klass":1,"kapacitet_mw":null,"operator":null}},{"type":"Feature","geometry":{"type":"Point","coordinates":[12.42148,58.27004]},"properties":{"namn":null,"typ":"distribution","spanning_kv":45.0,"volt_klass":1,"kapacitet_mw":null,"operator":null}},{"type":"Feature","geometry":{"type":"Point","coordinates":[13.16152,58.50776]},"properties":{"namn":"Huvudstationen","typ":"distribution","spanning_kv":45.0,"volt_klass":1,"kapacitet_mw":null,"operator":"Lidköping Elnät"}},{"type":"Feature","geometry":{"type":"Point","coordinates":[12.52754,57.93045]},"properties":{"namn":"Ljuset","typ":"distribution","spanning_kv":45.0,"volt_klass":1,"kapacitet_mw":null,"operator":"Alingsås Energi"}},{"type":"Feature","geometry":{"type":"Point","coordinates":[12.511,57.92668]},"properties":{"namn":"Alingsås","typ":"traction","spanning_kv":45.0,"volt_klass":1,"kapacitet_mw":null,"operator":null}},{"type":"Feature","geometry":{"type":"Point","coordinates":[12.50909,57.92646]},"properties":{"namn":"Alingsås","typ":"transmission","spanning_kv":132.0,"volt_klass":2,"kapacitet_mw":null,"operator":"Vattenfall"}},{"type":"Feature","geometry":{"type":"Point","coordinates":[12.50566,57.9795]},"properties":{"namn":"Rödene vindpark","typ":"transmission","spanning_kv":132.0,"volt_klass":2,"kapacitet_mw":null,"operator":null}},{"type":"Feature","geometry":{"type":"Point","coordinates":[12.4498,57.99431]},"properties":{"namn":null,"typ":"distribution","spanning_kv":45.0,"volt_klass":1,"kapacitet_mw":null,"operator":null}},{"type":"Feature","geometry":{"type":"Point","coordinates":[12.1393,57.73912]},"properties":{"namn":"Kåbäcken","typ":"distribution","spanning_kv":132.0,"volt_klass":2,"kapacitet_mw":null,"operator":null}},{"type":"Feature","geometry":{"type":"Point","coordinates":[12.03588,57.73085]},"properties":{"namn":null,"typ":"industrial","spanning_kv":132.0,"volt_klass":2,"kapacitet_mw":null,"operator":null}},{"type":"Feature","geometry":{"type":"Point","coordinates":[12.00119,57.73135]},"properties":{"namn":"Ställverk Slakthusgatan","typ":"distribution","spanning_kv":132.0,"volt_klass":2,"kapacitet_mw":null,"operator":"Göteborg Energi AB"}},{"type":"Feature","geometry":{"type":"Point","coordinates":[11.94748,57.64448]},"properties":{"namn":"K5 Sisjön","typ":"distribution","spanning_kv":132.0,"volt_klass":2,"kapacitet_mw":null,"operator":null}},{"type":"Feature","geometry":{"type":"Point","coordinates":[11.83083,57.73342]},"properties":{"namn":null,"typ":"distribution","spanning_kv":132.0,"volt_klass":2,"kapacitet_mw":null,"operator":null}},{"type":"Feature","geometry":{"type":"Point","coordinates":[12.14384,57.65026]},"properties":{"namn":null,"typ":"distribution","spanning_kv":45.0,"volt_klass":1,"kapacitet_mw":null,"operator":null}},{"type":"Feature","geometry":{"type":"Point","coordinates":[12.66452,57.49223]},"properties":{"namn":null,"typ":"distribution","spanning_kv":45.0,"volt_klass":1,"kapacitet_mw":null,"operator":null}},{"type":"Feature","geometry":{"type":"Point","coordinates":[14.98027,57.66887]},"properties":{"namn":null,"typ":"distribution","spanning_kv":45.0,"volt_klass":1,"kapacitet_mw":null,"operator":null}},{"type":"Feature","geometry":{"type":"Point","coordinates":[14.995,57.65816]},"properties":{"namn":null,"typ":"transmission","spanning_kv":45.0,"volt_klass":1,"kapacitet_mw":null,"operator":null}},{"type":"Feature","geometry":{"type":"Point","coordinates":[12.92706,57.72788]},"properties":{"namn":null,"typ":"distribution","spanning_kv":132.0,"volt_klass":2,"kapacitet_mw":null,"operator":null}},{"type":"Feature","geometry":{"type":"Point","coordinates":[12.91598,57.71566]},"properties":{"namn":null,"typ":"transmission","spanning_kv":132.0,"volt_klass":2,"kapacitet_mw":null,"operator":null}},{"type":"Feature","geometry":{"type":"Point","coordinates":[12.81951,57.61933]},"properties":{"namn":null,"typ":"distribution","spanning_kv":45.0,"volt_klass":1,"kapacitet_mw":null,"operator":null}},{"type":"Feature","geometry":{"type":"Point","coordinates":[12.76369,57.55597]},"properties":{"namn":null,"typ":"distribution","spanning_kv":45.0,"volt_klass":1,"kapacitet_mw":null,"operator":null}},{"type":"Feature","geometry":{"type":"Point","coordinates":[12.73425,57.5281]},"properties":{"namn":null,"typ":"distribution","spanning_kv":45.0,"volt_klass":1,"kapacitet_mw":null,"operator":null}},{"type":"Feature","geometry":{"type":"Point","coordinates":[13.09063,57.98883]},"properties":{"namn":null,"typ":"distribution","spanning_kv":45.0,"volt_klass":1,"kapacitet_mw":null,"operator":null}},{"type":"Feature","geometry":{"type":"Point","coordinates":[13.11983,57.4977]},"properties":{"namn":null,"typ":"distribution","spanning_kv":45.0,"volt_klass":1,"kapacitet_mw":null,"operator":null}},{"type":"Feature","geometry":{"type":"Point","coordinates":[11.97457,57.39696]},"properties":{"namn":null,"typ":"distribution","spanning_kv":55.0,"volt_klass":2,"kapacitet_mw":null,"operator":null}},{"type":"Feature","geometry":{"type":"Point","coordinates":[11.98977,57.43117]},"properties":{"namn":null,"typ":"distribution","spanning_kv":132.0,"volt_klass":2,"kapacitet_mw":null,"operator":null}},{"type":"Feature","geometry":{"type":"Point","coordinates":[12.01339,57.46918]},"properties":{"namn":null,"typ":"distribution","spanning_kv":55.0,"volt_klass":2,"kapacitet_mw":null,"operator":null}},{"type":"Feature","geometry":{"type":"Point","coordinates":[12.42277,57.5431]},"properties":{"namn":null,"typ":"distribution","spanning_kv":55.0,"volt_klass":2,"kapacitet_mw":null,"operator":null}},{"type":"Feature","geometry":{"type":"Point","coordinates":[12.24296,57.4877]},"properties":{"namn":null,"typ":"distribution","spanning_kv":55.0,"volt_klass":2,"kapacitet_mw":null,"operator":null}},{"type":"Feature","geometry":{"type":"Point","coordinates":[12.17517,57.23324]},"properties":{"namn":"Lahall","typ":"transmission","spanning_kv":132.0,"volt_klass":2,"kapacitet_mw":null,"operator":null}},{"type":"Feature","geometry":{"type":"Point","coordinates":[12.35586,57.27398]},"properties":{"namn":null,"typ":"distribution","spanning_kv":55.0,"volt_klass":2,"kapacitet_mw":null,"operator":null}},{"type":"Feature","geometry":{"type":"Point","coordinates":[12.19145,57.3201]},"properties":{"namn":null,"typ":"distribution","spanning_kv":55.0,"volt_klass":2,"kapacitet_mw":null,"operator":null}},{"type":"Feature","geometry":{"type":"Point","coordinates":[12.12409,57.35787]},"properties":{"namn":null,"typ":"distribution","spanning_kv":55.0,"volt_klass":2,"kapacitet_mw":null,"operator":null}},{"type":"Feature","geometry":{"type":"Point","coordinates":[12.53365,57.42377]},"properties":{"namn":null,"typ":"distribution","spanning_kv":45.0,"volt_klass":1,"kapacitet_mw":null,"operator":null}},{"type":"Feature","geometry":{"type":"Point","coordinates":[12.30269,57.12732]},"properties":{"namn":"Holmagärde","typ":"transmission","spanning_kv":132.0,"volt_klass":2,"kapacitet_mw":null,"operator":"Ellevio"}},{"type":"Feature","geometry":{"type":"Point","coordinates":[12.30225,57.17397]},"properties":{"namn":null,"typ":"distribution","spanning_kv":55.0,"volt_klass":2,"kapacitet_mw":null,"operator":null}},{"type":"Feature","geometry":{"type":"Point","coordinates":[12.36748,57.04372]},"properties":{"namn":null,"typ":"distribution","spanning_kv":132.0,"volt_klass":2,"kapacitet_mw":null,"operator":null}},{"type":"Feature","geometry":{"type":"Point","coordinates":[12.60595,56.86705]},"properties":{"namn":null,"typ":"distribution","spanning_kv":132.0,"volt_klass":2,"kapacitet_mw":null,"operator":null}},{"type":"Feature","geometry":{"type":"Point","coordinates":[12.46997,56.91034]},"properties":{"namn":null,"typ":"distribution","spanning_kv":132.0,"volt_klass":2,"kapacitet_mw":null,"operator":null}},{"type":"Feature","geometry":{"type":"Point","coordinates":[12.78281,56.67112]},"properties":{"namn":"Hovgård","typ":"distribution","spanning_kv":132.0,"volt_klass":2,"kapacitet_mw":null,"operator":null}},{"type":"Feature","geometry":{"type":"Point","coordinates":[13.04815,56.87085]},"properties":{"namn":null,"typ":"transmission","spanning_kv":45.0,"volt_klass":1,"kapacitet_mw":null,"operator":null}},{"type":"Feature","geometry":{"type":"Point","coordinates":[13.38925,57.1234]},"properties":{"namn":null,"typ":"distribution","spanning_kv":45.0,"volt_klass":1,"kapacitet_mw":null,"operator":null}},{"type":"Feature","geometry":{"type":"Point","coordinates":[13.22644,56.99558]},"properties":{"namn":null,"typ":"distribution","spanning_kv":132.0,"volt_klass":2,"kapacitet_mw":null,"operator":null}},{"type":"Feature","geometry":{"type":"Point","coordinates":[13.26539,57.08014]},"properties":{"namn":null,"typ":"distribution","spanning_kv":45.0,"volt_klass":1,"kapacitet_mw":null,"operator":null}},{"type":"Feature","geometry":{"type":"Point","coordinates":[13.10136,57.0161]},"properties":{"namn":null,"typ":"distribution","spanning_kv":45.0,"volt_klass":1,"kapacitet_mw":null,"operator":null}},{"type":"Feature","geometry":{"type":"Point","coordinates":[13.54708,57.30153]},"properties":{"namn":null,"typ":"distribution","spanning_kv":45.0,"volt_klass":1,"kapacitet_mw":null,"operator":null}},{"type":"Feature","geometry":{"type":"Point","coordinates":[12.96691,57.18919]},"properties":{"namn":"Skåpanäs","typ":"distribution","spanning_kv":55.0,"volt_klass":2,"kapacitet_mw":null,"operator":null}},{"type":"Feature","geometry":{"type":"Point","coordinates":[13.8442,57.16427]},"properties":{"namn":null,"typ":"distribution","spanning_kv":45.0,"volt_klass":1,"kapacitet_mw":null,"operator":null}},{"type":"Feature","geometry":{"type":"Point","coordinates":[13.76083,57.16318]},"properties":{"namn":null,"typ":"distribution","spanning_kv":45.0,"volt_klass":1,"kapacitet_mw":null,"operator":null}},{"type":"Feature","geometry":{"type":"Point","coordinates":[13.00946,56.48675]},"properties":{"namn":null,"typ":"minor_distribution","spanning_kv":11.0,"volt_klass":1,"kapacitet_mw":null,"operator":null}},{"type":"Feature","geometry":{"type":"Point","coordinates":[13.10263,56.50219]},"properties":{"namn":null,"typ":"transmission","spanning_kv":132.0,"volt_klass":2,"kapacitet_mw":null,"operator":null}},{"type":"Feature","geometry":{"type":"Point","coordinates":[13.18051,56.51989]},"properties":{"namn":"Skogaby","typ":"transmission","spanning_kv":45.0,"volt_klass":1,"kapacitet_mw":null,"operator":null}},{"type":"Feature","geometry":{"type":"Point","coordinates":[13.34912,56.50978]},"properties":{"namn":"Knäred","typ":"transmission","spanning_kv":132.0,"volt_klass":2,"kapacitet_mw":null,"operator":null}},{"type":"Feature","geometry":{"type":"Point","coordinates":[12.8579,56.22505]},"properties":{"namn":null,"typ":"distribution","spanning_kv":45.0,"volt_klass":1,"kapacitet_mw":null,"operator":null}},{"type":"Feature","geometry":{"type":"Point","coordinates":[12.59656,56.18908]},"properties":{"namn":null,"typ":"distribution","spanning_kv":132.0,"volt_klass":2,"kapacitet_mw":null,"operator":null}},{"type":"Feature","geometry":{"type":"Point","coordinates":[12.56153,56.20386]},"properties":{"namn":null,"typ":"distribution","spanning_kv":45.0,"volt_klass":1,"kapacitet_mw":null,"operator":null}},{"type":"Feature","geometry":{"type":"Point","coordinates":[12.72493,56.06586]},"properties":{"namn":null,"typ":"distribution","spanning_kv":132.0,"volt_klass":2,"kapacitet_mw":null,"operator":null}},{"type":"Feature","geometry":{"type":"Point","coordinates":[12.73778,56.01199]},"properties":{"namn":null,"typ":"distribution","spanning_kv":132.0,"volt_klass":2,"kapacitet_mw":null,"operator":null}},{"type":"Feature","geometry":{"type":"Point","coordinates":[13.59422,56.46311]},"properties":{"namn":null,"typ":"distribution","spanning_kv":45.0,"volt_klass":1,"kapacitet_mw":null,"operator":null}},{"type":"Feature","geometry":{"type":"Point","coordinates":[13.87514,56.97994]},"properties":{"namn":null,"typ":"distribution","spanning_kv":132.0,"volt_klass":2,"kapacitet_mw":null,"operator":null}},{"type":"Feature","geometry":{"type":"Point","coordinates":[13.92309,56.84669]},"properties":{"namn":null,"typ":"distribution","spanning_kv":45.0,"volt_klass":1,"kapacitet_mw":null,"operator":null}},{"type":"Feature","geometry":{"type":"Point","coordinates":[13.91432,56.81951]},"properties":{"namn":null,"typ":"distribution","spanning_kv":45.0,"volt_klass":1,"kapacitet_mw":null,"operator":null}},{"type":"Feature","geometry":{"type":"Point","coordinates":[13.48822,56.60305]},"properties":{"namn":null,"typ":"distribution","spanning_kv":132.0,"volt_klass":2,"kapacitet_mw":null,"operator":null}},{"type":"Feature","geometry":{"type":"Point","coordinates":[13.43728,56.83369]},"properties":{"namn":null,"typ":"distribution","spanning_kv":45.0,"volt_klass":1,"kapacitet_mw":null,"operator":null}},{"type":"Feature","geometry":{"type":"Point","coordinates":[13.52331,56.9572]},"properties":{"namn":null,"typ":"distribution","spanning_kv":45.0,"volt_klass":1,"kapacitet_mw":null,"operator":null}},{"type":"Feature","geometry":{"type":"Point","coordinates":[13.63048,57.28511]},"properties":{"namn":null,"typ":"distribution","spanning_kv":45.0,"volt_klass":1,"kapacitet_mw":null,"operator":null}},{"type":"Feature","geometry":{"type":"Point","coordinates":[13.81709,57.2954]},"properties":{"namn":null,"typ":"industrial","spanning_kv":45.0,"volt_klass":1,"kapacitet_mw":null,"operator":null}},{"type":"Feature","geometry":{"type":"Point","coordinates":[13.78576,57.26644]},"properties":{"namn":null,"typ":"distribution","spanning_kv":45.0,"volt_klass":1,"kapacitet_mw":null,"operator":null}},{"type":"Feature","geometry":{"type":"Point","coordinates":[13.84962,57.19516]},"properties":{"namn":"Fänestad transformatorstation","typ":"distribution","spanning_kv":132.0,"volt_klass":2,"kapacitet_mw":null,"operator":null}},{"type":"Feature","geometry":{"type":"Point","coordinates":[13.88403,57.30943]},"properties":{"namn":"Hillerstorp","typ":"distribution","spanning_kv":45.0,"volt_klass":1,"kapacitet_mw":null,"operator":null}},{"type":"Feature","geometry":{"type":"Point","coordinates":[13.55486,57.45189]},"properties":{"namn":null,"typ":"transmission","spanning_kv":45.0,"volt_klass":1,"kapacitet_mw":null,"operator":null}},{"type":"Feature","geometry":{"type":"Point","coordinates":[13.46871,57.61963]},"properties":{"namn":null,"typ":"distribution","spanning_kv":45.0,"volt_klass":1,"kapacitet_mw":null,"operator":null}},{"type":"Feature","geometry":{"type":"Point","coordinates":[13.57285,58.18383]},"properties":{"namn":null,"typ":"distribution","spanning_kv":132.0,"volt_klass":2,"kapacitet_mw":null,"operator":null}},{"type":"Feature","geometry":{"type":"Point","coordinates":[13.42613,58.16592]},"properties":{"namn":null,"typ":"distribution","spanning_kv":45.0,"volt_klass":1,"kapacitet_mw":null,"operator":"Falbygdens Energi AB"}},{"type":"Feature","geometry":{"type":"Point","coordinates":[13.33006,58.13054]},"properties":{"namn":null,"typ":"distribution","spanning_kv":45.0,"volt_klass":1,"kapacitet_mw":null,"operator":null}},{"type":"Feature","geometry":{"type":"Point","coordinates":[13.53827,58.16775]},"properties":{"namn":"Falköping omformarestation","typ":"traction","spanning_kv":15.0,"volt_klass":1,"kapacitet_mw":null,"operator":null}},{"type":"Feature","geometry":{"type":"Point","coordinates":[13.53902,58.16875]},"properties":{"namn":null,"typ":"distribution","spanning_kv":132.0,"volt_klass":2,"kapacitet_mw":null,"operator":null}},{"type":"Feature","geometry":{"type":"Point","coordinates":[12.6875,59.04658]},"properties":{"namn":null,"typ":"distribution","spanning_kv":132.0,"volt_klass":2,"kapacitet_mw":null,"operator":null}},{"type":"Feature","geometry":{"type":"Point","coordinates":[13.42666,58.37421]},"properties":{"namn":null,"typ":"distribution","spanning_kv":45.0,"volt_klass":1,"kapacitet_mw":null,"operator":null}},{"type":"Feature","geometry":{"type":"Point","coordinates":[14.8473,62.46048]},"properties":{"namn":null,"typ":"transmission","spanning_kv":220.0,"volt_klass":3,"kapacitet_mw":null,"operator":null}},{"type":"Feature","geometry":{"type":"Point","coordinates":[14.6311,62.4899]},"properties":{"namn":null,"typ":null,"spanning_kv":400.0,"volt_klass":4,"kapacitet_mw":null,"operator":null}},{"type":"Feature","geometry":{"type":"Point","coordinates":[14.67732,62.4934]},"properties":{"namn":"Rätan","typ":"transmission","spanning_kv":400.0,"volt_klass":4,"kapacitet_mw":null,"operator":null}},{"type":"Feature","geometry":{"type":"Point","coordinates":[14.62796,62.48934]},"properties":{"namn":null,"typ":"transmission","spanning_kv":220.0,"volt_klass":3,"kapacitet_mw":null,"operator":null}},{"type":"Feature","geometry":{"type":"Point","coordinates":[15.12764,56.49155]},"properties":{"namn":null,"typ":null,"spanning_kv":null,"volt_klass":0,"kapacitet_mw":null,"operator":null}},{"type":"Feature","geometry":{"type":"Point","coordinates":[17.98318,59.37827]},"properties":{"namn":"Järva","typ":null,"spanning_kv":220.0,"volt_klass":3,"kapacitet_mw":null,"operator":null}},{"type":"Feature","geometry":{"type":"Point","coordinates":[17.50131,60.32777]},"properties":{"namn":"Tierp","typ":null,"spanning_kv":null,"volt_klass":0,"kapacitet_mw":null,"operator":"Vattenfall"}},{"type":"Feature","geometry":{"type":"Point","coordinates":[13.00789,56.84204]},"properties":{"namn":null,"typ":null,"spanning_kv":45.0,"volt_klass":1,"kapacitet_mw":null,"operator":null}},{"type":"Feature","geometry":{"type":"Point","coordinates":[14.55223,56.26885]},"properties":{"namn":null,"typ":null,"spanning_kv":null,"volt_klass":0,"kapacitet_mw":null,"operator":null}},{"type":"Feature","geometry":{"type":"Point","coordinates":[18.14502,63.44215]},"properties":{"namn":null,"typ":null,"spanning_kv":null,"volt_klass":0,"kapacitet_mw":null,"operator":null}},{"type":"Feature","geometry":{"type":"Point","coordinates":[15.16636,61.06862]},"properties":{"namn":null,"typ":null,"spanning_kv":null,"volt_klass":0,"kapacitet_mw":null,"operator":null}},{"type":"Feature","geometry":{"type":"Point","coordinates":[12.68919,56.7358]},"properties":{"namn":null,"typ":null,"spanning_kv":null,"volt_klass":0,"kapacitet_mw":null,"operator":null}},{"type":"Feature","geometry":{"type":"Point","coordinates":[18.43971,63.41007]},"properties":{"namn":"Moliden","typ":"transmission","spanning_kv":400.0,"volt_klass":4,"kapacitet_mw":null,"operator":"Svenska Kraftnät"}},{"type":"Feature","geometry":{"type":"Point","coordinates":[16.35781,63.11502]},"properties":{"namn":null,"typ":null,"spanning_kv":130.0,"volt_klass":2,"kapacitet_mw":null,"operator":"E.ON Energidistribution"}},{"type":"Feature","geometry":{"type":"Point","coordinates":[20.20735,63.84255]},"properties":{"namn":null,"typ":"transmission","spanning_kv":130.0,"volt_klass":2,"kapacitet_mw":null,"operator":null}},{"type":"Feature","geometry":{"type":"Point","coordinates":[14.52597,59.11827]},"properties":{"namn":null,"typ":null,"spanning_kv":null,"volt_klass":0,"kapacitet_mw":null,"operator":null}},{"type":"Feature","geometry":{"type":"Point","coordinates":[11.562,58.74513]},"properties":{"namn":null,"typ":"distribution","spanning_kv":45.0,"volt_klass":1,"kapacitet_mw":null,"operator":null}},{"type":"Feature","geometry":{"type":"Point","coordinates":[12.8676,56.66188]},"properties":{"namn":null,"typ":null,"spanning_kv":null,"volt_klass":0,"kapacitet_mw":null,"operator":null}}]}