{
 "type": "FeatureCollection",
 "features": [
  {
   "type": "Feature",
   "geometry": {
    "type": "Point",
    "coordinates": [
     11.990711310607743,
     57.70797742697925
    ]
   },
   "properties": {
    "kommun": "Göteborg",
    "namnd": "Stadsbyggnadsnämnden",
    "date": "2026-05-19",
    "paragraph": 6,
    "title": "Ekonomisk uppföljning och prognos april 2026",
    "fastighet": null,
    "pdf_url": "https://goteborg.se/wps/portal/start/kommun-och-politik/handlingar-och-protokoll/namndhandlingar/valj-namnd-och-ar/!ut/p/z1/jZDBDoIwDIafxnO7gTMe54xiIsKCRraLGToJiUwDxESeXsCzhF6av_2-HgoaUtDOvIvcNMXTmUeXlWaXHaeC-D6hwTxeIxOh5CsZ7ULiwXkAQioYCZBGW7HcIEO5ljJeIEYe6Ck-_imO0_wRQI-fV52_-OvvPUhAgzbX_h-g7sWjsVU_qR2vQFGk7JcOpnQ3UEljbnX2yXPXdTcjwpsR7ncr6wauaGxscgsK4VWeTml7tFlr1RdDZCY3/p0/IZ7_IA2C14412H5PD06CMQABQOIML3=CZ6_IA2C14412H5PD06CMQABQOIM13=MKPbYPlw=GB=/",
    "filename": "goteborg-sbn-2026-05-19-06"
   }
  },
  {
   "type": "Feature",
   "geometry": {
    "type": "Point",
    "coordinates": [
     12.000397085349517,
     57.709471171918196
    ]
   },
   "properties": {
    "kommun": "Göteborg",
    "namnd": "Stadsbyggnadsnämnden",
    "date": "2026-05-19",
    "paragraph": 7,
    "title": "Åtgärdsplan med anledning av negativ ekonomisk prognos 2026",
    "fastighet": null,
    "pdf_url": "https://goteborg.se/wps/portal/start/kommun-och-politik/handlingar-och-protokoll/namndhandlingar/valj-namnd-och-ar/!ut/p/z1/jZDBDoIwDIafxnO7gTMe54xiIsKCRraLGToJiUwDxESeXsCzhF6av_2-HgoaUtDOvIvcNMXTmUeXlWaXHaeC-D6hwTxeIxOh5CsZ7ULiwXkAQioYCZBGW7HcIEO5ljJeIEYe6Ck-_imO0_wRQI-fV52_-OvvPUhAgzbX_h-g7sWjsVU_qR2vQFGk7JcOpnQ3UEljbnX2yXPXdTcjwpsR7ncr6wauaGxscgsK4VWeTml7tFlr1RdDZCY3/p0/IZ7_IA2C14412H5PD06CMQABQOIML3=CZ6_IA2C14412H5PD06CMQABQOIM13=MKPbYPlw=GB=/",
    "filename": "goteborg-sbn-2026-05-19-07"
   }
  },
  {
   "type": "Feature",
   "geometry": {
    "type": "Point",
    "coordinates": [
     12.009009533992813,
     57.70370238807532
    ]
   },
   "properties": {
    "kommun": "Göteborg",
    "namnd": "Stadsbyggnadsnämnden",
    "date": "2026-05-19",
    "paragraph": 8,
    "title": "Stadsbyggnadsnämndens granskningsplan 2026",
    "fastighet": null,
    "pdf_url": "https://goteborg.se/wps/portal/start/kommun-och-politik/handlingar-och-protokoll/namndhandlingar/valj-namnd-och-ar/!ut/p/z1/jZDBDoIwDIafxnO7gTMe54xiIsKCRraLGToJiUwDxESeXsCzhF6av_2-HgoaUtDOvIvcNMXTmUeXlWaXHaeC-D6hwTxeIxOh5CsZ7ULiwXkAQioYCZBGW7HcIEO5ljJeIEYe6Ck-_imO0_wRQI-fV52_-OvvPUhAgzbX_h-g7sWjsVU_qR2vQFGk7JcOpnQ3UEljbnX2yXPXdTcjwpsR7ncr6wauaGxscgsK4VWeTml7tFlr1RdDZCY3/p0/IZ7_IA2C14412H5PD06CMQABQOIML3=CZ6_IA2C14412H5PD06CMQABQOIM13=MKPbYPlw=GB=/",
    "filename": "goteborg-sbn-2026-05-19-08"
   }
  },
  {
   "type": "Feature",
   "geometry": {
    "type": "Point",
    "coordinates": [
     11.985623492379835,
     57.69776752138926
    ]
   },
   "properties": {
    "kommun": "Göteborg",
    "namnd": "Stadsbyggnadsnämnden",
    "date": "2026-05-19",
    "paragraph": 9,
    "title": "Tillsättande av juryledamot för Per och Alma Olssons fond från stadsbyggnadsnämnden",
    "fastighet": null,
    "pdf_url": "https://goteborg.se/wps/portal/start/kommun-och-politik/handlingar-och-protokoll/namndhandlingar/valj-namnd-och-ar/!ut/p/z1/jZDBDoIwDIafxnO7gTMe54xiIsKCRraLGToJiUwDxESeXsCzhF6av_2-HgoaUtDOvIvcNMXTmUeXlWaXHaeC-D6hwTxeIxOh5CsZ7ULiwXkAQioYCZBGW7HcIEO5ljJeIEYe6Ck-_imO0_wRQI-fV52_-OvvPUhAgzbX_h-g7sWjsVU_qR2vQFGk7JcOpnQ3UEljbnX2yXPXdTcjwpsR7ncr6wauaGxscgsK4VWeTml7tFlr1RdDZCY3/p0/IZ7_IA2C14412H5PD06CMQABQOIML3=CZ6_IA2C14412H5PD06CMQABQOIM13=MKPbYPlw=GB=/",
    "filename": "goteborg-sbn-2026-05-19-09"
   }
  },
  {
   "type": "Feature",
   "geometry": {
    "type": "Point",
    "coordinates": [
     11.95696966531677,
     57.714578877563206
    ]
   },
   "properties": {
    "kommun": "Göteborg",
    "namnd": "Stadsbyggnadsnämnden",
    "date": "2026-05-19",
    "paragraph": 10,
    "title": "Uppstart av naturminnesarbete för Vargaklyftan",
    "fastighet": null,
    "pdf_url": "https://goteborg.se/wps/portal/start/kommun-och-politik/handlingar-och-protokoll/namndhandlingar/valj-namnd-och-ar/!ut/p/z1/jZDBDoIwDIafxnO7gTMe54xiIsKCRraLGToJiUwDxESeXsCzhF6av_2-HgoaUtDOvIvcNMXTmUeXlWaXHaeC-D6hwTxeIxOh5CsZ7ULiwXkAQioYCZBGW7HcIEO5ljJeIEYe6Ck-_imO0_wRQI-fV52_-OvvPUhAgzbX_h-g7sWjsVU_qR2vQFGk7JcOpnQ3UEljbnX2yXPXdTcjwpsR7ncr6wauaGxscgsK4VWeTml7tFlr1RdDZCY3/p0/IZ7_IA2C14412H5PD06CMQABQOIML3=CZ6_IA2C14412H5PD06CMQABQOIM13=MKPbYPlw=GB=/",
    "filename": "goteborg-sbn-2026-05-19-10"
   }
  },
  {
   "type": "Feature",
   "geometry": {
    "type": "Point",
    "coordinates": [
     11.945525566257254,
     57.71175185565143
    ]
   },
   "properties": {
    "kommun": "Göteborg",
    "namnd": "Stadsbyggnadsnämnden",
    "date": "2026-05-19",
    "paragraph": 11,
    "title": "Svar på motion av Axel Darvik (L) och Eva Flyborg (L) om trygg och attraktiv ljussättning i Härlanda tjärn och Änggårdsbergen",
    "fastighet": null,
    "pdf_url": "https://goteborg.se/wps/portal/start/kommun-och-politik/handlingar-och-protokoll/namndhandlingar/valj-namnd-och-ar/!ut/p/z1/jZDBDoIwDIafxnO7gTMe54xiIsKCRraLGToJiUwDxESeXsCzhF6av_2-HgoaUtDOvIvcNMXTmUeXlWaXHaeC-D6hwTxeIxOh5CsZ7ULiwXkAQioYCZBGW7HcIEO5ljJeIEYe6Ck-_imO0_wRQI-fV52_-OvvPUhAgzbX_h-g7sWjsVU_qR2vQFGk7JcOpnQ3UEljbnX2yXPXdTcjwpsR7ncr6wauaGxscgsK4VWeTml7tFlr1RdDZCY3/p0/IZ7_IA2C14412H5PD06CMQABQOIML3=CZ6_IA2C14412H5PD06CMQABQOIM13=MKPbYPlw=GB=/",
    "filename": "goteborg-sbn-2026-05-19-11"
   }
  },
  {
   "type": "Feature",
   "geometry": {
    "type": "Point",
    "coordinates": [
     11.974998196949008,
     57.71887726222907
    ]
   },
   "properties": {
    "kommun": "Göteborg",
    "namnd": "Stadsbyggnadsnämnden",
    "date": "2026-05-19",
    "paragraph": 12,
    "title": "Planeringsinriktning avseende spårväg i Ullevigatan",
    "fastighet": null,
    "pdf_url": "https://goteborg.se/wps/portal/start/kommun-och-politik/handlingar-och-protokoll/namndhandlingar/valj-namnd-och-ar/!ut/p/z1/jZDBDoIwDIafxnO7gTMe54xiIsKCRraLGToJiUwDxESeXsCzhF6av_2-HgoaUtDOvIvcNMXTmUeXlWaXHaeC-D6hwTxeIxOh5CsZ7ULiwXkAQioYCZBGW7HcIEO5ljJeIEYe6Ck-_imO0_wRQI-fV52_-OvvPUhAgzbX_h-g7sWjsVU_qR2vQFGk7JcOpnQ3UEljbnX2yXPXdTcjwpsR7ncr6wauaGxscgsK4VWeTml7tFlr1RdDZCY3/p0/IZ7_IA2C14412H5PD06CMQABQOIML3=CZ6_IA2C14412H5PD06CMQABQOIM13=MKPbYPlw=GB=/",
    "filename": "goteborg-sbn-2026-05-19-12"
   }
  },
  {
   "type": "Feature",
   "geometry": {
    "type": "Point",
    "coordinates": [
     11.970338414406685,
     57.7223856350258
    ]
   },
   "properties": {
    "kommun": "Göteborg",
    "namnd": "Stadsbyggnadsnämnden",
    "date": "2026-05-19",
    "paragraph": 13,
    "title": "Prioriterad utbyggnadsordning för Göteborg",
    "fastighet": null,
    "pdf_url": "https://goteborg.se/wps/portal/start/kommun-och-politik/handlingar-och-protokoll/namndhandlingar/valj-namnd-och-ar/!ut/p/z1/jZDBDoIwDIafxnO7gTMe54xiIsKCRraLGToJiUwDxESeXsCzhF6av_2-HgoaUtDOvIvcNMXTmUeXlWaXHaeC-D6hwTxeIxOh5CsZ7ULiwXkAQioYCZBGW7HcIEO5ljJeIEYe6Ck-_imO0_wRQI-fV52_-OvvPUhAgzbX_h-g7sWjsVU_qR2vQFGk7JcOpnQ3UEljbnX2yXPXdTcjwpsR7ncr6wauaGxscgsK4VWeTml7tFlr1RdDZCY3/p0/IZ7_IA2C14412H5PD06CMQABQOIML3=CZ6_IA2C14412H5PD06CMQABQOIM13=MKPbYPlw=GB=/",
    "filename": "goteborg-sbn-2026-05-19-13"
   }
  },
  {
   "type": "Feature",
   "geometry": {
    "type": "Point",
    "coordinates": [
     12.00635205375194,
     57.6962220097921
    ]
   },
   "properties": {
    "kommun": "Göteborg",
    "namnd": "Stadsbyggnadsnämnden",
    "date": "2026-05-19",
    "paragraph": 14,
    "title": "Upphandling av trafikanalyser",
    "fastighet": null,
    "pdf_url": "https://goteborg.se/wps/portal/start/kommun-och-politik/handlingar-och-protokoll/namndhandlingar/valj-namnd-och-ar/!ut/p/z1/jZDBDoIwDIafxnO7gTMe54xiIsKCRraLGToJiUwDxESeXsCzhF6av_2-HgoaUtDOvIvcNMXTmUeXlWaXHaeC-D6hwTxeIxOh5CsZ7ULiwXkAQioYCZBGW7HcIEO5ljJeIEYe6Ck-_imO0_wRQI-fV52_-OvvPUhAgzbX_h-g7sWjsVU_qR2vQFGk7JcOpnQ3UEljbnX2yXPXdTcjwpsR7ncr6wauaGxscgsK4VWeTml7tFlr1RdDZCY3/p0/IZ7_IA2C14412H5PD06CMQABQOIML3=CZ6_IA2C14412H5PD06CMQABQOIM13=MKPbYPlw=GB=/",
    "filename": "goteborg-sbn-2026-05-19-14"
   }
  },
  {
   "type": "Feature",
   "geometry": {
    "type": "Point",
    "coordinates": [
     11.970519159613998,
     57.69872618595683
    ]
   },
   "properties": {
    "kommun": "Göteborg",
    "namnd": "Stadsbyggnadsnämnden",
    "date": "2026-05-19",
    "paragraph": 15,
    "title": "Återrapportering av uppdrag Hela Stadens Grönska",
    "fastighet": null,
    "pdf_url": "https://goteborg.se/wps/portal/start/kommun-och-politik/handlingar-och-protokoll/namndhandlingar/valj-namnd-och-ar/!ut/p/z1/jZDBDoIwDIafxnO7gTMe54xiIsKCRraLGToJiUwDxESeXsCzhF6av_2-HgoaUtDOvIvcNMXTmUeXlWaXHaeC-D6hwTxeIxOh5CsZ7ULiwXkAQioYCZBGW7HcIEO5ljJeIEYe6Ck-_imO0_wRQI-fV52_-OvvPUhAgzbX_h-g7sWjsVU_qR2vQFGk7JcOpnQ3UEljbnX2yXPXdTcjwpsR7ncr6wauaGxscgsK4VWeTml7tFlr1RdDZCY3/p0/IZ7_IA2C14412H5PD06CMQABQOIML3=CZ6_IA2C14412H5PD06CMQABQOIM13=MKPbYPlw=GB=/",
    "filename": "goteborg-sbn-2026-05-19-15"
   }
  },
  {
   "type": "Feature",
   "geometry": {
    "type": "Point",
    "coordinates": [
     11.94720373433947,
     57.719816661385636
    ]
   },
   "properties": {
    "kommun": "Göteborg",
    "namnd": "Stadsbyggnadsnämnden",
    "date": "2026-05-19",
    "paragraph": 16,
    "title": "Svar på uppdrag om förslag för införande av kulturljudzon på Ringön",
    "fastighet": null,
    "pdf_url": "https://goteborg.se/wps/portal/start/kommun-och-politik/handlingar-och-protokoll/namndhandlingar/valj-namnd-och-ar/!ut/p/z1/jZDBDoIwDIafxnO7gTMe54xiIsKCRraLGToJiUwDxESeXsCzhF6av_2-HgoaUtDOvIvcNMXTmUeXlWaXHaeC-D6hwTxeIxOh5CsZ7ULiwXkAQioYCZBGW7HcIEO5ljJeIEYe6Ck-_imO0_wRQI-fV52_-OvvPUhAgzbX_h-g7sWjsVU_qR2vQFGk7JcOpnQ3UEljbnX2yXPXdTcjwpsR7ncr6wauaGxscgsK4VWeTml7tFlr1RdDZCY3/p0/IZ7_IA2C14412H5PD06CMQABQOIML3=CZ6_IA2C14412H5PD06CMQABQOIM13=MKPbYPlw=GB=/",
    "filename": "goteborg-sbn-2026-05-19-16"
   }
  },
  {
   "type": "Feature",
   "geometry": {
    "type": "Point",
    "coordinates": [
     11.955772116558,
     57.694655032402174
    ]
   },
   "properties": {
    "kommun": "Göteborg",
    "namnd": "Stadsbyggnadsnämnden",
    "date": "2026-05-19",
    "paragraph": 17,
    "title": "Uppstart av biotopskyddsarbete vid Norra Hästeviken",
    "fastighet": null,
    "pdf_url": "https://goteborg.se/wps/portal/start/kommun-och-politik/handlingar-och-protokoll/namndhandlingar/valj-namnd-och-ar/!ut/p/z1/jZDBDoIwDIafxnO7gTMe54xiIsKCRraLGToJiUwDxESeXsCzhF6av_2-HgoaUtDOvIvcNMXTmUeXlWaXHaeC-D6hwTxeIxOh5CsZ7ULiwXkAQioYCZBGW7HcIEO5ljJeIEYe6Ck-_imO0_wRQI-fV52_-OvvPUhAgzbX_h-g7sWjsVU_qR2vQFGk7JcOpnQ3UEljbnX2yXPXdTcjwpsR7ncr6wauaGxscgsK4VWeTml7tFlr1RdDZCY3/p0/IZ7_IA2C14412H5PD06CMQABQOIML3=CZ6_IA2C14412H5PD06CMQABQOIM13=MKPbYPlw=GB=/",
    "filename": "goteborg-sbn-2026-05-19-17"
   }
  },
  {
   "type": "Feature",
   "geometry": {
    "type": "Point",
    "coordinates": [
     11.95016303739481,
     57.70646173628688
    ]
   },
   "properties": {
    "kommun": "Göteborg",
    "namnd": "Stadsbyggnadsnämnden",
    "date": "2026-05-19",
    "paragraph": 18,
    "title": "Uppstart av biotopskyddsarbete i Brännö-området",
    "fastighet": null,
    "pdf_url": "https://goteborg.se/wps/portal/start/kommun-och-politik/handlingar-och-protokoll/namndhandlingar/valj-namnd-och-ar/!ut/p/z1/jZDBDoIwDIafxnO7gTMe54xiIsKCRraLGToJiUwDxESeXsCzhF6av_2-HgoaUtDOvIvcNMXTmUeXlWaXHaeC-D6hwTxeIxOh5CsZ7ULiwXkAQioYCZBGW7HcIEO5ljJeIEYe6Ck-_imO0_wRQI-fV52_-OvvPUhAgzbX_h-g7sWjsVU_qR2vQFGk7JcOpnQ3UEljbnX2yXPXdTcjwpsR7ncr6wauaGxscgsK4VWeTml7tFlr1RdDZCY3/p0/IZ7_IA2C14412H5PD06CMQABQOIML3=CZ6_IA2C14412H5PD06CMQABQOIM13=MKPbYPlw=GB=/",
    "filename": "goteborg-sbn-2026-05-19-18"
   }
  },
  {
   "type": "Feature",
   "geometry": {
    "type": "Point",
    "coordinates": [
     11.9922932393159,
     57.706998799880914
    ]
   },
   "properties": {
    "kommun": "Göteborg",
    "namnd": "Stadsbyggnadsnämnden",
    "date": "2026-05-19",
    "paragraph": 19,
    "title": "Granskning av ändring av översiktsplan för Göteborg",
    "fastighet": null,
    "pdf_url": "https://goteborg.se/wps/portal/start/kommun-och-politik/handlingar-och-protokoll/namndhandlingar/valj-namnd-och-ar/!ut/p/z1/jZDBDoIwDIafxnO7gTMe54xiIsKCRraLGToJiUwDxESeXsCzhF6av_2-HgoaUtDOvIvcNMXTmUeXlWaXHaeC-D6hwTxeIxOh5CsZ7ULiwXkAQioYCZBGW7HcIEO5ljJeIEYe6Ck-_imO0_wRQI-fV52_-OvvPUhAgzbX_h-g7sWjsVU_qR2vQFGk7JcOpnQ3UEljbnX2yXPXdTcjwpsR7ncr6wauaGxscgsK4VWeTml7tFlr1RdDZCY3/p0/IZ7_IA2C14412H5PD06CMQABQOIML3=CZ6_IA2C14412H5PD06CMQABQOIM13=MKPbYPlw=GB=/",
    "filename": "goteborg-sbn-2026-05-19-19"
   }
  },
  {
   "type": "Feature",
   "geometry": {
    "type": "Point",
    "coordinates": [
     11.99452232573066,
     57.69483696923695
    ]
   },
   "properties": {
    "kommun": "Göteborg",
    "namnd": "Stadsbyggnadsnämnden",
    "date": "2026-05-19",
    "paragraph": 20,
    "title": "Val av område för fortsatt arbete med bildande av naturreservat",
    "fastighet": null,
    "pdf_url": "https://goteborg.se/wps/portal/start/kommun-och-politik/handlingar-och-protokoll/namndhandlingar/valj-namnd-och-ar/!ut/p/z1/jZDBDoIwDIafxnO7gTMe54xiIsKCRraLGToJiUwDxESeXsCzhF6av_2-HgoaUtDOvIvcNMXTmUeXlWaXHaeC-D6hwTxeIxOh5CsZ7ULiwXkAQioYCZBGW7HcIEO5ljJeIEYe6Ck-_imO0_wRQI-fV52_-OvvPUhAgzbX_h-g7sWjsVU_qR2vQFGk7JcOpnQ3UEljbnX2yXPXdTcjwpsR7ncr6wauaGxscgsK4VWeTml7tFlr1RdDZCY3/p0/IZ7_IA2C14412H5PD06CMQABQOIML3=CZ6_IA2C14412H5PD06CMQABQOIM13=MKPbYPlw=GB=/",
    "filename": "goteborg-sbn-2026-05-19-20"
   }
  },
  {
   "type": "Feature",
   "geometry": {
    "type": "Point",
    "coordinates": [
     12.014445174931833,
     57.694538006909575
    ]
   },
   "properties": {
    "kommun": "Göteborg",
    "namnd": "Stadsbyggnadsnämnden",
    "date": "2026-05-19",
    "paragraph": 21,
    "title": "Tillstyrkande av detaljplan för bostäder vid Långedrags båtvarv inom stadsdelen Älvsborg",
    "fastighet": null,
    "pdf_url": "https://goteborg.se/wps/portal/start/kommun-och-politik/handlingar-och-protokoll/namndhandlingar/valj-namnd-och-ar/!ut/p/z1/jZDBDoIwDIafxnO7gTMe54xiIsKCRraLGToJiUwDxESeXsCzhF6av_2-HgoaUtDOvIvcNMXTmUeXlWaXHaeC-D6hwTxeIxOh5CsZ7ULiwXkAQioYCZBGW7HcIEO5ljJeIEYe6Ck-_imO0_wRQI-fV52_-OvvPUhAgzbX_h-g7sWjsVU_qR2vQFGk7JcOpnQ3UEljbnX2yXPXdTcjwpsR7ncr6wauaGxscgsK4VWeTml7tFlr1RdDZCY3/p0/IZ7_IA2C14412H5PD06CMQABQOIML3=CZ6_IA2C14412H5PD06CMQABQOIM13=MKPbYPlw=GB=/",
    "filename": "goteborg-sbn-2026-05-19-21"
   }
  },
  {
   "type": "Feature",
   "geometry": {
    "type": "Point",
    "coordinates": [
     12.004313888266918,
     57.72162346265445
    ]
   },
   "properties": {
    "kommun": "Göteborg",
    "namnd": "Stadsbyggnadsnämnden",
    "date": "2026-05-19",
    "paragraph": 22,
    "title": "Antagande av detaljplan för stadsutveckling nordväst om Järnbrottsmotet del 5, kontor m.m. inom stadsdelen Järnbrott",
    "fastighet": null,
    "pdf_url": "https://goteborg.se/wps/portal/start/kommun-och-politik/handlingar-och-protokoll/namndhandlingar/valj-namnd-och-ar/!ut/p/z1/jZDBDoIwDIafxnO7gTMe54xiIsKCRraLGToJiUwDxESeXsCzhF6av_2-HgoaUtDOvIvcNMXTmUeXlWaXHaeC-D6hwTxeIxOh5CsZ7ULiwXkAQioYCZBGW7HcIEO5ljJeIEYe6Ck-_imO0_wRQI-fV52_-OvvPUhAgzbX_h-g7sWjsVU_qR2vQFGk7JcOpnQ3UEljbnX2yXPXdTcjwpsR7ncr6wauaGxscgsK4VWeTml7tFlr1RdDZCY3/p0/IZ7_IA2C14412H5PD06CMQABQOIML3=CZ6_IA2C14412H5PD06CMQABQOIM13=MKPbYPlw=GB=/",
    "filename": "goteborg-sbn-2026-05-19-22"
   }
  },
  {
   "type": "Feature",
   "geometry": {
    "type": "Point",
    "coordinates": [
     12.011209411506528,
     57.69769927927202
    ]
   },
   "properties": {
    "kommun": "Göteborg",
    "namnd": "Stadsbyggnadsnämnden",
    "date": "2026-05-19",
    "paragraph": 23,
    "title": "Granskning av detaljplan för bostäder och verksamheter vid Lorensbergsparken inom stadsdelen Lorensberg",
    "fastighet": null,
    "pdf_url": "https://goteborg.se/wps/portal/start/kommun-och-politik/handlingar-och-protokoll/namndhandlingar/valj-namnd-och-ar/!ut/p/z1/jZDBDoIwDIafxnO7gTMe54xiIsKCRraLGToJiUwDxESeXsCzhF6av_2-HgoaUtDOvIvcNMXTmUeXlWaXHaeC-D6hwTxeIxOh5CsZ7ULiwXkAQioYCZBGW7HcIEO5ljJeIEYe6Ck-_imO0_wRQI-fV52_-OvvPUhAgzbX_h-g7sWjsVU_qR2vQFGk7JcOpnQ3UEljbnX2yXPXdTcjwpsR7ncr6wauaGxscgsK4VWeTml7tFlr1RdDZCY3/p0/IZ7_IA2C14412H5PD06CMQABQOIML3=CZ6_IA2C14412H5PD06CMQABQOIM13=MKPbYPlw=GB=/",
    "filename": "goteborg-sbn-2026-05-19-23"
   }
  },
  {
   "type": "Feature",
   "geometry": {
    "type": "Point",
    "coordinates": [
     11.959834624507808,
     57.70293857135757
    ]
   },
   "properties": {
    "kommun": "Göteborg",
    "namnd": "Stadsbyggnadsnämnden",
    "date": "2026-05-19",
    "paragraph": 24,
    "title": "Samråd om detaljplan för blandad stadsbebyggelse vid Andréegatan (Masthugget 29:4) inom stadsdelen Masthugget",
    "fastighet": "Masthugget 29:4",
    "pdf_url": "https://goteborg.se/wps/portal/start/kommun-och-politik/handlingar-och-protokoll/namndhandlingar/valj-namnd-och-ar/!ut/p/z1/jZDBDoIwDIafxnO7gTMe54xiIsKCRraLGToJiUwDxESeXsCzhF6av_2-HgoaUtDOvIvcNMXTmUeXlWaXHaeC-D6hwTxeIxOh5CsZ7ULiwXkAQioYCZBGW7HcIEO5ljJeIEYe6Ck-_imO0_wRQI-fV52_-OvvPUhAgzbX_h-g7sWjsVU_qR2vQFGk7JcOpnQ3UEljbnX2yXPXdTcjwpsR7ncr6wauaGxscgsK4VWeTml7tFlr1RdDZCY3/p0/IZ7_IA2C14412H5PD06CMQABQOIML3=CZ6_IA2C14412H5PD06CMQABQOIM13=MKPbYPlw=GB=/",
    "filename": "goteborg-sbn-2026-05-19-24"
   }
  },
  {
   "type": "Feature",
   "geometry": {
    "type": "Point",
    "coordinates": [
     11.978154694975872,
     57.70725330476176
    ]
   },
   "properties": {
    "kommun": "Göteborg",
    "namnd": "Stadsbyggnadsnämnden",
    "date": "2026-05-19",
    "paragraph": 25,
    "title": "Stadsutvecklingsförslag för förskola vid Låkebergsgatan inom stadsdelen Torslanda",
    "fastighet": null,
    "pdf_url": "https://goteborg.se/wps/portal/start/kommun-och-politik/handlingar-och-protokoll/namndhandlingar/valj-namnd-och-ar/!ut/p/z1/jZDBDoIwDIafxnO7gTMe54xiIsKCRraLGToJiUwDxESeXsCzhF6av_2-HgoaUtDOvIvcNMXTmUeXlWaXHaeC-D6hwTxeIxOh5CsZ7ULiwXkAQioYCZBGW7HcIEO5ljJeIEYe6Ck-_imO0_wRQI-fV52_-OvvPUhAgzbX_h-g7sWjsVU_qR2vQFGk7JcOpnQ3UEljbnX2yXPXdTcjwpsR7ncr6wauaGxscgsK4VWeTml7tFlr1RdDZCY3/p0/IZ7_IA2C14412H5PD06CMQABQOIML3=CZ6_IA2C14412H5PD06CMQABQOIM13=MKPbYPlw=GB=/",
    "filename": "goteborg-sbn-2026-05-19-25"
   }
  },
  {
   "type": "Feature",
   "geometry": {
    "type": "Point",
    "coordinates": [
     11.997389707947523,
     57.71265803284802
    ]
   },
   "properties": {
    "kommun": "Göteborg",
    "namnd": "Stadsbyggnadsnämnden",
    "date": "2026-05-19",
    "paragraph": 26,
    "title": "Planbesked för skola m.m. vid Topasgatan (Järnbrott 187:2 m.fl.) inom stadsdelen Järnbrott",
    "fastighet": "Järnbrott 187:2",
    "pdf_url": "https://goteborg.se/wps/portal/start/kommun-och-politik/handlingar-och-protokoll/namndhandlingar/valj-namnd-och-ar/!ut/p/z1/jZDBDoIwDIafxnO7gTMe54xiIsKCRraLGToJiUwDxESeXsCzhF6av_2-HgoaUtDOvIvcNMXTmUeXlWaXHaeC-D6hwTxeIxOh5CsZ7ULiwXkAQioYCZBGW7HcIEO5ljJeIEYe6Ck-_imO0_wRQI-fV52_-OvvPUhAgzbX_h-g7sWjsVU_qR2vQFGk7JcOpnQ3UEljbnX2yXPXdTcjwpsR7ncr6wauaGxscgsK4VWeTml7tFlr1RdDZCY3/p0/IZ7_IA2C14412H5PD06CMQABQOIML3=CZ6_IA2C14412H5PD06CMQABQOIM13=MKPbYPlw=GB=/",
    "filename": "goteborg-sbn-2026-05-19-26"
   }
  },
  {
   "type": "Feature",
   "geometry": {
    "type": "Point",
    "coordinates": [
     11.965790698952583,
     57.69701553454805
    ]
   },
   "properties": {
    "kommun": "Göteborg",
    "namnd": "Stadsbyggnadsnämnden",
    "date": "2026-05-19",
    "paragraph": 27,
    "title": "Planbesked för bostäder och verksamheter vid Växelmyntsgatan (Järnbrott S:103 m.fl.) inom stadsdelen Järnbrott",
    "fastighet": null,
    "pdf_url": "https://goteborg.se/wps/portal/start/kommun-och-politik/handlingar-och-protokoll/namndhandlingar/valj-namnd-och-ar/!ut/p/z1/jZDBDoIwDIafxnO7gTMe54xiIsKCRraLGToJiUwDxESeXsCzhF6av_2-HgoaUtDOvIvcNMXTmUeXlWaXHaeC-D6hwTxeIxOh5CsZ7ULiwXkAQioYCZBGW7HcIEO5ljJeIEYe6Ck-_imO0_wRQI-fV52_-OvvPUhAgzbX_h-g7sWjsVU_qR2vQFGk7JcOpnQ3UEljbnX2yXPXdTcjwpsR7ncr6wauaGxscgsK4VWeTml7tFlr1RdDZCY3/p0/IZ7_IA2C14412H5PD06CMQABQOIML3=CZ6_IA2C14412H5PD06CMQABQOIM13=MKPbYPlw=GB=/",
    "filename": "goteborg-sbn-2026-05-19-27"
   }
  },
  {
   "type": "Feature",
   "geometry": {
    "type": "Point",
    "coordinates": [
     12.001117795049671,
     57.71600476244912
    ]
   },
   "properties": {
    "kommun": "Göteborg",
    "namnd": "Stadsbyggnadsnämnden",
    "date": "2026-05-19",
    "paragraph": 28,
    "title": "Information om stadsmiljönämndens kommande genomförandebeslut avseende framkomlighetsåtgärd för kollektivtrafiken mellan Nils Ericsonsgatan och Åkareplatsen",
    "fastighet": null,
    "pdf_url": "https://goteborg.se/wps/portal/start/kommun-och-politik/handlingar-och-protokoll/namndhandlingar/valj-namnd-och-ar/!ut/p/z1/jZDBDoIwDIafxnO7gTMe54xiIsKCRraLGToJiUwDxESeXsCzhF6av_2-HgoaUtDOvIvcNMXTmUeXlWaXHaeC-D6hwTxeIxOh5CsZ7ULiwXkAQioYCZBGW7HcIEO5ljJeIEYe6Ck-_imO0_wRQI-fV52_-OvvPUhAgzbX_h-g7sWjsVU_qR2vQFGk7JcOpnQ3UEljbnX2yXPXdTcjwpsR7ncr6wauaGxscgsK4VWeTml7tFlr1RdDZCY3/p0/IZ7_IA2C14412H5PD06CMQABQOIML3=CZ6_IA2C14412H5PD06CMQABQOIM13=MKPbYPlw=GB=/",
    "filename": "goteborg-sbn-2026-05-19-28"
   }
  },
  {
   "type": "Feature",
   "geometry": {
    "type": "Point",
    "coordinates": [
     11.981011619161915,
     57.71981512340847
    ]
   },
   "properties": {
    "kommun": "Göteborg",
    "namnd": "Stadsbyggnadsnämnden",
    "date": "2026-05-19",
    "paragraph": 29,
    "title": "Information om kommande beslut i stadsmiljönämnden avseende gång- och cykelbana Risåsgatan",
    "fastighet": null,
    "pdf_url": "https://goteborg.se/wps/portal/start/kommun-och-politik/handlingar-och-protokoll/namndhandlingar/valj-namnd-och-ar/!ut/p/z1/jZDBDoIwDIafxnO7gTMe54xiIsKCRraLGToJiUwDxESeXsCzhF6av_2-HgoaUtDOvIvcNMXTmUeXlWaXHaeC-D6hwTxeIxOh5CsZ7ULiwXkAQioYCZBGW7HcIEO5ljJeIEYe6Ck-_imO0_wRQI-fV52_-OvvPUhAgzbX_h-g7sWjsVU_qR2vQFGk7JcOpnQ3UEljbnX2yXPXdTcjwpsR7ncr6wauaGxscgsK4VWeTml7tFlr1RdDZCY3/p0/IZ7_IA2C14412H5PD06CMQABQOIML3=CZ6_IA2C14412H5PD06CMQABQOIM13=MKPbYPlw=GB=/",
    "filename": "goteborg-sbn-2026-05-19-29"
   }
  },
  {
   "type": "Feature",
   "geometry": {
    "type": "Point",
    "coordinates": [
     11.996489483888997,
     57.703931727158405
    ]
   },
   "properties": {
    "kommun": "Göteborg",
    "namnd": "Stadsbyggnadsnämnden",
    "date": "2026-05-19",
    "paragraph": 30,
    "title": "Granskning av detaljplan för förskola och bostäder vid Köpenhamnsgatan (Bräcke 729:179) inom stadsdelen Bräcke",
    "fastighet": "Bräcke 729:179",
    "pdf_url": "https://goteborg.se/wps/portal/start/kommun-och-politik/handlingar-och-protokoll/namndhandlingar/valj-namnd-och-ar/!ut/p/z1/jZDBDoIwDIafxnO7gTMe54xiIsKCRraLGToJiUwDxESeXsCzhF6av_2-HgoaUtDOvIvcNMXTmUeXlWaXHaeC-D6hwTxeIxOh5CsZ7ULiwXkAQioYCZBGW7HcIEO5ljJeIEYe6Ck-_imO0_wRQI-fV52_-OvvPUhAgzbX_h-g7sWjsVU_qR2vQFGk7JcOpnQ3UEljbnX2yXPXdTcjwpsR7ncr6wauaGxscgsK4VWeTml7tFlr1RdDZCY3/p0/IZ7_IA2C14412H5PD06CMQABQOIML3=CZ6_IA2C14412H5PD06CMQABQOIM13=MKPbYPlw=GB=/",
    "filename": "goteborg-sbn-2026-05-19-30"
   }
  },
  {
   "type": "Feature",
   "geometry": {
    "type": "Point",
    "coordinates": [
     11.9940092120047,
     57.711940111111986
    ]
   },
   "properties": {
    "kommun": "Göteborg",
    "namnd": "Stadsbyggnadsnämnden",
    "date": "2026-05-19",
    "paragraph": 31,
    "title": "Samråd om program för Lindholmen inom stadsdelarna Lundbyvassen och Lindholmen",
    "fastighet": null,
    "pdf_url": "https://goteborg.se/wps/portal/start/kommun-och-politik/handlingar-och-protokoll/namndhandlingar/valj-namnd-och-ar/!ut/p/z1/jZDBDoIwDIafxnO7gTMe54xiIsKCRraLGToJiUwDxESeXsCzhF6av_2-HgoaUtDOvIvcNMXTmUeXlWaXHaeC-D6hwTxeIxOh5CsZ7ULiwXkAQioYCZBGW7HcIEO5ljJeIEYe6Ck-_imO0_wRQI-fV52_-OvvPUhAgzbX_h-g7sWjsVU_qR2vQFGk7JcOpnQ3UEljbnX2yXPXdTcjwpsR7ncr6wauaGxscgsK4VWeTml7tFlr1RdDZCY3/p0/IZ7_IA2C14412H5PD06CMQABQOIML3=CZ6_IA2C14412H5PD06CMQABQOIM13=MKPbYPlw=GB=/",
    "filename": "goteborg-sbn-2026-05-19-31"
   }
  },
  {
   "type": "Feature",
   "geometry": {
    "type": "Point",
    "coordinates": [
     11.949606250146829,
     57.719662133065725
    ]
   },
   "properties": {
    "kommun": "Göteborg",
    "namnd": "Stadsbyggnadsnämnden",
    "date": "2026-05-19",
    "paragraph": 32,
    "title": "Samråd om detaljplan för förskola och skola vid Södra Särövägen (Lindås 1:133 med flera) inom stadsdelen Askim",
    "fastighet": "Lindås 1:133",
    "pdf_url": "https://goteborg.se/wps/portal/start/kommun-och-politik/handlingar-och-protokoll/namndhandlingar/valj-namnd-och-ar/!ut/p/z1/jZDBDoIwDIafxnO7gTMe54xiIsKCRraLGToJiUwDxESeXsCzhF6av_2-HgoaUtDOvIvcNMXTmUeXlWaXHaeC-D6hwTxeIxOh5CsZ7ULiwXkAQioYCZBGW7HcIEO5ljJeIEYe6Ck-_imO0_wRQI-fV52_-OvvPUhAgzbX_h-g7sWjsVU_qR2vQFGk7JcOpnQ3UEljbnX2yXPXdTcjwpsR7ncr6wauaGxscgsK4VWeTml7tFlr1RdDZCY3/p0/IZ7_IA2C14412H5PD06CMQABQOIML3=CZ6_IA2C14412H5PD06CMQABQOIM13=MKPbYPlw=GB=/",
    "filename": "goteborg-sbn-2026-05-19-32"
   }
  },
  {
   "type": "Feature",
   "geometry": {
    "type": "Point",
    "coordinates": [
     11.946770523739135,
     57.70533248495009
    ]
   },
   "properties": {
    "kommun": "Göteborg",
    "namnd": "Stadsbyggnadsnämnden",
    "date": "2026-05-19",
    "paragraph": 33,
    "title": "Uppdrag och samråd för detaljplan för bostäder vid Torslanda prästgård inom stadsdelen Torslanda",
    "fastighet": null,
    "pdf_url": "https://goteborg.se/wps/portal/start/kommun-och-politik/handlingar-och-protokoll/namndhandlingar/valj-namnd-och-ar/!ut/p/z1/jZDBDoIwDIafxnO7gTMe54xiIsKCRraLGToJiUwDxESeXsCzhF6av_2-HgoaUtDOvIvcNMXTmUeXlWaXHaeC-D6hwTxeIxOh5CsZ7ULiwXkAQioYCZBGW7HcIEO5ljJeIEYe6Ck-_imO0_wRQI-fV52_-OvvPUhAgzbX_h-g7sWjsVU_qR2vQFGk7JcOpnQ3UEljbnX2yXPXdTcjwpsR7ncr6wauaGxscgsK4VWeTml7tFlr1RdDZCY3/p0/IZ7_IA2C14412H5PD06CMQABQOIML3=CZ6_IA2C14412H5PD06CMQABQOIM13=MKPbYPlw=GB=/",
    "filename": "goteborg-sbn-2026-05-19-33"
   }
  },
  {
   "type": "Feature",
   "geometry": {
    "type": "Point",
    "coordinates": [
     11.983335830969152,
     57.7181381816152
    ]
   },
   "properties": {
    "kommun": "Göteborg",
    "namnd": "Stadsbyggnadsnämnden",
    "date": "2026-05-19",
    "paragraph": 34,
    "title": "Förenklat stadsutvecklingsförslag för bostäder och verksamheter vid Skeppsbron inom stadsdelen Inom Vallgraven",
    "fastighet": null,
    "pdf_url": "https://goteborg.se/wps/portal/start/kommun-och-politik/handlingar-och-protokoll/namndhandlingar/valj-namnd-och-ar/!ut/p/z1/jZDBDoIwDIafxnO7gTMe54xiIsKCRraLGToJiUwDxESeXsCzhF6av_2-HgoaUtDOvIvcNMXTmUeXlWaXHaeC-D6hwTxeIxOh5CsZ7ULiwXkAQioYCZBGW7HcIEO5ljJeIEYe6Ck-_imO0_wRQI-fV52_-OvvPUhAgzbX_h-g7sWjsVU_qR2vQFGk7JcOpnQ3UEljbnX2yXPXdTcjwpsR7ncr6wauaGxscgsK4VWeTml7tFlr1RdDZCY3/p0/IZ7_IA2C14412H5PD06CMQABQOIML3=CZ6_IA2C14412H5PD06CMQABQOIM13=MKPbYPlw=GB=/",
    "filename": "goteborg-sbn-2026-05-19-34"
   }
  },
  {
   "type": "Feature",
   "geometry": {
    "type": "Point",
    "coordinates": [
     11.954830295005616,
     57.72071842171603
    ]
   },
   "properties": {
    "kommun": "Göteborg",
    "namnd": "Stadsbyggnadsnämnden",
    "date": "2026-05-19",
    "paragraph": 35,
    "title": "Stadsutvecklingsförslag för bostäder och verksamheter vid Packhusplatsen inom stadsdelen Nordstaden samt avbrytande av Program för Packhusplatsen-Kanaltorget",
    "fastighet": null,
    "pdf_url": "https://goteborg.se/wps/portal/start/kommun-och-politik/handlingar-och-protokoll/namndhandlingar/valj-namnd-och-ar/!ut/p/z1/jZDBDoIwDIafxnO7gTMe54xiIsKCRraLGToJiUwDxESeXsCzhF6av_2-HgoaUtDOvIvcNMXTmUeXlWaXHaeC-D6hwTxeIxOh5CsZ7ULiwXkAQioYCZBGW7HcIEO5ljJeIEYe6Ck-_imO0_wRQI-fV52_-OvvPUhAgzbX_h-g7sWjsVU_qR2vQFGk7JcOpnQ3UEljbnX2yXPXdTcjwpsR7ncr6wauaGxscgsK4VWeTml7tFlr1RdDZCY3/p0/IZ7_IA2C14412H5PD06CMQABQOIML3=CZ6_IA2C14412H5PD06CMQABQOIM13=MKPbYPlw=GB=/",
    "filename": "goteborg-sbn-2026-05-19-35"
   }
  },
  {
   "type": "Feature",
   "geometry": {
    "type": "Point",
    "coordinates": [
     11.941787245113037,
     57.69904310493754
    ]
   },
   "properties": {
    "kommun": "Göteborg",
    "namnd": "Stadsbyggnadsnämnden",
    "date": "2026-05-19",
    "paragraph": 36,
    "title": "Planbesked för bostäder vid Halvsekelsgatan (Kortedala 22:1) inom stadsdelen Kortedala",
    "fastighet": "Kortedala 22:1",
    "pdf_url": "https://goteborg.se/wps/portal/start/kommun-och-politik/handlingar-och-protokoll/namndhandlingar/valj-namnd-och-ar/!ut/p/z1/jZDBDoIwDIafxnO7gTMe54xiIsKCRraLGToJiUwDxESeXsCzhF6av_2-HgoaUtDOvIvcNMXTmUeXlWaXHaeC-D6hwTxeIxOh5CsZ7ULiwXkAQioYCZBGW7HcIEO5ljJeIEYe6Ck-_imO0_wRQI-fV52_-OvvPUhAgzbX_h-g7sWjsVU_qR2vQFGk7JcOpnQ3UEljbnX2yXPXdTcjwpsR7ncr6wauaGxscgsK4VWeTml7tFlr1RdDZCY3/p0/IZ7_IA2C14412H5PD06CMQABQOIML3=CZ6_IA2C14412H5PD06CMQABQOIM13=MKPbYPlw=GB=/",
    "filename": "goteborg-sbn-2026-05-19-36"
   }
  },
  {
   "type": "Feature",
   "geometry": {
    "type": "Point",
    "coordinates": [
     11.94098680844432,
     57.71220301968345
    ]
   },
   "properties": {
    "kommun": "Göteborg",
    "namnd": "Stadsbyggnadsnämnden",
    "date": "2026-05-19",
    "paragraph": 37,
    "title": "Planbesked för utökad tennishall vid Växelmyntsgatan (Järnbrott 758:66) inom stadsdelen Järnbrott",
    "fastighet": "Järnbrott 758:66",
    "pdf_url": "https://goteborg.se/wps/portal/start/kommun-och-politik/handlingar-och-protokoll/namndhandlingar/valj-namnd-och-ar/!ut/p/z1/jZDBDoIwDIafxnO7gTMe54xiIsKCRraLGToJiUwDxESeXsCzhF6av_2-HgoaUtDOvIvcNMXTmUeXlWaXHaeC-D6hwTxeIxOh5CsZ7ULiwXkAQioYCZBGW7HcIEO5ljJeIEYe6Ck-_imO0_wRQI-fV52_-OvvPUhAgzbX_h-g7sWjsVU_qR2vQFGk7JcOpnQ3UEljbnX2yXPXdTcjwpsR7ncr6wauaGxscgsK4VWeTml7tFlr1RdDZCY3/p0/IZ7_IA2C14412H5PD06CMQABQOIML3=CZ6_IA2C14412H5PD06CMQABQOIM13=MKPbYPlw=GB=/",
    "filename": "goteborg-sbn-2026-05-19-37"
   }
  },
  {
   "type": "Feature",
   "geometry": {
    "type": "Point",
    "coordinates": [
     11.967263284804751,
     57.70739610151657
    ]
   },
   "properties": {
    "kommun": "Göteborg",
    "namnd": "Stadsbyggnadsnämnden",
    "date": "2026-05-19",
    "paragraph": 38,
    "title": "Planbesked för bostäder vid Norra Krokslättsgatan (Krokslätt 1:9 och 1:10) inom stadsdelen Krokslätt",
    "fastighet": "Krokslätt 1:9",
    "pdf_url": "https://goteborg.se/wps/portal/start/kommun-och-politik/handlingar-och-protokoll/namndhandlingar/valj-namnd-och-ar/!ut/p/z1/jZDBDoIwDIafxnO7gTMe54xiIsKCRraLGToJiUwDxESeXsCzhF6av_2-HgoaUtDOvIvcNMXTmUeXlWaXHaeC-D6hwTxeIxOh5CsZ7ULiwXkAQioYCZBGW7HcIEO5ljJeIEYe6Ck-_imO0_wRQI-fV52_-OvvPUhAgzbX_h-g7sWjsVU_qR2vQFGk7JcOpnQ3UEljbnX2yXPXdTcjwpsR7ncr6wauaGxscgsK4VWeTml7tFlr1RdDZCY3/p0/IZ7_IA2C14412H5PD06CMQABQOIML3=CZ6_IA2C14412H5PD06CMQABQOIM13=MKPbYPlw=GB=/",
    "filename": "goteborg-sbn-2026-05-19-38"
   }
  },
  {
   "type": "Feature",
   "geometry": {
    "type": "Point",
    "coordinates": [
     11.983588878099281,
     57.69907961309158
    ]
   },
   "properties": {
    "kommun": "Göteborg",
    "namnd": "Stadsbyggnadsnämnden",
    "date": "2026-05-19",
    "paragraph": 39,
    "title": "Planbesked för seniorbostäder vid Knivsmedsgatan (Utby 86:1, 86:2) inom stadsdelen Utby",
    "fastighet": "Utby 86:1",
    "pdf_url": "https://goteborg.se/wps/portal/start/kommun-och-politik/handlingar-och-protokoll/namndhandlingar/valj-namnd-och-ar/!ut/p/z1/jZDBDoIwDIafxnO7gTMe54xiIsKCRraLGToJiUwDxESeXsCzhF6av_2-HgoaUtDOvIvcNMXTmUeXlWaXHaeC-D6hwTxeIxOh5CsZ7ULiwXkAQioYCZBGW7HcIEO5ljJeIEYe6Ck-_imO0_wRQI-fV52_-OvvPUhAgzbX_h-g7sWjsVU_qR2vQFGk7JcOpnQ3UEljbnX2yXPXdTcjwpsR7ncr6wauaGxscgsK4VWeTml7tFlr1RdDZCY3/p0/IZ7_IA2C14412H5PD06CMQABQOIML3=CZ6_IA2C14412H5PD06CMQABQOIM13=MKPbYPlw=GB=/",
    "filename": "goteborg-sbn-2026-05-19-39"
   }
  },
  {
   "type": "Feature",
   "geometry": {
    "type": "Point",
    "coordinates": [
     11.965574748985729,
     57.69944139048248
    ]
   },
   "properties": {
    "kommun": "Göteborg",
    "namnd": "Stadsbyggnadsnämnden",
    "date": "2026-05-19",
    "paragraph": 40,
    "title": "Inriktningsbeslut avseende detaljplan för bostäder och förskola vid Skra Bro etapp 2 inom stadsdelen Björlanda",
    "fastighet": null,
    "pdf_url": "https://goteborg.se/wps/portal/start/kommun-och-politik/handlingar-och-protokoll/namndhandlingar/valj-namnd-och-ar/!ut/p/z1/jZDBDoIwDIafxnO7gTMe54xiIsKCRraLGToJiUwDxESeXsCzhF6av_2-HgoaUtDOvIvcNMXTmUeXlWaXHaeC-D6hwTxeIxOh5CsZ7ULiwXkAQioYCZBGW7HcIEO5ljJeIEYe6Ck-_imO0_wRQI-fV52_-OvvPUhAgzbX_h-g7sWjsVU_qR2vQFGk7JcOpnQ3UEljbnX2yXPXdTcjwpsR7ncr6wauaGxscgsK4VWeTml7tFlr1RdDZCY3/p0/IZ7_IA2C14412H5PD06CMQABQOIML3=CZ6_IA2C14412H5PD06CMQABQOIM13=MKPbYPlw=GB=/",
    "filename": "goteborg-sbn-2026-05-19-40"
   }
  },
  {
   "type": "Feature",
   "geometry": {
    "type": "Point",
    "coordinates": [
     11.949967867515747,
     57.69855112416462
    ]
   },
   "properties": {
    "kommun": "Göteborg",
    "namnd": "Stadsbyggnadsnämnden",
    "date": "2026-05-19",
    "paragraph": 41,
    "title": "Ändring av beslut om planbesked för bostäder vid Håltavägen (Kärr 1:168) inom stadsdelen Torslanda",
    "fastighet": "Kärr 1:168",
    "pdf_url": "https://goteborg.se/wps/portal/start/kommun-och-politik/handlingar-och-protokoll/namndhandlingar/valj-namnd-och-ar/!ut/p/z1/jZDBDoIwDIafxnO7gTMe54xiIsKCRraLGToJiUwDxESeXsCzhF6av_2-HgoaUtDOvIvcNMXTmUeXlWaXHaeC-D6hwTxeIxOh5CsZ7ULiwXkAQioYCZBGW7HcIEO5ljJeIEYe6Ck-_imO0_wRQI-fV52_-OvvPUhAgzbX_h-g7sWjsVU_qR2vQFGk7JcOpnQ3UEljbnX2yXPXdTcjwpsR7ncr6wauaGxscgsK4VWeTml7tFlr1RdDZCY3/p0/IZ7_IA2C14412H5PD06CMQABQOIML3=CZ6_IA2C14412H5PD06CMQABQOIM13=MKPbYPlw=GB=/",
    "filename": "goteborg-sbn-2026-05-19-41"
   }
  },
  {
   "type": "Feature",
   "geometry": {
    "type": "Point",
    "coordinates": [
     11.974063143762098,
     57.69690648762142
    ]
   },
   "properties": {
    "kommun": "Göteborg",
    "namnd": "Stadsbyggnadsnämnden",
    "date": "2026-05-19",
    "paragraph": 42,
    "title": "Beslut om Inriktning för Startplan 2027",
    "fastighet": "Startplan 2027",
    "pdf_url": "https://goteborg.se/wps/portal/start/kommun-och-politik/handlingar-och-protokoll/namndhandlingar/valj-namnd-och-ar/!ut/p/z1/jZDBDoIwDIafxnO7gTMe54xiIsKCRraLGToJiUwDxESeXsCzhF6av_2-HgoaUtDOvIvcNMXTmUeXlWaXHaeC-D6hwTxeIxOh5CsZ7ULiwXkAQioYCZBGW7HcIEO5ljJeIEYe6Ck-_imO0_wRQI-fV52_-OvvPUhAgzbX_h-g7sWjsVU_qR2vQFGk7JcOpnQ3UEljbnX2yXPXdTcjwpsR7ncr6wauaGxscgsK4VWeTml7tFlr1RdDZCY3/p0/IZ7_IA2C14412H5PD06CMQABQOIML3=CZ6_IA2C14412H5PD06CMQABQOIM13=MKPbYPlw=GB=/",
    "filename": "goteborg-sbn-2026-05-19-42"
   }
  },
  {
   "type": "Feature",
   "geometry": {
    "type": "Point",
    "coordinates": [
     12.012378437920747,
     57.716864122750636
    ]
   },
   "properties": {
    "kommun": "Göteborg",
    "namnd": "Stadsbyggnadsnämnden",
    "date": "2026-05-19",
    "paragraph": 43,
    "title": "Svar på motion av Patrik Höstmad (D) och Martin Wannholt (D) om prioriterad utveckling av Bergums Centrum i Olofstorp",
    "fastighet": null,
    "pdf_url": "https://goteborg.se/wps/portal/start/kommun-och-politik/handlingar-och-protokoll/namndhandlingar/valj-namnd-och-ar/!ut/p/z1/jZDBDoIwDIafxnO7gTMe54xiIsKCRraLGToJiUwDxESeXsCzhF6av_2-HgoaUtDOvIvcNMXTmUeXlWaXHaeC-D6hwTxeIxOh5CsZ7ULiwXkAQioYCZBGW7HcIEO5ljJeIEYe6Ck-_imO0_wRQI-fV52_-OvvPUhAgzbX_h-g7sWjsVU_qR2vQFGk7JcOpnQ3UEljbnX2yXPXdTcjwpsR7ncr6wauaGxscgsK4VWeTml7tFlr1RdDZCY3/p0/IZ7_IA2C14412H5PD06CMQABQOIML3=CZ6_IA2C14412H5PD06CMQABQOIM13=MKPbYPlw=GB=/",
    "filename": "goteborg-sbn-2026-05-19-43"
   }
  },
  {
   "type": "Feature",
   "geometry": {
    "type": "Point",
    "coordinates": [
     11.958052119828102,
     57.69691774595747
    ]
   },
   "properties": {
    "kommun": "Göteborg",
    "namnd": "Stadsbyggnadsnämnden",
    "date": "2026-05-19",
    "paragraph": 44,
    "title": "Svar på motion - Säkra Säve flygplats genom byte av mark",
    "fastighet": null,
    "pdf_url": "https://goteborg.se/wps/portal/start/kommun-och-politik/handlingar-och-protokoll/namndhandlingar/valj-namnd-och-ar/!ut/p/z1/jZDBDoIwDIafxnO7gTMe54xiIsKCRraLGToJiUwDxESeXsCzhF6av_2-HgoaUtDOvIvcNMXTmUeXlWaXHaeC-D6hwTxeIxOh5CsZ7ULiwXkAQioYCZBGW7HcIEO5ljJeIEYe6Ck-_imO0_wRQI-fV52_-OvvPUhAgzbX_h-g7sWjsVU_qR2vQFGk7JcOpnQ3UEljbnX2yXPXdTcjwpsR7ncr6wauaGxscgsK4VWeTml7tFlr1RdDZCY3/p0/IZ7_IA2C14412H5PD06CMQABQOIML3=CZ6_IA2C14412H5PD06CMQABQOIM13=MKPbYPlw=GB=/",
    "filename": "goteborg-sbn-2026-05-19-44"
   }
  },
  {
   "type": "Feature",
   "geometry": {
    "type": "Point",
    "coordinates": [
     11.952627281955051,
     57.7033995665268
    ]
   },
   "properties": {
    "kommun": "Göteborg",
    "namnd": "Stadsbyggnadsnämnden",
    "date": "2026-05-19",
    "paragraph": 92,
    "title": "Svar på motion om att Göteborgs Stads enprocentregel för konstgestaltning även ska omfatta byggnadshantverk",
    "fastighet": null,
    "pdf_url": "https://goteborg.se/wps/portal/start/kommun-och-politik/handlingar-och-protokoll/namndhandlingar/valj-namnd-och-ar/!ut/p/z1/jZDBDoIwDIafxnO7gTMe54xiIsKCRraLGToJiUwDxESeXsCzhF6av_2-HgoaUtDOvIvcNMXTmUeXlWaXHaeC-D6hwTxeIxOh5CsZ7ULiwXkAQioYCZBGW7HcIEO5ljJeIEYe6Ck-_imO0_wRQI-fV52_-OvvPUhAgzbX_h-g7sWjsVU_qR2vQFGk7JcOpnQ3UEljbnX2yXPXdTcjwpsR7ncr6wauaGxscgsK4VWeTml7tFlr1RdDZCY3/p0/IZ7_IA2C14412H5PD06CMQABQOIML3=CZ6_IA2C14412H5PD06CMQABQOIM13=MKPbYPlw=GB=/",
    "filename": "goteborg-sbn-2026-05-19-92"
   }
  },
  {
   "type": "Feature",
   "geometry": {
    "type": "Point",
    "coordinates": [
     11.93519791242377,
     57.72097904031292
    ]
   },
   "properties": {
    "kommun": "Göteborg",
    "namnd": "Stadsbyggnadsnämnden",
    "date": "2026-05-19",
    "paragraph": 95,
    "title": "Anmälan av delegationsbeslut 2026-05-19",
    "fastighet": null,
    "pdf_url": "https://goteborg.se/wps/portal/start/kommun-och-politik/handlingar-och-protokoll/namndhandlingar/valj-namnd-och-ar/!ut/p/z1/jZDBDoIwDIafxnO7gTMe54xiIsKCRraLGToJiUwDxESeXsCzhF6av_2-HgoaUtDOvIvcNMXTmUeXlWaXHaeC-D6hwTxeIxOh5CsZ7ULiwXkAQioYCZBGW7HcIEO5ljJeIEYe6Ck-_imO0_wRQI-fV52_-OvvPUhAgzbX_h-g7sWjsVU_qR2vQFGk7JcOpnQ3UEljbnX2yXPXdTcjwpsR7ncr6wauaGxscgsK4VWeTml7tFlr1RdDZCY3/p0/IZ7_IA2C14412H5PD06CMQABQOIML3=CZ6_IA2C14412H5PD06CMQABQOIM13=MKPbYPlw=GB=/",
    "filename": "goteborg-sbn-2026-05-19-95"
   }
  },
  {
   "type": "Feature",
   "geometry": {
    "type": "Point",
    "coordinates": [
     11.972012447183696,
     57.72246496715591
    ]
   },
   "properties": {
    "kommun": "Göteborg",
    "namnd": "Stadsbyggnadsnämnden",
    "date": "2026-05-19",
    "paragraph": 99,
    "title": "Information om systematiskt arbetsmiljöarbete",
    "fastighet": null,
    "pdf_url": "https://goteborg.se/wps/portal/start/kommun-och-politik/handlingar-och-protokoll/namndhandlingar/valj-namnd-och-ar/!ut/p/z1/jZDBDoIwDIafxnO7gTMe54xiIsKCRraLGToJiUwDxESeXsCzhF6av_2-HgoaUtDOvIvcNMXTmUeXlWaXHaeC-D6hwTxeIxOh5CsZ7ULiwXkAQioYCZBGW7HcIEO5ljJeIEYe6Ck-_imO0_wRQI-fV52_-OvvPUhAgzbX_h-g7sWjsVU_qR2vQFGk7JcOpnQ3UEljbnX2yXPXdTcjwpsR7ncr6wauaGxscgsK4VWeTml7tFlr1RdDZCY3/p0/IZ7_IA2C14412H5PD06CMQABQOIML3=CZ6_IA2C14412H5PD06CMQABQOIM13=MKPbYPlw=GB=/",
    "filename": "goteborg-sbn-2026-05-19-99"
   }
  },
  {
   "type": "Feature",
   "geometry": {
    "type": "Point",
    "coordinates": [
     12.000979984095608,
     57.72457234200368
    ]
   },
   "properties": {
    "kommun": "Göteborg",
    "namnd": "Stadsbyggnadsnämnden",
    "date": "2026-05-19",
    "paragraph": 100,
    "title": "Information om förslag till planeringsinriktning spårväg på Bangårdsförbindelsen",
    "fastighet": null,
    "pdf_url": "https://goteborg.se/wps/portal/start/kommun-och-politik/handlingar-och-protokoll/namndhandlingar/valj-namnd-och-ar/!ut/p/z1/jZDBDoIwDIafxnO7gTMe54xiIsKCRraLGToJiUwDxESeXsCzhF6av_2-HgoaUtDOvIvcNMXTmUeXlWaXHaeC-D6hwTxeIxOh5CsZ7ULiwXkAQioYCZBGW7HcIEO5ljJeIEYe6Ck-_imO0_wRQI-fV52_-OvvPUhAgzbX_h-g7sWjsVU_qR2vQFGk7JcOpnQ3UEljbnX2yXPXdTcjwpsR7ncr6wauaGxscgsK4VWeTml7tFlr1RdDZCY3/p0/IZ7_IA2C14412H5PD06CMQABQOIML3=CZ6_IA2C14412H5PD06CMQABQOIM13=MKPbYPlw=GB=/",
    "filename": "goteborg-sbn-2026-05-19-100"
   }
  },
  {
   "type": "Feature",
   "geometry": {
    "type": "Point",
    "coordinates": [
     11.949317244052182,
     57.71335787307045
    ]
   },
   "properties": {
    "kommun": "Göteborg",
    "namnd": "Stadsbyggnadsnämnden",
    "date": "2026-05-19",
    "paragraph": 101,
    "title": "Information om lokaliseringsutredning för områdesbad i Majorna Linné",
    "fastighet": null,
    "pdf_url": "https://goteborg.se/wps/portal/start/kommun-och-politik/handlingar-och-protokoll/namndhandlingar/valj-namnd-och-ar/!ut/p/z1/jZDBDoIwDIafxnO7gTMe54xiIsKCRraLGToJiUwDxESeXsCzhF6av_2-HgoaUtDOvIvcNMXTmUeXlWaXHaeC-D6hwTxeIxOh5CsZ7ULiwXkAQioYCZBGW7HcIEO5ljJeIEYe6Ck-_imO0_wRQI-fV52_-OvvPUhAgzbX_h-g7sWjsVU_qR2vQFGk7JcOpnQ3UEljbnX2yXPXdTcjwpsR7ncr6wauaGxscgsK4VWeTml7tFlr1RdDZCY3/p0/IZ7_IA2C14412H5PD06CMQABQOIML3=CZ6_IA2C14412H5PD06CMQABQOIM13=MKPbYPlw=GB=/",
    "filename": "goteborg-sbn-2026-05-19-101"
   }
  },
  {
   "type": "Feature",
   "geometry": {
    "type": "Point",
    "coordinates": [
     11.953379664348391,
     57.70046948867423
    ]
   },
   "properties": {
    "kommun": "Göteborg",
    "namnd": "Stadsbyggnadsnämnden",
    "date": "2026-05-19",
    "paragraph": 102,
    "title": "Information om detaljplan för förskola och bostäder i norra Kortedala inom stadsdelen Kortedala",
    "fastighet": null,
    "pdf_url": "https://goteborg.se/wps/portal/start/kommun-och-politik/handlingar-och-protokoll/namndhandlingar/valj-namnd-och-ar/!ut/p/z1/jZDBDoIwDIafxnO7gTMe54xiIsKCRraLGToJiUwDxESeXsCzhF6av_2-HgoaUtDOvIvcNMXTmUeXlWaXHaeC-D6hwTxeIxOh5CsZ7ULiwXkAQioYCZBGW7HcIEO5ljJeIEYe6Ck-_imO0_wRQI-fV52_-OvvPUhAgzbX_h-g7sWjsVU_qR2vQFGk7JcOpnQ3UEljbnX2yXPXdTcjwpsR7ncr6wauaGxscgsK4VWeTml7tFlr1RdDZCY3/p0/IZ7_IA2C14412H5PD06CMQABQOIML3=CZ6_IA2C14412H5PD06CMQABQOIM13=MKPbYPlw=GB=/",
    "filename": "goteborg-sbn-2026-05-19-102"
   }
  },
  {
   "type": "Feature",
   "geometry": {
    "type": "Point",
    "coordinates": [
     11.985259989865202,
     57.7134638194236
    ]
   },
   "properties": {
    "kommun": "Göteborg",
    "namnd": "Stadsbyggnadsnämnden",
    "date": "2026-05-19",
    "paragraph": 103,
    "title": "Information om uppdatering av planprogram för Frihamnen och del av Ringön inom stadsdelarna Lundbyvassen och Tingstadsvassen",
    "fastighet": null,
    "pdf_url": "https://goteborg.se/wps/portal/start/kommun-och-politik/handlingar-och-protokoll/namndhandlingar/valj-namnd-och-ar/!ut/p/z1/jZDBDoIwDIafxnO7gTMe54xiIsKCRraLGToJiUwDxESeXsCzhF6av_2-HgoaUtDOvIvcNMXTmUeXlWaXHaeC-D6hwTxeIxOh5CsZ7ULiwXkAQioYCZBGW7HcIEO5ljJeIEYe6Ck-_imO0_wRQI-fV52_-OvvPUhAgzbX_h-g7sWjsVU_qR2vQFGk7JcOpnQ3UEljbnX2yXPXdTcjwpsR7ncr6wauaGxscgsK4VWeTml7tFlr1RdDZCY3/p0/IZ7_IA2C14412H5PD06CMQABQOIML3=CZ6_IA2C14412H5PD06CMQABQOIM13=MKPbYPlw=GB=/",
    "filename": "goteborg-sbn-2026-05-19-103"
   }
  },
  {
   "type": "Feature",
   "geometry": {
    "type": "Point",
    "coordinates": [
     11.949773257624624,
     57.723845950269606
    ]
   },
   "properties": {
    "kommun": "Göteborg",
    "namnd": "Stadsbyggnadsnämnden",
    "date": "2026-04-21",
    "paragraph": 6,
    "title": "Stadsbyggnadsnämndens taxa 2027",
    "fastighet": null,
    "pdf_url": "https://goteborg.se/wps/portal/start/kommun-och-politik/handlingar-och-protokoll/namndhandlingar/valj-namnd-och-ar/!ut/p/z1/jZDBDoIwDIafxnO7gTMe54xiIsKCRraLGToJiUwDxESeXsCzhF6av_2-HgoaUtDOvIvcNMXTmUeXlWaXHaeC-D6hwTxeIxOh5CsZ7ULiwXkAQioYCZBGW7HcIEO5ljJeIEYe6Ck-_imO0_wRQI-fV52_-OvvPUhAgzbX_h-g7sWjsVU_qR2vQFGk7JcOpnQ3UEljbnX2yXPXdTcjwpsR7ncr6wauaGxscgsK4VWeTml7tFlr1RdDZCY3/p0/IZ7_IA2C14412H5PD06CMQABQOIML3=CZ6_IA2C14412H5PD06CMQABQOIM13=MKPbYPlw=GC=/",
    "filename": "goteborg-sbn-2026-04-21-06"
   }
  },
  {
   "type": "Feature",
   "geometry": {
    "type": "Point",
    "coordinates": [
     11.93532305785891,
     57.72021184259469
    ]
   },
   "properties": {
    "kommun": "Göteborg",
    "namnd": "Stadsbyggnadsnämnden",
    "date": "2026-04-21",
    "paragraph": 7,
    "title": "Stadsbyggnadsnämndens delårsrapport mars 2026",
    "fastighet": null,
    "pdf_url": "https://goteborg.se/wps/portal/start/kommun-och-politik/handlingar-och-protokoll/namndhandlingar/valj-namnd-och-ar/!ut/p/z1/jZDBDoIwDIafxnO7gTMe54xiIsKCRraLGToJiUwDxESeXsCzhF6av_2-HgoaUtDOvIvcNMXTmUeXlWaXHaeC-D6hwTxeIxOh5CsZ7ULiwXkAQioYCZBGW7HcIEO5ljJeIEYe6Ck-_imO0_wRQI-fV52_-OvvPUhAgzbX_h-g7sWjsVU_qR2vQFGk7JcOpnQ3UEljbnX2yXPXdTcjwpsR7ncr6wauaGxscgsK4VWeTml7tFlr1RdDZCY3/p0/IZ7_IA2C14412H5PD06CMQABQOIML3=CZ6_IA2C14412H5PD06CMQABQOIM13=MKPbYPlw=GC=/",
    "filename": "goteborg-sbn-2026-04-21-07"
   }
  },
  {
   "type": "Feature",
   "geometry": {
    "type": "Point",
    "coordinates": [
     11.940134004332576,
     57.72407339285225
    ]
   },
   "properties": {
    "kommun": "Göteborg",
    "namnd": "Stadsbyggnadsnämnden",
    "date": "2026-04-21",
    "paragraph": 8,
    "title": "Svar på motion om att utveckla analys och bedömning hur stadens beslut påverkar näringslivet",
    "fastighet": null,
    "pdf_url": "https://goteborg.se/wps/portal/start/kommun-och-politik/handlingar-och-protokoll/namndhandlingar/valj-namnd-och-ar/!ut/p/z1/jZDBDoIwDIafxnO7gTMe54xiIsKCRraLGToJiUwDxESeXsCzhF6av_2-HgoaUtDOvIvcNMXTmUeXlWaXHaeC-D6hwTxeIxOh5CsZ7ULiwXkAQioYCZBGW7HcIEO5ljJeIEYe6Ck-_imO0_wRQI-fV52_-OvvPUhAgzbX_h-g7sWjsVU_qR2vQFGk7JcOpnQ3UEljbnX2yXPXdTcjwpsR7ncr6wauaGxscgsK4VWeTml7tFlr1RdDZCY3/p0/IZ7_IA2C14412H5PD06CMQABQOIML3=CZ6_IA2C14412H5PD06CMQABQOIM13=MKPbYPlw=GC=/",
    "filename": "goteborg-sbn-2026-04-21-08"
   }
  },
  {
   "type": "Feature",
   "geometry": {
    "type": "Point",
    "coordinates": [
     11.9872072030805,
     57.698909270079746
    ]
   },
   "properties": {
    "kommun": "Göteborg",
    "namnd": "Stadsbyggnadsnämnden",
    "date": "2026-04-21",
    "paragraph": 9,
    "title": "Svar på remiss av betänkandet En kortare instanskedja för mark- och miljöärenden (SOU 2025:122)",
    "fastighet": "SOU 2025:122",
    "pdf_url": "https://goteborg.se/wps/portal/start/kommun-och-politik/handlingar-och-protokoll/namndhandlingar/valj-namnd-och-ar/!ut/p/z1/jZDBDoIwDIafxnO7gTMe54xiIsKCRraLGToJiUwDxESeXsCzhF6av_2-HgoaUtDOvIvcNMXTmUeXlWaXHaeC-D6hwTxeIxOh5CsZ7ULiwXkAQioYCZBGW7HcIEO5ljJeIEYe6Ck-_imO0_wRQI-fV52_-OvvPUhAgzbX_h-g7sWjsVU_qR2vQFGk7JcOpnQ3UEljbnX2yXPXdTcjwpsR7ncr6wauaGxscgsK4VWeTml7tFlr1RdDZCY3/p0/IZ7_IA2C14412H5PD06CMQABQOIML3=CZ6_IA2C14412H5PD06CMQABQOIM13=MKPbYPlw=GC=/",
    "filename": "goteborg-sbn-2026-04-21-09"
   }
  },
  {
   "type": "Feature",
   "geometry": {
    "type": "Point",
    "coordinates": [
     11.969712499713031,
     57.71568267842478
    ]
   },
   "properties": {
    "kommun": "Göteborg",
    "namnd": "Stadsbyggnadsnämnden",
    "date": "2026-04-21",
    "paragraph": 10,
    "title": "Återrapportering av uppdrag Hela Stadens Grönska",
    "fastighet": null,
    "pdf_url": "https://goteborg.se/wps/portal/start/kommun-och-politik/handlingar-och-protokoll/namndhandlingar/valj-namnd-och-ar/!ut/p/z1/jZDBDoIwDIafxnO7gTMe54xiIsKCRraLGToJiUwDxESeXsCzhF6av_2-HgoaUtDOvIvcNMXTmUeXlWaXHaeC-D6hwTxeIxOh5CsZ7ULiwXkAQioYCZBGW7HcIEO5ljJeIEYe6Ck-_imO0_wRQI-fV52_-OvvPUhAgzbX_h-g7sWjsVU_qR2vQFGk7JcOpnQ3UEljbnX2yXPXdTcjwpsR7ncr6wauaGxscgsK4VWeTml7tFlr1RdDZCY3/p0/IZ7_IA2C14412H5PD06CMQABQOIML3=CZ6_IA2C14412H5PD06CMQABQOIM13=MKPbYPlw=GC=/",
    "filename": "goteborg-sbn-2026-04-21-10"
   }
  },
  {
   "type": "Feature",
   "geometry": {
    "type": "Point",
    "coordinates": [
     11.960919225545535,
     57.701584627678756
    ]
   },
   "properties": {
    "kommun": "Göteborg",
    "namnd": "Stadsbyggnadsnämnden",
    "date": "2026-04-21",
    "paragraph": 11,
    "title": "Utredning av ombildande och utvidgning av Rya Skogs naturreservat",
    "fastighet": null,
    "pdf_url": "https://goteborg.se/wps/portal/start/kommun-och-politik/handlingar-och-protokoll/namndhandlingar/valj-namnd-och-ar/!ut/p/z1/jZDBDoIwDIafxnO7gTMe54xiIsKCRraLGToJiUwDxESeXsCzhF6av_2-HgoaUtDOvIvcNMXTmUeXlWaXHaeC-D6hwTxeIxOh5CsZ7ULiwXkAQioYCZBGW7HcIEO5ljJeIEYe6Ck-_imO0_wRQI-fV52_-OvvPUhAgzbX_h-g7sWjsVU_qR2vQFGk7JcOpnQ3UEljbnX2yXPXdTcjwpsR7ncr6wauaGxscgsK4VWeTml7tFlr1RdDZCY3/p0/IZ7_IA2C14412H5PD06CMQABQOIML3=CZ6_IA2C14412H5PD06CMQABQOIM13=MKPbYPlw=GC=/",
    "filename": "goteborg-sbn-2026-04-21-11"
   }
  },
  {
   "type": "Feature",
   "geometry": {
    "type": "Point",
    "coordinates": [
     11.991177952528624,
     57.71758392865758
    ]
   },
   "properties": {
    "kommun": "Göteborg",
    "namnd": "Stadsbyggnadsnämnden",
    "date": "2026-04-21",
    "paragraph": 12,
    "title": "Svar på uppdrag om förslag för införande av kulturljudzon på Ringön",
    "fastighet": null,
    "pdf_url": "https://goteborg.se/wps/portal/start/kommun-och-politik/handlingar-och-protokoll/namndhandlingar/valj-namnd-och-ar/!ut/p/z1/jZDBDoIwDIafxnO7gTMe54xiIsKCRraLGToJiUwDxESeXsCzhF6av_2-HgoaUtDOvIvcNMXTmUeXlWaXHaeC-D6hwTxeIxOh5CsZ7ULiwXkAQioYCZBGW7HcIEO5ljJeIEYe6Ck-_imO0_wRQI-fV52_-OvvPUhAgzbX_h-g7sWjsVU_qR2vQFGk7JcOpnQ3UEljbnX2yXPXdTcjwpsR7ncr6wauaGxscgsK4VWeTml7tFlr1RdDZCY3/p0/IZ7_IA2C14412H5PD06CMQABQOIML3=CZ6_IA2C14412H5PD06CMQABQOIM13=MKPbYPlw=GC=/",
    "filename": "goteborg-sbn-2026-04-21-12"
   }
  },
  {
   "type": "Feature",
   "geometry": {
    "type": "Point",
    "coordinates": [
     11.982640257402933,
     57.69490195228775
    ]
   },
   "properties": {
    "kommun": "Göteborg",
    "namnd": "Stadsbyggnadsnämnden",
    "date": "2026-04-21",
    "paragraph": 13,
    "title": "Svar på motion om att utreda möjligheten för etablering av fler flytande restauranger i Stora Hamnkanalen",
    "fastighet": null,
    "pdf_url": "https://goteborg.se/wps/portal/start/kommun-och-politik/handlingar-och-protokoll/namndhandlingar/valj-namnd-och-ar/!ut/p/z1/jZDBDoIwDIafxnO7gTMe54xiIsKCRraLGToJiUwDxESeXsCzhF6av_2-HgoaUtDOvIvcNMXTmUeXlWaXHaeC-D6hwTxeIxOh5CsZ7ULiwXkAQioYCZBGW7HcIEO5ljJeIEYe6Ck-_imO0_wRQI-fV52_-OvvPUhAgzbX_h-g7sWjsVU_qR2vQFGk7JcOpnQ3UEljbnX2yXPXdTcjwpsR7ncr6wauaGxscgsK4VWeTml7tFlr1RdDZCY3/p0/IZ7_IA2C14412H5PD06CMQABQOIML3=CZ6_IA2C14412H5PD06CMQABQOIM13=MKPbYPlw=GC=/",
    "filename": "goteborg-sbn-2026-04-21-13"
   }
  },
  {
   "type": "Feature",
   "geometry": {
    "type": "Point",
    "coordinates": [
     12.01051570695573,
     57.72222635102605
    ]
   },
   "properties": {
    "kommun": "Göteborg",
    "namnd": "Stadsbyggnadsnämnden",
    "date": "2026-04-21",
    "paragraph": 14,
    "title": "Uppstart av biotopskyddsarbete vid Norra Hästeviken",
    "fastighet": null,
    "pdf_url": "https://goteborg.se/wps/portal/start/kommun-och-politik/handlingar-och-protokoll/namndhandlingar/valj-namnd-och-ar/!ut/p/z1/jZDBDoIwDIafxnO7gTMe54xiIsKCRraLGToJiUwDxESeXsCzhF6av_2-HgoaUtDOvIvcNMXTmUeXlWaXHaeC-D6hwTxeIxOh5CsZ7ULiwXkAQioYCZBGW7HcIEO5ljJeIEYe6Ck-_imO0_wRQI-fV52_-OvvPUhAgzbX_h-g7sWjsVU_qR2vQFGk7JcOpnQ3UEljbnX2yXPXdTcjwpsR7ncr6wauaGxscgsK4VWeTml7tFlr1RdDZCY3/p0/IZ7_IA2C14412H5PD06CMQABQOIML3=CZ6_IA2C14412H5PD06CMQABQOIM13=MKPbYPlw=GC=/",
    "filename": "goteborg-sbn-2026-04-21-14"
   }
  },
  {
   "type": "Feature",
   "geometry": {
    "type": "Point",
    "coordinates": [
     11.948868509444512,
     57.70631919592155
    ]
   },
   "properties": {
    "kommun": "Göteborg",
    "namnd": "Stadsbyggnadsnämnden",
    "date": "2026-04-21",
    "paragraph": 15,
    "title": "Uppstart av biotopskyddsarbete i Brännö-området",
    "fastighet": null,
    "pdf_url": "https://goteborg.se/wps/portal/start/kommun-och-politik/handlingar-och-protokoll/namndhandlingar/valj-namnd-och-ar/!ut/p/z1/jZDBDoIwDIafxnO7gTMe54xiIsKCRraLGToJiUwDxESeXsCzhF6av_2-HgoaUtDOvIvcNMXTmUeXlWaXHaeC-D6hwTxeIxOh5CsZ7ULiwXkAQioYCZBGW7HcIEO5ljJeIEYe6Ck-_imO0_wRQI-fV52_-OvvPUhAgzbX_h-g7sWjsVU_qR2vQFGk7JcOpnQ3UEljbnX2yXPXdTcjwpsR7ncr6wauaGxscgsK4VWeTml7tFlr1RdDZCY3/p0/IZ7_IA2C14412H5PD06CMQABQOIML3=CZ6_IA2C14412H5PD06CMQABQOIM13=MKPbYPlw=GC=/",
    "filename": "goteborg-sbn-2026-04-21-15"
   }
  },
  {
   "type": "Feature",
   "geometry": {
    "type": "Point",
    "coordinates": [
     11.991051387737652,
     57.706200640286006
    ]
   },
   "properties": {
    "kommun": "Göteborg",
    "namnd": "Stadsbyggnadsnämnden",
    "date": "2026-04-21",
    "paragraph": 16,
    "title": "Granskning av ändring av översiktsplan för Göteborg",
    "fastighet": null,
    "pdf_url": "https://goteborg.se/wps/portal/start/kommun-och-politik/handlingar-och-protokoll/namndhandlingar/valj-namnd-och-ar/!ut/p/z1/jZDBDoIwDIafxnO7gTMe54xiIsKCRraLGToJiUwDxESeXsCzhF6av_2-HgoaUtDOvIvcNMXTmUeXlWaXHaeC-D6hwTxeIxOh5CsZ7ULiwXkAQioYCZBGW7HcIEO5ljJeIEYe6Ck-_imO0_wRQI-fV52_-OvvPUhAgzbX_h-g7sWjsVU_qR2vQFGk7JcOpnQ3UEljbnX2yXPXdTcjwpsR7ncr6wauaGxscgsK4VWeTml7tFlr1RdDZCY3/p0/IZ7_IA2C14412H5PD06CMQABQOIML3=CZ6_IA2C14412H5PD06CMQABQOIM13=MKPbYPlw=GC=/",
    "filename": "goteborg-sbn-2026-04-21-16"
   }
  },
  {
   "type": "Feature",
   "geometry": {
    "type": "Point",
    "coordinates": [
     11.995106657928034,
     57.71846185394983
    ]
   },
   "properties": {
    "kommun": "Göteborg",
    "namnd": "Stadsbyggnadsnämnden",
    "date": "2026-04-21",
    "paragraph": 17,
    "title": "Uppdrag att ta fram en tydlig plan för vilken kommunal industrimark som är möjlig att projektutveckla, planlägga och markanvisa",
    "fastighet": null,
    "pdf_url": "https://goteborg.se/wps/portal/start/kommun-och-politik/handlingar-och-protokoll/namndhandlingar/valj-namnd-och-ar/!ut/p/z1/jZDBDoIwDIafxnO7gTMe54xiIsKCRraLGToJiUwDxESeXsCzhF6av_2-HgoaUtDOvIvcNMXTmUeXlWaXHaeC-D6hwTxeIxOh5CsZ7ULiwXkAQioYCZBGW7HcIEO5ljJeIEYe6Ck-_imO0_wRQI-fV52_-OvvPUhAgzbX_h-g7sWjsVU_qR2vQFGk7JcOpnQ3UEljbnX2yXPXdTcjwpsR7ncr6wauaGxscgsK4VWeTml7tFlr1RdDZCY3/p0/IZ7_IA2C14412H5PD06CMQABQOIML3=CZ6_IA2C14412H5PD06CMQABQOIM13=MKPbYPlw=GC=/",
    "filename": "goteborg-sbn-2026-04-21-17"
   }
  },
  {
   "type": "Feature",
   "geometry": {
    "type": "Point",
    "coordinates": [
     11.968886969593152,
     57.71191586658234
    ]
   },
   "properties": {
    "kommun": "Göteborg",
    "namnd": "Stadsbyggnadsnämnden",
    "date": "2026-04-21",
    "paragraph": 18,
    "title": "Val av område för fortsatt arbete med bildande av naturreservat",
    "fastighet": null,
    "pdf_url": "https://goteborg.se/wps/portal/start/kommun-och-politik/handlingar-och-protokoll/namndhandlingar/valj-namnd-och-ar/!ut/p/z1/jZDBDoIwDIafxnO7gTMe54xiIsKCRraLGToJiUwDxESeXsCzhF6av_2-HgoaUtDOvIvcNMXTmUeXlWaXHaeC-D6hwTxeIxOh5CsZ7ULiwXkAQioYCZBGW7HcIEO5ljJeIEYe6Ck-_imO0_wRQI-fV52_-OvvPUhAgzbX_h-g7sWjsVU_qR2vQFGk7JcOpnQ3UEljbnX2yXPXdTcjwpsR7ncr6wauaGxscgsK4VWeTml7tFlr1RdDZCY3/p0/IZ7_IA2C14412H5PD06CMQABQOIML3=CZ6_IA2C14412H5PD06CMQABQOIM13=MKPbYPlw=GC=/",
    "filename": "goteborg-sbn-2026-04-21-18"
   }
  },
  {
   "type": "Feature",
   "geometry": {
    "type": "Point",
    "coordinates": [
     12.006191329800389,
     57.70341762913389
    ]
   },
   "properties": {
    "kommun": "Göteborg",
    "namnd": "Stadsbyggnadsnämnden",
    "date": "2026-04-21",
    "paragraph": 19,
    "title": "Planeringsinriktning förstudie Örgrytevägen, Delsträcka 1 - Korsvägen till Mölndalsån",
    "fastighet": "Delsträcka 1",
    "pdf_url": "https://goteborg.se/wps/portal/start/kommun-och-politik/handlingar-och-protokoll/namndhandlingar/valj-namnd-och-ar/!ut/p/z1/jZDBDoIwDIafxnO7gTMe54xiIsKCRraLGToJiUwDxESeXsCzhF6av_2-HgoaUtDOvIvcNMXTmUeXlWaXHaeC-D6hwTxeIxOh5CsZ7ULiwXkAQioYCZBGW7HcIEO5ljJeIEYe6Ck-_imO0_wRQI-fV52_-OvvPUhAgzbX_h-g7sWjsVU_qR2vQFGk7JcOpnQ3UEljbnX2yXPXdTcjwpsR7ncr6wauaGxscgsK4VWeTml7tFlr1RdDZCY3/p0/IZ7_IA2C14412H5PD06CMQABQOIML3=CZ6_IA2C14412H5PD06CMQABQOIM13=MKPbYPlw=GC=/",
    "filename": "goteborg-sbn-2026-04-21-19"
   }
  },
  {
   "type": "Feature",
   "geometry": {
    "type": "Point",
    "coordinates": [
     12.003030301753325,
     57.696186903228885
    ]
   },
   "properties": {
    "kommun": "Göteborg",
    "namnd": "Stadsbyggnadsnämnden",
    "date": "2026-04-21",
    "paragraph": 20,
    "title": "Tillstyrkande av detaljplan för hamnverksamhet i Arendal inom stadsdelen Arendal",
    "fastighet": null,
    "pdf_url": "https://goteborg.se/wps/portal/start/kommun-och-politik/handlingar-och-protokoll/namndhandlingar/valj-namnd-och-ar/!ut/p/z1/jZDBDoIwDIafxnO7gTMe54xiIsKCRraLGToJiUwDxESeXsCzhF6av_2-HgoaUtDOvIvcNMXTmUeXlWaXHaeC-D6hwTxeIxOh5CsZ7ULiwXkAQioYCZBGW7HcIEO5ljJeIEYe6Ck-_imO0_wRQI-fV52_-OvvPUhAgzbX_h-g7sWjsVU_qR2vQFGk7JcOpnQ3UEljbnX2yXPXdTcjwpsR7ncr6wauaGxscgsK4VWeTml7tFlr1RdDZCY3/p0/IZ7_IA2C14412H5PD06CMQABQOIML3=CZ6_IA2C14412H5PD06CMQABQOIM13=MKPbYPlw=GC=/",
    "filename": "goteborg-sbn-2026-04-21-20"
   }
  },
  {
   "type": "Feature",
   "geometry": {
    "type": "Point",
    "coordinates": [
     11.941879837094444,
     57.724446829068135
    ]
   },
   "properties": {
    "kommun": "Göteborg",
    "namnd": "Stadsbyggnadsnämnden",
    "date": "2026-04-21",
    "paragraph": 21,
    "title": "Antagande av ändring av del av detaljplan för hamnutvidgning vid Lilla Aspholmen samt utbyggnad av konferenscenter inom stadsdelen Arendal",
    "fastighet": null,
    "pdf_url": "https://goteborg.se/wps/portal/start/kommun-och-politik/handlingar-och-protokoll/namndhandlingar/valj-namnd-och-ar/!ut/p/z1/jZDBDoIwDIafxnO7gTMe54xiIsKCRraLGToJiUwDxESeXsCzhF6av_2-HgoaUtDOvIvcNMXTmUeXlWaXHaeC-D6hwTxeIxOh5CsZ7ULiwXkAQioYCZBGW7HcIEO5ljJeIEYe6Ck-_imO0_wRQI-fV52_-OvvPUhAgzbX_h-g7sWjsVU_qR2vQFGk7JcOpnQ3UEljbnX2yXPXdTcjwpsR7ncr6wauaGxscgsK4VWeTml7tFlr1RdDZCY3/p0/IZ7_IA2C14412H5PD06CMQABQOIML3=CZ6_IA2C14412H5PD06CMQABQOIM13=MKPbYPlw=GC=/",
    "filename": "goteborg-sbn-2026-04-21-21"
   }
  },
  {
   "type": "Feature",
   "geometry": {
    "type": "Point",
    "coordinates": [
     12.01232321440103,
     57.69513510462298
    ]
   },
   "properties": {
    "kommun": "Göteborg",
    "namnd": "Stadsbyggnadsnämnden",
    "date": "2026-04-21",
    "paragraph": 22,
    "title": "Antagande av ändring av detaljplan för verksamheter m.m. vid Volvo Lundby inom stadsdelarna Kyrkbyn och Rambergsstaden",
    "fastighet": null,
    "pdf_url": "https://goteborg.se/wps/portal/start/kommun-och-politik/handlingar-och-protokoll/namndhandlingar/valj-namnd-och-ar/!ut/p/z1/jZDBDoIwDIafxnO7gTMe54xiIsKCRraLGToJiUwDxESeXsCzhF6av_2-HgoaUtDOvIvcNMXTmUeXlWaXHaeC-D6hwTxeIxOh5CsZ7ULiwXkAQioYCZBGW7HcIEO5ljJeIEYe6Ck-_imO0_wRQI-fV52_-OvvPUhAgzbX_h-g7sWjsVU_qR2vQFGk7JcOpnQ3UEljbnX2yXPXdTcjwpsR7ncr6wauaGxscgsK4VWeTml7tFlr1RdDZCY3/p0/IZ7_IA2C14412H5PD06CMQABQOIML3=CZ6_IA2C14412H5PD06CMQABQOIM13=MKPbYPlw=GC=/",
    "filename": "goteborg-sbn-2026-04-21-22"
   }
  },
  {
   "type": "Feature",
   "geometry": {
    "type": "Point",
    "coordinates": [
     11.94614041650828,
     57.72091041845731
    ]
   },
   "properties": {
    "kommun": "Göteborg",
    "namnd": "Stadsbyggnadsnämnden",
    "date": "2026-04-21",
    "paragraph": 23,
    "title": "Rättelse efter antagande av detaljplan för bostäder vid Aprikosgatan inom stadsdelen Fiskebäck",
    "fastighet": null,
    "pdf_url": "https://goteborg.se/wps/portal/start/kommun-och-politik/handlingar-och-protokoll/namndhandlingar/valj-namnd-och-ar/!ut/p/z1/jZDBDoIwDIafxnO7gTMe54xiIsKCRraLGToJiUwDxESeXsCzhF6av_2-HgoaUtDOvIvcNMXTmUeXlWaXHaeC-D6hwTxeIxOh5CsZ7ULiwXkAQioYCZBGW7HcIEO5ljJeIEYe6Ck-_imO0_wRQI-fV52_-OvvPUhAgzbX_h-g7sWjsVU_qR2vQFGk7JcOpnQ3UEljbnX2yXPXdTcjwpsR7ncr6wauaGxscgsK4VWeTml7tFlr1RdDZCY3/p0/IZ7_IA2C14412H5PD06CMQABQOIML3=CZ6_IA2C14412H5PD06CMQABQOIM13=MKPbYPlw=GC=/",
    "filename": "goteborg-sbn-2026-04-21-23"
   }
  },
  {
   "type": "Feature",
   "geometry": {
    "type": "Point",
    "coordinates": [
     11.984330601375719,
     57.72225560118569
    ]
   },
   "properties": {
    "kommun": "Göteborg",
    "namnd": "Stadsbyggnadsnämnden",
    "date": "2026-04-21",
    "paragraph": 24,
    "title": "Planbesked för bostäder vid Torskogsvägen m fl (Lilleby 6:132) inom stadsdelen Lilleby",
    "fastighet": "Lilleby 6:132",
    "pdf_url": "https://goteborg.se/wps/portal/start/kommun-och-politik/handlingar-och-protokoll/namndhandlingar/valj-namnd-och-ar/!ut/p/z1/jZDBDoIwDIafxnO7gTMe54xiIsKCRraLGToJiUwDxESeXsCzhF6av_2-HgoaUtDOvIvcNMXTmUeXlWaXHaeC-D6hwTxeIxOh5CsZ7ULiwXkAQioYCZBGW7HcIEO5ljJeIEYe6Ck-_imO0_wRQI-fV52_-OvvPUhAgzbX_h-g7sWjsVU_qR2vQFGk7JcOpnQ3UEljbnX2yXPXdTcjwpsR7ncr6wauaGxscgsK4VWeTml7tFlr1RdDZCY3/p0/IZ7_IA2C14412H5PD06CMQABQOIML3=CZ6_IA2C14412H5PD06CMQABQOIM13=MKPbYPlw=GC=/",
    "filename": "goteborg-sbn-2026-04-21-24"
   }
  },
  {
   "type": "Feature",
   "geometry": {
    "type": "Point",
    "coordinates": [
     11.940484269416386,
     57.7107220576188
    ]
   },
   "properties": {
    "kommun": "Göteborg",
    "namnd": "Stadsbyggnadsnämnden",
    "date": "2026-04-21",
    "paragraph": 25,
    "title": "Planbesked för bostäder vid Halvsekelsgatan (Kortedala 22:1) inom stadsdelen Kortedala",
    "fastighet": "Kortedala 22:1",
    "pdf_url": "https://goteborg.se/wps/portal/start/kommun-och-politik/handlingar-och-protokoll/namndhandlingar/valj-namnd-och-ar/!ut/p/z1/jZDBDoIwDIafxnO7gTMe54xiIsKCRraLGToJiUwDxESeXsCzhF6av_2-HgoaUtDOvIvcNMXTmUeXlWaXHaeC-D6hwTxeIxOh5CsZ7ULiwXkAQioYCZBGW7HcIEO5ljJeIEYe6Ck-_imO0_wRQI-fV52_-OvvPUhAgzbX_h-g7sWjsVU_qR2vQFGk7JcOpnQ3UEljbnX2yXPXdTcjwpsR7ncr6wauaGxscgsK4VWeTml7tFlr1RdDZCY3/p0/IZ7_IA2C14412H5PD06CMQABQOIML3=CZ6_IA2C14412H5PD06CMQABQOIM13=MKPbYPlw=GC=/",
    "filename": "goteborg-sbn-2026-04-21-25"
   }
  },
  {
   "type": "Feature",
   "geometry": {
    "type": "Point",
    "coordinates": [
     12.005684607660672,
     57.70463659793097
    ]
   },
   "properties": {
    "kommun": "Göteborg",
    "namnd": "Stadsbyggnadsnämnden",
    "date": "2026-04-21",
    "paragraph": 26,
    "title": "Ändring av beslut om planbesked för bostäder vid Håltavägen (Kärr 1:168) inom stadsdelen Torslanda",
    "fastighet": "Kärr 1:168",
    "pdf_url": "https://goteborg.se/wps/portal/start/kommun-och-politik/handlingar-och-protokoll/namndhandlingar/valj-namnd-och-ar/!ut/p/z1/jZDBDoIwDIafxnO7gTMe54xiIsKCRraLGToJiUwDxESeXsCzhF6av_2-HgoaUtDOvIvcNMXTmUeXlWaXHaeC-D6hwTxeIxOh5CsZ7ULiwXkAQioYCZBGW7HcIEO5ljJeIEYe6Ck-_imO0_wRQI-fV52_-OvvPUhAgzbX_h-g7sWjsVU_qR2vQFGk7JcOpnQ3UEljbnX2yXPXdTcjwpsR7ncr6wauaGxscgsK4VWeTml7tFlr1RdDZCY3/p0/IZ7_IA2C14412H5PD06CMQABQOIML3=CZ6_IA2C14412H5PD06CMQABQOIM13=MKPbYPlw=GC=/",
    "filename": "goteborg-sbn-2026-04-21-26"
   }
  },
  {
   "type": "Feature",
   "geometry": {
    "type": "Point",
    "coordinates": [
     11.968556965065535,
     57.72234824285109
    ]
   },
   "properties": {
    "kommun": "Göteborg",
    "namnd": "Stadsbyggnadsnämnden",
    "date": "2026-04-21",
    "paragraph": 27,
    "title": "Stadsutvecklingsförslag för bostäder och verksamheter vid Packhusplatsen inom stadsdelen Nordstaden samt avbrytande av Program för Packhusplatsen-Kanaltorget",
    "fastighet": null,
    "pdf_url": "https://goteborg.se/wps/portal/start/kommun-och-politik/handlingar-och-protokoll/namndhandlingar/valj-namnd-och-ar/!ut/p/z1/jZDBDoIwDIafxnO7gTMe54xiIsKCRraLGToJiUwDxESeXsCzhF6av_2-HgoaUtDOvIvcNMXTmUeXlWaXHaeC-D6hwTxeIxOh5CsZ7ULiwXkAQioYCZBGW7HcIEO5ljJeIEYe6Ck-_imO0_wRQI-fV52_-OvvPUhAgzbX_h-g7sWjsVU_qR2vQFGk7JcOpnQ3UEljbnX2yXPXdTcjwpsR7ncr6wauaGxscgsK4VWeTml7tFlr1RdDZCY3/p0/IZ7_IA2C14412H5PD06CMQABQOIML3=CZ6_IA2C14412H5PD06CMQABQOIM13=MKPbYPlw=GC=/",
    "filename": "goteborg-sbn-2026-04-21-27"
   }
  },
  {
   "type": "Feature",
   "geometry": {
    "type": "Point",
    "coordinates": [
     11.966113328499118,
     57.703461667221234
    ]
   },
   "properties": {
    "kommun": "Göteborg",
    "namnd": "Stadsbyggnadsnämnden",
    "date": "2026-04-21",
    "paragraph": 28,
    "title": "Beslut om Inriktning för Startplan 2027",
    "fastighet": "Startplan 2027",
    "pdf_url": "https://goteborg.se/wps/portal/start/kommun-och-politik/handlingar-och-protokoll/namndhandlingar/valj-namnd-och-ar/!ut/p/z1/jZDBDoIwDIafxnO7gTMe54xiIsKCRraLGToJiUwDxESeXsCzhF6av_2-HgoaUtDOvIvcNMXTmUeXlWaXHaeC-D6hwTxeIxOh5CsZ7ULiwXkAQioYCZBGW7HcIEO5ljJeIEYe6Ck-_imO0_wRQI-fV52_-OvvPUhAgzbX_h-g7sWjsVU_qR2vQFGk7JcOpnQ3UEljbnX2yXPXdTcjwpsR7ncr6wauaGxscgsK4VWeTml7tFlr1RdDZCY3/p0/IZ7_IA2C14412H5PD06CMQABQOIML3=CZ6_IA2C14412H5PD06CMQABQOIM13=MKPbYPlw=GC=/",
    "filename": "goteborg-sbn-2026-04-21-28"
   }
  },
  {
   "type": "Feature",
   "geometry": {
    "type": "Point",
    "coordinates": [
     11.953206083118324,
     57.707024106225006
    ]
   },
   "properties": {
    "kommun": "Göteborg",
    "namnd": "Stadsbyggnadsnämnden",
    "date": "2026-04-21",
    "paragraph": 29,
    "title": "Upphandling av planarkitekter inom geografin Mölndalsåns dalgång och Kallebäck",
    "fastighet": null,
    "pdf_url": "https://goteborg.se/wps/portal/start/kommun-och-politik/handlingar-och-protokoll/namndhandlingar/valj-namnd-och-ar/!ut/p/z1/jZDBDoIwDIafxnO7gTMe54xiIsKCRraLGToJiUwDxESeXsCzhF6av_2-HgoaUtDOvIvcNMXTmUeXlWaXHaeC-D6hwTxeIxOh5CsZ7ULiwXkAQioYCZBGW7HcIEO5ljJeIEYe6Ck-_imO0_wRQI-fV52_-OvvPUhAgzbX_h-g7sWjsVU_qR2vQFGk7JcOpnQ3UEljbnX2yXPXdTcjwpsR7ncr6wauaGxscgsK4VWeTml7tFlr1RdDZCY3/p0/IZ7_IA2C14412H5PD06CMQABQOIML3=CZ6_IA2C14412H5PD06CMQABQOIM13=MKPbYPlw=GC=/",
    "filename": "goteborg-sbn-2026-04-21-29"
   }
  },
  {
   "type": "Feature",
   "geometry": {
    "type": "Point",
    "coordinates": [
     11.990422137160007,
     57.69635071330206
    ]
   },
   "properties": {
    "kommun": "Göteborg",
    "namnd": "Stadsbyggnadsnämnden",
    "date": "2026-04-21",
    "paragraph": 30,
    "title": "Svar på motion av Patrik Höstmad (D) och Martin Wannholt (D) om prioriterad utveckling av Bergums Centrum i Olofstorp",
    "fastighet": null,
    "pdf_url": "https://goteborg.se/wps/portal/start/kommun-och-politik/handlingar-och-protokoll/namndhandlingar/valj-namnd-och-ar/!ut/p/z1/jZDBDoIwDIafxnO7gTMe54xiIsKCRraLGToJiUwDxESeXsCzhF6av_2-HgoaUtDOvIvcNMXTmUeXlWaXHaeC-D6hwTxeIxOh5CsZ7ULiwXkAQioYCZBGW7HcIEO5ljJeIEYe6Ck-_imO0_wRQI-fV52_-OvvPUhAgzbX_h-g7sWjsVU_qR2vQFGk7JcOpnQ3UEljbnX2yXPXdTcjwpsR7ncr6wauaGxscgsK4VWeTml7tFlr1RdDZCY3/p0/IZ7_IA2C14412H5PD06CMQABQOIML3=CZ6_IA2C14412H5PD06CMQABQOIM13=MKPbYPlw=GC=/",
    "filename": "goteborg-sbn-2026-04-21-30"
   }
  },
  {
   "type": "Feature",
   "geometry": {
    "type": "Point",
    "coordinates": [
     11.954004241390265,
     57.71229979099365
    ]
   },
   "properties": {
    "kommun": "Göteborg",
    "namnd": "Stadsbyggnadsnämnden",
    "date": "2026-04-21",
    "paragraph": 31,
    "title": "Avbryta arbetet med områdesbestämmelser utmed Gamla Säröbanans banvall i Brottkärr i stadsdelen Askim",
    "fastighet": null,
    "pdf_url": "https://goteborg.se/wps/portal/start/kommun-och-politik/handlingar-och-protokoll/namndhandlingar/valj-namnd-och-ar/!ut/p/z1/jZDBDoIwDIafxnO7gTMe54xiIsKCRraLGToJiUwDxESeXsCzhF6av_2-HgoaUtDOvIvcNMXTmUeXlWaXHaeC-D6hwTxeIxOh5CsZ7ULiwXkAQioYCZBGW7HcIEO5ljJeIEYe6Ck-_imO0_wRQI-fV52_-OvvPUhAgzbX_h-g7sWjsVU_qR2vQFGk7JcOpnQ3UEljbnX2yXPXdTcjwpsR7ncr6wauaGxscgsK4VWeTml7tFlr1RdDZCY3/p0/IZ7_IA2C14412H5PD06CMQABQOIML3=CZ6_IA2C14412H5PD06CMQABQOIM13=MKPbYPlw=GC=/",
    "filename": "goteborg-sbn-2026-04-21-31"
   }
  },
  {
   "type": "Feature",
   "geometry": {
    "type": "Point",
    "coordinates": [
     11.96394790908133,
     57.6996950309485
    ]
   },
   "properties": {
    "kommun": "Göteborg",
    "namnd": "Stadsbyggnadsnämnden",
    "date": "2026-04-21",
    "paragraph": 32,
    "title": "Utställning av detaljplan för Bostäder på västra Asperö inom stadsdelen Styrsö",
    "fastighet": null,
    "pdf_url": "https://goteborg.se/wps/portal/start/kommun-och-politik/handlingar-och-protokoll/namndhandlingar/valj-namnd-och-ar/!ut/p/z1/jZDBDoIwDIafxnO7gTMe54xiIsKCRraLGToJiUwDxESeXsCzhF6av_2-HgoaUtDOvIvcNMXTmUeXlWaXHaeC-D6hwTxeIxOh5CsZ7ULiwXkAQioYCZBGW7HcIEO5ljJeIEYe6Ck-_imO0_wRQI-fV52_-OvvPUhAgzbX_h-g7sWjsVU_qR2vQFGk7JcOpnQ3UEljbnX2yXPXdTcjwpsR7ncr6wauaGxscgsK4VWeTml7tFlr1RdDZCY3/p0/IZ7_IA2C14412H5PD06CMQABQOIML3=CZ6_IA2C14412H5PD06CMQABQOIM13=MKPbYPlw=GC=/",
    "filename": "goteborg-sbn-2026-04-21-32"
   }
  },
  {
   "type": "Feature",
   "geometry": {
    "type": "Point",
    "coordinates": [
     11.991365668699212,
     57.69488186801497
    ]
   },
   "properties": {
    "kommun": "Göteborg",
    "namnd": "Stadsbyggnadsnämnden",
    "date": "2026-04-21",
    "paragraph": 33,
    "title": "Samråd om detaljplan för förskola och skola vid Södra Särövägen (Lindås 1:133 med flera) inom stadsdelen Askim",
    "fastighet": "Lindås 1:133",
    "pdf_url": "https://goteborg.se/wps/portal/start/kommun-och-politik/handlingar-och-protokoll/namndhandlingar/valj-namnd-och-ar/!ut/p/z1/jZDBDoIwDIafxnO7gTMe54xiIsKCRraLGToJiUwDxESeXsCzhF6av_2-HgoaUtDOvIvcNMXTmUeXlWaXHaeC-D6hwTxeIxOh5CsZ7ULiwXkAQioYCZBGW7HcIEO5ljJeIEYe6Ck-_imO0_wRQI-fV52_-OvvPUhAgzbX_h-g7sWjsVU_qR2vQFGk7JcOpnQ3UEljbnX2yXPXdTcjwpsR7ncr6wauaGxscgsK4VWeTml7tFlr1RdDZCY3/p0/IZ7_IA2C14412H5PD06CMQABQOIML3=CZ6_IA2C14412H5PD06CMQABQOIM13=MKPbYPlw=GC=/",
    "filename": "goteborg-sbn-2026-04-21-33"
   }
  },
  {
   "type": "Feature",
   "geometry": {
    "type": "Point",
    "coordinates": [
     11.940402721358472,
     57.70414169856637
    ]
   },
   "properties": {
    "kommun": "Göteborg",
    "namnd": "Stadsbyggnadsnämnden",
    "date": "2026-04-21",
    "paragraph": 34,
    "title": "Uppdrag och samråd för detaljplan för bostäder vid Torslanda prästgård inom stadsdelen Torslanda",
    "fastighet": null,
    "pdf_url": "https://goteborg.se/wps/portal/start/kommun-och-politik/handlingar-och-protokoll/namndhandlingar/valj-namnd-och-ar/!ut/p/z1/jZDBDoIwDIafxnO7gTMe54xiIsKCRraLGToJiUwDxESeXsCzhF6av_2-HgoaUtDOvIvcNMXTmUeXlWaXHaeC-D6hwTxeIxOh5CsZ7ULiwXkAQioYCZBGW7HcIEO5ljJeIEYe6Ck-_imO0_wRQI-fV52_-OvvPUhAgzbX_h-g7sWjsVU_qR2vQFGk7JcOpnQ3UEljbnX2yXPXdTcjwpsR7ncr6wauaGxscgsK4VWeTml7tFlr1RdDZCY3/p0/IZ7_IA2C14412H5PD06CMQABQOIML3=CZ6_IA2C14412H5PD06CMQABQOIM13=MKPbYPlw=GC=/",
    "filename": "goteborg-sbn-2026-04-21-34"
   }
  },
  {
   "type": "Feature",
   "geometry": {
    "type": "Point",
    "coordinates": [
     11.952079114357613,
     57.706103172551636
    ]
   },
   "properties": {
    "kommun": "Göteborg",
    "namnd": "Stadsbyggnadsnämnden",
    "date": "2026-04-21",
    "paragraph": 35,
    "title": "Planbesked för utökad tennishall vid Växelmyntsgatan (Järnbrott 758:66) inom stadsdelen Järnbrott",
    "fastighet": "Järnbrott 758:66",
    "pdf_url": "https://goteborg.se/wps/portal/start/kommun-och-politik/handlingar-och-protokoll/namndhandlingar/valj-namnd-och-ar/!ut/p/z1/jZDBDoIwDIafxnO7gTMe54xiIsKCRraLGToJiUwDxESeXsCzhF6av_2-HgoaUtDOvIvcNMXTmUeXlWaXHaeC-D6hwTxeIxOh5CsZ7ULiwXkAQioYCZBGW7HcIEO5ljJeIEYe6Ck-_imO0_wRQI-fV52_-OvvPUhAgzbX_h-g7sWjsVU_qR2vQFGk7JcOpnQ3UEljbnX2yXPXdTcjwpsR7ncr6wauaGxscgsK4VWeTml7tFlr1RdDZCY3/p0/IZ7_IA2C14412H5PD06CMQABQOIML3=CZ6_IA2C14412H5PD06CMQABQOIM13=MKPbYPlw=GC=/",
    "filename": "goteborg-sbn-2026-04-21-35"
   }
  },
  {
   "type": "Feature",
   "geometry": {
    "type": "Point",
    "coordinates": [
     11.988359956203862,
     57.70111149870106
    ]
   },
   "properties": {
    "kommun": "Göteborg",
    "namnd": "Stadsbyggnadsnämnden",
    "date": "2026-04-21",
    "paragraph": 36,
    "title": "Planbesked för bostäder vid Norra Krokslättsgatan (Krokslätt 1:9 och 1:10) inom stadsdelen Krokslätt",
    "fastighet": "Krokslätt 1:9",
    "pdf_url": "https://goteborg.se/wps/portal/start/kommun-och-politik/handlingar-och-protokoll/namndhandlingar/valj-namnd-och-ar/!ut/p/z1/jZDBDoIwDIafxnO7gTMe54xiIsKCRraLGToJiUwDxESeXsCzhF6av_2-HgoaUtDOvIvcNMXTmUeXlWaXHaeC-D6hwTxeIxOh5CsZ7ULiwXkAQioYCZBGW7HcIEO5ljJeIEYe6Ck-_imO0_wRQI-fV52_-OvvPUhAgzbX_h-g7sWjsVU_qR2vQFGk7JcOpnQ3UEljbnX2yXPXdTcjwpsR7ncr6wauaGxscgsK4VWeTml7tFlr1RdDZCY3/p0/IZ7_IA2C14412H5PD06CMQABQOIML3=CZ6_IA2C14412H5PD06CMQABQOIM13=MKPbYPlw=GC=/",
    "filename": "goteborg-sbn-2026-04-21-36"
   }
  },
  {
   "type": "Feature",
   "geometry": {
    "type": "Point",
    "coordinates": [
     11.949119552395034,
     57.698964163513544
    ]
   },
   "properties": {
    "kommun": "Göteborg",
    "namnd": "Stadsbyggnadsnämnden",
    "date": "2026-04-21",
    "paragraph": 37,
    "title": "Planbesked för seniorbostäder vid Knivsmedsgatan (Utby 86:1, 86:2) inom stadsdelen Utby",
    "fastighet": "Utby 86:1",
    "pdf_url": "https://goteborg.se/wps/portal/start/kommun-och-politik/handlingar-och-protokoll/namndhandlingar/valj-namnd-och-ar/!ut/p/z1/jZDBDoIwDIafxnO7gTMe54xiIsKCRraLGToJiUwDxESeXsCzhF6av_2-HgoaUtDOvIvcNMXTmUeXlWaXHaeC-D6hwTxeIxOh5CsZ7ULiwXkAQioYCZBGW7HcIEO5ljJeIEYe6Ck-_imO0_wRQI-fV52_-OvvPUhAgzbX_h-g7sWjsVU_qR2vQFGk7JcOpnQ3UEljbnX2yXPXdTcjwpsR7ncr6wauaGxscgsK4VWeTml7tFlr1RdDZCY3/p0/IZ7_IA2C14412H5PD06CMQABQOIML3=CZ6_IA2C14412H5PD06CMQABQOIM13=MKPbYPlw=GC=/",
    "filename": "goteborg-sbn-2026-04-21-37"
   }
  },
  {
   "type": "Feature",
   "geometry": {
    "type": "Point",
    "coordinates": [
     11.978137340953113,
     57.699388572640004
    ]
   },
   "properties": {
    "kommun": "Göteborg",
    "namnd": "Stadsbyggnadsnämnden",
    "date": "2026-04-21",
    "paragraph": 38,
    "title": "Förenklat stadsutvecklingsförslag för bostäder och verksamheter vid Skeppsbron inom stadsdelen Inom Vallgraven",
    "fastighet": null,
    "pdf_url": "https://goteborg.se/wps/portal/start/kommun-och-politik/handlingar-och-protokoll/namndhandlingar/valj-namnd-och-ar/!ut/p/z1/jZDBDoIwDIafxnO7gTMe54xiIsKCRraLGToJiUwDxESeXsCzhF6av_2-HgoaUtDOvIvcNMXTmUeXlWaXHaeC-D6hwTxeIxOh5CsZ7ULiwXkAQioYCZBGW7HcIEO5ljJeIEYe6Ck-_imO0_wRQI-fV52_-OvvPUhAgzbX_h-g7sWjsVU_qR2vQFGk7JcOpnQ3UEljbnX2yXPXdTcjwpsR7ncr6wauaGxscgsK4VWeTml7tFlr1RdDZCY3/p0/IZ7_IA2C14412H5PD06CMQABQOIML3=CZ6_IA2C14412H5PD06CMQABQOIM13=MKPbYPlw=GC=/",
    "filename": "goteborg-sbn-2026-04-21-38"
   }
  },
  {
   "type": "Feature",
   "geometry": {
    "type": "Point",
    "coordinates": [
     11.964950593536928,
     57.71123116650682
    ]
   },
   "properties": {
    "kommun": "Göteborg",
    "namnd": "Stadsbyggnadsnämnden",
    "date": "2026-04-21",
    "paragraph": 39,
    "title": "Inriktningsbeslut avseende detaljplan för bostäder och förskola vid Skra Bro etapp 2 inom stadsdelen Björlanda",
    "fastighet": null,
    "pdf_url": "https://goteborg.se/wps/portal/start/kommun-och-politik/handlingar-och-protokoll/namndhandlingar/valj-namnd-och-ar/!ut/p/z1/jZDBDoIwDIafxnO7gTMe54xiIsKCRraLGToJiUwDxESeXsCzhF6av_2-HgoaUtDOvIvcNMXTmUeXlWaXHaeC-D6hwTxeIxOh5CsZ7ULiwXkAQioYCZBGW7HcIEO5ljJeIEYe6Ck-_imO0_wRQI-fV52_-OvvPUhAgzbX_h-g7sWjsVU_qR2vQFGk7JcOpnQ3UEljbnX2yXPXdTcjwpsR7ncr6wauaGxscgsK4VWeTml7tFlr1RdDZCY3/p0/IZ7_IA2C14412H5PD06CMQABQOIML3=CZ6_IA2C14412H5PD06CMQABQOIM13=MKPbYPlw=GC=/",
    "filename": "goteborg-sbn-2026-04-21-39"
   }
  },
  {
   "type": "Feature",
   "geometry": {
    "type": "Point",
    "coordinates": [
     11.937103385769273,
     57.704838126755384
    ]
   },
   "properties": {
    "kommun": "Göteborg",
    "namnd": "Stadsbyggnadsnämnden",
    "date": "2026-04-21",
    "paragraph": 40,
    "title": "Samråd om program för Lindholmen inom stadsdelarna Lundbyvassen och Lindholmen",
    "fastighet": null,
    "pdf_url": "https://goteborg.se/wps/portal/start/kommun-och-politik/handlingar-och-protokoll/namndhandlingar/valj-namnd-och-ar/!ut/p/z1/jZDBDoIwDIafxnO7gTMe54xiIsKCRraLGToJiUwDxESeXsCzhF6av_2-HgoaUtDOvIvcNMXTmUeXlWaXHaeC-D6hwTxeIxOh5CsZ7ULiwXkAQioYCZBGW7HcIEO5ljJeIEYe6Ck-_imO0_wRQI-fV52_-OvvPUhAgzbX_h-g7sWjsVU_qR2vQFGk7JcOpnQ3UEljbnX2yXPXdTcjwpsR7ncr6wauaGxscgsK4VWeTml7tFlr1RdDZCY3/p0/IZ7_IA2C14412H5PD06CMQABQOIML3=CZ6_IA2C14412H5PD06CMQABQOIM13=MKPbYPlw=GC=/",
    "filename": "goteborg-sbn-2026-04-21-40"
   }
  },
  {
   "type": "Feature",
   "geometry": {
    "type": "Point",
    "coordinates": [
     11.954395511342227,
     57.71896339685852
    ]
   },
   "properties": {
    "kommun": "Göteborg",
    "namnd": "Stadsbyggnadsnämnden",
    "date": "2026-04-21",
    "paragraph": 41,
    "title": "Granskning av detaljplan för förskola och bostäder vid Köpenhamnsgatan (Bräcke 729:179) inom stadsdelen Bräcke",
    "fastighet": "Bräcke 729:179",
    "pdf_url": "https://goteborg.se/wps/portal/start/kommun-och-politik/handlingar-och-protokoll/namndhandlingar/valj-namnd-och-ar/!ut/p/z1/jZDBDoIwDIafxnO7gTMe54xiIsKCRraLGToJiUwDxESeXsCzhF6av_2-HgoaUtDOvIvcNMXTmUeXlWaXHaeC-D6hwTxeIxOh5CsZ7ULiwXkAQioYCZBGW7HcIEO5ljJeIEYe6Ck-_imO0_wRQI-fV52_-OvvPUhAgzbX_h-g7sWjsVU_qR2vQFGk7JcOpnQ3UEljbnX2yXPXdTcjwpsR7ncr6wauaGxscgsK4VWeTml7tFlr1RdDZCY3/p0/IZ7_IA2C14412H5PD06CMQABQOIML3=CZ6_IA2C14412H5PD06CMQABQOIM13=MKPbYPlw=GC=/",
    "filename": "goteborg-sbn-2026-04-21-41"
   }
  },
  {
   "type": "Feature",
   "geometry": {
    "type": "Point",
    "coordinates": [
     11.960777601795597,
     57.711112054226085
    ]
   },
   "properties": {
    "kommun": "Göteborg",
    "namnd": "Stadsbyggnadsnämnden",
    "date": "2026-04-21",
    "paragraph": 42,
    "title": "Svar på motion - Säkra Säve flygplats genom byte av mark",
    "fastighet": null,
    "pdf_url": "https://goteborg.se/wps/portal/start/kommun-och-politik/handlingar-och-protokoll/namndhandlingar/valj-namnd-och-ar/!ut/p/z1/jZDBDoIwDIafxnO7gTMe54xiIsKCRraLGToJiUwDxESeXsCzhF6av_2-HgoaUtDOvIvcNMXTmUeXlWaXHaeC-D6hwTxeIxOh5CsZ7ULiwXkAQioYCZBGW7HcIEO5ljJeIEYe6Ck-_imO0_wRQI-fV52_-OvvPUhAgzbX_h-g7sWjsVU_qR2vQFGk7JcOpnQ3UEljbnX2yXPXdTcjwpsR7ncr6wauaGxscgsK4VWeTml7tFlr1RdDZCY3/p0/IZ7_IA2C14412H5PD06CMQABQOIML3=CZ6_IA2C14412H5PD06CMQABQOIM13=MKPbYPlw=GC=/",
    "filename": "goteborg-sbn-2026-04-21-42"
   }
  },
  {
   "type": "Feature",
   "geometry": {
    "type": "Point",
    "coordinates": [
     11.986841547018633,
     57.72186588331787
    ]
   },
   "properties": {
    "kommun": "Göteborg",
    "namnd": "Stadsbyggnadsnämnden",
    "date": "2026-04-21",
    "paragraph": 68,
    "title": "Svar på motion om att Göteborgs Stads enprocentregel för konstgestaltning även ska omfatta byggnadshantverk",
    "fastighet": null,
    "pdf_url": "https://goteborg.se/wps/portal/start/kommun-och-politik/handlingar-och-protokoll/namndhandlingar/valj-namnd-och-ar/!ut/p/z1/jZDBDoIwDIafxnO7gTMe54xiIsKCRraLGToJiUwDxESeXsCzhF6av_2-HgoaUtDOvIvcNMXTmUeXlWaXHaeC-D6hwTxeIxOh5CsZ7ULiwXkAQioYCZBGW7HcIEO5ljJeIEYe6Ck-_imO0_wRQI-fV52_-OvvPUhAgzbX_h-g7sWjsVU_qR2vQFGk7JcOpnQ3UEljbnX2yXPXdTcjwpsR7ncr6wauaGxscgsK4VWeTml7tFlr1RdDZCY3/p0/IZ7_IA2C14412H5PD06CMQABQOIML3=CZ6_IA2C14412H5PD06CMQABQOIM13=MKPbYPlw=GC=/",
    "filename": "goteborg-sbn-2026-04-21-68"
   }
  },
  {
   "type": "Feature",
   "geometry": {
    "type": "Point",
    "coordinates": [
     11.953085163951432,
     57.70624177692327
    ]
   },
   "properties": {
    "kommun": "Göteborg",
    "namnd": "Stadsbyggnadsnämnden",
    "date": "2026-04-21",
    "paragraph": 81,
    "title": "Anmälan av delegationsbeslut 2026-04-21",
    "fastighet": null,
    "pdf_url": "https://goteborg.se/wps/portal/start/kommun-och-politik/handlingar-och-protokoll/namndhandlingar/valj-namnd-och-ar/!ut/p/z1/jZDBDoIwDIafxnO7gTMe54xiIsKCRraLGToJiUwDxESeXsCzhF6av_2-HgoaUtDOvIvcNMXTmUeXlWaXHaeC-D6hwTxeIxOh5CsZ7ULiwXkAQioYCZBGW7HcIEO5ljJeIEYe6Ck-_imO0_wRQI-fV52_-OvvPUhAgzbX_h-g7sWjsVU_qR2vQFGk7JcOpnQ3UEljbnX2yXPXdTcjwpsR7ncr6wauaGxscgsK4VWeTml7tFlr1RdDZCY3/p0/IZ7_IA2C14412H5PD06CMQABQOIML3=CZ6_IA2C14412H5PD06CMQABQOIM13=MKPbYPlw=GC=/",
    "filename": "goteborg-sbn-2026-04-21-81"
   }
  },
  {
   "type": "Feature",
   "geometry": {
    "type": "Point",
    "coordinates": [
     11.976950646062525,
     57.69533668309994
    ]
   },
   "properties": {
    "kommun": "Göteborg",
    "namnd": "Stadsbyggnadsnämnden",
    "date": "2026-04-21",
    "paragraph": 86,
    "title": "Information inför beslut om tillstyrkande av detaljplan för bostäder vid Långedrags båtvarv inom stadsdelen Älvsborg",
    "fastighet": null,
    "pdf_url": "https://goteborg.se/wps/portal/start/kommun-och-politik/handlingar-och-protokoll/namndhandlingar/valj-namnd-och-ar/!ut/p/z1/jZDBDoIwDIafxnO7gTMe54xiIsKCRraLGToJiUwDxESeXsCzhF6av_2-HgoaUtDOvIvcNMXTmUeXlWaXHaeC-D6hwTxeIxOh5CsZ7ULiwXkAQioYCZBGW7HcIEO5ljJeIEYe6Ck-_imO0_wRQI-fV52_-OvvPUhAgzbX_h-g7sWjsVU_qR2vQFGk7JcOpnQ3UEljbnX2yXPXdTcjwpsR7ncr6wauaGxscgsK4VWeTml7tFlr1RdDZCY3/p0/IZ7_IA2C14412H5PD06CMQABQOIML3=CZ6_IA2C14412H5PD06CMQABQOIM13=MKPbYPlw=GC=/",
    "filename": "goteborg-sbn-2026-04-21-86"
   }
  },
  {
   "type": "Feature",
   "geometry": {
    "type": "Point",
    "coordinates": [
     12.009794153936804,
     57.70051027594382
    ]
   },
   "properties": {
    "kommun": "Göteborg",
    "namnd": "Stadsbyggnadsnämnden",
    "date": "2026-04-21",
    "paragraph": 87,
    "title": "Information till stadsbyggnadsnämnden om ny riktlinje om personsäkerhet för förtroendevalda",
    "fastighet": null,
    "pdf_url": "https://goteborg.se/wps/portal/start/kommun-och-politik/handlingar-och-protokoll/namndhandlingar/valj-namnd-och-ar/!ut/p/z1/jZDBDoIwDIafxnO7gTMe54xiIsKCRraLGToJiUwDxESeXsCzhF6av_2-HgoaUtDOvIvcNMXTmUeXlWaXHaeC-D6hwTxeIxOh5CsZ7ULiwXkAQioYCZBGW7HcIEO5ljJeIEYe6Ck-_imO0_wRQI-fV52_-OvvPUhAgzbX_h-g7sWjsVU_qR2vQFGk7JcOpnQ3UEljbnX2yXPXdTcjwpsR7ncr6wauaGxscgsK4VWeTml7tFlr1RdDZCY3/p0/IZ7_IA2C14412H5PD06CMQABQOIML3=CZ6_IA2C14412H5PD06CMQABQOIM13=MKPbYPlw=GC=/",
    "filename": "goteborg-sbn-2026-04-21-87"
   }
  },
  {
   "type": "Feature",
   "geometry": {
    "type": "Point",
    "coordinates": [
     11.991695362598165,
     57.717011572702425
    ]
   },
   "properties": {
    "kommun": "Göteborg",
    "namnd": "Stadsbyggnadsnämnden",
    "date": "2026-04-21",
    "paragraph": 88,
    "title": "Information om slutsamråd i bygglov med koppling till flerbostadshus med bostadsrätter",
    "fastighet": null,
    "pdf_url": "https://goteborg.se/wps/portal/start/kommun-och-politik/handlingar-och-protokoll/namndhandlingar/valj-namnd-och-ar/!ut/p/z1/jZDBDoIwDIafxnO7gTMe54xiIsKCRraLGToJiUwDxESeXsCzhF6av_2-HgoaUtDOvIvcNMXTmUeXlWaXHaeC-D6hwTxeIxOh5CsZ7ULiwXkAQioYCZBGW7HcIEO5ljJeIEYe6Ck-_imO0_wRQI-fV52_-OvvPUhAgzbX_h-g7sWjsVU_qR2vQFGk7JcOpnQ3UEljbnX2yXPXdTcjwpsR7ncr6wauaGxscgsK4VWeTml7tFlr1RdDZCY3/p0/IZ7_IA2C14412H5PD06CMQABQOIML3=CZ6_IA2C14412H5PD06CMQABQOIM13=MKPbYPlw=GC=/",
    "filename": "goteborg-sbn-2026-04-21-88"
   }
  },
  {
   "type": "Feature",
   "geometry": {
    "type": "Point",
    "coordinates": [
     11.977079984412184,
     57.69688400429014
    ]
   },
   "properties": {
    "kommun": "Göteborg",
    "namnd": "Stadsbyggnadsnämnden",
    "date": "2026-04-21",
    "paragraph": 83,
    "title": "Årlig granskning stadsbyggnadsnämnden",
    "fastighet": null,
    "pdf_url": "https://goteborg.se/wps/portal/start/kommun-och-politik/handlingar-och-protokoll/namndhandlingar/valj-namnd-och-ar/!ut/p/z1/jZDBDoIwDIafxnO7gTMe54xiIsKCRraLGToJiUwDxESeXsCzhF6av_2-HgoaUtDOvIvcNMXTmUeXlWaXHaeC-D6hwTxeIxOh5CsZ7ULiwXkAQioYCZBGW7HcIEO5ljJeIEYe6Ck-_imO0_wRQI-fV52_-OvvPUhAgzbX_h-g7sWjsVU_qR2vQFGk7JcOpnQ3UEljbnX2yXPXdTcjwpsR7ncr6wauaGxscgsK4VWeTml7tFlr1RdDZCY3/p0/IZ7_IA2C14412H5PD06CMQABQOIML3=CZ6_IA2C14412H5PD06CMQABQOIM13=MKPbYPlw=GC=/",
    "filename": "goteborg-sbn-2026-04-21-83"
   }
  },
  {
   "type": "Feature",
   "geometry": {
    "type": "Point",
    "coordinates": [
     11.987487498389665,
     57.71319528731176
    ]
   },
   "properties": {
    "kommun": "Göteborg",
    "namnd": "Stadsbyggnadsnämnden",
    "date": "2026-03-24",
    "paragraph": 70,
    "title": "Information om uppdraget att inventera samtliga godkända planbeskedsansökningar som innehåller minst 50 småhus och/eller andra bostäder och under hösten 2025 redovisa förutsättningarna för att påbörja detaljplanearbete",
    "fastighet": null,
    "pdf_url": "https://goteborg.se/wps/portal/start/kommun-och-politik/handlingar-och-protokoll/namndhandlingar/valj-namnd-och-ar/!ut/p/z1/jZDBDoIwDIafxnO7gTMe54xiIsKCRraLGToJiUwDxESeXsCzhF6av_2-HgoaUtDOvIvcNMXTmUeXlWaXHaeC-D6hwTxeIxOh5CsZ7ULiwXkAQioYCZBGW7HcIEO5ljJeIEYe6Ck-_imO0_wRQI-fV52_-OvvPUhAgzbX_h-g7sWjsVU_qR2vQFGk7JcOpnQ3UEljbnX2yXPXdTcjwpsR7ncr6wauaGxscgsK4VWeTml7tFlr1RdDZCY3/p0/IZ7_IA2C14412H5PD06CMQABQOIML3=CZ6_IA2C14412H5PD06CMQABQOIM13=MKPbYPlw=GD=/",
    "filename": "goteborg-sbn-2026-03-24-70"
   }
  },
  {
   "type": "Feature",
   "geometry": {
    "type": "Point",
    "coordinates": [
     11.985670292677863,
     57.71419592013837
    ]
   },
   "properties": {
    "kommun": "Göteborg",
    "namnd": "Stadsbyggnadsnämnden",
    "date": "2026-03-24",
    "paragraph": 72,
    "title": "Information om uppföljning av trafik och resandeutvecklingen 2025",
    "fastighet": null,
    "pdf_url": "https://goteborg.se/wps/portal/start/kommun-och-politik/handlingar-och-protokoll/namndhandlingar/valj-namnd-och-ar/!ut/p/z1/jZDBDoIwDIafxnO7gTMe54xiIsKCRraLGToJiUwDxESeXsCzhF6av_2-HgoaUtDOvIvcNMXTmUeXlWaXHaeC-D6hwTxeIxOh5CsZ7ULiwXkAQioYCZBGW7HcIEO5ljJeIEYe6Ck-_imO0_wRQI-fV52_-OvvPUhAgzbX_h-g7sWjsVU_qR2vQFGk7JcOpnQ3UEljbnX2yXPXdTcjwpsR7ncr6wauaGxscgsK4VWeTml7tFlr1RdDZCY3/p0/IZ7_IA2C14412H5PD06CMQABQOIML3=CZ6_IA2C14412H5PD06CMQABQOIM13=MKPbYPlw=GD=/",
    "filename": "goteborg-sbn-2026-03-24-72"
   }
  },
  {
   "type": "Feature",
   "geometry": {
    "type": "Point",
    "coordinates": [
     11.968559713300309,
     57.71043599681258
    ]
   },
   "properties": {
    "kommun": "Göteborg",
    "namnd": "Stadsbyggnadsnämnden",
    "date": "2026-03-24",
    "paragraph": 73,
    "title": "Information om program för hållbart resande: Strategisk gatuutveckling och semipermanenta åtgärder",
    "fastighet": null,
    "pdf_url": "https://goteborg.se/wps/portal/start/kommun-och-politik/handlingar-och-protokoll/namndhandlingar/valj-namnd-och-ar/!ut/p/z1/jZDBDoIwDIafxnO7gTMe54xiIsKCRraLGToJiUwDxESeXsCzhF6av_2-HgoaUtDOvIvcNMXTmUeXlWaXHaeC-D6hwTxeIxOh5CsZ7ULiwXkAQioYCZBGW7HcIEO5ljJeIEYe6Ck-_imO0_wRQI-fV52_-OvvPUhAgzbX_h-g7sWjsVU_qR2vQFGk7JcOpnQ3UEljbnX2yXPXdTcjwpsR7ncr6wauaGxscgsK4VWeTml7tFlr1RdDZCY3/p0/IZ7_IA2C14412H5PD06CMQABQOIML3=CZ6_IA2C14412H5PD06CMQABQOIM13=MKPbYPlw=GD=/",
    "filename": "goteborg-sbn-2026-03-24-73"
   }
  },
  {
   "type": "Feature",
   "geometry": {
    "type": "Point",
    "coordinates": [
     11.955509300957678,
     57.70289372103061
    ]
   },
   "properties": {
    "kommun": "Göteborg",
    "namnd": "Stadsbyggnadsnämnden",
    "date": "2026-03-24",
    "paragraph": 6,
    "title": "Ekonomisk uppföljning och prognos februari 2026",
    "fastighet": null,
    "pdf_url": "https://goteborg.se/wps/portal/start/kommun-och-politik/handlingar-och-protokoll/namndhandlingar/valj-namnd-och-ar/!ut/p/z1/jZDBDoIwDIafxnO7gTMe54xiIsKCRraLGToJiUwDxESeXsCzhF6av_2-HgoaUtDOvIvcNMXTmUeXlWaXHaeC-D6hwTxeIxOh5CsZ7ULiwXkAQioYCZBGW7HcIEO5ljJeIEYe6Ck-_imO0_wRQI-fV52_-OvvPUhAgzbX_h-g7sWjsVU_qR2vQFGk7JcOpnQ3UEljbnX2yXPXdTcjwpsR7ncr6wauaGxscgsK4VWeTml7tFlr1RdDZCY3/p0/IZ7_IA2C14412H5PD06CMQABQOIML3=CZ6_IA2C14412H5PD06CMQABQOIM13=MKPbYPlw=GD=/",
    "filename": "goteborg-sbn-2026-03-24-06"
   }
  },
  {
   "type": "Feature",
   "geometry": {
    "type": "Point",
    "coordinates": [
     11.969581260587542,
     57.71225841826788
    ]
   },
   "properties": {
    "kommun": "Göteborg",
    "namnd": "Stadsbyggnadsnämnden",
    "date": "2026-03-24",
    "paragraph": 7,
    "title": "Stadsbyggnadsnämndens taxa 2027",
    "fastighet": null,
    "pdf_url": "https://goteborg.se/wps/portal/start/kommun-och-politik/handlingar-och-protokoll/namndhandlingar/valj-namnd-och-ar/!ut/p/z1/jZDBDoIwDIafxnO7gTMe54xiIsKCRraLGToJiUwDxESeXsCzhF6av_2-HgoaUtDOvIvcNMXTmUeXlWaXHaeC-D6hwTxeIxOh5CsZ7ULiwXkAQioYCZBGW7HcIEO5ljJeIEYe6Ck-_imO0_wRQI-fV52_-OvvPUhAgzbX_h-g7sWjsVU_qR2vQFGk7JcOpnQ3UEljbnX2yXPXdTcjwpsR7ncr6wauaGxscgsK4VWeTml7tFlr1RdDZCY3/p0/IZ7_IA2C14412H5PD06CMQABQOIML3=CZ6_IA2C14412H5PD06CMQABQOIM13=MKPbYPlw=GD=/",
    "filename": "goteborg-sbn-2026-03-24-07"
   }
  },
  {
   "type": "Feature",
   "geometry": {
    "type": "Point",
    "coordinates": [
     11.98574611712318,
     57.70542294886216
    ]
   },
   "properties": {
    "kommun": "Göteborg",
    "namnd": "Stadsbyggnadsnämnden",
    "date": "2026-03-24",
    "paragraph": 8,
    "title": "Kontrollplan för dataskyddsarbetet 2026–2027",
    "fastighet": null,
    "pdf_url": "https://goteborg.se/wps/portal/start/kommun-och-politik/handlingar-och-protokoll/namndhandlingar/valj-namnd-och-ar/!ut/p/z1/jZDBDoIwDIafxnO7gTMe54xiIsKCRraLGToJiUwDxESeXsCzhF6av_2-HgoaUtDOvIvcNMXTmUeXlWaXHaeC-D6hwTxeIxOh5CsZ7ULiwXkAQioYCZBGW7HcIEO5ljJeIEYe6Ck-_imO0_wRQI-fV52_-OvvPUhAgzbX_h-g7sWjsVU_qR2vQFGk7JcOpnQ3UEljbnX2yXPXdTcjwpsR7ncr6wauaGxscgsK4VWeTml7tFlr1RdDZCY3/p0/IZ7_IA2C14412H5PD06CMQABQOIML3=CZ6_IA2C14412H5PD06CMQABQOIM13=MKPbYPlw=GD=/",
    "filename": "goteborg-sbn-2026-03-24-08"
   }
  },
  {
   "type": "Feature",
   "geometry": {
    "type": "Point",
    "coordinates": [
     11.973920224903837,
     57.724349355792164
    ]
   },
   "properties": {
    "kommun": "Göteborg",
    "namnd": "Stadsbyggnadsnämnden",
    "date": "2026-03-24",
    "paragraph": 9,
    "title": "Överenskommelse med stadsfastighetsnämnden om hantering av stadsbyggnadsnämndens post i Traktören",
    "fastighet": null,
    "pdf_url": "https://goteborg.se/wps/portal/start/kommun-och-politik/handlingar-och-protokoll/namndhandlingar/valj-namnd-och-ar/!ut/p/z1/jZDBDoIwDIafxnO7gTMe54xiIsKCRraLGToJiUwDxESeXsCzhF6av_2-HgoaUtDOvIvcNMXTmUeXlWaXHaeC-D6hwTxeIxOh5CsZ7ULiwXkAQioYCZBGW7HcIEO5ljJeIEYe6Ck-_imO0_wRQI-fV52_-OvvPUhAgzbX_h-g7sWjsVU_qR2vQFGk7JcOpnQ3UEljbnX2yXPXdTcjwpsR7ncr6wauaGxscgsK4VWeTml7tFlr1RdDZCY3/p0/IZ7_IA2C14412H5PD06CMQABQOIML3=CZ6_IA2C14412H5PD06CMQABQOIM13=MKPbYPlw=GD=/",
    "filename": "goteborg-sbn-2026-03-24-09"
   }
  },
  {
   "type": "Feature",
   "geometry": {
    "type": "Point",
    "coordinates": [
     12.009638514590216,
     57.710769642403164
    ]
   },
   "properties": {
    "kommun": "Göteborg",
    "namnd": "Stadsbyggnadsnämnden",
    "date": "2026-03-24",
    "paragraph": 10,
    "title": "Granskning av ändring av översiktsplan för Göteborg",
    "fastighet": null,
    "pdf_url": "https://goteborg.se/wps/portal/start/kommun-och-politik/handlingar-och-protokoll/namndhandlingar/valj-namnd-och-ar/!ut/p/z1/jZDBDoIwDIafxnO7gTMe54xiIsKCRraLGToJiUwDxESeXsCzhF6av_2-HgoaUtDOvIvcNMXTmUeXlWaXHaeC-D6hwTxeIxOh5CsZ7ULiwXkAQioYCZBGW7HcIEO5ljJeIEYe6Ck-_imO0_wRQI-fV52_-OvvPUhAgzbX_h-g7sWjsVU_qR2vQFGk7JcOpnQ3UEljbnX2yXPXdTcjwpsR7ncr6wauaGxscgsK4VWeTml7tFlr1RdDZCY3/p0/IZ7_IA2C14412H5PD06CMQABQOIML3=CZ6_IA2C14412H5PD06CMQABQOIM13=MKPbYPlw=GD=/",
    "filename": "goteborg-sbn-2026-03-24-10"
   }
  },
  {
   "type": "Feature",
   "geometry": {
    "type": "Point",
    "coordinates": [
     12.003823890488482,
     57.69659381802665
    ]
   },
   "properties": {
    "kommun": "Göteborg",
    "namnd": "Stadsbyggnadsnämnden",
    "date": "2026-03-24",
    "paragraph": 11,
    "title": "Uppdrag att ta fram en tydlig plan för vilken kommunal industrimark som är möjlig att projektutveckla, planlägga och markanvisa",
    "fastighet": null,
    "pdf_url": "https://goteborg.se/wps/portal/start/kommun-och-politik/handlingar-och-protokoll/namndhandlingar/valj-namnd-och-ar/!ut/p/z1/jZDBDoIwDIafxnO7gTMe54xiIsKCRraLGToJiUwDxESeXsCzhF6av_2-HgoaUtDOvIvcNMXTmUeXlWaXHaeC-D6hwTxeIxOh5CsZ7ULiwXkAQioYCZBGW7HcIEO5ljJeIEYe6Ck-_imO0_wRQI-fV52_-OvvPUhAgzbX_h-g7sWjsVU_qR2vQFGk7JcOpnQ3UEljbnX2yXPXdTcjwpsR7ncr6wauaGxscgsK4VWeTml7tFlr1RdDZCY3/p0/IZ7_IA2C14412H5PD06CMQABQOIML3=CZ6_IA2C14412H5PD06CMQABQOIM13=MKPbYPlw=GD=/",
    "filename": "goteborg-sbn-2026-03-24-11"
   }
  },
  {
   "type": "Feature",
   "geometry": {
    "type": "Point",
    "coordinates": [
     11.939253995118833,
     57.703880196209795
    ]
   },
   "properties": {
    "kommun": "Göteborg",
    "namnd": "Stadsbyggnadsnämnden",
    "date": "2026-03-24",
    "paragraph": 12,
    "title": "Val av område för fortsatt arbete med bildande av naturreservat",
    "fastighet": null,
    "pdf_url": "https://goteborg.se/wps/portal/start/kommun-och-politik/handlingar-och-protokoll/namndhandlingar/valj-namnd-och-ar/!ut/p/z1/jZDBDoIwDIafxnO7gTMe54xiIsKCRraLGToJiUwDxESeXsCzhF6av_2-HgoaUtDOvIvcNMXTmUeXlWaXHaeC-D6hwTxeIxOh5CsZ7ULiwXkAQioYCZBGW7HcIEO5ljJeIEYe6Ck-_imO0_wRQI-fV52_-OvvPUhAgzbX_h-g7sWjsVU_qR2vQFGk7JcOpnQ3UEljbnX2yXPXdTcjwpsR7ncr6wauaGxscgsK4VWeTml7tFlr1RdDZCY3/p0/IZ7_IA2C14412H5PD06CMQABQOIML3=CZ6_IA2C14412H5PD06CMQABQOIM13=MKPbYPlw=GD=/",
    "filename": "goteborg-sbn-2026-03-24-12"
   }
  },
  {
   "type": "Feature",
   "geometry": {
    "type": "Point",
    "coordinates": [
     11.978655373757846,
     57.71519013091581
    ]
   },
   "properties": {
    "kommun": "Göteborg",
    "namnd": "Stadsbyggnadsnämnden",
    "date": "2026-03-24",
    "paragraph": 13,
    "title": "Beslut om riktlinje Planeringsnivåer för översvämningsrisk från hav, vattendrag och skyfall",
    "fastighet": null,
    "pdf_url": "https://goteborg.se/wps/portal/start/kommun-och-politik/handlingar-och-protokoll/namndhandlingar/valj-namnd-och-ar/!ut/p/z1/jZDBDoIwDIafxnO7gTMe54xiIsKCRraLGToJiUwDxESeXsCzhF6av_2-HgoaUtDOvIvcNMXTmUeXlWaXHaeC-D6hwTxeIxOh5CsZ7ULiwXkAQioYCZBGW7HcIEO5ljJeIEYe6Ck-_imO0_wRQI-fV52_-OvvPUhAgzbX_h-g7sWjsVU_qR2vQFGk7JcOpnQ3UEljbnX2yXPXdTcjwpsR7ncr6wauaGxscgsK4VWeTml7tFlr1RdDZCY3/p0/IZ7_IA2C14412H5PD06CMQABQOIML3=CZ6_IA2C14412H5PD06CMQABQOIM13=MKPbYPlw=GD=/",
    "filename": "goteborg-sbn-2026-03-24-13"
   }
  },
  {
   "type": "Feature",
   "geometry": {
    "type": "Point",
    "coordinates": [
     11.947250720353118,
     57.69993983808309
    ]
   },
   "properties": {
    "kommun": "Göteborg",
    "namnd": "Stadsbyggnadsnämnden",
    "date": "2026-03-24",
    "paragraph": 14,
    "title": "Svar på motion av Patrik Höstmad (D) och Mariette Höij (D) om slätare markbeläggningar för ökad tillgänglighet i Göteborg",
    "fastighet": null,
    "pdf_url": "https://goteborg.se/wps/portal/start/kommun-och-politik/handlingar-och-protokoll/namndhandlingar/valj-namnd-och-ar/!ut/p/z1/jZDBDoIwDIafxnO7gTMe54xiIsKCRraLGToJiUwDxESeXsCzhF6av_2-HgoaUtDOvIvcNMXTmUeXlWaXHaeC-D6hwTxeIxOh5CsZ7ULiwXkAQioYCZBGW7HcIEO5ljJeIEYe6Ck-_imO0_wRQI-fV52_-OvvPUhAgzbX_h-g7sWjsVU_qR2vQFGk7JcOpnQ3UEljbnX2yXPXdTcjwpsR7ncr6wauaGxscgsK4VWeTml7tFlr1RdDZCY3/p0/IZ7_IA2C14412H5PD06CMQABQOIML3=CZ6_IA2C14412H5PD06CMQABQOIM13=MKPbYPlw=GD=/",
    "filename": "goteborg-sbn-2026-03-24-14"
   }
  },
  {
   "type": "Feature",
   "geometry": {
    "type": "Point",
    "coordinates": [
     11.964295619661609,
     57.717902899946964
    ]
   },
   "properties": {
    "kommun": "Göteborg",
    "namnd": "Stadsbyggnadsnämnden",
    "date": "2026-03-24",
    "paragraph": 15,
    "title": "Information om stadsmiljönämndens kommande inriktningsbeslut för ny gång- och cykelbro Götaleden, Norra – Södra Sjöfarten",
    "fastighet": null,
    "pdf_url": "https://goteborg.se/wps/portal/start/kommun-och-politik/handlingar-och-protokoll/namndhandlingar/valj-namnd-och-ar/!ut/p/z1/jZDBDoIwDIafxnO7gTMe54xiIsKCRraLGToJiUwDxESeXsCzhF6av_2-HgoaUtDOvIvcNMXTmUeXlWaXHaeC-D6hwTxeIxOh5CsZ7ULiwXkAQioYCZBGW7HcIEO5ljJeIEYe6Ck-_imO0_wRQI-fV52_-OvvPUhAgzbX_h-g7sWjsVU_qR2vQFGk7JcOpnQ3UEljbnX2yXPXdTcjwpsR7ncr6wauaGxscgsK4VWeTml7tFlr1RdDZCY3/p0/IZ7_IA2C14412H5PD06CMQABQOIML3=CZ6_IA2C14412H5PD06CMQABQOIM13=MKPbYPlw=GD=/",
    "filename": "goteborg-sbn-2026-03-24-15"
   }
  },
  {
   "type": "Feature",
   "geometry": {
    "type": "Point",
    "coordinates": [
     11.982932861168491,
     57.69546552315307
    ]
   },
   "properties": {
    "kommun": "Göteborg",
    "namnd": "Stadsbyggnadsnämnden",
    "date": "2026-03-24",
    "paragraph": 16,
    "title": "Information om stadsmiljönämndens kommande inriktnings- samt genomförandebeslut för Torggatan och Postgatan",
    "fastighet": null,
    "pdf_url": "https://goteborg.se/wps/portal/start/kommun-och-politik/handlingar-och-protokoll/namndhandlingar/valj-namnd-och-ar/!ut/p/z1/jZDBDoIwDIafxnO7gTMe54xiIsKCRraLGToJiUwDxESeXsCzhF6av_2-HgoaUtDOvIvcNMXTmUeXlWaXHaeC-D6hwTxeIxOh5CsZ7ULiwXkAQioYCZBGW7HcIEO5ljJeIEYe6Ck-_imO0_wRQI-fV52_-OvvPUhAgzbX_h-g7sWjsVU_qR2vQFGk7JcOpnQ3UEljbnX2yXPXdTcjwpsR7ncr6wauaGxscgsK4VWeTml7tFlr1RdDZCY3/p0/IZ7_IA2C14412H5PD06CMQABQOIML3=CZ6_IA2C14412H5PD06CMQABQOIM13=MKPbYPlw=GD=/",
    "filename": "goteborg-sbn-2026-03-24-16"
   }
  },
  {
   "type": "Feature",
   "geometry": {
    "type": "Point",
    "coordinates": [
     11.982279175019642,
     57.6994043624918
    ]
   },
   "properties": {
    "kommun": "Göteborg",
    "namnd": "Stadsbyggnadsnämnden",
    "date": "2026-03-24",
    "paragraph": 17,
    "title": "Förslag till Göteborgs Stads policy för parkering",
    "fastighet": null,
    "pdf_url": "https://goteborg.se/wps/portal/start/kommun-och-politik/handlingar-och-protokoll/namndhandlingar/valj-namnd-och-ar/!ut/p/z1/jZDBDoIwDIafxnO7gTMe54xiIsKCRraLGToJiUwDxESeXsCzhF6av_2-HgoaUtDOvIvcNMXTmUeXlWaXHaeC-D6hwTxeIxOh5CsZ7ULiwXkAQioYCZBGW7HcIEO5ljJeIEYe6Ck-_imO0_wRQI-fV52_-OvvPUhAgzbX_h-g7sWjsVU_qR2vQFGk7JcOpnQ3UEljbnX2yXPXdTcjwpsR7ncr6wauaGxscgsK4VWeTml7tFlr1RdDZCY3/p0/IZ7_IA2C14412H5PD06CMQABQOIML3=CZ6_IA2C14412H5PD06CMQABQOIM13=MKPbYPlw=GD=/",
    "filename": "goteborg-sbn-2026-03-24-17"
   }
  },
  {
   "type": "Feature",
   "geometry": {
    "type": "Point",
    "coordinates": [
     11.966156491773225,
     57.72327226735929
    ]
   },
   "properties": {
    "kommun": "Göteborg",
    "namnd": "Stadsbyggnadsnämnden",
    "date": "2026-03-24",
    "paragraph": 18,
    "title": "Svar på motion om överdäckning av E6 för möjliggörande av grönområden med exploatering",
    "fastighet": null,
    "pdf_url": "https://goteborg.se/wps/portal/start/kommun-och-politik/handlingar-och-protokoll/namndhandlingar/valj-namnd-och-ar/!ut/p/z1/jZDBDoIwDIafxnO7gTMe54xiIsKCRraLGToJiUwDxESeXsCzhF6av_2-HgoaUtDOvIvcNMXTmUeXlWaXHaeC-D6hwTxeIxOh5CsZ7ULiwXkAQioYCZBGW7HcIEO5ljJeIEYe6Ck-_imO0_wRQI-fV52_-OvvPUhAgzbX_h-g7sWjsVU_qR2vQFGk7JcOpnQ3UEljbnX2yXPXdTcjwpsR7ncr6wauaGxscgsK4VWeTml7tFlr1RdDZCY3/p0/IZ7_IA2C14412H5PD06CMQABQOIML3=CZ6_IA2C14412H5PD06CMQABQOIM13=MKPbYPlw=GD=/",
    "filename": "goteborg-sbn-2026-03-24-18"
   }
  },
  {
   "type": "Feature",
   "geometry": {
    "type": "Point",
    "coordinates": [
     11.945730350642947,
     57.70803084944428
    ]
   },
   "properties": {
    "kommun": "Göteborg",
    "namnd": "Stadsbyggnadsnämnden",
    "date": "2026-03-24",
    "paragraph": 19,
    "title": "Planeringsinriktning förstudie Örgrytevägen, Delsträcka 1 - Korsvägen till Mölndalsån",
    "fastighet": "Delsträcka 1",
    "pdf_url": "https://goteborg.se/wps/portal/start/kommun-och-politik/handlingar-och-protokoll/namndhandlingar/valj-namnd-och-ar/!ut/p/z1/jZDBDoIwDIafxnO7gTMe54xiIsKCRraLGToJiUwDxESeXsCzhF6av_2-HgoaUtDOvIvcNMXTmUeXlWaXHaeC-D6hwTxeIxOh5CsZ7ULiwXkAQioYCZBGW7HcIEO5ljJeIEYe6Ck-_imO0_wRQI-fV52_-OvvPUhAgzbX_h-g7sWjsVU_qR2vQFGk7JcOpnQ3UEljbnX2yXPXdTcjwpsR7ncr6wauaGxscgsK4VWeTml7tFlr1RdDZCY3/p0/IZ7_IA2C14412H5PD06CMQABQOIML3=CZ6_IA2C14412H5PD06CMQABQOIM13=MKPbYPlw=GD=/",
    "filename": "goteborg-sbn-2026-03-24-19"
   }
  },
  {
   "type": "Feature",
   "geometry": {
    "type": "Point",
    "coordinates": [
     11.951695334799037,
     57.70853186925109
    ]
   },
   "properties": {
    "kommun": "Göteborg",
    "namnd": "Stadsbyggnadsnämnden",
    "date": "2026-03-24",
    "paragraph": 20,
    "title": "Tillstyrkande av detaljplan för verksamheter vid Gamla Sörredsvägen i stadsdelen Sörred",
    "fastighet": null,
    "pdf_url": "https://goteborg.se/wps/portal/start/kommun-och-politik/handlingar-och-protokoll/namndhandlingar/valj-namnd-och-ar/!ut/p/z1/jZDBDoIwDIafxnO7gTMe54xiIsKCRraLGToJiUwDxESeXsCzhF6av_2-HgoaUtDOvIvcNMXTmUeXlWaXHaeC-D6hwTxeIxOh5CsZ7ULiwXkAQioYCZBGW7HcIEO5ljJeIEYe6Ck-_imO0_wRQI-fV52_-OvvPUhAgzbX_h-g7sWjsVU_qR2vQFGk7JcOpnQ3UEljbnX2yXPXdTcjwpsR7ncr6wauaGxscgsK4VWeTml7tFlr1RdDZCY3/p0/IZ7_IA2C14412H5PD06CMQABQOIML3=CZ6_IA2C14412H5PD06CMQABQOIM13=MKPbYPlw=GD=/",
    "filename": "goteborg-sbn-2026-03-24-20"
   }
  },
  {
   "type": "Feature",
   "geometry": {
    "type": "Point",
    "coordinates": [
     11.956551392133292,
     57.7042405390224
    ]
   },
   "properties": {
    "kommun": "Göteborg",
    "namnd": "Stadsbyggnadsnämnden",
    "date": "2026-03-24",
    "paragraph": 21,
    "title": "Antagande av ändring av detaljplan för bostäder vid Olaus Petrigatan inom stadsdelen Skår",
    "fastighet": null,
    "pdf_url": "https://goteborg.se/wps/portal/start/kommun-och-politik/handlingar-och-protokoll/namndhandlingar/valj-namnd-och-ar/!ut/p/z1/jZDBDoIwDIafxnO7gTMe54xiIsKCRraLGToJiUwDxESeXsCzhF6av_2-HgoaUtDOvIvcNMXTmUeXlWaXHaeC-D6hwTxeIxOh5CsZ7ULiwXkAQioYCZBGW7HcIEO5ljJeIEYe6Ck-_imO0_wRQI-fV52_-OvvPUhAgzbX_h-g7sWjsVU_qR2vQFGk7JcOpnQ3UEljbnX2yXPXdTcjwpsR7ncr6wauaGxscgsK4VWeTml7tFlr1RdDZCY3/p0/IZ7_IA2C14412H5PD06CMQABQOIML3=CZ6_IA2C14412H5PD06CMQABQOIM13=MKPbYPlw=GD=/",
    "filename": "goteborg-sbn-2026-03-24-21"
   }
  },
  {
   "type": "Feature",
   "geometry": {
    "type": "Point",
    "coordinates": [
     11.941324870227453,
     57.70417672095139
    ]
   },
   "properties": {
    "kommun": "Göteborg",
    "namnd": "Stadsbyggnadsnämnden",
    "date": "2026-03-24",
    "paragraph": 22,
    "title": "Granskning av detaljplan för bostäder vid Rubingatan inom stadsdelen Tynnered",
    "fastighet": null,
    "pdf_url": "https://goteborg.se/wps/portal/start/kommun-och-politik/handlingar-och-protokoll/namndhandlingar/valj-namnd-och-ar/!ut/p/z1/jZDBDoIwDIafxnO7gTMe54xiIsKCRraLGToJiUwDxESeXsCzhF6av_2-HgoaUtDOvIvcNMXTmUeXlWaXHaeC-D6hwTxeIxOh5CsZ7ULiwXkAQioYCZBGW7HcIEO5ljJeIEYe6Ck-_imO0_wRQI-fV52_-OvvPUhAgzbX_h-g7sWjsVU_qR2vQFGk7JcOpnQ3UEljbnX2yXPXdTcjwpsR7ncr6wauaGxscgsK4VWeTml7tFlr1RdDZCY3/p0/IZ7_IA2C14412H5PD06CMQABQOIML3=CZ6_IA2C14412H5PD06CMQABQOIM13=MKPbYPlw=GD=/",
    "filename": "goteborg-sbn-2026-03-24-22"
   }
  },
  {
   "type": "Feature",
   "geometry": {
    "type": "Point",
    "coordinates": [
     11.961051924072182,
     57.6948644142745
    ]
   },
   "properties": {
    "kommun": "Göteborg",
    "namnd": "Stadsbyggnadsnämnden",
    "date": "2026-03-24",
    "paragraph": 23,
    "title": "Utställning av detaljplan för bostäder på västra Asperö inom stadsdelen Styrsö",
    "fastighet": null,
    "pdf_url": "https://goteborg.se/wps/portal/start/kommun-och-politik/handlingar-och-protokoll/namndhandlingar/valj-namnd-och-ar/!ut/p/z1/jZDBDoIwDIafxnO7gTMe54xiIsKCRraLGToJiUwDxESeXsCzhF6av_2-HgoaUtDOvIvcNMXTmUeXlWaXHaeC-D6hwTxeIxOh5CsZ7ULiwXkAQioYCZBGW7HcIEO5ljJeIEYe6Ck-_imO0_wRQI-fV52_-OvvPUhAgzbX_h-g7sWjsVU_qR2vQFGk7JcOpnQ3UEljbnX2yXPXdTcjwpsR7ncr6wauaGxscgsK4VWeTml7tFlr1RdDZCY3/p0/IZ7_IA2C14412H5PD06CMQABQOIML3=CZ6_IA2C14412H5PD06CMQABQOIM13=MKPbYPlw=GD=/",
    "filename": "goteborg-sbn-2026-03-24-23"
   }
  },
  {
   "type": "Feature",
   "geometry": {
    "type": "Point",
    "coordinates": [
     11.954143030240715,
     57.72260675829859
    ]
   },
   "properties": {
    "kommun": "Göteborg",
    "namnd": "Stadsbyggnadsnämnden",
    "date": "2026-03-24",
    "paragraph": 24,
    "title": "Samråd om detaljplan för förskola och skola vid Södra Särövägen (Lindås 1:133 med flera) inom stadsdelen Askim",
    "fastighet": "Lindås 1:133",
    "pdf_url": "https://goteborg.se/wps/portal/start/kommun-och-politik/handlingar-och-protokoll/namndhandlingar/valj-namnd-och-ar/!ut/p/z1/jZDBDoIwDIafxnO7gTMe54xiIsKCRraLGToJiUwDxESeXsCzhF6av_2-HgoaUtDOvIvcNMXTmUeXlWaXHaeC-D6hwTxeIxOh5CsZ7ULiwXkAQioYCZBGW7HcIEO5ljJeIEYe6Ck-_imO0_wRQI-fV52_-OvvPUhAgzbX_h-g7sWjsVU_qR2vQFGk7JcOpnQ3UEljbnX2yXPXdTcjwpsR7ncr6wauaGxscgsK4VWeTml7tFlr1RdDZCY3/p0/IZ7_IA2C14412H5PD06CMQABQOIML3=CZ6_IA2C14412H5PD06CMQABQOIM13=MKPbYPlw=GD=/",
    "filename": "goteborg-sbn-2026-03-24-24"
   }
  },
  {
   "type": "Feature",
   "geometry": {
    "type": "Point",
    "coordinates": [
     12.011127963878467,
     57.703857650089155
    ]
   },
   "properties": {
    "kommun": "Göteborg",
    "namnd": "Stadsbyggnadsnämnden",
    "date": "2026-03-24",
    "paragraph": 25,
    "title": "Uppdrag och samråd för detaljplan för bostäder vid Torslanda prästgård inom stadsdelen Torslanda",
    "fastighet": null,
    "pdf_url": "https://goteborg.se/wps/portal/start/kommun-och-politik/handlingar-och-protokoll/namndhandlingar/valj-namnd-och-ar/!ut/p/z1/jZDBDoIwDIafxnO7gTMe54xiIsKCRraLGToJiUwDxESeXsCzhF6av_2-HgoaUtDOvIvcNMXTmUeXlWaXHaeC-D6hwTxeIxOh5CsZ7ULiwXkAQioYCZBGW7HcIEO5ljJeIEYe6Ck-_imO0_wRQI-fV52_-OvvPUhAgzbX_h-g7sWjsVU_qR2vQFGk7JcOpnQ3UEljbnX2yXPXdTcjwpsR7ncr6wauaGxscgsK4VWeTml7tFlr1RdDZCY3/p0/IZ7_IA2C14412H5PD06CMQABQOIML3=CZ6_IA2C14412H5PD06CMQABQOIM13=MKPbYPlw=GD=/",
    "filename": "goteborg-sbn-2026-03-24-25"
   }
  },
  {
   "type": "Feature",
   "geometry": {
    "type": "Point",
    "coordinates": [
     11.939959640809725,
     57.70830386802189
    ]
   },
   "properties": {
    "kommun": "Göteborg",
    "namnd": "Stadsbyggnadsnämnden",
    "date": "2026-03-24",
    "paragraph": 26,
    "title": "Planbesked för utökad tennishall vid Växelmyntsgatan (Järnbrott 758:66) inom stadsdelen Järnbrott",
    "fastighet": "Järnbrott 758:66",
    "pdf_url": "https://goteborg.se/wps/portal/start/kommun-och-politik/handlingar-och-protokoll/namndhandlingar/valj-namnd-och-ar/!ut/p/z1/jZDBDoIwDIafxnO7gTMe54xiIsKCRraLGToJiUwDxESeXsCzhF6av_2-HgoaUtDOvIvcNMXTmUeXlWaXHaeC-D6hwTxeIxOh5CsZ7ULiwXkAQioYCZBGW7HcIEO5ljJeIEYe6Ck-_imO0_wRQI-fV52_-OvvPUhAgzbX_h-g7sWjsVU_qR2vQFGk7JcOpnQ3UEljbnX2yXPXdTcjwpsR7ncr6wauaGxscgsK4VWeTml7tFlr1RdDZCY3/p0/IZ7_IA2C14412H5PD06CMQABQOIML3=CZ6_IA2C14412H5PD06CMQABQOIM13=MKPbYPlw=GD=/",
    "filename": "goteborg-sbn-2026-03-24-26"
   }
  },
  {
   "type": "Feature",
   "geometry": {
    "type": "Point",
    "coordinates": [
     11.998042991046354,
     57.69537021904608
    ]
   },
   "properties": {
    "kommun": "Göteborg",
    "namnd": "Stadsbyggnadsnämnden",
    "date": "2026-03-24",
    "paragraph": 27,
    "title": "Planbesked för utökning av småbåtshamn vid Hamnfyrsvägen (Hästevik 2:16 och Hästevik 2:537) inom stadsdelen Torslanda",
    "fastighet": "Hästevik 2:16",
    "pdf_url": "https://goteborg.se/wps/portal/start/kommun-och-politik/handlingar-och-protokoll/namndhandlingar/valj-namnd-och-ar/!ut/p/z1/jZDBDoIwDIafxnO7gTMe54xiIsKCRraLGToJiUwDxESeXsCzhF6av_2-HgoaUtDOvIvcNMXTmUeXlWaXHaeC-D6hwTxeIxOh5CsZ7ULiwXkAQioYCZBGW7HcIEO5ljJeIEYe6Ck-_imO0_wRQI-fV52_-OvvPUhAgzbX_h-g7sWjsVU_qR2vQFGk7JcOpnQ3UEljbnX2yXPXdTcjwpsR7ncr6wauaGxscgsK4VWeTml7tFlr1RdDZCY3/p0/IZ7_IA2C14412H5PD06CMQABQOIML3=CZ6_IA2C14412H5PD06CMQABQOIM13=MKPbYPlw=GD=/",
    "filename": "goteborg-sbn-2026-03-24-27"
   }
  },
  {
   "type": "Feature",
   "geometry": {
    "type": "Point",
    "coordinates": [
     11.994589375370948,
     57.706138053956266
    ]
   },
   "properties": {
    "kommun": "Göteborg",
    "namnd": "Stadsbyggnadsnämnden",
    "date": "2026-03-24",
    "paragraph": 28,
    "title": "Planbesked för bostäder vid Norra Krokslättsgatan (Krokslätt 1:9 och 1:10) inom stadsdelen Krokslätt",
    "fastighet": "Krokslätt 1:9",
    "pdf_url": "https://goteborg.se/wps/portal/start/kommun-och-politik/handlingar-och-protokoll/namndhandlingar/valj-namnd-och-ar/!ut/p/z1/jZDBDoIwDIafxnO7gTMe54xiIsKCRraLGToJiUwDxESeXsCzhF6av_2-HgoaUtDOvIvcNMXTmUeXlWaXHaeC-D6hwTxeIxOh5CsZ7ULiwXkAQioYCZBGW7HcIEO5ljJeIEYe6Ck-_imO0_wRQI-fV52_-OvvPUhAgzbX_h-g7sWjsVU_qR2vQFGk7JcOpnQ3UEljbnX2yXPXdTcjwpsR7ncr6wauaGxscgsK4VWeTml7tFlr1RdDZCY3/p0/IZ7_IA2C14412H5PD06CMQABQOIML3=CZ6_IA2C14412H5PD06CMQABQOIM13=MKPbYPlw=GD=/",
    "filename": "goteborg-sbn-2026-03-24-28"
   }
  },
  {
   "type": "Feature",
   "geometry": {
    "type": "Point",
    "coordinates": [
     11.936418121265932,
     57.7085722710793
    ]
   },
   "properties": {
    "kommun": "Göteborg",
    "namnd": "Stadsbyggnadsnämnden",
    "date": "2026-03-24",
    "paragraph": 29,
    "title": "Planbesked för seniorbostäder vid Knivsmedsgatan (Utby 86:1, 86:2) inom stadsdelen Utby",
    "fastighet": "Utby 86:1",
    "pdf_url": "https://goteborg.se/wps/portal/start/kommun-och-politik/handlingar-och-protokoll/namndhandlingar/valj-namnd-och-ar/!ut/p/z1/jZDBDoIwDIafxnO7gTMe54xiIsKCRraLGToJiUwDxESeXsCzhF6av_2-HgoaUtDOvIvcNMXTmUeXlWaXHaeC-D6hwTxeIxOh5CsZ7ULiwXkAQioYCZBGW7HcIEO5ljJeIEYe6Ck-_imO0_wRQI-fV52_-OvvPUhAgzbX_h-g7sWjsVU_qR2vQFGk7JcOpnQ3UEljbnX2yXPXdTcjwpsR7ncr6wauaGxscgsK4VWeTml7tFlr1RdDZCY3/p0/IZ7_IA2C14412H5PD06CMQABQOIML3=CZ6_IA2C14412H5PD06CMQABQOIM13=MKPbYPlw=GD=/",
    "filename": "goteborg-sbn-2026-03-24-29"
   }
  },
  {
   "type": "Feature",
   "geometry": {
    "type": "Point",
    "coordinates": [
     12.005841100183645,
     57.72458099651188
    ]
   },
   "properties": {
    "kommun": "Göteborg",
    "namnd": "Stadsbyggnadsnämnden",
    "date": "2026-03-24",
    "paragraph": 30,
    "title": "Planbesked för bostäder vid Säterigatan (Sannegården 31:1) inom stadsdelen Sannegården",
    "fastighet": "Sannegården 31:1",
    "pdf_url": "https://goteborg.se/wps/portal/start/kommun-och-politik/handlingar-och-protokoll/namndhandlingar/valj-namnd-och-ar/!ut/p/z1/jZDBDoIwDIafxnO7gTMe54xiIsKCRraLGToJiUwDxESeXsCzhF6av_2-HgoaUtDOvIvcNMXTmUeXlWaXHaeC-D6hwTxeIxOh5CsZ7ULiwXkAQioYCZBGW7HcIEO5ljJeIEYe6Ck-_imO0_wRQI-fV52_-OvvPUhAgzbX_h-g7sWjsVU_qR2vQFGk7JcOpnQ3UEljbnX2yXPXdTcjwpsR7ncr6wauaGxscgsK4VWeTml7tFlr1RdDZCY3/p0/IZ7_IA2C14412H5PD06CMQABQOIML3=CZ6_IA2C14412H5PD06CMQABQOIM13=MKPbYPlw=GD=/",
    "filename": "goteborg-sbn-2026-03-24-30"
   }
  },
  {
   "type": "Feature",
   "geometry": {
    "type": "Point",
    "coordinates": [
     11.963277496951358,
     57.711171743218166
    ]
   },
   "properties": {
    "kommun": "Göteborg",
    "namnd": "Stadsbyggnadsnämnden",
    "date": "2026-03-24",
    "paragraph": 31,
    "title": "Förenklat stadsutvecklingsförslag för bostäder och verksamheter vid Skeppsbron inom stadsdelen Inom Vallgraven",
    "fastighet": null,
    "pdf_url": "https://goteborg.se/wps/portal/start/kommun-och-politik/handlingar-och-protokoll/namndhandlingar/valj-namnd-och-ar/!ut/p/z1/jZDBDoIwDIafxnO7gTMe54xiIsKCRraLGToJiUwDxESeXsCzhF6av_2-HgoaUtDOvIvcNMXTmUeXlWaXHaeC-D6hwTxeIxOh5CsZ7ULiwXkAQioYCZBGW7HcIEO5ljJeIEYe6Ck-_imO0_wRQI-fV52_-OvvPUhAgzbX_h-g7sWjsVU_qR2vQFGk7JcOpnQ3UEljbnX2yXPXdTcjwpsR7ncr6wauaGxscgsK4VWeTml7tFlr1RdDZCY3/p0/IZ7_IA2C14412H5PD06CMQABQOIML3=CZ6_IA2C14412H5PD06CMQABQOIM13=MKPbYPlw=GD=/",
    "filename": "goteborg-sbn-2026-03-24-31"
   }
  },
  {
   "type": "Feature",
   "geometry": {
    "type": "Point",
    "coordinates": [
     11.957394889751376,
     57.723419914711364
    ]
   },
   "properties": {
    "kommun": "Göteborg",
    "namnd": "Stadsbyggnadsnämnden",
    "date": "2026-03-24",
    "paragraph": 32,
    "title": "Stadsutvecklingsförslag för BmSS vid Kryddnejlikegatan (Gårdsten 49:1) inom stadsdelen Angered",
    "fastighet": "Gårdsten 49:1",
    "pdf_url": "https://goteborg.se/wps/portal/start/kommun-och-politik/handlingar-och-protokoll/namndhandlingar/valj-namnd-och-ar/!ut/p/z1/jZDBDoIwDIafxnO7gTMe54xiIsKCRraLGToJiUwDxESeXsCzhF6av_2-HgoaUtDOvIvcNMXTmUeXlWaXHaeC-D6hwTxeIxOh5CsZ7ULiwXkAQioYCZBGW7HcIEO5ljJeIEYe6Ck-_imO0_wRQI-fV52_-OvvPUhAgzbX_h-g7sWjsVU_qR2vQFGk7JcOpnQ3UEljbnX2yXPXdTcjwpsR7ncr6wauaGxscgsK4VWeTml7tFlr1RdDZCY3/p0/IZ7_IA2C14412H5PD06CMQABQOIML3=CZ6_IA2C14412H5PD06CMQABQOIM13=MKPbYPlw=GD=/",
    "filename": "goteborg-sbn-2026-03-24-32"
   }
  },
  {
   "type": "Feature",
   "geometry": {
    "type": "Point",
    "coordinates": [
     11.940731553314764,
     57.6997348343283
    ]
   },
   "properties": {
    "kommun": "Göteborg",
    "namnd": "Stadsbyggnadsnämnden",
    "date": "2026-03-24",
    "paragraph": 33,
    "title": "Inriktningsbeslut avseende detaljplan för bostäder och förskola vid Skra Bro etapp 2 inom stadsdelen Björlanda",
    "fastighet": null,
    "pdf_url": "https://goteborg.se/wps/portal/start/kommun-och-politik/handlingar-och-protokoll/namndhandlingar/valj-namnd-och-ar/!ut/p/z1/jZDBDoIwDIafxnO7gTMe54xiIsKCRraLGToJiUwDxESeXsCzhF6av_2-HgoaUtDOvIvcNMXTmUeXlWaXHaeC-D6hwTxeIxOh5CsZ7ULiwXkAQioYCZBGW7HcIEO5ljJeIEYe6Ck-_imO0_wRQI-fV52_-OvvPUhAgzbX_h-g7sWjsVU_qR2vQFGk7JcOpnQ3UEljbnX2yXPXdTcjwpsR7ncr6wauaGxscgsK4VWeTml7tFlr1RdDZCY3/p0/IZ7_IA2C14412H5PD06CMQABQOIML3=CZ6_IA2C14412H5PD06CMQABQOIM13=MKPbYPlw=GD=/",
    "filename": "goteborg-sbn-2026-03-24-33"
   }
  },
  {
   "type": "Feature",
   "geometry": {
    "type": "Point",
    "coordinates": [
     11.938500728219418,
     57.69959381021667
    ]
   },
   "properties": {
    "kommun": "Göteborg",
    "namnd": "Stadsbyggnadsnämnden",
    "date": "2026-03-24",
    "paragraph": 34,
    "title": "Avbryta arbetet med detaljplan för bostäder vid Sandspåret och förskola vid Skolspåret inom stadsdelen Hjällbo",
    "fastighet": null,
    "pdf_url": "https://goteborg.se/wps/portal/start/kommun-och-politik/handlingar-och-protokoll/namndhandlingar/valj-namnd-och-ar/!ut/p/z1/jZDBDoIwDIafxnO7gTMe54xiIsKCRraLGToJiUwDxESeXsCzhF6av_2-HgoaUtDOvIvcNMXTmUeXlWaXHaeC-D6hwTxeIxOh5CsZ7ULiwXkAQioYCZBGW7HcIEO5ljJeIEYe6Ck-_imO0_wRQI-fV52_-OvvPUhAgzbX_h-g7sWjsVU_qR2vQFGk7JcOpnQ3UEljbnX2yXPXdTcjwpsR7ncr6wauaGxscgsK4VWeTml7tFlr1RdDZCY3/p0/IZ7_IA2C14412H5PD06CMQABQOIML3=CZ6_IA2C14412H5PD06CMQABQOIM13=MKPbYPlw=GD=/",
    "filename": "goteborg-sbn-2026-03-24-34"
   }
  },
  {
   "type": "Feature",
   "geometry": {
    "type": "Point",
    "coordinates": [
     11.980070479821586,
     57.715587613615085
    ]
   },
   "properties": {
    "kommun": "Göteborg",
    "namnd": "Stadsbyggnadsnämnden",
    "date": "2026-03-24",
    "paragraph": 35,
    "title": "Samråd om program för Lindholmen inom stadsdelarna Lundbyvassen och Lindholmen",
    "fastighet": null,
    "pdf_url": "https://goteborg.se/wps/portal/start/kommun-och-politik/handlingar-och-protokoll/namndhandlingar/valj-namnd-och-ar/!ut/p/z1/jZDBDoIwDIafxnO7gTMe54xiIsKCRraLGToJiUwDxESeXsCzhF6av_2-HgoaUtDOvIvcNMXTmUeXlWaXHaeC-D6hwTxeIxOh5CsZ7ULiwXkAQioYCZBGW7HcIEO5ljJeIEYe6Ck-_imO0_wRQI-fV52_-OvvPUhAgzbX_h-g7sWjsVU_qR2vQFGk7JcOpnQ3UEljbnX2yXPXdTcjwpsR7ncr6wauaGxscgsK4VWeTml7tFlr1RdDZCY3/p0/IZ7_IA2C14412H5PD06CMQABQOIML3=CZ6_IA2C14412H5PD06CMQABQOIM13=MKPbYPlw=GD=/",
    "filename": "goteborg-sbn-2026-03-24-35"
   }
  },
  {
   "type": "Feature",
   "geometry": {
    "type": "Point",
    "coordinates": [
     11.976008720750777,
     57.7025646270144
    ]
   },
   "properties": {
    "kommun": "Göteborg",
    "namnd": "Stadsbyggnadsnämnden",
    "date": "2026-03-24",
    "paragraph": 36,
    "title": "Granskning av detaljplan för förskola och bostäder vid Köpenhamnsgatan (Bräcke 729:179) inom stadsdelen Bräcke",
    "fastighet": "Bräcke 729:179",
    "pdf_url": "https://goteborg.se/wps/portal/start/kommun-och-politik/handlingar-och-protokoll/namndhandlingar/valj-namnd-och-ar/!ut/p/z1/jZDBDoIwDIafxnO7gTMe54xiIsKCRraLGToJiUwDxESeXsCzhF6av_2-HgoaUtDOvIvcNMXTmUeXlWaXHaeC-D6hwTxeIxOh5CsZ7ULiwXkAQioYCZBGW7HcIEO5ljJeIEYe6Ck-_imO0_wRQI-fV52_-OvvPUhAgzbX_h-g7sWjsVU_qR2vQFGk7JcOpnQ3UEljbnX2yXPXdTcjwpsR7ncr6wauaGxscgsK4VWeTml7tFlr1RdDZCY3/p0/IZ7_IA2C14412H5PD06CMQABQOIML3=CZ6_IA2C14412H5PD06CMQABQOIM13=MKPbYPlw=GD=/",
    "filename": "goteborg-sbn-2026-03-24-36"
   }
  },
  {
   "type": "Feature",
   "geometry": {
    "type": "Point",
    "coordinates": [
     12.00795754901606,
     57.70048536758154
    ]
   },
   "properties": {
    "kommun": "Göteborg",
    "namnd": "Stadsbyggnadsnämnden",
    "date": "2026-03-24",
    "paragraph": 37,
    "title": "Planbesked för bostäder vid Skånegatan (Heden 22:14) inom stadsdelen Heden",
    "fastighet": "Heden 22:14",
    "pdf_url": "https://goteborg.se/wps/portal/start/kommun-och-politik/handlingar-och-protokoll/namndhandlingar/valj-namnd-och-ar/!ut/p/z1/jZDBDoIwDIafxnO7gTMe54xiIsKCRraLGToJiUwDxESeXsCzhF6av_2-HgoaUtDOvIvcNMXTmUeXlWaXHaeC-D6hwTxeIxOh5CsZ7ULiwXkAQioYCZBGW7HcIEO5ljJeIEYe6Ck-_imO0_wRQI-fV52_-OvvPUhAgzbX_h-g7sWjsVU_qR2vQFGk7JcOpnQ3UEljbnX2yXPXdTcjwpsR7ncr6wauaGxscgsK4VWeTml7tFlr1RdDZCY3/p0/IZ7_IA2C14412H5PD06CMQABQOIML3=CZ6_IA2C14412H5PD06CMQABQOIM13=MKPbYPlw=GD=/",
    "filename": "goteborg-sbn-2026-03-24-37"
   }
  },
  {
   "type": "Feature",
   "geometry": {
    "type": "Point",
    "coordinates": [
     11.945549509015668,
     57.70061041292967
    ]
   },
   "properties": {
    "kommun": "Göteborg",
    "namnd": "Stadsbyggnadsnämnden",
    "date": "2026-03-24",
    "paragraph": 64,
    "title": "Anmälan av delegationsbeslut 2026-03-24",
    "fastighet": null,
    "pdf_url": "https://goteborg.se/wps/portal/start/kommun-och-politik/handlingar-och-protokoll/namndhandlingar/valj-namnd-och-ar/!ut/p/z1/jZDBDoIwDIafxnO7gTMe54xiIsKCRraLGToJiUwDxESeXsCzhF6av_2-HgoaUtDOvIvcNMXTmUeXlWaXHaeC-D6hwTxeIxOh5CsZ7ULiwXkAQioYCZBGW7HcIEO5ljJeIEYe6Ck-_imO0_wRQI-fV52_-OvvPUhAgzbX_h-g7sWjsVU_qR2vQFGk7JcOpnQ3UEljbnX2yXPXdTcjwpsR7ncr6wauaGxscgsK4VWeTml7tFlr1RdDZCY3/p0/IZ7_IA2C14412H5PD06CMQABQOIML3=CZ6_IA2C14412H5PD06CMQABQOIM13=MKPbYPlw=GD=/",
    "filename": "goteborg-sbn-2026-03-24-64"
   }
  },
  {
   "type": "Feature",
   "geometry": {
    "type": "Point",
    "coordinates": [
     11.977633535038812,
     57.70180120169843
    ]
   },
   "properties": {
    "kommun": "Göteborg",
    "namnd": "Stadsbyggnadsnämnden",
    "date": "2026-03-24",
    "paragraph": 68,
    "title": "Information om särskilt kulturhistoriskt värde och lovplikt",
    "fastighet": null,
    "pdf_url": "https://goteborg.se/wps/portal/start/kommun-och-politik/handlingar-och-protokoll/namndhandlingar/valj-namnd-och-ar/!ut/p/z1/jZDBDoIwDIafxnO7gTMe54xiIsKCRraLGToJiUwDxESeXsCzhF6av_2-HgoaUtDOvIvcNMXTmUeXlWaXHaeC-D6hwTxeIxOh5CsZ7ULiwXkAQioYCZBGW7HcIEO5ljJeIEYe6Ck-_imO0_wRQI-fV52_-OvvPUhAgzbX_h-g7sWjsVU_qR2vQFGk7JcOpnQ3UEljbnX2yXPXdTcjwpsR7ncr6wauaGxscgsK4VWeTml7tFlr1RdDZCY3/p0/IZ7_IA2C14412H5PD06CMQABQOIML3=CZ6_IA2C14412H5PD06CMQABQOIM13=MKPbYPlw=GD=/",
    "filename": "goteborg-sbn-2026-03-24-68"
   }
  },
  {
   "type": "Feature",
   "geometry": {
    "type": "Point",
    "coordinates": [
     11.981438955299538,
     57.693114553322694
    ]
   },
   "properties": {
    "kommun": "Göteborg",
    "namnd": "Stadsbyggnadsnämnden",
    "date": "2026-03-24",
    "paragraph": 69,
    "title": "Information om stadsbyggnadsförvaltningens anvisning för hög arkitektonisk kvalitet av flerbostadshus",
    "fastighet": null,
    "pdf_url": "https://goteborg.se/wps/portal/start/kommun-och-politik/handlingar-och-protokoll/namndhandlingar/valj-namnd-och-ar/!ut/p/z1/jZDBDoIwDIafxnO7gTMe54xiIsKCRraLGToJiUwDxESeXsCzhF6av_2-HgoaUtDOvIvcNMXTmUeXlWaXHaeC-D6hwTxeIxOh5CsZ7ULiwXkAQioYCZBGW7HcIEO5ljJeIEYe6Ck-_imO0_wRQI-fV52_-OvvPUhAgzbX_h-g7sWjsVU_qR2vQFGk7JcOpnQ3UEljbnX2yXPXdTcjwpsR7ncr6wauaGxscgsK4VWeTml7tFlr1RdDZCY3/p0/IZ7_IA2C14412H5PD06CMQABQOIML3=CZ6_IA2C14412H5PD06CMQABQOIM13=MKPbYPlw=GD=/",
    "filename": "goteborg-sbn-2026-03-24-69"
   }
  },
  {
   "type": "Feature",
   "geometry": {
    "type": "Point",
    "coordinates": [
     12.00375526246355,
     57.70104475198463
    ]
   },
   "properties": {
    "kommun": "Göteborg",
    "namnd": "Stadsbyggnadsnämnden",
    "date": "2026-03-24",
    "paragraph": 71,
    "title": "Information om stadsutvecklingsförslag för bostäder och verksamheter vid Packhusplatsen inom stadsdelen Nordstaden",
    "fastighet": null,
    "pdf_url": "https://goteborg.se/wps/portal/start/kommun-och-politik/handlingar-och-protokoll/namndhandlingar/valj-namnd-och-ar/!ut/p/z1/jZDBDoIwDIafxnO7gTMe54xiIsKCRraLGToJiUwDxESeXsCzhF6av_2-HgoaUtDOvIvcNMXTmUeXlWaXHaeC-D6hwTxeIxOh5CsZ7ULiwXkAQioYCZBGW7HcIEO5ljJeIEYe6Ck-_imO0_wRQI-fV52_-OvvPUhAgzbX_h-g7sWjsVU_qR2vQFGk7JcOpnQ3UEljbnX2yXPXdTcjwpsR7ncr6wauaGxscgsK4VWeTml7tFlr1RdDZCY3/p0/IZ7_IA2C14412H5PD06CMQABQOIML3=CZ6_IA2C14412H5PD06CMQABQOIM13=MKPbYPlw=GD=/",
    "filename": "goteborg-sbn-2026-03-24-71"
   }
  },
  {
   "type": "Feature",
   "geometry": {
    "type": "Point",
    "coordinates": [
     11.987411586085779,
     57.70622564993911
    ]
   },
   "properties": {
    "kommun": "Göteborg",
    "namnd": "Stadsbyggnadsnämnden",
    "date": "2026-03-24",
    "paragraph": 74,
    "title": "Information om uppdrag Hela Stadens Grönska",
    "fastighet": null,
    "pdf_url": "https://goteborg.se/wps/portal/start/kommun-och-politik/handlingar-och-protokoll/namndhandlingar/valj-namnd-och-ar/!ut/p/z1/jZDBDoIwDIafxnO7gTMe54xiIsKCRraLGToJiUwDxESeXsCzhF6av_2-HgoaUtDOvIvcNMXTmUeXlWaXHaeC-D6hwTxeIxOh5CsZ7ULiwXkAQioYCZBGW7HcIEO5ljJeIEYe6Ck-_imO0_wRQI-fV52_-OvvPUhAgzbX_h-g7sWjsVU_qR2vQFGk7JcOpnQ3UEljbnX2yXPXdTcjwpsR7ncr6wauaGxscgsK4VWeTml7tFlr1RdDZCY3/p0/IZ7_IA2C14412H5PD06CMQABQOIML3=CZ6_IA2C14412H5PD06CMQABQOIM13=MKPbYPlw=GD=/",
    "filename": "goteborg-sbn-2026-03-24-74"
   }
  },
  {
   "type": "Feature",
   "geometry": {
    "type": "Point",
    "coordinates": [
     12.00931791852022,
     57.72385112297122
    ]
   },
   "properties": {
    "kommun": "Göteborg",
    "namnd": "Stadsbyggnadsnämnden",
    "date": "2026-02-24",
    "paragraph": 28,
    "title": "Tillstyrkande av detaljplan för Tvärförbindelse i Torslanda inom stadsdelarna Lilleby och Syrhåla",
    "fastighet": null,
    "pdf_url": "https://goteborg.se/wps/portal/start/kommun-och-politik/handlingar-och-protokoll/namndhandlingar/valj-namnd-och-ar/!ut/p/z1/jZDBDoIwDIafxnO7gTMe54xiIsKCRraLGToJiUwDxESeXsCzhF6av_2-HgoaUtDOvIvcNMXTmUeXlWaXHaeC-D6hwTxeIxOh5CsZ7ULiwXkAQioYCZBGW7HcIEO5ljJeIEYe6Ck-_imO0_wRQI-fV52_-OvvPUhAgzbX_h-g7sWjsVU_qR2vQFGk7JcOpnQ3UEljbnX2yXPXdTcjwpsR7ncr6wauaGxscgsK4VWeTml7tFlr1RdDZCY3/p0/IZ7_IA2C14412H5PD06CMQABQOIML3=CZ6_IA2C14412H5PD06CMQABQOIM13=MKPbYPlw=GE=/",
    "filename": "goteborg-sbn-2026-02-24-28"
   }
  },
  {
   "type": "Feature",
   "geometry": {
    "type": "Point",
    "coordinates": [
     11.959325529456738,
     57.709614452557155
    ]
   },
   "properties": {
    "kommun": "Göteborg",
    "namnd": "Stadsbyggnadsnämnden",
    "date": "2026-02-24",
    "paragraph": 6,
    "title": "Ekonomisk uppföljning och prognos januari 2026",
    "fastighet": null,
    "pdf_url": "https://goteborg.se/wps/portal/start/kommun-och-politik/handlingar-och-protokoll/namndhandlingar/valj-namnd-och-ar/!ut/p/z1/jZDBDoIwDIafxnO7gTMe54xiIsKCRraLGToJiUwDxESeXsCzhF6av_2-HgoaUtDOvIvcNMXTmUeXlWaXHaeC-D6hwTxeIxOh5CsZ7ULiwXkAQioYCZBGW7HcIEO5ljJeIEYe6Ck-_imO0_wRQI-fV52_-OvvPUhAgzbX_h-g7sWjsVU_qR2vQFGk7JcOpnQ3UEljbnX2yXPXdTcjwpsR7ncr6wauaGxscgsK4VWeTml7tFlr1RdDZCY3/p0/IZ7_IA2C14412H5PD06CMQABQOIML3=CZ6_IA2C14412H5PD06CMQABQOIM13=MKPbYPlw=GE=/",
    "filename": "goteborg-sbn-2026-02-24-06"
   }
  },
  {
   "type": "Feature",
   "geometry": {
    "type": "Point",
    "coordinates": [
     11.981353160948787,
     57.72333786722679
    ]
   },
   "properties": {
    "kommun": "Göteborg",
    "namnd": "Stadsbyggnadsnämnden",
    "date": "2026-02-24",
    "paragraph": 7,
    "title": "Försäkringsbevis och försäkringsprogram 2026",
    "fastighet": null,
    "pdf_url": "https://goteborg.se/wps/portal/start/kommun-och-politik/handlingar-och-protokoll/namndhandlingar/valj-namnd-och-ar/!ut/p/z1/jZDBDoIwDIafxnO7gTMe54xiIsKCRraLGToJiUwDxESeXsCzhF6av_2-HgoaUtDOvIvcNMXTmUeXlWaXHaeC-D6hwTxeIxOh5CsZ7ULiwXkAQioYCZBGW7HcIEO5ljJeIEYe6Ck-_imO0_wRQI-fV52_-OvvPUhAgzbX_h-g7sWjsVU_qR2vQFGk7JcOpnQ3UEljbnX2yXPXdTcjwpsR7ncr6wauaGxscgsK4VWeTml7tFlr1RdDZCY3/p0/IZ7_IA2C14412H5PD06CMQABQOIML3=CZ6_IA2C14412H5PD06CMQABQOIM13=MKPbYPlw=GE=/",
    "filename": "goteborg-sbn-2026-02-24-07"
   }
  },
  {
   "type": "Feature",
   "geometry": {
    "type": "Point",
    "coordinates": [
     12.002149730704591,
     57.71316365157814
    ]
   },
   "properties": {
    "kommun": "Göteborg",
    "namnd": "Stadsbyggnadsnämnden",
    "date": "2026-02-24",
    "paragraph": 8,
    "title": "Göteborgsförslag [13396] Rädda Kortedalas gym på Dagjämningsgatan",
    "fastighet": null,
    "pdf_url": "https://goteborg.se/wps/portal/start/kommun-och-politik/handlingar-och-protokoll/namndhandlingar/valj-namnd-och-ar/!ut/p/z1/jZDBDoIwDIafxnO7gTMe54xiIsKCRraLGToJiUwDxESeXsCzhF6av_2-HgoaUtDOvIvcNMXTmUeXlWaXHaeC-D6hwTxeIxOh5CsZ7ULiwXkAQioYCZBGW7HcIEO5ljJeIEYe6Ck-_imO0_wRQI-fV52_-OvvPUhAgzbX_h-g7sWjsVU_qR2vQFGk7JcOpnQ3UEljbnX2yXPXdTcjwpsR7ncr6wauaGxscgsK4VWeTml7tFlr1RdDZCY3/p0/IZ7_IA2C14412H5PD06CMQABQOIML3=CZ6_IA2C14412H5PD06CMQABQOIM13=MKPbYPlw=GE=/",
    "filename": "goteborg-sbn-2026-02-24-08"
   }
  },
  {
   "type": "Feature",
   "geometry": {
    "type": "Point",
    "coordinates": [
     11.99621342891862,
     57.712975601294836
    ]
   },
   "properties": {
    "kommun": "Göteborg",
    "namnd": "Stadsbyggnadsnämnden",
    "date": "2026-02-24",
    "paragraph": 9,
    "title": "Förslag till Göteborgs Stads policy för parkering",
    "fastighet": null,
    "pdf_url": "https://goteborg.se/wps/portal/start/kommun-och-politik/handlingar-och-protokoll/namndhandlingar/valj-namnd-och-ar/!ut/p/z1/jZDBDoIwDIafxnO7gTMe54xiIsKCRraLGToJiUwDxESeXsCzhF6av_2-HgoaUtDOvIvcNMXTmUeXlWaXHaeC-D6hwTxeIxOh5CsZ7ULiwXkAQioYCZBGW7HcIEO5ljJeIEYe6Ck-_imO0_wRQI-fV52_-OvvPUhAgzbX_h-g7sWjsVU_qR2vQFGk7JcOpnQ3UEljbnX2yXPXdTcjwpsR7ncr6wauaGxscgsK4VWeTml7tFlr1RdDZCY3/p0/IZ7_IA2C14412H5PD06CMQABQOIML3=CZ6_IA2C14412H5PD06CMQABQOIM13=MKPbYPlw=GE=/",
    "filename": "goteborg-sbn-2026-02-24-09"
   }
  },
  {
   "type": "Feature",
   "geometry": {
    "type": "Point",
    "coordinates": [
     11.941720241040171,
     57.70282971926677
    ]
   },
   "properties": {
    "kommun": "Göteborg",
    "namnd": "Stadsbyggnadsnämnden",
    "date": "2026-02-24",
    "paragraph": 10,
    "title": "Svar på remiss om samråd översiktsplan för Kungälvs kommun",
    "fastighet": null,
    "pdf_url": "https://goteborg.se/wps/portal/start/kommun-och-politik/handlingar-och-protokoll/namndhandlingar/valj-namnd-och-ar/!ut/p/z1/jZDBDoIwDIafxnO7gTMe54xiIsKCRraLGToJiUwDxESeXsCzhF6av_2-HgoaUtDOvIvcNMXTmUeXlWaXHaeC-D6hwTxeIxOh5CsZ7ULiwXkAQioYCZBGW7HcIEO5ljJeIEYe6Ck-_imO0_wRQI-fV52_-OvvPUhAgzbX_h-g7sWjsVU_qR2vQFGk7JcOpnQ3UEljbnX2yXPXdTcjwpsR7ncr6wauaGxscgsK4VWeTml7tFlr1RdDZCY3/p0/IZ7_IA2C14412H5PD06CMQABQOIML3=CZ6_IA2C14412H5PD06CMQABQOIM13=MKPbYPlw=GE=/",
    "filename": "goteborg-sbn-2026-02-24-10"
   }
  },
  {
   "type": "Feature",
   "geometry": {
    "type": "Point",
    "coordinates": [
     11.977937530667235,
     57.704382144409806
    ]
   },
   "properties": {
    "kommun": "Göteborg",
    "namnd": "Stadsbyggnadsnämnden",
    "date": "2026-02-24",
    "paragraph": 11,
    "title": "Strukturidé för Gullbergsvass",
    "fastighet": null,
    "pdf_url": "https://goteborg.se/wps/portal/start/kommun-och-politik/handlingar-och-protokoll/namndhandlingar/valj-namnd-och-ar/!ut/p/z1/jZDBDoIwDIafxnO7gTMe54xiIsKCRraLGToJiUwDxESeXsCzhF6av_2-HgoaUtDOvIvcNMXTmUeXlWaXHaeC-D6hwTxeIxOh5CsZ7ULiwXkAQioYCZBGW7HcIEO5ljJeIEYe6Ck-_imO0_wRQI-fV52_-OvvPUhAgzbX_h-g7sWjsVU_qR2vQFGk7JcOpnQ3UEljbnX2yXPXdTcjwpsR7ncr6wauaGxscgsK4VWeTml7tFlr1RdDZCY3/p0/IZ7_IA2C14412H5PD06CMQABQOIML3=CZ6_IA2C14412H5PD06CMQABQOIM13=MKPbYPlw=GE=/",
    "filename": "goteborg-sbn-2026-02-24-11"
   }
  },
  {
   "type": "Feature",
   "geometry": {
    "type": "Point",
    "coordinates": [
     11.94533412907888,
     57.71365783308948
    ]
   },
   "properties": {
    "kommun": "Göteborg",
    "namnd": "Stadsbyggnadsnämnden",
    "date": "2026-02-24",
    "paragraph": 12,
    "title": "Svar på motion om överdäckning av E6 för möjliggörande av grönområden med exploatering",
    "fastighet": null,
    "pdf_url": "https://goteborg.se/wps/portal/start/kommun-och-politik/handlingar-och-protokoll/namndhandlingar/valj-namnd-och-ar/!ut/p/z1/jZDBDoIwDIafxnO7gTMe54xiIsKCRraLGToJiUwDxESeXsCzhF6av_2-HgoaUtDOvIvcNMXTmUeXlWaXHaeC-D6hwTxeIxOh5CsZ7ULiwXkAQioYCZBGW7HcIEO5ljJeIEYe6Ck-_imO0_wRQI-fV52_-OvvPUhAgzbX_h-g7sWjsVU_qR2vQFGk7JcOpnQ3UEljbnX2yXPXdTcjwpsR7ncr6wauaGxscgsK4VWeTml7tFlr1RdDZCY3/p0/IZ7_IA2C14412H5PD06CMQABQOIML3=CZ6_IA2C14412H5PD06CMQABQOIM13=MKPbYPlw=GE=/",
    "filename": "goteborg-sbn-2026-02-24-12"
   }
  },
  {
   "type": "Feature",
   "geometry": {
    "type": "Point",
    "coordinates": [
     11.99110100107961,
     57.72155214741328
    ]
   },
   "properties": {
    "kommun": "Göteborg",
    "namnd": "Stadsbyggnadsnämnden",
    "date": "2026-02-24",
    "paragraph": 13,
    "title": "Strukturidé för Kortedalastråket",
    "fastighet": null,
    "pdf_url": "https://goteborg.se/wps/portal/start/kommun-och-politik/handlingar-och-protokoll/namndhandlingar/valj-namnd-och-ar/!ut/p/z1/jZDBDoIwDIafxnO7gTMe54xiIsKCRraLGToJiUwDxESeXsCzhF6av_2-HgoaUtDOvIvcNMXTmUeXlWaXHaeC-D6hwTxeIxOh5CsZ7ULiwXkAQioYCZBGW7HcIEO5ljJeIEYe6Ck-_imO0_wRQI-fV52_-OvvPUhAgzbX_h-g7sWjsVU_qR2vQFGk7JcOpnQ3UEljbnX2yXPXdTcjwpsR7ncr6wauaGxscgsK4VWeTml7tFlr1RdDZCY3/p0/IZ7_IA2C14412H5PD06CMQABQOIML3=CZ6_IA2C14412H5PD06CMQABQOIM13=MKPbYPlw=GE=/",
    "filename": "goteborg-sbn-2026-02-24-13"
   }
  },
  {
   "type": "Feature",
   "geometry": {
    "type": "Point",
    "coordinates": [
     11.946354537539216,
     57.711545492787124
    ]
   },
   "properties": {
    "kommun": "Göteborg",
    "namnd": "Stadsbyggnadsnämnden",
    "date": "2026-02-24",
    "paragraph": 14,
    "title": "Strukturidé för Södra Älvstranden, delen Järnvågen till Klippan",
    "fastighet": null,
    "pdf_url": "https://goteborg.se/wps/portal/start/kommun-och-politik/handlingar-och-protokoll/namndhandlingar/valj-namnd-och-ar/!ut/p/z1/jZDBDoIwDIafxnO7gTMe54xiIsKCRraLGToJiUwDxESeXsCzhF6av_2-HgoaUtDOvIvcNMXTmUeXlWaXHaeC-D6hwTxeIxOh5CsZ7ULiwXkAQioYCZBGW7HcIEO5ljJeIEYe6Ck-_imO0_wRQI-fV52_-OvvPUhAgzbX_h-g7sWjsVU_qR2vQFGk7JcOpnQ3UEljbnX2yXPXdTcjwpsR7ncr6wauaGxscgsK4VWeTml7tFlr1RdDZCY3/p0/IZ7_IA2C14412H5PD06CMQABQOIML3=CZ6_IA2C14412H5PD06CMQABQOIM13=MKPbYPlw=GE=/",
    "filename": "goteborg-sbn-2026-02-24-14"
   }
  },
  {
   "type": "Feature",
   "geometry": {
    "type": "Point",
    "coordinates": [
     11.967070254971642,
     57.698947343597105
    ]
   },
   "properties": {
    "kommun": "Göteborg",
    "namnd": "Stadsbyggnadsnämnden",
    "date": "2026-02-24",
    "paragraph": 15,
    "title": "Strukturidé för Högsbo industriområde och Dag Hammarskjöldsstråket",
    "fastighet": null,
    "pdf_url": "https://goteborg.se/wps/portal/start/kommun-och-politik/handlingar-och-protokoll/namndhandlingar/valj-namnd-och-ar/!ut/p/z1/jZDBDoIwDIafxnO7gTMe54xiIsKCRraLGToJiUwDxESeXsCzhF6av_2-HgoaUtDOvIvcNMXTmUeXlWaXHaeC-D6hwTxeIxOh5CsZ7ULiwXkAQioYCZBGW7HcIEO5ljJeIEYe6Ck-_imO0_wRQI-fV52_-OvvPUhAgzbX_h-g7sWjsVU_qR2vQFGk7JcOpnQ3UEljbnX2yXPXdTcjwpsR7ncr6wauaGxscgsK4VWeTml7tFlr1RdDZCY3/p0/IZ7_IA2C14412H5PD06CMQABQOIML3=CZ6_IA2C14412H5PD06CMQABQOIM13=MKPbYPlw=GE=/",
    "filename": "goteborg-sbn-2026-02-24-15"
   }
  },
  {
   "type": "Feature",
   "geometry": {
    "type": "Point",
    "coordinates": [
     12.00376205877746,
     57.70946216447815
    ]
   },
   "properties": {
    "kommun": "Göteborg",
    "namnd": "Stadsbyggnadsnämnden",
    "date": "2026-02-24",
    "paragraph": 16,
    "title": "Strukturidé för Hjalmar Brantingsstråket",
    "fastighet": null,
    "pdf_url": "https://goteborg.se/wps/portal/start/kommun-och-politik/handlingar-och-protokoll/namndhandlingar/valj-namnd-och-ar/!ut/p/z1/jZDBDoIwDIafxnO7gTMe54xiIsKCRraLGToJiUwDxESeXsCzhF6av_2-HgoaUtDOvIvcNMXTmUeXlWaXHaeC-D6hwTxeIxOh5CsZ7ULiwXkAQioYCZBGW7HcIEO5ljJeIEYe6Ck-_imO0_wRQI-fV52_-OvvPUhAgzbX_h-g7sWjsVU_qR2vQFGk7JcOpnQ3UEljbnX2yXPXdTcjwpsR7ncr6wauaGxscgsK4VWeTml7tFlr1RdDZCY3/p0/IZ7_IA2C14412H5PD06CMQABQOIML3=CZ6_IA2C14412H5PD06CMQABQOIM13=MKPbYPlw=GE=/",
    "filename": "goteborg-sbn-2026-02-24-16"
   }
  },
  {
   "type": "Feature",
   "geometry": {
    "type": "Point",
    "coordinates": [
     11.98871072113036,
     57.701235072896175
    ]
   },
   "properties": {
    "kommun": "Göteborg",
    "namnd": "Stadsbyggnadsnämnden",
    "date": "2026-02-24",
    "paragraph": 17,
    "title": "Planeringsinriktning förstudie Örgrytevägen, Delsträcka 1 - Korsvägen till Mölndalsån",
    "fastighet": "Delsträcka 1",
    "pdf_url": "https://goteborg.se/wps/portal/start/kommun-och-politik/handlingar-och-protokoll/namndhandlingar/valj-namnd-och-ar/!ut/p/z1/jZDBDoIwDIafxnO7gTMe54xiIsKCRraLGToJiUwDxESeXsCzhF6av_2-HgoaUtDOvIvcNMXTmUeXlWaXHaeC-D6hwTxeIxOh5CsZ7ULiwXkAQioYCZBGW7HcIEO5ljJeIEYe6Ck-_imO0_wRQI-fV52_-OvvPUhAgzbX_h-g7sWjsVU_qR2vQFGk7JcOpnQ3UEljbnX2yXPXdTcjwpsR7ncr6wauaGxscgsK4VWeTml7tFlr1RdDZCY3/p0/IZ7_IA2C14412H5PD06CMQABQOIML3=CZ6_IA2C14412H5PD06CMQABQOIM13=MKPbYPlw=GE=/",
    "filename": "goteborg-sbn-2026-02-24-17"
   }
  },
  {
   "type": "Feature",
   "geometry": {
    "type": "Point",
    "coordinates": [
     11.996702576425946,
     57.72016764298682
    ]
   },
   "properties": {
    "kommun": "Göteborg",
    "namnd": "Stadsbyggnadsnämnden",
    "date": "2026-02-24",
    "paragraph": 18,
    "title": "Yrkande SD – Säkerställa bevarande och tillskapande av grönytor i Göteborg",
    "fastighet": null,
    "pdf_url": "https://goteborg.se/wps/portal/start/kommun-och-politik/handlingar-och-protokoll/namndhandlingar/valj-namnd-och-ar/!ut/p/z1/jZDBDoIwDIafxnO7gTMe54xiIsKCRraLGToJiUwDxESeXsCzhF6av_2-HgoaUtDOvIvcNMXTmUeXlWaXHaeC-D6hwTxeIxOh5CsZ7ULiwXkAQioYCZBGW7HcIEO5ljJeIEYe6Ck-_imO0_wRQI-fV52_-OvvPUhAgzbX_h-g7sWjsVU_qR2vQFGk7JcOpnQ3UEljbnX2yXPXdTcjwpsR7ncr6wauaGxscgsK4VWeTml7tFlr1RdDZCY3/p0/IZ7_IA2C14412H5PD06CMQABQOIML3=CZ6_IA2C14412H5PD06CMQABQOIM13=MKPbYPlw=GE=/",
    "filename": "goteborg-sbn-2026-02-24-18"
   }
  },
  {
   "type": "Feature",
   "geometry": {
    "type": "Point",
    "coordinates": [
     11.977881542031984,
     57.70300308522783
    ]
   },
   "properties": {
    "kommun": "Göteborg",
    "namnd": "Stadsbyggnadsnämnden",
    "date": "2026-02-24",
    "paragraph": 19,
    "title": "Tillstyrkande av detaljplan för verksamheter vid Gamla Sörredsvägen i stadsdelen Sörred",
    "fastighet": null,
    "pdf_url": "https://goteborg.se/wps/portal/start/kommun-och-politik/handlingar-och-protokoll/namndhandlingar/valj-namnd-och-ar/!ut/p/z1/jZDBDoIwDIafxnO7gTMe54xiIsKCRraLGToJiUwDxESeXsCzhF6av_2-HgoaUtDOvIvcNMXTmUeXlWaXHaeC-D6hwTxeIxOh5CsZ7ULiwXkAQioYCZBGW7HcIEO5ljJeIEYe6Ck-_imO0_wRQI-fV52_-OvvPUhAgzbX_h-g7sWjsVU_qR2vQFGk7JcOpnQ3UEljbnX2yXPXdTcjwpsR7ncr6wauaGxscgsK4VWeTml7tFlr1RdDZCY3/p0/IZ7_IA2C14412H5PD06CMQABQOIML3=CZ6_IA2C14412H5PD06CMQABQOIM13=MKPbYPlw=GE=/",
    "filename": "goteborg-sbn-2026-02-24-19"
   }
  },
  {
   "type": "Feature",
   "geometry": {
    "type": "Point",
    "coordinates": [
     11.985310963548148,
     57.69789678982159
    ]
   },
   "properties": {
    "kommun": "Göteborg",
    "namnd": "Stadsbyggnadsnämnden",
    "date": "2026-02-24",
    "paragraph": 20,
    "title": "Antagande av detaljplan för kontor och mobilitetshubb vid Västra Ramberget inom stadsdelen Rambergsstaden",
    "fastighet": null,
    "pdf_url": "https://goteborg.se/wps/portal/start/kommun-och-politik/handlingar-och-protokoll/namndhandlingar/valj-namnd-och-ar/!ut/p/z1/jZDBDoIwDIafxnO7gTMe54xiIsKCRraLGToJiUwDxESeXsCzhF6av_2-HgoaUtDOvIvcNMXTmUeXlWaXHaeC-D6hwTxeIxOh5CsZ7ULiwXkAQioYCZBGW7HcIEO5ljJeIEYe6Ck-_imO0_wRQI-fV52_-OvvPUhAgzbX_h-g7sWjsVU_qR2vQFGk7JcOpnQ3UEljbnX2yXPXdTcjwpsR7ncr6wauaGxscgsK4VWeTml7tFlr1RdDZCY3/p0/IZ7_IA2C14412H5PD06CMQABQOIML3=CZ6_IA2C14412H5PD06CMQABQOIM13=MKPbYPlw=GE=/",
    "filename": "goteborg-sbn-2026-02-24-20"
   }
  },
  {
   "type": "Feature",
   "geometry": {
    "type": "Point",
    "coordinates": [
     11.986688504270669,
     57.70065802330108
    ]
   },
   "properties": {
    "kommun": "Göteborg",
    "namnd": "Stadsbyggnadsnämnden",
    "date": "2026-02-24",
    "paragraph": 21,
    "title": "Antagande av detaljplan för kontor och verksamheter vid Björklundabacken inom stadsdelen Askim",
    "fastighet": null,
    "pdf_url": "https://goteborg.se/wps/portal/start/kommun-och-politik/handlingar-och-protokoll/namndhandlingar/valj-namnd-och-ar/!ut/p/z1/jZDBDoIwDIafxnO7gTMe54xiIsKCRraLGToJiUwDxESeXsCzhF6av_2-HgoaUtDOvIvcNMXTmUeXlWaXHaeC-D6hwTxeIxOh5CsZ7ULiwXkAQioYCZBGW7HcIEO5ljJeIEYe6Ck-_imO0_wRQI-fV52_-OvvPUhAgzbX_h-g7sWjsVU_qR2vQFGk7JcOpnQ3UEljbnX2yXPXdTcjwpsR7ncr6wauaGxscgsK4VWeTml7tFlr1RdDZCY3/p0/IZ7_IA2C14412H5PD06CMQABQOIML3=CZ6_IA2C14412H5PD06CMQABQOIM13=MKPbYPlw=GE=/",
    "filename": "goteborg-sbn-2026-02-24-21"
   }
  },
  {
   "type": "Feature",
   "geometry": {
    "type": "Point",
    "coordinates": [
     11.957557699533089,
     57.699147981470084
    ]
   },
   "properties": {
    "kommun": "Göteborg",
    "namnd": "Stadsbyggnadsnämnden",
    "date": "2026-02-24",
    "paragraph": 22,
    "title": "Granskning av detaljplan för stadsutveckling nordväst om Järnbrottsmotet del 5, kontor m.m. inom stadsdelen Järnbrott",
    "fastighet": null,
    "pdf_url": "https://goteborg.se/wps/portal/start/kommun-och-politik/handlingar-och-protokoll/namndhandlingar/valj-namnd-och-ar/!ut/p/z1/jZDBDoIwDIafxnO7gTMe54xiIsKCRraLGToJiUwDxESeXsCzhF6av_2-HgoaUtDOvIvcNMXTmUeXlWaXHaeC-D6hwTxeIxOh5CsZ7ULiwXkAQioYCZBGW7HcIEO5ljJeIEYe6Ck-_imO0_wRQI-fV52_-OvvPUhAgzbX_h-g7sWjsVU_qR2vQFGk7JcOpnQ3UEljbnX2yXPXdTcjwpsR7ncr6wauaGxscgsK4VWeTml7tFlr1RdDZCY3/p0/IZ7_IA2C14412H5PD06CMQABQOIML3=CZ6_IA2C14412H5PD06CMQABQOIM13=MKPbYPlw=GE=/",
    "filename": "goteborg-sbn-2026-02-24-22"
   }
  },
  {
   "type": "Feature",
   "geometry": {
    "type": "Point",
    "coordinates": [
     12.008215038907704,
     57.717009784784146
    ]
   },
   "properties": {
    "kommun": "Göteborg",
    "namnd": "Stadsbyggnadsnämnden",
    "date": "2026-02-24",
    "paragraph": 23,
    "title": "Samråd om detaljplan för spårväg mellan Lindholmen-Linnéplatsen inom stadsdelarna, Lindholmen, Stigberget, Masthugget, Änggården, Olivedal och Annedal",
    "fastighet": null,
    "pdf_url": "https://goteborg.se/wps/portal/start/kommun-och-politik/handlingar-och-protokoll/namndhandlingar/valj-namnd-och-ar/!ut/p/z1/jZDBDoIwDIafxnO7gTMe54xiIsKCRraLGToJiUwDxESeXsCzhF6av_2-HgoaUtDOvIvcNMXTmUeXlWaXHaeC-D6hwTxeIxOh5CsZ7ULiwXkAQioYCZBGW7HcIEO5ljJeIEYe6Ck-_imO0_wRQI-fV52_-OvvPUhAgzbX_h-g7sWjsVU_qR2vQFGk7JcOpnQ3UEljbnX2yXPXdTcjwpsR7ncr6wauaGxscgsK4VWeTml7tFlr1RdDZCY3/p0/IZ7_IA2C14412H5PD06CMQABQOIML3=CZ6_IA2C14412H5PD06CMQABQOIM13=MKPbYPlw=GE=/",
    "filename": "goteborg-sbn-2026-02-24-23"
   }
  },
  {
   "type": "Feature",
   "geometry": {
    "type": "Point",
    "coordinates": [
     11.934656935968777,
     57.69765271091872
    ]
   },
   "properties": {
    "kommun": "Göteborg",
    "namnd": "Stadsbyggnadsnämnden",
    "date": "2026-02-24",
    "paragraph": 24,
    "title": "Uppdrag till stadsbyggnadsdirektören att teckna planavtal för detaljplan för spårväg mellan Lindholmen-Linnéplatsen inom stadsdelarna, Lindholmen, Stigberget, Masthugget, Änggården, Olivedal och Annedal",
    "fastighet": null,
    "pdf_url": "https://goteborg.se/wps/portal/start/kommun-och-politik/handlingar-och-protokoll/namndhandlingar/valj-namnd-och-ar/!ut/p/z1/jZDBDoIwDIafxnO7gTMe54xiIsKCRraLGToJiUwDxESeXsCzhF6av_2-HgoaUtDOvIvcNMXTmUeXlWaXHaeC-D6hwTxeIxOh5CsZ7ULiwXkAQioYCZBGW7HcIEO5ljJeIEYe6Ck-_imO0_wRQI-fV52_-OvvPUhAgzbX_h-g7sWjsVU_qR2vQFGk7JcOpnQ3UEljbnX2yXPXdTcjwpsR7ncr6wauaGxscgsK4VWeTml7tFlr1RdDZCY3/p0/IZ7_IA2C14412H5PD06CMQABQOIML3=CZ6_IA2C14412H5PD06CMQABQOIM13=MKPbYPlw=GE=/",
    "filename": "goteborg-sbn-2026-02-24-24"
   }
  },
  {
   "type": "Feature",
   "geometry": {
    "type": "Point",
    "coordinates": [
     11.97530850769194,
     57.70192295930829
    ]
   },
   "properties": {
    "kommun": "Göteborg",
    "namnd": "Stadsbyggnadsnämnden",
    "date": "2026-02-24",
    "paragraph": 25,
    "title": "Samråd om detaljplan för förskola vid Slättadammsgatan inom stadsdelen Tolered",
    "fastighet": null,
    "pdf_url": "https://goteborg.se/wps/portal/start/kommun-och-politik/handlingar-och-protokoll/namndhandlingar/valj-namnd-och-ar/!ut/p/z1/jZDBDoIwDIafxnO7gTMe54xiIsKCRraLGToJiUwDxESeXsCzhF6av_2-HgoaUtDOvIvcNMXTmUeXlWaXHaeC-D6hwTxeIxOh5CsZ7ULiwXkAQioYCZBGW7HcIEO5ljJeIEYe6Ck-_imO0_wRQI-fV52_-OvvPUhAgzbX_h-g7sWjsVU_qR2vQFGk7JcOpnQ3UEljbnX2yXPXdTcjwpsR7ncr6wauaGxscgsK4VWeTml7tFlr1RdDZCY3/p0/IZ7_IA2C14412H5PD06CMQABQOIML3=CZ6_IA2C14412H5PD06CMQABQOIM13=MKPbYPlw=GE=/",
    "filename": "goteborg-sbn-2026-02-24-25"
   }
  },
  {
   "type": "Feature",
   "geometry": {
    "type": "Point",
    "coordinates": [
     12.010993725878485,
     57.71500275369012
    ]
   },
   "properties": {
    "kommun": "Göteborg",
    "namnd": "Stadsbyggnadsnämnden",
    "date": "2026-02-24",
    "paragraph": 26,
    "title": "Samråd om detaljplan för simhall vid Gamla Flygplatsvägen inom stadsdelen Torslanda",
    "fastighet": null,
    "pdf_url": "https://goteborg.se/wps/portal/start/kommun-och-politik/handlingar-och-protokoll/namndhandlingar/valj-namnd-och-ar/!ut/p/z1/jZDBDoIwDIafxnO7gTMe54xiIsKCRraLGToJiUwDxESeXsCzhF6av_2-HgoaUtDOvIvcNMXTmUeXlWaXHaeC-D6hwTxeIxOh5CsZ7ULiwXkAQioYCZBGW7HcIEO5ljJeIEYe6Ck-_imO0_wRQI-fV52_-OvvPUhAgzbX_h-g7sWjsVU_qR2vQFGk7JcOpnQ3UEljbnX2yXPXdTcjwpsR7ncr6wauaGxscgsK4VWeTml7tFlr1RdDZCY3/p0/IZ7_IA2C14412H5PD06CMQABQOIML3=CZ6_IA2C14412H5PD06CMQABQOIM13=MKPbYPlw=GE=/",
    "filename": "goteborg-sbn-2026-02-24-26"
   }
  },
  {
   "type": "Feature",
   "geometry": {
    "type": "Point",
    "coordinates": [
     11.998680338464949,
     57.70365187316014
    ]
   },
   "properties": {
    "kommun": "Göteborg",
    "namnd": "Stadsbyggnadsnämnden",
    "date": "2026-02-24",
    "paragraph": 27,
    "title": "Ändring av beslut om planbesked för upphävande/ändring av tomtindelning vid Tagenevägen (Kärra 72:14) inom stadsdelen Kärra",
    "fastighet": "Kärra 72:14",
    "pdf_url": "https://goteborg.se/wps/portal/start/kommun-och-politik/handlingar-och-protokoll/namndhandlingar/valj-namnd-och-ar/!ut/p/z1/jZDBDoIwDIafxnO7gTMe54xiIsKCRraLGToJiUwDxESeXsCzhF6av_2-HgoaUtDOvIvcNMXTmUeXlWaXHaeC-D6hwTxeIxOh5CsZ7ULiwXkAQioYCZBGW7HcIEO5ljJeIEYe6Ck-_imO0_wRQI-fV52_-OvvPUhAgzbX_h-g7sWjsVU_qR2vQFGk7JcOpnQ3UEljbnX2yXPXdTcjwpsR7ncr6wauaGxscgsK4VWeTml7tFlr1RdDZCY3/p0/IZ7_IA2C14412H5PD06CMQABQOIML3=CZ6_IA2C14412H5PD06CMQABQOIM13=MKPbYPlw=GE=/",
    "filename": "goteborg-sbn-2026-02-24-27"
   }
  },
  {
   "type": "Feature",
   "geometry": {
    "type": "Point",
    "coordinates": [
     11.991705475673188,
     57.72232495753162
    ]
   },
   "properties": {
    "kommun": "Göteborg",
    "namnd": "Stadsbyggnadsnämnden",
    "date": "2026-02-24",
    "paragraph": 29,
    "title": "Samråd om program för Lindholmen inom stadsdelarna Lundbyvassen och Lindholmen",
    "fastighet": null,
    "pdf_url": "https://goteborg.se/wps/portal/start/kommun-och-politik/handlingar-och-protokoll/namndhandlingar/valj-namnd-och-ar/!ut/p/z1/jZDBDoIwDIafxnO7gTMe54xiIsKCRraLGToJiUwDxESeXsCzhF6av_2-HgoaUtDOvIvcNMXTmUeXlWaXHaeC-D6hwTxeIxOh5CsZ7ULiwXkAQioYCZBGW7HcIEO5ljJeIEYe6Ck-_imO0_wRQI-fV52_-OvvPUhAgzbX_h-g7sWjsVU_qR2vQFGk7JcOpnQ3UEljbnX2yXPXdTcjwpsR7ncr6wauaGxscgsK4VWeTml7tFlr1RdDZCY3/p0/IZ7_IA2C14412H5PD06CMQABQOIML3=CZ6_IA2C14412H5PD06CMQABQOIM13=MKPbYPlw=GE=/",
    "filename": "goteborg-sbn-2026-02-24-29"
   }
  },
  {
   "type": "Feature",
   "geometry": {
    "type": "Point",
    "coordinates": [
     11.99560057938159,
     57.70232738852881
    ]
   },
   "properties": {
    "kommun": "Göteborg",
    "namnd": "Stadsbyggnadsnämnden",
    "date": "2026-02-24",
    "paragraph": 30,
    "title": "Samråd om detaljplan för förskola och bostäder i norra Kortedala inom stadsdelen Kortedala",
    "fastighet": null,
    "pdf_url": "https://goteborg.se/wps/portal/start/kommun-och-politik/handlingar-och-protokoll/namndhandlingar/valj-namnd-och-ar/!ut/p/z1/jZDBDoIwDIafxnO7gTMe54xiIsKCRraLGToJiUwDxESeXsCzhF6av_2-HgoaUtDOvIvcNMXTmUeXlWaXHaeC-D6hwTxeIxOh5CsZ7ULiwXkAQioYCZBGW7HcIEO5ljJeIEYe6Ck-_imO0_wRQI-fV52_-OvvPUhAgzbX_h-g7sWjsVU_qR2vQFGk7JcOpnQ3UEljbnX2yXPXdTcjwpsR7ncr6wauaGxscgsK4VWeTml7tFlr1RdDZCY3/p0/IZ7_IA2C14412H5PD06CMQABQOIML3=CZ6_IA2C14412H5PD06CMQABQOIM13=MKPbYPlw=GE=/",
    "filename": "goteborg-sbn-2026-02-24-30"
   }
  },
  {
   "type": "Feature",
   "geometry": {
    "type": "Point",
    "coordinates": [
     11.941000333612967,
     57.720958449519784
    ]
   },
   "properties": {
    "kommun": "Göteborg",
    "namnd": "Stadsbyggnadsnämnden",
    "date": "2026-02-24",
    "paragraph": 31,
    "title": "Planbesked för kontor, hotell med mera vid Norra Ågatan (Stampen 21:3) inom stadsdelen Stampen",
    "fastighet": "Stampen 21:3",
    "pdf_url": "https://goteborg.se/wps/portal/start/kommun-och-politik/handlingar-och-protokoll/namndhandlingar/valj-namnd-och-ar/!ut/p/z1/jZDBDoIwDIafxnO7gTMe54xiIsKCRraLGToJiUwDxESeXsCzhF6av_2-HgoaUtDOvIvcNMXTmUeXlWaXHaeC-D6hwTxeIxOh5CsZ7ULiwXkAQioYCZBGW7HcIEO5ljJeIEYe6Ck-_imO0_wRQI-fV52_-OvvPUhAgzbX_h-g7sWjsVU_qR2vQFGk7JcOpnQ3UEljbnX2yXPXdTcjwpsR7ncr6wauaGxscgsK4VWeTml7tFlr1RdDZCY3/p0/IZ7_IA2C14412H5PD06CMQABQOIML3=CZ6_IA2C14412H5PD06CMQABQOIM13=MKPbYPlw=GE=/",
    "filename": "goteborg-sbn-2026-02-24-31"
   }
  },
  {
   "type": "Feature",
   "geometry": {
    "type": "Point",
    "coordinates": [
     11.979694374136091,
     57.722165322139126
    ]
   },
   "properties": {
    "kommun": "Göteborg",
    "namnd": "Stadsbyggnadsnämnden",
    "date": "2026-02-24",
    "paragraph": 32,
    "title": "Planbesked för ändrad användning för Carl Skottbergsgatan 22B (Änggården 34:2) inom stadsdelen Änggården",
    "fastighet": "Änggården 34:2",
    "pdf_url": "https://goteborg.se/wps/portal/start/kommun-och-politik/handlingar-och-protokoll/namndhandlingar/valj-namnd-och-ar/!ut/p/z1/jZDBDoIwDIafxnO7gTMe54xiIsKCRraLGToJiUwDxESeXsCzhF6av_2-HgoaUtDOvIvcNMXTmUeXlWaXHaeC-D6hwTxeIxOh5CsZ7ULiwXkAQioYCZBGW7HcIEO5ljJeIEYe6Ck-_imO0_wRQI-fV52_-OvvPUhAgzbX_h-g7sWjsVU_qR2vQFGk7JcOpnQ3UEljbnX2yXPXdTcjwpsR7ncr6wauaGxscgsK4VWeTml7tFlr1RdDZCY3/p0/IZ7_IA2C14412H5PD06CMQABQOIML3=CZ6_IA2C14412H5PD06CMQABQOIM13=MKPbYPlw=GE=/",
    "filename": "goteborg-sbn-2026-02-24-32"
   }
  },
  {
   "type": "Feature",
   "geometry": {
    "type": "Point",
    "coordinates": [
     11.951285265585835,
     57.7206566721876
    ]
   },
   "properties": {
    "kommun": "Göteborg",
    "namnd": "Stadsbyggnadsnämnden",
    "date": "2026-02-24",
    "paragraph": 33,
    "title": "Avbrytande av detaljplan för bostäder vid Jättestensgatan samt ändring av detaljplan III-3613 kv 81 Relikskrinet inom stadsdelen Kyrkbyn",
    "fastighet": null,
    "pdf_url": "https://goteborg.se/wps/portal/start/kommun-och-politik/handlingar-och-protokoll/namndhandlingar/valj-namnd-och-ar/!ut/p/z1/jZDBDoIwDIafxnO7gTMe54xiIsKCRraLGToJiUwDxESeXsCzhF6av_2-HgoaUtDOvIvcNMXTmUeXlWaXHaeC-D6hwTxeIxOh5CsZ7ULiwXkAQioYCZBGW7HcIEO5ljJeIEYe6Ck-_imO0_wRQI-fV52_-OvvPUhAgzbX_h-g7sWjsVU_qR2vQFGk7JcOpnQ3UEljbnX2yXPXdTcjwpsR7ncr6wauaGxscgsK4VWeTml7tFlr1RdDZCY3/p0/IZ7_IA2C14412H5PD06CMQABQOIML3=CZ6_IA2C14412H5PD06CMQABQOIM13=MKPbYPlw=GE=/",
    "filename": "goteborg-sbn-2026-02-24-33"
   }
  },
  {
   "type": "Feature",
   "geometry": {
    "type": "Point",
    "coordinates": [
     11.967760335958351,
     57.71257795769834
    ]
   },
   "properties": {
    "kommun": "Göteborg",
    "namnd": "Stadsbyggnadsnämnden",
    "date": "2026-02-24",
    "paragraph": 34,
    "title": "Stadsutvecklingsförslag för ersättningsarena för Valhalla IP inom stadsdelen Kviberg samt uppdrag för detaljplan",
    "fastighet": null,
    "pdf_url": "https://goteborg.se/wps/portal/start/kommun-och-politik/handlingar-och-protokoll/namndhandlingar/valj-namnd-och-ar/!ut/p/z1/jZDBDoIwDIafxnO7gTMe54xiIsKCRraLGToJiUwDxESeXsCzhF6av_2-HgoaUtDOvIvcNMXTmUeXlWaXHaeC-D6hwTxeIxOh5CsZ7ULiwXkAQioYCZBGW7HcIEO5ljJeIEYe6Ck-_imO0_wRQI-fV52_-OvvPUhAgzbX_h-g7sWjsVU_qR2vQFGk7JcOpnQ3UEljbnX2yXPXdTcjwpsR7ncr6wauaGxscgsK4VWeTml7tFlr1RdDZCY3/p0/IZ7_IA2C14412H5PD06CMQABQOIML3=CZ6_IA2C14412H5PD06CMQABQOIM13=MKPbYPlw=GE=/",
    "filename": "goteborg-sbn-2026-02-24-34"
   }
  },
  {
   "type": "Feature",
   "geometry": {
    "type": "Point",
    "coordinates": [
     11.999075045074095,
     57.69815151648932
    ]
   },
   "properties": {
    "kommun": "Göteborg",
    "namnd": "Stadsbyggnadsnämnden",
    "date": "2026-02-24",
    "paragraph": 35,
    "title": "Granskning av detaljplan för förskola och bostäder vid Köpenhamnsgatan (Bräcke 729:179) inom stadsdelen Bräcke",
    "fastighet": "Bräcke 729:179",
    "pdf_url": "https://goteborg.se/wps/portal/start/kommun-och-politik/handlingar-och-protokoll/namndhandlingar/valj-namnd-och-ar/!ut/p/z1/jZDBDoIwDIafxnO7gTMe54xiIsKCRraLGToJiUwDxESeXsCzhF6av_2-HgoaUtDOvIvcNMXTmUeXlWaXHaeC-D6hwTxeIxOh5CsZ7ULiwXkAQioYCZBGW7HcIEO5ljJeIEYe6Ck-_imO0_wRQI-fV52_-OvvPUhAgzbX_h-g7sWjsVU_qR2vQFGk7JcOpnQ3UEljbnX2yXPXdTcjwpsR7ncr6wauaGxscgsK4VWeTml7tFlr1RdDZCY3/p0/IZ7_IA2C14412H5PD06CMQABQOIML3=CZ6_IA2C14412H5PD06CMQABQOIM13=MKPbYPlw=GE=/",
    "filename": "goteborg-sbn-2026-02-24-35"
   }
  },
  {
   "type": "Feature",
   "geometry": {
    "type": "Point",
    "coordinates": [
     11.996444824363122,
     57.70420812525318
    ]
   },
   "properties": {
    "kommun": "Göteborg",
    "namnd": "Stadsbyggnadsnämnden",
    "date": "2026-02-24",
    "paragraph": 36,
    "title": "Planbesked för bostäder vid Skånegatan (Heden 22:14) inom stadsdelen Heden",
    "fastighet": "Heden 22:14",
    "pdf_url": "https://goteborg.se/wps/portal/start/kommun-och-politik/handlingar-och-protokoll/namndhandlingar/valj-namnd-och-ar/!ut/p/z1/jZDBDoIwDIafxnO7gTMe54xiIsKCRraLGToJiUwDxESeXsCzhF6av_2-HgoaUtDOvIvcNMXTmUeXlWaXHaeC-D6hwTxeIxOh5CsZ7ULiwXkAQioYCZBGW7HcIEO5ljJeIEYe6Ck-_imO0_wRQI-fV52_-OvvPUhAgzbX_h-g7sWjsVU_qR2vQFGk7JcOpnQ3UEljbnX2yXPXdTcjwpsR7ncr6wauaGxscgsK4VWeTml7tFlr1RdDZCY3/p0/IZ7_IA2C14412H5PD06CMQABQOIML3=CZ6_IA2C14412H5PD06CMQABQOIM13=MKPbYPlw=GE=/",
    "filename": "goteborg-sbn-2026-02-24-36"
   }
  },
  {
   "type": "Feature",
   "geometry": {
    "type": "Point",
    "coordinates": [
     11.939831679003358,
     57.69884897527977
    ]
   },
   "properties": {
    "kommun": "Göteborg",
    "namnd": "Stadsbyggnadsnämnden",
    "date": "2026-02-24",
    "paragraph": 46,
    "title": "Svar på motion om att göra om Askims simhall till idrottsanläggning",
    "fastighet": null,
    "pdf_url": "https://goteborg.se/wps/portal/start/kommun-och-politik/handlingar-och-protokoll/namndhandlingar/valj-namnd-och-ar/!ut/p/z1/jZDBDoIwDIafxnO7gTMe54xiIsKCRraLGToJiUwDxESeXsCzhF6av_2-HgoaUtDOvIvcNMXTmUeXlWaXHaeC-D6hwTxeIxOh5CsZ7ULiwXkAQioYCZBGW7HcIEO5ljJeIEYe6Ck-_imO0_wRQI-fV52_-OvvPUhAgzbX_h-g7sWjsVU_qR2vQFGk7JcOpnQ3UEljbnX2yXPXdTcjwpsR7ncr6wauaGxscgsK4VWeTml7tFlr1RdDZCY3/p0/IZ7_IA2C14412H5PD06CMQABQOIML3=CZ6_IA2C14412H5PD06CMQABQOIM13=MKPbYPlw=GE=/",
    "filename": "goteborg-sbn-2026-02-24-46"
   }
  },
  {
   "type": "Feature",
   "geometry": {
    "type": "Point",
    "coordinates": [
     11.972680552228926,
     57.71899812023013
    ]
   },
   "properties": {
    "kommun": "Göteborg",
    "namnd": "Stadsbyggnadsnämnden",
    "date": "2026-02-24",
    "paragraph": 60,
    "title": "Yrkande M, D, L, KD angående - Samverkan för lösningar på hemsortering i kulturhistoriskt värdefulla och trångbebyggda områden såsom Trädgårdsstaden Änggården",
    "fastighet": null,
    "pdf_url": "https://goteborg.se/wps/portal/start/kommun-och-politik/handlingar-och-protokoll/namndhandlingar/valj-namnd-och-ar/!ut/p/z1/jZDBDoIwDIafxnO7gTMe54xiIsKCRraLGToJiUwDxESeXsCzhF6av_2-HgoaUtDOvIvcNMXTmUeXlWaXHaeC-D6hwTxeIxOh5CsZ7ULiwXkAQioYCZBGW7HcIEO5ljJeIEYe6Ck-_imO0_wRQI-fV52_-OvvPUhAgzbX_h-g7sWjsVU_qR2vQFGk7JcOpnQ3UEljbnX2yXPXdTcjwpsR7ncr6wauaGxscgsK4VWeTml7tFlr1RdDZCY3/p0/IZ7_IA2C14412H5PD06CMQABQOIML3=CZ6_IA2C14412H5PD06CMQABQOIM13=MKPbYPlw=GE=/",
    "filename": "goteborg-sbn-2026-02-24-60"
   }
  },
  {
   "type": "Feature",
   "geometry": {
    "type": "Point",
    "coordinates": [
     11.968772643497307,
     57.70893295172702
    ]
   },
   "properties": {
    "kommun": "Göteborg",
    "namnd": "Stadsbyggnadsnämnden",
    "date": "2026-02-24",
    "paragraph": 63,
    "title": "Anmälan av delegationsbeslut 2026-02-24",
    "fastighet": null,
    "pdf_url": "https://goteborg.se/wps/portal/start/kommun-och-politik/handlingar-och-protokoll/namndhandlingar/valj-namnd-och-ar/!ut/p/z1/jZDBDoIwDIafxnO7gTMe54xiIsKCRraLGToJiUwDxESeXsCzhF6av_2-HgoaUtDOvIvcNMXTmUeXlWaXHaeC-D6hwTxeIxOh5CsZ7ULiwXkAQioYCZBGW7HcIEO5ljJeIEYe6Ck-_imO0_wRQI-fV52_-OvvPUhAgzbX_h-g7sWjsVU_qR2vQFGk7JcOpnQ3UEljbnX2yXPXdTcjwpsR7ncr6wauaGxscgsK4VWeTml7tFlr1RdDZCY3/p0/IZ7_IA2C14412H5PD06CMQABQOIML3=CZ6_IA2C14412H5PD06CMQABQOIM13=MKPbYPlw=GE=/",
    "filename": "goteborg-sbn-2026-02-24-63"
   }
  },
  {
   "type": "Feature",
   "geometry": {
    "type": "Point",
    "coordinates": [
     11.939434768767772,
     57.71965379940929
    ]
   },
   "properties": {
    "kommun": "Göteborg",
    "namnd": "Stadsbyggnadsnämnden",
    "date": "2026-02-24",
    "paragraph": 67,
    "title": "Information om KORP-kalkyler",
    "fastighet": null,
    "pdf_url": "https://goteborg.se/wps/portal/start/kommun-och-politik/handlingar-och-protokoll/namndhandlingar/valj-namnd-och-ar/!ut/p/z1/jZDBDoIwDIafxnO7gTMe54xiIsKCRraLGToJiUwDxESeXsCzhF6av_2-HgoaUtDOvIvcNMXTmUeXlWaXHaeC-D6hwTxeIxOh5CsZ7ULiwXkAQioYCZBGW7HcIEO5ljJeIEYe6Ck-_imO0_wRQI-fV52_-OvvPUhAgzbX_h-g7sWjsVU_qR2vQFGk7JcOpnQ3UEljbnX2yXPXdTcjwpsR7ncr6wauaGxscgsK4VWeTml7tFlr1RdDZCY3/p0/IZ7_IA2C14412H5PD06CMQABQOIML3=CZ6_IA2C14412H5PD06CMQABQOIM13=MKPbYPlw=GE=/",
    "filename": "goteborg-sbn-2026-02-24-67"
   }
  },
  {
   "type": "Feature",
   "geometry": {
    "type": "Point",
    "coordinates": [
     11.954205847988163,
     57.70329635465351
    ]
   },
   "properties": {
    "kommun": "Göteborg",
    "namnd": "Stadsbyggnadsnämnden",
    "date": "2026-02-24",
    "paragraph": 68,
    "title": "Information om ändring av Översiktsplan för Göteborg",
    "fastighet": null,
    "pdf_url": "https://goteborg.se/wps/portal/start/kommun-och-politik/handlingar-och-protokoll/namndhandlingar/valj-namnd-och-ar/!ut/p/z1/jZDBDoIwDIafxnO7gTMe54xiIsKCRraLGToJiUwDxESeXsCzhF6av_2-HgoaUtDOvIvcNMXTmUeXlWaXHaeC-D6hwTxeIxOh5CsZ7ULiwXkAQioYCZBGW7HcIEO5ljJeIEYe6Ck-_imO0_wRQI-fV52_-OvvPUhAgzbX_h-g7sWjsVU_qR2vQFGk7JcOpnQ3UEljbnX2yXPXdTcjwpsR7ncr6wauaGxscgsK4VWeTml7tFlr1RdDZCY3/p0/IZ7_IA2C14412H5PD06CMQABQOIML3=CZ6_IA2C14412H5PD06CMQABQOIM13=MKPbYPlw=GE=/",
    "filename": "goteborg-sbn-2026-02-24-68"
   }
  },
  {
   "type": "Feature",
   "geometry": {
    "type": "Point",
    "coordinates": [
     12.01030595652621,
     57.71895675439894
    ]
   },
   "properties": {
    "kommun": "Göteborg",
    "namnd": "Stadsbyggnadsnämnden",
    "date": "2026-02-24",
    "paragraph": 69,
    "title": "Information om program för bostadsförsörjning",
    "fastighet": null,
    "pdf_url": "https://goteborg.se/wps/portal/start/kommun-och-politik/handlingar-och-protokoll/namndhandlingar/valj-namnd-och-ar/!ut/p/z1/jZDBDoIwDIafxnO7gTMe54xiIsKCRraLGToJiUwDxESeXsCzhF6av_2-HgoaUtDOvIvcNMXTmUeXlWaXHaeC-D6hwTxeIxOh5CsZ7ULiwXkAQioYCZBGW7HcIEO5ljJeIEYe6Ck-_imO0_wRQI-fV52_-OvvPUhAgzbX_h-g7sWjsVU_qR2vQFGk7JcOpnQ3UEljbnX2yXPXdTcjwpsR7ncr6wauaGxscgsK4VWeTml7tFlr1RdDZCY3/p0/IZ7_IA2C14412H5PD06CMQABQOIML3=CZ6_IA2C14412H5PD06CMQABQOIM13=MKPbYPlw=GE=/",
    "filename": "goteborg-sbn-2026-02-24-69"
   }
  },
  {
   "type": "Feature",
   "geometry": {
    "type": "Point",
    "coordinates": [
     11.972521329390005,
     57.715669717207376
    ]
   },
   "properties": {
    "kommun": "Göteborg",
    "namnd": "Stadsbyggnadsnämnden",
    "date": "2026-02-24",
    "paragraph": 70,
    "title": "Information om förvaltningens arbetssätt för att tillgodose identifierade behov i tidiga skeden",
    "fastighet": null,
    "pdf_url": "https://goteborg.se/wps/portal/start/kommun-och-politik/handlingar-och-protokoll/namndhandlingar/valj-namnd-och-ar/!ut/p/z1/jZDBDoIwDIafxnO7gTMe54xiIsKCRraLGToJiUwDxESeXsCzhF6av_2-HgoaUtDOvIvcNMXTmUeXlWaXHaeC-D6hwTxeIxOh5CsZ7ULiwXkAQioYCZBGW7HcIEO5ljJeIEYe6Ck-_imO0_wRQI-fV52_-OvvPUhAgzbX_h-g7sWjsVU_qR2vQFGk7JcOpnQ3UEljbnX2yXPXdTcjwpsR7ncr6wauaGxscgsK4VWeTml7tFlr1RdDZCY3/p0/IZ7_IA2C14412H5PD06CMQABQOIML3=CZ6_IA2C14412H5PD06CMQABQOIM13=MKPbYPlw=GE=/",
    "filename": "goteborg-sbn-2026-02-24-70"
   }
  },
  {
   "type": "Feature",
   "geometry": {
    "type": "Point",
    "coordinates": [
     12.006862071935918,
     57.71362101796131
    ]
   },
   "properties": {
    "kommun": "Göteborg",
    "namnd": "Stadsbyggnadsnämnden",
    "date": "2026-02-03",
    "paragraph": 6,
    "title": "Stadsbyggnadsnämndens årsrapport 2025",
    "fastighet": null,
    "pdf_url": "https://goteborg.se/wps/portal/start/kommun-och-politik/handlingar-och-protokoll/namndhandlingar/valj-namnd-och-ar/!ut/p/z1/jZDBDoIwDIafxnO7gTMe54xiIsKCRraLGToJiUwDxESeXsCzhF6av_2-HgoaUtDOvIvcNMXTmUeXlWaXHaeC-D6hwTxeIxOh5CsZ7ULiwXkAQioYCZBGW7HcIEO5ljJeIEYe6Ck-_imO0_wRQI-fV52_-OvvPUhAgzbX_h-g7sWjsVU_qR2vQFGk7JcOpnQ3UEljbnX2yXPXdTcjwpsR7ncr6wauaGxscgsK4VWeTml7tFlr1RdDZCY3/p0/IZ7_IA2C14412H5PD06CMQABQOIML3=CZ6_IA2C14412H5PD06CMQABQOIM13=MKPbYPlw=GF=/",
    "filename": "goteborg-sbn-2026-02-03-06"
   }
  },
  {
   "type": "Feature",
   "geometry": {
    "type": "Point",
    "coordinates": [
     11.997543575165508,
     57.697578742756406
    ]
   },
   "properties": {
    "kommun": "Göteborg",
    "namnd": "Stadsbyggnadsnämnden",
    "date": "2026-02-03",
    "paragraph": 7,
    "title": "Revidering av stadsbyggnadsnämndens delegationsordning februari 2026",
    "fastighet": null,
    "pdf_url": "https://goteborg.se/wps/portal/start/kommun-och-politik/handlingar-och-protokoll/namndhandlingar/valj-namnd-och-ar/!ut/p/z1/jZDBDoIwDIafxnO7gTMe54xiIsKCRraLGToJiUwDxESeXsCzhF6av_2-HgoaUtDOvIvcNMXTmUeXlWaXHaeC-D6hwTxeIxOh5CsZ7ULiwXkAQioYCZBGW7HcIEO5ljJeIEYe6Ck-_imO0_wRQI-fV52_-OvvPUhAgzbX_h-g7sWjsVU_qR2vQFGk7JcOpnQ3UEljbnX2yXPXdTcjwpsR7ncr6wauaGxscgsK4VWeTml7tFlr1RdDZCY3/p0/IZ7_IA2C14412H5PD06CMQABQOIML3=CZ6_IA2C14412H5PD06CMQABQOIM13=MKPbYPlw=GF=/",
    "filename": "goteborg-sbn-2026-02-03-07"
   }
  },
  {
   "type": "Feature",
   "geometry": {
    "type": "Point",
    "coordinates": [
     11.93900813249163,
     57.71783815662505
    ]
   },
   "properties": {
    "kommun": "Göteborg",
    "namnd": "Stadsbyggnadsnämnden",
    "date": "2026-02-03",
    "paragraph": 8,
    "title": "Svar på Remiss - Boverkets rapport En gemensam väg för PBL-ärenden",
    "fastighet": null,
    "pdf_url": "https://goteborg.se/wps/portal/start/kommun-och-politik/handlingar-och-protokoll/namndhandlingar/valj-namnd-och-ar/!ut/p/z1/jZDBDoIwDIafxnO7gTMe54xiIsKCRraLGToJiUwDxESeXsCzhF6av_2-HgoaUtDOvIvcNMXTmUeXlWaXHaeC-D6hwTxeIxOh5CsZ7ULiwXkAQioYCZBGW7HcIEO5ljJeIEYe6Ck-_imO0_wRQI-fV52_-OvvPUhAgzbX_h-g7sWjsVU_qR2vQFGk7JcOpnQ3UEljbnX2yXPXdTcjwpsR7ncr6wauaGxscgsK4VWeTml7tFlr1RdDZCY3/p0/IZ7_IA2C14412H5PD06CMQABQOIML3=CZ6_IA2C14412H5PD06CMQABQOIM13=MKPbYPlw=GF=/",
    "filename": "goteborg-sbn-2026-02-03-08"
   }
  },
  {
   "type": "Feature",
   "geometry": {
    "type": "Point",
    "coordinates": [
     12.00087615892747,
     57.71890401920857
    ]
   },
   "properties": {
    "kommun": "Göteborg",
    "namnd": "Stadsbyggnadsnämnden",
    "date": "2026-02-03",
    "paragraph": 9,
    "title": "Göteborgsförslag [ID 13359] Säkerställ framtiden för Sandviksbadet på Styrsö",
    "fastighet": "ID 13359",
    "pdf_url": "https://goteborg.se/wps/portal/start/kommun-och-politik/handlingar-och-protokoll/namndhandlingar/valj-namnd-och-ar/!ut/p/z1/jZDBDoIwDIafxnO7gTMe54xiIsKCRraLGToJiUwDxESeXsCzhF6av_2-HgoaUtDOvIvcNMXTmUeXlWaXHaeC-D6hwTxeIxOh5CsZ7ULiwXkAQioYCZBGW7HcIEO5ljJeIEYe6Ck-_imO0_wRQI-fV52_-OvvPUhAgzbX_h-g7sWjsVU_qR2vQFGk7JcOpnQ3UEljbnX2yXPXdTcjwpsR7ncr6wauaGxscgsK4VWeTml7tFlr1RdDZCY3/p0/IZ7_IA2C14412H5PD06CMQABQOIML3=CZ6_IA2C14412H5PD06CMQABQOIM13=MKPbYPlw=GF=/",
    "filename": "goteborg-sbn-2026-02-03-09"
   }
  },
  {
   "type": "Feature",
   "geometry": {
    "type": "Point",
    "coordinates": [
     11.943148772631178,
     57.71468012225437
    ]
   },
   "properties": {
    "kommun": "Göteborg",
    "namnd": "Stadsbyggnadsnämnden",
    "date": "2026-02-03",
    "paragraph": 10,
    "title": "Antagande av föreskrifter för naturreservatet Lärjeåns dalgång",
    "fastighet": null,
    "pdf_url": "https://goteborg.se/wps/portal/start/kommun-och-politik/handlingar-och-protokoll/namndhandlingar/valj-namnd-och-ar/!ut/p/z1/jZDBDoIwDIafxnO7gTMe54xiIsKCRraLGToJiUwDxESeXsCzhF6av_2-HgoaUtDOvIvcNMXTmUeXlWaXHaeC-D6hwTxeIxOh5CsZ7ULiwXkAQioYCZBGW7HcIEO5ljJeIEYe6Ck-_imO0_wRQI-fV52_-OvvPUhAgzbX_h-g7sWjsVU_qR2vQFGk7JcOpnQ3UEljbnX2yXPXdTcjwpsR7ncr6wauaGxscgsK4VWeTml7tFlr1RdDZCY3/p0/IZ7_IA2C14412H5PD06CMQABQOIML3=CZ6_IA2C14412H5PD06CMQABQOIM13=MKPbYPlw=GF=/",
    "filename": "goteborg-sbn-2026-02-03-10"
   }
  },
  {
   "type": "Feature",
   "geometry": {
    "type": "Point",
    "coordinates": [
     12.01448122119428,
     57.72310958421336
    ]
   },
   "properties": {
    "kommun": "Göteborg",
    "namnd": "Stadsbyggnadsnämnden",
    "date": "2026-02-03",
    "paragraph": 11,
    "title": "Strukturidé för Gullbergsvass",
    "fastighet": null,
    "pdf_url": "https://goteborg.se/wps/portal/start/kommun-och-politik/handlingar-och-protokoll/namndhandlingar/valj-namnd-och-ar/!ut/p/z1/jZDBDoIwDIafxnO7gTMe54xiIsKCRraLGToJiUwDxESeXsCzhF6av_2-HgoaUtDOvIvcNMXTmUeXlWaXHaeC-D6hwTxeIxOh5CsZ7ULiwXkAQioYCZBGW7HcIEO5ljJeIEYe6Ck-_imO0_wRQI-fV52_-OvvPUhAgzbX_h-g7sWjsVU_qR2vQFGk7JcOpnQ3UEljbnX2yXPXdTcjwpsR7ncr6wauaGxscgsK4VWeTml7tFlr1RdDZCY3/p0/IZ7_IA2C14412H5PD06CMQABQOIML3=CZ6_IA2C14412H5PD06CMQABQOIM13=MKPbYPlw=GF=/",
    "filename": "goteborg-sbn-2026-02-03-11"
   }
  },
  {
   "type": "Feature",
   "geometry": {
    "type": "Point",
    "coordinates": [
     11.95441146654226,
     57.709809520313186
    ]
   },
   "properties": {
    "kommun": "Göteborg",
    "namnd": "Stadsbyggnadsnämnden",
    "date": "2026-02-03",
    "paragraph": 12,
    "title": "Svar på motion om överdäckning av E6 för möjliggörande av grönområden med exploatering",
    "fastighet": null,
    "pdf_url": "https://goteborg.se/wps/portal/start/kommun-och-politik/handlingar-och-protokoll/namndhandlingar/valj-namnd-och-ar/!ut/p/z1/jZDBDoIwDIafxnO7gTMe54xiIsKCRraLGToJiUwDxESeXsCzhF6av_2-HgoaUtDOvIvcNMXTmUeXlWaXHaeC-D6hwTxeIxOh5CsZ7ULiwXkAQioYCZBGW7HcIEO5ljJeIEYe6Ck-_imO0_wRQI-fV52_-OvvPUhAgzbX_h-g7sWjsVU_qR2vQFGk7JcOpnQ3UEljbnX2yXPXdTcjwpsR7ncr6wauaGxscgsK4VWeTml7tFlr1RdDZCY3/p0/IZ7_IA2C14412H5PD06CMQABQOIML3=CZ6_IA2C14412H5PD06CMQABQOIM13=MKPbYPlw=GF=/",
    "filename": "goteborg-sbn-2026-02-03-12"
   }
  },
  {
   "type": "Feature",
   "geometry": {
    "type": "Point",
    "coordinates": [
     11.943313495231154,
     57.70174593811657
    ]
   },
   "properties": {
    "kommun": "Göteborg",
    "namnd": "Stadsbyggnadsnämnden",
    "date": "2026-02-03",
    "paragraph": 13,
    "title": "Information om stadsmiljönämndens kommande inriktningsbeslut för plaskdamm i Biskopsgården",
    "fastighet": null,
    "pdf_url": "https://goteborg.se/wps/portal/start/kommun-och-politik/handlingar-och-protokoll/namndhandlingar/valj-namnd-och-ar/!ut/p/z1/jZDBDoIwDIafxnO7gTMe54xiIsKCRraLGToJiUwDxESeXsCzhF6av_2-HgoaUtDOvIvcNMXTmUeXlWaXHaeC-D6hwTxeIxOh5CsZ7ULiwXkAQioYCZBGW7HcIEO5ljJeIEYe6Ck-_imO0_wRQI-fV52_-OvvPUhAgzbX_h-g7sWjsVU_qR2vQFGk7JcOpnQ3UEljbnX2yXPXdTcjwpsR7ncr6wauaGxscgsK4VWeTml7tFlr1RdDZCY3/p0/IZ7_IA2C14412H5PD06CMQABQOIML3=CZ6_IA2C14412H5PD06CMQABQOIM13=MKPbYPlw=GF=/",
    "filename": "goteborg-sbn-2026-02-03-13"
   }
  },
  {
   "type": "Feature",
   "geometry": {
    "type": "Point",
    "coordinates": [
     11.961234804380803,
     57.719789463383854
    ]
   },
   "properties": {
    "kommun": "Göteborg",
    "namnd": "Stadsbyggnadsnämnden",
    "date": "2026-02-03",
    "paragraph": 14,
    "title": "Information om stadsmiljönämndens kommande inriktningsbeslut för Landsvägsgatan",
    "fastighet": null,
    "pdf_url": "https://goteborg.se/wps/portal/start/kommun-och-politik/handlingar-och-protokoll/namndhandlingar/valj-namnd-och-ar/!ut/p/z1/jZDBDoIwDIafxnO7gTMe54xiIsKCRraLGToJiUwDxESeXsCzhF6av_2-HgoaUtDOvIvcNMXTmUeXlWaXHaeC-D6hwTxeIxOh5CsZ7ULiwXkAQioYCZBGW7HcIEO5ljJeIEYe6Ck-_imO0_wRQI-fV52_-OvvPUhAgzbX_h-g7sWjsVU_qR2vQFGk7JcOpnQ3UEljbnX2yXPXdTcjwpsR7ncr6wauaGxscgsK4VWeTml7tFlr1RdDZCY3/p0/IZ7_IA2C14412H5PD06CMQABQOIML3=CZ6_IA2C14412H5PD06CMQABQOIM13=MKPbYPlw=GF=/",
    "filename": "goteborg-sbn-2026-02-03-14"
   }
  },
  {
   "type": "Feature",
   "geometry": {
    "type": "Point",
    "coordinates": [
     11.964648163448507,
     57.71324657123599
    ]
   },
   "properties": {
    "kommun": "Göteborg",
    "namnd": "Stadsbyggnadsnämnden",
    "date": "2026-02-03",
    "paragraph": 15,
    "title": "Strukturidé för Kortedalastråket",
    "fastighet": null,
    "pdf_url": "https://goteborg.se/wps/portal/start/kommun-och-politik/handlingar-och-protokoll/namndhandlingar/valj-namnd-och-ar/!ut/p/z1/jZDBDoIwDIafxnO7gTMe54xiIsKCRraLGToJiUwDxESeXsCzhF6av_2-HgoaUtDOvIvcNMXTmUeXlWaXHaeC-D6hwTxeIxOh5CsZ7ULiwXkAQioYCZBGW7HcIEO5ljJeIEYe6Ck-_imO0_wRQI-fV52_-OvvPUhAgzbX_h-g7sWjsVU_qR2vQFGk7JcOpnQ3UEljbnX2yXPXdTcjwpsR7ncr6wauaGxscgsK4VWeTml7tFlr1RdDZCY3/p0/IZ7_IA2C14412H5PD06CMQABQOIML3=CZ6_IA2C14412H5PD06CMQABQOIM13=MKPbYPlw=GF=/",
    "filename": "goteborg-sbn-2026-02-03-15"
   }
  },
  {
   "type": "Feature",
   "geometry": {
    "type": "Point",
    "coordinates": [
     12.009259725636214,
     57.71226265147964
    ]
   },
   "properties": {
    "kommun": "Göteborg",
    "namnd": "Stadsbyggnadsnämnden",
    "date": "2026-02-03",
    "paragraph": 16,
    "title": "Strukturidé för Södra Älvstranden, delen Järnvågen till Klippan",
    "fastighet": null,
    "pdf_url": "https://goteborg.se/wps/portal/start/kommun-och-politik/handlingar-och-protokoll/namndhandlingar/valj-namnd-och-ar/!ut/p/z1/jZDBDoIwDIafxnO7gTMe54xiIsKCRraLGToJiUwDxESeXsCzhF6av_2-HgoaUtDOvIvcNMXTmUeXlWaXHaeC-D6hwTxeIxOh5CsZ7ULiwXkAQioYCZBGW7HcIEO5ljJeIEYe6Ck-_imO0_wRQI-fV52_-OvvPUhAgzbX_h-g7sWjsVU_qR2vQFGk7JcOpnQ3UEljbnX2yXPXdTcjwpsR7ncr6wauaGxscgsK4VWeTml7tFlr1RdDZCY3/p0/IZ7_IA2C14412H5PD06CMQABQOIML3=CZ6_IA2C14412H5PD06CMQABQOIM13=MKPbYPlw=GF=/",
    "filename": "goteborg-sbn-2026-02-03-16"
   }
  },
  {
   "type": "Feature",
   "geometry": {
    "type": "Point",
    "coordinates": [
     12.004370516426315,
     57.69814866014015
    ]
   },
   "properties": {
    "kommun": "Göteborg",
    "namnd": "Stadsbyggnadsnämnden",
    "date": "2026-02-03",
    "paragraph": 17,
    "title": "Strukturidé för Högsbo industriområde och Dag Hammarskjöldsstråket",
    "fastighet": null,
    "pdf_url": "https://goteborg.se/wps/portal/start/kommun-och-politik/handlingar-och-protokoll/namndhandlingar/valj-namnd-och-ar/!ut/p/z1/jZDBDoIwDIafxnO7gTMe54xiIsKCRraLGToJiUwDxESeXsCzhF6av_2-HgoaUtDOvIvcNMXTmUeXlWaXHaeC-D6hwTxeIxOh5CsZ7ULiwXkAQioYCZBGW7HcIEO5ljJeIEYe6Ck-_imO0_wRQI-fV52_-OvvPUhAgzbX_h-g7sWjsVU_qR2vQFGk7JcOpnQ3UEljbnX2yXPXdTcjwpsR7ncr6wauaGxscgsK4VWeTml7tFlr1RdDZCY3/p0/IZ7_IA2C14412H5PD06CMQABQOIML3=CZ6_IA2C14412H5PD06CMQABQOIM13=MKPbYPlw=GF=/",
    "filename": "goteborg-sbn-2026-02-03-17"
   }
  },
  {
   "type": "Feature",
   "geometry": {
    "type": "Point",
    "coordinates": [
     11.966480098410768,
     57.713929689674295
    ]
   },
   "properties": {
    "kommun": "Göteborg",
    "namnd": "Stadsbyggnadsnämnden",
    "date": "2026-02-03",
    "paragraph": 18,
    "title": "Strukturidé för Hjalmar Brantingsstråket",
    "fastighet": null,
    "pdf_url": "https://goteborg.se/wps/portal/start/kommun-och-politik/handlingar-och-protokoll/namndhandlingar/valj-namnd-och-ar/!ut/p/z1/jZDBDoIwDIafxnO7gTMe54xiIsKCRraLGToJiUwDxESeXsCzhF6av_2-HgoaUtDOvIvcNMXTmUeXlWaXHaeC-D6hwTxeIxOh5CsZ7ULiwXkAQioYCZBGW7HcIEO5ljJeIEYe6Ck-_imO0_wRQI-fV52_-OvvPUhAgzbX_h-g7sWjsVU_qR2vQFGk7JcOpnQ3UEljbnX2yXPXdTcjwpsR7ncr6wauaGxscgsK4VWeTml7tFlr1RdDZCY3/p0/IZ7_IA2C14412H5PD06CMQABQOIML3=CZ6_IA2C14412H5PD06CMQABQOIM13=MKPbYPlw=GF=/",
    "filename": "goteborg-sbn-2026-02-03-18"
   }
  },
  {
   "type": "Feature",
   "geometry": {
    "type": "Point",
    "coordinates": [
     11.968433261922804,
     57.69873571894242
    ]
   },
   "properties": {
    "kommun": "Göteborg",
    "namnd": "Stadsbyggnadsnämnden",
    "date": "2026-02-03",
    "paragraph": 19,
    "title": "Planeringsinriktning förstudie Örgrytevägen, Delsträcka 1 - Korsvägen till Mölndalsån",
    "fastighet": "Delsträcka 1",
    "pdf_url": "https://goteborg.se/wps/portal/start/kommun-och-politik/handlingar-och-protokoll/namndhandlingar/valj-namnd-och-ar/!ut/p/z1/jZDBDoIwDIafxnO7gTMe54xiIsKCRraLGToJiUwDxESeXsCzhF6av_2-HgoaUtDOvIvcNMXTmUeXlWaXHaeC-D6hwTxeIxOh5CsZ7ULiwXkAQioYCZBGW7HcIEO5ljJeIEYe6Ck-_imO0_wRQI-fV52_-OvvPUhAgzbX_h-g7sWjsVU_qR2vQFGk7JcOpnQ3UEljbnX2yXPXdTcjwpsR7ncr6wauaGxscgsK4VWeTml7tFlr1RdDZCY3/p0/IZ7_IA2C14412H5PD06CMQABQOIML3=CZ6_IA2C14412H5PD06CMQABQOIM13=MKPbYPlw=GF=/",
    "filename": "goteborg-sbn-2026-02-03-19"
   }
  },
  {
   "type": "Feature",
   "geometry": {
    "type": "Point",
    "coordinates": [
     12.004830503795215,
     57.714627803689176
    ]
   },
   "properties": {
    "kommun": "Göteborg",
    "namnd": "Stadsbyggnadsnämnden",
    "date": "2026-02-03",
    "paragraph": 20,
    "title": "Yrkande SD – Säkerställa bevarande och tillskapande av grönytor i Göteborg",
    "fastighet": null,
    "pdf_url": "https://goteborg.se/wps/portal/start/kommun-och-politik/handlingar-och-protokoll/namndhandlingar/valj-namnd-och-ar/!ut/p/z1/jZDBDoIwDIafxnO7gTMe54xiIsKCRraLGToJiUwDxESeXsCzhF6av_2-HgoaUtDOvIvcNMXTmUeXlWaXHaeC-D6hwTxeIxOh5CsZ7ULiwXkAQioYCZBGW7HcIEO5ljJeIEYe6Ck-_imO0_wRQI-fV52_-OvvPUhAgzbX_h-g7sWjsVU_qR2vQFGk7JcOpnQ3UEljbnX2yXPXdTcjwpsR7ncr6wauaGxscgsK4VWeTml7tFlr1RdDZCY3/p0/IZ7_IA2C14412H5PD06CMQABQOIML3=CZ6_IA2C14412H5PD06CMQABQOIM13=MKPbYPlw=GF=/",
    "filename": "goteborg-sbn-2026-02-03-20"
   }
  },
  {
   "type": "Feature",
   "geometry": {
    "type": "Point",
    "coordinates": [
     11.98901639905251,
     57.716572273212094
    ]
   },
   "properties": {
    "kommun": "Göteborg",
    "namnd": "Stadsbyggnadsnämnden",
    "date": "2026-02-03",
    "paragraph": 21,
    "title": "Tillstyrkande av detaljplan för Tvärförbindelse i Torslanda inom stadsdelarna Lilleby och Syrhåla",
    "fastighet": null,
    "pdf_url": "https://goteborg.se/wps/portal/start/kommun-och-politik/handlingar-och-protokoll/namndhandlingar/valj-namnd-och-ar/!ut/p/z1/jZDBDoIwDIafxnO7gTMe54xiIsKCRraLGToJiUwDxESeXsCzhF6av_2-HgoaUtDOvIvcNMXTmUeXlWaXHaeC-D6hwTxeIxOh5CsZ7ULiwXkAQioYCZBGW7HcIEO5ljJeIEYe6Ck-_imO0_wRQI-fV52_-OvvPUhAgzbX_h-g7sWjsVU_qR2vQFGk7JcOpnQ3UEljbnX2yXPXdTcjwpsR7ncr6wauaGxscgsK4VWeTml7tFlr1RdDZCY3/p0/IZ7_IA2C14412H5PD06CMQABQOIML3=CZ6_IA2C14412H5PD06CMQABQOIM13=MKPbYPlw=GF=/",
    "filename": "goteborg-sbn-2026-02-03-21"
   }
  },
  {
   "type": "Feature",
   "geometry": {
    "type": "Point",
    "coordinates": [
     12.004360867896732,
     57.71955743373055
    ]
   },
   "properties": {
    "kommun": "Göteborg",
    "namnd": "Stadsbyggnadsnämnden",
    "date": "2026-02-03",
    "paragraph": 22,
    "title": "Antagande av detaljplan för verksamheter vid Ruskvädersgatan inom stadsdelen Biskopsgården",
    "fastighet": null,
    "pdf_url": "https://goteborg.se/wps/portal/start/kommun-och-politik/handlingar-och-protokoll/namndhandlingar/valj-namnd-och-ar/!ut/p/z1/jZDBDoIwDIafxnO7gTMe54xiIsKCRraLGToJiUwDxESeXsCzhF6av_2-HgoaUtDOvIvcNMXTmUeXlWaXHaeC-D6hwTxeIxOh5CsZ7ULiwXkAQioYCZBGW7HcIEO5ljJeIEYe6Ck-_imO0_wRQI-fV52_-OvvPUhAgzbX_h-g7sWjsVU_qR2vQFGk7JcOpnQ3UEljbnX2yXPXdTcjwpsR7ncr6wauaGxscgsK4VWeTml7tFlr1RdDZCY3/p0/IZ7_IA2C14412H5PD06CMQABQOIML3=CZ6_IA2C14412H5PD06CMQABQOIM13=MKPbYPlw=GF=/",
    "filename": "goteborg-sbn-2026-02-03-22"
   }
  },
  {
   "type": "Feature",
   "geometry": {
    "type": "Point",
    "coordinates": [
     11.957660677797575,
     57.71778411261847
    ]
   },
   "properties": {
    "kommun": "Göteborg",
    "namnd": "Stadsbyggnadsnämnden",
    "date": "2026-02-03",
    "paragraph": 23,
    "title": "Antagande av, Ändring av del av, Ny stadsplan gatuhöjder och särskilda bestämmelser för byggnadstomternas användande för en del av 14de Roten i Göteborgs stad, inom stadsdelen Lorensberg",
    "fastighet": null,
    "pdf_url": "https://goteborg.se/wps/portal/start/kommun-och-politik/handlingar-och-protokoll/namndhandlingar/valj-namnd-och-ar/!ut/p/z1/jZDBDoIwDIafxnO7gTMe54xiIsKCRraLGToJiUwDxESeXsCzhF6av_2-HgoaUtDOvIvcNMXTmUeXlWaXHaeC-D6hwTxeIxOh5CsZ7ULiwXkAQioYCZBGW7HcIEO5ljJeIEYe6Ck-_imO0_wRQI-fV52_-OvvPUhAgzbX_h-g7sWjsVU_qR2vQFGk7JcOpnQ3UEljbnX2yXPXdTcjwpsR7ncr6wauaGxscgsK4VWeTml7tFlr1RdDZCY3/p0/IZ7_IA2C14412H5PD06CMQABQOIML3=CZ6_IA2C14412H5PD06CMQABQOIM13=MKPbYPlw=GF=/",
    "filename": "goteborg-sbn-2026-02-03-23"
   }
  },
  {
   "type": "Feature",
   "geometry": {
    "type": "Point",
    "coordinates": [
     11.972777753086026,
     57.71533914297199
    ]
   },
   "properties": {
    "kommun": "Göteborg",
    "namnd": "Stadsbyggnadsnämnden",
    "date": "2026-02-03",
    "paragraph": 24,
    "title": "Granskning II av detaljplan för Gunnilse trädgårdsstad inom stadsdelen Angered",
    "fastighet": null,
    "pdf_url": "https://goteborg.se/wps/portal/start/kommun-och-politik/handlingar-och-protokoll/namndhandlingar/valj-namnd-och-ar/!ut/p/z1/jZDBDoIwDIafxnO7gTMe54xiIsKCRraLGToJiUwDxESeXsCzhF6av_2-HgoaUtDOvIvcNMXTmUeXlWaXHaeC-D6hwTxeIxOh5CsZ7ULiwXkAQioYCZBGW7HcIEO5ljJeIEYe6Ck-_imO0_wRQI-fV52_-OvvPUhAgzbX_h-g7sWjsVU_qR2vQFGk7JcOpnQ3UEljbnX2yXPXdTcjwpsR7ncr6wauaGxscgsK4VWeTml7tFlr1RdDZCY3/p0/IZ7_IA2C14412H5PD06CMQABQOIML3=CZ6_IA2C14412H5PD06CMQABQOIM13=MKPbYPlw=GF=/",
    "filename": "goteborg-sbn-2026-02-03-24"
   }
  },
  {
   "type": "Feature",
   "geometry": {
    "type": "Point",
    "coordinates": [
     11.997219480536325,
     57.71564928536547
    ]
   },
   "properties": {
    "kommun": "Göteborg",
    "namnd": "Stadsbyggnadsnämnden",
    "date": "2026-02-03",
    "paragraph": 25,
    "title": "Granskning II av detaljplan för bostäder (BmSS) vid Göketorpsgatan inom stadsdelen Torp",
    "fastighet": null,
    "pdf_url": "https://goteborg.se/wps/portal/start/kommun-och-politik/handlingar-och-protokoll/namndhandlingar/valj-namnd-och-ar/!ut/p/z1/jZDBDoIwDIafxnO7gTMe54xiIsKCRraLGToJiUwDxESeXsCzhF6av_2-HgoaUtDOvIvcNMXTmUeXlWaXHaeC-D6hwTxeIxOh5CsZ7ULiwXkAQioYCZBGW7HcIEO5ljJeIEYe6Ck-_imO0_wRQI-fV52_-OvvPUhAgzbX_h-g7sWjsVU_qR2vQFGk7JcOpnQ3UEljbnX2yXPXdTcjwpsR7ncr6wauaGxscgsK4VWeTml7tFlr1RdDZCY3/p0/IZ7_IA2C14412H5PD06CMQABQOIML3=CZ6_IA2C14412H5PD06CMQABQOIM13=MKPbYPlw=GF=/",
    "filename": "goteborg-sbn-2026-02-03-25"
   }
  },
  {
   "type": "Feature",
   "geometry": {
    "type": "Point",
    "coordinates": [
     11.992358004781556,
     57.72009077425395
    ]
   },
   "properties": {
    "kommun": "Göteborg",
    "namnd": "Stadsbyggnadsnämnden",
    "date": "2026-02-03",
    "paragraph": 26,
    "title": "Granskning av detaljplan för bostäder, lokaler, grönytor och service vid Backavägen och Norra Deltavägen, inom stadsdelen Backa (DP 3)",
    "fastighet": "DP 3",
    "pdf_url": "https://goteborg.se/wps/portal/start/kommun-och-politik/handlingar-och-protokoll/namndhandlingar/valj-namnd-och-ar/!ut/p/z1/jZDBDoIwDIafxnO7gTMe54xiIsKCRraLGToJiUwDxESeXsCzhF6av_2-HgoaUtDOvIvcNMXTmUeXlWaXHaeC-D6hwTxeIxOh5CsZ7ULiwXkAQioYCZBGW7HcIEO5ljJeIEYe6Ck-_imO0_wRQI-fV52_-OvvPUhAgzbX_h-g7sWjsVU_qR2vQFGk7JcOpnQ3UEljbnX2yXPXdTcjwpsR7ncr6wauaGxscgsK4VWeTml7tFlr1RdDZCY3/p0/IZ7_IA2C14412H5PD06CMQABQOIML3=CZ6_IA2C14412H5PD06CMQABQOIM13=MKPbYPlw=GF=/",
    "filename": "goteborg-sbn-2026-02-03-26"
   }
  },
  {
   "type": "Feature",
   "geometry": {
    "type": "Point",
    "coordinates": [
     11.96372523486613,
     57.71148612188063
    ]
   },
   "properties": {
    "kommun": "Göteborg",
    "namnd": "Stadsbyggnadsnämnden",
    "date": "2026-02-03",
    "paragraph": 27,
    "title": "Samråd om program för Lindholmen inom stadsdelarna Lundbyvassen och Lindholmen",
    "fastighet": null,
    "pdf_url": "https://goteborg.se/wps/portal/start/kommun-och-politik/handlingar-och-protokoll/namndhandlingar/valj-namnd-och-ar/!ut/p/z1/jZDBDoIwDIafxnO7gTMe54xiIsKCRraLGToJiUwDxESeXsCzhF6av_2-HgoaUtDOvIvcNMXTmUeXlWaXHaeC-D6hwTxeIxOh5CsZ7ULiwXkAQioYCZBGW7HcIEO5ljJeIEYe6Ck-_imO0_wRQI-fV52_-OvvPUhAgzbX_h-g7sWjsVU_qR2vQFGk7JcOpnQ3UEljbnX2yXPXdTcjwpsR7ncr6wauaGxscgsK4VWeTml7tFlr1RdDZCY3/p0/IZ7_IA2C14412H5PD06CMQABQOIML3=CZ6_IA2C14412H5PD06CMQABQOIM13=MKPbYPlw=GF=/",
    "filename": "goteborg-sbn-2026-02-03-27"
   }
  },
  {
   "type": "Feature",
   "geometry": {
    "type": "Point",
    "coordinates": [
     12.008857027856518,
     57.71100246500399
    ]
   },
   "properties": {
    "kommun": "Göteborg",
    "namnd": "Stadsbyggnadsnämnden",
    "date": "2026-02-03",
    "paragraph": 28,
    "title": "Samråd om detaljplan för bostäder vid Plutovägen och Stjärnbildsgatan inom stadsdelen Bergsjön",
    "fastighet": null,
    "pdf_url": "https://goteborg.se/wps/portal/start/kommun-och-politik/handlingar-och-protokoll/namndhandlingar/valj-namnd-och-ar/!ut/p/z1/jZDBDoIwDIafxnO7gTMe54xiIsKCRraLGToJiUwDxESeXsCzhF6av_2-HgoaUtDOvIvcNMXTmUeXlWaXHaeC-D6hwTxeIxOh5CsZ7ULiwXkAQioYCZBGW7HcIEO5ljJeIEYe6Ck-_imO0_wRQI-fV52_-OvvPUhAgzbX_h-g7sWjsVU_qR2vQFGk7JcOpnQ3UEljbnX2yXPXdTcjwpsR7ncr6wauaGxscgsK4VWeTml7tFlr1RdDZCY3/p0/IZ7_IA2C14412H5PD06CMQABQOIML3=CZ6_IA2C14412H5PD06CMQABQOIM13=MKPbYPlw=GF=/",
    "filename": "goteborg-sbn-2026-02-03-28"
   }
  },
  {
   "type": "Feature",
   "geometry": {
    "type": "Point",
    "coordinates": [
     11.98192176167656,
     57.715341927105584
    ]
   },
   "properties": {
    "kommun": "Göteborg",
    "namnd": "Stadsbyggnadsnämnden",
    "date": "2026-02-03",
    "paragraph": 29,
    "title": "Samråd om detaljplan för förskola och bostäder i norra Kortedala inom stadsdelen Kortedala",
    "fastighet": null,
    "pdf_url": "https://goteborg.se/wps/portal/start/kommun-och-politik/handlingar-och-protokoll/namndhandlingar/valj-namnd-och-ar/!ut/p/z1/jZDBDoIwDIafxnO7gTMe54xiIsKCRraLGToJiUwDxESeXsCzhF6av_2-HgoaUtDOvIvcNMXTmUeXlWaXHaeC-D6hwTxeIxOh5CsZ7ULiwXkAQioYCZBGW7HcIEO5ljJeIEYe6Ck-_imO0_wRQI-fV52_-OvvPUhAgzbX_h-g7sWjsVU_qR2vQFGk7JcOpnQ3UEljbnX2yXPXdTcjwpsR7ncr6wauaGxscgsK4VWeTml7tFlr1RdDZCY3/p0/IZ7_IA2C14412H5PD06CMQABQOIML3=CZ6_IA2C14412H5PD06CMQABQOIM13=MKPbYPlw=GF=/",
    "filename": "goteborg-sbn-2026-02-03-29"
   }
  },
  {
   "type": "Feature",
   "geometry": {
    "type": "Point",
    "coordinates": [
     11.990104344308413,
     57.711669252114156
    ]
   },
   "properties": {
    "kommun": "Göteborg",
    "namnd": "Stadsbyggnadsnämnden",
    "date": "2026-02-03",
    "paragraph": 30,
    "title": "Planbesked för bostäder vid Räntmästaregatan (Lunden 29:10) inom stadsdelen Lunden",
    "fastighet": "Lunden 29:10",
    "pdf_url": "https://goteborg.se/wps/portal/start/kommun-och-politik/handlingar-och-protokoll/namndhandlingar/valj-namnd-och-ar/!ut/p/z1/jZDBDoIwDIafxnO7gTMe54xiIsKCRraLGToJiUwDxESeXsCzhF6av_2-HgoaUtDOvIvcNMXTmUeXlWaXHaeC-D6hwTxeIxOh5CsZ7ULiwXkAQioYCZBGW7HcIEO5ljJeIEYe6Ck-_imO0_wRQI-fV52_-OvvPUhAgzbX_h-g7sWjsVU_qR2vQFGk7JcOpnQ3UEljbnX2yXPXdTcjwpsR7ncr6wauaGxscgsK4VWeTml7tFlr1RdDZCY3/p0/IZ7_IA2C14412H5PD06CMQABQOIML3=CZ6_IA2C14412H5PD06CMQABQOIM13=MKPbYPlw=GF=/",
    "filename": "goteborg-sbn-2026-02-03-30"
   }
  },
  {
   "type": "Feature",
   "geometry": {
    "type": "Point",
    "coordinates": [
     11.968300452589139,
     57.70513810847414
    ]
   },
   "properties": {
    "kommun": "Göteborg",
    "namnd": "Stadsbyggnadsnämnden",
    "date": "2026-02-03",
    "paragraph": 31,
    "title": "Planbesked för kontor, hotell med mera vid Norra Ågatan (Stampen 21:3) inom stadsdelen Stampen",
    "fastighet": "Stampen 21:3",
    "pdf_url": "https://goteborg.se/wps/portal/start/kommun-och-politik/handlingar-och-protokoll/namndhandlingar/valj-namnd-och-ar/!ut/p/z1/jZDBDoIwDIafxnO7gTMe54xiIsKCRraLGToJiUwDxESeXsCzhF6av_2-HgoaUtDOvIvcNMXTmUeXlWaXHaeC-D6hwTxeIxOh5CsZ7ULiwXkAQioYCZBGW7HcIEO5ljJeIEYe6Ck-_imO0_wRQI-fV52_-OvvPUhAgzbX_h-g7sWjsVU_qR2vQFGk7JcOpnQ3UEljbnX2yXPXdTcjwpsR7ncr6wauaGxscgsK4VWeTml7tFlr1RdDZCY3/p0/IZ7_IA2C14412H5PD06CMQABQOIML3=CZ6_IA2C14412H5PD06CMQABQOIM13=MKPbYPlw=GF=/",
    "filename": "goteborg-sbn-2026-02-03-31"
   }
  },
  {
   "type": "Feature",
   "geometry": {
    "type": "Point",
    "coordinates": [
     11.992564689608795,
     57.701853534222856
    ]
   },
   "properties": {
    "kommun": "Göteborg",
    "namnd": "Stadsbyggnadsnämnden",
    "date": "2026-02-03",
    "paragraph": 32,
    "title": "Svar på remiss av betänkandet En bättre organisering av fastighets-bildningsverksamheten (SOU 2025:98)",
    "fastighet": "SOU 2025:98",
    "pdf_url": "https://goteborg.se/wps/portal/start/kommun-och-politik/handlingar-och-protokoll/namndhandlingar/valj-namnd-och-ar/!ut/p/z1/jZDBDoIwDIafxnO7gTMe54xiIsKCRraLGToJiUwDxESeXsCzhF6av_2-HgoaUtDOvIvcNMXTmUeXlWaXHaeC-D6hwTxeIxOh5CsZ7ULiwXkAQioYCZBGW7HcIEO5ljJeIEYe6Ck-_imO0_wRQI-fV52_-OvvPUhAgzbX_h-g7sWjsVU_qR2vQFGk7JcOpnQ3UEljbnX2yXPXdTcjwpsR7ncr6wauaGxscgsK4VWeTml7tFlr1RdDZCY3/p0/IZ7_IA2C14412H5PD06CMQABQOIML3=CZ6_IA2C14412H5PD06CMQABQOIM13=MKPbYPlw=GF=/",
    "filename": "goteborg-sbn-2026-02-03-32"
   }
  },
  {
   "type": "Feature",
   "geometry": {
    "type": "Point",
    "coordinates": [
     11.967518821735803,
     57.69667154189032
    ]
   },
   "properties": {
    "kommun": "Göteborg",
    "namnd": "Stadsbyggnadsnämnden",
    "date": "2026-02-03",
    "paragraph": 33,
    "title": "Svar på remiss från Justitiedepartementet – Koordinatbestämda fastighetsgränser (SOU 2025:80)",
    "fastighet": "SOU 2025:80",
    "pdf_url": "https://goteborg.se/wps/portal/start/kommun-och-politik/handlingar-och-protokoll/namndhandlingar/valj-namnd-och-ar/!ut/p/z1/jZDBDoIwDIafxnO7gTMe54xiIsKCRraLGToJiUwDxESeXsCzhF6av_2-HgoaUtDOvIvcNMXTmUeXlWaXHaeC-D6hwTxeIxOh5CsZ7ULiwXkAQioYCZBGW7HcIEO5ljJeIEYe6Ck-_imO0_wRQI-fV52_-OvvPUhAgzbX_h-g7sWjsVU_qR2vQFGk7JcOpnQ3UEljbnX2yXPXdTcjwpsR7ncr6wauaGxscgsK4VWeTml7tFlr1RdDZCY3/p0/IZ7_IA2C14412H5PD06CMQABQOIML3=CZ6_IA2C14412H5PD06CMQABQOIM13=MKPbYPlw=GF=/",
    "filename": "goteborg-sbn-2026-02-03-33"
   }
  },
  {
   "type": "Feature",
   "geometry": {
    "type": "Point",
    "coordinates": [
     11.961761706944205,
     57.703694552352495
    ]
   },
   "properties": {
    "kommun": "Göteborg",
    "namnd": "Stadsbyggnadsnämnden",
    "date": "2026-02-03",
    "paragraph": 34,
    "title": "Samråd om detaljplan för bostäder vid Rannebergsvägen och Rävebergsvägen inom stadsdelen Angered",
    "fastighet": null,
    "pdf_url": "https://goteborg.se/wps/portal/start/kommun-och-politik/handlingar-och-protokoll/namndhandlingar/valj-namnd-och-ar/!ut/p/z1/jZDBDoIwDIafxnO7gTMe54xiIsKCRraLGToJiUwDxESeXsCzhF6av_2-HgoaUtDOvIvcNMXTmUeXlWaXHaeC-D6hwTxeIxOh5CsZ7ULiwXkAQioYCZBGW7HcIEO5ljJeIEYe6Ck-_imO0_wRQI-fV52_-OvvPUhAgzbX_h-g7sWjsVU_qR2vQFGk7JcOpnQ3UEljbnX2yXPXdTcjwpsR7ncr6wauaGxscgsK4VWeTml7tFlr1RdDZCY3/p0/IZ7_IA2C14412H5PD06CMQABQOIML3=CZ6_IA2C14412H5PD06CMQABQOIM13=MKPbYPlw=GF=/",
    "filename": "goteborg-sbn-2026-02-03-34"
   }
  },
  {
   "type": "Feature",
   "geometry": {
    "type": "Point",
    "coordinates": [
     11.970462344945638,
     57.71134908644431
    ]
   },
   "properties": {
    "kommun": "Göteborg",
    "namnd": "Stadsbyggnadsnämnden",
    "date": "2026-02-03",
    "paragraph": 35,
    "title": "Planbesked för ändrad användning för Carl Skottbergsgatan 22B (Änggården 34:2) inom stadsdelen Änggården",
    "fastighet": "Änggården 34:2",
    "pdf_url": "https://goteborg.se/wps/portal/start/kommun-och-politik/handlingar-och-protokoll/namndhandlingar/valj-namnd-och-ar/!ut/p/z1/jZDBDoIwDIafxnO7gTMe54xiIsKCRraLGToJiUwDxESeXsCzhF6av_2-HgoaUtDOvIvcNMXTmUeXlWaXHaeC-D6hwTxeIxOh5CsZ7ULiwXkAQioYCZBGW7HcIEO5ljJeIEYe6Ck-_imO0_wRQI-fV52_-OvvPUhAgzbX_h-g7sWjsVU_qR2vQFGk7JcOpnQ3UEljbnX2yXPXdTcjwpsR7ncr6wauaGxscgsK4VWeTml7tFlr1RdDZCY3/p0/IZ7_IA2C14412H5PD06CMQABQOIML3=CZ6_IA2C14412H5PD06CMQABQOIM13=MKPbYPlw=GF=/",
    "filename": "goteborg-sbn-2026-02-03-35"
   }
  },
  {
   "type": "Feature",
   "geometry": {
    "type": "Point",
    "coordinates": [
     12.005601251359053,
     57.70437832091468
    ]
   },
   "properties": {
    "kommun": "Göteborg",
    "namnd": "Stadsbyggnadsnämnden",
    "date": "2026-02-03",
    "paragraph": 36,
    "title": "Avbrytande av detaljplan för bostäder vid Jättestensgatan samt ändring av detaljplan III-3613 kv 81 Relikskrinet inom stadsdelen Kyrkbyn",
    "fastighet": null,
    "pdf_url": "https://goteborg.se/wps/portal/start/kommun-och-politik/handlingar-och-protokoll/namndhandlingar/valj-namnd-och-ar/!ut/p/z1/jZDBDoIwDIafxnO7gTMe54xiIsKCRraLGToJiUwDxESeXsCzhF6av_2-HgoaUtDOvIvcNMXTmUeXlWaXHaeC-D6hwTxeIxOh5CsZ7ULiwXkAQioYCZBGW7HcIEO5ljJeIEYe6Ck-_imO0_wRQI-fV52_-OvvPUhAgzbX_h-g7sWjsVU_qR2vQFGk7JcOpnQ3UEljbnX2yXPXdTcjwpsR7ncr6wauaGxscgsK4VWeTml7tFlr1RdDZCY3/p0/IZ7_IA2C14412H5PD06CMQABQOIML3=CZ6_IA2C14412H5PD06CMQABQOIM13=MKPbYPlw=GF=/",
    "filename": "goteborg-sbn-2026-02-03-36"
   }
  },
  {
   "type": "Feature",
   "geometry": {
    "type": "Point",
    "coordinates": [
     11.939566633288543,
     57.70978794477689
    ]
   },
   "properties": {
    "kommun": "Göteborg",
    "namnd": "Stadsbyggnadsnämnden",
    "date": "2026-02-03",
    "paragraph": 37,
    "title": "Inriktning för fortsatt arbete med detaljplan för bostäder och förskola m.m. vid Skanstorget inom stadsdelen Haga",
    "fastighet": null,
    "pdf_url": "https://goteborg.se/wps/portal/start/kommun-och-politik/handlingar-och-protokoll/namndhandlingar/valj-namnd-och-ar/!ut/p/z1/jZDBDoIwDIafxnO7gTMe54xiIsKCRraLGToJiUwDxESeXsCzhF6av_2-HgoaUtDOvIvcNMXTmUeXlWaXHaeC-D6hwTxeIxOh5CsZ7ULiwXkAQioYCZBGW7HcIEO5ljJeIEYe6Ck-_imO0_wRQI-fV52_-OvvPUhAgzbX_h-g7sWjsVU_qR2vQFGk7JcOpnQ3UEljbnX2yXPXdTcjwpsR7ncr6wauaGxscgsK4VWeTml7tFlr1RdDZCY3/p0/IZ7_IA2C14412H5PD06CMQABQOIML3=CZ6_IA2C14412H5PD06CMQABQOIM13=MKPbYPlw=GF=/",
    "filename": "goteborg-sbn-2026-02-03-37"
   }
  },
  {
   "type": "Feature",
   "geometry": {
    "type": "Point",
    "coordinates": [
     11.967759575342434,
     57.71884617032961
    ]
   },
   "properties": {
    "kommun": "Göteborg",
    "namnd": "Stadsbyggnadsnämnden",
    "date": "2026-02-03",
    "paragraph": 38,
    "title": "Avbryta arbetet med detaljplan för fritidsbebyggelse på fastigheten Köpstadsö 1:156 inom stadsdelen Styrsö",
    "fastighet": "Köpstadsö 1:156",
    "pdf_url": "https://goteborg.se/wps/portal/start/kommun-och-politik/handlingar-och-protokoll/namndhandlingar/valj-namnd-och-ar/!ut/p/z1/jZDBDoIwDIafxnO7gTMe54xiIsKCRraLGToJiUwDxESeXsCzhF6av_2-HgoaUtDOvIvcNMXTmUeXlWaXHaeC-D6hwTxeIxOh5CsZ7ULiwXkAQioYCZBGW7HcIEO5ljJeIEYe6Ck-_imO0_wRQI-fV52_-OvvPUhAgzbX_h-g7sWjsVU_qR2vQFGk7JcOpnQ3UEljbnX2yXPXdTcjwpsR7ncr6wauaGxscgsK4VWeTml7tFlr1RdDZCY3/p0/IZ7_IA2C14412H5PD06CMQABQOIML3=CZ6_IA2C14412H5PD06CMQABQOIM13=MKPbYPlw=GF=/",
    "filename": "goteborg-sbn-2026-02-03-38"
   }
  },
  {
   "type": "Feature",
   "geometry": {
    "type": "Point",
    "coordinates": [
     11.99241033093014,
     57.710347655685425
    ]
   },
   "properties": {
    "kommun": "Göteborg",
    "namnd": "Stadsbyggnadsnämnden",
    "date": "2026-02-03",
    "paragraph": 39,
    "title": "Stadsutvecklingsförslag för ersättningsarena för Valhalla IP inom stadsdelen Kviberg samt uppdrag för detaljplan",
    "fastighet": null,
    "pdf_url": "https://goteborg.se/wps/portal/start/kommun-och-politik/handlingar-och-protokoll/namndhandlingar/valj-namnd-och-ar/!ut/p/z1/jZDBDoIwDIafxnO7gTMe54xiIsKCRraLGToJiUwDxESeXsCzhF6av_2-HgoaUtDOvIvcNMXTmUeXlWaXHaeC-D6hwTxeIxOh5CsZ7ULiwXkAQioYCZBGW7HcIEO5ljJeIEYe6Ck-_imO0_wRQI-fV52_-OvvPUhAgzbX_h-g7sWjsVU_qR2vQFGk7JcOpnQ3UEljbnX2yXPXdTcjwpsR7ncr6wauaGxscgsK4VWeTml7tFlr1RdDZCY3/p0/IZ7_IA2C14412H5PD06CMQABQOIML3=CZ6_IA2C14412H5PD06CMQABQOIM13=MKPbYPlw=GF=/",
    "filename": "goteborg-sbn-2026-02-03-39"
   }
  },
  {
   "type": "Feature",
   "geometry": {
    "type": "Point",
    "coordinates": [
     12.010916869963664,
     57.703815231092904
    ]
   },
   "properties": {
    "kommun": "Göteborg",
    "namnd": "Stadsbyggnadsnämnden",
    "date": "2026-02-03",
    "paragraph": 40,
    "title": "Svar på motion - Säkra Säve flygplats genom byte av mark",
    "fastighet": null,
    "pdf_url": "https://goteborg.se/wps/portal/start/kommun-och-politik/handlingar-och-protokoll/namndhandlingar/valj-namnd-och-ar/!ut/p/z1/jZDBDoIwDIafxnO7gTMe54xiIsKCRraLGToJiUwDxESeXsCzhF6av_2-HgoaUtDOvIvcNMXTmUeXlWaXHaeC-D6hwTxeIxOh5CsZ7ULiwXkAQioYCZBGW7HcIEO5ljJeIEYe6Ck-_imO0_wRQI-fV52_-OvvPUhAgzbX_h-g7sWjsVU_qR2vQFGk7JcOpnQ3UEljbnX2yXPXdTcjwpsR7ncr6wauaGxscgsK4VWeTml7tFlr1RdDZCY3/p0/IZ7_IA2C14412H5PD06CMQABQOIML3=CZ6_IA2C14412H5PD06CMQABQOIM13=MKPbYPlw=GF=/",
    "filename": "goteborg-sbn-2026-02-03-40"
   }
  },
  {
   "type": "Feature",
   "geometry": {
    "type": "Point",
    "coordinates": [
     11.954846217635135,
     57.71633035006007
    ]
   },
   "properties": {
    "kommun": "Göteborg",
    "namnd": "Stadsbyggnadsnämnden",
    "date": "2026-02-03",
    "paragraph": 41,
    "title": "Granskning av detaljplan för förskola och bostäder vid Köpenhamnsgatan (Bräcke 729:179) inom stadsdelen Bräcke",
    "fastighet": "Bräcke 729:179",
    "pdf_url": "https://goteborg.se/wps/portal/start/kommun-och-politik/handlingar-och-protokoll/namndhandlingar/valj-namnd-och-ar/!ut/p/z1/jZDBDoIwDIafxnO7gTMe54xiIsKCRraLGToJiUwDxESeXsCzhF6av_2-HgoaUtDOvIvcNMXTmUeXlWaXHaeC-D6hwTxeIxOh5CsZ7ULiwXkAQioYCZBGW7HcIEO5ljJeIEYe6Ck-_imO0_wRQI-fV52_-OvvPUhAgzbX_h-g7sWjsVU_qR2vQFGk7JcOpnQ3UEljbnX2yXPXdTcjwpsR7ncr6wauaGxscgsK4VWeTml7tFlr1RdDZCY3/p0/IZ7_IA2C14412H5PD06CMQABQOIML3=CZ6_IA2C14412H5PD06CMQABQOIM13=MKPbYPlw=GF=/",
    "filename": "goteborg-sbn-2026-02-03-41"
   }
  },
  {
   "type": "Feature",
   "geometry": {
    "type": "Point",
    "coordinates": [
     11.96858378108483,
     57.695907223716084
    ]
   },
   "properties": {
    "kommun": "Göteborg",
    "namnd": "Stadsbyggnadsnämnden",
    "date": "2026-02-03",
    "paragraph": 42,
    "title": "Planbesked för bostäder vid Skånegatan (Heden 22:14) inom stadsdelen Heden",
    "fastighet": "Heden 22:14",
    "pdf_url": "https://goteborg.se/wps/portal/start/kommun-och-politik/handlingar-och-protokoll/namndhandlingar/valj-namnd-och-ar/!ut/p/z1/jZDBDoIwDIafxnO7gTMe54xiIsKCRraLGToJiUwDxESeXsCzhF6av_2-HgoaUtDOvIvcNMXTmUeXlWaXHaeC-D6hwTxeIxOh5CsZ7ULiwXkAQioYCZBGW7HcIEO5ljJeIEYe6Ck-_imO0_wRQI-fV52_-OvvPUhAgzbX_h-g7sWjsVU_qR2vQFGk7JcOpnQ3UEljbnX2yXPXdTcjwpsR7ncr6wauaGxscgsK4VWeTml7tFlr1RdDZCY3/p0/IZ7_IA2C14412H5PD06CMQABQOIML3=CZ6_IA2C14412H5PD06CMQABQOIM13=MKPbYPlw=GF=/",
    "filename": "goteborg-sbn-2026-02-03-42"
   }
  },
  {
   "type": "Feature",
   "geometry": {
    "type": "Point",
    "coordinates": [
     12.012306617440522,
     57.71782785350555
    ]
   },
   "properties": {
    "kommun": "Göteborg",
    "namnd": "Stadsbyggnadsnämnden",
    "date": "2026-02-03",
    "paragraph": 70,
    "title": "Yrkande M, D, L, KD angående - Samverkan för lösningar på hemsortering i kulturhistoriskt värdefulla och trångbebyggda områden såsom Trädgårdsstaden Änggården",
    "fastighet": null,
    "pdf_url": "https://goteborg.se/wps/portal/start/kommun-och-politik/handlingar-och-protokoll/namndhandlingar/valj-namnd-och-ar/!ut/p/z1/jZDBDoIwDIafxnO7gTMe54xiIsKCRraLGToJiUwDxESeXsCzhF6av_2-HgoaUtDOvIvcNMXTmUeXlWaXHaeC-D6hwTxeIxOh5CsZ7ULiwXkAQioYCZBGW7HcIEO5ljJeIEYe6Ck-_imO0_wRQI-fV52_-OvvPUhAgzbX_h-g7sWjsVU_qR2vQFGk7JcOpnQ3UEljbnX2yXPXdTcjwpsR7ncr6wauaGxscgsK4VWeTml7tFlr1RdDZCY3/p0/IZ7_IA2C14412H5PD06CMQABQOIML3=CZ6_IA2C14412H5PD06CMQABQOIM13=MKPbYPlw=GF=/",
    "filename": "goteborg-sbn-2026-02-03-70"
   }
  },
  {
   "type": "Feature",
   "geometry": {
    "type": "Point",
    "coordinates": [
     11.973854460906363,
     57.71402808981328
    ]
   },
   "properties": {
    "kommun": "Göteborg",
    "namnd": "Stadsbyggnadsnämnden",
    "date": "2026-02-03",
    "paragraph": 61,
    "title": "Uppdrag avseende förbättrade förutsättningar för Göteborgs nöjes- och kulturliv möjliggörande av uteserveringar",
    "fastighet": null,
    "pdf_url": "https://goteborg.se/wps/portal/start/kommun-och-politik/handlingar-och-protokoll/namndhandlingar/valj-namnd-och-ar/!ut/p/z1/jZDBDoIwDIafxnO7gTMe54xiIsKCRraLGToJiUwDxESeXsCzhF6av_2-HgoaUtDOvIvcNMXTmUeXlWaXHaeC-D6hwTxeIxOh5CsZ7ULiwXkAQioYCZBGW7HcIEO5ljJeIEYe6Ck-_imO0_wRQI-fV52_-OvvPUhAgzbX_h-g7sWjsVU_qR2vQFGk7JcOpnQ3UEljbnX2yXPXdTcjwpsR7ncr6wauaGxscgsK4VWeTml7tFlr1RdDZCY3/p0/IZ7_IA2C14412H5PD06CMQABQOIML3=CZ6_IA2C14412H5PD06CMQABQOIM13=MKPbYPlw=GF=/",
    "filename": "goteborg-sbn-2026-02-03-61"
   }
  },
  {
   "type": "Feature",
   "geometry": {
    "type": "Point",
    "coordinates": [
     11.972612389778044,
     57.71101109745689
    ]
   },
   "properties": {
    "kommun": "Göteborg",
    "namnd": "Stadsbyggnadsnämnden",
    "date": "2026-02-03",
    "paragraph": 73,
    "title": "Anmälan av delegationsbeslut 2026-02-03",
    "fastighet": null,
    "pdf_url": "https://goteborg.se/wps/portal/start/kommun-och-politik/handlingar-och-protokoll/namndhandlingar/valj-namnd-och-ar/!ut/p/z1/jZDBDoIwDIafxnO7gTMe54xiIsKCRraLGToJiUwDxESeXsCzhF6av_2-HgoaUtDOvIvcNMXTmUeXlWaXHaeC-D6hwTxeIxOh5CsZ7ULiwXkAQioYCZBGW7HcIEO5ljJeIEYe6Ck-_imO0_wRQI-fV52_-OvvPUhAgzbX_h-g7sWjsVU_qR2vQFGk7JcOpnQ3UEljbnX2yXPXdTcjwpsR7ncr6wauaGxscgsK4VWeTml7tFlr1RdDZCY3/p0/IZ7_IA2C14412H5PD06CMQABQOIML3=CZ6_IA2C14412H5PD06CMQABQOIM13=MKPbYPlw=GF=/",
    "filename": "goteborg-sbn-2026-02-03-73"
   }
  },
  {
   "type": "Feature",
   "geometry": {
    "type": "Point",
    "coordinates": [
     11.983073400873076,
     57.70651756249049
    ]
   },
   "properties": {
    "kommun": "Göteborg",
    "namnd": "Stadsbyggnadsnämnden",
    "date": "2026-02-03",
    "paragraph": 76,
    "title": "Information om kommande beslut om samråd om detaljplan för spårväg Lindholmen - Linnéplatsen",
    "fastighet": null,
    "pdf_url": "https://goteborg.se/wps/portal/start/kommun-och-politik/handlingar-och-protokoll/namndhandlingar/valj-namnd-och-ar/!ut/p/z1/jZDBDoIwDIafxnO7gTMe54xiIsKCRraLGToJiUwDxESeXsCzhF6av_2-HgoaUtDOvIvcNMXTmUeXlWaXHaeC-D6hwTxeIxOh5CsZ7ULiwXkAQioYCZBGW7HcIEO5ljJeIEYe6Ck-_imO0_wRQI-fV52_-OvvPUhAgzbX_h-g7sWjsVU_qR2vQFGk7JcOpnQ3UEljbnX2yXPXdTcjwpsR7ncr6wauaGxscgsK4VWeTml7tFlr1RdDZCY3/p0/IZ7_IA2C14412H5PD06CMQABQOIML3=CZ6_IA2C14412H5PD06CMQABQOIM13=MKPbYPlw=GF=/",
    "filename": "goteborg-sbn-2026-02-03-76"
   }
  },
  {
   "type": "Feature",
   "geometry": {
    "type": "Point",
    "coordinates": [
     11.937334313089643,
     57.700129042715446
    ]
   },
   "properties": {
    "kommun": "Göteborg",
    "namnd": "Stadsbyggnadsnämnden",
    "date": "2026-02-03",
    "paragraph": 78,
    "title": "Information om förändringarna i lovplikt",
    "fastighet": null,
    "pdf_url": "https://goteborg.se/wps/portal/start/kommun-och-politik/handlingar-och-protokoll/namndhandlingar/valj-namnd-och-ar/!ut/p/z1/jZDBDoIwDIafxnO7gTMe54xiIsKCRraLGToJiUwDxESeXsCzhF6av_2-HgoaUtDOvIvcNMXTmUeXlWaXHaeC-D6hwTxeIxOh5CsZ7ULiwXkAQioYCZBGW7HcIEO5ljJeIEYe6Ck-_imO0_wRQI-fV52_-OvvPUhAgzbX_h-g7sWjsVU_qR2vQFGk7JcOpnQ3UEljbnX2yXPXdTcjwpsR7ncr6wauaGxscgsK4VWeTml7tFlr1RdDZCY3/p0/IZ7_IA2C14412H5PD06CMQABQOIML3=CZ6_IA2C14412H5PD06CMQABQOIM13=MKPbYPlw=GF=/",
    "filename": "goteborg-sbn-2026-02-03-78"
   }
  },
  {
   "type": "Feature",
   "geometry": {
    "type": "Point",
    "coordinates": [
     11.986133477090393,
     57.722682321944845
    ]
   },
   "properties": {
    "kommun": "Göteborg",
    "namnd": "Stadsbyggnadsnämnden",
    "date": "2026-02-03",
    "paragraph": 79,
    "title": "Information om ändring av översiktsplan för Göteborg",
    "fastighet": null,
    "pdf_url": "https://goteborg.se/wps/portal/start/kommun-och-politik/handlingar-och-protokoll/namndhandlingar/valj-namnd-och-ar/!ut/p/z1/jZDBDoIwDIafxnO7gTMe54xiIsKCRraLGToJiUwDxESeXsCzhF6av_2-HgoaUtDOvIvcNMXTmUeXlWaXHaeC-D6hwTxeIxOh5CsZ7ULiwXkAQioYCZBGW7HcIEO5ljJeIEYe6Ck-_imO0_wRQI-fV52_-OvvPUhAgzbX_h-g7sWjsVU_qR2vQFGk7JcOpnQ3UEljbnX2yXPXdTcjwpsR7ncr6wauaGxscgsK4VWeTml7tFlr1RdDZCY3/p0/IZ7_IA2C14412H5PD06CMQABQOIML3=CZ6_IA2C14412H5PD06CMQABQOIM13=MKPbYPlw=GF=/",
    "filename": "goteborg-sbn-2026-02-03-79"
   }
  }
 ]
}