{
 "type": "FeatureCollection",
 "metadata": {
  "source": "https://dronechart.lfv.se/geoserver/wfs",
  "provider": "LFV / Transportstyrelsen",
  "generated": "2026-07-03T17:06:51.863Z"
 },
 "features": [
  {
   "type": "Feature",
   "geometry": {
    "type": "Polygon",
    "coordinates": [
     [
      [
       16.70944444,
       67.00166667
      ],
      [
       17.87944444,
       66.51527778
      ],
      [
       17.31888889,
       66.24583333
      ],
      [
       15.99916667,
       65.26305556
      ],
      [
       15.19861111,
       64.42583333
      ],
      [
       14.31805556,
       64.55666667
      ],
      [
       14.29527778,
       64.69388889
      ],
      [
       15.30833333,
       65.91305556
      ],
      [
       15.83305556,
       66.05555556
      ],
      [
       16.21027778,
       66.47361111
      ],
      [
       16.70944444,
       67.00166667
      ]
     ]
    ]
   },
   "properties": {
    "lager": "Militär sektor",
    "namn": "ES V3",
    "typ": "EXEA",
    "beteckning": "ESAA",
    "plats": "V3",
    "hojd": "GND–UNL",
    "operator": "",
    "gäller_fr": "2026-06-11",
    "kommentar": ""
   }
  },
  {
   "type": "Feature",
   "geometry": {
    "type": "Polygon",
    "coordinates": [
     [
      [
       22.89777778,
       67.88805556
      ],
      [
       23.10194444,
       66.85
      ],
      [
       23.22944444,
       66.17222222
      ],
      [
       23.68694444,
       65.86972222
      ],
      [
       22.76527778,
       65.59527778
      ],
      [
       21.73166667,
       65.7025
      ],
      [
       21.57611111,
       65.71944444
      ],
      [
       20.16222222,
       65.86527778
      ],
      [
       19.44583333,
       65.86527778
      ],
      [
       19.30444444,
       65.92388889
      ],
      [
       17.87944444,
       66.51527778
      ],
      [
       18.57916667,
       66.915
      ],
      [
       19,
       67
      ],
      [
       20.49555556,
       67.33194444
      ],
      [
       20.65805556,
       67.3575
      ],
      [
       20.91777778,
       67.39861111
      ],
      [
       21.49055556,
       67.56055556
      ],
      [
       22.89777778,
       67.88805556
      ]
     ]
    ]
   },
   "properties": {
    "lager": "Militär sektor",
    "namn": "ES V5",
    "typ": "EXEA",
    "beteckning": "ESAA",
    "plats": "V5",
    "hojd": "GND–UNL",
    "operator": "",
    "gäller_fr": "2026-06-11",
    "kommentar": ""
   }
  },
  {
   "type": "Feature",
   "geometry": {
    "type": "Polygon",
    "coordinates": [
     [
      [
       14.31805556,
       64.55666667
      ],
      [
       15.19861111,
       64.42583333
      ],
      [
       14.67722222,
       63.86333333
      ],
      [
       14.14444444,
       63.2625
      ],
      [
       13.34722222,
       62.05694444
      ],
      [
       13,
       61.5
      ],
      [
       12.55027778,
       61.73333333
      ],
      [
       12.41666667,
       63.11666667
      ],
      [
       12.59166667,
       63.43277778
      ],
      [
       12.85,
       63.9
      ],
      [
       14.13,
       63.9
      ],
      [
       14.38305556,
       64.16666667
      ],
      [
       14.31805556,
       64.55666667
      ]
     ]
    ]
   },
   "properties": {
    "lager": "Militär sektor",
    "namn": "ES N1",
    "typ": "EXEA",
    "beteckning": "ESAA",
    "plats": "N1",
    "hojd": "GND–UNL",
    "operator": "",
    "gäller_fr": "2026-06-11",
    "kommentar": ""
   }
  },
  {
   "type": "Feature",
   "geometry": {
    "type": "Polygon",
    "coordinates": [
     [
      [
       15.19861111,
       64.42583333
      ],
      [
       16.63916667,
       64.1975
      ],
      [
       17.34138889,
       64.07666667
      ],
      [
       18.28166667,
       63.915
      ],
      [
       18.86861111,
       63.80722222
      ],
      [
       19.21416667,
       63.81555556
      ],
      [
       19.04805556,
       63.73555556
      ],
      [
       18.30888889,
       63.15944444
      ],
      [
       17.51888889,
       62.51222222
      ],
      [
       16.0225,
       62.86055556
      ],
      [
       14.14444444,
       63.2625
      ],
      [
       14.67722222,
       63.86333333
      ],
      [
       15.19861111,
       64.42583333
      ]
     ]
    ]
   },
   "properties": {
    "lager": "Militär sektor",
    "namn": "ES N2",
    "typ": "EXEA",
    "beteckning": "ESAA",
    "plats": "N2",
    "hojd": "GND–UNL",
    "operator": "",
    "gäller_fr": "2026-06-11",
    "kommentar": ""
   }
  },
  {
   "type": "Feature",
   "geometry": {
    "type": "Polygon",
    "coordinates": [
     [
      [
       19.44722222,
       63.82055556
      ],
      [
       20.28611111,
       63.78888889
      ],
      [
       20.76583333,
       63.60277778
      ],
      [
       20.5375,
       63.54083333
      ],
      [
       20.31916667,
       63.42722222
      ],
      [
       20.11166667,
       63.31805556
      ],
      [
       20.02444444,
       63.24083333
      ],
      [
       19.95805556,
       63.18166667
      ],
      [
       20.01388889,
       62.83638889
      ],
      [
       19.48277778,
       61.60555556
      ],
      [
       18.40777778,
       61.63027778
      ],
      [
       17.37944444,
       61.63444444
      ],
      [
       17.36222222,
       61.9375
      ],
      [
       17.51888889,
       62.51222222
      ],
      [
       18.30888889,
       63.15944444
      ],
      [
       19.04805556,
       63.73555556
      ],
      [
       19.21416667,
       63.81555556
      ],
      [
       19.44722222,
       63.82055556
      ]
     ]
    ]
   },
   "properties": {
    "lager": "Militär sektor",
    "namn": "ES N3",
    "typ": "EXEA",
    "beteckning": "ESAA",
    "plats": "N3",
    "hojd": "GND–UNL",
    "operator": "",
    "gäller_fr": "2026-06-11",
    "kommentar": ""
   }
  },
  {
   "type": "Feature",
   "geometry": {
    "type": "Polygon",
    "coordinates": [
     [
      [
       14.14444444,
       63.2625
      ],
      [
       16.0225,
       62.86055556
      ],
      [
       17.51888889,
       62.51222222
      ],
      [
       17.36222222,
       61.9375
      ],
      [
       17.37944444,
       61.63444444
      ],
      [
       17.41305556,
       61.01861111
      ],
      [
       15.8775,
       61.0075
      ],
      [
       14.78611111,
       61.00027778
      ],
      [
       14.57055556,
       61.07194444
      ],
      [
       13.46,
       61.26083333
      ],
      [
       12.98555556,
       61.33722222
      ],
      [
       13,
       61.5
      ],
      [
       13.34722222,
       62.05694444
      ],
      [
       14.14444444,
       63.2625
      ]
     ]
    ]
   },
   "properties": {
    "lager": "Militär sektor",
    "namn": "ES N4",
    "typ": "EXEA",
    "beteckning": "ESAA",
    "plats": "N4",
    "hojd": "GND–UNL",
    "operator": "",
    "gäller_fr": "2026-06-11",
    "kommentar": ""
   }
  },
  {
   "type": "Feature",
   "geometry": {
    "type": "Polygon",
    "coordinates": [
     [
      [
       19.48333333,
       59.80277778
      ],
      [
       19.66305556,
       59.66611111
      ],
      [
       19.68583333,
       59.65472222
      ],
      [
       19.27361111,
       59.59944444
      ],
      [
       18.83611111,
       59.53888889
      ],
      [
       18.99638889,
       59.68277778
      ],
      [
       18.96166667,
       59.72944444
      ],
      [
       19.48333333,
       59.80277778
      ]
     ]
    ]
   },
   "properties": {
    "lager": "Militär sektor",
    "namn": "ES K3",
    "typ": "EXEA",
    "beteckning": "ESAA",
    "plats": "K3",
    "hojd": "GND–UNL",
    "operator": "",
    "gäller_fr": "2026-06-11",
    "kommentar": ""
   }
  },
  {
   "type": "Feature",
   "geometry": {
    "type": "Polygon",
    "coordinates": [
     [
      [
       12.89472222,
       60.25555556
      ],
      [
       14.77361111,
       60.11944444
      ],
      [
       15,
       60.09388889
      ],
      [
       15.7125,
       60.035
      ],
      [
       16.84777778,
       59.92083333
      ],
      [
       16.44666667,
       59.74944444
      ],
      [
       16.37972222,
       59.52888889
      ],
      [
       15.84916667,
       59.57583333
      ],
      [
       15.38694444,
       59.62361111
      ],
      [
       15.29833333,
       59.6325
      ],
      [
       14.78388889,
       59.68666667
      ],
      [
       13.46361111,
       59.81583333
      ],
      [
       12.62527778,
       59.89138889
      ],
      [
       12.89472222,
       60.25555556
      ]
     ]
    ]
   },
   "properties": {
    "lager": "Militär sektor",
    "namn": "ES K4",
    "typ": "EXEA",
    "beteckning": "ESAA",
    "plats": "K4",
    "hojd": "GND–UNL",
    "operator": "",
    "gäller_fr": "2026-06-11",
    "kommentar": ""
   }
  },
  {
   "type": "Feature",
   "geometry": {
    "type": "Polygon",
    "coordinates": [
     [
      [
       15.29833333,
       59.6325
      ],
      [
       15.38694444,
       59.62361111
      ],
      [
       15.84916667,
       59.57583333
      ],
      [
       16.37972222,
       59.52888889
      ],
      [
       16.31833333,
       59.32388889
      ],
      [
       16.28111111,
       59.12194444
      ],
      [
       15.74583333,
       59.11777778
      ],
      [
       15.59055556,
       59.05416667
      ],
      [
       14.92055556,
       58.77416667
      ],
      [
       14.79666667,
       58.82833333
      ],
      [
       14.62055556,
       58.90472222
      ],
      [
       14.31972222,
       59.03388889
      ],
      [
       14.49361111,
       59.10055556
      ],
      [
       14.84777778,
       59.23388889
      ],
      [
       15.37861111,
       59.42611111
      ],
      [
       15.30777778,
       59.52222222
      ],
      [
       15.29833333,
       59.6325
      ]
     ]
    ]
   },
   "properties": {
    "lager": "Militär sektor",
    "namn": "ES K5",
    "typ": "EXEA",
    "beteckning": "ESAA",
    "plats": "K5",
    "hojd": "GND–UNL",
    "operator": "",
    "gäller_fr": "2026-06-11",
    "kommentar": ""
   }
  },
  {
   "type": "Feature",
   "geometry": {
    "type": "Polygon",
    "coordinates": [
     [
      [
       19.68583333,
       59.65472222
      ],
      [
       20.22944444,
       59.38277778
      ],
      [
       20.34638889,
       59.36638889
      ],
      [
       21,
       59
      ],
      [
       20.88277778,
       58.81
      ],
      [
       20.64277778,
       58.41333333
      ],
      [
       20.51972222,
       58.20222222
      ],
      [
       20.38666667,
       57.9775
      ],
      [
       18.93027778,
       58.23194444
      ],
      [
       18.67222222,
       58.96194444
      ],
      [
       18.75472222,
       59.04194444
      ],
      [
       18.96833333,
       59.255
      ],
      [
       19.27361111,
       59.59944444
      ],
      [
       19.68583333,
       59.65472222
      ]
     ]
    ]
   },
   "properties": {
    "lager": "Militär sektor",
    "namn": "ES M3",
    "typ": "EXEA",
    "beteckning": "ESAA",
    "plats": "M3",
    "hojd": "GND–UNL",
    "operator": "",
    "gäller_fr": "2026-06-11",
    "kommentar": ""
   }
  },
  {
   "type": "Feature",
   "geometry": {
    "type": "Polygon",
    "coordinates": [
     [
      [
       14.10527778,
       57.43083333
      ],
      [
       14.62861111,
       57.2275
      ],
      [
       15.07416667,
       57.16916667
      ],
      [
       15.0025,
       57.11777778
      ],
      [
       14.76027778,
       56.95444444
      ],
      [
       14.45305556,
       56.74138889
      ],
      [
       13.92277778,
       56.34166667
      ],
      [
       13.91222222,
       56.22111111
      ],
      [
       13.09527778,
       56.70361111
      ],
      [
       13.51333333,
       57.0075
      ],
      [
       13.76972222,
       57.19333333
      ],
      [
       14.10527778,
       57.43083333
      ]
     ]
    ]
   },
   "properties": {
    "lager": "Militär sektor",
    "namn": "ES L3",
    "typ": "EXEA",
    "beteckning": "ESAA",
    "plats": "L3",
    "hojd": "GND–UNL",
    "operator": "",
    "gäller_fr": "2026-06-11",
    "kommentar": ""
   }
  },
  {
   "type": "Feature",
   "geometry": {
    "type": "Polygon",
    "coordinates": [
     [
      [
       14.31972222,
       59.03388889
      ],
      [
       14.62055556,
       58.90472222
      ],
      [
       14.79666667,
       58.82833333
      ],
      [
       14.92055556,
       58.77416667
      ],
      [
       14.1875,
       58.45833333
      ],
      [
       13.64694444,
       58.21722222
      ],
      [
       13.37388889,
       58.12861111
      ],
      [
       13.27694444,
       58.09694444
      ],
      [
       13.12916667,
       58.10027778
      ],
      [
       12.785,
       58.10805556
      ],
      [
       12.35388889,
       58.11638889
      ],
      [
       12.24861111,
       58.17055556
      ],
      [
       11.9975,
       58.29972222
      ],
      [
       12.21027778,
       58.3225
      ],
      [
       12.65527778,
       58.36722222
      ],
      [
       13.25388889,
       58.61222222
      ],
      [
       13.61944444,
       58.75722222
      ],
      [
       14.27055556,
       59.01527778
      ],
      [
       14.31972222,
       59.03388889
      ]
     ]
    ]
   },
   "properties": {
    "lager": "Militär sektor",
    "namn": "ES L7",
    "typ": "EXEA",
    "beteckning": "ESAA",
    "plats": "L7",
    "hojd": "GND–UNL",
    "operator": "",
    "gäller_fr": "2026-06-11",
    "kommentar": ""
   }
  },
  {
   "type": "Feature",
   "geometry": {
    "type": "Polygon",
    "coordinates": [
     [
      [
       17.40666667,
       57.49583333
      ],
      [
       17.77166667,
       57.46416667
      ],
      [
       17.83833333,
       57.45805556
      ],
      [
       18.56055556,
       57.33194444
      ],
      [
       17.78638889,
       57.11888889
      ],
      [
       16.77194444,
       56.86666667
      ],
      [
       16.33694444,
       56.60472222
      ],
      [
       15.86638889,
       56.42861111
      ],
      [
       15.63194444,
       56.33777778
      ],
      [
       14.82166667,
       56.02444444
      ],
      [
       14.83777778,
       56.14138889
      ],
      [
       14.8525,
       56.24472222
      ],
      [
       15.12611111,
       56.35
      ],
      [
       16.13888889,
       56.73138889
      ],
      [
       16.39194444,
       56.86805556
      ],
      [
       16.57055556,
       56.96333333
      ],
      [
       17.40666667,
       57.49583333
      ]
     ]
    ]
   },
   "properties": {
    "lager": "Militär sektor",
    "namn": "ES S2",
    "typ": "EXEA",
    "beteckning": "ESAA",
    "plats": "S2",
    "hojd": "GND–UNL",
    "operator": "",
    "gäller_fr": "2026-06-11",
    "kommentar": ""
   }
  },
  {
   "type": "Feature",
   "geometry": {
    "type": "Polygon",
    "coordinates": [
     [
      [
       18.93027778,
       58.23194444
      ],
      [
       20.38666667,
       57.9775
      ],
      [
       20.27472222,
       57.78416667
      ],
      [
       18.56055556,
       57.33194444
      ],
      [
       17.83833333,
       57.45805556
      ],
      [
       17.77166667,
       57.46416667
      ],
      [
       17.40666667,
       57.49583333
      ],
      [
       17.82388889,
       57.74138889
      ],
      [
       18.67527778,
       58.07833333
      ],
      [
       18.93027778,
       58.23194444
      ]
     ]
    ]
   },
   "properties": {
    "lager": "Militär sektor",
    "namn": "ES M1",
    "typ": "EXEA",
    "beteckning": "ESAA",
    "plats": "M1",
    "hojd": "GND–UNL",
    "operator": "",
    "gäller_fr": "2026-06-11",
    "kommentar": ""
   }
  },
  {
   "type": "Feature",
   "geometry": {
    "type": "Polygon",
    "coordinates": [
     [
      [
       12.98555556,
       61.33722222
      ],
      [
       13.46,
       61.26083333
      ],
      [
       14.57055556,
       61.07194444
      ],
      [
       14.78611111,
       61.00027778
      ],
      [
       15.8775,
       61.0075
      ],
      [
       17.41305556,
       61.01861111
      ],
      [
       17.59666667,
       60.23277778
      ],
      [
       17.30166667,
       60.11111111
      ],
      [
       16.84777778,
       59.92083333
      ],
      [
       15.7125,
       60.035
      ],
      [
       15,
       60.09388889
      ],
      [
       14.77361111,
       60.11944444
      ],
      [
       12.89472222,
       60.25555556
      ],
      [
       12.98555556,
       61.33722222
      ]
     ]
    ]
   },
   "properties": {
    "lager": "Militär sektor",
    "namn": "ES M5",
    "typ": "EXEA",
    "beteckning": "ESAA",
    "plats": "M5",
    "hojd": "GND–UNL",
    "operator": "",
    "gäller_fr": "2026-06-11",
    "kommentar": ""
   }
  },
  {
   "type": "Feature",
   "geometry": {
    "type": "Polygon",
    "coordinates": [
     [
      [
       14.78388889,
       59.68666667
      ],
      [
       15.29833333,
       59.6325
      ],
      [
       15.30777778,
       59.52222222
      ],
      [
       15.37861111,
       59.42611111
      ],
      [
       14.84777778,
       59.23388889
      ],
      [
       14.93333333,
       59.44916667
      ],
      [
       14.78388889,
       59.68666667
      ]
     ]
    ]
   },
   "properties": {
    "lager": "Militär sektor",
    "namn": "ES G9",
    "typ": "EXEA",
    "beteckning": "ESAA",
    "plats": "G9",
    "hojd": "GND–UNL",
    "operator": "",
    "gäller_fr": "2026-06-11",
    "kommentar": ""
   }
  },
  {
   "type": "Feature",
   "geometry": {
    "type": "Polygon",
    "coordinates": [
     [
      [
       20.27472222,
       57.78416667
      ],
      [
       20.06416667,
       57.41722222
      ],
      [
       19.83333333,
       57
      ],
      [
       18.69833333,
       56.43888889
      ],
      [
       17.05333333,
       55.58111111
      ],
      [
       15.86666667,
       54.91666667
      ],
      [
       15.57555556,
       54.91666667
      ],
      [
       15.66833333,
       55.30916667
      ],
      [
       15.61666667,
       55.48666667
      ],
      [
       15.44111111,
       55.61416667
      ],
      [
       14.87861111,
       55.60333333
      ],
      [
       14.69305556,
       55.59972222
      ],
      [
       14.29777778,
       55.59
      ],
      [
       14.29472222,
       55.6775
      ],
      [
       14.32194444,
       55.82166667
      ],
      [
       14.82166667,
       56.02444444
      ],
      [
       15.63194444,
       56.33777778
      ],
      [
       15.86638889,
       56.42861111
      ],
      [
       16.33694444,
       56.60472222
      ],
      [
       16.77194444,
       56.86666667
      ],
      [
       17.78638889,
       57.11888889
      ],
      [
       18.56055556,
       57.33194444
      ],
      [
       20.27472222,
       57.78416667
      ]
     ]
    ]
   },
   "properties": {
    "lager": "Militär sektor",
    "namn": "ES S1",
    "typ": "EXEA",
    "beteckning": "ESAA",
    "plats": "S1",
    "hojd": "GND–UNL",
    "operator": "",
    "gäller_fr": "2026-06-11",
    "kommentar": ""
   }
  },
  {
   "type": "Feature",
   "geometry": {
    "type": "Polygon",
    "coordinates": [
     [
      [
       16.51361111,
       59.02888889
      ],
      [
       16.70777778,
       59.01194444
      ],
      [
       17.22333333,
       58.97861111
      ],
      [
       17.40777778,
       58.96611111
      ],
      [
       17.45694444,
       58.61638889
      ],
      [
       17.54916667,
       58.61
      ],
      [
       17.48416667,
       58.58527778
      ],
      [
       16.64583333,
       58.26305556
      ],
      [
       16.43222222,
       58.12444444
      ],
      [
       16.07694444,
       57.86944444
      ],
      [
       15.72861111,
       57.64
      ],
      [
       15.41444444,
       57.41388889
      ],
      [
       15.16972222,
       57.23777778
      ],
      [
       15.07416667,
       57.16916667
      ],
      [
       14.62861111,
       57.2275
      ],
      [
       14.10527778,
       57.43083333
      ],
      [
       14.42027778,
       57.65027778
      ],
      [
       14.47527778,
       57.68722222
      ],
      [
       14.92194444,
       57.99333333
      ],
      [
       15.06916667,
       58.0925
      ],
      [
       15.21472222,
       58.18722222
      ],
      [
       15.6,
       58.43888889
      ],
      [
       15.74027778,
       58.52888889
      ],
      [
       16.21638889,
       58.83888889
      ],
      [
       16.51361111,
       59.02888889
      ]
     ]
    ]
   },
   "properties": {
    "lager": "Militär sektor",
    "namn": "ES K1",
    "typ": "EXEA",
    "beteckning": "ESAA",
    "plats": "K1",
    "hojd": "GND–UNL",
    "operator": "",
    "gäller_fr": "2026-06-11",
    "kommentar": ""
   }
  },
  {
   "type": "Feature",
   "geometry": {
    "type": "Polygon",
    "coordinates": [
     [
      [
       16.28111111,
       59.12194444
      ],
      [
       16.26777778,
       59.04944444
      ],
      [
       16.51361111,
       59.02888889
      ],
      [
       16.21638889,
       58.83888889
      ],
      [
       15.74027778,
       58.52888889
      ],
      [
       15.6,
       58.43888889
      ],
      [
       15.21472222,
       58.18722222
      ],
      [
       15.01944444,
       58.21916667
      ],
      [
       14.47166667,
       58.30777778
      ],
      [
       14.40777778,
       58.3425
      ],
      [
       14.1875,
       58.45833333
      ],
      [
       14.92055556,
       58.77416667
      ],
      [
       15.59055556,
       59.05416667
      ],
      [
       15.74583333,
       59.11777778
      ],
      [
       16.28111111,
       59.12194444
      ]
     ]
    ]
   },
   "properties": {
    "lager": "Militär sektor",
    "namn": "ES M8",
    "typ": "EXEA",
    "beteckning": "ESAA",
    "plats": "M8",
    "hojd": "GND–UNL",
    "operator": "",
    "gäller_fr": "2026-06-11",
    "kommentar": ""
   }
  },
  {
   "type": "Feature",
   "geometry": {
    "type": "Polygon",
    "coordinates": [
     [
      [
       14.8525,
       56.24472222
      ],
      [
       14.83777778,
       56.14138889
      ],
      [
       14.82166667,
       56.02444444
      ],
      [
       14.32194444,
       55.82166667
      ],
      [
       14.39694444,
       56.21527778
      ],
      [
       14.8525,
       56.24472222
      ]
     ]
    ]
   },
   "properties": {
    "lager": "Militär sektor",
    "namn": "ES L9",
    "typ": "EXEA",
    "beteckning": "ESAA",
    "plats": "L9",
    "hojd": "GND–UNL",
    "operator": "",
    "gäller_fr": "2026-06-11",
    "kommentar": ""
   }
  },
  {
   "type": "Feature",
   "geometry": {
    "type": "Polygon",
    "coordinates": [
     [
      [
       12.53277778,
       57.39972222
      ],
      [
       12.47444444,
       57.21833333
      ],
      [
       12.47583333,
       57.17138889
      ],
      [
       12.625,
       56.62388889
      ],
      [
       12.56833333,
       56.55083333
      ],
      [
       12.44277778,
       56.38666667
      ],
      [
       12.44166667,
       56.30527778
      ],
      [
       12.235,
       56.38805556
      ],
      [
       11.76611111,
       56.98555556
      ],
      [
       11.58277778,
       57.21361111
      ],
      [
       12.16222222,
       57.2875
      ],
      [
       12.44722222,
       57.32388889
      ],
      [
       12.53277778,
       57.39972222
      ]
     ]
    ]
   },
   "properties": {
    "lager": "Militär sektor",
    "namn": "ES L2",
    "typ": "EXEA",
    "beteckning": "ESAA",
    "plats": "L2",
    "hojd": "GND–UNL",
    "operator": "",
    "gäller_fr": "2026-06-11",
    "kommentar": ""
   }
  },
  {
   "type": "Feature",
   "geometry": {
    "type": "Polygon",
    "coordinates": [
     [
      [
       17.37944444,
       61.63444444
      ],
      [
       18.40777778,
       61.63027778
      ],
      [
       19.48277778,
       61.60555556
      ],
      [
       19.31805556,
       61
      ],
      [
       19.23888889,
       60.71388889
      ],
      [
       19.05277778,
       60.56388889
      ],
      [
       19.01972222,
       60.33194444
      ],
      [
       18.66916667,
       60.25972222
      ],
      [
       18.55472222,
       60.26611111
      ],
      [
       18.21305556,
       60.29944444
      ],
      [
       17.82805556,
       60.25805556
      ],
      [
       17.59666667,
       60.23277778
      ],
      [
       17.41305556,
       61.01861111
      ],
      [
       17.37944444,
       61.63444444
      ]
     ]
    ]
   },
   "properties": {
    "lager": "Militär sektor",
    "namn": "ES M4",
    "typ": "EXEA",
    "beteckning": "ESAA",
    "plats": "M4",
    "hojd": "GND–UNL",
    "operator": "",
    "gäller_fr": "2026-06-11",
    "kommentar": ""
   }
  },
  {
   "type": "Feature",
   "geometry": {
    "type": "Polygon",
    "coordinates": [
     [
      [
       21.73166667,
       65.7025
      ],
      [
       22.76527778,
       65.59527778
      ],
      [
       22.15527778,
       65.02694444
      ],
      [
       21.77972222,
       64.645
      ],
      [
       21.52,
       64.34472222
      ],
      [
       21.35555556,
       64.18666667
      ],
      [
       20.94416667,
       63.78305556
      ],
      [
       20.84472222,
       63.6825
      ],
      [
       20.76583333,
       63.60277778
      ],
      [
       20.28611111,
       63.78888889
      ],
      [
       19.44722222,
       63.82055556
      ],
      [
       19.21416667,
       63.81555556
      ],
      [
       19.33361111,
       63.8725
      ],
      [
       20.10972222,
       64.23583333
      ],
      [
       20.19361111,
       64.27444444
      ],
      [
       20.34111111,
       64.48111111
      ],
      [
       20.56555556,
       64.78888889
      ],
      [
       20.63944444,
       64.84611111
      ],
      [
       20.94805556,
       65.08166667
      ],
      [
       21.155,
       65.23694444
      ],
      [
       21.73166667,
       65.7025
      ]
     ]
    ]
   },
   "properties": {
    "lager": "Militär sektor",
    "namn": "ES V1",
    "typ": "EXEA",
    "beteckning": "ESAA",
    "plats": "V1",
    "hojd": "GND–UNL",
    "operator": "",
    "gäller_fr": "2026-06-11",
    "kommentar": ""
   }
  },
  {
   "type": "Feature",
   "geometry": {
    "type": "Polygon",
    "coordinates": [
     [
      [
       20.38305556,
       68.21361111
      ],
      [
       20.49111111,
       68.21305556
      ],
      [
       22.83277778,
       68.2
      ],
      [
       22.89777778,
       67.88805556
      ],
      [
       21.49055556,
       67.56055556
      ],
      [
       20.91777778,
       67.39861111
      ],
      [
       20.65805556,
       67.3575
      ],
      [
       20.49555556,
       67.33194444
      ],
      [
       19,
       67
      ],
      [
       18.57916667,
       66.915
      ],
      [
       17.87944444,
       66.51527778
      ],
      [
       16.70944444,
       67.00166667
      ],
      [
       18.66611111,
       68.2
      ],
      [
       20.38305556,
       68.21361111
      ]
     ]
    ]
   },
   "properties": {
    "lager": "Militär sektor",
    "namn": "ES V4",
    "typ": "EXEA",
    "beteckning": "ESAA",
    "plats": "V4",
    "hojd": "GND–UNL",
    "operator": "",
    "gäller_fr": "2026-06-11",
    "kommentar": ""
   }
  },
  {
   "type": "Feature",
   "geometry": {
    "type": "Polygon",
    "coordinates": [
     [
      [
       17.87944444,
       66.51527778
      ],
      [
       19.30444444,
       65.92388889
      ],
      [
       19.44583333,
       65.86527778
      ],
      [
       20.16222222,
       65.86527778
      ],
      [
       21.57611111,
       65.71944444
      ],
      [
       21.73166667,
       65.7025
      ],
      [
       21.155,
       65.23694444
      ],
      [
       20.94805556,
       65.08166667
      ],
      [
       20.63944444,
       64.84611111
      ],
      [
       20.56555556,
       64.78888889
      ],
      [
       20.34111111,
       64.48111111
      ],
      [
       20.19361111,
       64.27444444
      ],
      [
       20.10972222,
       64.23583333
      ],
      [
       19.33361111,
       63.8725
      ],
      [
       19.21416667,
       63.81555556
      ],
      [
       18.86861111,
       63.80722222
      ],
      [
       18.28166667,
       63.915
      ],
      [
       17.34138889,
       64.07666667
      ],
      [
       16.63916667,
       64.1975
      ],
      [
       15.19861111,
       64.42583333
      ],
      [
       15.99916667,
       65.26305556
      ],
      [
       17.31888889,
       66.24583333
      ],
      [
       17.87944444,
       66.51527778
      ]
     ]
    ]
   },
   "properties": {
    "lager": "Militär sektor",
    "namn": "ES V2",
    "typ": "EXEA",
    "beteckning": "ESAA",
    "plats": "V2",
    "hojd": "GND–UNL",
    "operator": "",
    "gäller_fr": "2026-06-11",
    "kommentar": ""
   }
  },
  {
   "type": "Feature",
   "geometry": {
    "type": "Polygon",
    "coordinates": [
     [
      [
       12.99638889,
       57.72194444
      ],
      [
       13.12138889,
       57.68444444
      ],
      [
       13.60722222,
       57.53666667
      ],
      [
       14.10527778,
       57.43083333
      ],
      [
       13.76972222,
       57.19333333
      ],
      [
       13.51333333,
       57.0075
      ],
      [
       13.09527778,
       56.70361111
      ],
      [
       12.625,
       56.62388889
      ],
      [
       12.47583333,
       57.17138889
      ],
      [
       12.47444444,
       57.21833333
      ],
      [
       12.53277778,
       57.39972222
      ],
      [
       12.6325,
       57.4875
      ],
      [
       12.87083333,
       57.695
      ],
      [
       12.99638889,
       57.72194444
      ]
     ]
    ]
   },
   "properties": {
    "lager": "Militär sektor",
    "namn": "ES S5",
    "typ": "EXEA",
    "beteckning": "ESAA",
    "plats": "S5",
    "hojd": "GND–UNL",
    "operator": "",
    "gäller_fr": "2026-06-11",
    "kommentar": ""
   }
  },
  {
   "type": "Feature",
   "geometry": {
    "type": "Polygon",
    "coordinates": [
     [
      [
       14.1875,
       58.45833333
      ],
      [
       14.40777778,
       58.3425
      ],
      [
       14.47166667,
       58.30777778
      ],
      [
       15.01944444,
       58.21916667
      ],
      [
       15.21472222,
       58.18722222
      ],
      [
       15.06916667,
       58.0925
      ],
      [
       14.92194444,
       57.99333333
      ],
      [
       14.47527778,
       57.68722222
      ],
      [
       14.42027778,
       57.65027778
      ],
      [
       14.10527778,
       57.43083333
      ],
      [
       13.60722222,
       57.53666667
      ],
      [
       13.12138889,
       57.68444444
      ],
      [
       12.99638889,
       57.72194444
      ],
      [
       13.24,
       57.94
      ],
      [
       13.26555556,
       58.04555556
      ],
      [
       13.27694444,
       58.09694444
      ],
      [
       13.37388889,
       58.12861111
      ],
      [
       13.64694444,
       58.21722222
      ],
      [
       14.1875,
       58.45833333
      ]
     ]
    ]
   },
   "properties": {
    "lager": "Militär sektor",
    "namn": "ES S6",
    "typ": "EXEA",
    "beteckning": "ESAA",
    "plats": "S6",
    "hojd": "GND–UNL",
    "operator": "",
    "gäller_fr": "2026-06-11",
    "kommentar": ""
   }
  },
  {
   "type": "Feature",
   "geometry": {
    "type": "Polygon",
    "coordinates": [
     [
      [
       13.80166667,
       55.70444444
      ],
      [
       14.01861111,
       55.62611111
      ],
      [
       14.29472222,
       55.6775
      ],
      [
       14.29777778,
       55.59
      ],
      [
       14.69305556,
       55.59972222
      ],
      [
       14.30777778,
       55.29055556
      ],
      [
       14.16666667,
       55.17583333
      ],
      [
       14.16666667,
       55.12611111
      ],
      [
       14.16694444,
       55
      ],
      [
       13.00027778,
       55
      ],
      [
       12.99888889,
       55.24944444
      ],
      [
       13.16694444,
       55.37222222
      ],
      [
       13.34222222,
       55.34
      ],
      [
       13.39611111,
       55.34472222
      ],
      [
       13.51861111,
       55.35611111
      ],
      [
       13.78888889,
       55.43888889
      ],
      [
       13.80166667,
       55.70444444
      ]
     ]
    ]
   },
   "properties": {
    "lager": "Militär sektor",
    "namn": "ES L1",
    "typ": "EXEA",
    "beteckning": "ESAA",
    "plats": "L1",
    "hojd": "GND–UNL",
    "operator": "",
    "gäller_fr": "2026-06-11",
    "kommentar": ""
   }
  },
  {
   "type": "Feature",
   "geometry": {
    "type": "Polygon",
    "coordinates": [
     [
      [
       14.76027778,
       56.95444444
      ],
      [
       15.11555556,
       56.68916667
      ],
      [
       15.12611111,
       56.35
      ],
      [
       14.8525,
       56.24472222
      ],
      [
       14.39694444,
       56.21527778
      ],
      [
       13.91222222,
       56.22111111
      ],
      [
       13.92277778,
       56.34166667
      ],
      [
       14.45305556,
       56.74138889
      ],
      [
       14.76027778,
       56.95444444
      ]
     ]
    ]
   },
   "properties": {
    "lager": "Militär sektor",
    "namn": "ES S3",
    "typ": "EXEA",
    "beteckning": "ESAA",
    "plats": "S3",
    "hojd": "GND–UNL",
    "operator": "",
    "gäller_fr": "2026-06-11",
    "kommentar": ""
   }
  },
  {
   "type": "Feature",
   "geometry": {
    "type": "Polygon",
    "coordinates": [
     [
      [
       23.68694444,
       65.86972222
      ],
      [
       23.94111111,
       65.39694444
      ],
      [
       23.91027778,
       65.37583333
      ],
      [
       23.11527778,
       64.82166667
      ],
      [
       22.91666667,
       64.68333333
      ],
      [
       21.96166667,
       63.97472222
      ],
      [
       21.71277778,
       63.78333333
      ],
      [
       21.05055556,
       63.70666667
      ],
      [
       20.84472222,
       63.6825
      ],
      [
       20.94416667,
       63.78305556
      ],
      [
       21.35555556,
       64.18666667
      ],
      [
       21.52,
       64.34472222
      ],
      [
       21.77972222,
       64.645
      ],
      [
       22.15527778,
       65.02694444
      ],
      [
       22.76527778,
       65.59527778
      ],
      [
       23.68694444,
       65.86972222
      ]
     ]
    ]
   },
   "properties": {
    "lager": "Militär sektor",
    "namn": "ES V6",
    "typ": "EXEA",
    "beteckning": "ESAA",
    "plats": "V6",
    "hojd": "GND–UNL",
    "operator": "",
    "gäller_fr": "2026-06-11",
    "kommentar": ""
   }
  },
  {
   "type": "Feature",
   "geometry": {
    "type": "Polygon",
    "coordinates": [
     [
      [
       21.71277778,
       63.78333333
      ],
      [
       21.56694444,
       63.66916667
      ],
      [
       21.51,
       63.66722222
      ],
      [
       20.95972222,
       63.52472222
      ],
      [
       20.8425,
       63.505
      ],
      [
       20.69638889,
       63.48277778
      ],
      [
       20.68805556,
       63.47861111
      ],
      [
       20.66666667,
       63.475
      ],
      [
       20.5975,
       63.43222222
      ],
      [
       20.40111111,
       63.33194444
      ],
      [
       20.17972222,
       63.17472222
      ],
      [
       20.16666667,
       63.16666667
      ],
      [
       20.01388889,
       62.83638889
      ],
      [
       19.95805556,
       63.18166667
      ],
      [
       20.02444444,
       63.24083333
      ],
      [
       20.11166667,
       63.31805556
      ],
      [
       20.31916667,
       63.42722222
      ],
      [
       20.5375,
       63.54083333
      ],
      [
       20.76583333,
       63.60277778
      ],
      [
       20.84472222,
       63.6825
      ],
      [
       21.05055556,
       63.70666667
      ],
      [
       21.71277778,
       63.78333333
      ]
     ]
    ]
   },
   "properties": {
    "lager": "Militär sektor",
    "namn": "ES I4",
    "typ": "EXEA",
    "beteckning": "ESAA",
    "plats": "I4",
    "hojd": "GND–UNL",
    "operator": "",
    "gäller_fr": "2026-06-11",
    "kommentar": ""
   }
  },
  {
   "type": "Feature",
   "geometry": {
    "type": "Polygon",
    "coordinates": [
     [
      [
       19.23888889,
       60.71388889
      ],
      [
       19.13222222,
       60.30055556
      ],
      [
       19.08333333,
       60.19166667
      ],
      [
       19.61583333,
       59.82166667
      ],
      [
       19.82888889,
       59.67305556
      ],
      [
       19.94055556,
       59.595
      ],
      [
       19.94222222,
       59.595
      ],
      [
       19.98666667,
       59.56333333
      ],
      [
       20.34638889,
       59.36638889
      ],
      [
       20.22944444,
       59.38277778
      ],
      [
       19.68583333,
       59.65472222
      ],
      [
       19.66305556,
       59.66611111
      ],
      [
       19.48333333,
       59.80277778
      ],
      [
       18.96166667,
       59.72944444
      ],
      [
       18.55472222,
       60.26611111
      ],
      [
       18.66916667,
       60.25972222
      ],
      [
       19.01972222,
       60.33194444
      ],
      [
       19.05277778,
       60.56388889
      ],
      [
       19.23888889,
       60.71388889
      ]
     ]
    ]
   },
   "properties": {
    "lager": "Militär sektor",
    "namn": "ES I6",
    "typ": "EXEA",
    "beteckning": "ESAA",
    "plats": "I6",
    "hojd": "GND–UNL",
    "operator": "",
    "gäller_fr": "2026-06-11",
    "kommentar": ""
   }
  },
  {
   "type": "Feature",
   "geometry": {
    "type": "Polygon",
    "coordinates": [
     [
      [
       15.72861111,
       57.64
      ],
      [
       15.76444444,
       57.62472222
      ],
      [
       16.80472222,
       57.54305556
      ],
      [
       17.40666667,
       57.49583333
      ],
      [
       16.57055556,
       56.96333333
      ],
      [
       16.39194444,
       56.86805556
      ],
      [
       16.13888889,
       56.73138889
      ],
      [
       15.12611111,
       56.35
      ],
      [
       15.11555556,
       56.68916667
      ],
      [
       14.76027778,
       56.95444444
      ],
      [
       15.0025,
       57.11777778
      ],
      [
       15.07416667,
       57.16916667
      ],
      [
       15.16972222,
       57.23777778
      ],
      [
       15.41444444,
       57.41388889
      ],
      [
       15.72861111,
       57.64
      ]
     ]
    ]
   },
   "properties": {
    "lager": "Militär sektor",
    "namn": "ES S4",
    "typ": "EXEA",
    "beteckning": "ESAA",
    "plats": "S4",
    "hojd": "GND–UNL",
    "operator": "",
    "gäller_fr": "2026-06-11",
    "kommentar": ""
   }
  },
  {
   "type": "Feature",
   "geometry": {
    "type": "Polygon",
    "coordinates": [
     [
      [
       11.21777778,
       58.85027778
      ],
      [
       11.29944444,
       58.78305556
      ],
      [
       11.45027778,
       58.12777778
      ],
      [
       11.14055556,
       57.75138889
      ],
      [
       10.49777778,
       58.49944444
      ],
      [
       10.55472222,
       58.65111111
      ],
      [
       10.6875,
       58.67222222
      ],
      [
       10.77611111,
       58.71166667
      ],
      [
       10.80166667,
       58.81166667
      ],
      [
       11.21777778,
       58.85027778
      ]
     ]
    ]
   },
   "properties": {
    "lager": "Militär sektor",
    "namn": "ES S7",
    "typ": "EXEA",
    "beteckning": "ESAA",
    "plats": "S7",
    "hojd": "GND–UNL",
    "operator": "",
    "gäller_fr": "2026-06-11",
    "kommentar": ""
   }
  },
  {
   "type": "Feature",
   "geometry": {
    "type": "Polygon",
    "coordinates": [
     [
      [
       12.62527778,
       59.89138889
      ],
      [
       13.46361111,
       59.81583333
      ],
      [
       14.78388889,
       59.68666667
      ],
      [
       14.93333333,
       59.44916667
      ],
      [
       14.84777778,
       59.23388889
      ],
      [
       14.49361111,
       59.10055556
      ],
      [
       14.31972222,
       59.03388889
      ],
      [
       14.27055556,
       59.01527778
      ],
      [
       13.61944444,
       58.75722222
      ],
      [
       13.25388889,
       58.61222222
      ],
      [
       12.65527778,
       58.36722222
      ],
      [
       12.1375,
       58.60888889
      ],
      [
       12.07388889,
       58.85944444
      ],
      [
       12.07194444,
       58.92
      ],
      [
       12.19027778,
       59.64305556
      ],
      [
       12.35888889,
       59.74
      ],
      [
       12.62527778,
       59.89138889
      ]
     ]
    ]
   },
   "properties": {
    "lager": "Militär sektor",
    "namn": "ES S9",
    "typ": "EXEA",
    "beteckning": "ESAA",
    "plats": "S9",
    "hojd": "GND–UNL",
    "operator": "",
    "gäller_fr": "2026-06-11",
    "kommentar": ""
   }
  },
  {
   "type": "Feature",
   "geometry": {
    "type": "Polygon",
    "coordinates": [
     [
      [
       18.67222222,
       58.96194444
      ],
      [
       18.93027778,
       58.23194444
      ],
      [
       18.67527778,
       58.07833333
      ],
      [
       17.82388889,
       57.74138889
      ],
      [
       17.40666667,
       57.49583333
      ],
      [
       16.80472222,
       57.54305556
      ],
      [
       15.76444444,
       57.62472222
      ],
      [
       15.72861111,
       57.64
      ],
      [
       16.07694444,
       57.86944444
      ],
      [
       16.43222222,
       58.12444444
      ],
      [
       16.64583333,
       58.26305556
      ],
      [
       17.48416667,
       58.58527778
      ],
      [
       17.54916667,
       58.61
      ],
      [
       17.93277778,
       58.58305556
      ],
      [
       18.45722222,
       58.7525
      ],
      [
       18.53944444,
       58.8325
      ],
      [
       18.67222222,
       58.96194444
      ]
     ]
    ]
   },
   "properties": {
    "lager": "Militär sektor",
    "namn": "ES M2",
    "typ": "EXEA",
    "beteckning": "ESAA",
    "plats": "M2",
    "hojd": "GND–UNL",
    "operator": "",
    "gäller_fr": "2026-06-11",
    "kommentar": ""
   }
  },
  {
   "type": "Feature",
   "geometry": {
    "type": "Polygon",
    "coordinates": [
     [
      [
       15.44111111,
       55.61416667
      ],
      [
       15.61666667,
       55.48666667
      ],
      [
       15.66833333,
       55.30916667
      ],
      [
       15.57555556,
       54.91666667
      ],
      [
       15.42277778,
       54.91666667
      ],
      [
       15.44861111,
       54.9425
      ],
      [
       15.49222222,
       55.02083333
      ],
      [
       15.50777778,
       55.06861111
      ],
      [
       15.50694444,
       55.14583333
      ],
      [
       15.48888889,
       55.19861111
      ],
      [
       15.53583333,
       55.26055556
      ],
      [
       15.55111111,
       55.31694444
      ],
      [
       15.54333333,
       55.36111111
      ],
      [
       15.51722222,
       55.40527778
      ],
      [
       15.47222222,
       55.44611111
      ],
      [
       15.41361111,
       55.48055556
      ],
      [
       15.34222222,
       55.50861111
      ],
      [
       15.25944444,
       55.52666667
      ],
      [
       15.17472222,
       55.5325
      ],
      [
       15.09027778,
       55.52666667
      ],
      [
       15.01277778,
       55.51027778
      ],
      [
       14.93694444,
       55.48055556
      ],
      [
       14.85333333,
       55.49361111
      ],
      [
       14.52666667,
       55.28
      ],
      [
       14.34305556,
       55.14388889
      ],
      [
       14.32861111,
       55.1075
      ],
      [
       14.3375,
       55.05111111
      ],
      [
       14.36777778,
       55.00138889
      ],
      [
       14.41,
       54.96305556
      ],
      [
       14.51666667,
       54.91
      ],
      [
       14.61055556,
       54.87416667
      ],
      [
       14.82472222,
       54.81916667
      ],
      [
       14.87944444,
       54.81
      ],
      [
       14.79972222,
       54.8
      ],
      [
       14.67805556,
       54.80111111
      ],
      [
       14.56083333,
       54.82055556
      ],
      [
       14.45611111,
       54.85638889
      ],
      [
       14.40416667,
       54.88611111
      ],
      [
       14.3575,
       54.91666667
      ],
      [
       13,
       54.91666667
      ],
      [
       13.00027778,
       55
      ],
      [
       14.16694444,
       55
      ],
      [
       14.16666667,
       55.12611111
      ],
      [
       14.16666667,
       55.17583333
      ],
      [
       14.30777778,
       55.29055556
      ],
      [
       14.69305556,
       55.59972222
      ],
      [
       14.87861111,
       55.60333333
      ],
      [
       15.44111111,
       55.61416667
      ]
     ]
    ]
   },
   "properties": {
    "lager": "Militär sektor",
    "namn": "ES I8",
    "typ": "EXEA",
    "beteckning": "ESAA",
    "plats": "I8",
    "hojd": "GND–UNL",
    "operator": "",
    "gäller_fr": "2026-06-11",
    "kommentar": ""
   }
  },
  {
   "type": "Feature",
   "geometry": {
    "type": "Polygon",
    "coordinates": [
     [
      [
       12.07194444,
       58.92
      ],
      [
       12.07388889,
       58.85944444
      ],
      [
       12.1375,
       58.60888889
      ],
      [
       12.65527778,
       58.36722222
      ],
      [
       12.21027778,
       58.3225
      ],
      [
       11.9975,
       58.29972222
      ],
      [
       11.67861111,
       58.26944444
      ],
      [
       11.45027778,
       58.12777778
      ],
      [
       11.29944444,
       58.78305556
      ],
      [
       11.38083333,
       58.75472222
      ],
      [
       11.56416667,
       58.74111111
      ],
      [
       11.65111111,
       58.75555556
      ],
      [
       12.07194444,
       58.92
      ]
     ]
    ]
   },
   "properties": {
    "lager": "Militär sektor",
    "namn": "ES S8",
    "typ": "EXEA",
    "beteckning": "ESAA",
    "plats": "S8",
    "hojd": "GND–UNL",
    "operator": "",
    "gäller_fr": "2026-06-11",
    "kommentar": ""
   }
  },
  {
   "type": "Feature",
   "geometry": {
    "type": "Polygon",
    "coordinates": [
     [
      [
       19.27361111,
       59.59944444
      ],
      [
       18.96833333,
       59.255
      ],
      [
       18.75472222,
       59.04194444
      ],
      [
       18.67222222,
       58.96194444
      ],
      [
       18.53944444,
       58.8325
      ],
      [
       18.45722222,
       58.7525
      ],
      [
       17.93277778,
       58.58305556
      ],
      [
       17.54916667,
       58.61
      ],
      [
       17.97694444,
       58.76972222
      ],
      [
       18.48777778,
       59.12027778
      ],
      [
       18.47972222,
       59.21333333
      ],
      [
       18.69,
       59.40611111
      ],
      [
       18.83611111,
       59.53888889
      ],
      [
       19.27361111,
       59.59944444
      ]
     ]
    ]
   },
   "properties": {
    "lager": "Militär sektor",
    "namn": "ES M9",
    "typ": "EXEA",
    "beteckning": "ESAA",
    "plats": "M9",
    "hojd": "GND–UNL",
    "operator": "",
    "gäller_fr": "2026-06-11",
    "kommentar": ""
   }
  },
  {
   "type": "Feature",
   "geometry": {
    "type": "Polygon",
    "coordinates": [
     [
      [
       18.21305556,
       60.29944444
      ],
      [
       18.55472222,
       60.26611111
      ],
      [
       18.96166667,
       59.72944444
      ],
      [
       18.99638889,
       59.68277778
      ],
      [
       18.83611111,
       59.53888889
      ],
      [
       18.69,
       59.40611111
      ],
      [
       18.47972222,
       59.21333333
      ],
      [
       18.48777778,
       59.12027778
      ],
      [
       17.97694444,
       58.76972222
      ],
      [
       17.54916667,
       58.61
      ],
      [
       17.45694444,
       58.61638889
      ],
      [
       17.40777778,
       58.96611111
      ],
      [
       17.22333333,
       58.97861111
      ],
      [
       16.70777778,
       59.01194444
      ],
      [
       16.51361111,
       59.02888889
      ],
      [
       16.26777778,
       59.04944444
      ],
      [
       16.28111111,
       59.12194444
      ],
      [
       16.31833333,
       59.32388889
      ],
      [
       16.37972222,
       59.52888889
      ],
      [
       16.44666667,
       59.74944444
      ],
      [
       16.84777778,
       59.92083333
      ],
      [
       17.30166667,
       60.11111111
      ],
      [
       17.59666667,
       60.23277778
      ],
      [
       17.82805556,
       60.25805556
      ],
      [
       18.21305556,
       60.29944444
      ]
     ]
    ]
   },
   "properties": {
    "lager": "Militär sektor",
    "namn": "ES A1",
    "typ": "EXEA",
    "beteckning": "ESAA",
    "plats": "A1",
    "hojd": "GND–UNL",
    "operator": "",
    "gäller_fr": "2026-06-11",
    "kommentar": ""
   }
  },
  {
   "type": "Feature",
   "geometry": {
    "type": "Polygon",
    "coordinates": [
     [
      [
       11.9975,
       58.29972222
      ],
      [
       12.24861111,
       58.17055556
      ],
      [
       12.35388889,
       58.11638889
      ],
      [
       12.785,
       58.10805556
      ],
      [
       13.12916667,
       58.10027778
      ],
      [
       13.27694444,
       58.09694444
      ],
      [
       13.26555556,
       58.04555556
      ],
      [
       13.24,
       57.94
      ],
      [
       12.99638889,
       57.72194444
      ],
      [
       12.87083333,
       57.695
      ],
      [
       12.6325,
       57.4875
      ],
      [
       12.53277778,
       57.39972222
      ],
      [
       12.44722222,
       57.32388889
      ],
      [
       12.16222222,
       57.2875
      ],
      [
       11.58277778,
       57.21361111
      ],
      [
       11.14055556,
       57.75138889
      ],
      [
       11.45027778,
       58.12777778
      ],
      [
       11.67861111,
       58.26944444
      ],
      [
       11.9975,
       58.29972222
      ]
     ]
    ]
   },
   "properties": {
    "lager": "Militär sektor",
    "namn": "ES B1",
    "typ": "EXEA",
    "beteckning": "ESAA",
    "plats": "B1",
    "hojd": "GND–UNL",
    "operator": "",
    "gäller_fr": "2026-06-11",
    "kommentar": ""
   }
  },
  {
   "type": "Feature",
   "geometry": {
    "type": "Polygon",
    "coordinates": [
     [
      [
       16.43222222,
       58.12444444
      ],
      [
       16.85916667,
       58.05944444
      ],
      [
       16.83138889,
       57.79638889
      ],
      [
       16.07694444,
       57.86944444
      ],
      [
       16.43222222,
       58.12444444
      ]
     ]
    ]
   },
   "properties": {
    "lager": "Militär sektor",
    "namn": "ES M25",
    "typ": "EXES",
    "beteckning": "ESAA",
    "plats": "M25",
    "hojd": "GND–UNL",
    "operator": "",
    "gäller_fr": "2026-06-11",
    "kommentar": ""
   }
  },
  {
   "type": "Feature",
   "geometry": {
    "type": "Polygon",
    "coordinates": [
     [
      [
       13.64694444,
       58.21722222
      ],
      [
       13.96777778,
       58.03388889
      ],
      [
       13.83472222,
       57.85083333
      ],
      [
       13.60722222,
       57.53666667
      ],
      [
       13.12138889,
       57.68444444
      ],
      [
       12.99638889,
       57.72194444
      ],
      [
       13.24,
       57.94
      ],
      [
       13.26555556,
       58.04555556
      ],
      [
       13.27694444,
       58.09694444
      ],
      [
       13.37388889,
       58.12861111
      ],
      [
       13.64694444,
       58.21722222
      ]
     ]
    ]
   },
   "properties": {
    "lager": "Militär sektor",
    "namn": "ES S61",
    "typ": "EXES",
    "beteckning": "ESAA",
    "plats": "S61",
    "hojd": "GND–UNL",
    "operator": "",
    "gäller_fr": "2026-06-11",
    "kommentar": ""
   }
  },
  {
   "type": "Feature",
   "geometry": {
    "type": "Polygon",
    "coordinates": [
     [
      [
       20.38305556,
       68.21361111
      ],
      [
       20.39888889,
       68.16194444
      ],
      [
       20.65805556,
       67.3575
      ],
      [
       20.49555556,
       67.33194444
      ],
      [
       19,
       67
      ],
      [
       18.57916667,
       66.915
      ],
      [
       17.87944444,
       66.51527778
      ],
      [
       16.70944444,
       67.00166667
      ],
      [
       18.66611111,
       68.2
      ],
      [
       20.38305556,
       68.21361111
      ]
     ]
    ]
   },
   "properties": {
    "lager": "Militär sektor",
    "namn": "ES V41",
    "typ": "EXES",
    "beteckning": "ESAA",
    "plats": "V41",
    "hojd": "GND–UNL",
    "operator": "",
    "gäller_fr": "2026-06-11",
    "kommentar": ""
   }
  },
  {
   "type": "Feature",
   "geometry": {
    "type": "Polygon",
    "coordinates": [
     [
      [
       14.31805556,
       64.55666667
      ],
      [
       15.19861111,
       64.42583333
      ],
      [
       14.67722222,
       63.86333333
      ],
      [
       14.14444444,
       63.2625
      ],
      [
       12.59166667,
       63.43277778
      ],
      [
       12.85,
       63.9
      ],
      [
       14.13,
       63.9
      ],
      [
       14.38305556,
       64.16666667
      ],
      [
       14.31805556,
       64.55666667
      ]
     ]
    ]
   },
   "properties": {
    "lager": "Militär sektor",
    "namn": "ES N11",
    "typ": "EXES",
    "beteckning": "ESAA",
    "plats": "N11",
    "hojd": "GND–UNL",
    "operator": "",
    "gäller_fr": "2026-06-11",
    "kommentar": ""
   }
  },
  {
   "type": "Feature",
   "geometry": {
    "type": "Polygon",
    "coordinates": [
     [
      [
       15.41444444,
       57.41388889
      ],
      [
       16.19138889,
       57.22333333
      ],
      [
       16.46861111,
       57.21611111
      ],
      [
       16.57055556,
       56.96333333
      ],
      [
       16.39194444,
       56.86805556
      ],
      [
       15.54027778,
       56.86666667
      ],
      [
       15.07416667,
       57.16916667
      ],
      [
       15.16972222,
       57.23777778
      ],
      [
       15.41444444,
       57.41388889
      ]
     ]
    ]
   },
   "properties": {
    "lager": "Militär sektor",
    "namn": "ES S42",
    "typ": "EXES",
    "beteckning": "ESAA",
    "plats": "S42",
    "hojd": "GND–UNL",
    "operator": "",
    "gäller_fr": "2026-06-11",
    "kommentar": ""
   }
  },
  {
   "type": "Feature",
   "geometry": {
    "type": "Polygon",
    "coordinates": [
     [
      [
       16.80472222,
       57.54305556
      ],
      [
       17.40666667,
       57.49583333
      ],
      [
       16.57055556,
       56.96333333
      ],
      [
       16.46861111,
       57.21611111
      ],
      [
       16.80472222,
       57.54305556
      ]
     ]
    ]
   },
   "properties": {
    "lager": "Militär sektor",
    "namn": "ES S44",
    "typ": "EXES",
    "beteckning": "ESAA",
    "plats": "S44",
    "hojd": "GND–UNL",
    "operator": "",
    "gäller_fr": "2026-06-11",
    "kommentar": ""
   }
  },
  {
   "type": "Feature",
   "geometry": {
    "type": "Polygon",
    "coordinates": [
     [
      [
       16.07694444,
       57.86944444
      ],
      [
       16.83138889,
       57.79638889
      ],
      [
       16.80472222,
       57.54305556
      ],
      [
       15.76444444,
       57.62472222
      ],
      [
       15.72861111,
       57.64
      ],
      [
       16.07694444,
       57.86944444
      ]
     ]
    ]
   },
   "properties": {
    "lager": "Militär sektor",
    "namn": "ES M24",
    "typ": "EXES",
    "beteckning": "ESAA",
    "plats": "M24",
    "hojd": "GND–UNL",
    "operator": "",
    "gäller_fr": "2026-06-11",
    "kommentar": ""
   }
  },
  {
   "type": "Feature",
   "geometry": {
    "type": "Polygon",
    "coordinates": [
     [
      [
       12.59166667,
       63.43277778
      ],
      [
       14.14444444,
       63.2625
      ],
      [
       13.34722222,
       62.05694444
      ],
      [
       13,
       61.5
      ],
      [
       12.55027778,
       61.73333333
      ],
      [
       12.41666667,
       63.11666667
      ],
      [
       12.59166667,
       63.43277778
      ]
     ]
    ]
   },
   "properties": {
    "lager": "Militär sektor",
    "namn": "ES N12",
    "typ": "EXES",
    "beteckning": "ESAA",
    "plats": "N12",
    "hojd": "GND–UNL",
    "operator": "",
    "gäller_fr": "2026-06-11",
    "kommentar": ""
   }
  },
  {
   "type": "Feature",
   "geometry": {
    "type": "Polygon",
    "coordinates": [
     [
      [
       16.51361111,
       59.02888889
      ],
      [
       16.70777778,
       59.01194444
      ],
      [
       17.22333333,
       58.97861111
      ],
      [
       17.40777778,
       58.96611111
      ],
      [
       17.45694444,
       58.61638889
      ],
      [
       16.85916667,
       58.6775
      ],
      [
       16.34416667,
       58.69083333
      ],
      [
       16.2163,
       58.8388
      ],
      [
       16.51361111,
       59.02888889
      ]
     ]
    ]
   },
   "properties": {
    "lager": "Militär sektor",
    "namn": "ES K11",
    "typ": "EXES",
    "beteckning": "ESAA",
    "plats": "K11",
    "hojd": "GND–UNL",
    "operator": "",
    "gäller_fr": "2026-06-11",
    "kommentar": ""
   }
  },
  {
   "type": "Feature",
   "geometry": {
    "type": "Polygon",
    "coordinates": [
     [
      [
       16.21638889,
       58.83888889
      ],
      [
       16.34416667,
       58.69083333
      ],
      [
       16.85916667,
       58.6775
      ],
      [
       17.45694444,
       58.61638889
      ],
      [
       17.54916667,
       58.61
      ],
      [
       17.48416667,
       58.58527778
      ],
      [
       16.64583333,
       58.26305556
      ],
      [
       16.43222222,
       58.12444444
      ],
      [
       16.07694444,
       57.86944444
      ],
      [
       15.7775,
       57.94194444
      ],
      [
       15.06916667,
       58.0925
      ],
      [
       15.21472222,
       58.18722222
      ],
      [
       15.6,
       58.43888889
      ],
      [
       15.74027778,
       58.52888889
      ],
      [
       16.21638889,
       58.83888889
      ]
     ]
    ]
   },
   "properties": {
    "lager": "Militär sektor",
    "namn": "ES K12",
    "typ": "EXES",
    "beteckning": "ESAA",
    "plats": "K12",
    "hojd": "GND–UNL",
    "operator": "",
    "gäller_fr": "2026-06-11",
    "kommentar": ""
   }
  },
  {
   "type": "Feature",
   "geometry": {
    "type": "Polygon",
    "coordinates": [
     [
      [
       14.92055556,
       58.77416667
      ],
      [
       14.98277778,
       58.74666667
      ],
      [
       15.17944444,
       58.65027778
      ],
      [
       14.40777778,
       58.3425
      ],
      [
       14.1875,
       58.45833333
      ],
      [
       14.92055556,
       58.77416667
      ]
     ]
    ]
   },
   "properties": {
    "lager": "Militär sektor",
    "namn": "ES M81",
    "typ": "EXES",
    "beteckning": "ESAA",
    "plats": "M81",
    "hojd": "GND–UNL",
    "operator": "",
    "gäller_fr": "2026-06-11",
    "kommentar": ""
   }
  },
  {
   "type": "Feature",
   "geometry": {
    "type": "Polygon",
    "coordinates": [
     [
      [
       13.16694444,
       55.37222222
      ],
      [
       13.34222222,
       55.34
      ],
      [
       13.39611111,
       55.34472222
      ],
      [
       14.16666667,
       55.12611111
      ],
      [
       14.16694444,
       55
      ],
      [
       13.00027778,
       55
      ],
      [
       12.99888889,
       55.24944444
      ],
      [
       13.16694444,
       55.37222222
      ]
     ]
    ]
   },
   "properties": {
    "lager": "Militär sektor",
    "namn": "ES L11",
    "typ": "EXES",
    "beteckning": "ESAA",
    "plats": "L11",
    "hojd": "GND–UNL",
    "operator": "",
    "gäller_fr": "2026-06-11",
    "kommentar": ""
   }
  },
  {
   "type": "Feature",
   "geometry": {
    "type": "Polygon",
    "coordinates": [
     [
      [
       15.525,
       58.47694444
      ],
      [
       15.6,
       58.43888889
      ],
      [
       15.21472222,
       58.18722222
      ],
      [
       15.01944444,
       58.21916667
      ],
      [
       15.525,
       58.47694444
      ]
     ]
    ]
   },
   "properties": {
    "lager": "Militär sektor",
    "namn": "ES M83",
    "typ": "EXES",
    "beteckning": "ESAA",
    "plats": "M83",
    "hojd": "GND–UNL",
    "operator": "",
    "gäller_fr": "2026-06-11",
    "kommentar": ""
   }
  },
  {
   "type": "Feature",
   "geometry": {
    "type": "Polygon",
    "coordinates": [
     [
      [
       17.87944444,
       66.51527778
      ],
      [
       19.30444444,
       65.92388889
      ],
      [
       19.44583333,
       65.86527778
      ],
      [
       18.12888889,
       64.77361111
      ],
      [
       15.99916667,
       65.26305556
      ],
      [
       17.31888889,
       66.24583333
      ],
      [
       17.87944444,
       66.51527778
      ]
     ]
    ]
   },
   "properties": {
    "lager": "Militär sektor",
    "namn": "ES V23",
    "typ": "EXES",
    "beteckning": "ESAA",
    "plats": "V23",
    "hojd": "GND–UNL",
    "operator": "",
    "gäller_fr": "2026-06-11",
    "kommentar": ""
   }
  },
  {
   "type": "Feature",
   "geometry": {
    "type": "Polygon",
    "coordinates": [
     [
      [
       15.99916667,
       65.26305556
      ],
      [
       18.12888889,
       64.77361111
      ],
      [
       17.34138889,
       64.07666667
      ],
      [
       16.63916667,
       64.1975
      ],
      [
       15.19861111,
       64.42583333
      ],
      [
       15.99916667,
       65.26305556
      ]
     ]
    ]
   },
   "properties": {
    "lager": "Militär sektor",
    "namn": "ES V24",
    "typ": "EXES",
    "beteckning": "ESAA",
    "plats": "V24",
    "hojd": "GND–UNL",
    "operator": "",
    "gäller_fr": "2026-06-11",
    "kommentar": ""
   }
  },
  {
   "type": "Feature",
   "geometry": {
    "type": "Polygon",
    "coordinates": [
     [
      [
       14.92194444,
       57.99333333
      ],
      [
       14.93777778,
       57.96805556
      ],
      [
       15.72861111,
       57.64
      ],
      [
       15.41444444,
       57.41388889
      ],
      [
       15.16972222,
       57.23777778
      ],
      [
       15.07416667,
       57.16916667
      ],
      [
       14.62861111,
       57.2275
      ],
      [
       14.10527778,
       57.43083333
      ],
      [
       14.42027778,
       57.65027778
      ],
      [
       14.47527778,
       57.68722222
      ],
      [
       14.92194444,
       57.99333333
      ]
     ]
    ]
   },
   "properties": {
    "lager": "Militär sektor",
    "namn": "ES K14",
    "typ": "EXES",
    "beteckning": "ESAA",
    "plats": "K14",
    "hojd": "GND–UNL",
    "operator": "",
    "gäller_fr": "2026-06-11",
    "kommentar": ""
   }
  },
  {
   "type": "Feature",
   "geometry": {
    "type": "Polygon",
    "coordinates": [
     [
      [
       20.54861111,
       69.06
      ],
      [
       20.06,
       69.04583333
      ],
      [
       20.18805556,
       68.98138889
      ],
      [
       20.26277778,
       68.94472222
      ],
      [
       20.30638889,
       68.92611111
      ],
      [
       20.33583333,
       68.80222222
      ],
      [
       20.27361111,
       68.74027778
      ],
      [
       20.19638889,
       68.66055556
      ],
      [
       20.05222222,
       68.59111111
      ],
      [
       19.9375,
       68.55805556
      ],
      [
       20.02583333,
       68.53083333
      ],
      [
       20.22638889,
       68.49083333
      ],
      [
       19.91472222,
       68.35972222
      ],
      [
       18.98361111,
       68.51694444
      ],
      [
       18.62111111,
       68.50694444
      ],
      [
       18.48555556,
       68.55638889
      ],
      [
       18.40555556,
       68.58194444
      ],
      [
       18.12583333,
       68.53638889
      ],
      [
       18.1,
       68.41166667
      ],
      [
       18.15,
       68.20472222
      ],
      [
       18.14777778,
       68.2025
      ],
      [
       18.03416667,
       68.09277778
      ],
      [
       18.01472222,
       68.07416667
      ],
      [
       17.89388889,
       67.97083333
      ],
      [
       17.69305556,
       68.02972222
      ],
      [
       17.66416667,
       68.03666667
      ],
      [
       17.6,
       68.0525
      ],
      [
       17.28138889,
       68.11888889
      ],
      [
       17.19222222,
       68.06444444
      ],
      [
       17.18055556,
       68.05027778
      ],
      [
       16.95388889,
       67.98444444
      ],
      [
       16.73805556,
       67.91416667
      ],
      [
       16.73222222,
       67.90555556
      ],
      [
       16.67888889,
       67.82444444
      ],
      [
       16.63805556,
       67.76694444
      ],
      [
       16.55638889,
       67.64722222
      ],
      [
       16.495,
       67.59444444
      ],
      [
       16.41333333,
       67.54805556
      ],
      [
       16.40777778,
       67.53416667
      ],
      [
       16.15805556,
       67.51916667
      ],
      [
       16.08972222,
       67.43527778
      ],
      [
       16.40416667,
       67.205
      ],
      [
       16.4025,
       67.19027778
      ],
      [
       16.38777778,
       67.04555556
      ],
      [
       16.19388889,
       66.98222222
      ],
      [
       16.03916667,
       66.91222222
      ],
      [
       15.99361111,
       66.87333333
      ],
      [
       15.86138889,
       66.77472222
      ],
      [
       15.76777778,
       66.70583333
      ],
      [
       15.73555556,
       66.68138889
      ],
      [
       15.62138889,
       66.59444444
      ],
      [
       15.45111111,
       66.52388889
      ],
      [
       15.37722222,
       66.48444444
      ],
      [
       15.44916667,
       66.36277778
      ],
      [
       15.48472222,
       66.2825
      ],
      [
       15.03555556,
       66.15361111
      ],
      [
       14.91888889,
       66.14805556
      ],
      [
       14.51638889,
       66.1325
      ],
      [
       14.57305556,
       65.95777778
      ],
      [
       14.57916667,
       65.92777778
      ],
      [
       14.58444444,
       65.90138889
      ],
      [
       14.59388889,
       65.88055556
      ],
      [
       14.62555556,
       65.81194444
      ],
      [
       14.57888889,
       65.75055556
      ],
      [
       14.54138889,
       65.70083333
      ],
      [
       14.53,
       65.65027778
      ],
      [
       14.49888889,
       65.52138889
      ],
      [
       14.49944444,
       65.49472222
      ],
      [
       14.50083333,
       65.44472222
      ],
      [
       14.50388889,
       65.35055556
      ],
      [
       14.50694444,
       65.30972222
      ],
      [
       14.37888889,
       65.2475
      ],
      [
       14.32583333,
       65.11888889
      ],
      [
       14.13,
       64.97861111
      ],
      [
       14.07722222,
       64.93888889
      ],
      [
       13.70888889,
       64.64333333
      ],
      [
       14.31805556,
       64.55666667
      ],
      [
       14.29527778,
       64.69388889
      ],
      [
       15.30833333,
       65.91305556
      ],
      [
       15.83305556,
       66.05555556
      ],
      [
       16.21027778,
       66.47361111
      ],
      [
       16.70944444,
       67.00166667
      ],
      [
       18.66611111,
       68.2
      ],
      [
       20.38305556,
       68.21361111
      ],
      [
       20.49111111,
       68.21305556
      ],
      [
       21.89777778,
       68.58083333
      ],
      [
       21.88388889,
       68.585
      ],
      [
       21.86944444,
       68.58472222
      ],
      [
       21.86305556,
       68.58472222
      ],
      [
       21.86277778,
       68.58861111
      ],
      [
       21.84111111,
       68.59111111
      ],
      [
       21.82305556,
       68.58916667
      ],
      [
       21.81416667,
       68.58972222
      ],
      [
       21.79944444,
       68.58694444
      ],
      [
       21.78888889,
       68.58638889
      ],
      [
       21.77472222,
       68.58555556
      ],
      [
       21.76972222,
       68.58638889
      ],
      [
       21.75277778,
       68.5875
      ],
      [
       21.73277778,
       68.58972222
      ],
      [
       21.71472222,
       68.59166667
      ],
      [
       21.7075,
       68.595
      ],
      [
       21.7,
       68.59888889
      ],
      [
       21.69944444,
       68.61388889
      ],
      [
       21.7125,
       68.61777778
      ],
      [
       21.71,
       68.625
      ],
      [
       21.69777778,
       68.63166667
      ],
      [
       21.68222222,
       68.63555556
      ],
      [
       21.66611111,
       68.63972222
      ],
      [
       21.65944444,
       68.64472222
      ],
      [
       21.64972222,
       68.65055556
      ],
      [
       21.64222222,
       68.65055556
      ],
      [
       21.63694444,
       68.65361111
      ],
      [
       21.62638889,
       68.65527778
      ],
      [
       21.62361111,
       68.66166667
      ],
      [
       21.61722222,
       68.66472222
      ],
      [
       21.59666667,
       68.66694444
      ],
      [
       21.57527778,
       68.67
      ],
      [
       21.56305556,
       68.67555556
      ],
      [
       21.54,
       68.67555556
      ],
      [
       21.52472222,
       68.67694444
      ],
      [
       21.51833333,
       68.67638889
      ],
      [
       21.50138889,
       68.67694444
      ],
      [
       21.48555556,
       68.68055556
      ],
      [
       21.46611111,
       68.68222222
      ],
      [
       21.45861111,
       68.68611111
      ],
      [
       21.43722222,
       68.69
      ],
      [
       21.42055556,
       68.69694444
      ],
      [
       21.42333333,
       68.70111111
      ],
      [
       21.42194444,
       68.70527778
      ],
      [
       21.41333333,
       68.71027778
      ],
      [
       21.4225,
       68.71583333
      ],
      [
       21.41805556,
       68.71916667
      ],
      [
       21.41388889,
       68.72277778
      ],
      [
       21.41444444,
       68.73083333
      ],
      [
       21.40777778,
       68.73416667
      ],
      [
       21.40638889,
       68.74166667
      ],
      [
       21.40972222,
       68.74527778
      ],
      [
       21.40833333,
       68.75055556
      ],
      [
       21.40138889,
       68.75722222
      ],
      [
       21.3925,
       68.76
      ],
      [
       21.39111111,
       68.76416667
      ],
      [
       21.36694444,
       68.76694444
      ],
      [
       21.35694444,
       68.76611111
      ],
      [
       21.34555556,
       68.76361111
      ],
      [
       21.33361111,
       68.76083333
      ],
      [
       21.31944444,
       68.75944444
      ],
      [
       21.29944444,
       68.76277778
      ],
      [
       21.28666667,
       68.77111111
      ],
      [
       21.27083333,
       68.78027778
      ],
      [
       21.26277778,
       68.78638889
      ],
      [
       21.26194444,
       68.79222222
      ],
      [
       21.25555556,
       68.79638889
      ],
      [
       21.25222222,
       68.8025
      ],
      [
       21.24388889,
       68.80722222
      ],
      [
       21.23861111,
       68.81222222
      ],
      [
       21.21361111,
       68.81694444
      ],
      [
       21.18722222,
       68.82416667
      ],
      [
       21.18416667,
       68.82777778
      ],
      [
       21.16194444,
       68.83527778
      ],
      [
       21.14388889,
       68.84
      ],
      [
       21.1425,
       68.84666667
      ],
      [
       21.13,
       68.85111111
      ],
      [
       21.11972222,
       68.85611111
      ],
      [
       21.10138889,
       68.86
      ],
      [
       21.08277778,
       68.86388889
      ],
      [
       21.07638889,
       68.87111111
      ],
      [
       21.06027778,
       68.87722222
      ],
      [
       21.04722222,
       68.88166667
      ],
      [
       21.02638889,
       68.88277778
      ],
      [
       21.03,
       68.88611111
      ],
      [
       21.01444444,
       68.89055556
      ],
      [
       20.99027778,
       68.89694444
      ],
      [
       20.98527778,
       68.89277778
      ],
      [
       20.97027778,
       68.89305556
      ],
      [
       20.95694444,
       68.89277778
      ],
      [
       20.95527778,
       68.89722222
      ],
      [
       20.94305556,
       68.89666667
      ],
      [
       20.93,
       68.89833333
      ],
      [
       20.91277778,
       68.89611111
      ],
      [
       20.9075,
       68.89333333
      ],
      [
       20.89027778,
       68.89222222
      ],
      [
       20.87777778,
       68.89527778
      ],
      [
       20.90305556,
       68.90027778
      ],
      [
       20.89777778,
       68.90388889
      ],
      [
       20.88777778,
       68.91138889
      ],
      [
       20.8775,
       68.91944444
      ],
      [
       20.86166667,
       68.92277778
      ],
      [
       20.84833333,
       68.92916667
      ],
      [
       20.84666667,
       68.93722222
      ],
      [
       20.86805556,
       68.94305556
      ],
      [
       20.87916667,
       68.94194444
      ],
      [
       20.89222222,
       68.94194444
      ],
      [
       20.89861111,
       68.94972222
      ],
      [
       20.91277778,
       68.96194444
      ],
      [
       20.90138889,
       68.97472222
      ],
      [
       20.88472222,
       68.98277778
      ],
      [
       20.87694444,
       68.98722222
      ],
      [
       20.85055556,
       68.99138889
      ],
      [
       20.83361111,
       68.9975
      ],
      [
       20.82361111,
       69.00472222
      ],
      [
       20.81388889,
       69.01583333
      ],
      [
       20.775,
       69.03333333
      ],
      [
       20.73083333,
       69.03805556
      ],
      [
       20.705,
       69.04444444
      ],
      [
       20.67527778,
       69.04305556
      ],
      [
       20.61666667,
       69.04777778
      ],
      [
       20.54861111,
       69.06
      ]
     ]
    ]
   },
   "properties": {
    "lager": "Militär sektor",
    "namn": "ES I1 GEO",
    "typ": "EXES",
    "beteckning": "ESAA",
    "plats": "I1 med ",
    "hojd": "GND–UNL",
    "operator": "",
    "gäller_fr": "2026-06-11",
    "kommentar": ""
   }
  },
  {
   "type": "Feature",
   "geometry": {
    "type": "Polygon",
    "coordinates": [
     [
      [
       21.89777778,
       68.58083333
      ],
      [
       21.90555556,
       68.57694444
      ],
      [
       21.91361111,
       68.57222222
      ],
      [
       21.92833333,
       68.56777778
      ],
      [
       21.93972222,
       68.56055556
      ],
      [
       21.94777778,
       68.55611111
      ],
      [
       21.95444444,
       68.55472222
      ],
      [
       21.97361111,
       68.54861111
      ],
      [
       21.98055556,
       68.54166667
      ],
      [
       21.99222222,
       68.53361111
      ],
      [
       22.00194444,
       68.53472222
      ],
      [
       22.00611111,
       68.53333333
      ],
      [
       22.00861111,
       68.53111111
      ],
      [
       22.00166667,
       68.52555556
      ],
      [
       21.99722222,
       68.52277778
      ],
      [
       22.00555556,
       68.51388889
      ],
      [
       22.01083333,
       68.50222222
      ],
      [
       22.03305556,
       68.48472222
      ],
      [
       22.04472222,
       68.47972222
      ],
      [
       22.06027778,
       68.47944444
      ],
      [
       22.0775,
       68.48166667
      ],
      [
       22.09694444,
       68.48166667
      ],
      [
       22.10333333,
       68.47833333
      ],
      [
       22.11333333,
       68.48222222
      ],
      [
       22.1225,
       68.48111111
      ],
      [
       22.12638889,
       68.4725
      ],
      [
       22.15444444,
       68.47027778
      ],
      [
       22.17638889,
       68.47638889
      ],
      [
       22.18638889,
       68.47916667
      ],
      [
       22.19777778,
       68.47972222
      ],
      [
       22.20472222,
       68.48055556
      ],
      [
       22.22222222,
       68.47305556
      ],
      [
       22.23972222,
       68.47861111
      ],
      [
       22.25472222,
       68.48194444
      ],
      [
       22.27638889,
       68.47888889
      ],
      [
       22.28888889,
       68.48083333
      ],
      [
       22.29638889,
       68.48361111
      ],
      [
       22.31472222,
       68.48111111
      ],
      [
       22.33416667,
       68.48111111
      ],
      [
       22.34972222,
       68.48111111
      ],
      [
       22.345,
       68.47138889
      ],
      [
       22.34972222,
       68.46444444
      ],
      [
       22.34444444,
       68.45861111
      ],
      [
       22.34666667,
       68.4525
      ],
      [
       22.34166667,
       68.44666667
      ],
      [
       22.35583333,
       68.44638889
      ],
      [
       22.37916667,
       68.45583333
      ],
      [
       22.39083333,
       68.46166667
      ],
      [
       22.40222222,
       68.46611111
      ],
      [
       22.40694444,
       68.46666667
      ],
      [
       22.41166667,
       68.46666667
      ],
      [
       22.41972222,
       68.46361111
      ],
      [
       22.42944444,
       68.46472222
      ],
      [
       22.43638889,
       68.46388889
      ],
      [
       22.43833333,
       68.45944444
      ],
      [
       22.44777778,
       68.45444444
      ],
      [
       22.45972222,
       68.44638889
      ],
      [
       22.46666667,
       68.44194444
      ],
      [
       22.47638889,
       68.44305556
      ],
      [
       22.49055556,
       68.44277778
      ],
      [
       22.50972222,
       68.44055556
      ],
      [
       22.51722222,
       68.43833333
      ],
      [
       22.53444444,
       68.43444444
      ],
      [
       22.55222222,
       68.43416667
      ],
      [
       22.56,
       68.43194444
      ],
      [
       22.56222222,
       68.43
      ],
      [
       22.56722222,
       68.42555556
      ],
      [
       22.57638889,
       68.42194444
      ],
      [
       22.58416667,
       68.42361111
      ],
      [
       22.59694444,
       68.42555556
      ],
      [
       22.60833333,
       68.42694444
      ],
      [
       22.61722222,
       68.42805556
      ],
      [
       22.62,
       68.43305556
      ],
      [
       22.63472222,
       68.43472222
      ],
      [
       22.64361111,
       68.43111111
      ],
      [
       22.64305556,
       68.42833333
      ],
      [
       22.64083333,
       68.42444444
      ],
      [
       22.64055556,
       68.42083333
      ],
      [
       22.64944444,
       68.41583333
      ],
      [
       22.66305556,
       68.41333333
      ],
      [
       22.67861111,
       68.41138889
      ],
      [
       22.70194444,
       68.41527778
      ],
      [
       22.69166667,
       68.40666667
      ],
      [
       22.69138889,
       68.40444444
      ],
      [
       22.68611111,
       68.40166667
      ],
      [
       22.69444444,
       68.39916667
      ],
      [
       22.7075,
       68.39805556
      ],
      [
       22.71833333,
       68.39666667
      ],
      [
       22.72611111,
       68.39416667
      ],
      [
       22.72972222,
       68.38972222
      ],
      [
       22.73555556,
       68.385
      ],
      [
       22.75416667,
       68.38472222
      ],
      [
       22.79638889,
       68.39361111
      ],
      [
       22.80194444,
       68.39333333
      ],
      [
       22.81027778,
       68.38972222
      ],
      [
       22.82583333,
       68.38805556
      ],
      [
       22.83833333,
       68.38472222
      ],
      [
       22.84472222,
       68.38194444
      ],
      [
       22.84,
       68.37777778
      ],
      [
       22.83583333,
       68.37277778
      ],
      [
       22.83416667,
       68.36805556
      ],
      [
       22.845,
       68.36166667
      ],
      [
       22.85361111,
       68.36055556
      ],
      [
       22.86,
       68.35916667
      ],
      [
       22.8675,
       68.35583333
      ],
      [
       22.87722222,
       68.35222222
      ],
      [
       22.89194444,
       68.34916667
      ],
      [
       22.9,
       68.34583333
      ],
      [
       22.90694444,
       68.34277778
      ],
      [
       22.90916667,
       68.33722222
      ],
      [
       22.91694444,
       68.33361111
      ],
      [
       22.9275,
       68.33305556
      ],
      [
       22.94388889,
       68.33305556
      ],
      [
       22.96472222,
       68.3325
      ],
      [
       22.97305556,
       68.33083333
      ],
      [
       22.97722222,
       68.32388889
      ],
      [
       22.98694444,
       68.32027778
      ],
      [
       23.00055556,
       68.31666667
      ],
      [
       23.03416667,
       68.3075
      ],
      [
       23.05444444,
       68.30694444
      ],
      [
       23.06583333,
       68.30055556
      ],
      [
       23.06833333,
       68.29555556
      ],
      [
       23.06194444,
       68.28
      ],
      [
       23.06888889,
       68.27638889
      ],
      [
       23.07944444,
       68.26472222
      ],
      [
       23.09083333,
       68.26138889
      ],
      [
       23.10111111,
       68.25833333
      ],
      [
       23.1125,
       68.25194444
      ],
      [
       23.12666667,
       68.24888889
      ],
      [
       23.14166667,
       68.24833333
      ],
      [
       23.14555556,
       68.24166667
      ],
      [
       23.15055556,
       68.23666667
      ],
      [
       23.15277778,
       68.23138889
      ],
      [
       23.14694444,
       68.22416667
      ],
      [
       23.14222222,
       68.21722222
      ],
      [
       23.14527778,
       68.21138889
      ],
      [
       23.14583333,
       68.20527778
      ],
      [
       23.1525,
       68.20055556
      ],
      [
       23.16027778,
       68.19805556
      ],
      [
       23.16138889,
       68.19527778
      ],
      [
       23.14916667,
       68.19055556
      ],
      [
       23.14638889,
       68.18472222
      ],
      [
       23.14111111,
       68.17777778
      ],
      [
       23.14305556,
       68.17055556
      ],
      [
       23.14166667,
       68.16194444
      ],
      [
       23.14138889,
       68.15361111
      ],
      [
       23.14944444,
       68.145
      ],
      [
       23.15805556,
       68.13555556
      ],
      [
       23.17194444,
       68.13388889
      ],
      [
       23.18333333,
       68.1375
      ],
      [
       23.20694444,
       68.1425
      ],
      [
       23.20916667,
       68.145
      ],
      [
       23.2375,
       68.14888889
      ],
      [
       23.24361111,
       68.14861111
      ],
      [
       23.25666667,
       68.15194444
      ],
      [
       23.25833333,
       68.15638889
      ],
      [
       23.27666667,
       68.15694444
      ],
      [
       23.28666667,
       68.15416667
      ],
      [
       23.29361111,
       68.14972222
      ],
      [
       23.30611111,
       68.14888889
      ],
      [
       23.30638889,
       68.14472222
      ],
      [
       23.31555556,
       68.14
      ],
      [
       23.32194444,
       68.13277778
      ],
      [
       23.33027778,
       68.12361111
      ],
      [
       23.32805556,
       68.11583333
      ],
      [
       23.33527778,
       68.10888889
      ],
      [
       23.33722222,
       68.1
      ],
      [
       23.34944444,
       68.09361111
      ],
      [
       23.35833333,
       68.08388889
      ],
      [
       23.36305556,
       68.07611111
      ],
      [
       23.37166667,
       68.06916667
      ],
      [
       23.36972222,
       68.06305556
      ],
      [
       23.38138889,
       68.0575
      ],
      [
       23.38944444,
       68.05388889
      ],
      [
       23.38638889,
       68.04944444
      ],
      [
       23.39833333,
       68.04333333
      ],
      [
       23.42666667,
       68.03861111
      ],
      [
       23.45194444,
       68.03472222
      ],
      [
       23.46638889,
       68.02972222
      ],
      [
       23.46444444,
       68.02555556
      ],
      [
       23.47055556,
       68.01944444
      ],
      [
       23.47611111,
       68.0175
      ],
      [
       23.48972222,
       68.01444444
      ],
      [
       23.51277778,
       68.00972222
      ],
      [
       23.53472222,
       68.00527778
      ],
      [
       23.53666667,
       67.99583333
      ],
      [
       23.55305556,
       67.98055556
      ],
      [
       23.57638889,
       67.97194444
      ],
      [
       23.60638889,
       67.97166667
      ],
      [
       23.61472222,
       67.96916667
      ],
      [
       23.63555556,
       67.96638889
      ],
      [
       23.65222222,
       67.95944444
      ],
      [
       23.65055556,
       67.95222222
      ],
      [
       23.66444444,
       67.94222222
      ],
      [
       23.65083333,
       67.93194444
      ],
      [
       23.64472222,
       67.92583333
      ],
      [
       23.64527778,
       67.91888889
      ],
      [
       23.63833333,
       67.91444444
      ],
      [
       23.62638889,
       67.91138889
      ],
      [
       23.6075,
       67.90555556
      ],
      [
       23.59333333,
       67.90194444
      ],
      [
       23.58083333,
       67.89305556
      ],
      [
       23.55694444,
       67.89777778
      ],
      [
       23.54555556,
       67.89194444
      ],
      [
       23.52055556,
       67.88583333
      ],
      [
       23.50583333,
       67.87833333
      ],
      [
       23.49611111,
       67.865
      ],
      [
       23.48888889,
       67.84722222
      ],
      [
       23.48194444,
       67.83111111
      ],
      [
       23.47361111,
       67.81777778
      ],
      [
       23.47888889,
       67.805
      ],
      [
       23.49333333,
       67.78916667
      ],
      [
       23.48833333,
       67.76916667
      ],
      [
       23.48972222,
       67.75222222
      ],
      [
       23.47638889,
       67.74
      ],
      [
       23.48638889,
       67.73111111
      ],
      [
       23.47805556,
       67.71777778
      ],
      [
       23.47972222,
       67.70305556
      ],
      [
       23.49277778,
       67.69416667
      ],
      [
       23.49722222,
       67.68361111
      ],
      [
       23.49222222,
       67.66805556
      ],
      [
       23.50944444,
       67.65055556
      ],
      [
       23.53,
       67.63861111
      ],
      [
       23.53888889,
       67.62694444
      ],
      [
       23.55555556,
       67.62194444
      ],
      [
       23.54194444,
       67.60722222
      ],
      [
       23.54444444,
       67.58638889
      ],
      [
       23.51361111,
       67.56527778
      ],
      [
       23.48444444,
       67.56722222
      ],
      [
       23.46388889,
       67.565
      ],
      [
       23.46222222,
       67.55361111
      ],
      [
       23.48388889,
       67.53916667
      ],
      [
       23.45555556,
       67.52527778
      ],
      [
       23.43527778,
       67.51111111
      ],
      [
       23.41944444,
       67.50361111
      ],
      [
       23.40583333,
       67.50027778
      ],
      [
       23.39444444,
       67.48694444
      ],
      [
       23.40305556,
       67.47944444
      ],
      [
       23.40722222,
       67.46972222
      ],
      [
       23.43083333,
       67.46472222
      ],
      [
       23.45583333,
       67.45555556
      ],
      [
       23.49638889,
       67.44638889
      ],
      [
       23.52583333,
       67.45277778
      ],
      [
       23.54944444,
       67.46111111
      ],
      [
       23.70055556,
       67.44611111
      ],
      [
       23.76416667,
       67.42944444
      ],
      [
       23.73194444,
       67.39444444
      ],
      [
       23.73222222,
       67.38027778
      ],
      [
       23.75805556,
       67.34833333
      ],
      [
       23.77277778,
       67.33555556
      ],
      [
       23.75694444,
       67.32388889
      ],
      [
       23.745,
       67.3075
      ],
      [
       23.72638889,
       67.285
      ],
      [
       23.64527778,
       67.27694444
      ],
      [
       23.56888889,
       67.26472222
      ],
      [
       23.56666667,
       67.25166667
      ],
      [
       23.55472222,
       67.23194444
      ],
      [
       23.55638889,
       67.22388889
      ],
      [
       23.5925,
       67.21027778
      ],
      [
       23.58805556,
       67.19194444
      ],
      [
       23.5625,
       67.18305556
      ],
      [
       23.555,
       67.16638889
      ],
      [
       23.60583333,
       67.13388889
      ],
      [
       23.65472222,
       67.10277778
      ],
      [
       23.67472222,
       67.06416667
      ],
      [
       23.7575,
       67.00611111
      ],
      [
       23.81527778,
       66.97916667
      ],
      [
       23.85194444,
       66.9575
      ],
      [
       23.86694444,
       66.91722222
      ],
      [
       23.93527778,
       66.88388889
      ],
      [
       23.955,
       66.86111111
      ],
      [
       23.99555556,
       66.82027778
      ],
      [
       23.98388889,
       66.80027778
      ],
      [
       23.97888889,
       66.78527778
      ],
      [
       23.95305556,
       66.78472222
      ],
      [
       23.91416667,
       66.79444444
      ],
      [
       23.91055556,
       66.77527778
      ],
      [
       23.89055556,
       66.76805556
      ],
      [
       23.87861111,
       66.75222222
      ],
      [
       23.90444444,
       66.72361111
      ],
      [
       23.88694444,
       66.67388889
      ],
      [
       23.86972222,
       66.66
      ],
      [
       23.87166667,
       66.62805556
      ],
      [
       23.88333333,
       66.61
      ],
      [
       23.87666667,
       66.57916667
      ],
      [
       23.86083333,
       66.56694444
      ],
      [
       23.85055556,
       66.55555556
      ],
      [
       23.80805556,
       66.54555556
      ],
      [
       23.79416667,
       66.53861111
      ],
      [
       23.79583333,
       66.51861111
      ],
      [
       23.77166667,
       66.51361111
      ],
      [
       23.75055556,
       66.50444444
      ],
      [
       23.72972222,
       66.50666667
      ],
      [
       23.72583333,
       66.49722222
      ],
      [
       23.71916667,
       66.47666667
      ],
      [
       23.68722222,
       66.47166667
      ],
      [
       23.65166667,
       66.45555556
      ],
      [
       23.64416667,
       66.42527778
      ],
      [
       23.67166667,
       66.39638889
      ],
      [
       23.68888889,
       66.38638889
      ],
      [
       23.67333333,
       66.36666667
      ],
      [
       23.66055556,
       66.35472222
      ],
      [
       23.65944444,
       66.3325
      ],
      [
       23.65861111,
       66.3175
      ],
      [
       23.65,
       66.30888889
      ],
      [
       23.66916667,
       66.27666667
      ],
      [
       23.66861111,
       66.26083333
      ],
      [
       23.69805556,
       66.24444444
      ],
      [
       23.69416667,
       66.23444444
      ],
      [
       23.70805556,
       66.22027778
      ],
      [
       23.72916667,
       66.21
      ],
      [
       23.73194444,
       66.19388889
      ],
      [
       23.77055556,
       66.18888889
      ],
      [
       23.80388889,
       66.17972222
      ],
      [
       23.83416667,
       66.17083333
      ],
      [
       23.88222222,
       66.16611111
      ],
      [
       23.92305556,
       66.15833333
      ],
      [
       23.92888889,
       66.14638889
      ],
      [
       23.91805556,
       66.13611111
      ],
      [
       23.93777778,
       66.12333333
      ],
      [
       23.94305556,
       66.10388889
      ],
      [
       23.9375,
       66.08222222
      ],
      [
       23.97444444,
       66.05611111
      ],
      [
       24.00305556,
       66.03055556
      ],
      [
       24.02611111,
       66.01805556
      ],
      [
       24.05111111,
       65.99611111
      ],
      [
       24.04027778,
       65.96805556
      ],
      [
       24.05611111,
       65.95194444
      ],
      [
       24.06583333,
       65.9475
      ],
      [
       24.08722222,
       65.93361111
      ],
      [
       24.11833333,
       65.93194444
      ],
      [
       24.1125,
       65.91333333
      ],
      [
       24.12777778,
       65.89194444
      ],
      [
       24.14222222,
       65.87555556
      ],
      [
       24.15194444,
       65.86305556
      ],
      [
       24.12833333,
       65.85805556
      ],
      [
       24.12833333,
       65.84972222
      ],
      [
       24.14666667,
       65.83861111
      ],
      [
       24.15638889,
       65.81583333
      ],
      [
       24.12944444,
       65.78388889
      ],
      [
       24.13166667,
       65.77361111
      ],
      [
       24.17361111,
       65.72416667
      ],
      [
       24.16666667,
       65.69833333
      ],
      [
       24.1775,
       65.66027778
      ],
      [
       24.14388889,
       65.57194444
      ],
      [
       24.14,
       65.53
      ],
      [
       23.94111111,
       65.39694444
      ],
      [
       23.68694444,
       65.86972222
      ],
      [
       23.22944444,
       66.17222222
      ],
      [
       23.10194444,
       66.85
      ],
      [
       22.89777778,
       67.88805556
      ],
      [
       22.83277778,
       68.2
      ],
      [
       20.49111111,
       68.21305556
      ],
      [
       21.89777778,
       68.58083333
      ]
     ]
    ]
   },
   "properties": {
    "lager": "Militär sektor",
    "namn": "ES I2 GEO",
    "typ": "EXES",
    "beteckning": "ESAA",
    "plats": "I2 med ",
    "hojd": "GND–UNL",
    "operator": "",
    "gäller_fr": "2026-06-11",
    "kommentar": ""
   }
  },
  {
   "type": "Feature",
   "geometry": {
    "type": "Polygon",
    "coordinates": [
     [
      [
       14.45305556,
       56.74138889
      ],
      [
       14.39694444,
       56.21527778
      ],
      [
       13.91222222,
       56.22111111
      ],
      [
       13.92277778,
       56.34166667
      ],
      [
       14.45305556,
       56.74138889
      ]
     ]
    ]
   },
   "properties": {
    "lager": "Militär sektor",
    "namn": "ES S31",
    "typ": "EXES",
    "beteckning": "ESAA",
    "plats": "S31",
    "hojd": "GND–UNL",
    "operator": "",
    "gäller_fr": "2026-06-11",
    "kommentar": ""
   }
  },
  {
   "type": "Feature",
   "geometry": {
    "type": "Polygon",
    "coordinates": [
     [
      [
       14.76027778,
       56.95444444
      ],
      [
       15.11555556,
       56.68916667
      ],
      [
       15.12611111,
       56.35
      ],
      [
       14.8525,
       56.24472222
      ],
      [
       14.39694444,
       56.21527778
      ],
      [
       14.45305556,
       56.74138889
      ],
      [
       14.76027778,
       56.95444444
      ]
     ]
    ]
   },
   "properties": {
    "lager": "Militär sektor",
    "namn": "ES S32",
    "typ": "EXES",
    "beteckning": "ESAA",
    "plats": "S32",
    "hojd": "GND–UNL",
    "operator": "",
    "gäller_fr": "2026-06-11",
    "kommentar": ""
   }
  },
  {
   "type": "Feature",
   "geometry": {
    "type": "Polygon",
    "coordinates": [
     [
      [
       13.70888889,
       64.64333333
      ],
      [
       14.31805556,
       64.55666667
      ],
      [
       14.38305556,
       64.16666667
      ],
      [
       14.13,
       63.9
      ],
      [
       12.85,
       63.9
      ],
      [
       12.59166667,
       63.43277778
      ],
      [
       12.41666667,
       63.11666667
      ],
      [
       12.55027778,
       61.73333333
      ],
      [
       13,
       61.5
      ],
      [
       12.98555556,
       61.33722222
      ],
      [
       12.87083333,
       61.35638889
      ],
      [
       12.66777778,
       61.5
      ],
      [
       12.56916667,
       61.56861111
      ],
      [
       12.49194444,
       61.56777778
      ],
      [
       12.44666667,
       61.56722222
      ],
      [
       12.41944444,
       61.56305556
      ],
      [
       12.36333333,
       61.60027778
      ],
      [
       12.34111111,
       61.61472222
      ],
      [
       12.315,
       61.625
      ],
      [
       12.27555556,
       61.64027778
      ],
      [
       12.19,
       61.69222222
      ],
      [
       12.1375,
       61.72388889
      ],
      [
       12.29944444,
       62.2675
      ],
      [
       12.05611111,
       62.61194444
      ],
      [
       12.13638889,
       62.74805556
      ],
      [
       12.075,
       62.90277778
      ],
      [
       12.21805556,
       63.00027778
      ],
      [
       12.10083333,
       63.13055556
      ],
      [
       12.02888889,
       63.20972222
      ],
      [
       11.97444444,
       63.26916667
      ],
      [
       12.08416667,
       63.35555556
      ],
      [
       12.21277778,
       63.47861111
      ],
      [
       12.14972222,
       63.59388889
      ],
      [
       12.22722222,
       63.63111111
      ],
      [
       12.29944444,
       63.67194444
      ],
      [
       12.33055556,
       63.715
      ],
      [
       12.35444444,
       63.73194444
      ],
      [
       12.42166667,
       63.77805556
      ],
      [
       12.48027778,
       63.81888889
      ],
      [
       12.53833333,
       63.8625
      ],
      [
       12.65166667,
       63.94944444
      ],
      [
       12.68361111,
       63.97416667
      ],
      [
       12.92666667,
       64.05805556
      ],
      [
       13.21111111,
       64.09527778
      ],
      [
       13.71527778,
       64.04638889
      ],
      [
       13.9675,
       64.00805556
      ],
      [
       14.15722222,
       64.195
      ],
      [
       14.12666667,
       64.38694444
      ],
      [
       14.11888889,
       64.435
      ],
      [
       14.11388889,
       64.4625
      ],
      [
       14.08527778,
       64.47833333
      ],
      [
       14.05527778,
       64.48277778
      ],
      [
       13.89166667,
       64.50722222
      ],
      [
       13.65416667,
       64.58027778
      ],
      [
       13.70888889,
       64.64333333
      ]
     ]
    ]
   },
   "properties": {
    "lager": "Militär sektor",
    "namn": "ES I3 GEO",
    "typ": "EXES",
    "beteckning": "ESAA",
    "plats": "I3 med ",
    "hojd": "GND–UNL",
    "operator": "",
    "gäller_fr": "2026-06-11",
    "kommentar": ""
   }
  },
  {
   "type": "Feature",
   "geometry": {
    "type": "Polygon",
    "coordinates": [
     [
      [
       12.87083333,
       61.35638889
      ],
      [
       12.98555556,
       61.33722222
      ],
      [
       12.89472222,
       60.25555556
      ],
      [
       12.62527778,
       59.89138889
      ],
      [
       12.35888889,
       59.74
      ],
      [
       12.19027778,
       59.64305556
      ],
      [
       12.07194444,
       58.92
      ],
      [
       11.65111111,
       58.75555556
      ],
      [
       11.56416667,
       58.74111111
      ],
      [
       11.38083333,
       58.75472222
      ],
      [
       11.29944444,
       58.78305556
      ],
      [
       11.21777778,
       58.85027778
      ],
      [
       10.80166667,
       58.81166667
      ],
      [
       10.77611111,
       58.71166667
      ],
      [
       10.6875,
       58.67222222
      ],
      [
       10.55472222,
       58.65111111
      ],
      [
       10.63888889,
       58.89222222
      ],
      [
       10.75555556,
       58.91388889
      ],
      [
       10.91694444,
       58.9425
      ],
      [
       10.92555556,
       58.94444444
      ],
      [
       10.98388889,
       58.96027778
      ],
      [
       10.9925,
       58.96194444
      ],
      [
       11.03111111,
       58.96944444
      ],
      [
       11.04611111,
       58.9725
      ],
      [
       11.05638889,
       58.97472222
      ],
      [
       11.05916667,
       58.975
      ],
      [
       11.06361111,
       58.97611111
      ],
      [
       11.06666667,
       58.9775
      ],
      [
       11.07166667,
       58.98027778
      ],
      [
       11.08083333,
       58.98527778
      ],
      [
       11.08166667,
       58.98555556
      ],
      [
       11.09138889,
       58.99055556
      ],
      [
       11.1125,
       59.00972222
      ],
      [
       11.11722222,
       59.01361111
      ],
      [
       11.11944444,
       59.01861111
      ],
      [
       11.15333333,
       59.0775
      ],
      [
       11.15611111,
       59.07916667
      ],
      [
       11.22055556,
       59.08694444
      ],
      [
       11.22777778,
       59.08805556
      ],
      [
       11.24,
       59.09111111
      ],
      [
       11.24805556,
       59.09361111
      ],
      [
       11.25972222,
       59.09666667
      ],
      [
       11.26861111,
       59.09777778
      ],
      [
       11.28611111,
       59.09888889
      ],
      [
       11.28888889,
       59.09944444
      ],
      [
       11.29611111,
       59.10277778
      ],
      [
       11.3025,
       59.10611111
      ],
      [
       11.32305556,
       59.11111111
      ],
      [
       11.33611111,
       59.11388889
      ],
      [
       11.33972222,
       59.11444444
      ],
      [
       11.34305556,
       59.11361111
      ],
      [
       11.36194444,
       59.10194444
      ],
      [
       11.36694444,
       59.09916667
      ],
      [
       11.37111111,
       59.09583333
      ],
      [
       11.3925,
       59.07277778
      ],
      [
       11.40194444,
       59.05777778
      ],
      [
       11.41333333,
       59.04083333
      ],
      [
       11.415,
       59.03944444
      ],
      [
       11.41833333,
       59.03722222
      ],
      [
       11.41944444,
       59.03611111
      ],
      [
       11.4275,
       59.03
      ],
      [
       11.43027778,
       59.02861111
      ],
      [
       11.44,
       59.01611111
      ],
      [
       11.45305556,
       59.00277778
      ],
      [
       11.4575,
       58.99833333
      ],
      [
       11.46472222,
       58.99111111
      ],
      [
       11.45388889,
       58.98555556
      ],
      [
       11.4625,
       58.97305556
      ],
      [
       11.45972222,
       58.9525
      ],
      [
       11.46361111,
       58.93333333
      ],
      [
       11.45638889,
       58.91666667
      ],
      [
       11.45611111,
       58.88972222
      ],
      [
       11.4575,
       58.88833333
      ],
      [
       11.46361111,
       58.88972222
      ],
      [
       11.48305556,
       58.89138889
      ],
      [
       11.48583333,
       58.89111111
      ],
      [
       11.48944444,
       58.89
      ],
      [
       11.4925,
       58.88888889
      ],
      [
       11.49472222,
       58.88861111
      ],
      [
       11.49777778,
       58.88888889
      ],
      [
       11.50166667,
       58.88888889
      ],
      [
       11.51,
       58.88527778
      ],
      [
       11.51444444,
       58.88222222
      ],
      [
       11.51583333,
       58.88138889
      ],
      [
       11.51694444,
       58.88138889
      ],
      [
       11.5175,
       58.88111111
      ],
      [
       11.5175,
       58.87972222
      ],
      [
       11.51972222,
       58.87888889
      ],
      [
       11.52277778,
       58.87861111
      ],
      [
       11.52472222,
       58.87805556
      ],
      [
       11.52555556,
       58.87777778
      ],
      [
       11.52861111,
       58.8775
      ],
      [
       11.53111111,
       58.87805556
      ],
      [
       11.53194444,
       58.87833333
      ],
      [
       11.53305556,
       58.87861111
      ],
      [
       11.53416667,
       58.87861111
      ],
      [
       11.535,
       58.87833333
      ],
      [
       11.53777778,
       58.87805556
      ],
      [
       11.53861111,
       58.87888889
      ],
      [
       11.53888889,
       58.88055556
      ],
      [
       11.53916667,
       58.88194444
      ],
      [
       11.53861111,
       58.88277778
      ],
      [
       11.5375,
       58.88388889
      ],
      [
       11.53555556,
       58.88472222
      ],
      [
       11.53611111,
       58.88527778
      ],
      [
       11.53694444,
       58.88555556
      ],
      [
       11.53805556,
       58.88555556
      ],
      [
       11.53916667,
       58.88611111
      ],
      [
       11.54055556,
       58.8875
      ],
      [
       11.5425,
       58.88805556
      ],
      [
       11.54416667,
       58.89027778
      ],
      [
       11.54583333,
       58.89222222
      ],
      [
       11.54583333,
       58.89361111
      ],
      [
       11.54777778,
       58.89527778
      ],
      [
       11.54888889,
       58.89555556
      ],
      [
       11.55027778,
       58.89694444
      ],
      [
       11.55194444,
       58.8975
      ],
      [
       11.5525,
       58.89805556
      ],
      [
       11.55583333,
       58.89861111
      ],
      [
       11.55666667,
       58.89861111
      ],
      [
       11.55722222,
       58.89833333
      ],
      [
       11.55833333,
       58.8975
      ],
      [
       11.56194444,
       58.89611111
      ],
      [
       11.56277778,
       58.89444444
      ],
      [
       11.56361111,
       58.89361111
      ],
      [
       11.56472222,
       58.89277778
      ],
      [
       11.56527778,
       58.89222222
      ],
      [
       11.56555556,
       58.89166667
      ],
      [
       11.56777778,
       58.89027778
      ],
      [
       11.56972222,
       58.88916667
      ],
      [
       11.56972222,
       58.88861111
      ],
      [
       11.57055556,
       58.88833333
      ],
      [
       11.57277778,
       58.88805556
      ],
      [
       11.57388889,
       58.88888889
      ],
      [
       11.57416667,
       58.89
      ],
      [
       11.57527778,
       58.89166667
      ],
      [
       11.57666667,
       58.89388889
      ],
      [
       11.57722222,
       58.89611111
      ],
      [
       11.5775,
       58.89694444
      ],
      [
       11.57833333,
       58.89722222
      ],
      [
       11.57888889,
       58.89722222
      ],
      [
       11.58055556,
       58.89611111
      ],
      [
       11.58166667,
       58.89527778
      ],
      [
       11.58277778,
       58.89444444
      ],
      [
       11.58333333,
       58.89416667
      ],
      [
       11.585,
       58.89416667
      ],
      [
       11.58611111,
       58.89416667
      ],
      [
       11.58805556,
       58.89222222
      ],
      [
       11.59055556,
       58.89083333
      ],
      [
       11.60111111,
       58.895
      ],
      [
       11.63138889,
       58.90833333
      ],
      [
       11.65194444,
       58.90611111
      ],
      [
       11.65666667,
       58.92194444
      ],
      [
       11.65611111,
       58.92472222
      ],
      [
       11.65638889,
       58.92583333
      ],
      [
       11.65694444,
       58.92666667
      ],
      [
       11.66,
       58.92777778
      ],
      [
       11.65916667,
       58.92972222
      ],
      [
       11.65972222,
       58.93166667
      ],
      [
       11.66027778,
       58.93305556
      ],
      [
       11.66333333,
       58.93416667
      ],
      [
       11.66638889,
       58.93472222
      ],
      [
       11.67083333,
       58.93472222
      ],
      [
       11.67583333,
       58.935
      ],
      [
       11.67555556,
       58.9375
      ],
      [
       11.67472222,
       58.94
      ],
      [
       11.67472222,
       58.94138889
      ],
      [
       11.67555556,
       58.94277778
      ],
      [
       11.6775,
       58.94444444
      ],
      [
       11.67972222,
       58.94555556
      ],
      [
       11.68138889,
       58.94611111
      ],
      [
       11.68194444,
       58.94777778
      ],
      [
       11.68166667,
       58.94944444
      ],
      [
       11.68166667,
       58.95083333
      ],
      [
       11.68222222,
       58.95194444
      ],
      [
       11.68416667,
       58.95333333
      ],
      [
       11.6875,
       58.95527778
      ],
      [
       11.68805556,
       58.95722222
      ],
      [
       11.68805556,
       58.95916667
      ],
      [
       11.6875,
       58.96305556
      ],
      [
       11.68888889,
       58.97166667
      ],
      [
       11.68805556,
       58.97277778
      ],
      [
       11.68638889,
       58.97305556
      ],
      [
       11.68583333,
       58.97416667
      ],
      [
       11.68666667,
       58.97555556
      ],
      [
       11.68805556,
       58.97638889
      ],
      [
       11.69,
       58.97694444
      ],
      [
       11.69166667,
       58.97694444
      ],
      [
       11.69305556,
       58.97722222
      ],
      [
       11.69277778,
       58.97916667
      ],
      [
       11.69222222,
       58.98055556
      ],
      [
       11.69166667,
       58.98138889
      ],
      [
       11.69166667,
       58.9825
      ],
      [
       11.69194444,
       58.98361111
      ],
      [
       11.69222222,
       58.98444444
      ],
      [
       11.69194444,
       58.985
      ],
      [
       11.69138889,
       58.98555556
      ],
      [
       11.69055556,
       58.98555556
      ],
      [
       11.68472222,
       58.98777778
      ],
      [
       11.685,
       58.98888889
      ],
      [
       11.68611111,
       58.98972222
      ],
      [
       11.68694444,
       58.99
      ],
      [
       11.68972222,
       58.99166667
      ],
      [
       11.69194444,
       58.99277778
      ],
      [
       11.69277778,
       58.99388889
      ],
      [
       11.69333333,
       58.99611111
      ],
      [
       11.69444444,
       58.99666667
      ],
      [
       11.69444444,
       58.99805556
      ],
      [
       11.69805556,
       58.99944444
      ],
      [
       11.70194444,
       59.00138889
      ],
      [
       11.70361111,
       59.01138889
      ],
      [
       11.71055556,
       59.03361111
      ],
      [
       11.72055556,
       59.03861111
      ],
      [
       11.72222222,
       59.04083333
      ],
      [
       11.72444444,
       59.0425
      ],
      [
       11.7275,
       59.04444444
      ],
      [
       11.72888889,
       59.04583333
      ],
      [
       11.73111111,
       59.0475
      ],
      [
       11.73388889,
       59.04916667
      ],
      [
       11.735,
       59.05
      ],
      [
       11.73638889,
       59.05111111
      ],
      [
       11.73888889,
       59.05333333
      ],
      [
       11.74111111,
       59.05527778
      ],
      [
       11.74416667,
       59.06083333
      ],
      [
       11.74916667,
       59.06722222
      ],
      [
       11.75194444,
       59.07027778
      ],
      [
       11.75805556,
       59.07472222
      ],
      [
       11.76333333,
       59.07861111
      ],
      [
       11.76833333,
       59.0825
      ],
      [
       11.77083333,
       59.08444444
      ],
      [
       11.77166667,
       59.08527778
      ],
      [
       11.77333333,
       59.08555556
      ],
      [
       11.775,
       59.08638889
      ],
      [
       11.77611111,
       59.08805556
      ],
      [
       11.77722222,
       59.08972222
      ],
      [
       11.77694444,
       59.09194444
      ],
      [
       11.77694444,
       59.09444444
      ],
      [
       11.77722222,
       59.09611111
      ],
      [
       11.77722222,
       59.09666667
      ],
      [
       11.77888889,
       59.09777778
      ],
      [
       11.78027778,
       59.09861111
      ],
      [
       11.78,
       59.09916667
      ],
      [
       11.78,
       59.10027778
      ],
      [
       11.77805556,
       59.10166667
      ],
      [
       11.77666667,
       59.10305556
      ],
      [
       11.77611111,
       59.105
      ],
      [
       11.775,
       59.1075
      ],
      [
       11.77361111,
       59.10944444
      ],
      [
       11.77166667,
       59.11027778
      ],
      [
       11.76944444,
       59.11111111
      ],
      [
       11.76888889,
       59.11194444
      ],
      [
       11.76833333,
       59.11305556
      ],
      [
       11.76805556,
       59.11388889
      ],
      [
       11.76666667,
       59.11444444
      ],
      [
       11.76361111,
       59.11472222
      ],
      [
       11.76944444,
       59.12666667
      ],
      [
       11.77805556,
       59.13611111
      ],
      [
       11.77472222,
       59.17055556
      ],
      [
       11.78166667,
       59.19305556
      ],
      [
       11.78305556,
       59.19583333
      ],
      [
       11.78305556,
       59.19888889
      ],
      [
       11.78305556,
       59.20361111
      ],
      [
       11.78305556,
       59.20666667
      ],
      [
       11.78555556,
       59.21138889
      ],
      [
       11.78888889,
       59.21416667
      ],
      [
       11.79638889,
       59.21944444
      ],
      [
       11.79805556,
       59.22111111
      ],
      [
       11.79944444,
       59.22388889
      ],
      [
       11.80111111,
       59.22555556
      ],
      [
       11.81194444,
       59.23194444
      ],
      [
       11.82638889,
       59.23777778
      ],
      [
       11.82944444,
       59.23916667
      ],
      [
       11.83,
       59.24111111
      ],
      [
       11.82138889,
       59.30138889
      ],
      [
       11.82111111,
       59.30277778
      ],
      [
       11.82166667,
       59.31166667
      ],
      [
       11.81805556,
       59.33277778
      ],
      [
       11.81611111,
       59.34472222
      ],
      [
       11.80805556,
       59.35416667
      ],
      [
       11.79,
       59.37111111
      ],
      [
       11.79194444,
       59.37416667
      ],
      [
       11.78,
       59.38638889
      ],
      [
       11.7775,
       59.39833333
      ],
      [
       11.77416667,
       59.41416667
      ],
      [
       11.76111111,
       59.42861111
      ],
      [
       11.76,
       59.45805556
      ],
      [
       11.75833333,
       59.46583333
      ],
      [
       11.75305556,
       59.47944444
      ],
      [
       11.74555556,
       59.49305556
      ],
      [
       11.72861111,
       59.51111111
      ],
      [
       11.69111111,
       59.58944444
      ],
      [
       11.69805556,
       59.60888889
      ],
      [
       11.71666667,
       59.6225
      ],
      [
       11.72055556,
       59.62555556
      ],
      [
       11.78111111,
       59.64305556
      ],
      [
       11.85583333,
       59.64833333
      ],
      [
       11.8625,
       59.65277778
      ],
      [
       11.87027778,
       59.6625
      ],
      [
       11.87527778,
       59.6725
      ],
      [
       11.87833333,
       59.68305556
      ],
      [
       11.88916667,
       59.69333333
      ],
      [
       11.93138889,
       59.69444444
      ],
      [
       11.94027778,
       59.69472222
      ],
      [
       11.94111111,
       59.69583333
      ],
      [
       11.94083333,
       59.69694444
      ],
      [
       11.94166667,
       59.69777778
      ],
      [
       11.94305556,
       59.69861111
      ],
      [
       11.94388889,
       59.69944444
      ],
      [
       11.94361111,
       59.70027778
      ],
      [
       11.94194444,
       59.70055556
      ],
      [
       11.94055556,
       59.7
      ],
      [
       11.93833333,
       59.70027778
      ],
      [
       11.9375,
       59.70194444
      ],
      [
       11.93833333,
       59.70388889
      ],
      [
       11.93833333,
       59.70555556
      ],
      [
       11.93777778,
       59.70694444
      ],
      [
       11.93777778,
       59.70833333
      ],
      [
       11.93777778,
       59.70916667
      ],
      [
       11.93611111,
       59.71
      ],
      [
       11.93444444,
       59.71083333
      ],
      [
       11.93444444,
       59.71166667
      ],
      [
       11.93583333,
       59.71305556
      ],
      [
       11.93666667,
       59.71416667
      ],
      [
       11.93666667,
       59.715
      ],
      [
       11.93666667,
       59.71611111
      ],
      [
       11.93694444,
       59.71833333
      ],
      [
       11.93694444,
       59.72388889
      ],
      [
       11.93694444,
       59.72583333
      ],
      [
       11.93722222,
       59.72666667
      ],
      [
       11.93888889,
       59.72694444
      ],
      [
       11.94027778,
       59.72777778
      ],
      [
       11.93944444,
       59.72916667
      ],
      [
       11.93722222,
       59.72916667
      ],
      [
       11.93527778,
       59.72972222
      ],
      [
       11.93361111,
       59.73027778
      ],
      [
       11.93333333,
       59.73111111
      ],
      [
       11.93361111,
       59.73166667
      ],
      [
       11.93361111,
       59.73277778
      ],
      [
       11.93361111,
       59.73333333
      ],
      [
       11.93305556,
       59.73416667
      ],
      [
       11.93277778,
       59.735
      ],
      [
       11.93361111,
       59.7375
      ],
      [
       11.93361111,
       59.73916667
      ],
      [
       11.9325,
       59.74055556
      ],
      [
       11.93,
       59.74166667
      ],
      [
       11.92861111,
       59.7425
      ],
      [
       11.92722222,
       59.74416667
      ],
      [
       11.92555556,
       59.74694444
      ],
      [
       11.92444444,
       59.74944444
      ],
      [
       11.92472222,
       59.75138889
      ],
      [
       11.92527778,
       59.7525
      ],
      [
       11.92555556,
       59.75361111
      ],
      [
       11.92777778,
       59.75527778
      ],
      [
       11.9325,
       59.75916667
      ],
      [
       11.93277778,
       59.76027778
      ],
      [
       11.93194444,
       59.76083333
      ],
      [
       11.92972222,
       59.76138889
      ],
      [
       11.92944444,
       59.76194444
      ],
      [
       11.93,
       59.7625
      ],
      [
       11.93166667,
       59.76305556
      ],
      [
       11.93194444,
       59.76472222
      ],
      [
       11.93222222,
       59.76694444
      ],
      [
       11.93222222,
       59.76888889
      ],
      [
       11.93111111,
       59.77083333
      ],
      [
       11.93055556,
       59.77277778
      ],
      [
       11.93055556,
       59.77444444
      ],
      [
       11.92805556,
       59.77861111
      ],
      [
       11.92722222,
       59.78194444
      ],
      [
       11.92638889,
       59.78527778
      ],
      [
       11.92638889,
       59.79027778
      ],
      [
       11.92555556,
       59.79333333
      ],
      [
       11.925,
       59.79416667
      ],
      [
       11.92361111,
       59.795
      ],
      [
       11.92194444,
       59.79583333
      ],
      [
       11.92083333,
       59.79611111
      ],
      [
       11.91805556,
       59.7975
      ],
      [
       11.91472222,
       59.79944444
      ],
      [
       11.91138889,
       59.80138889
      ],
      [
       11.90916667,
       59.80305556
      ],
      [
       11.9075,
       59.80444444
      ],
      [
       11.90611111,
       59.80638889
      ],
      [
       11.905,
       59.81
      ],
      [
       11.90472222,
       59.81138889
      ],
      [
       11.90333333,
       59.81222222
      ],
      [
       11.90138889,
       59.81305556
      ],
      [
       11.89944444,
       59.81361111
      ],
      [
       11.89722222,
       59.81472222
      ],
      [
       11.89527778,
       59.81611111
      ],
      [
       11.89388889,
       59.81694444
      ],
      [
       11.89,
       59.82111111
      ],
      [
       11.88722222,
       59.82305556
      ],
      [
       11.88527778,
       59.82444444
      ],
      [
       11.88333333,
       59.82527778
      ],
      [
       11.88055556,
       59.82638889
      ],
      [
       11.87916667,
       59.82722222
      ],
      [
       11.87583333,
       59.82833333
      ],
      [
       11.87333333,
       59.82888889
      ],
      [
       11.87111111,
       59.82888889
      ],
      [
       11.86888889,
       59.82916667
      ],
      [
       11.86611111,
       59.82944444
      ],
      [
       11.86472222,
       59.82972222
      ],
      [
       11.8625,
       59.82972222
      ],
      [
       11.85888889,
       59.83
      ],
      [
       11.855,
       59.83055556
      ],
      [
       11.85055556,
       59.8325
      ],
      [
       11.84333333,
       59.83722222
      ],
      [
       11.84166667,
       59.83916667
      ],
      [
       11.84027778,
       59.84138889
      ],
      [
       11.84166667,
       59.84194444
      ],
      [
       11.84416667,
       59.8425
      ],
      [
       11.84666667,
       59.84333333
      ],
      [
       11.84972222,
       59.84416667
      ],
      [
       11.85138889,
       59.84416667
      ],
      [
       11.8525,
       59.84416667
      ],
      [
       11.85416667,
       59.84472222
      ],
      [
       11.85583333,
       59.84527778
      ],
      [
       11.85833333,
       59.84638889
      ],
      [
       11.85972222,
       59.84694444
      ],
      [
       11.86138889,
       59.84722222
      ],
      [
       11.86305556,
       59.84777778
      ],
      [
       11.86555556,
       59.84888889
      ],
      [
       11.86861111,
       59.84944444
      ],
      [
       11.87138889,
       59.85027778
      ],
      [
       11.87333333,
       59.85166667
      ],
      [
       11.875,
       59.8525
      ],
      [
       11.87722222,
       59.85305556
      ],
      [
       11.87944444,
       59.85388889
      ],
      [
       11.88111111,
       59.85472222
      ],
      [
       11.88444444,
       59.85694444
      ],
      [
       11.88555556,
       59.85777778
      ],
      [
       11.88694444,
       59.85833333
      ],
      [
       11.88666667,
       59.85916667
      ],
      [
       11.88611111,
       59.86083333
      ],
      [
       11.885,
       59.86166667
      ],
      [
       11.88444444,
       59.8625
      ],
      [
       11.88277778,
       59.86333333
      ],
      [
       11.8825,
       59.86444444
      ],
      [
       11.88194444,
       59.86555556
      ],
      [
       11.88138889,
       59.86638889
      ],
      [
       11.88083333,
       59.8675
      ],
      [
       11.88166667,
       59.86861111
      ],
      [
       11.88277778,
       59.86972222
      ],
      [
       11.88333333,
       59.87111111
      ],
      [
       11.88555556,
       59.87194444
      ],
      [
       11.88833333,
       59.87222222
      ],
      [
       11.89138889,
       59.87194444
      ],
      [
       11.89361111,
       59.87166667
      ],
      [
       11.89472222,
       59.87111111
      ],
      [
       11.89555556,
       59.87111111
      ],
      [
       11.89722222,
       59.87138889
      ],
      [
       11.89861111,
       59.87194444
      ],
      [
       11.90111111,
       59.87194444
      ],
      [
       11.91138889,
       59.87194444
      ],
      [
       11.91611111,
       59.87277778
      ],
      [
       11.91916667,
       59.87388889
      ],
      [
       11.92027778,
       59.87472222
      ],
      [
       11.92083333,
       59.87583333
      ],
      [
       11.92055556,
       59.87777778
      ],
      [
       11.92,
       59.88083333
      ],
      [
       11.92055556,
       59.88194444
      ],
      [
       11.92305556,
       59.88333333
      ],
      [
       11.9275,
       59.88555556
      ],
      [
       11.93111111,
       59.88638889
      ],
      [
       11.93388889,
       59.88694444
      ],
      [
       11.94222222,
       59.89
      ],
      [
       11.98388889,
       59.90055556
      ],
      [
       11.98638889,
       59.89861111
      ],
      [
       12.02277778,
       59.89138889
      ],
      [
       12.05388889,
       59.88638889
      ],
      [
       12.12611111,
       59.89388889
      ],
      [
       12.15555556,
       59.88666667
      ],
      [
       12.17416667,
       59.88972222
      ],
      [
       12.23111111,
       59.9275
      ],
      [
       12.34111111,
       59.96555556
      ],
      [
       12.39555556,
       60.01555556
      ],
      [
       12.42472222,
       60.02666667
      ],
      [
       12.44861111,
       60.03916667
      ],
      [
       12.44972222,
       60.04027778
      ],
      [
       12.48027778,
       60.07305556
      ],
      [
       12.4975,
       60.095
      ],
      [
       12.50222222,
       60.10388889
      ],
      [
       12.50555556,
       60.11027778
      ],
      [
       12.54194444,
       60.19333333
      ],
      [
       12.525,
       60.22361111
      ],
      [
       12.52,
       60.2375
      ],
      [
       12.50444444,
       60.28111111
      ],
      [
       12.50416667,
       60.28277778
      ],
      [
       12.49888889,
       60.32361111
      ],
      [
       12.53555556,
       60.3425
      ],
      [
       12.54777778,
       60.34972222
      ],
      [
       12.60611111,
       60.40583333
      ],
      [
       12.60638889,
       60.44166667
      ],
      [
       12.60666667,
       60.50055556
      ],
      [
       12.60694444,
       60.51277778
      ],
      [
       12.58194444,
       60.55083333
      ],
      [
       12.51583333,
       60.60027778
      ],
      [
       12.51111111,
       60.6425
      ],
      [
       12.46111111,
       60.68527778
      ],
      [
       12.39527778,
       60.73388889
      ],
      [
       12.34944444,
       60.81777778
      ],
      [
       12.33444444,
       60.85222222
      ],
      [
       12.33361111,
       60.86916667
      ],
      [
       12.33305556,
       60.88083333
      ],
      [
       12.33333333,
       60.89055556
      ],
      [
       12.22388889,
       61.01305556
      ],
      [
       12.23972222,
       61.01888889
      ],
      [
       12.25472222,
       61.02166667
      ],
      [
       12.4475,
       61.05083333
      ],
      [
       12.4875,
       61.05166667
      ],
      [
       12.54083333,
       61.04916667
      ],
      [
       12.6125,
       61.04694444
      ],
      [
       12.6575,
       61.05277778
      ],
      [
       12.67,
       61.05611111
      ],
      [
       12.67111111,
       61.05638889
      ],
      [
       12.6825,
       61.06111111
      ],
      [
       12.70694444,
       61.14333333
      ],
      [
       12.79027778,
       61.19694444
      ],
      [
       12.79777778,
       61.20777778
      ],
      [
       12.83388889,
       61.25833333
      ],
      [
       12.87083333,
       61.35638889
      ]
     ]
    ]
   },
   "properties": {
    "lager": "Militär sektor",
    "namn": "ES I5 GEO",
    "typ": "EXES",
    "beteckning": "ESAA",
    "plats": "I5 med ",
    "hojd": "GND–UNL",
    "operator": "",
    "gäller_fr": "2026-06-11",
    "kommentar": ""
   }
  },
  {
   "type": "Feature",
   "geometry": {
    "type": "Polygon",
    "coordinates": [
     [
      [
       20.54861111,
       69.06
      ],
      [
       20.61666667,
       69.04777778
      ],
      [
       20.67527778,
       69.04305556
      ],
      [
       20.705,
       69.04444444
      ],
      [
       20.73083333,
       69.03805556
      ],
      [
       20.775,
       69.03333333
      ],
      [
       20.81388889,
       69.01583333
      ],
      [
       20.82361111,
       69.00472222
      ],
      [
       20.83361111,
       68.9975
      ],
      [
       20.85055556,
       68.99138889
      ],
      [
       20.87694444,
       68.98722222
      ],
      [
       20.88472222,
       68.98277778
      ],
      [
       20.90138889,
       68.97472222
      ],
      [
       20.91277778,
       68.96194444
      ],
      [
       20.89861111,
       68.94972222
      ],
      [
       20.89222222,
       68.94194444
      ],
      [
       20.87916667,
       68.94194444
      ],
      [
       20.86805556,
       68.94305556
      ],
      [
       20.84666667,
       68.93722222
      ],
      [
       20.84833333,
       68.92916667
      ],
      [
       20.86166667,
       68.92277778
      ],
      [
       20.8775,
       68.91944444
      ],
      [
       20.88777778,
       68.91138889
      ],
      [
       20.89777778,
       68.90388889
      ],
      [
       20.90305556,
       68.90027778
      ],
      [
       20.87777778,
       68.89527778
      ],
      [
       20.89027778,
       68.89222222
      ],
      [
       20.9075,
       68.89333333
      ],
      [
       20.91277778,
       68.89611111
      ],
      [
       20.93,
       68.89833333
      ],
      [
       20.94305556,
       68.89666667
      ],
      [
       20.95527778,
       68.89722222
      ],
      [
       20.95694444,
       68.89277778
      ],
      [
       20.97027778,
       68.89305556
      ],
      [
       20.98527778,
       68.89277778
      ],
      [
       20.99027778,
       68.89694444
      ],
      [
       21.01444444,
       68.89055556
      ],
      [
       21.03,
       68.88611111
      ],
      [
       21.02638889,
       68.88277778
      ],
      [
       21.04722222,
       68.88166667
      ],
      [
       21.06027778,
       68.87722222
      ],
      [
       21.07638889,
       68.87111111
      ],
      [
       21.08277778,
       68.86388889
      ],
      [
       21.10138889,
       68.86
      ],
      [
       21.11972222,
       68.85611111
      ],
      [
       21.13,
       68.85111111
      ],
      [
       21.1425,
       68.84666667
      ],
      [
       21.14388889,
       68.84
      ],
      [
       21.16194444,
       68.83527778
      ],
      [
       21.18416667,
       68.82777778
      ],
      [
       21.18722222,
       68.82416667
      ],
      [
       21.21361111,
       68.81694444
      ],
      [
       21.23861111,
       68.81222222
      ],
      [
       21.24388889,
       68.80722222
      ],
      [
       21.25222222,
       68.8025
      ],
      [
       21.25555556,
       68.79638889
      ],
      [
       21.26194444,
       68.79222222
      ],
      [
       21.26277778,
       68.78638889
      ],
      [
       21.27083333,
       68.78027778
      ],
      [
       21.28666667,
       68.77111111
      ],
      [
       21.29944444,
       68.76277778
      ],
      [
       21.31944444,
       68.75944444
      ],
      [
       21.33361111,
       68.76083333
      ],
      [
       21.34555556,
       68.76361111
      ],
      [
       21.35694444,
       68.76611111
      ],
      [
       21.36694444,
       68.76694444
      ],
      [
       21.39111111,
       68.76416667
      ],
      [
       21.3925,
       68.76
      ],
      [
       21.40138889,
       68.75722222
      ],
      [
       21.40833333,
       68.75055556
      ],
      [
       21.40972222,
       68.74527778
      ],
      [
       21.40638889,
       68.74166667
      ],
      [
       21.40777778,
       68.73416667
      ],
      [
       21.41444444,
       68.73083333
      ],
      [
       21.41388889,
       68.72277778
      ],
      [
       21.41805556,
       68.71916667
      ],
      [
       21.4225,
       68.71583333
      ],
      [
       21.41333333,
       68.71027778
      ],
      [
       21.42194444,
       68.70527778
      ],
      [
       21.42333333,
       68.70111111
      ],
      [
       21.42055556,
       68.69694444
      ],
      [
       21.43722222,
       68.69
      ],
      [
       21.45861111,
       68.68611111
      ],
      [
       21.46611111,
       68.68222222
      ],
      [
       21.48555556,
       68.68055556
      ],
      [
       21.50138889,
       68.67694444
      ],
      [
       21.51833333,
       68.67638889
      ],
      [
       21.52472222,
       68.67694444
      ],
      [
       21.54,
       68.67555556
      ],
      [
       21.56305556,
       68.67555556
      ],
      [
       21.57527778,
       68.67
      ],
      [
       21.59666667,
       68.66694444
      ],
      [
       21.61722222,
       68.66472222
      ],
      [
       21.62361111,
       68.66166667
      ],
      [
       21.62638889,
       68.65527778
      ],
      [
       21.63694444,
       68.65361111
      ],
      [
       21.64222222,
       68.65055556
      ],
      [
       21.64972222,
       68.65055556
      ],
      [
       21.65944444,
       68.64472222
      ],
      [
       21.66611111,
       68.63972222
      ],
      [
       21.68222222,
       68.63555556
      ],
      [
       21.69777778,
       68.63166667
      ],
      [
       21.71,
       68.625
      ],
      [
       21.7125,
       68.61777778
      ],
      [
       21.69944444,
       68.61388889
      ],
      [
       21.7,
       68.59888889
      ],
      [
       21.7075,
       68.595
      ],
      [
       21.71472222,
       68.59166667
      ],
      [
       21.73277778,
       68.58972222
      ],
      [
       21.75277778,
       68.5875
      ],
      [
       21.76972222,
       68.58638889
      ],
      [
       21.77472222,
       68.58555556
      ],
      [
       21.78888889,
       68.58638889
      ],
      [
       21.79944444,
       68.58694444
      ],
      [
       21.81416667,
       68.58972222
      ],
      [
       21.82305556,
       68.58916667
      ],
      [
       21.84111111,
       68.59111111
      ],
      [
       21.86277778,
       68.58861111
      ],
      [
       21.86305556,
       68.58472222
      ],
      [
       21.86944444,
       68.58472222
      ],
      [
       21.88388889,
       68.585
      ],
      [
       21.89777778,
       68.58083333
      ],
      [
       20.49111111,
       68.21305556
      ],
      [
       20.38305556,
       68.21361111
      ],
      [
       18.66611111,
       68.2
      ],
      [
       18.15,
       68.20472222
      ],
      [
       18.11666667,
       68.34277778
      ],
      [
       18.1,
       68.41166667
      ],
      [
       18.12583333,
       68.53638889
      ],
      [
       18.40555556,
       68.58194444
      ],
      [
       18.48555556,
       68.55638889
      ],
      [
       18.62111111,
       68.50694444
      ],
      [
       18.98361111,
       68.51694444
      ],
      [
       19.29555556,
       68.465
      ],
      [
       19.60583333,
       68.41277778
      ],
      [
       19.91472222,
       68.35972222
      ],
      [
       20.01833333,
       68.40333333
      ],
      [
       20.12222222,
       68.44722222
      ],
      [
       20.22638889,
       68.49083333
      ],
      [
       20.02583333,
       68.53083333
      ],
      [
       19.9375,
       68.55805556
      ],
      [
       20.05222222,
       68.59111111
      ],
      [
       20.19638889,
       68.66055556
      ],
      [
       20.27361111,
       68.74027778
      ],
      [
       20.33583333,
       68.80222222
      ],
      [
       20.30638889,
       68.92611111
      ],
      [
       20.26277778,
       68.94472222
      ],
      [
       20.18805556,
       68.98138889
      ],
      [
       20.06,
       69.04583333
      ],
      [
       20.54861111,
       69.06
      ]
     ]
    ]
   },
   "properties": {
    "lager": "Militär sektor",
    "namn": "ES I13 GEO",
    "typ": "EXES",
    "beteckning": "ESAA",
    "plats": "I13 med ",
    "hojd": "GND–UNL",
    "operator": "",
    "gäller_fr": "2026-06-11",
    "kommentar": ""
   }
  },
  {
   "type": "Feature",
   "geometry": {
    "type": "Polygon",
    "coordinates": [
     [
      [
       23.66861111,
       66.26083333
      ],
      [
       23.69805556,
       66.24444444
      ],
      [
       23.69416667,
       66.23444444
      ],
      [
       23.70805556,
       66.22027778
      ],
      [
       23.72916667,
       66.21
      ],
      [
       23.73194444,
       66.19388889
      ],
      [
       23.77055556,
       66.18888889
      ],
      [
       23.80388889,
       66.17972222
      ],
      [
       23.83416667,
       66.17083333
      ],
      [
       23.88222222,
       66.16611111
      ],
      [
       23.92305556,
       66.15833333
      ],
      [
       23.92888889,
       66.14638889
      ],
      [
       23.91805556,
       66.13611111
      ],
      [
       23.93777778,
       66.12333333
      ],
      [
       23.94305556,
       66.10388889
      ],
      [
       23.9375,
       66.08222222
      ],
      [
       23.97444444,
       66.05611111
      ],
      [
       24.00305556,
       66.03055556
      ],
      [
       24.02611111,
       66.01805556
      ],
      [
       24.05111111,
       65.99611111
      ],
      [
       24.04027778,
       65.96805556
      ],
      [
       24.05611111,
       65.95194444
      ],
      [
       24.06583333,
       65.9475
      ],
      [
       24.08722222,
       65.93361111
      ],
      [
       24.11833333,
       65.93194444
      ],
      [
       24.1125,
       65.91333333
      ],
      [
       24.12777778,
       65.89194444
      ],
      [
       24.14222222,
       65.87555556
      ],
      [
       24.15194444,
       65.86305556
      ],
      [
       24.12833333,
       65.85805556
      ],
      [
       24.12833333,
       65.84972222
      ],
      [
       24.14666667,
       65.83861111
      ],
      [
       24.15638889,
       65.81583333
      ],
      [
       24.12944444,
       65.78388889
      ],
      [
       24.13166667,
       65.77361111
      ],
      [
       24.17361111,
       65.72416667
      ],
      [
       24.16666667,
       65.69833333
      ],
      [
       24.1775,
       65.66027778
      ],
      [
       24.14388889,
       65.57194444
      ],
      [
       24.14,
       65.53
      ],
      [
       23.94111111,
       65.39694444
      ],
      [
       23.68694444,
       65.86972222
      ],
      [
       23.22944444,
       66.17222222
      ],
      [
       23.66861111,
       66.26083333
      ]
     ]
    ]
   },
   "properties": {
    "lager": "Militär sektor",
    "namn": "ES I21 GEO",
    "typ": "EXES",
    "beteckning": "ESAA",
    "plats": "I21 med ",
    "hojd": "GND–UNL",
    "operator": "",
    "gäller_fr": "2026-06-11",
    "kommentar": ""
   }
  },
  {
   "type": "Feature",
   "geometry": {
    "type": "Polygon",
    "coordinates": [
     [
      [
       15.03555556,
       66.15361111
      ],
      [
       15.30833333,
       65.91305556
      ],
      [
       14.29527778,
       64.69388889
      ],
      [
       14.31805556,
       64.55666667
      ],
      [
       13.70888889,
       64.64333333
      ],
      [
       14.07722222,
       64.93888889
      ],
      [
       14.13,
       64.97861111
      ],
      [
       14.32583333,
       65.11888889
      ],
      [
       14.37888889,
       65.2475
      ],
      [
       14.50694444,
       65.30972222
      ],
      [
       14.50388889,
       65.35055556
      ],
      [
       14.50083333,
       65.44472222
      ],
      [
       14.49944444,
       65.49472222
      ],
      [
       14.49888889,
       65.52138889
      ],
      [
       14.53,
       65.65027778
      ],
      [
       14.54138889,
       65.70083333
      ],
      [
       14.57888889,
       65.75055556
      ],
      [
       14.62555556,
       65.81194444
      ],
      [
       14.59388889,
       65.88055556
      ],
      [
       14.58444444,
       65.90138889
      ],
      [
       14.57916667,
       65.92777778
      ],
      [
       14.57305556,
       65.95777778
      ],
      [
       14.51638889,
       66.1325
      ],
      [
       14.91888889,
       66.14805556
      ],
      [
       15.03555556,
       66.15361111
      ]
     ]
    ]
   },
   "properties": {
    "lager": "Militär sektor",
    "namn": "ES I11 GEO",
    "typ": "EXES",
    "beteckning": "ESAA",
    "plats": "I11 med ",
    "hojd": "GND–UNL",
    "operator": "",
    "gäller_fr": "2026-06-11",
    "kommentar": ""
   }
  },
  {
   "type": "Feature",
   "geometry": {
    "type": "Polygon",
    "coordinates": [
     [
      [
       18.15,
       68.20472222
      ],
      [
       18.66611111,
       68.2
      ],
      [
       16.70944444,
       67.00166667
      ],
      [
       16.21027778,
       66.47361111
      ],
      [
       15.83305556,
       66.05555556
      ],
      [
       15.30833333,
       65.91305556
      ],
      [
       15.03555556,
       66.15361111
      ],
      [
       15.185,
       66.19666667
      ],
      [
       15.33444444,
       66.23972222
      ],
      [
       15.48472222,
       66.2825
      ],
      [
       15.44916667,
       66.36277778
      ],
      [
       15.37722222,
       66.48444444
      ],
      [
       15.45111111,
       66.52388889
      ],
      [
       15.62138889,
       66.59444444
      ],
      [
       15.73555556,
       66.68138889
      ],
      [
       15.76777778,
       66.70583333
      ],
      [
       15.86138889,
       66.77472222
      ],
      [
       15.99361111,
       66.87333333
      ],
      [
       16.03916667,
       66.91222222
      ],
      [
       16.19388889,
       66.98222222
      ],
      [
       16.38777778,
       67.04555556
      ],
      [
       16.4025,
       67.19027778
      ],
      [
       16.40416667,
       67.205
      ],
      [
       16.3,
       67.28166667
      ],
      [
       16.19527778,
       67.35861111
      ],
      [
       16.08972222,
       67.43527778
      ],
      [
       16.15805556,
       67.51916667
      ],
      [
       16.40777778,
       67.53416667
      ],
      [
       16.41333333,
       67.54805556
      ],
      [
       16.495,
       67.59444444
      ],
      [
       16.55638889,
       67.64722222
      ],
      [
       16.63805556,
       67.76694444
      ],
      [
       16.67888889,
       67.82444444
      ],
      [
       16.73222222,
       67.90555556
      ],
      [
       16.73805556,
       67.91416667
      ],
      [
       16.95388889,
       67.98444444
      ],
      [
       17.18055556,
       68.05027778
      ],
      [
       17.19222222,
       68.06444444
      ],
      [
       17.28138889,
       68.11888889
      ],
      [
       17.6,
       68.0525
      ],
      [
       17.66416667,
       68.03666667
      ],
      [
       17.69305556,
       68.02972222
      ],
      [
       17.89388889,
       67.97083333
      ],
      [
       18.01472222,
       68.07416667
      ],
      [
       18.03416667,
       68.09277778
      ],
      [
       18.14777778,
       68.2025
      ],
      [
       18.15,
       68.20472222
      ]
     ]
    ]
   },
   "properties": {
    "lager": "Militär sektor",
    "namn": "ES I12 GEO",
    "typ": "EXES",
    "beteckning": "ESAA",
    "plats": "I12 med ",
    "hojd": "GND–UNL",
    "operator": "",
    "gäller_fr": "2026-06-11",
    "kommentar": ""
   }
  },
  {
   "type": "Feature",
   "geometry": {
    "type": "Polygon",
    "coordinates": [
     [
      [
       12.99638889,
       57.72194444
      ],
      [
       13.12138889,
       57.68444444
      ],
      [
       13.60722222,
       57.53666667
      ],
      [
       14.10527778,
       57.43083333
      ],
      [
       13.76972222,
       57.19333333
      ],
      [
       12.6325,
       57.4875
      ],
      [
       12.87083333,
       57.695
      ],
      [
       12.99638889,
       57.72194444
      ]
     ]
    ]
   },
   "properties": {
    "lager": "Militär sektor",
    "namn": "ES S52",
    "typ": "EXES",
    "beteckning": "ESAA",
    "plats": "S52",
    "hojd": "GND–UNL",
    "operator": "",
    "gäller_fr": "2026-06-11",
    "kommentar": ""
   }
  },
  {
   "type": "Feature",
   "geometry": {
    "type": "Polygon",
    "coordinates": [
     [
      [
       12.6325,
       57.4875
      ],
      [
       13.76972222,
       57.19333333
      ],
      [
       13.51333333,
       57.0075
      ],
      [
       13.09527778,
       56.70361111
      ],
      [
       12.625,
       56.62388889
      ],
      [
       12.47583333,
       57.17138889
      ],
      [
       12.47444444,
       57.21833333
      ],
      [
       12.53277778,
       57.39972222
      ],
      [
       12.6325,
       57.4875
      ]
     ]
    ]
   },
   "properties": {
    "lager": "Militär sektor",
    "namn": "ES S51",
    "typ": "EXES",
    "beteckning": "ESAA",
    "plats": "S51",
    "hojd": "GND–UNL",
    "operator": "",
    "gäller_fr": "2026-06-11",
    "kommentar": ""
   }
  },
  {
   "type": "Feature",
   "geometry": {
    "type": "Polygon",
    "coordinates": [
     [
      [
       21.89777778,
       68.58083333
      ],
      [
       21.90555556,
       68.57694444
      ],
      [
       21.91361111,
       68.57222222
      ],
      [
       21.92833333,
       68.56777778
      ],
      [
       21.93972222,
       68.56055556
      ],
      [
       21.94777778,
       68.55611111
      ],
      [
       21.95444444,
       68.55472222
      ],
      [
       21.97361111,
       68.54861111
      ],
      [
       21.98055556,
       68.54166667
      ],
      [
       21.99222222,
       68.53361111
      ],
      [
       22.00194444,
       68.53472222
      ],
      [
       22.00611111,
       68.53333333
      ],
      [
       22.00861111,
       68.53111111
      ],
      [
       22.00166667,
       68.52555556
      ],
      [
       21.99722222,
       68.52277778
      ],
      [
       22.00555556,
       68.51388889
      ],
      [
       22.01083333,
       68.50222222
      ],
      [
       22.03305556,
       68.48472222
      ],
      [
       22.04472222,
       68.47972222
      ],
      [
       22.06027778,
       68.47944444
      ],
      [
       22.0775,
       68.48166667
      ],
      [
       22.09694444,
       68.48166667
      ],
      [
       22.10333333,
       68.47833333
      ],
      [
       22.11333333,
       68.48222222
      ],
      [
       22.1225,
       68.48111111
      ],
      [
       22.12638889,
       68.4725
      ],
      [
       22.15444444,
       68.47027778
      ],
      [
       22.17638889,
       68.47638889
      ],
      [
       22.18638889,
       68.47916667
      ],
      [
       22.19777778,
       68.47972222
      ],
      [
       22.20472222,
       68.48055556
      ],
      [
       22.22222222,
       68.47305556
      ],
      [
       22.23972222,
       68.47861111
      ],
      [
       22.25472222,
       68.48194444
      ],
      [
       22.27638889,
       68.47888889
      ],
      [
       22.28888889,
       68.48083333
      ],
      [
       22.29638889,
       68.48361111
      ],
      [
       22.31472222,
       68.48111111
      ],
      [
       22.33416667,
       68.48111111
      ],
      [
       22.34972222,
       68.48111111
      ],
      [
       22.345,
       68.47138889
      ],
      [
       22.34972222,
       68.46444444
      ],
      [
       22.34444444,
       68.45861111
      ],
      [
       22.34666667,
       68.4525
      ],
      [
       22.34166667,
       68.44666667
      ],
      [
       22.35583333,
       68.44638889
      ],
      [
       22.37916667,
       68.45583333
      ],
      [
       22.39083333,
       68.46166667
      ],
      [
       22.40222222,
       68.46611111
      ],
      [
       22.40694444,
       68.46666667
      ],
      [
       22.41166667,
       68.46666667
      ],
      [
       22.41972222,
       68.46361111
      ],
      [
       22.42944444,
       68.46472222
      ],
      [
       22.43638889,
       68.46388889
      ],
      [
       22.43833333,
       68.45944444
      ],
      [
       22.44777778,
       68.45444444
      ],
      [
       22.45972222,
       68.44638889
      ],
      [
       22.46666667,
       68.44194444
      ],
      [
       22.47638889,
       68.44305556
      ],
      [
       22.49055556,
       68.44277778
      ],
      [
       22.50972222,
       68.44055556
      ],
      [
       22.51722222,
       68.43833333
      ],
      [
       22.53444444,
       68.43444444
      ],
      [
       22.55222222,
       68.43416667
      ],
      [
       22.56,
       68.43194444
      ],
      [
       22.56222222,
       68.43
      ],
      [
       22.56722222,
       68.42555556
      ],
      [
       22.57638889,
       68.42194444
      ],
      [
       22.58416667,
       68.42361111
      ],
      [
       22.59694444,
       68.42555556
      ],
      [
       22.60833333,
       68.42694444
      ],
      [
       22.61722222,
       68.42805556
      ],
      [
       22.62,
       68.43305556
      ],
      [
       22.63472222,
       68.43472222
      ],
      [
       22.64361111,
       68.43111111
      ],
      [
       22.64305556,
       68.42833333
      ],
      [
       22.64083333,
       68.42444444
      ],
      [
       22.64055556,
       68.42083333
      ],
      [
       22.64944444,
       68.41583333
      ],
      [
       22.66305556,
       68.41333333
      ],
      [
       22.67861111,
       68.41138889
      ],
      [
       22.70194444,
       68.41527778
      ],
      [
       22.69166667,
       68.40666667
      ],
      [
       22.69138889,
       68.40444444
      ],
      [
       22.68611111,
       68.40166667
      ],
      [
       22.69444444,
       68.39916667
      ],
      [
       22.7075,
       68.39805556
      ],
      [
       22.71833333,
       68.39666667
      ],
      [
       22.72611111,
       68.39416667
      ],
      [
       22.72972222,
       68.38972222
      ],
      [
       22.73555556,
       68.385
      ],
      [
       22.75416667,
       68.38472222
      ],
      [
       22.79638889,
       68.39361111
      ],
      [
       22.80194444,
       68.39333333
      ],
      [
       22.81027778,
       68.38972222
      ],
      [
       22.82583333,
       68.38805556
      ],
      [
       22.83833333,
       68.38472222
      ],
      [
       22.84472222,
       68.38194444
      ],
      [
       22.84,
       68.37777778
      ],
      [
       22.83583333,
       68.37277778
      ],
      [
       22.83416667,
       68.36805556
      ],
      [
       22.845,
       68.36166667
      ],
      [
       22.85361111,
       68.36055556
      ],
      [
       22.86,
       68.35916667
      ],
      [
       22.8675,
       68.35583333
      ],
      [
       22.87722222,
       68.35222222
      ],
      [
       22.89194444,
       68.34916667
      ],
      [
       22.9,
       68.34583333
      ],
      [
       22.90694444,
       68.34277778
      ],
      [
       22.90916667,
       68.33722222
      ],
      [
       22.91694444,
       68.33361111
      ],
      [
       22.9275,
       68.33305556
      ],
      [
       22.94388889,
       68.33305556
      ],
      [
       22.96472222,
       68.3325
      ],
      [
       22.97305556,
       68.33083333
      ],
      [
       22.97722222,
       68.32388889
      ],
      [
       22.98694444,
       68.32027778
      ],
      [
       23.00055556,
       68.31666667
      ],
      [
       23.03416667,
       68.3075
      ],
      [
       23.05444444,
       68.30694444
      ],
      [
       23.06583333,
       68.30055556
      ],
      [
       23.06833333,
       68.29555556
      ],
      [
       23.06194444,
       68.28
      ],
      [
       23.06888889,
       68.27638889
      ],
      [
       23.07944444,
       68.26472222
      ],
      [
       23.09083333,
       68.26138889
      ],
      [
       23.10111111,
       68.25833333
      ],
      [
       23.1125,
       68.25194444
      ],
      [
       23.12666667,
       68.24888889
      ],
      [
       23.14166667,
       68.24833333
      ],
      [
       23.14555556,
       68.24166667
      ],
      [
       23.15055556,
       68.23666667
      ],
      [
       23.15277778,
       68.23138889
      ],
      [
       23.14694444,
       68.22416667
      ],
      [
       23.14222222,
       68.21722222
      ],
      [
       23.14527778,
       68.21138889
      ],
      [
       23.14583333,
       68.20527778
      ],
      [
       23.1525,
       68.20055556
      ],
      [
       23.16027778,
       68.19805556
      ],
      [
       23.16138889,
       68.19527778
      ],
      [
       23.14916667,
       68.19055556
      ],
      [
       23.14638889,
       68.18472222
      ],
      [
       23.14111111,
       68.17777778
      ],
      [
       23.14305556,
       68.17055556
      ],
      [
       23.14166667,
       68.16194444
      ],
      [
       23.14138889,
       68.15361111
      ],
      [
       23.14944444,
       68.145
      ],
      [
       23.15805556,
       68.13555556
      ],
      [
       23.17194444,
       68.13388889
      ],
      [
       23.18333333,
       68.1375
      ],
      [
       23.20694444,
       68.1425
      ],
      [
       23.20916667,
       68.145
      ],
      [
       23.2375,
       68.14888889
      ],
      [
       23.24361111,
       68.14861111
      ],
      [
       23.25666667,
       68.15194444
      ],
      [
       23.25833333,
       68.15638889
      ],
      [
       23.27666667,
       68.15694444
      ],
      [
       23.28666667,
       68.15416667
      ],
      [
       23.29361111,
       68.14972222
      ],
      [
       23.30611111,
       68.14888889
      ],
      [
       23.30638889,
       68.14472222
      ],
      [
       23.31555556,
       68.14
      ],
      [
       23.32194444,
       68.13277778
      ],
      [
       23.33027778,
       68.12361111
      ],
      [
       23.32805556,
       68.11583333
      ],
      [
       23.33527778,
       68.10888889
      ],
      [
       23.33722222,
       68.1
      ],
      [
       23.34944444,
       68.09361111
      ],
      [
       23.35833333,
       68.08388889
      ],
      [
       23.36305556,
       68.07611111
      ],
      [
       23.37166667,
       68.06916667
      ],
      [
       23.36972222,
       68.06305556
      ],
      [
       23.38138889,
       68.0575
      ],
      [
       23.38944444,
       68.05388889
      ],
      [
       23.38638889,
       68.04944444
      ],
      [
       23.39833333,
       68.04333333
      ],
      [
       23.42666667,
       68.03861111
      ],
      [
       23.45194444,
       68.03472222
      ],
      [
       23.46638889,
       68.02972222
      ],
      [
       23.46444444,
       68.02555556
      ],
      [
       23.47055556,
       68.01944444
      ],
      [
       22.89777778,
       67.88805556
      ],
      [
       22.83277778,
       68.2
      ],
      [
       20.49111111,
       68.21305556
      ],
      [
       21.89777778,
       68.58083333
      ]
     ]
    ]
   },
   "properties": {
    "lager": "Militär sektor",
    "namn": "ES I23 GEO",
    "typ": "EXES",
    "beteckning": "ESAA",
    "plats": "I23 med ",
    "hojd": "GND–UNL",
    "operator": "",
    "gäller_fr": "2026-06-11",
    "kommentar": ""
   }
  },
  {
   "type": "Feature",
   "geometry": {
    "type": "Polygon",
    "coordinates": [
     [
      [
       19.27361111,
       59.59944444
      ],
      [
       18.96833333,
       59.255
      ],
      [
       18.75472222,
       59.04194444
      ],
      [
       18.67222222,
       58.96194444
      ],
      [
       18.48777778,
       59.12027778
      ],
      [
       18.47972222,
       59.21333333
      ],
      [
       18.69,
       59.40611111
      ],
      [
       18.83611111,
       59.53888889
      ],
      [
       19.27361111,
       59.59944444
      ]
     ]
    ]
   },
   "properties": {
    "lager": "Militär sektor",
    "namn": "ES M91",
    "typ": "EXES",
    "beteckning": "ESAA",
    "plats": "M91",
    "hojd": "GND–UNL",
    "operator": "",
    "gäller_fr": "2026-06-11",
    "kommentar": ""
   }
  },
  {
   "type": "Feature",
   "geometry": {
    "type": "Polygon",
    "coordinates": [
     [
      [
       23.47055556,
       68.01944444
      ],
      [
       23.47611111,
       68.0175
      ],
      [
       23.48972222,
       68.01444444
      ],
      [
       23.51277778,
       68.00972222
      ],
      [
       23.53472222,
       68.00527778
      ],
      [
       23.53666667,
       67.99583333
      ],
      [
       23.55305556,
       67.98055556
      ],
      [
       23.57638889,
       67.97194444
      ],
      [
       23.60638889,
       67.97166667
      ],
      [
       23.61472222,
       67.96916667
      ],
      [
       23.63555556,
       67.96638889
      ],
      [
       23.65222222,
       67.95944444
      ],
      [
       23.65055556,
       67.95222222
      ],
      [
       23.66444444,
       67.94222222
      ],
      [
       23.65083333,
       67.93194444
      ],
      [
       23.64472222,
       67.92583333
      ],
      [
       23.64527778,
       67.91888889
      ],
      [
       23.63833333,
       67.91444444
      ],
      [
       23.62638889,
       67.91138889
      ],
      [
       23.6075,
       67.90555556
      ],
      [
       23.59333333,
       67.90194444
      ],
      [
       23.58083333,
       67.89305556
      ],
      [
       23.55694444,
       67.89777778
      ],
      [
       23.54555556,
       67.89194444
      ],
      [
       23.52055556,
       67.88583333
      ],
      [
       23.50583333,
       67.87833333
      ],
      [
       23.49611111,
       67.865
      ],
      [
       23.48888889,
       67.84722222
      ],
      [
       23.48194444,
       67.83111111
      ],
      [
       23.47361111,
       67.81777778
      ],
      [
       23.47888889,
       67.805
      ],
      [
       23.49333333,
       67.78916667
      ],
      [
       23.48833333,
       67.76916667
      ],
      [
       23.48972222,
       67.75222222
      ],
      [
       23.47638889,
       67.74
      ],
      [
       23.48638889,
       67.73111111
      ],
      [
       23.47805556,
       67.71777778
      ],
      [
       23.47972222,
       67.70305556
      ],
      [
       23.49277778,
       67.69416667
      ],
      [
       23.49722222,
       67.68361111
      ],
      [
       23.49222222,
       67.66805556
      ],
      [
       23.50944444,
       67.65055556
      ],
      [
       23.53,
       67.63861111
      ],
      [
       23.53888889,
       67.62694444
      ],
      [
       23.55555556,
       67.62194444
      ],
      [
       23.54194444,
       67.60722222
      ],
      [
       23.54444444,
       67.58638889
      ],
      [
       23.51361111,
       67.56527778
      ],
      [
       23.48444444,
       67.56722222
      ],
      [
       23.46388889,
       67.565
      ],
      [
       23.46222222,
       67.55361111
      ],
      [
       23.48388889,
       67.53916667
      ],
      [
       23.45555556,
       67.52527778
      ],
      [
       23.43527778,
       67.51111111
      ],
      [
       23.41944444,
       67.50361111
      ],
      [
       23.40583333,
       67.50027778
      ],
      [
       23.39444444,
       67.48694444
      ],
      [
       23.40305556,
       67.47944444
      ],
      [
       23.40722222,
       67.46972222
      ],
      [
       23.43083333,
       67.46472222
      ],
      [
       23.45583333,
       67.45555556
      ],
      [
       23.49638889,
       67.44638889
      ],
      [
       23.52583333,
       67.45277778
      ],
      [
       23.54944444,
       67.46111111
      ],
      [
       23.70055556,
       67.44611111
      ],
      [
       23.76416667,
       67.42944444
      ],
      [
       23.73194444,
       67.39444444
      ],
      [
       23.73222222,
       67.38027778
      ],
      [
       23.75805556,
       67.34833333
      ],
      [
       23.77277778,
       67.33555556
      ],
      [
       23.75694444,
       67.32388889
      ],
      [
       23.745,
       67.3075
      ],
      [
       23.72638889,
       67.285
      ],
      [
       23.64527778,
       67.27694444
      ],
      [
       23.56888889,
       67.26472222
      ],
      [
       23.56666667,
       67.25166667
      ],
      [
       23.55472222,
       67.23194444
      ],
      [
       23.55638889,
       67.22388889
      ],
      [
       23.5925,
       67.21027778
      ],
      [
       23.58805556,
       67.19194444
      ],
      [
       23.5625,
       67.18305556
      ],
      [
       23.555,
       67.16638889
      ],
      [
       23.60583333,
       67.13388889
      ],
      [
       23.65472222,
       67.10277778
      ],
      [
       23.67472222,
       67.06416667
      ],
      [
       23.7575,
       67.00611111
      ],
      [
       23.81527778,
       66.97916667
      ],
      [
       23.85194444,
       66.9575
      ],
      [
       23.86694444,
       66.91722222
      ],
      [
       23.93527778,
       66.88388889
      ],
      [
       23.955,
       66.86111111
      ],
      [
       23.99555556,
       66.82027778
      ],
      [
       23.98388889,
       66.80027778
      ],
      [
       23.97888889,
       66.78527778
      ],
      [
       23.95305556,
       66.78472222
      ],
      [
       23.91416667,
       66.79444444
      ],
      [
       23.91055556,
       66.77527778
      ],
      [
       23.89055556,
       66.76805556
      ],
      [
       23.87861111,
       66.75222222
      ],
      [
       23.90444444,
       66.72361111
      ],
      [
       23.88694444,
       66.67388889
      ],
      [
       23.86972222,
       66.66
      ],
      [
       23.87166667,
       66.62805556
      ],
      [
       23.88333333,
       66.61
      ],
      [
       23.87666667,
       66.57916667
      ],
      [
       23.86083333,
       66.56694444
      ],
      [
       23.85055556,
       66.55555556
      ],
      [
       23.80805556,
       66.54555556
      ],
      [
       23.79416667,
       66.53861111
      ],
      [
       23.79583333,
       66.51861111
      ],
      [
       23.77166667,
       66.51361111
      ],
      [
       23.75055556,
       66.50444444
      ],
      [
       23.72972222,
       66.50666667
      ],
      [
       23.72583333,
       66.49722222
      ],
      [
       23.71916667,
       66.47666667
      ],
      [
       23.68722222,
       66.47166667
      ],
      [
       23.65166667,
       66.45555556
      ],
      [
       23.64416667,
       66.42527778
      ],
      [
       23.67166667,
       66.39638889
      ],
      [
       23.68888889,
       66.38638889
      ],
      [
       23.67333333,
       66.36666667
      ],
      [
       23.66055556,
       66.35472222
      ],
      [
       23.65944444,
       66.3325
      ],
      [
       23.65861111,
       66.3175
      ],
      [
       23.65,
       66.30888889
      ],
      [
       23.66916667,
       66.27666667
      ],
      [
       23.66861111,
       66.26083333
      ],
      [
       23.22944444,
       66.17222222
      ],
      [
       23.10194444,
       66.85
      ],
      [
       22.89777778,
       67.88805556
      ],
      [
       23.47055556,
       68.01944444
      ]
     ]
    ]
   },
   "properties": {
    "lager": "Militär sektor",
    "namn": "ES I22 GEO",
    "typ": "EXES",
    "beteckning": "ESAA",
    "plats": "I22 med ",
    "hojd": "GND–UNL",
    "operator": "",
    "gäller_fr": "2026-06-11",
    "kommentar": ""
   }
  },
  {
   "type": "Feature",
   "geometry": {
    "type": "Polygon",
    "coordinates": [
     [
      [
       18.48777778,
       59.12027778
      ],
      [
       18.67222222,
       58.96194444
      ],
      [
       18.53944444,
       58.8325
      ],
      [
       18.45722222,
       58.7525
      ],
      [
       17.93277778,
       58.58305556
      ],
      [
       17.54916667,
       58.61
      ],
      [
       17.97694444,
       58.76972222
      ],
      [
       18.48777778,
       59.12027778
      ]
     ]
    ]
   },
   "properties": {
    "lager": "Militär sektor",
    "namn": "ES M92",
    "typ": "EXES",
    "beteckning": "ESAA",
    "plats": "M92",
    "hojd": "GND–UNL",
    "operator": "",
    "gäller_fr": "2026-06-11",
    "kommentar": ""
   }
  },
  {
   "type": "Feature",
   "geometry": {
    "type": "Polygon",
    "coordinates": [
     [
      [
       12.10083333,
       63.13055556
      ],
      [
       12.41666667,
       63.11666667
      ],
      [
       12.55027778,
       61.73333333
      ],
      [
       13,
       61.5
      ],
      [
       12.98555556,
       61.33722222
      ],
      [
       12.87083333,
       61.35638889
      ],
      [
       12.66777778,
       61.5
      ],
      [
       12.56916667,
       61.56861111
      ],
      [
       12.49194444,
       61.56777778
      ],
      [
       12.44666667,
       61.56722222
      ],
      [
       12.41944444,
       61.56305556
      ],
      [
       12.36333333,
       61.60027778
      ],
      [
       12.34111111,
       61.61472222
      ],
      [
       12.315,
       61.625
      ],
      [
       12.27555556,
       61.64027778
      ],
      [
       12.19,
       61.69222222
      ],
      [
       12.1375,
       61.72388889
      ],
      [
       12.29944444,
       62.2675
      ],
      [
       12.05611111,
       62.61194444
      ],
      [
       12.13638889,
       62.74805556
      ],
      [
       12.075,
       62.90277778
      ],
      [
       12.21805556,
       63.00027778
      ],
      [
       12.10083333,
       63.13055556
      ]
     ]
    ]
   },
   "properties": {
    "lager": "Militär sektor",
    "namn": "ES I31 GEO",
    "typ": "EXES",
    "beteckning": "ESAA",
    "plats": "I31 med ",
    "hojd": "GND–UNL",
    "operator": "",
    "gäller_fr": "2026-06-11",
    "kommentar": ""
   }
  },
  {
   "type": "Feature",
   "geometry": {
    "type": "Polygon",
    "coordinates": [
     [
      [
       13.70888889,
       64.64333333
      ],
      [
       14.31805556,
       64.55666667
      ],
      [
       14.38305556,
       64.16666667
      ],
      [
       14.13,
       63.9
      ],
      [
       12.85,
       63.9
      ],
      [
       12.59166667,
       63.43277778
      ],
      [
       12.41666667,
       63.11666667
      ],
      [
       12.10083333,
       63.13055556
      ],
      [
       12.02888889,
       63.20972222
      ],
      [
       11.97444444,
       63.26916667
      ],
      [
       12.08416667,
       63.35555556
      ],
      [
       12.21277778,
       63.47861111
      ],
      [
       12.14972222,
       63.59388889
      ],
      [
       12.22722222,
       63.63111111
      ],
      [
       12.29944444,
       63.67194444
      ],
      [
       12.33055556,
       63.715
      ],
      [
       12.35444444,
       63.73194444
      ],
      [
       12.42166667,
       63.77805556
      ],
      [
       12.48027778,
       63.81888889
      ],
      [
       12.53833333,
       63.8625
      ],
      [
       12.65166667,
       63.94944444
      ],
      [
       12.68361111,
       63.97416667
      ],
      [
       12.92666667,
       64.05805556
      ],
      [
       13.21111111,
       64.09527778
      ],
      [
       13.71527778,
       64.04638889
      ],
      [
       13.9675,
       64.00805556
      ],
      [
       14.15722222,
       64.195
      ],
      [
       14.12666667,
       64.38694444
      ],
      [
       14.11888889,
       64.435
      ],
      [
       14.11388889,
       64.4625
      ],
      [
       14.08527778,
       64.47833333
      ],
      [
       14.05527778,
       64.48277778
      ],
      [
       13.89166667,
       64.50722222
      ],
      [
       13.65416667,
       64.58027778
      ],
      [
       13.70888889,
       64.64333333
      ]
     ]
    ]
   },
   "properties": {
    "lager": "Militär sektor",
    "namn": "ES I32 GEO",
    "typ": "EXES",
    "beteckning": "ESAA",
    "plats": "I32 med ",
    "hojd": "GND–UNL",
    "operator": "",
    "gäller_fr": "2026-06-11",
    "kommentar": ""
   }
  },
  {
   "type": "Feature",
   "geometry": {
    "type": "Polygon",
    "coordinates": [
     [
      [
       12.17416667,
       59.88972222
      ],
      [
       12.15527778,
       59.88666667
      ],
      [
       12.12611111,
       59.89416667
      ],
      [
       12.09972222,
       59.89083333
      ],
      [
       12.05333333,
       59.88611111
      ],
      [
       12.02416667,
       59.89111111
      ],
      [
       11.98583333,
       59.89888889
      ],
      [
       11.98416667,
       59.90055556
      ],
      [
       11.94444444,
       59.89055556
      ],
      [
       11.93361111,
       59.88694444
      ],
      [
       11.93111111,
       59.88638889
      ],
      [
       11.9275,
       59.88555556
      ],
      [
       11.92305556,
       59.88333333
      ],
      [
       11.92055556,
       59.88194444
      ],
      [
       11.91972222,
       59.88083333
      ],
      [
       11.92027778,
       59.87777778
      ],
      [
       11.92083333,
       59.87583333
      ],
      [
       11.92027778,
       59.87472222
      ],
      [
       11.91916667,
       59.87388889
      ],
      [
       11.91611111,
       59.87277778
      ],
      [
       11.91138889,
       59.87194444
      ],
      [
       11.90111111,
       59.87194444
      ],
      [
       11.89833333,
       59.87222222
      ],
      [
       11.89722222,
       59.87138889
      ],
      [
       11.89555556,
       59.87111111
      ],
      [
       11.89444444,
       59.87138889
      ],
      [
       11.89361111,
       59.87166667
      ],
      [
       11.89138889,
       59.87194444
      ],
      [
       11.88805556,
       59.87222222
      ],
      [
       11.88555556,
       59.87194444
      ],
      [
       11.88333333,
       59.87111111
      ],
      [
       11.8825,
       59.86972222
      ],
      [
       11.88138889,
       59.86861111
      ],
      [
       11.88055556,
       59.8675
      ],
      [
       11.88138889,
       59.86638889
      ],
      [
       11.88166667,
       59.86583333
      ],
      [
       11.8825,
       59.86472222
      ],
      [
       11.8825,
       59.86333333
      ],
      [
       11.88444444,
       59.86277778
      ],
      [
       11.885,
       59.86166667
      ],
      [
       11.88583333,
       59.86083333
      ],
      [
       11.88666667,
       59.85916667
      ],
      [
       11.88666667,
       59.85833333
      ],
      [
       11.88555556,
       59.85777778
      ],
      [
       11.88416667,
       59.85694444
      ],
      [
       11.88083333,
       59.85472222
      ],
      [
       11.87916667,
       59.85388889
      ],
      [
       11.87722222,
       59.85333333
      ],
      [
       11.875,
       59.8525
      ],
      [
       11.87333333,
       59.85166667
      ],
      [
       11.87111111,
       59.85027778
      ],
      [
       11.86861111,
       59.84944444
      ],
      [
       11.86555556,
       59.84888889
      ],
      [
       11.86305556,
       59.84777778
      ],
      [
       11.86138889,
       59.84722222
      ],
      [
       11.85944444,
       59.84694444
      ],
      [
       11.85833333,
       59.84638889
      ],
      [
       11.85583333,
       59.84527778
      ],
      [
       11.85416667,
       59.84472222
      ],
      [
       11.85222222,
       59.84444444
      ],
      [
       11.85138889,
       59.84444444
      ],
      [
       11.84972222,
       59.84416667
      ],
      [
       11.84666667,
       59.84333333
      ],
      [
       11.84416667,
       59.8425
      ],
      [
       11.84138889,
       59.84194444
      ],
      [
       11.84027778,
       59.84138889
      ],
      [
       11.84166667,
       59.83916667
      ],
      [
       11.84305556,
       59.83722222
      ],
      [
       11.85055556,
       59.8325
      ],
      [
       11.85472222,
       59.83055556
      ],
      [
       11.85861111,
       59.83
      ],
      [
       11.8625,
       59.82972222
      ],
      [
       11.86583333,
       59.82944444
      ],
      [
       11.86888889,
       59.82916667
      ],
      [
       11.87083333,
       59.82888889
      ],
      [
       11.87555556,
       59.82833333
      ],
      [
       11.87888889,
       59.82722222
      ],
      [
       11.88055556,
       59.82638889
      ],
      [
       11.88333333,
       59.82527778
      ],
      [
       11.88527778,
       59.82444444
      ],
      [
       11.88722222,
       59.82333333
      ],
      [
       11.89,
       59.82138889
      ],
      [
       11.89361111,
       59.81722222
      ],
      [
       11.895,
       59.81638889
      ],
      [
       11.89694444,
       59.81472222
      ],
      [
       11.89944444,
       59.81361111
      ],
      [
       11.90138889,
       59.81305556
      ],
      [
       11.90305556,
       59.81222222
      ],
      [
       11.90472222,
       59.81138889
      ],
      [
       11.90472222,
       59.81
      ],
      [
       11.90611111,
       59.80638889
      ],
      [
       11.90722222,
       59.80444444
      ],
      [
       11.90916667,
       59.80333333
      ],
      [
       11.91111111,
       59.80138889
      ],
      [
       11.91472222,
       59.79944444
      ],
      [
       11.91805556,
       59.79777778
      ],
      [
       11.92083333,
       59.79611111
      ],
      [
       11.92166667,
       59.79583333
      ],
      [
       11.92361111,
       59.79527778
      ],
      [
       11.925,
       59.79416667
      ],
      [
       11.92555556,
       59.79333333
      ],
      [
       11.92638889,
       59.79027778
      ],
      [
       11.92611111,
       59.78527778
      ],
      [
       11.92694444,
       59.78194444
      ],
      [
       11.92805556,
       59.77888889
      ],
      [
       11.93055556,
       59.77444444
      ],
      [
       11.93055556,
       59.77277778
      ],
      [
       11.93111111,
       59.77083333
      ],
      [
       11.93222222,
       59.76888889
      ],
      [
       11.93222222,
       59.76694444
      ],
      [
       11.93194444,
       59.76472222
      ],
      [
       11.93166667,
       59.76305556
      ],
      [
       11.93,
       59.7625
      ],
      [
       11.92944444,
       59.76194444
      ],
      [
       11.92972222,
       59.76138889
      ],
      [
       11.93194444,
       59.76083333
      ],
      [
       11.93277778,
       59.76027778
      ],
      [
       11.9325,
       59.75916667
      ],
      [
       11.92777778,
       59.75527778
      ],
      [
       11.92555556,
       59.75361111
      ],
      [
       11.92527778,
       59.7525
      ],
      [
       11.92472222,
       59.75138889
      ],
      [
       11.92444444,
       59.74944444
      ],
      [
       11.92555556,
       59.74694444
      ],
      [
       11.92722222,
       59.74416667
      ],
      [
       11.92861111,
       59.7425
      ],
      [
       11.93,
       59.74166667
      ],
      [
       11.9325,
       59.74055556
      ],
      [
       11.93361111,
       59.73916667
      ],
      [
       11.93361111,
       59.7375
      ],
      [
       11.93277778,
       59.735
      ],
      [
       11.93305556,
       59.73416667
      ],
      [
       11.93361111,
       59.73333333
      ],
      [
       11.93361111,
       59.73277778
      ],
      [
       11.93361111,
       59.73166667
      ],
      [
       11.93333333,
       59.73111111
      ],
      [
       11.93361111,
       59.73027778
      ],
      [
       11.93527778,
       59.72972222
      ],
      [
       11.93722222,
       59.72916667
      ],
      [
       11.93944444,
       59.72916667
      ],
      [
       11.94027778,
       59.72777778
      ],
      [
       11.93888889,
       59.72694444
      ],
      [
       11.93722222,
       59.72666667
      ],
      [
       11.93694444,
       59.72583333
      ],
      [
       11.93694444,
       59.72388889
      ],
      [
       11.93694444,
       59.71833333
      ],
      [
       11.93666667,
       59.71611111
      ],
      [
       11.93666667,
       59.715
      ],
      [
       11.93666667,
       59.71416667
      ],
      [
       11.93583333,
       59.71305556
      ],
      [
       11.93444444,
       59.71166667
      ],
      [
       11.93444444,
       59.71083333
      ],
      [
       11.93611111,
       59.71
      ],
      [
       11.93777778,
       59.70916667
      ],
      [
       11.93777778,
       59.70833333
      ],
      [
       11.93777778,
       59.70694444
      ],
      [
       11.93833333,
       59.70555556
      ],
      [
       11.93833333,
       59.70388889
      ],
      [
       11.9375,
       59.70194444
      ],
      [
       11.93833333,
       59.70027778
      ],
      [
       11.94055556,
       59.7
      ],
      [
       11.94194444,
       59.70055556
      ],
      [
       11.94361111,
       59.70027778
      ],
      [
       11.94388889,
       59.69944444
      ],
      [
       11.94305556,
       59.69861111
      ],
      [
       11.94166667,
       59.69777778
      ],
      [
       11.94083333,
       59.69694444
      ],
      [
       11.94111111,
       59.69583333
      ],
      [
       11.94027778,
       59.69472222
      ],
      [
       11.93138889,
       59.69444444
      ],
      [
       11.88916667,
       59.69333333
      ],
      [
       11.87833333,
       59.68305556
      ],
      [
       11.87527778,
       59.6725
      ],
      [
       11.87027778,
       59.6625
      ],
      [
       11.8625,
       59.65277778
      ],
      [
       11.85583333,
       59.64833333
      ],
      [
       11.78111111,
       59.64305556
      ],
      [
       11.72055556,
       59.62555556
      ],
      [
       11.71666667,
       59.6225
      ],
      [
       11.69805556,
       59.60888889
      ],
      [
       11.69111111,
       59.58944444
      ],
      [
       11.72861111,
       59.51111111
      ],
      [
       11.74555556,
       59.49305556
      ],
      [
       11.75305556,
       59.47944444
      ],
      [
       11.75833333,
       59.46583333
      ],
      [
       11.76,
       59.45805556
      ],
      [
       11.76111111,
       59.42861111
      ],
      [
       11.77416667,
       59.41416667
      ],
      [
       11.7775,
       59.39833333
      ],
      [
       11.78,
       59.38638889
      ],
      [
       11.79194444,
       59.37416667
      ],
      [
       11.79,
       59.37111111
      ],
      [
       11.80805556,
       59.35416667
      ],
      [
       11.81611111,
       59.34472222
      ],
      [
       11.81805556,
       59.33277778
      ],
      [
       11.82166667,
       59.31166667
      ],
      [
       11.82111111,
       59.30277778
      ],
      [
       11.82138889,
       59.30138889
      ],
      [
       11.83,
       59.24111111
      ],
      [
       11.82944444,
       59.23916667
      ],
      [
       11.82638889,
       59.23777778
      ],
      [
       11.81194444,
       59.23194444
      ],
      [
       11.80111111,
       59.22555556
      ],
      [
       11.79944444,
       59.22388889
      ],
      [
       11.79805556,
       59.22111111
      ],
      [
       11.79638889,
       59.21944444
      ],
      [
       11.78888889,
       59.21416667
      ],
      [
       11.78555556,
       59.21138889
      ],
      [
       11.78305556,
       59.20666667
      ],
      [
       11.78305556,
       59.20361111
      ],
      [
       11.78305556,
       59.19888889
      ],
      [
       11.78305556,
       59.19583333
      ],
      [
       11.78166667,
       59.19305556
      ],
      [
       11.77472222,
       59.17055556
      ],
      [
       11.77805556,
       59.13611111
      ],
      [
       11.76944444,
       59.12666667
      ],
      [
       11.76361111,
       59.11472222
      ],
      [
       11.76666667,
       59.11444444
      ],
      [
       11.76805556,
       59.11388889
      ],
      [
       11.76833333,
       59.11305556
      ],
      [
       11.76888889,
       59.11194444
      ],
      [
       11.76944444,
       59.11111111
      ],
      [
       11.77166667,
       59.11027778
      ],
      [
       11.77361111,
       59.10944444
      ],
      [
       11.775,
       59.1075
      ],
      [
       11.77611111,
       59.105
      ],
      [
       11.77666667,
       59.10305556
      ],
      [
       11.77805556,
       59.10166667
      ],
      [
       11.78,
       59.10027778
      ],
      [
       11.78,
       59.09916667
      ],
      [
       11.78027778,
       59.09861111
      ],
      [
       11.77888889,
       59.09777778
      ],
      [
       11.77722222,
       59.09666667
      ],
      [
       11.77722222,
       59.09611111
      ],
      [
       11.77694444,
       59.09444444
      ],
      [
       11.77694444,
       59.09194444
      ],
      [
       11.77722222,
       59.08972222
      ],
      [
       11.77611111,
       59.08805556
      ],
      [
       11.775,
       59.08638889
      ],
      [
       11.77333333,
       59.08555556
      ],
      [
       11.77166667,
       59.08527778
      ],
      [
       11.77083333,
       59.08444444
      ],
      [
       11.76833333,
       59.0825
      ],
      [
       11.76333333,
       59.07861111
      ],
      [
       11.75805556,
       59.07472222
      ],
      [
       11.75194444,
       59.07027778
      ],
      [
       11.74916667,
       59.06722222
      ],
      [
       11.74416667,
       59.06083333
      ],
      [
       11.74111111,
       59.05527778
      ],
      [
       11.73888889,
       59.05333333
      ],
      [
       11.73638889,
       59.05111111
      ],
      [
       11.735,
       59.05
      ],
      [
       11.73388889,
       59.04916667
      ],
      [
       11.73111111,
       59.0475
      ],
      [
       11.72888889,
       59.04583333
      ],
      [
       11.7275,
       59.04444444
      ],
      [
       11.72444444,
       59.0425
      ],
      [
       11.72222222,
       59.04083333
      ],
      [
       11.72055556,
       59.03861111
      ],
      [
       11.71055556,
       59.03361111
      ],
      [
       11.70361111,
       59.01138889
      ],
      [
       11.70194444,
       59.00138889
      ],
      [
       11.69805556,
       58.99944444
      ],
      [
       11.69444444,
       58.99805556
      ],
      [
       11.69444444,
       58.99666667
      ],
      [
       11.69333333,
       58.99611111
      ],
      [
       11.69277778,
       58.99388889
      ],
      [
       11.69194444,
       58.99277778
      ],
      [
       11.68972222,
       58.99166667
      ],
      [
       11.68694444,
       58.99
      ],
      [
       11.68611111,
       58.98972222
      ],
      [
       11.685,
       58.98888889
      ],
      [
       11.68472222,
       58.98777778
      ],
      [
       11.69055556,
       58.98555556
      ],
      [
       11.69138889,
       58.98555556
      ],
      [
       11.69194444,
       58.985
      ],
      [
       11.69222222,
       58.98444444
      ],
      [
       11.69194444,
       58.98361111
      ],
      [
       11.69166667,
       58.9825
      ],
      [
       11.69166667,
       58.98138889
      ],
      [
       11.69222222,
       58.98055556
      ],
      [
       11.69277778,
       58.97916667
      ],
      [
       11.69305556,
       58.97722222
      ],
      [
       11.69166667,
       58.97694444
      ],
      [
       11.69,
       58.97694444
      ],
      [
       11.68805556,
       58.97638889
      ],
      [
       11.68666667,
       58.97555556
      ],
      [
       11.68583333,
       58.97416667
      ],
      [
       11.68638889,
       58.97305556
      ],
      [
       11.68805556,
       58.97277778
      ],
      [
       11.68888889,
       58.97166667
      ],
      [
       11.6875,
       58.96305556
      ],
      [
       11.68805556,
       58.95916667
      ],
      [
       11.68805556,
       58.95722222
      ],
      [
       11.6875,
       58.95527778
      ],
      [
       11.68416667,
       58.95333333
      ],
      [
       11.68222222,
       58.95194444
      ],
      [
       11.68166667,
       58.95083333
      ],
      [
       11.68166667,
       58.94944444
      ],
      [
       11.68194444,
       58.94777778
      ],
      [
       11.68138889,
       58.94611111
      ],
      [
       11.67972222,
       58.94555556
      ],
      [
       11.6775,
       58.94444444
      ],
      [
       11.67555556,
       58.94277778
      ],
      [
       11.67472222,
       58.94138889
      ],
      [
       11.67472222,
       58.94
      ],
      [
       11.67555556,
       58.9375
      ],
      [
       11.67583333,
       58.935
      ],
      [
       11.67083333,
       58.93472222
      ],
      [
       11.66638889,
       58.93472222
      ],
      [
       11.66333333,
       58.93416667
      ],
      [
       11.66027778,
       58.93305556
      ],
      [
       11.65972222,
       58.93166667
      ],
      [
       11.65916667,
       58.92972222
      ],
      [
       11.66,
       58.92777778
      ],
      [
       11.65694444,
       58.92666667
      ],
      [
       11.65638889,
       58.92583333
      ],
      [
       11.65611111,
       58.92472222
      ],
      [
       11.65666667,
       58.92194444
      ],
      [
       11.65194444,
       58.90611111
      ],
      [
       11.63138889,
       58.90833333
      ],
      [
       11.60111111,
       58.895
      ],
      [
       11.59055556,
       58.89083333
      ],
      [
       11.58805556,
       58.89222222
      ],
      [
       11.58611111,
       58.89416667
      ],
      [
       11.585,
       58.89416667
      ],
      [
       11.58333333,
       58.89416667
      ],
      [
       11.58277778,
       58.89444444
      ],
      [
       11.58166667,
       58.89527778
      ],
      [
       11.58055556,
       58.89611111
      ],
      [
       11.57888889,
       58.89722222
      ],
      [
       11.57833333,
       58.89722222
      ],
      [
       11.5775,
       58.89694444
      ],
      [
       11.57722222,
       58.89611111
      ],
      [
       11.57666667,
       58.89388889
      ],
      [
       11.57527778,
       58.89166667
      ],
      [
       11.57416667,
       58.89
      ],
      [
       11.57388889,
       58.88888889
      ],
      [
       11.57277778,
       58.88805556
      ],
      [
       11.57055556,
       58.88833333
      ],
      [
       11.56972222,
       58.88861111
      ],
      [
       11.56972222,
       58.88916667
      ],
      [
       11.56777778,
       58.89027778
      ],
      [
       11.56555556,
       58.89166667
      ],
      [
       11.56527778,
       58.89222222
      ],
      [
       11.56472222,
       58.89277778
      ],
      [
       11.56361111,
       58.89361111
      ],
      [
       11.56277778,
       58.89444444
      ],
      [
       11.56194444,
       58.89611111
      ],
      [
       11.55833333,
       58.8975
      ],
      [
       11.55722222,
       58.89833333
      ],
      [
       11.55666667,
       58.89861111
      ],
      [
       11.55583333,
       58.89861111
      ],
      [
       11.5525,
       58.89805556
      ],
      [
       11.55194444,
       58.8975
      ],
      [
       11.55027778,
       58.89694444
      ],
      [
       11.54888889,
       58.89555556
      ],
      [
       11.54777778,
       58.89527778
      ],
      [
       11.54583333,
       58.89361111
      ],
      [
       11.54583333,
       58.89222222
      ],
      [
       11.54416667,
       58.89027778
      ],
      [
       11.5425,
       58.88805556
      ],
      [
       11.54055556,
       58.8875
      ],
      [
       11.53916667,
       58.88611111
      ],
      [
       11.53805556,
       58.88555556
      ],
      [
       11.53694444,
       58.88555556
      ],
      [
       11.53611111,
       58.88527778
      ],
      [
       11.53555556,
       58.88472222
      ],
      [
       11.5375,
       58.88388889
      ],
      [
       11.53861111,
       58.88277778
      ],
      [
       11.53916667,
       58.88194444
      ],
      [
       11.53888889,
       58.88055556
      ],
      [
       11.53861111,
       58.87888889
      ],
      [
       11.53777778,
       58.87805556
      ],
      [
       11.535,
       58.87833333
      ],
      [
       11.53416667,
       58.87861111
      ],
      [
       11.53305556,
       58.87861111
      ],
      [
       11.53194444,
       58.87833333
      ],
      [
       11.53111111,
       58.87805556
      ],
      [
       11.52861111,
       58.8775
      ],
      [
       11.52555556,
       58.87777778
      ],
      [
       11.52472222,
       58.87805556
      ],
      [
       11.52277778,
       58.87861111
      ],
      [
       11.51972222,
       58.87888889
      ],
      [
       11.5175,
       58.87972222
      ],
      [
       11.5175,
       58.88111111
      ],
      [
       11.51694444,
       58.88138889
      ],
      [
       11.51583333,
       58.88138889
      ],
      [
       11.51444444,
       58.88222222
      ],
      [
       11.51,
       58.88527778
      ],
      [
       11.50166667,
       58.88888889
      ],
      [
       11.49777778,
       58.88888889
      ],
      [
       11.49472222,
       58.88861111
      ],
      [
       11.4925,
       58.88888889
      ],
      [
       11.48944444,
       58.89
      ],
      [
       11.48583333,
       58.89111111
      ],
      [
       11.48305556,
       58.89138889
      ],
      [
       11.46361111,
       58.88972222
      ],
      [
       11.4575,
       58.88833333
      ],
      [
       11.45611111,
       58.88972222
      ],
      [
       11.45638889,
       58.91666667
      ],
      [
       11.46361111,
       58.93333333
      ],
      [
       11.45972222,
       58.9525
      ],
      [
       11.4625,
       58.97305556
      ],
      [
       11.45388889,
       58.98555556
      ],
      [
       11.46472222,
       58.99111111
      ],
      [
       11.4575,
       58.99833333
      ],
      [
       11.45305556,
       59.00277778
      ],
      [
       11.44,
       59.01611111
      ],
      [
       11.43027778,
       59.02861111
      ],
      [
       11.4275,
       59.03
      ],
      [
       11.41944444,
       59.03611111
      ],
      [
       11.41833333,
       59.03722222
      ],
      [
       11.415,
       59.03944444
      ],
      [
       11.41333333,
       59.04083333
      ],
      [
       11.40194444,
       59.05777778
      ],
      [
       11.3925,
       59.07277778
      ],
      [
       11.37111111,
       59.09583333
      ],
      [
       11.36694444,
       59.09916667
      ],
      [
       11.36194444,
       59.10194444
      ],
      [
       11.34305556,
       59.11361111
      ],
      [
       11.33972222,
       59.11444444
      ],
      [
       11.33611111,
       59.11388889
      ],
      [
       11.32305556,
       59.11111111
      ],
      [
       11.3025,
       59.10611111
      ],
      [
       11.29611111,
       59.10277778
      ],
      [
       11.28888889,
       59.09944444
      ],
      [
       11.28611111,
       59.09888889
      ],
      [
       11.26861111,
       59.09777778
      ],
      [
       11.25972222,
       59.09666667
      ],
      [
       11.24805556,
       59.09361111
      ],
      [
       11.24,
       59.09111111
      ],
      [
       11.22777778,
       59.08805556
      ],
      [
       11.22055556,
       59.08694444
      ],
      [
       11.15611111,
       59.07916667
      ],
      [
       11.15333333,
       59.0775
      ],
      [
       11.11944444,
       59.01861111
      ],
      [
       11.11722222,
       59.01361111
      ],
      [
       11.1125,
       59.00972222
      ],
      [
       11.09138889,
       58.99055556
      ],
      [
       11.08166667,
       58.98555556
      ],
      [
       11.08083333,
       58.98527778
      ],
      [
       11.07166667,
       58.98027778
      ],
      [
       11.06666667,
       58.9775
      ],
      [
       11.06361111,
       58.97611111
      ],
      [
       11.05916667,
       58.975
      ],
      [
       11.05638889,
       58.97472222
      ],
      [
       11.04611111,
       58.9725
      ],
      [
       11.03111111,
       58.96944444
      ],
      [
       10.9925,
       58.96194444
      ],
      [
       10.98388889,
       58.96027778
      ],
      [
       10.92555556,
       58.94444444
      ],
      [
       10.91694444,
       58.9425
      ],
      [
       10.75555556,
       58.91388889
      ],
      [
       10.63888889,
       58.89222222
      ],
      [
       10.55472222,
       58.65111111
      ],
      [
       10.6875,
       58.67222222
      ],
      [
       10.77611111,
       58.71166667
      ],
      [
       10.80166667,
       58.81166667
      ],
      [
       11.21777778,
       58.85027778
      ],
      [
       11.29944444,
       58.78305556
      ],
      [
       11.38083333,
       58.75472222
      ],
      [
       11.56416667,
       58.74111111
      ],
      [
       11.65111111,
       58.75555556
      ],
      [
       12.07194444,
       58.92
      ],
      [
       12.19027778,
       59.64305556
      ],
      [
       12.35888889,
       59.74
      ],
      [
       12.32222222,
       59.75
      ],
      [
       12.17416667,
       59.88972222
      ]
     ]
    ]
   },
   "properties": {
    "lager": "Militär sektor",
    "namn": "ES I51 GEO",
    "typ": "EXES",
    "beteckning": "ESAA",
    "plats": "I51 med ",
    "hojd": "GND–UNL",
    "operator": "",
    "gäller_fr": "2026-06-11",
    "kommentar": ""
   }
  },
  {
   "type": "Feature",
   "geometry": {
    "type": "Polygon",
    "coordinates": [
     [
      [
       12.87083333,
       61.35638889
      ],
      [
       12.98555556,
       61.33722222
      ],
      [
       12.89472222,
       60.25555556
      ],
      [
       12.62527778,
       59.89138889
      ],
      [
       12.35888889,
       59.74
      ],
      [
       12.32222222,
       59.75
      ],
      [
       12.17416667,
       59.88972222
      ],
      [
       12.23111111,
       59.9275
      ],
      [
       12.34111111,
       59.96555556
      ],
      [
       12.39555556,
       60.01555556
      ],
      [
       12.42472222,
       60.02666667
      ],
      [
       12.44861111,
       60.03916667
      ],
      [
       12.44972222,
       60.04027778
      ],
      [
       12.48027778,
       60.07305556
      ],
      [
       12.4975,
       60.095
      ],
      [
       12.50222222,
       60.10388889
      ],
      [
       12.50555556,
       60.11027778
      ],
      [
       12.54194444,
       60.19333333
      ],
      [
       12.525,
       60.22361111
      ],
      [
       12.52,
       60.2375
      ],
      [
       12.50444444,
       60.28111111
      ],
      [
       12.50416667,
       60.28277778
      ],
      [
       12.49888889,
       60.32361111
      ],
      [
       12.53555556,
       60.3425
      ],
      [
       12.54777778,
       60.34972222
      ],
      [
       12.60611111,
       60.40583333
      ],
      [
       12.60638889,
       60.44166667
      ],
      [
       12.60666667,
       60.50055556
      ],
      [
       12.60694444,
       60.51277778
      ],
      [
       12.58194444,
       60.55083333
      ],
      [
       12.51583333,
       60.60027778
      ],
      [
       12.51111111,
       60.6425
      ],
      [
       12.46111111,
       60.68527778
      ],
      [
       12.39527778,
       60.73388889
      ],
      [
       12.34944444,
       60.81777778
      ],
      [
       12.33444444,
       60.85222222
      ],
      [
       12.33361111,
       60.86916667
      ],
      [
       12.33305556,
       60.88083333
      ],
      [
       12.33333333,
       60.89055556
      ],
      [
       12.22388889,
       61.01305556
      ],
      [
       12.23972222,
       61.01888889
      ],
      [
       12.25472222,
       61.02166667
      ],
      [
       12.4475,
       61.05083333
      ],
      [
       12.4875,
       61.05166667
      ],
      [
       12.54083333,
       61.04916667
      ],
      [
       12.6125,
       61.04694444
      ],
      [
       12.6575,
       61.05277778
      ],
      [
       12.67,
       61.05611111
      ],
      [
       12.67111111,
       61.05638889
      ],
      [
       12.6825,
       61.06111111
      ],
      [
       12.70694444,
       61.14333333
      ],
      [
       12.79027778,
       61.19694444
      ],
      [
       12.79777778,
       61.20777778
      ],
      [
       12.83388889,
       61.25833333
      ],
      [
       12.87083333,
       61.35638889
      ]
     ]
    ]
   },
   "properties": {
    "lager": "Militär sektor",
    "namn": "ES I52 GEO",
    "typ": "EXES",
    "beteckning": "ESAA",
    "plats": "I52 med ",
    "hojd": "GND–UNL",
    "operator": "",
    "gäller_fr": "2026-06-11",
    "kommentar": ""
   }
  },
  {
   "type": "Feature",
   "geometry": {
    "type": "Polygon",
    "coordinates": [
     [
      [
       19.82888889,
       59.67305556
      ],
      [
       19.94055556,
       59.595
      ],
      [
       19.94222222,
       59.595
      ],
      [
       19.98666667,
       59.56333333
      ],
      [
       20.34638889,
       59.36638889
      ],
      [
       20.22944444,
       59.38277778
      ],
      [
       19.68583333,
       59.65472222
      ],
      [
       19.82888889,
       59.67305556
      ]
     ]
    ]
   },
   "properties": {
    "lager": "Militär sektor",
    "namn": "ES I61",
    "typ": "EXES",
    "beteckning": "ESAA",
    "plats": "I61",
    "hojd": "GND–UNL",
    "operator": "",
    "gäller_fr": "2026-06-11",
    "kommentar": ""
   }
  },
  {
   "type": "Feature",
   "geometry": {
    "type": "Polygon",
    "coordinates": [
     [
      [
       19.61583333,
       59.82166667
      ],
      [
       19.82888889,
       59.67305556
      ],
      [
       19.68583333,
       59.65472222
      ],
      [
       19.66305556,
       59.66611111
      ],
      [
       19.48333333,
       59.80277778
      ],
      [
       19.61583333,
       59.82166667
      ]
     ]
    ]
   },
   "properties": {
    "lager": "Militär sektor",
    "namn": "ES I62",
    "typ": "EXES",
    "beteckning": "ESAA",
    "plats": "I62",
    "hojd": "GND–UNL",
    "operator": "",
    "gäller_fr": "2026-06-11",
    "kommentar": ""
   }
  },
  {
   "type": "Feature",
   "geometry": {
    "type": "Polygon",
    "coordinates": [
     [
      [
       18.55472222,
       60.26611111
      ],
      [
       18.66916667,
       60.25972222
      ],
      [
       19.08333333,
       60.19166667
      ],
      [
       19.61583333,
       59.82166667
      ],
      [
       19.48333333,
       59.80277778
      ],
      [
       18.96166667,
       59.72944444
      ],
      [
       18.55472222,
       60.26611111
      ]
     ]
    ]
   },
   "properties": {
    "lager": "Militär sektor",
    "namn": "ES I63",
    "typ": "EXES",
    "beteckning": "ESAA",
    "plats": "I63",
    "hojd": "GND–UNL",
    "operator": "",
    "gäller_fr": "2026-06-11",
    "kommentar": ""
   }
  },
  {
   "type": "Feature",
   "geometry": {
    "type": "Polygon",
    "coordinates": [
     [
      [
       19.23888889,
       60.71388889
      ],
      [
       19.13222222,
       60.30055556
      ],
      [
       19.08333333,
       60.19166667
      ],
      [
       18.66916667,
       60.25972222
      ],
      [
       19.01972222,
       60.33194444
      ],
      [
       19.05277778,
       60.56388889
      ],
      [
       19.23888889,
       60.71388889
      ]
     ]
    ]
   },
   "properties": {
    "lager": "Militär sektor",
    "namn": "ES I64",
    "typ": "EXES",
    "beteckning": "ESAA",
    "plats": "I64",
    "hojd": "GND–UNL",
    "operator": "",
    "gäller_fr": "2026-06-11",
    "kommentar": ""
   }
  },
  {
   "type": "Feature",
   "geometry": {
    "type": "Polygon",
    "coordinates": [
     [
      [
       14.87861111,
       55.60333333
      ],
      [
       14.81027778,
       55.46527778
      ],
      [
       14.52666667,
       55.28
      ],
      [
       14.34305556,
       55.14388889
      ],
      [
       14.32861111,
       55.1075
      ],
      [
       14.3375,
       55.05111111
      ],
      [
       14.36777778,
       55.00138889
      ],
      [
       14.41,
       54.96305556
      ],
      [
       14.51666667,
       54.91
      ],
      [
       14.61055556,
       54.87416667
      ],
      [
       14.82472222,
       54.81916667
      ],
      [
       14.87944444,
       54.81
      ],
      [
       14.79972222,
       54.8
      ],
      [
       14.67805556,
       54.80111111
      ],
      [
       14.56083333,
       54.82055556
      ],
      [
       14.45611111,
       54.85638889
      ],
      [
       14.40416667,
       54.88611111
      ],
      [
       14.3575,
       54.91666667
      ],
      [
       13,
       54.91666667
      ],
      [
       13.00027778,
       55
      ],
      [
       14.16694444,
       55
      ],
      [
       14.16666667,
       55.12611111
      ],
      [
       14.16666667,
       55.17583333
      ],
      [
       14.30777778,
       55.29055556
      ],
      [
       14.69305556,
       55.59972222
      ],
      [
       14.87861111,
       55.60333333
      ]
     ]
    ]
   },
   "properties": {
    "lager": "Militär sektor",
    "namn": "ES I81",
    "typ": "EXES",
    "beteckning": "ESAA",
    "plats": "I81",
    "hojd": "GND–UNL",
    "operator": "",
    "gäller_fr": "2026-06-11",
    "kommentar": ""
   }
  },
  {
   "type": "Feature",
   "geometry": {
    "type": "Polygon",
    "coordinates": [
     [
      [
       15.44111111,
       55.61416667
      ],
      [
       15.61666667,
       55.48666667
      ],
      [
       15.66833333,
       55.30916667
      ],
      [
       15.57555556,
       54.91666667
      ],
      [
       15.42277778,
       54.91666667
      ],
      [
       15.44861111,
       54.9425
      ],
      [
       15.49222222,
       55.02083333
      ],
      [
       15.50777778,
       55.06861111
      ],
      [
       15.50694444,
       55.14583333
      ],
      [
       15.48888889,
       55.19861111
      ],
      [
       15.53583333,
       55.26055556
      ],
      [
       15.55111111,
       55.31694444
      ],
      [
       15.54333333,
       55.36111111
      ],
      [
       15.51722222,
       55.40527778
      ],
      [
       15.47222222,
       55.44611111
      ],
      [
       15.41361111,
       55.48055556
      ],
      [
       15.34222222,
       55.50861111
      ],
      [
       15.25944444,
       55.52666667
      ],
      [
       15.17472222,
       55.5325
      ],
      [
       15.09027778,
       55.52666667
      ],
      [
       15.01277778,
       55.51027778
      ],
      [
       14.93694444,
       55.48055556
      ],
      [
       14.85333333,
       55.49361111
      ],
      [
       14.81027778,
       55.46527778
      ],
      [
       14.87861111,
       55.60333333
      ],
      [
       15.44111111,
       55.61416667
      ]
     ]
    ]
   },
   "properties": {
    "lager": "Militär sektor",
    "namn": "ES I82",
    "typ": "EXES",
    "beteckning": "ESAA",
    "plats": "I82",
    "hojd": "GND–UNL",
    "operator": "",
    "gäller_fr": "2026-06-11",
    "kommentar": ""
   }
  },
  {
   "type": "Feature",
   "geometry": {
    "type": "Polygon",
    "coordinates": [
     [
      [
       13.09527778,
       56.70361111
      ],
      [
       13.91222222,
       56.22111111
      ],
      [
       14.39694444,
       56.21527778
      ],
      [
       14.32194444,
       55.82166667
      ],
      [
       14.29472222,
       55.6775
      ],
      [
       14.01861111,
       55.62611111
      ],
      [
       13.80166667,
       55.70444444
      ],
      [
       13.78888889,
       55.43888889
      ],
      [
       13.51861111,
       55.35611111
      ],
      [
       13.39611111,
       55.34472222
      ],
      [
       13.34222222,
       55.34
      ],
      [
       13.16694444,
       55.37222222
      ],
      [
       12.99888889,
       55.24944444
      ],
      [
       13.00027778,
       55
      ],
      [
       13,
       54.91666667
      ],
      [
       12.9,
       54.91666667
      ],
      [
       12.90833333,
       54.95277778
      ],
      [
       12.90833333,
       54.99444444
      ],
      [
       12.855,
       55.11055556
      ],
      [
       12.74166667,
       55.13444444
      ],
      [
       12.64083333,
       55.33666667
      ],
      [
       12.61222222,
       55.43194444
      ],
      [
       12.64388889,
       55.44916667
      ],
      [
       12.71555556,
       55.48861111
      ],
      [
       12.71805556,
       55.49833333
      ],
      [
       12.73,
       55.54027778
      ],
      [
       12.88194444,
       55.61361111
      ],
      [
       12.89583333,
       55.64361111
      ],
      [
       12.87777778,
       55.66388889
      ],
      [
       12.84722222,
       55.69861111
      ],
      [
       12.75944444,
       55.78
      ],
      [
       12.70916667,
       55.82638889
      ],
      [
       12.70055556,
       55.83333333
      ],
      [
       12.7,
       55.83416667
      ],
      [
       12.69972222,
       55.83472222
      ],
      [
       12.69888889,
       55.83583333
      ],
      [
       12.69805556,
       55.83694444
      ],
      [
       12.6975,
       55.83888889
      ],
      [
       12.68916667,
       55.86972222
      ],
      [
       12.68888889,
       55.87111111
      ],
      [
       12.68833333,
       55.8725
      ],
      [
       12.6875,
       55.87388889
      ],
      [
       12.68638889,
       55.87583333
      ],
      [
       12.68527778,
       55.87777778
      ],
      [
       12.68416667,
       55.87972222
      ],
      [
       12.68333333,
       55.88194444
      ],
      [
       12.68222222,
       55.88444444
      ],
      [
       12.67972222,
       55.88916667
      ],
      [
       12.67916667,
       55.89055556
      ],
      [
       12.67861111,
       55.89166667
      ],
      [
       12.67833333,
       55.89194444
      ],
      [
       12.67833333,
       55.89222222
      ],
      [
       12.6775,
       55.89305556
      ],
      [
       12.67527778,
       55.89527778
      ],
      [
       12.67333333,
       55.89722222
      ],
      [
       12.67138889,
       55.89861111
      ],
      [
       12.66833333,
       55.90111111
      ],
      [
       12.66583333,
       55.90305556
      ],
      [
       12.66444444,
       55.90444444
      ],
      [
       12.66222222,
       55.90638889
      ],
      [
       12.66138889,
       55.9075
      ],
      [
       12.66,
       55.90861111
      ],
      [
       12.65888889,
       55.91
      ],
      [
       12.6575,
       55.91138889
      ],
      [
       12.65638889,
       55.91277778
      ],
      [
       12.655,
       55.91416667
      ],
      [
       12.65416667,
       55.915
      ],
      [
       12.65361111,
       55.91583333
      ],
      [
       12.65277778,
       55.91722222
      ],
      [
       12.65194444,
       55.91833333
      ],
      [
       12.65111111,
       55.91944444
      ],
      [
       12.65055556,
       55.92
      ],
      [
       12.64944444,
       55.92111111
      ],
      [
       12.64888889,
       55.92166667
      ],
      [
       12.64833333,
       55.92222222
      ],
      [
       12.64722222,
       55.92361111
      ],
      [
       12.64666667,
       55.92416667
      ],
      [
       12.64638889,
       55.92444444
      ],
      [
       12.64611111,
       55.92527778
      ],
      [
       12.64583333,
       55.92555556
      ],
      [
       12.64555556,
       55.92611111
      ],
      [
       12.64555556,
       55.92638889
      ],
      [
       12.64555556,
       55.92722222
      ],
      [
       12.64583333,
       55.93083333
      ],
      [
       12.64694444,
       55.93944444
      ],
      [
       12.64777778,
       55.94833333
      ],
      [
       12.64861111,
       55.95277778
      ],
      [
       12.64944444,
       55.95888889
      ],
      [
       12.64944444,
       55.96333333
      ],
      [
       12.64972222,
       55.96555556
      ],
      [
       12.65027778,
       55.96777778
      ],
      [
       12.65027778,
       55.96861111
      ],
      [
       12.65027778,
       55.96972222
      ],
      [
       12.65055556,
       55.97111111
      ],
      [
       12.65083333,
       55.97777778
      ],
      [
       12.65083333,
       55.98027778
      ],
      [
       12.65166667,
       55.98833333
      ],
      [
       12.6525,
       55.99666667
      ],
      [
       12.6525,
       56.00027778
      ],
      [
       12.6525,
       56.00138889
      ],
      [
       12.6525,
       56.0075
      ],
      [
       12.6525,
       56.01111111
      ],
      [
       12.65277778,
       56.0125
      ],
      [
       12.65333333,
       56.01527778
      ],
      [
       12.65388889,
       56.0175
      ],
      [
       12.65472222,
       56.01972222
      ],
      [
       12.655,
       56.02222222
      ],
      [
       12.65555556,
       56.02444444
      ],
      [
       12.65583333,
       56.02611111
      ],
      [
       12.65583333,
       56.02666667
      ],
      [
       12.65583333,
       56.02888889
      ],
      [
       12.65611111,
       56.03055556
      ],
      [
       12.65611111,
       56.03138889
      ],
      [
       12.65611111,
       56.03277778
      ],
      [
       12.65611111,
       56.03333333
      ],
      [
       12.65611111,
       56.03444444
      ],
      [
       12.65611111,
       56.03527778
      ],
      [
       12.65611111,
       56.03583333
      ],
      [
       12.65611111,
       56.03638889
      ],
      [
       12.65583333,
       56.03722222
      ],
      [
       12.65583333,
       56.03805556
      ],
      [
       12.65555556,
       56.03861111
      ],
      [
       12.65555556,
       56.03944444
      ],
      [
       12.65527778,
       56.04027778
      ],
      [
       12.65527778,
       56.04111111
      ],
      [
       12.65472222,
       56.04166667
      ],
      [
       12.65472222,
       56.04222222
      ],
      [
       12.65444444,
       56.0425
      ],
      [
       12.65388889,
       56.04333333
      ],
      [
       12.65333333,
       56.04444444
      ],
      [
       12.6525,
       56.04583333
      ],
      [
       12.65138889,
       56.04722222
      ],
      [
       12.65055556,
       56.04833333
      ],
      [
       12.64888889,
       56.05027778
      ],
      [
       12.6475,
       56.05166667
      ],
      [
       12.64638889,
       56.05333333
      ],
      [
       12.64583333,
       56.05416667
      ],
      [
       12.645,
       56.055
      ],
      [
       12.64472222,
       56.05555556
      ],
      [
       12.64416667,
       56.05583333
      ],
      [
       12.64388889,
       56.05611111
      ],
      [
       12.64305556,
       56.05666667
      ],
      [
       12.64222222,
       56.0575
      ],
      [
       12.64138889,
       56.05777778
      ],
      [
       12.64027778,
       56.05833333
      ],
      [
       12.63916667,
       56.05916667
      ],
      [
       12.63805556,
       56.05944444
      ],
      [
       12.63666667,
       56.06
      ],
      [
       12.63583333,
       56.06055556
      ],
      [
       12.63444444,
       56.06111111
      ],
      [
       12.63333333,
       56.06166667
      ],
      [
       12.63166667,
       56.06222222
      ],
      [
       12.63027778,
       56.06277778
      ],
      [
       12.62916667,
       56.06361111
      ],
      [
       12.62777778,
       56.06444444
      ],
      [
       12.62722222,
       56.06472222
      ],
      [
       12.62638889,
       56.06527778
      ],
      [
       12.62472222,
       56.06638889
      ],
      [
       12.62305556,
       56.0675
      ],
      [
       12.62111111,
       56.06861111
      ],
      [
       12.61944444,
       56.06944444
      ],
      [
       12.6175,
       56.07083333
      ],
      [
       12.615,
       56.07222222
      ],
      [
       12.61305556,
       56.07361111
      ],
      [
       12.61027778,
       56.07527778
      ],
      [
       12.60611111,
       56.0775
      ],
      [
       12.60166667,
       56.08027778
      ],
      [
       12.59722222,
       56.08305556
      ],
      [
       12.59472222,
       56.085
      ],
      [
       12.59277778,
       56.08611111
      ],
      [
       12.59194444,
       56.08694444
      ],
      [
       12.59055556,
       56.08777778
      ],
      [
       12.58777778,
       56.08944444
      ],
      [
       12.58638889,
       56.09027778
      ],
      [
       12.58416667,
       56.09138889
      ],
      [
       12.57361111,
       56.09722222
      ],
      [
       12.55777778,
       56.10555556
      ],
      [
       12.54305556,
       56.11305556
      ],
      [
       12.53972222,
       56.11472222
      ],
      [
       12.53944444,
       56.115
      ],
      [
       12.53833333,
       56.11555556
      ],
      [
       12.53638889,
       56.11638889
      ],
      [
       12.53472222,
       56.11722222
      ],
      [
       12.53277778,
       56.11777778
      ],
      [
       12.52916667,
       56.11944444
      ],
      [
       12.52,
       56.12333333
      ],
      [
       12.50777778,
       56.12833333
      ],
      [
       12.50305556,
       56.13027778
      ],
      [
       12.50027778,
       56.13138889
      ],
      [
       12.49611111,
       56.13361111
      ],
      [
       12.49166667,
       56.13583333
      ],
      [
       12.48805556,
       56.1375
      ],
      [
       12.48388889,
       56.14
      ],
      [
       12.48055556,
       56.14166667
      ],
      [
       12.47861111,
       56.14277778
      ],
      [
       12.47666667,
       56.14361111
      ],
      [
       12.47527778,
       56.14444444
      ],
      [
       12.47416667,
       56.14472222
      ],
      [
       12.47305556,
       56.14527778
      ],
      [
       12.47,
       56.14638889
      ],
      [
       12.36805556,
       56.21472222
      ],
      [
       12.235,
       56.38805556
      ],
      [
       12.44166667,
       56.30527778
      ],
      [
       12.44277778,
       56.38666667
      ],
      [
       12.56833333,
       56.55083333
      ],
      [
       12.625,
       56.62388889
      ],
      [
       13.09527778,
       56.70361111
      ]
     ]
    ]
   },
   "properties": {
    "lager": "Militär sektor",
    "namn": "ES C1 GEO",
    "typ": "EXES",
    "beteckning": "ESAA",
    "plats": "C1 med ",
    "hojd": "GND–UNL",
    "operator": "",
    "gäller_fr": "2026-06-11",
    "kommentar": ""
   }
  },
  {
   "type": "Feature",
   "geometry": {
    "type": "Polygon",
    "coordinates": [
     [
      [
       18.21305556,
       60.29944444
      ],
      [
       17.74666667,
       59.24944444
      ],
      [
       17.40777778,
       58.96611111
      ],
      [
       17.22333333,
       58.97861111
      ],
      [
       16.70777778,
       59.01194444
      ],
      [
       16.51361111,
       59.02888889
      ],
      [
       16.26777778,
       59.04944444
      ],
      [
       16.28111111,
       59.12194444
      ],
      [
       16.31833333,
       59.32388889
      ],
      [
       16.37972222,
       59.52888889
      ],
      [
       16.44666667,
       59.74944444
      ],
      [
       16.84777778,
       59.92083333
      ],
      [
       17.30166667,
       60.11111111
      ],
      [
       17.59666667,
       60.23277778
      ],
      [
       17.82805556,
       60.25805556
      ],
      [
       18.21305556,
       60.29944444
      ]
     ]
    ]
   },
   "properties": {
    "lager": "Militär sektor",
    "namn": "ES A11",
    "typ": "EXES",
    "beteckning": "ESAA",
    "plats": "A11",
    "hojd": "GND–UNL",
    "operator": "",
    "gäller_fr": "2026-06-11",
    "kommentar": ""
   }
  },
  {
   "type": "Feature",
   "geometry": {
    "type": "Polygon",
    "coordinates": [
     [
      [
       18.21305556,
       60.29944444
      ],
      [
       18.55472222,
       60.26611111
      ],
      [
       18.96166667,
       59.72944444
      ],
      [
       18.99638889,
       59.68277778
      ],
      [
       18.83611111,
       59.53888889
      ],
      [
       18.69,
       59.40611111
      ],
      [
       18.47972222,
       59.21333333
      ],
      [
       18.48777778,
       59.12027778
      ],
      [
       17.97694444,
       58.76972222
      ],
      [
       17.54916667,
       58.61
      ],
      [
       17.45694444,
       58.61638889
      ],
      [
       17.40777778,
       58.96611111
      ],
      [
       17.74666667,
       59.24944444
      ],
      [
       18.21305556,
       60.29944444
      ]
     ]
    ]
   },
   "properties": {
    "lager": "Militär sektor",
    "namn": "ES A12",
    "typ": "EXES",
    "beteckning": "ESAA",
    "plats": "A12",
    "hojd": "GND–UNL",
    "operator": "",
    "gäller_fr": "2026-06-11",
    "kommentar": ""
   }
  },
  {
   "type": "Feature",
   "geometry": {
    "type": "Polygon",
    "coordinates": [
     [
      [
       11.9975,
       58.29972222
      ],
      [
       11.99833333,
       57.92194444
      ],
      [
       12.11694444,
       57.3425
      ],
      [
       12.16222222,
       57.2875
      ],
      [
       11.58277778,
       57.21361111
      ],
      [
       11.14055556,
       57.75138889
      ],
      [
       11.45027778,
       58.12777778
      ],
      [
       11.67861111,
       58.26944444
      ],
      [
       11.9975,
       58.29972222
      ]
     ]
    ]
   },
   "properties": {
    "lager": "Militär sektor",
    "namn": "ES B11",
    "typ": "EXES",
    "beteckning": "ESAA",
    "plats": "B11",
    "hojd": "GND–UNL",
    "operator": "",
    "gäller_fr": "2026-06-11",
    "kommentar": ""
   }
  },
  {
   "type": "Feature",
   "geometry": {
    "type": "Polygon",
    "coordinates": [
     [
      [
       11.9975,
       58.29972222
      ],
      [
       12.24861111,
       58.17055556
      ],
      [
       12.35388889,
       58.11638889
      ],
      [
       12.785,
       58.10805556
      ],
      [
       13.12916667,
       58.10027778
      ],
      [
       13.27694444,
       58.09694444
      ],
      [
       13.26555556,
       58.04555556
      ],
      [
       13.24,
       57.94
      ],
      [
       12.99638889,
       57.72194444
      ],
      [
       12.87083333,
       57.695
      ],
      [
       12.6325,
       57.4875
      ],
      [
       12.53277778,
       57.39972222
      ],
      [
       12.44722222,
       57.32388889
      ],
      [
       12.16222222,
       57.2875
      ],
      [
       12.11694444,
       57.3425
      ],
      [
       11.99833333,
       57.92194444
      ],
      [
       11.9975,
       58.29972222
      ]
     ]
    ]
   },
   "properties": {
    "lager": "Militär sektor",
    "namn": "ES B12",
    "typ": "EXES",
    "beteckning": "ESAA",
    "plats": "B12",
    "hojd": "GND–UNL",
    "operator": "",
    "gäller_fr": "2026-06-11",
    "kommentar": ""
   }
  },
  {
   "type": "Feature",
   "geometry": {
    "type": "Polygon",
    "coordinates": [
     [
      [
       13.09527778,
       56.70361111
      ],
      [
       13.91222222,
       56.22111111
      ],
      [
       13.72416667,
       56.01
      ],
      [
       13.52083333,
       55.91444444
      ],
      [
       13.11,
       55.81583333
      ],
      [
       13.11555556,
       55.73277778
      ],
      [
       12.86555556,
       55.97611111
      ],
      [
       12.80777778,
       56.19666667
      ],
      [
       12.44277778,
       56.38666667
      ],
      [
       12.56833333,
       56.55083333
      ],
      [
       12.625,
       56.62388889
      ],
      [
       13.09527778,
       56.70361111
      ]
     ]
    ]
   },
   "properties": {
    "lager": "Militär sektor",
    "namn": "ES C11",
    "typ": "EXES",
    "beteckning": "ESAA",
    "plats": "C11",
    "hojd": "GND–UNL",
    "operator": "",
    "gäller_fr": "2026-06-11",
    "kommentar": ""
   }
  },
  {
   "type": "Feature",
   "geometry": {
    "type": "Polygon",
    "coordinates": [
     [
      [
       13.76972222,
       57.19333333
      ],
      [
       14.76027778,
       56.95444444
      ],
      [
       14.45305556,
       56.74138889
      ],
      [
       13.92277778,
       56.34166667
      ],
      [
       13.91222222,
       56.22111111
      ],
      [
       13.09527778,
       56.70361111
      ],
      [
       13.51333333,
       57.0075
      ],
      [
       13.76972222,
       57.19333333
      ]
     ]
    ]
   },
   "properties": {
    "lager": "Militär sektor",
    "namn": "ES L31",
    "typ": "EXES",
    "beteckning": "ESAA",
    "plats": "L31",
    "hojd": "GND–UNL",
    "operator": "",
    "gäller_fr": "2026-06-11",
    "kommentar": ""
   }
  },
  {
   "type": "Feature",
   "geometry": {
    "type": "Polygon",
    "coordinates": [
     [
      [
       14.10527778,
       57.43083333
      ],
      [
       14.62861111,
       57.2275
      ],
      [
       15.07416667,
       57.16916667
      ],
      [
       15.0025,
       57.11777778
      ],
      [
       14.76027778,
       56.95444444
      ],
      [
       13.76972222,
       57.19333333
      ],
      [
       14.10527778,
       57.43083333
      ]
     ]
    ]
   },
   "properties": {
    "lager": "Militär sektor",
    "namn": "ES L32",
    "typ": "EXES",
    "beteckning": "ESAA",
    "plats": "L32",
    "hojd": "GND–UNL",
    "operator": "",
    "gäller_fr": "2026-06-11",
    "kommentar": ""
   }
  },
  {
   "type": "Feature",
   "geometry": {
    "type": "Polygon",
    "coordinates": [
     [
      [
       18.64972222,
       56.8725
      ],
      [
       18.69833333,
       56.43888889
      ],
      [
       17.05333333,
       55.58111111
      ],
      [
       16.51277778,
       55.97333333
      ],
      [
       18.64972222,
       56.8725
      ]
     ]
    ]
   },
   "properties": {
    "lager": "Militär sektor",
    "namn": "ES S14",
    "typ": "EXES",
    "beteckning": "ESAA",
    "plats": "S14",
    "hojd": "GND–UNL",
    "operator": "",
    "gäller_fr": "2026-06-11",
    "kommentar": ""
   }
  },
  {
   "type": "Feature",
   "geometry": {
    "type": "Polygon",
    "coordinates": [
     [
      [
       18.56055556,
       57.33194444
      ],
      [
       18.64972222,
       56.8725
      ],
      [
       16.51277778,
       55.97333333
      ],
      [
       15.86638889,
       56.42861111
      ],
      [
       16.33694444,
       56.60472222
      ],
      [
       16.77194444,
       56.86666667
      ],
      [
       17.78638889,
       57.11888889
      ],
      [
       18.56055556,
       57.33194444
      ]
     ]
    ]
   },
   "properties": {
    "lager": "Militär sektor",
    "namn": "ES S15",
    "typ": "EXES",
    "beteckning": "ESAA",
    "plats": "S15",
    "hojd": "GND–UNL",
    "operator": "",
    "gäller_fr": "2026-06-11",
    "kommentar": ""
   }
  },
  {
   "type": "Feature",
   "geometry": {
    "type": "Polygon",
    "coordinates": [
     [
      [
       20.06416667,
       57.41722222
      ],
      [
       19.83333333,
       57
      ],
      [
       18.69833333,
       56.43888889
      ],
      [
       18.64972222,
       56.8725
      ],
      [
       20.06416667,
       57.41722222
      ]
     ]
    ]
   },
   "properties": {
    "lager": "Militär sektor",
    "namn": "ES S16",
    "typ": "EXES",
    "beteckning": "ESAA",
    "plats": "S16",
    "hojd": "GND–UNL",
    "operator": "",
    "gäller_fr": "2026-06-11",
    "kommentar": ""
   }
  },
  {
   "type": "Feature",
   "geometry": {
    "type": "Polygon",
    "coordinates": [
     [
      [
       12.235,
       56.38805556
      ],
      [
       12.44166667,
       56.30527778
      ],
      [
       12.44277778,
       56.38666667
      ],
      [
       12.80777778,
       56.19666667
      ],
      [
       12.86555556,
       55.97611111
      ],
      [
       13.11555556,
       55.73277778
      ],
      [
       12.99888889,
       55.24944444
      ],
      [
       13.00027778,
       55
      ],
      [
       13,
       54.91666667
      ],
      [
       12.9,
       54.91666667
      ],
      [
       12.90833333,
       54.95277778
      ],
      [
       12.90833333,
       54.99444444
      ],
      [
       12.855,
       55.11055556
      ],
      [
       12.74166667,
       55.13444444
      ],
      [
       12.64083333,
       55.33666667
      ],
      [
       12.61222222,
       55.43194444
      ],
      [
       12.64388889,
       55.44916667
      ],
      [
       12.71555556,
       55.48861111
      ],
      [
       12.71805556,
       55.49833333
      ],
      [
       12.73,
       55.54027778
      ],
      [
       12.88194444,
       55.61361111
      ],
      [
       12.89583333,
       55.64361111
      ],
      [
       12.87777778,
       55.66388889
      ],
      [
       12.84722222,
       55.69861111
      ],
      [
       12.75944444,
       55.78
      ],
      [
       12.70916667,
       55.82638889
      ],
      [
       12.70055556,
       55.83333333
      ],
      [
       12.7,
       55.83416667
      ],
      [
       12.69972222,
       55.83472222
      ],
      [
       12.69888889,
       55.83583333
      ],
      [
       12.69805556,
       55.83694444
      ],
      [
       12.6975,
       55.83888889
      ],
      [
       12.68916667,
       55.86972222
      ],
      [
       12.68888889,
       55.87111111
      ],
      [
       12.68833333,
       55.8725
      ],
      [
       12.6875,
       55.87388889
      ],
      [
       12.68638889,
       55.87583333
      ],
      [
       12.68527778,
       55.87777778
      ],
      [
       12.68416667,
       55.87972222
      ],
      [
       12.68333333,
       55.88194444
      ],
      [
       12.68222222,
       55.88444444
      ],
      [
       12.67972222,
       55.88916667
      ],
      [
       12.67916667,
       55.89055556
      ],
      [
       12.67861111,
       55.89166667
      ],
      [
       12.67833333,
       55.89194444
      ],
      [
       12.67833333,
       55.89222222
      ],
      [
       12.6775,
       55.89305556
      ],
      [
       12.67527778,
       55.89527778
      ],
      [
       12.67333333,
       55.89722222
      ],
      [
       12.67138889,
       55.89861111
      ],
      [
       12.66833333,
       55.90111111
      ],
      [
       12.66583333,
       55.90305556
      ],
      [
       12.66444444,
       55.90444444
      ],
      [
       12.66222222,
       55.90638889
      ],
      [
       12.66138889,
       55.9075
      ],
      [
       12.66,
       55.90861111
      ],
      [
       12.65888889,
       55.91
      ],
      [
       12.6575,
       55.91138889
      ],
      [
       12.65638889,
       55.91277778
      ],
      [
       12.655,
       55.91416667
      ],
      [
       12.65416667,
       55.915
      ],
      [
       12.65361111,
       55.91583333
      ],
      [
       12.65277778,
       55.91722222
      ],
      [
       12.65194444,
       55.91833333
      ],
      [
       12.65111111,
       55.91944444
      ],
      [
       12.65055556,
       55.92
      ],
      [
       12.64944444,
       55.92111111
      ],
      [
       12.64888889,
       55.92166667
      ],
      [
       12.64833333,
       55.92222222
      ],
      [
       12.64722222,
       55.92361111
      ],
      [
       12.64666667,
       55.92416667
      ],
      [
       12.64638889,
       55.92444444
      ],
      [
       12.64611111,
       55.92527778
      ],
      [
       12.64583333,
       55.92555556
      ],
      [
       12.64555556,
       55.92611111
      ],
      [
       12.64555556,
       55.92638889
      ],
      [
       12.64555556,
       55.92722222
      ],
      [
       12.64583333,
       55.93083333
      ],
      [
       12.64694444,
       55.93944444
      ],
      [
       12.64777778,
       55.94833333
      ],
      [
       12.64861111,
       55.95277778
      ],
      [
       12.64944444,
       55.95888889
      ],
      [
       12.64944444,
       55.96333333
      ],
      [
       12.64972222,
       55.96555556
      ],
      [
       12.65027778,
       55.96777778
      ],
      [
       12.65027778,
       55.96861111
      ],
      [
       12.65027778,
       55.96972222
      ],
      [
       12.65055556,
       55.97111111
      ],
      [
       12.65083333,
       55.97777778
      ],
      [
       12.65083333,
       55.98027778
      ],
      [
       12.65166667,
       55.98833333
      ],
      [
       12.6525,
       55.99666667
      ],
      [
       12.6525,
       56.00027778
      ],
      [
       12.6525,
       56.00138889
      ],
      [
       12.6525,
       56.0075
      ],
      [
       12.6525,
       56.01111111
      ],
      [
       12.65277778,
       56.0125
      ],
      [
       12.65333333,
       56.01527778
      ],
      [
       12.65388889,
       56.0175
      ],
      [
       12.65472222,
       56.01972222
      ],
      [
       12.655,
       56.02222222
      ],
      [
       12.65555556,
       56.02444444
      ],
      [
       12.65583333,
       56.02611111
      ],
      [
       12.65583333,
       56.02666667
      ],
      [
       12.65583333,
       56.02888889
      ],
      [
       12.65611111,
       56.03055556
      ],
      [
       12.65611111,
       56.03138889
      ],
      [
       12.65611111,
       56.03277778
      ],
      [
       12.65611111,
       56.03333333
      ],
      [
       12.65611111,
       56.03444444
      ],
      [
       12.65611111,
       56.03527778
      ],
      [
       12.65611111,
       56.03583333
      ],
      [
       12.65611111,
       56.03638889
      ],
      [
       12.65583333,
       56.03722222
      ],
      [
       12.65583333,
       56.03805556
      ],
      [
       12.65555556,
       56.03861111
      ],
      [
       12.65555556,
       56.03944444
      ],
      [
       12.65527778,
       56.04027778
      ],
      [
       12.65527778,
       56.04111111
      ],
      [
       12.65472222,
       56.04166667
      ],
      [
       12.65472222,
       56.04222222
      ],
      [
       12.65444444,
       56.0425
      ],
      [
       12.65388889,
       56.04333333
      ],
      [
       12.65333333,
       56.04444444
      ],
      [
       12.6525,
       56.04583333
      ],
      [
       12.65138889,
       56.04722222
      ],
      [
       12.65055556,
       56.04833333
      ],
      [
       12.64888889,
       56.05027778
      ],
      [
       12.6475,
       56.05166667
      ],
      [
       12.64638889,
       56.05333333
      ],
      [
       12.64583333,
       56.05416667
      ],
      [
       12.645,
       56.055
      ],
      [
       12.64472222,
       56.05555556
      ],
      [
       12.64416667,
       56.05583333
      ],
      [
       12.64388889,
       56.05611111
      ],
      [
       12.64305556,
       56.05666667
      ],
      [
       12.64222222,
       56.0575
      ],
      [
       12.64138889,
       56.05777778
      ],
      [
       12.64027778,
       56.05833333
      ],
      [
       12.63916667,
       56.05916667
      ],
      [
       12.63805556,
       56.05944444
      ],
      [
       12.63666667,
       56.06
      ],
      [
       12.63583333,
       56.06055556
      ],
      [
       12.63444444,
       56.06111111
      ],
      [
       12.63333333,
       56.06166667
      ],
      [
       12.63166667,
       56.06222222
      ],
      [
       12.63027778,
       56.06277778
      ],
      [
       12.62916667,
       56.06361111
      ],
      [
       12.62777778,
       56.06444444
      ],
      [
       12.62722222,
       56.06472222
      ],
      [
       12.62638889,
       56.06527778
      ],
      [
       12.62472222,
       56.06638889
      ],
      [
       12.62305556,
       56.0675
      ],
      [
       12.62111111,
       56.06861111
      ],
      [
       12.61944444,
       56.06944444
      ],
      [
       12.6175,
       56.07083333
      ],
      [
       12.615,
       56.07222222
      ],
      [
       12.61305556,
       56.07361111
      ],
      [
       12.61027778,
       56.07527778
      ],
      [
       12.60611111,
       56.0775
      ],
      [
       12.60166667,
       56.08027778
      ],
      [
       12.59722222,
       56.08305556
      ],
      [
       12.59472222,
       56.085
      ],
      [
       12.59277778,
       56.08611111
      ],
      [
       12.59194444,
       56.08694444
      ],
      [
       12.59055556,
       56.08777778
      ],
      [
       12.58777778,
       56.08944444
      ],
      [
       12.58638889,
       56.09027778
      ],
      [
       12.58416667,
       56.09138889
      ],
      [
       12.57361111,
       56.09722222
      ],
      [
       12.55777778,
       56.10555556
      ],
      [
       12.54305556,
       56.11305556
      ],
      [
       12.53972222,
       56.11472222
      ],
      [
       12.53944444,
       56.115
      ],
      [
       12.53833333,
       56.11555556
      ],
      [
       12.53638889,
       56.11638889
      ],
      [
       12.53472222,
       56.11722222
      ],
      [
       12.53277778,
       56.11777778
      ],
      [
       12.52916667,
       56.11944444
      ],
      [
       12.52,
       56.12333333
      ],
      [
       12.50777778,
       56.12833333
      ],
      [
       12.50305556,
       56.13027778
      ],
      [
       12.50027778,
       56.13138889
      ],
      [
       12.49611111,
       56.13361111
      ],
      [
       12.49166667,
       56.13583333
      ],
      [
       12.48805556,
       56.1375
      ],
      [
       12.48388889,
       56.14
      ],
      [
       12.48055556,
       56.14166667
      ],
      [
       12.47861111,
       56.14277778
      ],
      [
       12.47666667,
       56.14361111
      ],
      [
       12.47527778,
       56.14444444
      ],
      [
       12.47416667,
       56.14472222
      ],
      [
       12.47305556,
       56.14527778
      ],
      [
       12.47,
       56.14638889
      ],
      [
       12.36805556,
       56.21472222
      ],
      [
       12.235,
       56.38805556
      ]
     ]
    ]
   },
   "properties": {
    "lager": "Militär sektor",
    "namn": "ES C12 GEO",
    "typ": "EXES",
    "beteckning": "ESAA",
    "plats": "C12 med ",
    "hojd": "GND–UNL",
    "operator": "",
    "gäller_fr": "2026-06-11",
    "kommentar": ""
   }
  },
  {
   "type": "Feature",
   "geometry": {
    "type": "Polygon",
    "coordinates": [
     [
      [
       13.91222222,
       56.22111111
      ],
      [
       14.39694444,
       56.21527778
      ],
      [
       14.32194444,
       55.82166667
      ],
      [
       14.29472222,
       55.6775
      ],
      [
       14.01861111,
       55.62611111
      ],
      [
       13.80166667,
       55.70444444
      ],
      [
       13.78888889,
       55.43888889
      ],
      [
       13.51861111,
       55.35611111
      ],
      [
       13.39611111,
       55.34472222
      ],
      [
       13.34222222,
       55.34
      ],
      [
       13.16694444,
       55.37222222
      ],
      [
       12.99888889,
       55.24944444
      ],
      [
       13.11555556,
       55.73277778
      ],
      [
       13.11,
       55.81583333
      ],
      [
       13.52083333,
       55.91444444
      ],
      [
       13.72416667,
       56.01
      ],
      [
       13.91222222,
       56.22111111
      ]
     ]
    ]
   },
   "properties": {
    "lager": "Militär sektor",
    "namn": "ES C13",
    "typ": "EXES",
    "beteckning": "ESAA",
    "plats": "C13",
    "hojd": "GND–UNL",
    "operator": "",
    "gäller_fr": "2026-06-11",
    "kommentar": ""
   }
  },
  {
   "type": "Feature",
   "geometry": {
    "type": "Polygon",
    "coordinates": [
     [
      [
       20.27472222,
       57.78416667
      ],
      [
       20.06416667,
       57.41722222
      ],
      [
       18.64972222,
       56.8725
      ],
      [
       18.56055556,
       57.33194444
      ],
      [
       20.27472222,
       57.78416667
      ]
     ]
    ]
   },
   "properties": {
    "lager": "Militär sektor",
    "namn": "ES S17",
    "typ": "EXES",
    "beteckning": "ESAA",
    "plats": "S17",
    "hojd": "GND–UNL",
    "operator": "",
    "gäller_fr": "2026-06-11",
    "kommentar": ""
   }
  },
  {
   "type": "Feature",
   "geometry": {
    "type": "Polygon",
    "coordinates": [
     [
      [
       20.05,
       66.87416667
      ],
      [
       20.53416667,
       66.60777778
      ],
      [
       20.98333333,
       66.35388889
      ],
      [
       20.32194444,
       66.16472222
      ],
      [
       20.06472222,
       66.30888889
      ],
      [
       19.38305556,
       66.68111111
      ],
      [
       20.05,
       66.87416667
      ]
     ]
    ]
   },
   "properties": {
    "lager": "Militär TMA/CTR",
    "namn": "ESNJ JOKKMOKK TMA",
    "typ": "EXES",
    "beteckning": "ESAA",
    "plats": "JOKKMOKK TMA",
    "hojd": "GND",
    "operator": "",
    "gäller_fr": "2026-06-11",
    "kommentar": ""
   }
  },
  {
   "type": "Feature",
   "geometry": {
    "type": "Polygon",
    "coordinates": [
     [
      [
       20.05,
       66.87416667
      ],
      [
       20.53416667,
       66.60777778
      ],
      [
       20.32916667,
       66.54944444
      ],
      [
       20.40777778,
       66.40777778
      ],
      [
       20.27305556,
       66.36916667
      ],
      [
       20.06472222,
       66.30888889
      ],
      [
       19.38305556,
       66.68111111
      ],
      [
       20.05,
       66.87416667
      ]
     ]
    ]
   },
   "properties": {
    "lager": "Militär sektor",
    "namn": "ESNJ JOKKMOKK TMAA",
    "typ": "EXES",
    "beteckning": "ESAA",
    "plats": "Jokkmokk TMA a",
    "hojd": "2600–FL 95",
    "operator": "",
    "gäller_fr": "2026-06-11",
    "kommentar": "C"
   }
  },
  {
   "type": "Feature",
   "geometry": {
    "type": "Polygon",
    "coordinates": [
     [
      [
       20.53416667,
       66.60777778
      ],
      [
       20.98333333,
       66.35388889
      ],
      [
       20.32194444,
       66.16472222
      ],
      [
       20.06472222,
       66.30888889
      ],
      [
       20.27305556,
       66.36916667
      ],
      [
       20.40777778,
       66.40777778
      ],
      [
       20.32916667,
       66.54944444
      ],
      [
       20.53416667,
       66.60777778
      ]
     ]
    ]
   },
   "properties": {
    "lager": "Militär sektor",
    "namn": "ESNJ JOKKMOKK TMAB",
    "typ": "EXES",
    "beteckning": "ESAA",
    "plats": "Jokkmokk TMA b",
    "hojd": "2300–FL 95",
    "operator": "",
    "gäller_fr": "2026-06-11",
    "kommentar": "C"
   }
  },
  {
   "type": "Feature",
   "geometry": {
    "type": "Polygon",
    "coordinates": [
     [
      [
       14.84777778,
       59.23388889
      ],
      [
       15.31888889,
       59.08055556
      ],
      [
       15.59055556,
       59.05416667
      ],
      [
       14.92055556,
       58.77416667
      ],
      [
       14.79666667,
       58.82833333
      ],
      [
       14.62055556,
       58.90472222
      ],
      [
       14.31972222,
       59.03388889
      ],
      [
       14.49361111,
       59.10055556
      ],
      [
       14.84777778,
       59.23388889
      ]
     ]
    ]
   },
   "properties": {
    "lager": "Militär sektor",
    "namn": "ES K53",
    "typ": "EXES",
    "beteckning": "ESAA",
    "plats": "K53",
    "hojd": "GND–UNL",
    "operator": "",
    "gäller_fr": "2026-06-11",
    "kommentar": ""
   }
  },
  {
   "type": "Feature",
   "geometry": {
    "type": "Polygon",
    "coordinates": [
     [
      [
       16.28111111,
       59.12194444
      ],
      [
       16.26777778,
       59.04944444
      ],
      [
       15.59055556,
       59.05416667
      ],
      [
       15.74583333,
       59.11777778
      ],
      [
       16.28111111,
       59.12194444
      ]
     ]
    ]
   },
   "properties": {
    "lager": "Militär sektor",
    "namn": "ES M85",
    "typ": "EXES",
    "beteckning": "ESAA",
    "plats": "M85",
    "hojd": "GND–UNL",
    "operator": "",
    "gäller_fr": "2026-06-11",
    "kommentar": ""
   }
  },
  {
   "type": "Feature",
   "geometry": {
    "type": "Polygon",
    "coordinates": [
     [
      [
       14.31972222,
       59.03388889
      ],
      [
       14.62055556,
       58.90472222
      ],
      [
       14.79666667,
       58.82833333
      ],
      [
       14.92055556,
       58.77416667
      ],
      [
       14.1875,
       58.45833333
      ],
      [
       13.61944444,
       58.75722222
      ],
      [
       14.27055556,
       59.01527778
      ],
      [
       14.31972222,
       59.03388889
      ]
     ]
    ]
   },
   "properties": {
    "lager": "Militär sektor",
    "namn": "ES L73",
    "typ": "EXES",
    "beteckning": "ESAA",
    "plats": "L73",
    "hojd": "GND–UNL",
    "operator": "",
    "gäller_fr": "2026-06-11",
    "kommentar": ""
   }
  },
  {
   "type": "Feature",
   "geometry": {
    "type": "Polygon",
    "coordinates": [
     [
      [
       12.98555556,
       61.33722222
      ],
      [
       13.46,
       61.26083333
      ],
      [
       14.57055556,
       61.07194444
      ],
      [
       14.78611111,
       61.00027778
      ],
      [
       14.77361111,
       60.11944444
      ],
      [
       12.89472222,
       60.25555556
      ],
      [
       12.98555556,
       61.33722222
      ]
     ]
    ]
   },
   "properties": {
    "lager": "Militär sektor",
    "namn": "ES M53",
    "typ": "EXES",
    "beteckning": "ESAA",
    "plats": "M53",
    "hojd": "GND–UNL",
    "operator": "",
    "gäller_fr": "2026-06-11",
    "kommentar": ""
   }
  },
  {
   "type": "Feature",
   "geometry": {
    "type": "Polygon",
    "coordinates": [
     [
      [
       15.19861111,
       64.42583333
      ],
      [
       16.63916667,
       64.1975
      ],
      [
       17.34138889,
       64.07666667
      ],
      [
       16.68,
       63.485
      ],
      [
       14.67722222,
       63.86333333
      ],
      [
       15.19861111,
       64.42583333
      ]
     ]
    ]
   },
   "properties": {
    "lager": "Militär sektor",
    "namn": "ES N23",
    "typ": "EXES",
    "beteckning": "ESAA",
    "plats": "N23",
    "hojd": "GND–UNL",
    "operator": "",
    "gäller_fr": "2026-06-11",
    "kommentar": ""
   }
  },
  {
   "type": "Feature",
   "geometry": {
    "type": "Polygon",
    "coordinates": [
     [
      [
       14.67722222,
       63.86333333
      ],
      [
       16.68,
       63.485
      ],
      [
       16.0225,
       62.86055556
      ],
      [
       14.14444444,
       63.2625
      ],
      [
       14.67722222,
       63.86333333
      ]
     ]
    ]
   },
   "properties": {
    "lager": "Militär sektor",
    "namn": "ES N24",
    "typ": "EXES",
    "beteckning": "ESAA",
    "plats": "N24",
    "hojd": "GND–UNL",
    "operator": "",
    "gäller_fr": "2026-06-11",
    "kommentar": ""
   }
  },
  {
   "type": "Feature",
   "geometry": {
    "type": "Polygon",
    "coordinates": [
     [
      [
       13.80166667,
       55.70444444
      ],
      [
       14.01861111,
       55.62611111
      ],
      [
       14.29472222,
       55.6775
      ],
      [
       14.29777778,
       55.59
      ],
      [
       14.69305556,
       55.59972222
      ],
      [
       14.30777778,
       55.29055556
      ],
      [
       14.18555556,
       55.375
      ],
      [
       13.78888889,
       55.43888889
      ],
      [
       13.80166667,
       55.70444444
      ]
     ]
    ]
   },
   "properties": {
    "lager": "Militär sektor",
    "namn": "ES L13",
    "typ": "EXES",
    "beteckning": "ESAA",
    "plats": "L13",
    "hojd": "GND–UNL",
    "operator": "",
    "gäller_fr": "2026-06-11",
    "kommentar": ""
   }
  },
  {
   "type": "Feature",
   "geometry": {
    "type": "Polygon",
    "coordinates": [
     [
      [
       12.62527778,
       59.89138889
      ],
      [
       13.46361111,
       59.81583333
      ],
      [
       13.17111111,
       59.5125
      ],
      [
       12.35888889,
       59.74
      ],
      [
       12.62527778,
       59.89138889
      ]
     ]
    ]
   },
   "properties": {
    "lager": "Militär sektor",
    "namn": "ES S94",
    "typ": "EXES",
    "beteckning": "ESAA",
    "plats": "S94",
    "hojd": "GND–UNL",
    "operator": "",
    "gäller_fr": "2026-06-11",
    "kommentar": ""
   }
  },
  {
   "type": "Feature",
   "geometry": {
    "type": "Polygon",
    "coordinates": [
     [
      [
       21.73166667,
       65.7025
      ],
      [
       22.76527778,
       65.59527778
      ],
      [
       22.15527778,
       65.02694444
      ],
      [
       21.77972222,
       64.645
      ],
      [
       21.52,
       64.34472222
      ],
      [
       21.35555556,
       64.18666667
      ],
      [
       20.19361111,
       64.27444444
      ],
      [
       20.34111111,
       64.48111111
      ],
      [
       20.56555556,
       64.78888889
      ],
      [
       20.63944444,
       64.84611111
      ],
      [
       20.94805556,
       65.08166667
      ],
      [
       21.155,
       65.23694444
      ],
      [
       21.73166667,
       65.7025
      ]
     ]
    ]
   },
   "properties": {
    "lager": "Militär sektor",
    "namn": "ES V11",
    "typ": "EXES",
    "beteckning": "ESAA",
    "plats": "V11",
    "hojd": "GND–UNL",
    "operator": "",
    "gäller_fr": "2026-06-11",
    "kommentar": ""
   }
  },
  {
   "type": "Feature",
   "geometry": {
    "type": "Polygon",
    "coordinates": [
     [
      [
       16.0225,
       62.86055556
      ],
      [
       17.51888889,
       62.51222222
      ],
      [
       17.36222222,
       61.9375
      ],
      [
       17.37944444,
       61.63444444
      ],
      [
       15.06111111,
       61.87861111
      ],
      [
       16.0225,
       62.86055556
      ]
     ]
    ]
   },
   "properties": {
    "lager": "Militär sektor",
    "namn": "ES N41",
    "typ": "EXES",
    "beteckning": "ESAA",
    "plats": "N41",
    "hojd": "GND–UNL",
    "operator": "",
    "gäller_fr": "2026-06-11",
    "kommentar": ""
   }
  },
  {
   "type": "Feature",
   "geometry": {
    "type": "Polygon",
    "coordinates": [
     [
      [
       15.06111111,
       61.87861111
      ],
      [
       17.37944444,
       61.63444444
      ],
      [
       17.41305556,
       61.01861111
      ],
      [
       15.8775,
       61.0075
      ],
      [
       14.78611111,
       61.00027778
      ],
      [
       15.06111111,
       61.87861111
      ]
     ]
    ]
   },
   "properties": {
    "lager": "Militär sektor",
    "namn": "ES N42",
    "typ": "EXES",
    "beteckning": "ESAA",
    "plats": "N42",
    "hojd": "GND–UNL",
    "operator": "",
    "gäller_fr": "2026-06-11",
    "kommentar": ""
   }
  },
  {
   "type": "Feature",
   "geometry": {
    "type": "Polygon",
    "coordinates": [
     [
      [
       14.14444444,
       63.2625
      ],
      [
       16.0225,
       62.86055556
      ],
      [
       15.06111111,
       61.87861111
      ],
      [
       13.34722222,
       62.05694444
      ],
      [
       14.14444444,
       63.2625
      ]
     ]
    ]
   },
   "properties": {
    "lager": "Militär sektor",
    "namn": "ES N43",
    "typ": "EXES",
    "beteckning": "ESAA",
    "plats": "N43",
    "hojd": "GND–UNL",
    "operator": "",
    "gäller_fr": "2026-06-11",
    "kommentar": ""
   }
  },
  {
   "type": "Feature",
   "geometry": {
    "type": "Polygon",
    "coordinates": [
     [
      [
       13.34722222,
       62.05694444
      ],
      [
       15.06111111,
       61.87861111
      ],
      [
       14.78611111,
       61.00027778
      ],
      [
       14.57055556,
       61.07194444
      ],
      [
       13.46,
       61.26083333
      ],
      [
       12.98555556,
       61.33722222
      ],
      [
       13,
       61.5
      ],
      [
       13.34722222,
       62.05694444
      ]
     ]
    ]
   },
   "properties": {
    "lager": "Militär sektor",
    "namn": "ES N44",
    "typ": "EXES",
    "beteckning": "ESAA",
    "plats": "N44",
    "hojd": "GND–UNL",
    "operator": "",
    "gäller_fr": "2026-06-11",
    "kommentar": ""
   }
  },
  {
   "type": "Feature",
   "geometry": {
    "type": "Polygon",
    "coordinates": [
     [
      [
       20.19361111,
       64.27444444
      ],
      [
       21.35555556,
       64.18666667
      ],
      [
       20.94416667,
       63.78305556
      ],
      [
       20.84472222,
       63.6825
      ],
      [
       20.76583333,
       63.60277778
      ],
      [
       20.28611111,
       63.78888889
      ],
      [
       19.44722222,
       63.82055556
      ],
      [
       19.21416667,
       63.81555556
      ],
      [
       19.33361111,
       63.8725
      ],
      [
       20.10972222,
       64.23583333
      ],
      [
       20.19361111,
       64.27444444
      ]
     ]
    ]
   },
   "properties": {
    "lager": "Militär sektor",
    "namn": "ES V12",
    "typ": "EXES",
    "beteckning": "ESAA",
    "plats": "V12",
    "hojd": "GND–UNL",
    "operator": "",
    "gäller_fr": "2026-06-11",
    "kommentar": ""
   }
  },
  {
   "type": "Feature",
   "geometry": {
    "type": "Polygon",
    "coordinates": [
     [
      [
       20.86916667,
       66.85
      ],
      [
       21.46361111,
       66.85
      ],
      [
       23.10194444,
       66.85
      ],
      [
       23.22944444,
       66.17222222
      ],
      [
       23.68694444,
       65.86972222
      ],
      [
       22.76527778,
       65.59527778
      ],
      [
       21.73166667,
       65.7025
      ],
      [
       20.86916667,
       66.85
      ]
     ]
    ]
   },
   "properties": {
    "lager": "Militär sektor",
    "namn": "ES V53",
    "typ": "EXES",
    "beteckning": "ESAA",
    "plats": "V53",
    "hojd": "GND–UNL",
    "operator": "",
    "gäller_fr": "2026-06-11",
    "kommentar": ""
   }
  },
  {
   "type": "Feature",
   "geometry": {
    "type": "Polygon",
    "coordinates": [
     [
      [
       22.89777778,
       67.88805556
      ],
      [
       23.10194444,
       66.85
      ],
      [
       21.46361111,
       66.85
      ],
      [
       20.86916667,
       66.85
      ],
      [
       20.82361111,
       66.95972222
      ],
      [
       20.65805556,
       67.3575
      ],
      [
       20.91777778,
       67.39861111
      ],
      [
       21.49055556,
       67.56055556
      ],
      [
       22.89777778,
       67.88805556
      ]
     ]
    ]
   },
   "properties": {
    "lager": "Militär sektor",
    "namn": "ES V54",
    "typ": "EXES",
    "beteckning": "ESAA",
    "plats": "V54",
    "hojd": "GND–UNL",
    "operator": "",
    "gäller_fr": "2026-06-11",
    "kommentar": ""
   }
  },
  {
   "type": "Feature",
   "geometry": {
    "type": "Polygon",
    "coordinates": [
     [
      [
       23.68694444,
       65.86972222
      ],
      [
       23.94111111,
       65.39694444
      ],
      [
       23.91027778,
       65.37583333
      ],
      [
       23.11527778,
       64.82166667
      ],
      [
       22.39555556,
       64.97555556
      ],
      [
       22.15527778,
       65.02694444
      ],
      [
       22.76527778,
       65.59527778
      ],
      [
       23.68694444,
       65.86972222
      ]
     ]
    ]
   },
   "properties": {
    "lager": "Militär sektor",
    "namn": "ES V61",
    "typ": "EXES",
    "beteckning": "ESAA",
    "plats": "V61",
    "hojd": "GND–UNL",
    "operator": "",
    "gäller_fr": "2026-06-11",
    "kommentar": ""
   }
  },
  {
   "type": "Feature",
   "geometry": {
    "type": "Polygon",
    "coordinates": [
     [
      [
       22.15527778,
       65.02694444
      ],
      [
       22.39555556,
       64.97555556
      ],
      [
       23.11527778,
       64.82166667
      ],
      [
       22.91666667,
       64.68333333
      ],
      [
       21.96166667,
       63.97472222
      ],
      [
       21.71277778,
       63.78333333
      ],
      [
       21.05055556,
       63.70666667
      ],
      [
       20.84472222,
       63.6825
      ],
      [
       20.94416667,
       63.78305556
      ],
      [
       21.35555556,
       64.18666667
      ],
      [
       21.52,
       64.34472222
      ],
      [
       21.77972222,
       64.645
      ],
      [
       22.15527778,
       65.02694444
      ]
     ]
    ]
   },
   "properties": {
    "lager": "Militär sektor",
    "namn": "ES V62",
    "typ": "EXES",
    "beteckning": "ESAA",
    "plats": "V62",
    "hojd": "GND–UNL",
    "operator": "",
    "gäller_fr": "2026-06-11",
    "kommentar": ""
   }
  },
  {
   "type": "Feature",
   "geometry": {
    "type": "Polygon",
    "coordinates": [
     [
      [
       12.07194444,
       58.92
      ],
      [
       12.07388889,
       58.85944444
      ],
      [
       12.1375,
       58.60888889
      ],
      [
       12.21027778,
       58.3225
      ],
      [
       11.9975,
       58.29972222
      ],
      [
       11.67861111,
       58.26944444
      ],
      [
       11.45027778,
       58.12777778
      ],
      [
       11.29944444,
       58.78305556
      ],
      [
       11.38083333,
       58.75472222
      ],
      [
       11.56416667,
       58.74111111
      ],
      [
       11.65111111,
       58.75555556
      ],
      [
       12.07194444,
       58.92
      ]
     ]
    ]
   },
   "properties": {
    "lager": "Militär sektor",
    "namn": "ES S81",
    "typ": "EXES",
    "beteckning": "ESAA",
    "plats": "S81",
    "hojd": "GND–UNL",
    "operator": "",
    "gäller_fr": "2026-06-11",
    "kommentar": ""
   }
  },
  {
   "type": "Feature",
   "geometry": {
    "type": "Polygon",
    "coordinates": [
     [
      [
       12.1375,
       58.60888889
      ],
      [
       12.65527778,
       58.36722222
      ],
      [
       12.21027778,
       58.3225
      ],
      [
       12.1375,
       58.60888889
      ]
     ]
    ]
   },
   "properties": {
    "lager": "Militär sektor",
    "namn": "ES S82",
    "typ": "EXES",
    "beteckning": "ESAA",
    "plats": "S82",
    "hojd": "GND–UNL",
    "operator": "",
    "gäller_fr": "2026-06-11",
    "kommentar": ""
   }
  },
  {
   "type": "Feature",
   "geometry": {
    "type": "Polygon",
    "coordinates": [
     [
      [
       20.01916667,
       66.62361111
      ],
      [
       20.32916667,
       66.54944444
      ],
      [
       20.40777778,
       66.40777778
      ],
      [
       20.27305556,
       66.36916667
      ],
      [
       19.96472222,
       66.44472222
      ],
      [
       19.88388889,
       66.58444444
      ],
      [
       20.01916667,
       66.62361111
      ]
     ]
    ]
   },
   "properties": {
    "lager": "Militär TMA/CTR",
    "namn": "ESNJ JOKKMOKK CTR",
    "typ": "EXES",
    "beteckning": "ESAA",
    "plats": "JOKKMOKK CTR",
    "hojd": "GND–2600",
    "operator": "",
    "gäller_fr": "2026-06-11",
    "kommentar": "C"
   }
  },
  {
   "type": "Feature",
   "geometry": {
    "type": "Polygon",
    "coordinates": [
     [
      [
       19.44583333,
       65.86527778
      ],
      [
       20.16222222,
       65.86527778
      ],
      [
       21.57611111,
       65.71944444
      ],
      [
       21.73166667,
       65.7025
      ],
      [
       21.155,
       65.23694444
      ],
      [
       20.94805556,
       65.08166667
      ],
      [
       20.63944444,
       64.84611111
      ],
      [
       20.56555556,
       64.78888889
      ],
      [
       20.34111111,
       64.48111111
      ],
      [
       20.19361111,
       64.27444444
      ],
      [
       18.12888889,
       64.77361111
      ],
      [
       19.44583333,
       65.86527778
      ]
     ]
    ]
   },
   "properties": {
    "lager": "Militär sektor",
    "namn": "ES V21",
    "typ": "EXES",
    "beteckning": "ESAA",
    "plats": "V21",
    "hojd": "GND–UNL",
    "operator": "",
    "gäller_fr": "2026-06-11",
    "kommentar": ""
   }
  },
  {
   "type": "Feature",
   "geometry": {
    "type": "Polygon",
    "coordinates": [
     [
      [
       18.12888889,
       64.77361111
      ],
      [
       20.19361111,
       64.27444444
      ],
      [
       20.10972222,
       64.23583333
      ],
      [
       19.33361111,
       63.8725
      ],
      [
       19.21416667,
       63.81555556
      ],
      [
       18.86861111,
       63.80722222
      ],
      [
       18.28166667,
       63.915
      ],
      [
       17.34138889,
       64.07666667
      ],
      [
       18.12888889,
       64.77361111
      ]
     ]
    ]
   },
   "properties": {
    "lager": "Militär sektor",
    "namn": "ES V22",
    "typ": "EXES",
    "beteckning": "ESAA",
    "plats": "V22",
    "hojd": "GND–UNL",
    "operator": "",
    "gäller_fr": "2026-06-11",
    "kommentar": ""
   }
  },
  {
   "type": "Feature",
   "geometry": {
    "type": "Polygon",
    "coordinates": [
     [
      [
       20.38305556,
       68.21361111
      ],
      [
       20.49111111,
       68.21305556
      ],
      [
       22.83277778,
       68.2
      ],
      [
       22.89777778,
       67.88805556
      ],
      [
       21.49055556,
       67.56055556
      ],
      [
       20.91777778,
       67.39861111
      ],
      [
       20.65805556,
       67.3575
      ],
      [
       20.39888889,
       68.16194444
      ],
      [
       20.38305556,
       68.21361111
      ]
     ]
    ]
   },
   "properties": {
    "lager": "Militär sektor",
    "namn": "ES V42",
    "typ": "EXES",
    "beteckning": "ESAA",
    "plats": "V42",
    "hojd": "GND–UNL",
    "operator": "",
    "gäller_fr": "2026-06-11",
    "kommentar": ""
   }
  },
  {
   "type": "Feature",
   "geometry": {
    "type": "Polygon",
    "coordinates": [
     [
      [
       20.86916667,
       66.85
      ],
      [
       21.73166667,
       65.7025
      ],
      [
       21.57611111,
       65.71944444
      ],
      [
       20.16222222,
       65.86527778
      ],
      [
       19.44583333,
       65.86527778
      ],
      [
       19.30444444,
       65.92388889
      ],
      [
       19.6875,
       66.21527778
      ],
      [
       20.86916667,
       66.85
      ]
     ]
    ]
   },
   "properties": {
    "lager": "Militär sektor",
    "namn": "ES V51",
    "typ": "EXES",
    "beteckning": "ESAA",
    "plats": "V51",
    "hojd": "GND–UNL",
    "operator": "",
    "gäller_fr": "2026-06-11",
    "kommentar": ""
   }
  },
  {
   "type": "Feature",
   "geometry": {
    "type": "Polygon",
    "coordinates": [
     [
      [
       20.65805556,
       67.3575
      ],
      [
       20.82361111,
       66.95972222
      ],
      [
       20.86916667,
       66.85
      ],
      [
       19.6875,
       66.21527778
      ],
      [
       19.30444444,
       65.92388889
      ],
      [
       17.87944444,
       66.51527778
      ],
      [
       18.57916667,
       66.915
      ],
      [
       19,
       67
      ],
      [
       20.49555556,
       67.33194444
      ],
      [
       20.65805556,
       67.3575
      ]
     ]
    ]
   },
   "properties": {
    "lager": "Militär sektor",
    "namn": "ES V52",
    "typ": "EXES",
    "beteckning": "ESAA",
    "plats": "V52",
    "hojd": "GND–UNL",
    "operator": "",
    "gäller_fr": "2026-06-11",
    "kommentar": ""
   }
  },
  {
   "type": "Feature",
   "geometry": {
    "type": "Polygon",
    "coordinates": [
     [
      [
       17.34138889,
       64.07666667
      ],
      [
       18.28166667,
       63.915
      ],
      [
       18.86861111,
       63.80722222
      ],
      [
       19.21416667,
       63.81555556
      ],
      [
       19.04805556,
       63.73555556
      ],
      [
       18.30888889,
       63.15944444
      ],
      [
       16.68,
       63.485
      ],
      [
       17.34138889,
       64.07666667
      ]
     ]
    ]
   },
   "properties": {
    "lager": "Militär sektor",
    "namn": "ES N21",
    "typ": "EXES",
    "beteckning": "ESAA",
    "plats": "N21",
    "hojd": "GND–UNL",
    "operator": "",
    "gäller_fr": "2026-06-11",
    "kommentar": ""
   }
  },
  {
   "type": "Feature",
   "geometry": {
    "type": "Polygon",
    "coordinates": [
     [
      [
       15.06916667,
       58.0925
      ],
      [
       15.7775,
       57.94194444
      ],
      [
       16.07694444,
       57.86944444
      ],
      [
       15.72861111,
       57.64
      ],
      [
       14.93777778,
       57.96805556
      ],
      [
       14.92194444,
       57.99333333
      ],
      [
       15.06916667,
       58.0925
      ]
     ]
    ]
   },
   "properties": {
    "lager": "Militär sektor",
    "namn": "ES K13",
    "typ": "EXES",
    "beteckning": "ESAA",
    "plats": "K13",
    "hojd": "GND–UNL",
    "operator": "",
    "gäller_fr": "2026-06-11",
    "kommentar": ""
   }
  },
  {
   "type": "Feature",
   "geometry": {
    "type": "Polygon",
    "coordinates": [
     [
      [
       15.7125,
       60.035
      ],
      [
       16.84777778,
       59.92083333
      ],
      [
       16.44666667,
       59.74944444
      ],
      [
       16.37972222,
       59.52888889
      ],
      [
       15.84916667,
       59.57583333
      ],
      [
       15.38694444,
       59.62361111
      ],
      [
       15.7125,
       60.035
      ]
     ]
    ]
   },
   "properties": {
    "lager": "Militär sektor",
    "namn": "ES K41",
    "typ": "EXES",
    "beteckning": "ESAA",
    "plats": "K41",
    "hojd": "GND–UNL",
    "operator": "",
    "gäller_fr": "2026-06-11",
    "kommentar": ""
   }
  },
  {
   "type": "Feature",
   "geometry": {
    "type": "Polygon",
    "coordinates": [
     [
      [
       12.89472222,
       60.25555556
      ],
      [
       14.77361111,
       60.11944444
      ],
      [
       15,
       60.09388889
      ],
      [
       15.7125,
       60.035
      ],
      [
       15.38694444,
       59.62361111
      ],
      [
       15.29833333,
       59.6325
      ],
      [
       14.78388889,
       59.68666667
      ],
      [
       13.46361111,
       59.81583333
      ],
      [
       12.62527778,
       59.89138889
      ],
      [
       12.89472222,
       60.25555556
      ]
     ]
    ]
   },
   "properties": {
    "lager": "Militär sektor",
    "namn": "ES K42",
    "typ": "EXES",
    "beteckning": "ESAA",
    "plats": "K42",
    "hojd": "GND–UNL",
    "operator": "",
    "gäller_fr": "2026-06-11",
    "kommentar": ""
   }
  },
  {
   "type": "Feature",
   "geometry": {
    "type": "Polygon",
    "coordinates": [
     [
      [
       15.29833333,
       59.6325
      ],
      [
       15.38694444,
       59.62361111
      ],
      [
       15.84916667,
       59.57583333
      ],
      [
       16.37972222,
       59.52888889
      ],
      [
       16.31833333,
       59.32388889
      ],
      [
       16.28111111,
       59.12194444
      ],
      [
       15.74583333,
       59.11777778
      ],
      [
       15.37861111,
       59.42611111
      ],
      [
       15.30777778,
       59.52222222
      ],
      [
       15.29833333,
       59.6325
      ]
     ]
    ]
   },
   "properties": {
    "lager": "Militär sektor",
    "namn": "ES K51",
    "typ": "EXES",
    "beteckning": "ESAA",
    "plats": "K51",
    "hojd": "GND–UNL",
    "operator": "",
    "gäller_fr": "2026-06-11",
    "kommentar": ""
   }
  },
  {
   "type": "Feature",
   "geometry": {
    "type": "Polygon",
    "coordinates": [
     [
      [
       15.37861111,
       59.42611111
      ],
      [
       15.74583333,
       59.11777778
      ],
      [
       15.59055556,
       59.05416667
      ],
      [
       15.31888889,
       59.08055556
      ],
      [
       14.84777778,
       59.23388889
      ],
      [
       15.37861111,
       59.42611111
      ]
     ]
    ]
   },
   "properties": {
    "lager": "Militär sektor",
    "namn": "ES K52",
    "typ": "EXES",
    "beteckning": "ESAA",
    "plats": "K52",
    "hojd": "GND–UNL",
    "operator": "",
    "gäller_fr": "2026-06-11",
    "kommentar": ""
   }
  },
  {
   "type": "Feature",
   "geometry": {
    "type": "Polygon",
    "coordinates": [
     [
      [
       17.82388889,
       57.74138889
      ],
      [
       17.83833333,
       57.45805556
      ],
      [
       17.77166667,
       57.46416667
      ],
      [
       17.40666667,
       57.49583333
      ],
      [
       17.82388889,
       57.74138889
      ]
     ]
    ]
   },
   "properties": {
    "lager": "Militär sektor",
    "namn": "ES M11",
    "typ": "EXES",
    "beteckning": "ESAA",
    "plats": "M11",
    "hojd": "GND–UNL",
    "operator": "",
    "gäller_fr": "2026-06-11",
    "kommentar": ""
   }
  },
  {
   "type": "Feature",
   "geometry": {
    "type": "Polygon",
    "coordinates": [
     [
      [
       18.67527778,
       58.07833333
      ],
      [
       18.91277778,
       57.70694444
      ],
      [
       18.56055556,
       57.33194444
      ],
      [
       17.83833333,
       57.45805556
      ],
      [
       17.82388889,
       57.74138889
      ],
      [
       18.67527778,
       58.07833333
      ]
     ]
    ]
   },
   "properties": {
    "lager": "Militär sektor",
    "namn": "ES M12",
    "typ": "EXES",
    "beteckning": "ESAA",
    "plats": "M12",
    "hojd": "GND–UNL",
    "operator": "",
    "gäller_fr": "2026-06-11",
    "kommentar": ""
   }
  },
  {
   "type": "Feature",
   "geometry": {
    "type": "Polygon",
    "coordinates": [
     [
      [
       17.48416667,
       58.58527778
      ],
      [
       17.83861111,
       58.17555556
      ],
      [
       17.81472222,
       57.91388889
      ],
      [
       16.85916667,
       58.05944444
      ],
      [
       16.43222222,
       58.12444444
      ],
      [
       16.64583333,
       58.26305556
      ],
      [
       17.48416667,
       58.58527778
      ]
     ]
    ]
   },
   "properties": {
    "lager": "Militär sektor",
    "namn": "ES M22",
    "typ": "EXES",
    "beteckning": "ESAA",
    "plats": "M22",
    "hojd": "GND–UNL",
    "operator": "",
    "gäller_fr": "2026-06-11",
    "kommentar": ""
   }
  },
  {
   "type": "Feature",
   "geometry": {
    "type": "Polygon",
    "coordinates": [
     [
      [
       18.67222222,
       58.96194444
      ],
      [
       18.93027778,
       58.23194444
      ],
      [
       18.67527778,
       58.07833333
      ],
      [
       17.82388889,
       57.74138889
      ],
      [
       17.81472222,
       57.91388889
      ],
      [
       17.83861111,
       58.17555556
      ],
      [
       17.48416667,
       58.58527778
      ],
      [
       17.54916667,
       58.61
      ],
      [
       17.93277778,
       58.58305556
      ],
      [
       18.45722222,
       58.7525
      ],
      [
       18.53944444,
       58.8325
      ],
      [
       18.67222222,
       58.96194444
      ]
     ]
    ]
   },
   "properties": {
    "lager": "Militär sektor",
    "namn": "ES M23",
    "typ": "EXES",
    "beteckning": "ESAA",
    "plats": "M23",
    "hojd": "GND–UNL",
    "operator": "",
    "gäller_fr": "2026-06-11",
    "kommentar": ""
   }
  },
  {
   "type": "Feature",
   "geometry": {
    "type": "Polygon",
    "coordinates": [
     [
      [
       18.67222222,
       58.96194444
      ],
      [
       20.51972222,
       58.20222222
      ],
      [
       20.38666667,
       57.9775
      ],
      [
       18.93027778,
       58.23194444
      ],
      [
       18.67222222,
       58.96194444
      ]
     ]
    ]
   },
   "properties": {
    "lager": "Militär sektor",
    "namn": "ES M31",
    "typ": "EXES",
    "beteckning": "ESAA",
    "plats": "M31",
    "hojd": "GND–UNL",
    "operator": "",
    "gäller_fr": "2026-06-11",
    "kommentar": ""
   }
  },
  {
   "type": "Feature",
   "geometry": {
    "type": "Polygon",
    "coordinates": [
     [
      [
       18.96833333,
       59.255
      ],
      [
       20.88277778,
       58.81
      ],
      [
       20.64277778,
       58.41333333
      ],
      [
       20.51972222,
       58.20222222
      ],
      [
       18.67222222,
       58.96194444
      ],
      [
       18.75472222,
       59.04194444
      ],
      [
       18.96833333,
       59.255
      ]
     ]
    ]
   },
   "properties": {
    "lager": "Militär sektor",
    "namn": "ES M32",
    "typ": "EXES",
    "beteckning": "ESAA",
    "plats": "M32",
    "hojd": "GND–UNL",
    "operator": "",
    "gäller_fr": "2026-06-11",
    "kommentar": ""
   }
  },
  {
   "type": "Feature",
   "geometry": {
    "type": "Polygon",
    "coordinates": [
     [
      [
       19.68583333,
       59.65472222
      ],
      [
       20.22944444,
       59.38277778
      ],
      [
       20.34638889,
       59.36638889
      ],
      [
       21,
       59
      ],
      [
       20.88277778,
       58.81
      ],
      [
       18.96833333,
       59.255
      ],
      [
       19.27361111,
       59.59944444
      ],
      [
       19.68583333,
       59.65472222
      ]
     ]
    ]
   },
   "properties": {
    "lager": "Militär sektor",
    "namn": "ES M33",
    "typ": "EXES",
    "beteckning": "ESAA",
    "plats": "M33",
    "hojd": "GND–UNL",
    "operator": "",
    "gäller_fr": "2026-06-11",
    "kommentar": ""
   }
  },
  {
   "type": "Feature",
   "geometry": {
    "type": "Polygon",
    "coordinates": [
     [
      [
       17.37944444,
       61.63444444
      ],
      [
       18.40777778,
       61.63027778
      ],
      [
       19.48277778,
       61.60555556
      ],
      [
       19.31805556,
       61
      ],
      [
       18.03055556,
       61.01555556
      ],
      [
       17.41305556,
       61.01861111
      ],
      [
       17.37944444,
       61.63444444
      ]
     ]
    ]
   },
   "properties": {
    "lager": "Militär sektor",
    "namn": "ES M42",
    "typ": "EXES",
    "beteckning": "ESAA",
    "plats": "M42",
    "hojd": "GND–UNL",
    "operator": "",
    "gäller_fr": "2026-06-11",
    "kommentar": ""
   }
  },
  {
   "type": "Feature",
   "geometry": {
    "type": "Polygon",
    "coordinates": [
     [
      [
       17.41305556,
       61.01861111
      ],
      [
       17.59666667,
       60.23277778
      ],
      [
       17.30166667,
       60.11111111
      ],
      [
       15.8775,
       61.0075
      ],
      [
       17.41305556,
       61.01861111
      ]
     ]
    ]
   },
   "properties": {
    "lager": "Militär sektor",
    "namn": "ES M51",
    "typ": "EXES",
    "beteckning": "ESAA",
    "plats": "M51",
    "hojd": "GND–UNL",
    "operator": "",
    "gäller_fr": "2026-06-11",
    "kommentar": ""
   }
  },
  {
   "type": "Feature",
   "geometry": {
    "type": "Polygon",
    "coordinates": [
     [
      [
       15.8775,
       61.0075
      ],
      [
       17.30166667,
       60.11111111
      ],
      [
       16.84777778,
       59.92083333
      ],
      [
       15.7125,
       60.035
      ],
      [
       15,
       60.09388889
      ],
      [
       14.77361111,
       60.11944444
      ],
      [
       14.78611111,
       61.00027778
      ],
      [
       15.8775,
       61.0075
      ]
     ]
    ]
   },
   "properties": {
    "lager": "Militär sektor",
    "namn": "ES M52",
    "typ": "EXES",
    "beteckning": "ESAA",
    "plats": "M52",
    "hojd": "GND–UNL",
    "operator": "",
    "gäller_fr": "2026-06-11",
    "kommentar": ""
   }
  },
  {
   "type": "Feature",
   "geometry": {
    "type": "Polygon",
    "coordinates": [
     [
      [
       13.78888889,
       55.43888889
      ],
      [
       14.18555556,
       55.375
      ],
      [
       14.30777778,
       55.29055556
      ],
      [
       14.16666667,
       55.17583333
      ],
      [
       14.16666667,
       55.12611111
      ],
      [
       13.39611111,
       55.34472222
      ],
      [
       13.51861111,
       55.35611111
      ],
      [
       13.78888889,
       55.43888889
      ]
     ]
    ]
   },
   "properties": {
    "lager": "Militär sektor",
    "namn": "ES L12",
    "typ": "EXES",
    "beteckning": "ESAA",
    "plats": "L12",
    "hojd": "GND–UNL",
    "operator": "",
    "gäller_fr": "2026-06-11",
    "kommentar": ""
   }
  },
  {
   "type": "Feature",
   "geometry": {
    "type": "Polygon",
    "coordinates": [
     [
      [
       12.47583333,
       57.17138889
      ],
      [
       12.625,
       56.62388889
      ],
      [
       12.56833333,
       56.55083333
      ],
      [
       12.44277778,
       56.38666667
      ],
      [
       12.44166667,
       56.30527778
      ],
      [
       12.235,
       56.38805556
      ],
      [
       11.76611111,
       56.98555556
      ],
      [
       12.47583333,
       57.17138889
      ]
     ]
    ]
   },
   "properties": {
    "lager": "Militär sektor",
    "namn": "ES L21",
    "typ": "EXES",
    "beteckning": "ESAA",
    "plats": "L21",
    "hojd": "GND–UNL",
    "operator": "",
    "gäller_fr": "2026-06-11",
    "kommentar": ""
   }
  },
  {
   "type": "Feature",
   "geometry": {
    "type": "Polygon",
    "coordinates": [
     [
      [
       12.53277778,
       57.39972222
      ],
      [
       12.47444444,
       57.21833333
      ],
      [
       12.47583333,
       57.17138889
      ],
      [
       11.76611111,
       56.98555556
      ],
      [
       11.58277778,
       57.21361111
      ],
      [
       12.16222222,
       57.2875
      ],
      [
       12.44722222,
       57.32388889
      ],
      [
       12.53277778,
       57.39972222
      ]
     ]
    ]
   },
   "properties": {
    "lager": "Militär sektor",
    "namn": "ES L22",
    "typ": "EXES",
    "beteckning": "ESAA",
    "plats": "L22",
    "hojd": "GND–UNL",
    "operator": "",
    "gäller_fr": "2026-06-11",
    "kommentar": ""
   }
  },
  {
   "type": "Feature",
   "geometry": {
    "type": "Polygon",
    "coordinates": [
     [
      [
       18.93027778,
       58.23194444
      ],
      [
       20.38666667,
       57.9775
      ],
      [
       20.27472222,
       57.78416667
      ],
      [
       18.56055556,
       57.33194444
      ],
      [
       18.91277778,
       57.70694444
      ],
      [
       18.67527778,
       58.07833333
      ],
      [
       18.93027778,
       58.23194444
      ]
     ]
    ]
   },
   "properties": {
    "lager": "Militär sektor",
    "namn": "ES M13",
    "typ": "EXES",
    "beteckning": "ESAA",
    "plats": "M13",
    "hojd": "GND–UNL",
    "operator": "",
    "gäller_fr": "2026-06-11",
    "kommentar": ""
   }
  },
  {
   "type": "Feature",
   "geometry": {
    "type": "Polygon",
    "coordinates": [
     [
      [
       16.51277778,
       55.97333333
      ],
      [
       17.05333333,
       55.58111111
      ],
      [
       15.86666667,
       54.91666667
      ],
      [
       15.57555556,
       54.91666667
      ],
      [
       15.66833333,
       55.30916667
      ],
      [
       15.61666667,
       55.48666667
      ],
      [
       15.44111111,
       55.61416667
      ],
      [
       15.71888889,
       55.61833333
      ],
      [
       16.51277778,
       55.97333333
      ]
     ]
    ]
   },
   "properties": {
    "lager": "Militär sektor",
    "namn": "ES S11",
    "typ": "EXES",
    "beteckning": "ESAA",
    "plats": "S11",
    "hojd": "GND–UNL",
    "operator": "",
    "gäller_fr": "2026-06-11",
    "kommentar": ""
   }
  },
  {
   "type": "Feature",
   "geometry": {
    "type": "Polygon",
    "coordinates": [
     [
      [
       16.68,
       63.485
      ],
      [
       18.30888889,
       63.15944444
      ],
      [
       17.51888889,
       62.51222222
      ],
      [
       16.0225,
       62.86055556
      ],
      [
       16.68,
       63.485
      ]
     ]
    ]
   },
   "properties": {
    "lager": "Militär sektor",
    "namn": "ES N22",
    "typ": "EXES",
    "beteckning": "ESAA",
    "plats": "N22",
    "hojd": "GND–UNL",
    "operator": "",
    "gäller_fr": "2026-06-11",
    "kommentar": ""
   }
  },
  {
   "type": "Feature",
   "geometry": {
    "type": "Polygon",
    "coordinates": [
     [
      [
       15.86638889,
       56.42861111
      ],
      [
       16.51277778,
       55.97333333
      ],
      [
       15.71888889,
       55.61833333
      ],
      [
       15.44111111,
       55.61416667
      ],
      [
       14.87861111,
       55.60333333
      ],
      [
       15.06305556,
       55.94888889
      ],
      [
       14.82166667,
       56.02444444
      ],
      [
       15.63194444,
       56.33777778
      ],
      [
       15.86638889,
       56.42861111
      ]
     ]
    ]
   },
   "properties": {
    "lager": "Militär sektor",
    "namn": "ES S12",
    "typ": "EXES",
    "beteckning": "ESAA",
    "plats": "S12",
    "hojd": "GND–UNL",
    "operator": "",
    "gäller_fr": "2026-06-11",
    "kommentar": ""
   }
  },
  {
   "type": "Feature",
   "geometry": {
    "type": "Polygon",
    "coordinates": [
     [
      [
       14.82166667,
       56.02444444
      ],
      [
       15.06305556,
       55.94888889
      ],
      [
       14.87861111,
       55.60333333
      ],
      [
       14.69305556,
       55.59972222
      ],
      [
       14.29777778,
       55.59
      ],
      [
       14.29472222,
       55.6775
      ],
      [
       14.32194444,
       55.82166667
      ],
      [
       14.82166667,
       56.02444444
      ]
     ]
    ]
   },
   "properties": {
    "lager": "Militär sektor",
    "namn": "ES S13",
    "typ": "EXES",
    "beteckning": "ESAA",
    "plats": "S13",
    "hojd": "GND–UNL",
    "operator": "",
    "gäller_fr": "2026-06-11",
    "kommentar": ""
   }
  },
  {
   "type": "Feature",
   "geometry": {
    "type": "Polygon",
    "coordinates": [
     [
      [
       15.12611111,
       56.35
      ],
      [
       15.63194444,
       56.33777778
      ],
      [
       14.82166667,
       56.02444444
      ],
      [
       14.83777778,
       56.14138889
      ],
      [
       14.8525,
       56.24472222
      ],
      [
       15.12611111,
       56.35
      ]
     ]
    ]
   },
   "properties": {
    "lager": "Militär sektor",
    "namn": "ES S21",
    "typ": "EXES",
    "beteckning": "ESAA",
    "plats": "S21",
    "hojd": "GND–UNL",
    "operator": "",
    "gäller_fr": "2026-06-11",
    "kommentar": ""
   }
  },
  {
   "type": "Feature",
   "geometry": {
    "type": "Polygon",
    "coordinates": [
     [
      [
       16.39194444,
       56.86805556
      ],
      [
       16.77194444,
       56.86666667
      ],
      [
       16.33694444,
       56.60472222
      ],
      [
       15.86638889,
       56.42861111
      ],
      [
       15.63194444,
       56.33777778
      ],
      [
       15.12611111,
       56.35
      ],
      [
       16.13888889,
       56.73138889
      ],
      [
       16.39194444,
       56.86805556
      ]
     ]
    ]
   },
   "properties": {
    "lager": "Militär sektor",
    "namn": "ES S22",
    "typ": "EXES",
    "beteckning": "ESAA",
    "plats": "S22",
    "hojd": "GND–UNL",
    "operator": "",
    "gäller_fr": "2026-06-11",
    "kommentar": ""
   }
  },
  {
   "type": "Feature",
   "geometry": {
    "type": "Polygon",
    "coordinates": [
     [
      [
       17.40666667,
       57.49583333
      ],
      [
       17.77166667,
       57.46416667
      ],
      [
       17.83833333,
       57.45805556
      ],
      [
       16.77194444,
       56.86666667
      ],
      [
       16.39194444,
       56.86805556
      ],
      [
       16.57055556,
       56.96333333
      ],
      [
       17.40666667,
       57.49583333
      ]
     ]
    ]
   },
   "properties": {
    "lager": "Militär sektor",
    "namn": "ES S23",
    "typ": "EXES",
    "beteckning": "ESAA",
    "plats": "S23",
    "hojd": "GND–UNL",
    "operator": "",
    "gäller_fr": "2026-06-11",
    "kommentar": ""
   }
  },
  {
   "type": "Feature",
   "geometry": {
    "type": "Polygon",
    "coordinates": [
     [
      [
       17.83833333,
       57.45805556
      ],
      [
       18.56055556,
       57.33194444
      ],
      [
       17.78638889,
       57.11888889
      ],
      [
       16.77194444,
       56.86666667
      ],
      [
       17.83833333,
       57.45805556
      ]
     ]
    ]
   },
   "properties": {
    "lager": "Militär sektor",
    "namn": "ES S24",
    "typ": "EXES",
    "beteckning": "ESAA",
    "plats": "S24",
    "hojd": "GND–UNL",
    "operator": "",
    "gäller_fr": "2026-06-11",
    "kommentar": ""
   }
  },
  {
   "type": "Feature",
   "geometry": {
    "type": "Polygon",
    "coordinates": [
     [
      [
       15.07416667,
       57.16916667
      ],
      [
       15.54027778,
       56.86666667
      ],
      [
       16.39194444,
       56.86805556
      ],
      [
       16.13888889,
       56.73138889
      ],
      [
       15.12611111,
       56.35
      ],
      [
       15.11555556,
       56.68916667
      ],
      [
       14.76027778,
       56.95444444
      ],
      [
       15.0025,
       57.11777778
      ],
      [
       15.07416667,
       57.16916667
      ]
     ]
    ]
   },
   "properties": {
    "lager": "Militär sektor",
    "namn": "ES S41",
    "typ": "EXES",
    "beteckning": "ESAA",
    "plats": "S41",
    "hojd": "GND–UNL",
    "operator": "",
    "gäller_fr": "2026-06-11",
    "kommentar": ""
   }
  },
  {
   "type": "Feature",
   "geometry": {
    "type": "Polygon",
    "coordinates": [
     [
      [
       12.35888889,
       59.74
      ],
      [
       13.17111111,
       59.5125
      ],
      [
       13.08472222,
       58.90972222
      ],
      [
       13.16388889,
       58.73277778
      ],
      [
       13.25388889,
       58.61222222
      ],
      [
       12.65527778,
       58.36722222
      ],
      [
       12.1375,
       58.60888889
      ],
      [
       12.07388889,
       58.85944444
      ],
      [
       12.07194444,
       58.92
      ],
      [
       12.19027778,
       59.64305556
      ],
      [
       12.35888889,
       59.74
      ]
     ]
    ]
   },
   "properties": {
    "lager": "Militär sektor",
    "namn": "ES S91",
    "typ": "EXES",
    "beteckning": "ESAA",
    "plats": "S91",
    "hojd": "GND–UNL",
    "operator": "",
    "gäller_fr": "2026-06-11",
    "kommentar": ""
   }
  },
  {
   "type": "Feature",
   "geometry": {
    "type": "Polygon",
    "coordinates": [
     [
      [
       13.17111111,
       59.5125
      ],
      [
       14.31972222,
       59.03388889
      ],
      [
       14.27055556,
       59.01527778
      ],
      [
       13.61944444,
       58.75722222
      ],
      [
       13.25388889,
       58.61222222
      ],
      [
       13.16388889,
       58.73277778
      ],
      [
       13.08472222,
       58.90972222
      ],
      [
       13.17111111,
       59.5125
      ]
     ]
    ]
   },
   "properties": {
    "lager": "Militär sektor",
    "namn": "ES S92",
    "typ": "EXES",
    "beteckning": "ESAA",
    "plats": "S92",
    "hojd": "GND–UNL",
    "operator": "",
    "gäller_fr": "2026-06-11",
    "kommentar": ""
   }
  },
  {
   "type": "Feature",
   "geometry": {
    "type": "Polygon",
    "coordinates": [
     [
      [
       13.46361111,
       59.81583333
      ],
      [
       14.78388889,
       59.68666667
      ],
      [
       14.93333333,
       59.44916667
      ],
      [
       14.84777778,
       59.23388889
      ],
      [
       14.49361111,
       59.10055556
      ],
      [
       14.31972222,
       59.03388889
      ],
      [
       13.17111111,
       59.5125
      ],
      [
       13.46361111,
       59.81583333
      ]
     ]
    ]
   },
   "properties": {
    "lager": "Militär sektor",
    "namn": "ES S93",
    "typ": "EXES",
    "beteckning": "ESAA",
    "plats": "S93",
    "hojd": "GND–UNL",
    "operator": "",
    "gäller_fr": "2026-06-11",
    "kommentar": ""
   }
  },
  {
   "type": "Feature",
   "geometry": {
    "type": "Polygon",
    "coordinates": [
     [
      [
       17.41305556,
       61.01861111
      ],
      [
       18.03055556,
       61.01555556
      ],
      [
       19.31805556,
       61
      ],
      [
       19.23888889,
       60.71388889
      ],
      [
       19.05277778,
       60.56388889
      ],
      [
       19.01972222,
       60.33194444
      ],
      [
       18.66916667,
       60.25972222
      ],
      [
       18.55472222,
       60.26611111
      ],
      [
       18.21305556,
       60.29944444
      ],
      [
       17.82805556,
       60.25805556
      ],
      [
       17.59666667,
       60.23277778
      ],
      [
       17.41305556,
       61.01861111
      ]
     ]
    ]
   },
   "properties": {
    "lager": "Militär sektor",
    "namn": "ES M41",
    "typ": "EXES",
    "beteckning": "ESAA",
    "plats": "M41",
    "hojd": "GND–UNL",
    "operator": "",
    "gäller_fr": "2026-06-11",
    "kommentar": ""
   }
  },
  {
   "type": "Feature",
   "geometry": {
    "type": "Polygon",
    "coordinates": [
     [
      [
       16.85916667,
       58.05944444
      ],
      [
       17.81472222,
       57.91388889
      ],
      [
       17.82388889,
       57.74138889
      ],
      [
       17.40666667,
       57.49583333
      ],
      [
       16.80472222,
       57.54305556
      ],
      [
       16.83138889,
       57.79638889
      ],
      [
       16.85916667,
       58.05944444
      ]
     ]
    ]
   },
   "properties": {
    "lager": "Militär sektor",
    "namn": "ES M21",
    "typ": "EXES",
    "beteckning": "ESAA",
    "plats": "M21",
    "hojd": "GND–UNL",
    "operator": "",
    "gäller_fr": "2026-06-11",
    "kommentar": ""
   }
  },
  {
   "type": "Feature",
   "geometry": {
    "type": "Polygon",
    "coordinates": [
     [
      [
       15.17944444,
       58.65027778
      ],
      [
       15.525,
       58.47694444
      ],
      [
       15.01944444,
       58.21916667
      ],
      [
       14.47166667,
       58.30777778
      ],
      [
       14.40777778,
       58.3425
      ],
      [
       15.17944444,
       58.65027778
      ]
     ]
    ]
   },
   "properties": {
    "lager": "Militär sektor",
    "namn": "ES M82",
    "typ": "EXES",
    "beteckning": "ESAA",
    "plats": "M82",
    "hojd": "GND–UNL",
    "operator": "",
    "gäller_fr": "2026-06-11",
    "kommentar": ""
   }
  },
  {
   "type": "Feature",
   "geometry": {
    "type": "Polygon",
    "coordinates": [
     [
      [
       13.96777778,
       58.03388889
      ],
      [
       14.47527778,
       57.68722222
      ],
      [
       14.42027778,
       57.65027778
      ],
      [
       14.10527778,
       57.43083333
      ],
      [
       13.60722222,
       57.53666667
      ],
      [
       13.83472222,
       57.85083333
      ],
      [
       13.96777778,
       58.03388889
      ]
     ]
    ]
   },
   "properties": {
    "lager": "Militär sektor",
    "namn": "ES S62",
    "typ": "EXES",
    "beteckning": "ESAA",
    "plats": "S62",
    "hojd": "GND–UNL",
    "operator": "",
    "gäller_fr": "2026-06-11",
    "kommentar": ""
   }
  },
  {
   "type": "Feature",
   "geometry": {
    "type": "Polygon",
    "coordinates": [
     [
      [
       15.59055556,
       59.05416667
      ],
      [
       16.26777778,
       59.04944444
      ],
      [
       16.51361111,
       59.02888889
      ],
      [
       16.21638889,
       58.83888889
      ],
      [
       15.74027778,
       58.52888889
      ],
      [
       15.6,
       58.43888889
      ],
      [
       15.525,
       58.47694444
      ],
      [
       15.17944444,
       58.65027778
      ],
      [
       14.98277778,
       58.74666667
      ],
      [
       14.92055556,
       58.77416667
      ],
      [
       15.59055556,
       59.05416667
      ]
     ]
    ]
   },
   "properties": {
    "lager": "Militär sektor",
    "namn": "ES M84",
    "typ": "EXES",
    "beteckning": "ESAA",
    "plats": "M84",
    "hojd": "GND–UNL",
    "operator": "",
    "gäller_fr": "2026-06-11",
    "kommentar": ""
   }
  },
  {
   "type": "Feature",
   "geometry": {
    "type": "Polygon",
    "coordinates": [
     [
      [
       14.1875,
       58.45833333
      ],
      [
       14.40777778,
       58.3425
      ],
      [
       14.47166667,
       58.30777778
      ],
      [
       13.96777778,
       58.03388889
      ],
      [
       13.64694444,
       58.21722222
      ],
      [
       14.1875,
       58.45833333
      ]
     ]
    ]
   },
   "properties": {
    "lager": "Militär sektor",
    "namn": "ES S63",
    "typ": "EXES",
    "beteckning": "ESAA",
    "plats": "S63",
    "hojd": "GND–UNL",
    "operator": "",
    "gäller_fr": "2026-06-11",
    "kommentar": ""
   }
  },
  {
   "type": "Feature",
   "geometry": {
    "type": "Polygon",
    "coordinates": [
     [
      [
       14.47166667,
       58.30777778
      ],
      [
       15.01944444,
       58.21916667
      ],
      [
       15.21472222,
       58.18722222
      ],
      [
       15.06916667,
       58.0925
      ],
      [
       14.92194444,
       57.99333333
      ],
      [
       14.47527778,
       57.68722222
      ],
      [
       13.96777778,
       58.03388889
      ],
      [
       14.47166667,
       58.30777778
      ]
     ]
    ]
   },
   "properties": {
    "lager": "Militär sektor",
    "namn": "ES S64",
    "typ": "EXES",
    "beteckning": "ESAA",
    "plats": "S64",
    "hojd": "GND–UNL",
    "operator": "",
    "gäller_fr": "2026-06-11",
    "kommentar": ""
   }
  },
  {
   "type": "Feature",
   "geometry": {
    "type": "Polygon",
    "coordinates": [
     [
      [
       15.72861111,
       57.64
      ],
      [
       15.76444444,
       57.62472222
      ],
      [
       16.80472222,
       57.54305556
      ],
      [
       16.46861111,
       57.21611111
      ],
      [
       16.19138889,
       57.22333333
      ],
      [
       15.41444444,
       57.41388889
      ],
      [
       15.72861111,
       57.64
      ]
     ]
    ]
   },
   "properties": {
    "lager": "Militär sektor",
    "namn": "ES S43",
    "typ": "EXES",
    "beteckning": "ESAA",
    "plats": "S43",
    "hojd": "GND–UNL",
    "operator": "",
    "gäller_fr": "2026-06-11",
    "kommentar": ""
   }
  },
  {
   "type": "Feature",
   "geometry": {
    "type": "Polygon",
    "coordinates": [
     [
      [
       13.25388889,
       58.61222222
      ],
      [
       13.32444444,
       58.51694444
      ],
      [
       13.32444444,
       58.29527778
      ],
      [
       13.27694444,
       58.09694444
      ],
      [
       13.12916667,
       58.10027778
      ],
      [
       12.785,
       58.10805556
      ],
      [
       12.35388889,
       58.11638889
      ],
      [
       12.24861111,
       58.17055556
      ],
      [
       11.9975,
       58.29972222
      ],
      [
       12.21027778,
       58.3225
      ],
      [
       12.65527778,
       58.36722222
      ],
      [
       13.25388889,
       58.61222222
      ]
     ]
    ]
   },
   "properties": {
    "lager": "Militär sektor",
    "namn": "ES L71",
    "typ": "EXES",
    "beteckning": "ESAA",
    "plats": "L71",
    "hojd": "GND–UNL",
    "operator": "",
    "gäller_fr": "2026-06-11",
    "kommentar": ""
   }
  },
  {
   "type": "Feature",
   "geometry": {
    "type": "Polygon",
    "coordinates": [
     [
      [
       13.61944444,
       58.75722222
      ],
      [
       14.1875,
       58.45833333
      ],
      [
       13.64694444,
       58.21722222
      ],
      [
       13.37388889,
       58.12861111
      ],
      [
       13.27694444,
       58.09694444
      ],
      [
       13.32444444,
       58.29527778
      ],
      [
       13.32444444,
       58.51694444
      ],
      [
       13.25388889,
       58.61222222
      ],
      [
       13.61944444,
       58.75722222
      ]
     ]
    ]
   },
   "properties": {
    "lager": "Militär sektor",
    "namn": "ES L72",
    "typ": "EXES",
    "beteckning": "ESAA",
    "plats": "L72",
    "hojd": "GND–UNL",
    "operator": "",
    "gäller_fr": "2026-06-11",
    "kommentar": ""
   }
  }
 ]
}