{
 "type": "FeatureCollection",
 "metadata": {
  "source": "https://dronechart.lfv.se/geoserver/wfs",
  "provider": "LFV / Transportstyrelsen",
  "generated": "2026-07-03T17:06:51.685Z"
 },
 "features": [
  {
   "type": "Feature",
   "geometry": {
    "type": "Polygon",
    "coordinates": [
     [
      [
       14.32083333,
       56.47722222
      ],
      [
       14.39694444,
       56.21527778
      ],
      [
       14.29472222,
       55.6775
      ],
      [
       14.01861111,
       55.62611111
      ],
      [
       13.80166667,
       55.70444444
      ],
      [
       13.83388889,
       55.85638889
      ],
      [
       13.86444444,
       56
      ],
      [
       13.91222222,
       56.22111111
      ],
      [
       13.93416667,
       56.47694444
      ],
      [
       14.32083333,
       56.47722222
      ]
     ]
    ]
   },
   "properties": {
    "lager": "Kontrollområde (TMA)",
    "namn": "KRISTIANSTAD TMA",
    "typ": "TMAW",
    "beteckning": "ESMK",
    "plats": "KRISTIANSTAD TMA",
    "hojd": "GND",
    "operator": "",
    "gäller_fr": "2026-06-11",
    "kommentar": ""
   }
  },
  {
   "type": "Feature",
   "geometry": {
    "type": "Polygon",
    "coordinates": [
     [
      [
       22.04555556,
       66.00694444
      ],
      [
       22.13166667,
       65.95861111
      ],
      [
       22.45166667,
       65.77666667
      ],
      [
       23.02861111,
       65.44055556
      ],
      [
       22.56972222,
       65.105
      ],
      [
       22.37916667,
       65.06972222
      ],
      [
       22.15527778,
       65.02694444
      ],
      [
       21.86611111,
       64.87416667
      ],
      [
       20.94805556,
       65.08166667
      ],
      [
       21.155,
       65.23694444
      ],
      [
       21.19861111,
       65.55916667
      ],
      [
       21.20472222,
       65.60611111
      ],
      [
       21.24555556,
       65.89861111
      ],
      [
       21.49555556,
       65.94861111
      ],
      [
       22.04555556,
       66.00694444
      ]
     ]
    ]
   },
   "properties": {
    "lager": "Kontrollområde (TMA)",
    "namn": "LULEÅ TMA",
    "typ": "TMAW",
    "beteckning": "ESPA",
    "plats": "LULEÅ TMA",
    "hojd": "GND",
    "operator": "",
    "gäller_fr": "2026-06-11",
    "kommentar": ""
   }
  },
  {
   "type": "Feature",
   "geometry": {
    "type": "Polygon",
    "coordinates": [
     [
      [
       18.85638889,
       65.87888889
      ],
      [
       19.45527778,
       65.68527778
      ],
      [
       20.06638889,
       65.48277778
      ],
      [
       19.72111111,
       65.25055556
      ],
      [
       19.43416667,
       65.04944444
      ],
      [
       18.48527778,
       65.36083333
      ],
      [
       18.45277778,
       65.66444444
      ],
      [
       18.85638889,
       65.87888889
      ]
     ]
    ]
   },
   "properties": {
    "lager": "Kontrollområde (TMA)",
    "namn": "ARVIDSJAUR TMA",
    "typ": "TMAW",
    "beteckning": "ESNX",
    "plats": "ARVIDSJAUR TMA",
    "hojd": "GND",
    "operator": "",
    "gäller_fr": "2026-06-11",
    "kommentar": ""
   }
  },
  {
   "type": "Feature",
   "geometry": {
    "type": "Polygon",
    "coordinates": [
     [
      [
       15.14333333,
       60.68361111
      ],
      [
       15.46694444,
       60.67777778
      ],
      [
       15.81305556,
       60.545
      ],
      [
       16.20694444,
       60.31611111
      ],
      [
       15.88166667,
       60.125
      ],
      [
       15.16027778,
       59.88555556
      ],
      [
       15.0425,
       59.94416667
      ],
      [
       15.12972222,
       60.22027778
      ],
      [
       15.00527778,
       60.51333333
      ],
      [
       15.00083333,
       60.61194444
      ],
      [
       15.14333333,
       60.68361111
      ]
     ]
    ]
   },
   "properties": {
    "lager": "Kontrollområde (TMA)",
    "namn": "BORLÄNGE TMA",
    "typ": "TMAW",
    "beteckning": "ESSD",
    "plats": "BORLÄNGE TMA",
    "hojd": "GND",
    "operator": "",
    "gäller_fr": "2026-06-11",
    "kommentar": ""
   }
  },
  {
   "type": "Feature",
   "geometry": {
    "type": "Polygon",
    "coordinates": [
     [
      [
       12.4975,
       58.76611111
      ],
      [
       13.16388889,
       58.73277778
      ],
      [
       13.32444444,
       58.51694444
      ],
      [
       13.32444444,
       58.29527778
      ],
      [
       13.27694444,
       58.09694444
      ],
      [
       13.19916667,
       57.76722222
      ],
      [
       12.69583333,
       57.2275
      ],
      [
       11.76611111,
       56.98555556
      ],
      [
       11.58277778,
       57.21361111
      ],
      [
       11.14055556,
       57.75138889
      ],
      [
       11.45027778,
       58.12777778
      ],
      [
       11.9975,
       58.46527778
      ],
      [
       12.29555556,
       58.64555556
      ],
      [
       12.4975,
       58.76611111
      ]
     ]
    ]
   },
   "properties": {
    "lager": "Kontrollområde (TMA)",
    "namn": "GÖTEBORG TMA",
    "typ": "TMAW",
    "beteckning": "ESGG",
    "plats": "GÖTEBORG TMA",
    "hojd": "GND",
    "operator": "",
    "gäller_fr": "2026-06-11",
    "kommentar": ""
   }
  },
  {
   "type": "Feature",
   "geometry": {
    "type": "Polygon",
    "coordinates": [
     [
      [
       14.84805556,
       58.10777778
      ],
      [
       14.93777778,
       57.96805556
      ],
      [
       14.70944444,
       57.71416667
      ],
      [
       14.47805556,
       57.66305556
      ],
      [
       14.42027778,
       57.65027778
      ],
      [
       14.10527778,
       57.43083333
      ],
      [
       14.05333333,
       57.21194444
      ],
      [
       13.80027778,
       57.22111111
      ],
      [
       13.60722222,
       57.53666667
      ],
      [
       13.96777778,
       58.03388889
      ],
      [
       14.32166667,
       58.06416667
      ],
      [
       14.84805556,
       58.10777778
      ]
     ]
    ]
   },
   "properties": {
    "lager": "Kontrollområde (TMA)",
    "namn": "JÖNKÖPING TMA",
    "typ": "TMAW",
    "beteckning": "ESGJ",
    "plats": "JÖNKÖPING TMA",
    "hojd": "GND",
    "operator": "",
    "gäller_fr": "2026-06-11",
    "kommentar": ""
   }
  },
  {
   "type": "Feature",
   "geometry": {
    "type": "Polygon",
    "coordinates": [
     [
      [
       16.19138889,
       57.22333333
      ],
      [
       16.46861111,
       57.21611111
      ],
      [
       16.57055556,
       56.96333333
      ],
      [
       16.675,
       56.70055556
      ],
      [
       16.66361111,
       56.49972222
      ],
      [
       16.32555556,
       56.40333333
      ],
      [
       16.09138889,
       56.38583333
      ],
      [
       15.84166667,
       56.65833333
      ],
      [
       15.9275,
       56.97888889
      ],
      [
       16.19138889,
       57.22333333
      ]
     ]
    ]
   },
   "properties": {
    "lager": "Kontrollområde (TMA)",
    "namn": "KALMAR TMA",
    "typ": "TMAW",
    "beteckning": "ESMQ",
    "plats": "KALMAR TMA",
    "hojd": "GND",
    "operator": "",
    "gäller_fr": "2026-06-11",
    "kommentar": ""
   }
  },
  {
   "type": "Feature",
   "geometry": {
    "type": "Polygon",
    "coordinates": [
     [
      [
       14.20138889,
       59.78666667
      ],
      [
       14.29333333,
       59.65416667
      ],
      [
       13.96388889,
       59.42833333
      ],
      [
       13.325,
       59.11722222
      ],
      [
       13.08472222,
       58.90972222
      ],
      [
       12.83055556,
       58.93805556
      ],
      [
       12.90916667,
       59.22444444
      ],
      [
       13.02361111,
       59.52138889
      ],
      [
       13.42555556,
       59.77611111
      ],
      [
       13.59361111,
       59.77888889
      ],
      [
       14.20138889,
       59.78666667
      ]
     ]
    ]
   },
   "properties": {
    "lager": "Kontrollområde (TMA)",
    "namn": "KARLSTAD TMA",
    "typ": "TMAW",
    "beteckning": "ESOK",
    "plats": "KARLSTAD TMA",
    "hojd": "GND",
    "operator": "",
    "gäller_fr": "2026-06-11",
    "kommentar": ""
   }
  },
  {
   "type": "Feature",
   "geometry": {
    "type": "Polygon",
    "coordinates": [
     [
      [
       20.39888889,
       68.16194444
      ],
      [
       20.81222222,
       67.99
      ],
      [
       20.91222222,
       67.79027778
      ],
      [
       20.91777778,
       67.51527778
      ],
      [
       20.91777778,
       67.39861111
      ],
      [
       20.49555556,
       67.33194444
      ],
      [
       19.99583333,
       67.35694444
      ],
      [
       19.91833333,
       67.54
      ],
      [
       19.82916667,
       67.74861111
      ],
      [
       20.03888889,
       67.85694444
      ],
      [
       20.07972222,
       67.985
      ],
      [
       20.39888889,
       68.16194444
      ]
     ]
    ]
   },
   "properties": {
    "lager": "Kontrollområde (TMA)",
    "namn": "KIRUNA TMA",
    "typ": "TMAW",
    "beteckning": "ESNQ",
    "plats": "KIRUNA TMA",
    "hojd": "GND",
    "operator": "",
    "gäller_fr": "2026-06-11",
    "kommentar": ""
   }
  },
  {
   "type": "Feature",
   "geometry": {
    "type": "Polygon",
    "coordinates": [
     [
      [
       19.04805556,
       63.73555556
      ],
      [
       19.71777778,
       63.39888889
      ],
      [
       19.26083333,
       63.06972222
      ],
      [
       18.99305556,
       62.83777778
      ],
      [
       18.65638889,
       62.845
      ],
      [
       18.25472222,
       63.34694444
      ],
      [
       18.68111111,
       63.66861111
      ],
      [
       19.04805556,
       63.73555556
      ]
     ]
    ]
   },
   "properties": {
    "lager": "Kontrollområde (TMA)",
    "namn": "ÖRNSKÖLDSVIK TMA",
    "typ": "TMAW",
    "beteckning": "ESNO",
    "plats": "ÖRNSKÖLDSVIK TMA",
    "hojd": "GND",
    "operator": "",
    "gäller_fr": "2026-06-11",
    "kommentar": ""
   }
  },
  {
   "type": "Feature",
   "geometry": {
    "type": "Polygon",
    "coordinates": [
     [
      [
       14.30777778,
       55.29055556
      ],
      [
       14.41472222,
       55.25944444
      ],
      [
       14.42476813,
       55.26496891
      ],
      [
       14.43698697,
       55.27126568
      ],
      [
       14.449586,
       55.27731455
      ],
      [
       14.46254984,
       55.28310815
      ],
      [
       14.47586263,
       55.28863943
      ],
      [
       14.48950809,
       55.29390163
      ],
      [
       14.50346954,
       55.29888835
      ],
      [
       14.51772986,
       55.30359352
      ],
      [
       14.53227158,
       55.3080114
      ],
      [
       14.54707687,
       55.31213662
      ],
      [
       14.56212757,
       55.31596414
      ],
      [
       14.5774052,
       55.3194893
      ],
      [
       14.592891,
       55.32270781
      ],
      [
       14.60856596,
       55.32561576
      ],
      [
       14.6244108,
       55.32820958
      ],
      [
       14.64040605,
       55.33048614
      ],
      [
       14.65653205,
       55.33244264
      ],
      [
       14.67276895,
       55.33407672
      ],
      [
       14.6890968,
       55.33538637
      ],
      [
       14.70549549,
       55.33637002
      ],
      [
       14.72194485,
       55.33702644
      ],
      [
       14.73842464,
       55.33735486
      ],
      [
       14.75491458,
       55.33735486
      ],
      [
       14.77139437,
       55.33702644
      ],
      [
       14.78784373,
       55.33637002
      ],
      [
       14.80424242,
       55.33538637
      ],
      [
       14.82057027,
       55.33407672
      ],
      [
       14.83680717,
       55.33244264
      ],
      [
       14.85293317,
       55.33048614
      ],
      [
       14.86892842,
       55.32820958
      ],
      [
       14.88477327,
       55.32561576
      ],
      [
       14.90044822,
       55.32270781
      ],
      [
       14.91593402,
       55.3194893
      ],
      [
       14.93121166,
       55.31596414
      ],
      [
       14.94626235,
       55.31213662
      ],
      [
       14.96106764,
       55.3080114
      ],
      [
       14.97560936,
       55.30359352
      ],
      [
       14.98986968,
       55.29888835
      ],
      [
       15.00383113,
       55.29390163
      ],
      [
       15.0174766,
       55.28863943
      ],
      [
       15.03078939,
       55.28310815
      ],
      [
       15.04375322,
       55.27731455
      ],
      [
       15.05635225,
       55.27126568
      ],
      [
       15.06857109,
       55.26496891
      ],
      [
       15.08039484,
       55.2584319
      ],
      [
       15.09180903,
       55.25166261
      ],
      [
       15.10279985,
       55.24466932
      ],
      [
       15.1133539,
       55.23746053
      ],
      [
       15.12345836,
       55.23004503
      ],
      [
       15.13310096,
       55.22243185
      ],
      [
       15.14227003,
       55.21463028
      ],
      [
       15.15095446,
       55.2066498
      ],
      [
       15.15914378,
       55.19850015
      ],
      [
       15.1668281,
       55.19019126
      ],
      [
       15.17399821,
       55.18173325
      ],
      [
       15.18064542,
       55.17313641
      ],
      [
       15.18676181,
       55.16441123
      ],
      [
       15.19234009,
       55.15556833
      ],
      [
       15.1973736,
       55.1466185
      ],
      [
       15.20185639,
       55.13757264
      ],
      [
       15.20578317,
       55.12844176
      ],
      [
       15.20914933,
       55.11923699
      ],
      [
       15.21195095,
       55.10996955
      ],
      [
       15.21418483,
       55.10065072
      ],
      [
       15.21584842,
       55.09129187
      ],
      [
       15.21693991,
       55.08190439
      ],
      [
       15.21745816,
       55.07249972
      ],
      [
       15.21740275,
       55.06308931
      ],
      [
       15.21677394,
       55.05368464
      ],
      [
       15.2155727,
       55.04429716
      ],
      [
       15.2138007,
       55.03493831
      ],
      [
       15.2114603,
       55.02561948
      ],
      [
       15.20855453,
       55.01635204
      ],
      [
       15.20508712,
       55.00714727
      ],
      [
       15.20106249,
       54.99801639
      ],
      [
       15.19648571,
       54.98897053
      ],
      [
       15.19136254,
       54.9800207
      ],
      [
       15.18569937,
       54.9711778
      ],
      [
       15.17950325,
       54.96245262
      ],
      [
       15.17278189,
       54.95385578
      ],
      [
       15.16554359,
       54.94539776
      ],
      [
       15.15779731,
       54.93708886
      ],
      [
       15.14955259,
       54.92893921
      ],
      [
       15.14081957,
       54.92095873
      ],
      [
       15.13160899,
       54.91315715
      ],
      [
       15.12193214,
       54.90554397
      ],
      [
       15.11180086,
       54.89812847
      ],
      [
       15.10122756,
       54.89091969
      ],
      [
       15.09022514,
       54.8839264
      ],
      [
       15.07880703,
       54.87715713
      ],
      [
       15.06698715,
       54.87062013
      ],
      [
       15.05477989,
       54.86432336
      ],
      [
       15.04220011,
       54.85827448
      ],
      [
       15.02926309,
       54.85248088
      ],
      [
       15.01598454,
       54.84694961
      ],
      [
       15.00238059,
       54.84168741
      ],
      [
       14.98846773,
       54.83670068
      ],
      [
       14.97426282,
       54.83199551
      ],
      [
       14.95978308,
       54.82757763
      ],
      [
       14.94504602,
       54.82345242
      ],
      [
       14.93006948,
       54.8196249
      ],
      [
       14.91487157,
       54.81609973
      ],
      [
       14.89947067,
       54.81288122
      ],
      [
       14.88388537,
       54.80997328
      ],
      [
       14.86813452,
       54.80737945
      ],
      [
       14.85223712,
       54.8051029
      ],
      [
       14.83621237,
       54.80314639
      ],
      [
       14.82007961,
       54.80151231
      ],
      [
       14.8038583,
       54.80020266
      ],
      [
       14.78756801,
       54.79921902
      ],
      [
       14.7712284,
       54.79856259
      ],
      [
       14.75485917,
       54.79823418
      ],
      [
       14.73848006,
       54.79823418
      ],
      [
       14.72211082,
       54.79856259
      ],
      [
       14.70577121,
       54.79921902
      ],
      [
       14.68948092,
       54.80020266
      ],
      [
       14.67325962,
       54.80151231
      ],
      [
       14.65712685,
       54.80314639
      ],
      [
       14.6411021,
       54.8051029
      ],
      [
       14.6252047,
       54.80737945
      ],
      [
       14.60945385,
       54.80997328
      ],
      [
       14.59386856,
       54.81288122
      ],
      [
       14.57846765,
       54.81609973
      ],
      [
       14.56326974,
       54.8196249
      ],
      [
       14.5482932,
       54.82345242
      ],
      [
       14.53355615,
       54.82757763
      ],
      [
       14.5190764,
       54.83199551
      ],
      [
       14.50487149,
       54.83670068
      ],
      [
       14.49095863,
       54.84168741
      ],
      [
       14.47735468,
       54.84694961
      ],
      [
       14.46407614,
       54.85248088
      ],
      [
       14.45113912,
       54.85827448
      ],
      [
       14.43855933,
       54.86432336
      ],
      [
       14.42635207,
       54.87062013
      ],
      [
       14.41453219,
       54.87715713
      ],
      [
       14.40311409,
       54.8839264
      ],
      [
       14.39211167,
       54.89091969
      ],
      [
       14.38153836,
       54.89812847
      ],
      [
       14.37140709,
       54.90554397
      ],
      [
       14.36173023,
       54.91315715
      ],
      [
       14.3575,
       54.91666667
      ],
      [
       14.16666667,
       54.91666667
      ],
      [
       14.16666667,
       55.17583333
      ],
      [
       14.30777778,
       55.29055556
      ]
     ]
    ]
   },
   "properties": {
    "lager": "Kontrollområde (TMA)",
    "namn": "ROENNE TMA",
    "typ": "TMAW",
    "beteckning": "EKRN",
    "plats": "ROENNE TMA",
    "hojd": "4500–FL 95",
    "operator": "",
    "gäller_fr": "2026-06-11",
    "kommentar": "E Restricted area EK R95 and R96 are situated within TMA"
   }
  },
  {
   "type": "Feature",
   "geometry": {
    "type": "Polygon",
    "coordinates": [
     [
      [
       14.85944444,
       57.48166667
      ],
      [
       15.10194444,
       57.44833333
      ],
      [
       15.16972222,
       57.23777778
      ],
      [
       15.07416667,
       57.16916667
      ],
      [
       15.0025,
       57.11777778
      ],
      [
       14.79722222,
       56.69055556
      ],
      [
       14.53361111,
       56.63416667
      ],
      [
       14.35555556,
       56.59555556
      ],
      [
       14.16388889,
       56.5075
      ],
      [
       13.92527778,
       56.61138889
      ],
      [
       14.07722222,
       56.87805556
      ],
      [
       14.42472222,
       56.99972222
      ],
      [
       14.62861111,
       57.2275
      ],
      [
       14.85944444,
       57.48166667
      ]
     ]
    ]
   },
   "properties": {
    "lager": "Kontrollområde (TMA)",
    "namn": "KRONOBERG TMA",
    "typ": "TMAW",
    "beteckning": "ESMX",
    "plats": "KRONOBERG TMA",
    "hojd": "GND",
    "operator": "",
    "gäller_fr": "2026-06-11",
    "kommentar": ""
   }
  },
  {
   "type": "Feature",
   "geometry": {
    "type": "Polygon",
    "coordinates": [
     [
      [
       13.24722222,
       56.75972222
      ],
      [
       13.44277778,
       56.67916667
      ],
      [
       13.41222222,
       56.32222222
      ],
      [
       13.175,
       56.12277778
      ],
      [
       13.04611111,
       56.06027778
      ],
      [
       12.9825,
       56.08722222
      ],
      [
       12.80777778,
       56.19666667
      ],
      [
       12.44277778,
       56.38666667
      ],
      [
       12.56833333,
       56.55083333
      ],
      [
       12.74805556,
       56.53916667
      ],
      [
       13.07055556,
       56.58888889
      ],
      [
       13.15222222,
       56.67027778
      ],
      [
       13.24722222,
       56.75972222
      ]
     ]
    ]
   },
   "properties": {
    "lager": "Kontrollområde (TMA)",
    "namn": "ÄNGELHOLM TMA",
    "typ": "TMAW",
    "beteckning": "ESTA",
    "plats": "ÄNGELHOLM TMA",
    "hojd": "GND",
    "operator": "",
    "gäller_fr": "2026-06-11",
    "kommentar": ""
   }
  },
  {
   "type": "Feature",
   "geometry": {
    "type": "Polygon",
    "coordinates": [
     [
      [
       14.92583333,
       59.5675
      ],
      [
       15.40361111,
       59.54111111
      ],
      [
       15.98527778,
       59.50666667
      ],
      [
       15.99416667,
       59.30166667
      ],
      [
       15.5275,
       59.18916667
      ],
      [
       15.31222222,
       58.93888889
      ],
      [
       15.00638889,
       58.81055556
      ],
      [
       14.92055556,
       58.77416667
      ],
      [
       14.54611111,
       58.72138889
      ],
      [
       14.34777778,
       58.80555556
      ],
      [
       14.27055556,
       59.01527778
      ],
      [
       14.45444444,
       59.08555556
      ],
      [
       14.70277778,
       59.17944444
      ],
      [
       14.92583333,
       59.5675
      ]
     ]
    ]
   },
   "properties": {
    "lager": "Kontrollområde (TMA)",
    "namn": "ÖREBRO TMA",
    "typ": "TMAW",
    "beteckning": "ESOE",
    "plats": "ÖREBRO TMA",
    "hojd": "GND",
    "operator": "",
    "gäller_fr": "2026-06-11",
    "kommentar": ""
   }
  },
  {
   "type": "Feature",
   "geometry": {
    "type": "Polygon",
    "coordinates": [
     [
      [
       16.70777778,
       59.01194444
      ],
      [
       17.22333333,
       58.97861111
      ],
      [
       17.40777778,
       58.96611111
      ],
      [
       17.45694444,
       58.61638889
      ],
      [
       17.215,
       58.36638889
      ],
      [
       17.04777778,
       58.26166667
      ],
      [
       16.43222222,
       58.12444444
      ],
      [
       16.07694444,
       57.86944444
      ],
      [
       15.7775,
       57.94194444
      ],
      [
       14.85972222,
       58.13611111
      ],
      [
       14.88861111,
       58.24138889
      ],
      [
       15.04027778,
       58.4275
      ],
      [
       15.24416667,
       58.67444444
      ],
      [
       15.89777778,
       58.79972222
      ],
      [
       16.20111111,
       58.85638889
      ],
      [
       16.67166667,
       58.9425
      ],
      [
       16.70777778,
       59.01194444
      ]
     ]
    ]
   },
   "properties": {
    "lager": "Kontrollområde (TMA)",
    "namn": "ÖSTGÖTA TMA",
    "typ": "TMAW",
    "beteckning": "ESSP",
    "plats": "ÖSTGÖTA TMA",
    "hojd": "GND",
    "operator": "",
    "gäller_fr": "2026-06-11",
    "kommentar": ""
   }
  },
  {
   "type": "Feature",
   "geometry": {
    "type": "Polygon",
    "coordinates": [
     [
      [
       15.11611111,
       56.68888889
      ],
      [
       15.84166667,
       56.65833333
      ],
      [
       16.09138889,
       56.38583333
      ],
      [
       15.64416667,
       56.19444444
      ],
      [
       15.56361111,
       55.90833333
      ],
      [
       14.81388889,
       55.96944444
      ],
      [
       14.89722222,
       56.55916667
      ],
      [
       15.11611111,
       56.68888889
      ]
     ]
    ]
   },
   "properties": {
    "lager": "Kontrollområde (TMA)",
    "namn": "RONNEBY TMA",
    "typ": "TMAW",
    "beteckning": "ESDF",
    "plats": "RONNEBY TMA",
    "hojd": "1500–FL 95",
    "operator": "",
    "gäller_fr": "2026-06-11",
    "kommentar": "C"
   }
  },
  {
   "type": "Feature",
   "geometry": {
    "type": "Polygon",
    "coordinates": [
     [
      [
       20.94805556,
       65.08166667
      ],
      [
       21.86611111,
       64.87416667
      ],
      [
       21.79583333,
       64.83666667
      ],
      [
       21.79055556,
       64.70916667
      ],
      [
       21.77972222,
       64.645
      ],
      [
       21.52,
       64.34472222
      ],
      [
       21.35555556,
       64.18666667
      ],
      [
       20.19361111,
       64.27444444
      ],
      [
       20.34111111,
       64.48111111
      ],
      [
       20.56555556,
       64.78888889
      ],
      [
       20.63944444,
       64.84611111
      ],
      [
       20.94805556,
       65.08166667
      ]
     ]
    ]
   },
   "properties": {
    "lager": "Kontrollområde (TMA)",
    "namn": "SKELLEFTEÅ TMA",
    "typ": "TMAW",
    "beteckning": "ESNS",
    "plats": "SKELLEFTEÅ TMA",
    "hojd": "GND",
    "operator": "",
    "gäller_fr": "2026-06-11",
    "kommentar": ""
   }
  },
  {
   "type": "Feature",
   "geometry": {
    "type": "Polygon",
    "coordinates": [
     [
      [
       18.21305556,
       60.29944444
      ],
      [
       18.55472222,
       60.26611111
      ],
      [
       18.84694444,
       59.88277778
      ],
      [
       19.31361111,
       60.03527778
      ],
      [
       19.82805556,
       59.67361111
      ],
      [
       19.27361111,
       59.59944444
      ],
      [
       18.96833333,
       59.255
      ],
      [
       18.75472222,
       59.04194444
      ],
      [
       18.53944444,
       58.8325
      ],
      [
       18.45722222,
       58.7525
      ],
      [
       17.93277778,
       58.58305556
      ],
      [
       17.45694444,
       58.61638889
      ],
      [
       17.40777778,
       58.96611111
      ],
      [
       17.22333333,
       58.97861111
      ],
      [
       16.70777778,
       59.01194444
      ],
      [
       16.26777778,
       59.04944444
      ],
      [
       16.31833333,
       59.32388889
      ],
      [
       16.44666667,
       59.74944444
      ],
      [
       17.59666667,
       60.23277778
      ],
      [
       18.21305556,
       60.29944444
      ]
     ]
    ]
   },
   "properties": {
    "lager": "Kontrollområde (TMA)",
    "namn": "STOCKHOLM TMA",
    "typ": "TMAW",
    "beteckning": "ESSA",
    "plats": "STOCKHOLM TMA",
    "hojd": "GND",
    "operator": "",
    "gäller_fr": "2026-06-11",
    "kommentar": "Prior Notice required for certain operations within TMA.\nTypes of traffic affected, see AD 2-ESSA para 2.23."
   }
  },
  {
   "type": "Feature",
   "geometry": {
    "type": "Polygon",
    "coordinates": [
     [
      [
       17.89916667,
       63.06694444
      ],
      [
       18.06083333,
       62.98055556
      ],
      [
       18.25416667,
       62.87611111
      ],
      [
       18.21083333,
       62.61777778
      ],
      [
       18.14333333,
       62.20472222
      ],
      [
       18.04444444,
       61.92861111
      ],
      [
       17.6325,
       61.87055556
      ],
      [
       17.45805556,
       61.86
      ],
      [
       16.92416667,
       62.0375
      ],
      [
       16.81222222,
       62.10055556
      ],
      [
       16.62888889,
       62.40444444
      ],
      [
       16.67305556,
       62.6575
      ],
      [
       16.71611111,
       62.905
      ],
      [
       17.56416667,
       63.02222222
      ],
      [
       17.89916667,
       63.06694444
      ]
     ]
    ]
   },
   "properties": {
    "lager": "Kontrollområde (TMA)",
    "namn": "SUNDSVALL TMA",
    "typ": "TMAW",
    "beteckning": "ESNN",
    "plats": "SUNDSVALL TMA",
    "hojd": "GND",
    "operator": "",
    "gäller_fr": "2026-06-11",
    "kommentar": ""
   }
  },
  {
   "type": "Feature",
   "geometry": {
    "type": "Polygon",
    "coordinates": [
     [
      [
       20.19361111,
       64.27444444
      ],
      [
       21.35555556,
       64.18666667
      ],
      [
       20.94416667,
       63.78305556
      ],
      [
       20.64638889,
       63.48111111
      ],
      [
       20.42333333,
       63.37888889
      ],
      [
       20.09444444,
       63.20444444
      ],
      [
       19.71777778,
       63.39888889
      ],
      [
       19.04805556,
       63.73555556
      ],
      [
       19.33361111,
       63.8725
      ],
      [
       20.10972222,
       64.23583333
      ],
      [
       20.19361111,
       64.27444444
      ]
     ]
    ]
   },
   "properties": {
    "lager": "Kontrollområde (TMA)",
    "namn": "UMEÅ TMA",
    "typ": "TMAW",
    "beteckning": "ESNU",
    "plats": "UMEÅ TMA",
    "hojd": "GND",
    "operator": "",
    "gäller_fr": "2026-06-11",
    "kommentar": ""
   }
  },
  {
   "type": "Feature",
   "geometry": {
    "type": "Polygon",
    "coordinates": [
     [
      [
       19.6875,
       66.21527778
      ],
      [
       19.88611111,
       66.17444444
      ],
      [
       21.24555556,
       65.89861111
      ],
      [
       20.76888889,
       65.49638889
      ],
      [
       19.35527778,
       65.79833333
      ],
      [
       19.19611111,
       65.83194444
      ],
      [
       19.6875,
       66.21527778
      ]
     ]
    ]
   },
   "properties": {
    "lager": "Kontrollområde (TMA)",
    "namn": "VIDSEL TMA",
    "typ": "TMAW",
    "beteckning": "ESPE",
    "plats": "VIDSEL TMA",
    "hojd": "GND",
    "operator": "",
    "gäller_fr": "2026-06-11",
    "kommentar": "C"
   }
  },
  {
   "type": "Feature",
   "geometry": {
    "type": "Polygon",
    "coordinates": [
     [
      [
       18.56083333,
       58.25416667
      ],
      [
       18.67527778,
       58.07833333
      ],
      [
       18.91277778,
       57.70694444
      ],
      [
       18.56055556,
       57.33194444
      ],
      [
       17.83805556,
       57.45805556
      ],
      [
       17.81472222,
       57.91388889
      ],
      [
       17.83861111,
       58.17555556
      ],
      [
       18.56083333,
       58.25416667
      ]
     ]
    ]
   },
   "properties": {
    "lager": "Kontrollområde (TMA)",
    "namn": "VISBY TMA",
    "typ": "TMAW",
    "beteckning": "ESSV",
    "plats": "VISBY TMA",
    "hojd": "GND",
    "operator": "",
    "gäller_fr": "2026-06-11",
    "kommentar": ""
   }
  },
  {
   "type": "Feature",
   "geometry": {
    "type": "Polygon",
    "coordinates": [
     [
      [
       14.42027778,
       57.65027778
      ],
      [
       14.79972222,
       57.47083333
      ],
      [
       14.85944444,
       57.48166667
      ],
      [
       14.42472222,
       56.99972222
      ],
      [
       14.07722222,
       56.87805556
      ],
      [
       13.84416667,
       56.92222222
      ],
      [
       13.47694444,
       57.10805556
      ],
      [
       14.42027778,
       57.65027778
      ]
     ]
    ]
   },
   "properties": {
    "lager": "Kontrollområde (TMA)",
    "namn": "HAGSHULT TMA",
    "typ": "TMAW",
    "beteckning": "ESMV",
    "plats": "HAGSHULT TMA",
    "hojd": "GND",
    "operator": "",
    "gäller_fr": "2026-06-11",
    "kommentar": ""
   }
  },
  {
   "type": "Feature",
   "geometry": {
    "type": "Polygon",
    "coordinates": [
     [
      [
       13.84916667,
       63.59777778
      ],
      [
       14.48833333,
       63.48472222
      ],
      [
       15.27833333,
       63.33972222
      ],
      [
       15.5975,
       63.27944444
      ],
      [
       15.30083333,
       62.76111111
      ],
      [
       15.05194444,
       62.6875
      ],
      [
       14.27805556,
       62.71583333
      ],
      [
       14.0325,
       62.97861111
      ],
      [
       13.34722222,
       63.16722222
      ],
      [
       13.53,
       63.32583333
      ],
      [
       13.84916667,
       63.59777778
      ]
     ]
    ]
   },
   "properties": {
    "lager": "Kontrollområde (TMA)",
    "namn": "ÖSTERSUND TMA",
    "typ": "TMAW",
    "beteckning": "ESNZ",
    "plats": "ÖSTERSUND TMA",
    "hojd": "GND",
    "operator": "",
    "gäller_fr": "2026-06-11",
    "kommentar": ""
   }
  },
  {
   "type": "Feature",
   "geometry": {
    "type": "Polygon",
    "coordinates": [
     [
      [
       12.44277778,
       56.38666667
      ],
      [
       13.41222222,
       56.32222222
      ],
      [
       13.91222222,
       56.22111111
      ],
      [
       14.29472222,
       55.6775
      ],
      [
       14.30777778,
       55.29055556
      ],
      [
       14.16666667,
       55.17583333
      ],
      [
       14.16666667,
       54.91666667
      ],
      [
       13,
       54.91666667
      ],
      [
       12.99888889,
       55.24944444
      ],
      [
       13.11555556,
       55.73277778
      ],
      [
       12.86555556,
       55.97611111
      ],
      [
       12.73222222,
       55.99944444
      ],
      [
       12.67944444,
       56.03277778
      ],
      [
       12.65694444,
       56.03277778
      ],
      [
       12.655,
       56.040556
      ],
      [
       12.6525,
       56.045833
      ],
      [
       12.646389,
       56.053333
      ],
      [
       12.643889,
       56.056111
      ],
      [
       12.640278,
       56.058333
      ],
      [
       12.630145,
       56.063234
      ],
      [
       12.615,
       56.072222
      ],
      [
       12.594722,
       56.085
      ],
      [
       12.583611,
       56.091667
      ],
      [
       12.559167,
       56.105
      ],
      [
       12.551667,
       56.108611
      ],
      [
       12.535556,
       56.116667
      ],
      [
       12.496111,
       56.133611
      ],
      [
       12.479722,
       56.142222
      ],
      [
       12.47,
       56.146389
      ],
      [
       12.451944,
       56.158333
      ],
      [
       12.445278,
       56.163056
      ],
      [
       12.442283,
       56.164901
      ],
      [
       12.44277778,
       56.38666667
      ]
     ]
    ]
   },
   "properties": {
    "lager": "Kontrollområde (TMA)",
    "namn": "MALMÖ TMA ",
    "typ": "TMAW",
    "beteckning": "ESMS",
    "plats": "MALMÖ TMA ",
    "hojd": "GND",
    "operator": "",
    "gäller_fr": "2026-06-11",
    "kommentar": ""
   }
  },
  {
   "type": "Feature",
   "geometry": {
    "type": "Polygon",
    "coordinates": [
     [
      [
       14.79666667,
       58.82833333
      ],
      [
       14.98277778,
       58.74666667
      ],
      [
       15.24416667,
       58.67444444
      ],
      [
       15.04027778,
       58.4275
      ],
      [
       14.16388889,
       58.24305556
      ],
      [
       13.8925,
       58.51555556
      ],
      [
       14.54611111,
       58.72138889
      ],
      [
       14.79666667,
       58.82833333
      ]
     ]
    ]
   },
   "properties": {
    "lager": "Kontrollområde (TMA)",
    "namn": "KARLSBORG TMA",
    "typ": "TMAW",
    "beteckning": "ESIA",
    "plats": "KARLSBORG TMA",
    "hojd": "1700–FL 95",
    "operator": "",
    "gäller_fr": "2026-06-11",
    "kommentar": "C"
   }
  },
  {
   "type": "Feature",
   "geometry": {
    "type": "Polygon",
    "coordinates": [
     [
      [
       12.81388889,
       61.47805556
      ],
      [
       13.35138889,
       61.30805556
      ],
      [
       13.46,
       61.22888889
      ],
      [
       13.51722222,
       61.00777778
      ],
      [
       13.59194444,
       60.71888889
      ],
      [
       13.13333333,
       60.57111111
      ],
      [
       12.67416667,
       60.73694444
      ],
      [
       12.58083333,
       61.04777778
      ],
      [
       12.23944444,
       61.28916667
      ],
      [
       12.33388889,
       61.37166667
      ],
      [
       12.61638889,
       61.46305556
      ],
      [
       12.71222222,
       61.47027778
      ],
      [
       12.81388889,
       61.47805556
      ]
     ]
    ]
   },
   "properties": {
    "lager": "Kontrollområde (TMA)",
    "namn": "SÄLEN TMA",
    "typ": "TMAW",
    "beteckning": "ESKS",
    "plats": "SÄLEN TMA",
    "hojd": "GND",
    "operator": "",
    "gäller_fr": "2026-06-11",
    "kommentar": ""
   }
  },
  {
   "type": "Feature",
   "geometry": {
    "type": "Polygon",
    "coordinates": [
     [
      [
       13.41222222,
       56.32222222
      ],
      [
       13.72416667,
       56.01
      ],
      [
       13.52083333,
       55.91444444
      ],
      [
       13.46388889,
       55.925
      ],
      [
       13.10722222,
       55.93555556
      ],
      [
       12.86555556,
       55.97611111
      ],
      [
       12.80777778,
       56.19666667
      ],
      [
       13.41222222,
       56.32222222
      ]
     ]
    ]
   },
   "properties": {
    "lager": "Kontrollområde (TMA)",
    "namn": "LJUNGBYHED TMA",
    "typ": "TMAW",
    "beteckning": "ESTL",
    "plats": "LJUNGBYHED TMA",
    "hojd": "GND",
    "operator": "",
    "gäller_fr": "2026-06-11",
    "kommentar": ""
   }
  },
  {
   "type": "Feature",
   "geometry": {
    "type": "Polygon",
    "coordinates": [
     [
      [
       13.43222222,
       57.12166667
      ],
      [
       13.51333333,
       57.0075
      ],
      [
       13.24722222,
       56.75972222
      ],
      [
       13.15222222,
       56.67027778
      ],
      [
       13.07055556,
       56.58888889
      ],
      [
       12.95888889,
       56.47666667
      ],
      [
       12.76694444,
       56.43805556
      ],
      [
       12.62305556,
       56.46527778
      ],
      [
       12.56833333,
       56.55083333
      ],
      [
       12.55388889,
       56.61777778
      ],
      [
       12.54694444,
       56.65111111
      ],
      [
       12.64861111,
       56.945
      ],
      [
       13.12944444,
       57.05416667
      ],
      [
       13.43222222,
       57.12166667
      ]
     ]
    ]
   },
   "properties": {
    "lager": "Kontrollområde (TMA)",
    "namn": "HALMSTAD TMA",
    "typ": "TMAW",
    "beteckning": "ESMT",
    "plats": "HALMSTAD TMA",
    "hojd": "GND",
    "operator": "",
    "gäller_fr": "2026-06-11",
    "kommentar": ""
   }
  },
  {
   "type": "Feature",
   "geometry": {
    "type": "Polygon",
    "coordinates": [
     [
      [
       14.74666667,
       54.79837258
      ],
      [
       14.70545288,
       54.79941982
      ],
      [
       14.66455528,
       54.80255351
      ],
      [
       14.62428776,
       54.8077496
      ],
      [
       14.58495967,
       54.81496819
      ],
      [
       14.54687357,
       54.82415386
      ],
      [
       14.51032302,
       54.83523601
      ],
      [
       14.47559043,
       54.84812942
      ],
      [
       14.44294494,
       54.86273486
      ],
      [
       14.41264043,
       54.87893979
      ],
      [
       14.38491354,
       54.89661923
      ],
      [
       14.35998191,
       54.91563663
      ],
      [
       14.33804237,
       54.93584494
      ],
      [
       14.31926945,
       54.95708766
      ],
      [
       14.30381383,
       54.97920003
      ],
      [
       14.29180112,
       55.00201027
      ],
      [
       14.28333073,
       55.0253409
      ],
      [
       14.27847487,
       55.04901006
      ],
      [
       14.27727788,
       55.07283296
      ],
      [
       14.27975563,
       55.09662324
      ],
      [
       14.28589523,
       55.1201945
      ],
      [
       14.2956549,
       55.14336173
      ],
      [
       14.3089641,
       55.16594277
      ],
      [
       14.32572394,
       55.18775974
      ],
      [
       14.3458077,
       55.20864054
      ],
      [
       14.36906178,
       55.22842016
      ],
      [
       14.39530671,
       55.24694205
      ],
      [
       14.42433848,
       55.26405944
      ],
      [
       14.45593013,
       55.27963645
      ],
      [
       14.48983348,
       55.29354934
      ],
      [
       14.52578109,
       55.30568741
      ],
      [
       14.56348845,
       55.31595402
      ],
      [
       14.60265629,
       55.32426736
      ],
      [
       14.64297304,
       55.33056112
      ],
      [
       14.68411746,
       55.33478508
      ],
      [
       14.72576128,
       55.33690552
      ],
      [
       14.76757205,
       55.33690552
      ],
      [
       14.80921588,
       55.33478508
      ],
      [
       14.85036029,
       55.33056112
      ],
      [
       14.89067704,
       55.32426736
      ],
      [
       14.92984488,
       55.31595402
      ],
      [
       14.96755225,
       55.30568741
      ],
      [
       15.00349986,
       55.29354934
      ],
      [
       15.0374032,
       55.27963645
      ],
      [
       15.06899485,
       55.26405944
      ],
      [
       15.09802663,
       55.24694205
      ],
      [
       15.12427155,
       55.22842016
      ],
      [
       15.14752563,
       55.20864054
      ],
      [
       15.1676094,
       55.18775974
      ],
      [
       15.18436923,
       55.16594277
      ],
      [
       15.19767844,
       55.14336173
      ],
      [
       15.2074381,
       55.1201945
      ],
      [
       15.2135777,
       55.09662324
      ],
      [
       15.21605546,
       55.07283296
      ],
      [
       15.21485846,
       55.04901006
      ],
      [
       15.21000261,
       55.0253409
      ],
      [
       15.20153221,
       55.00201027
      ],
      [
       15.1895195,
       54.97920003
      ],
      [
       15.17406388,
       54.95708766
      ],
      [
       15.15529096,
       54.93584494
      ],
      [
       15.13335143,
       54.91563663
      ],
      [
       15.10841979,
       54.89661923
      ],
      [
       15.08069291,
       54.87893979
      ],
      [
       15.05038839,
       54.86273486
      ],
      [
       15.0177429,
       54.84812942
      ],
      [
       14.98301031,
       54.83523601
      ],
      [
       14.94645977,
       54.82415386
      ],
      [
       14.90837367,
       54.81496819
      ],
      [
       14.86904558,
       54.8077496
      ],
      [
       14.82877806,
       54.80255351
      ],
      [
       14.78788045,
       54.79941982
      ],
      [
       14.74666667,
       54.79837258
      ]
     ]
    ]
   },
   "properties": {
    "lager": "Kontrollområde (TMA-sektor)",
    "namn": "Roenne TMA b",
    "typ": "TMAS",
    "beteckning": "EKRN",
    "plats": "Roenne TMA b",
    "hojd": "1500–3500",
    "operator": "",
    "gäller_fr": "2026-06-11",
    "kommentar": "D"
   }
  },
  {
   "type": "Feature",
   "geometry": {
    "type": "Polygon",
    "coordinates": [
     [
      [
       20.63944444,
       64.84611111
      ],
      [
       21.79055556,
       64.70916667
      ],
      [
       21.77972222,
       64.645
      ],
      [
       21.52,
       64.34472222
      ],
      [
       20.34111111,
       64.48111111
      ],
      [
       20.56555556,
       64.78888889
      ],
      [
       20.63944444,
       64.84611111
      ]
     ]
    ]
   },
   "properties": {
    "lager": "Kontrollområde (TMA-sektor)",
    "namn": "Skellefteå TMA a",
    "typ": "TMAS",
    "beteckning": "ESNS",
    "plats": "Skellefteå TMA a",
    "hojd": "2000–FL 95",
    "operator": "",
    "gäller_fr": "2026-06-11",
    "kommentar": "C"
   }
  },
  {
   "type": "Feature",
   "geometry": {
    "type": "Polygon",
    "coordinates": [
     [
      [
       20.34111111,
       64.48111111
      ],
      [
       21.52,
       64.34472222
      ],
      [
       21.35555556,
       64.18666667
      ],
      [
       20.19361111,
       64.27444444
      ],
      [
       20.34111111,
       64.48111111
      ]
     ]
    ]
   },
   "properties": {
    "lager": "Kontrollområde (TMA-sektor)",
    "namn": "Skellefteå TMA b",
    "typ": "TMAS",
    "beteckning": "ESNS",
    "plats": "Skellefteå TMA b",
    "hojd": "4500–FL 95",
    "operator": "",
    "gäller_fr": "2026-06-11",
    "kommentar": "C"
   }
  },
  {
   "type": "Feature",
   "geometry": {
    "type": "Polygon",
    "coordinates": [
     [
      [
       18.21305556,
       60.29944444
      ],
      [
       18.24638889,
       60.09527778
      ],
      [
       18.11305556,
       59.91333333
      ],
      [
       17.64861111,
       59.86555556
      ],
      [
       18.21305556,
       60.29944444
      ]
     ]
    ]
   },
   "properties": {
    "lager": "Kontrollområde (TMA-sektor)",
    "namn": "Stockholm TMA a",
    "typ": "TMAS",
    "beteckning": "ESSA",
    "plats": "Stockholm TMA a",
    "hojd": "1200–FL 95",
    "operator": "",
    "gäller_fr": "2026-06-11",
    "kommentar": "C"
   }
  },
  {
   "type": "Feature",
   "geometry": {
    "type": "Polygon",
    "coordinates": [
     [
      [
       18.21305556,
       60.29944444
      ],
      [
       18.55472222,
       60.26611111
      ],
      [
       18.99638889,
       59.68277778
      ],
      [
       18.69,
       59.40611111
      ],
      [
       18.16333333,
       59.38277778
      ],
      [
       18.16333333,
       59.24944444
      ],
      [
       17.74666667,
       59.24944444
      ],
      [
       17.74666667,
       59.32444444
      ],
      [
       17.69666667,
       59.32444444
      ],
      [
       17.69666667,
       59.36611111
      ],
      [
       17.74666667,
       59.36611111
      ],
      [
       17.74666667,
       59.44111111
      ],
      [
       17.955,
       59.44111111
      ],
      [
       17.96333333,
       59.49111111
      ],
      [
       17.78,
       59.50777778
      ],
      [
       17.69666667,
       59.55777778
      ],
      [
       17.78,
       59.81611111
      ],
      [
       18.17972222,
       59.81611111
      ],
      [
       18.11305556,
       59.91333333
      ],
      [
       18.24638889,
       60.09527778
      ],
      [
       18.21305556,
       60.29944444
      ]
     ]
    ]
   },
   "properties": {
    "lager": "Kontrollområde (TMA-sektor)",
    "namn": "Stockholm TMA b",
    "typ": "TMAS",
    "beteckning": "ESSA",
    "plats": "Stockholm TMA b",
    "hojd": "2000–FL 95",
    "operator": "",
    "gäller_fr": "2026-06-11",
    "kommentar": "C"
   }
  },
  {
   "type": "Feature",
   "geometry": {
    "type": "Polygon",
    "coordinates": [
     [
      [
       18.69,
       59.40611111
      ],
      [
       18.47972222,
       59.21333333
      ],
      [
       18.17361111,
       59.0375
      ],
      [
       18.03,
       59.08277778
      ],
      [
       17.91333333,
       59.24944444
      ],
      [
       18.16333333,
       59.24944444
      ],
      [
       18.16333333,
       59.38277778
      ],
      [
       18.69,
       59.40611111
      ]
     ]
    ]
   },
   "properties": {
    "lager": "Kontrollområde (TMA-sektor)",
    "namn": "Stockholm TMA c",
    "typ": "TMAS",
    "beteckning": "ESSA",
    "plats": "Stockholm TMA c",
    "hojd": "1500–FL 95",
    "operator": "",
    "gäller_fr": "2026-06-11",
    "kommentar": "C"
   }
  },
  {
   "type": "Feature",
   "geometry": {
    "type": "Polygon",
    "coordinates": [
     [
      [
       17.09666667,
       59.69944444
      ],
      [
       17.36333333,
       59.64111111
      ],
      [
       17.36333333,
       59.24944444
      ],
      [
       17.91333333,
       59.24944444
      ],
      [
       18.03,
       59.08277778
      ],
      [
       18.17361111,
       59.0375
      ],
      [
       17.97944444,
       58.925
      ],
      [
       17.36333333,
       59.0625
      ],
      [
       16.92916667,
       59.40861111
      ],
      [
       17.09666667,
       59.69944444
      ]
     ]
    ]
   },
   "properties": {
    "lager": "Kontrollområde (TMA-sektor)",
    "namn": "Stockholm TMA d",
    "typ": "TMAS",
    "beteckning": "ESSA",
    "plats": "Stockholm TMA d",
    "hojd": "2000–FL 95",
    "operator": "",
    "gäller_fr": "2026-06-11",
    "kommentar": "C"
   }
  },
  {
   "type": "Feature",
   "geometry": {
    "type": "Polygon",
    "coordinates": [
     [
      [
       17.51944444,
       59.76444444
      ],
      [
       17.36333333,
       59.64111111
      ],
      [
       17.09666667,
       59.69944444
      ],
      [
       17.51944444,
       59.76444444
      ]
     ]
    ]
   },
   "properties": {
    "lager": "Kontrollområde (TMA-sektor)",
    "namn": "Stockholm TMA e",
    "typ": "TMAS",
    "beteckning": "ESSA",
    "plats": "Stockholm TMA e",
    "hojd": "1200–FL 95",
    "operator": "",
    "gäller_fr": "2026-06-11",
    "kommentar": "C"
   }
  },
  {
   "type": "Feature",
   "geometry": {
    "type": "Polygon",
    "coordinates": [
     [
      [
       18.11305556,
       59.91333333
      ],
      [
       18.17972222,
       59.81611111
      ],
      [
       17.78,
       59.81611111
      ],
      [
       17.58,
       59.66611111
      ],
      [
       17.58,
       59.40777778
      ],
      [
       17.74666667,
       59.38277778
      ],
      [
       17.74666667,
       59.36611111
      ],
      [
       17.69666667,
       59.36611111
      ],
      [
       17.69666667,
       59.32444444
      ],
      [
       17.74666667,
       59.32444444
      ],
      [
       17.74666667,
       59.24944444
      ],
      [
       17.36333333,
       59.24944444
      ],
      [
       17.36333333,
       59.64111111
      ],
      [
       17.64861111,
       59.86555556
      ],
      [
       18.11305556,
       59.91333333
      ]
     ]
    ]
   },
   "properties": {
    "lager": "Kontrollområde (TMA-sektor)",
    "namn": "Stockholm TMA f",
    "typ": "TMAS",
    "beteckning": "ESSA",
    "plats": "Stockholm TMA f",
    "hojd": "1500–FL 95",
    "operator": "",
    "gäller_fr": "2026-06-11",
    "kommentar": "C"
   }
  },
  {
   "type": "Feature",
   "geometry": {
    "type": "Polygon",
    "coordinates": [
     [
      [
       17.78,
       59.81611111
      ],
      [
       17.69666667,
       59.55777778
      ],
      [
       17.78,
       59.50777778
      ],
      [
       17.96333333,
       59.49111111
      ],
      [
       17.955,
       59.44111111
      ],
      [
       17.74666667,
       59.44111111
      ],
      [
       17.74666667,
       59.38277778
      ],
      [
       17.58,
       59.40777778
      ],
      [
       17.58,
       59.66611111
      ],
      [
       17.78,
       59.81611111
      ]
     ]
    ]
   },
   "properties": {
    "lager": "Kontrollområde (TMA-sektor)",
    "namn": "Stockholm TMA g",
    "typ": "TMAS",
    "beteckning": "ESSA",
    "plats": "Stockholm TMA g",
    "hojd": "1200–FL 95",
    "operator": "",
    "gäller_fr": "2026-06-11",
    "kommentar": "C"
   }
  },
  {
   "type": "Feature",
   "geometry": {
    "type": "Polygon",
    "coordinates": [
     [
      [
       18.21305556,
       60.29944444
      ],
      [
       17.51944444,
       59.76444444
      ],
      [
       17.09666667,
       59.69944444
      ],
      [
       16.92916667,
       59.40861111
      ],
      [
       17.36333333,
       59.0625
      ],
      [
       17.22333333,
       58.97861111
      ],
      [
       16.70777778,
       59.01194444
      ],
      [
       16.26777778,
       59.04944444
      ],
      [
       16.31833333,
       59.32388889
      ],
      [
       16.44666667,
       59.74944444
      ],
      [
       17.59666667,
       60.23277778
      ],
      [
       18.21305556,
       60.29944444
      ]
     ]
    ]
   },
   "properties": {
    "lager": "Kontrollområde (TMA-sektor)",
    "namn": "Stockholm TMA h",
    "typ": "TMAS",
    "beteckning": "ESSA",
    "plats": "Stockholm TMA h",
    "hojd": "4500–FL 95",
    "operator": "",
    "gäller_fr": "2026-06-11",
    "kommentar": "C"
   }
  },
  {
   "type": "Feature",
   "geometry": {
    "type": "Polygon",
    "coordinates": [
     [
      [
       19.31361111,
       60.03527778
      ],
      [
       19.82805556,
       59.67361111
      ],
      [
       19.27361111,
       59.59944444
      ],
      [
       18.83611111,
       59.53888889
      ],
      [
       18.99638889,
       59.68277778
      ],
      [
       18.84694444,
       59.88277778
      ],
      [
       19.31361111,
       60.03527778
      ]
     ]
    ]
   },
   "properties": {
    "lager": "Kontrollområde (TMA-sektor)",
    "namn": "Stockholm TMA k",
    "typ": "TMAS",
    "beteckning": "ESSA",
    "plats": "Stockholm TMA k",
    "hojd": "FL 65–FL 95",
    "operator": "",
    "gäller_fr": "2026-06-11",
    "kommentar": "C"
   }
  },
  {
   "type": "Feature",
   "geometry": {
    "type": "Polygon",
    "coordinates": [
     [
      [
       17.56416667,
       63.02222222
      ],
      [
       17.68638889,
       62.75194444
      ],
      [
       17.77472222,
       62.71388889
      ],
      [
       18.21083333,
       62.61777778
      ],
      [
       16.76,
       62.47277778
      ],
      [
       16.67305556,
       62.6575
      ],
      [
       16.71611111,
       62.905
      ],
      [
       17.56416667,
       63.02222222
      ]
     ]
    ]
   },
   "properties": {
    "lager": "Kontrollområde (TMA-sektor)",
    "namn": "Sundsvall TMA a",
    "typ": "TMAS",
    "beteckning": "ESNN",
    "plats": "Sundsvall TMA a",
    "hojd": "2500–FL 95",
    "operator": "",
    "gäller_fr": "2026-06-11",
    "kommentar": "C"
   }
  },
  {
   "type": "Feature",
   "geometry": {
    "type": "Polygon",
    "coordinates": [
     [
      [
       18.21083333,
       62.61777778
      ],
      [
       18.14333333,
       62.20472222
      ],
      [
       17.14027778,
       62.06805556
      ],
      [
       16.76,
       62.47277778
      ],
      [
       18.21083333,
       62.61777778
      ]
     ]
    ]
   },
   "properties": {
    "lager": "Kontrollområde (TMA-sektor)",
    "namn": "Sundsvall TMA b",
    "typ": "TMAS",
    "beteckning": "ESNN",
    "plats": "Sundsvall TMA b",
    "hojd": "2000–FL 95",
    "operator": "",
    "gäller_fr": "2026-06-11",
    "kommentar": "C"
   }
  },
  {
   "type": "Feature",
   "geometry": {
    "type": "Polygon",
    "coordinates": [
     [
      [
       17.89916667,
       63.06694444
      ],
      [
       18.06083333,
       62.98055556
      ],
      [
       18.25416667,
       62.87611111
      ],
      [
       18.21083333,
       62.61777778
      ],
      [
       17.77472222,
       62.71388889
      ],
      [
       17.68638889,
       62.75194444
      ],
      [
       17.56416667,
       63.02222222
      ],
      [
       17.89916667,
       63.06694444
      ]
     ]
    ]
   },
   "properties": {
    "lager": "Kontrollområde (TMA-sektor)",
    "namn": "Sundsvall TMA c",
    "typ": "TMAS",
    "beteckning": "ESNN",
    "plats": "Sundsvall TMA c",
    "hojd": "4500–FL 95",
    "operator": "",
    "gäller_fr": "2026-06-11",
    "kommentar": "C"
   }
  },
  {
   "type": "Feature",
   "geometry": {
    "type": "Polygon",
    "coordinates": [
     [
      [
       16.67305556,
       62.6575
      ],
      [
       16.76,
       62.47277778
      ],
      [
       17.14027778,
       62.06805556
      ],
      [
       18.14333333,
       62.20472222
      ],
      [
       18.04444444,
       61.92861111
      ],
      [
       17.6325,
       61.87055556
      ],
      [
       17.45805556,
       61.86
      ],
      [
       16.92416667,
       62.0375
      ],
      [
       16.81222222,
       62.10055556
      ],
      [
       16.62888889,
       62.40444444
      ],
      [
       16.67305556,
       62.6575
      ]
     ]
    ]
   },
   "properties": {
    "lager": "Kontrollområde (TMA-sektor)",
    "namn": "Sundsvall TMA d",
    "typ": "TMAS",
    "beteckning": "ESNN",
    "plats": "Sundsvall TMA d",
    "hojd": "4500–FL 95",
    "operator": "",
    "gäller_fr": "2026-06-11",
    "kommentar": "C"
   }
  },
  {
   "type": "Feature",
   "geometry": {
    "type": "Polygon",
    "coordinates": [
     [
      [
       13.41222222,
       56.32222222
      ],
      [
       13.175,
       56.12277778
      ],
      [
       13.04611111,
       56.06027778
      ],
      [
       12.9825,
       56.08722222
      ],
      [
       12.80777778,
       56.19666667
      ],
      [
       13.41222222,
       56.32222222
      ]
     ]
    ]
   },
   "properties": {
    "lager": "Kontrollområde (TMA-sektor)",
    "namn": "Sector Klippan",
    "typ": "TMAS",
    "beteckning": "ESTA",
    "plats": "Sector Klippan",
    "hojd": "1500–FL 65",
    "operator": "",
    "gäller_fr": "2026-06-11",
    "kommentar": "C"
   }
  },
  {
   "type": "Feature",
   "geometry": {
    "type": "Polygon",
    "coordinates": [
     [
      [
       13.07055556,
       56.58888889
      ],
      [
       13.41222222,
       56.32222222
      ],
      [
       12.44277778,
       56.38666667
      ],
      [
       12.56833333,
       56.55083333
      ],
      [
       12.62305556,
       56.46527778
      ],
      [
       12.76694444,
       56.43805556
      ],
      [
       12.95888889,
       56.47666667
      ],
      [
       13.07055556,
       56.58888889
      ]
     ]
    ]
   },
   "properties": {
    "lager": "Kontrollområde (TMA-sektor)",
    "namn": "Ängelholm TMA a",
    "typ": "TMAS",
    "beteckning": "ESTA",
    "plats": "Ängelholm TMA a",
    "hojd": "1500–FL 95",
    "operator": "",
    "gäller_fr": "2026-06-11",
    "kommentar": "C"
   }
  },
  {
   "type": "Feature",
   "geometry": {
    "type": "Polygon",
    "coordinates": [
     [
      [
       13.12944444,
       57.05416667
      ],
      [
       13.15222222,
       56.67027778
      ],
      [
       12.55388889,
       56.61777778
      ],
      [
       12.54694444,
       56.65111111
      ],
      [
       12.64861111,
       56.945
      ],
      [
       13.12944444,
       57.05416667
      ]
     ]
    ]
   },
   "properties": {
    "lager": "Kontrollområde (TMA-sektor)",
    "namn": "Halmstad TMA a",
    "typ": "TMAS",
    "beteckning": "ESMT",
    "plats": "Halmstad TMA a",
    "hojd": "2000–FL 95",
    "operator": "",
    "gäller_fr": "2026-06-11",
    "kommentar": "C"
   }
  },
  {
   "type": "Feature",
   "geometry": {
    "type": "Polygon",
    "coordinates": [
     [
      [
       13.43222222,
       57.12166667
      ],
      [
       13.51333333,
       57.0075
      ],
      [
       13.24722222,
       56.75972222
      ],
      [
       13.15222222,
       56.67027778
      ],
      [
       13.12944444,
       57.05416667
      ],
      [
       13.43222222,
       57.12166667
      ]
     ]
    ]
   },
   "properties": {
    "lager": "Kontrollområde (TMA-sektor)",
    "namn": "Halmstad TMA b",
    "typ": "TMAS",
    "beteckning": "ESMT",
    "plats": "Halmstad TMA b",
    "hojd": "4500–FL 95",
    "operator": "",
    "gäller_fr": "2026-06-11",
    "kommentar": "C"
   }
  },
  {
   "type": "Feature",
   "geometry": {
    "type": "Polygon",
    "coordinates": [
     [
      [
       13.15222222,
       56.67027778
      ],
      [
       13.07055556,
       56.58888889
      ],
      [
       12.74805556,
       56.53916667
      ],
      [
       12.56833333,
       56.55083333
      ],
      [
       12.55388889,
       56.61777778
      ],
      [
       13.15222222,
       56.67027778
      ]
     ]
    ]
   },
   "properties": {
    "lager": "Kontrollområde (TMA-sektor)",
    "namn": "Halmstad TMA c",
    "typ": "TMAS",
    "beteckning": "ESMT",
    "plats": "Halmstad TMA c",
    "hojd": "1500–FL 95",
    "operator": "",
    "gäller_fr": "2026-06-11",
    "kommentar": "C"
   }
  },
  {
   "type": "Feature",
   "geometry": {
    "type": "Polygon",
    "coordinates": [
     [
      [
       13.41222222,
       56.32222222
      ],
      [
       13.72416667,
       56.01
      ],
      [
       13.04611111,
       56.06027778
      ],
      [
       13.175,
       56.12277778
      ],
      [
       13.41222222,
       56.32222222
      ]
     ]
    ]
   },
   "properties": {
    "lager": "Kontrollområde (TMA-sektor)",
    "namn": "Ljungbyhed TMA a",
    "typ": "TMAS",
    "beteckning": "ESTL",
    "plats": "Ljungbyhed TMA a",
    "hojd": "1500–FL 65",
    "operator": "",
    "gäller_fr": "2026-06-11",
    "kommentar": "C"
   }
  },
  {
   "type": "Feature",
   "geometry": {
    "type": "Polygon",
    "coordinates": [
     [
      [
       12.29555556,
       58.64555556
      ],
      [
       13.12916667,
       58.10027778
      ],
      [
       12.785,
       58.10805556
      ],
      [
       12.35388889,
       58.11638889
      ],
      [
       12.08861111,
       58.25305556
      ],
      [
       11.9975,
       58.29972222
      ],
      [
       11.9975,
       58.46527778
      ],
      [
       12.29555556,
       58.64555556
      ]
     ]
    ]
   },
   "properties": {
    "lager": "Kontrollområde (TMA-sektor)",
    "namn": "Sector Trollhättan",
    "typ": "TMAS",
    "beteckning": "ESGG",
    "plats": "Sector Trollhättan",
    "hojd": "1500–4500",
    "operator": "",
    "gäller_fr": "2026-06-11",
    "kommentar": "C"
   }
  },
  {
   "type": "Feature",
   "geometry": {
    "type": "Polygon",
    "coordinates": [
     [
      [
       20.10972222,
       64.23583333
      ],
      [
       20.94416667,
       63.78305556
      ],
      [
       20.64638889,
       63.48111111
      ],
      [
       20.42333333,
       63.37888889
      ],
      [
       19.33361111,
       63.8725
      ],
      [
       20.10972222,
       64.23583333
      ]
     ]
    ]
   },
   "properties": {
    "lager": "Kontrollområde (TMA-sektor)",
    "namn": "Umeå TMA a",
    "typ": "TMAS",
    "beteckning": "ESNU",
    "plats": "Umeå TMA a",
    "hojd": "2000–FL 95",
    "operator": "",
    "gäller_fr": "2026-06-11",
    "kommentar": "C"
   }
  },
  {
   "type": "Feature",
   "geometry": {
    "type": "Polygon",
    "coordinates": [
     [
      [
       20.19361111,
       64.27444444
      ],
      [
       21.35555556,
       64.18666667
      ],
      [
       20.94416667,
       63.78305556
      ],
      [
       20.10972222,
       64.23583333
      ],
      [
       20.19361111,
       64.27444444
      ]
     ]
    ]
   },
   "properties": {
    "lager": "Kontrollområde (TMA-sektor)",
    "namn": "Umeå TMA b",
    "typ": "TMAS",
    "beteckning": "ESNU",
    "plats": "Umeå TMA b",
    "hojd": "4500–FL 95",
    "operator": "",
    "gäller_fr": "2026-06-11",
    "kommentar": "C"
   }
  },
  {
   "type": "Feature",
   "geometry": {
    "type": "Polygon",
    "coordinates": [
     [
      [
       19.33361111,
       63.8725
      ],
      [
       20.42333333,
       63.37888889
      ],
      [
       20.09444444,
       63.20444444
      ],
      [
       19.71777778,
       63.39888889
      ],
      [
       19.04805556,
       63.73555556
      ],
      [
       19.33361111,
       63.8725
      ]
     ]
    ]
   },
   "properties": {
    "lager": "Kontrollområde (TMA-sektor)",
    "namn": "Umeå TMA c",
    "typ": "TMAS",
    "beteckning": "ESNU",
    "plats": "Umeå TMA c",
    "hojd": "4500–FL 95",
    "operator": "",
    "gäller_fr": "2026-06-11",
    "kommentar": "C"
   }
  },
  {
   "type": "Feature",
   "geometry": {
    "type": "Polygon",
    "coordinates": [
     [
      [
       18.21305556,
       60.29944444
      ],
      [
       17.51944444,
       59.76444444
      ],
      [
       17.09666667,
       59.69944444
      ],
      [
       16.89111111,
       59.93888889
      ],
      [
       17.59666667,
       60.23277778
      ],
      [
       18.21305556,
       60.29944444
      ]
     ]
    ]
   },
   "properties": {
    "lager": "Kontrollområde (TMA-sektor)",
    "namn": "Sector Uppsala",
    "typ": "TMAS",
    "beteckning": "ESSA",
    "plats": "Sector Uppsala",
    "hojd": "1200–4500",
    "operator": "",
    "gäller_fr": "2026-06-11",
    "kommentar": "C"
   }
  },
  {
   "type": "Feature",
   "geometry": {
    "type": "Polygon",
    "coordinates": [
     [
      [
       16.89111111,
       59.93888889
      ],
      [
       17.09666667,
       59.69944444
      ],
      [
       16.78944444,
       59.16194444
      ],
      [
       16.66138889,
       59.15916667
      ],
      [
       16.31833333,
       59.32388889
      ],
      [
       16.44666667,
       59.74944444
      ],
      [
       16.89111111,
       59.93888889
      ]
     ]
    ]
   },
   "properties": {
    "lager": "Kontrollområde (TMA-sektor)",
    "namn": "Sector Västerås",
    "typ": "TMAS",
    "beteckning": "ESSA",
    "plats": "Sector Västerås",
    "hojd": "1500–4500",
    "operator": "",
    "gäller_fr": "2026-06-11",
    "kommentar": "C"
   }
  },
  {
   "type": "Feature",
   "geometry": {
    "type": "Polygon",
    "coordinates": [
     [
      [
       13.07055556,
       56.58888889
      ],
      [
       12.95888889,
       56.47666667
      ],
      [
       12.76694444,
       56.43805556
      ],
      [
       12.62305556,
       56.46527778
      ],
      [
       12.56833333,
       56.55083333
      ],
      [
       12.74805556,
       56.53916667
      ],
      [
       13.07055556,
       56.58888889
      ]
     ]
    ]
   },
   "properties": {
    "lager": "Kontrollområde (TMA-sektor)",
    "namn": "Sector Laholm",
    "typ": "TMAS",
    "beteckning": "ESTA",
    "plats": "Sector Laholm",
    "hojd": "1500–FL 95",
    "operator": "",
    "gäller_fr": "2026-06-11",
    "kommentar": "C"
   }
  },
  {
   "type": "Feature",
   "geometry": {
    "type": "Polygon",
    "coordinates": [
     [
      [
       18.68111111,
       63.66861111
      ],
      [
       19.17194444,
       63.5425
      ],
      [
       18.72777778,
       63.21805556
      ],
      [
       18.25472222,
       63.34694444
      ],
      [
       18.68111111,
       63.66861111
      ]
     ]
    ]
   },
   "properties": {
    "lager": "Kontrollområde (TMA-sektor)",
    "namn": "Örnsköldsvik TMA a",
    "typ": "TMAS",
    "beteckning": "ESNO",
    "plats": "Örnsköldsvik TMA a",
    "hojd": "2400–FL 95",
    "operator": "",
    "gäller_fr": "2026-06-11",
    "kommentar": "C"
   }
  },
  {
   "type": "Feature",
   "geometry": {
    "type": "Polygon",
    "coordinates": [
     [
      [
       19.17194444,
       63.5425
      ],
      [
       19.71777778,
       63.39888889
      ],
      [
       19.26083333,
       63.06972222
      ],
      [
       18.72777778,
       63.21805556
      ],
      [
       19.17194444,
       63.5425
      ]
     ]
    ]
   },
   "properties": {
    "lager": "Kontrollområde (TMA-sektor)",
    "namn": "Örnsköldsvik TMA b",
    "typ": "TMAS",
    "beteckning": "ESNO",
    "plats": "Örnsköldsvik TMA b",
    "hojd": "1700–FL 95",
    "operator": "",
    "gäller_fr": "2026-06-11",
    "kommentar": "C"
   }
  },
  {
   "type": "Feature",
   "geometry": {
    "type": "Polygon",
    "coordinates": [
     [
      [
       19.04805556,
       63.73555556
      ],
      [
       19.71777778,
       63.39888889
      ],
      [
       19.17194444,
       63.5425
      ],
      [
       18.68111111,
       63.66861111
      ],
      [
       19.04805556,
       63.73555556
      ]
     ]
    ]
   },
   "properties": {
    "lager": "Kontrollområde (TMA-sektor)",
    "namn": "Örnsköldsvik TMA c",
    "typ": "TMAS",
    "beteckning": "ESNO",
    "plats": "Örnsköldsvik TMA c",
    "hojd": "4500–FL 95",
    "operator": "",
    "gäller_fr": "2026-06-11",
    "kommentar": "C"
   }
  },
  {
   "type": "Feature",
   "geometry": {
    "type": "Polygon",
    "coordinates": [
     [
      [
       18.25472222,
       63.34694444
      ],
      [
       18.72777778,
       63.21805556
      ],
      [
       19.26083333,
       63.06972222
      ],
      [
       18.99305556,
       62.83777778
      ],
      [
       18.65638889,
       62.845
      ],
      [
       18.25472222,
       63.34694444
      ]
     ]
    ]
   },
   "properties": {
    "lager": "Kontrollområde (TMA-sektor)",
    "namn": "Örnsköldsvik TMA d",
    "typ": "TMAS",
    "beteckning": "ESNO",
    "plats": "Örnsköldsvik TMA d",
    "hojd": "4500–FL 95",
    "operator": "",
    "gäller_fr": "2026-06-11",
    "kommentar": "C"
   }
  },
  {
   "type": "Feature",
   "geometry": {
    "type": "Polygon",
    "coordinates": [
     [
      [
       14.0325,
       62.97861111
      ],
      [
       15.05194444,
       62.6875
      ],
      [
       14.27805556,
       62.71583333
      ],
      [
       14.0325,
       62.97861111
      ]
     ]
    ]
   },
   "properties": {
    "lager": "Kontrollområde (TMA-sektor)",
    "namn": "Östersund TMA e",
    "typ": "TMAS",
    "beteckning": "ESNZ",
    "plats": "Östersund TMA e",
    "hojd": "FL 65–FL 95",
    "operator": "",
    "gäller_fr": "2026-06-11",
    "kommentar": "C"
   }
  },
  {
   "type": "Feature",
   "geometry": {
    "type": "Polygon",
    "coordinates": [
     [
      [
       19.88611111,
       66.17444444
      ],
      [
       21.24555556,
       65.89861111
      ],
      [
       20.57916667,
       65.86527778
      ],
      [
       20.4125,
       65.74861111
      ],
      [
       20.76888889,
       65.49638889
      ],
      [
       19.35527778,
       65.79833333
      ],
      [
       19.57916667,
       65.91527778
      ],
      [
       19.7125,
       66.03194444
      ],
      [
       19.88611111,
       66.17444444
      ]
     ]
    ]
   },
   "properties": {
    "lager": "Kontrollområde (TMA-sektor)",
    "namn": "Vidsel TMA a",
    "typ": "TMAS",
    "beteckning": "ESPE",
    "plats": "Vidsel TMA a",
    "hojd": "3000–FL 95",
    "operator": "",
    "gäller_fr": "2026-06-11",
    "kommentar": "C"
   }
  },
  {
   "type": "Feature",
   "geometry": {
    "type": "Polygon",
    "coordinates": [
     [
      [
       21.24555556,
       65.89861111
      ],
      [
       20.76888889,
       65.49638889
      ],
      [
       20.4125,
       65.74861111
      ],
      [
       20.57916667,
       65.86527778
      ],
      [
       21.24555556,
       65.89861111
      ]
     ]
    ]
   },
   "properties": {
    "lager": "Kontrollområde (TMA-sektor)",
    "namn": "Vidsel TMA b",
    "typ": "TMAS",
    "beteckning": "ESPE",
    "plats": "Vidsel TMA b",
    "hojd": "2400–FL 95",
    "operator": "",
    "gäller_fr": "2026-06-11",
    "kommentar": "C"
   }
  },
  {
   "type": "Feature",
   "geometry": {
    "type": "Polygon",
    "coordinates": [
     [
      [
       19.6875,
       66.21527778
      ],
      [
       19.88611111,
       66.17444444
      ],
      [
       19.7125,
       66.03194444
      ],
      [
       19.57916667,
       65.91527778
      ],
      [
       19.35527778,
       65.79833333
      ],
      [
       19.19611111,
       65.83194444
      ],
      [
       19.6875,
       66.21527778
      ]
     ]
    ]
   },
   "properties": {
    "lager": "Kontrollområde (TMA-sektor)",
    "namn": "Vidsel TMA c",
    "typ": "TMAS",
    "beteckning": "ESPE",
    "plats": "Vidsel TMA c",
    "hojd": "3200–FL 95",
    "operator": "",
    "gäller_fr": "2026-06-11",
    "kommentar": "C"
   }
  },
  {
   "type": "Feature",
   "geometry": {
    "type": "Polygon",
    "coordinates": [
     [
      [
       18.67527778,
       58.07833333
      ],
      [
       18.91277778,
       57.70694444
      ],
      [
       18.56055556,
       57.33194444
      ],
      [
       17.83805556,
       57.45805556
      ],
      [
       17.81472222,
       57.91388889
      ],
      [
       18.67527778,
       58.07833333
      ]
     ]
    ]
   },
   "properties": {
    "lager": "Kontrollområde (TMA-sektor)",
    "namn": "Visby TMA a",
    "typ": "TMAS",
    "beteckning": "ESSV",
    "plats": "Visby TMA a",
    "hojd": "1100–FL 95",
    "operator": "",
    "gäller_fr": "2026-06-11",
    "kommentar": "C"
   }
  },
  {
   "type": "Feature",
   "geometry": {
    "type": "Polygon",
    "coordinates": [
     [
      [
       20.94805556,
       65.08166667
      ],
      [
       21.86611111,
       64.87416667
      ],
      [
       21.79583333,
       64.83666667
      ],
      [
       21.79055556,
       64.70916667
      ],
      [
       20.63944444,
       64.84611111
      ],
      [
       20.94805556,
       65.08166667
      ]
     ]
    ]
   },
   "properties": {
    "lager": "Kontrollområde (TMA-sektor)",
    "namn": "Skellefteå TMA c",
    "typ": "TMAS",
    "beteckning": "ESNS",
    "plats": "Skellefteå TMA c",
    "hojd": "4500–FL 95",
    "operator": "",
    "gäller_fr": "2026-06-11",
    "kommentar": "C"
   }
  },
  {
   "type": "Feature",
   "geometry": {
    "type": "Polygon",
    "coordinates": [
     [
      [
       14.79666667,
       58.82833333
      ],
      [
       14.92055556,
       58.77416667
      ],
      [
       14.54611111,
       58.72138889
      ],
      [
       14.79666667,
       58.82833333
      ]
     ]
    ]
   },
   "properties": {
    "lager": "Kontrollområde (TMA-sektor)",
    "namn": "Sector Tiveden",
    "typ": "TMAS",
    "beteckning": "ESOE",
    "plats": "Sector Tiveden",
    "hojd": "4500–FL 95",
    "operator": "",
    "gäller_fr": "2026-06-11",
    "kommentar": "C"
   }
  },
  {
   "type": "Feature",
   "geometry": {
    "type": "Polygon",
    "coordinates": [
     [
      [
       14.42027778,
       57.65027778
      ],
      [
       14.79972222,
       57.47083333
      ],
      [
       13.84416667,
       56.92222222
      ],
      [
       13.47694444,
       57.10805556
      ],
      [
       14.42027778,
       57.65027778
      ]
     ]
    ]
   },
   "properties": {
    "lager": "Kontrollområde (TMA-sektor)",
    "namn": "Hagshult TMA a",
    "typ": "TMAS",
    "beteckning": "ESMV",
    "plats": "Hagshult TMA a",
    "hojd": "2000–FL 95",
    "operator": "",
    "gäller_fr": "2026-06-11",
    "kommentar": "C"
   }
  },
  {
   "type": "Feature",
   "geometry": {
    "type": "Polygon",
    "coordinates": [
     [
      [
       14.85944444,
       57.48166667
      ],
      [
       14.62861111,
       57.2275
      ],
      [
       14.42472222,
       56.99972222
      ],
      [
       14.07722222,
       56.87805556
      ],
      [
       13.84416667,
       56.92222222
      ],
      [
       14.79972222,
       57.47083333
      ],
      [
       14.85944444,
       57.48166667
      ]
     ]
    ]
   },
   "properties": {
    "lager": "Kontrollområde (TMA-sektor)",
    "namn": "Hagshult TMA b",
    "typ": "TMAS",
    "beteckning": "ESMV",
    "plats": "Hagshult TMA b",
    "hojd": "4500–FL 95",
    "operator": "",
    "gäller_fr": "2026-06-11",
    "kommentar": "C"
   }
  },
  {
   "type": "Feature",
   "geometry": {
    "type": "Polygon",
    "coordinates": [
     [
      [
       19.27361111,
       59.59944444
      ],
      [
       18.96833333,
       59.255
      ],
      [
       18.75472222,
       59.04194444
      ],
      [
       18.53944444,
       58.8325
      ],
      [
       18.45722222,
       58.7525
      ],
      [
       17.93277778,
       58.58305556
      ],
      [
       17.45694444,
       58.61638889
      ],
      [
       17.77166667,
       58.80277778
      ],
      [
       17.97944444,
       58.925
      ],
      [
       18.17361111,
       59.0375
      ],
      [
       18.47972222,
       59.21333333
      ],
      [
       18.69,
       59.40611111
      ],
      [
       18.83611111,
       59.53888889
      ],
      [
       19.27361111,
       59.59944444
      ]
     ]
    ]
   },
   "properties": {
    "lager": "Kontrollområde (TMA-sektor)",
    "namn": "Stockholm TMA l",
    "typ": "TMAS",
    "beteckning": "ESSA",
    "plats": "Stockholm TMA l",
    "hojd": "4500–FL 95",
    "operator": "",
    "gäller_fr": "2026-06-11",
    "kommentar": "C"
   }
  },
  {
   "type": "Feature",
   "geometry": {
    "type": "Polygon",
    "coordinates": [
     [
      [
       14.48833333,
       63.48472222
      ],
      [
       15.27833333,
       63.33972222
      ],
      [
       15.19694444,
       63.05722222
      ],
      [
       14.8225,
       62.855
      ],
      [
       14.35972222,
       62.96611111
      ],
      [
       14.03277778,
       63.15194444
      ],
      [
       13.89333333,
       63.23027778
      ],
      [
       14.01388889,
       63.33277778
      ],
      [
       14.48833333,
       63.48472222
      ]
     ]
    ]
   },
   "properties": {
    "lager": "Kontrollområde (TMA-sektor)",
    "namn": "Östersund TMA a",
    "typ": "TMAS",
    "beteckning": "ESNZ",
    "plats": "Östersund TMA a",
    "hojd": "2300–FL 95",
    "operator": "",
    "gäller_fr": "2026-06-11",
    "kommentar": "C"
   }
  },
  {
   "type": "Feature",
   "geometry": {
    "type": "Polygon",
    "coordinates": [
     [
      [
       15.27833333,
       63.33972222
      ],
      [
       15.5975,
       63.27944444
      ],
      [
       15.30083333,
       62.76111111
      ],
      [
       15.05194444,
       62.6875
      ],
      [
       14.0325,
       62.97861111
      ],
      [
       14.03277778,
       63.15194444
      ],
      [
       14.35972222,
       62.96611111
      ],
      [
       14.8225,
       62.855
      ],
      [
       15.19694444,
       63.05722222
      ],
      [
       15.27833333,
       63.33972222
      ]
     ]
    ]
   },
   "properties": {
    "lager": "Kontrollområde (TMA-sektor)",
    "namn": "Östersund TMA b",
    "typ": "TMAS",
    "beteckning": "ESNZ",
    "plats": "Östersund TMA b",
    "hojd": "3300–FL 95",
    "operator": "",
    "gäller_fr": "2026-06-11",
    "kommentar": "C"
   }
  },
  {
   "type": "Feature",
   "geometry": {
    "type": "Polygon",
    "coordinates": [
     [
      [
       13.84916667,
       63.59777778
      ],
      [
       14.48833333,
       63.48472222
      ],
      [
       14.01388889,
       63.33277778
      ],
      [
       13.89333333,
       63.23027778
      ],
      [
       13.53,
       63.32583333
      ],
      [
       13.84916667,
       63.59777778
      ]
     ]
    ]
   },
   "properties": {
    "lager": "Kontrollområde (TMA-sektor)",
    "namn": "Östersund TMA c",
    "typ": "TMAS",
    "beteckning": "ESNZ",
    "plats": "Östersund TMA c",
    "hojd": "3300–FL 95",
    "operator": "",
    "gäller_fr": "2026-06-11",
    "kommentar": "C"
   }
  },
  {
   "type": "Feature",
   "geometry": {
    "type": "Polygon",
    "coordinates": [
     [
      [
       13.53,
       63.32583333
      ],
      [
       13.89333333,
       63.23027778
      ],
      [
       14.03277778,
       63.15194444
      ],
      [
       14.0325,
       62.97861111
      ],
      [
       13.34722222,
       63.16722222
      ],
      [
       13.53,
       63.32583333
      ]
     ]
    ]
   },
   "properties": {
    "lager": "Kontrollområde (TMA-sektor)",
    "namn": "Östersund TMA d",
    "typ": "TMAS",
    "beteckning": "ESNZ",
    "plats": "Östersund TMA d",
    "hojd": "5000–FL 95",
    "operator": "",
    "gäller_fr": "2026-06-11",
    "kommentar": "C"
   }
  },
  {
   "type": "Feature",
   "geometry": {
    "type": "Polygon",
    "coordinates": [
     [
      [
       12.44277778,
       56.38666667
      ],
      [
       13.41222222,
       56.32222222
      ],
      [
       12.80777778,
       56.19666667
      ],
      [
       12.44277778,
       56.38666667
      ]
     ]
    ]
   },
   "properties": {
    "lager": "Kontrollområde (TMA-sektor)",
    "namn": "Ängelholm TMA b",
    "typ": "TMAS",
    "beteckning": "ESTA",
    "plats": "Ängelholm TMA b",
    "hojd": "1500–FL 65",
    "operator": "",
    "gäller_fr": "2026-06-11",
    "kommentar": "C"
   }
  },
  {
   "type": "Feature",
   "geometry": {
    "type": "Polygon",
    "coordinates": [
     [
      [
       13.24722222,
       56.75972222
      ],
      [
       13.44277778,
       56.67916667
      ],
      [
       13.41222222,
       56.32222222
      ],
      [
       13.07055556,
       56.58888889
      ],
      [
       13.15222222,
       56.67027778
      ],
      [
       13.24722222,
       56.75972222
      ]
     ]
    ]
   },
   "properties": {
    "lager": "Kontrollområde (TMA-sektor)",
    "namn": "Ängelholm TMA c",
    "typ": "TMAS",
    "beteckning": "ESTA",
    "plats": "Ängelholm TMA c",
    "hojd": "4500–FL 95",
    "operator": "",
    "gäller_fr": "2026-06-11",
    "kommentar": "C"
   }
  },
  {
   "type": "Feature",
   "geometry": {
    "type": "Polygon",
    "coordinates": [
     [
      [
       12.44277778,
       56.38666667
      ],
      [
       13.41222222,
       56.32222222
      ],
      [
       13.91222222,
       56.22111111
      ],
      [
       14.29472222,
       55.6775
      ],
      [
       14.30777778,
       55.29055556
      ],
      [
       14.16666667,
       55.17583333
      ],
      [
       14.16666667,
       54.91666667
      ],
      [
       13,
       54.91666667
      ],
      [
       12.99888889,
       55.24944444
      ],
      [
       13.11555556,
       55.73277778
      ],
      [
       12.86555556,
       55.97611111
      ],
      [
       12.73222222,
       55.99944444
      ],
      [
       12.67944444,
       56.03277778
      ],
      [
       12.65694444,
       56.03277778
      ],
      [
       12.655,
       56.040556
      ],
      [
       12.6525,
       56.045833
      ],
      [
       12.646389,
       56.053333
      ],
      [
       12.643889,
       56.056111
      ],
      [
       12.640278,
       56.058333
      ],
      [
       12.630145,
       56.063234
      ],
      [
       12.615,
       56.072222
      ],
      [
       12.594722,
       56.085
      ],
      [
       12.583611,
       56.091667
      ],
      [
       12.559167,
       56.105
      ],
      [
       12.551667,
       56.108611
      ],
      [
       12.535556,
       56.116667
      ],
      [
       12.496111,
       56.133611
      ],
      [
       12.479722,
       56.142222
      ],
      [
       12.47,
       56.146389
      ],
      [
       12.451944,
       56.158333
      ],
      [
       12.445278,
       56.163056
      ],
      [
       12.442283,
       56.164901
      ],
      [
       12.44277778,
       56.38666667
      ]
     ]
    ]
   },
   "properties": {
    "lager": "Kontrollområde (TMA-sektor)",
    "namn": "Malmö TMA e",
    "typ": "TMAS",
    "beteckning": "ESMS",
    "plats": "Malmö TMA e",
    "hojd": "FL 65–FL 95",
    "operator": "",
    "gäller_fr": "2026-06-11",
    "kommentar": "C"
   }
  },
  {
   "type": "Feature",
   "geometry": {
    "type": "Polygon",
    "coordinates": [
     [
      [
       13.80166667,
       55.70444444
      ],
      [
       14.01861111,
       55.62611111
      ],
      [
       14.29472222,
       55.6775
      ],
      [
       14.30777778,
       55.29055556
      ],
      [
       13.78888889,
       55.43888889
      ],
      [
       13.80166667,
       55.70444444
      ]
     ]
    ]
   },
   "properties": {
    "lager": "Kontrollområde (TMA-sektor)",
    "namn": "Malmö TMA f",
    "typ": "TMAS",
    "beteckning": "ESMS",
    "plats": "Malmö TMA f",
    "hojd": "4500–FL 65",
    "operator": "",
    "gäller_fr": "2026-06-11",
    "kommentar": "C"
   }
  },
  {
   "type": "Feature",
   "geometry": {
    "type": "Polygon",
    "coordinates": [
     [
      [
       12.80777778,
       56.19666667
      ],
      [
       12.9825,
       56.08722222
      ],
      [
       13.04611111,
       56.06027778
      ],
      [
       12.86555556,
       55.97611111
      ],
      [
       12.80777778,
       56.19666667
      ]
     ]
    ]
   },
   "properties": {
    "lager": "Kontrollområde (TMA-sektor)",
    "namn": "Ljungbyhed TMA b",
    "typ": "TMAS",
    "beteckning": "ESTL",
    "plats": "Ljungbyhed TMA b",
    "hojd": "1500–FL 65",
    "operator": "",
    "gäller_fr": "2026-06-11",
    "kommentar": "C"
   }
  },
  {
   "type": "Feature",
   "geometry": {
    "type": "Polygon",
    "coordinates": [
     [
      [
       13.04611111,
       56.06027778
      ],
      [
       13.72416667,
       56.01
      ],
      [
       13.52083333,
       55.91444444
      ],
      [
       13.46388889,
       55.925
      ],
      [
       13.10722222,
       55.93555556
      ],
      [
       12.86555556,
       55.97611111
      ],
      [
       13.04611111,
       56.06027778
      ]
     ]
    ]
   },
   "properties": {
    "lager": "Kontrollområde (TMA-sektor)",
    "namn": "Ljungbyhed TMA c",
    "typ": "TMAS",
    "beteckning": "ESTL",
    "plats": "Ljungbyhed TMA c",
    "hojd": "1500–4500",
    "operator": "",
    "gäller_fr": "2026-06-11",
    "kommentar": "C"
   }
  },
  {
   "type": "Feature",
   "geometry": {
    "type": "Polygon",
    "coordinates": [
     [
      [
       13.61,
       55.82694444
      ],
      [
       13.64722222,
       55.58333333
      ],
      [
       13.78888889,
       55.43888889
      ],
      [
       13.78888889,
       55.12083333
      ],
      [
       12.99944444,
       55.09444444
      ],
      [
       12.99888889,
       55.24944444
      ],
      [
       13.11555556,
       55.73277778
      ],
      [
       13.11,
       55.81583333
      ],
      [
       13.61,
       55.82694444
      ]
     ]
    ]
   },
   "properties": {
    "lager": "Kontrollområde (TMA-sektor)",
    "namn": "Malmö TMA a",
    "typ": "TMAS",
    "beteckning": "ESMS",
    "plats": "Malmö TMA a",
    "hojd": "1500–FL 65",
    "operator": "",
    "gäller_fr": "2026-06-11",
    "kommentar": "C"
   }
  },
  {
   "type": "Feature",
   "geometry": {
    "type": "Polygon",
    "coordinates": [
     [
      [
       13.04611111,
       56.06027778
      ],
      [
       13.72416667,
       56.01
      ],
      [
       13.86444444,
       56
      ],
      [
       13.83388889,
       55.85638889
      ],
      [
       13.52083333,
       55.91444444
      ],
      [
       13.46388889,
       55.925
      ],
      [
       13.10722222,
       55.93555556
      ],
      [
       12.86555556,
       55.97611111
      ],
      [
       13.04611111,
       56.06027778
      ]
     ]
    ]
   },
   "properties": {
    "lager": "Kontrollområde (TMA-sektor)",
    "namn": "Malmö TMA b",
    "typ": "TMAS",
    "beteckning": "ESMS",
    "plats": "Malmö TMA b",
    "hojd": "4500–FL 65",
    "operator": "",
    "gäller_fr": "2026-06-11",
    "kommentar": "C"
   }
  },
  {
   "type": "Feature",
   "geometry": {
    "type": "Polygon",
    "coordinates": [
     [
      [
       12.86555556,
       55.97611111
      ],
      [
       13.10722222,
       55.93555556
      ],
      [
       13.46388889,
       55.925
      ],
      [
       13.52083333,
       55.91444444
      ],
      [
       13.83388889,
       55.85638889
      ],
      [
       13.80166667,
       55.70444444
      ],
      [
       13.78888889,
       55.43888889
      ],
      [
       13.64722222,
       55.58333333
      ],
      [
       13.61,
       55.82694444
      ],
      [
       13.11,
       55.81583333
      ],
      [
       13.11555556,
       55.73277778
      ],
      [
       12.86555556,
       55.97611111
      ]
     ]
    ]
   },
   "properties": {
    "lager": "Kontrollområde (TMA-sektor)",
    "namn": "Malmö TMA c",
    "typ": "TMAS",
    "beteckning": "ESMS",
    "plats": "Malmö TMA c",
    "hojd": "2500–FL 65",
    "operator": "",
    "gäller_fr": "2026-06-11",
    "kommentar": "C"
   }
  },
  {
   "type": "Feature",
   "geometry": {
    "type": "Polygon",
    "coordinates": [
     [
      [
       13.78888889,
       55.43888889
      ],
      [
       14.30777778,
       55.29055556
      ],
      [
       14.16666667,
       55.17583333
      ],
      [
       14.16666667,
       54.91666667
      ],
      [
       13,
       54.91666667
      ],
      [
       12.99944444,
       55.09444444
      ],
      [
       13.78888889,
       55.12083333
      ],
      [
       13.78888889,
       55.43888889
      ]
     ]
    ]
   },
   "properties": {
    "lager": "Kontrollområde (TMA-sektor)",
    "namn": "Malmö TMA d",
    "typ": "TMAS",
    "beteckning": "ESMS",
    "plats": "Malmö TMA d",
    "hojd": "3500–FL 65",
    "operator": "",
    "gäller_fr": "2026-06-11",
    "kommentar": "C"
   }
  },
  {
   "type": "Feature",
   "geometry": {
    "type": "Polygon",
    "coordinates": [
     [
      [
       13.91222222,
       56.22111111
      ],
      [
       14.39694444,
       56.21527778
      ],
      [
       14.29472222,
       55.6775
      ],
      [
       13.91222222,
       56.22111111
      ]
     ]
    ]
   },
   "properties": {
    "lager": "Kontrollområde (TMA-sektor)",
    "namn": "Kristianstad TMA a",
    "typ": "TMAS",
    "beteckning": "ESMK",
    "plats": "Kristianstad TMA a",
    "hojd": "1700–FL 95",
    "operator": "",
    "gäller_fr": "2026-06-11",
    "kommentar": "C"
   }
  },
  {
   "type": "Feature",
   "geometry": {
    "type": "Polygon",
    "coordinates": [
     [
      [
       13.91222222,
       56.22111111
      ],
      [
       14.29472222,
       55.6775
      ],
      [
       14.01861111,
       55.62611111
      ],
      [
       13.80166667,
       55.70444444
      ],
      [
       13.83388889,
       55.85638889
      ],
      [
       13.86444444,
       56
      ],
      [
       13.91222222,
       56.22111111
      ]
     ]
    ]
   },
   "properties": {
    "lager": "Kontrollområde (TMA-sektor)",
    "namn": "Kristianstad TMA b",
    "typ": "TMAS",
    "beteckning": "ESMK",
    "plats": "Kristianstad TMA b",
    "hojd": "1700–FL 65",
    "operator": "",
    "gäller_fr": "2026-06-11",
    "kommentar": "C"
   }
  },
  {
   "type": "Feature",
   "geometry": {
    "type": "Polygon",
    "coordinates": [
     [
      [
       14.32083333,
       56.47722222
      ],
      [
       14.39694444,
       56.21527778
      ],
      [
       13.91222222,
       56.22111111
      ],
      [
       13.93416667,
       56.47694444
      ],
      [
       14.32083333,
       56.47722222
      ]
     ]
    ]
   },
   "properties": {
    "lager": "Kontrollområde (TMA-sektor)",
    "namn": "Kristianstad TMA c",
    "typ": "TMAS",
    "beteckning": "ESMK",
    "plats": "Kristianstad TMA c",
    "hojd": "4500–FL 95",
    "operator": "",
    "gäller_fr": "2026-06-11",
    "kommentar": "C"
   }
  },
  {
   "type": "Feature",
   "geometry": {
    "type": "Polygon",
    "coordinates": [
     [
      [
       17.45694444,
       58.61638889
      ],
      [
       17.215,
       58.36638889
      ],
      [
       17.04777778,
       58.26166667
      ],
      [
       16.43222222,
       58.12444444
      ],
      [
       16.07694444,
       57.86944444
      ],
      [
       15.7775,
       57.94194444
      ],
      [
       16.24472222,
       58.18305556
      ],
      [
       16.62527778,
       58.32055556
      ],
      [
       17.45694444,
       58.61638889
      ]
     ]
    ]
   },
   "properties": {
    "lager": "Kontrollområde (TMA-sektor)",
    "namn": "Östgöta TMA b",
    "typ": "TMAS",
    "beteckning": "ESSP",
    "plats": "Östgöta TMA b",
    "hojd": "4500–FL 95",
    "operator": "",
    "gäller_fr": "2026-06-11",
    "kommentar": "C"
   }
  },
  {
   "type": "Feature",
   "geometry": {
    "type": "Polygon",
    "coordinates": [
     [
      [
       18.45277778,
       65.66444444
      ],
      [
       19.05222222,
       65.47166667
      ],
      [
       19.72111111,
       65.25055556
      ],
      [
       19.43416667,
       65.04944444
      ],
      [
       18.48527778,
       65.36083333
      ],
      [
       18.45277778,
       65.66444444
      ]
     ]
    ]
   },
   "properties": {
    "lager": "Kontrollområde (TMA-sektor)",
    "namn": "Arvidsjaur TMA c",
    "typ": "TMAS",
    "beteckning": "ESNX",
    "plats": "Arvidsjaur TMA c",
    "hojd": "4500–FL 95",
    "operator": "",
    "gäller_fr": "2026-06-11",
    "kommentar": "C"
   }
  },
  {
   "type": "Feature",
   "geometry": {
    "type": "Polygon",
    "coordinates": [
     [
      [
       18.85638889,
       65.87888889
      ],
      [
       19.45527778,
       65.68527778
      ],
      [
       19.05222222,
       65.47166667
      ],
      [
       18.45277778,
       65.66444444
      ],
      [
       18.85638889,
       65.87888889
      ]
     ]
    ]
   },
   "properties": {
    "lager": "Kontrollområde (TMA-sektor)",
    "namn": "Arvidsjaur TMA a",
    "typ": "TMAS",
    "beteckning": "ESNX",
    "plats": "Arvidsjaur TMA a",
    "hojd": "3200–FL 95",
    "operator": "",
    "gäller_fr": "2026-06-11",
    "kommentar": "C"
   }
  },
  {
   "type": "Feature",
   "geometry": {
    "type": "Polygon",
    "coordinates": [
     [
      [
       19.45527778,
       65.68527778
      ],
      [
       20.06638889,
       65.48277778
      ],
      [
       19.72111111,
       65.25055556
      ],
      [
       19.05222222,
       65.47166667
      ],
      [
       19.45527778,
       65.68527778
      ]
     ]
    ]
   },
   "properties": {
    "lager": "Kontrollområde (TMA-sektor)",
    "namn": "Arvidsjaur TMA b",
    "typ": "TMAS",
    "beteckning": "ESNX",
    "plats": "Arvidsjaur TMA b",
    "hojd": "2700–FL 95",
    "operator": "",
    "gäller_fr": "2026-06-11",
    "kommentar": "C"
   }
  },
  {
   "type": "Feature",
   "geometry": {
    "type": "Polygon",
    "coordinates": [
     [
      [
       15.14333333,
       60.68361111
      ],
      [
       15.46694444,
       60.67777778
      ],
      [
       15.81305556,
       60.545
      ],
      [
       16.20694444,
       60.31611111
      ],
      [
       15.88166667,
       60.125
      ],
      [
       15.12972222,
       60.22027778
      ],
      [
       15.00527778,
       60.51333333
      ],
      [
       15.00083333,
       60.61194444
      ],
      [
       15.14333333,
       60.68361111
      ]
     ]
    ]
   },
   "properties": {
    "lager": "Kontrollområde (TMA-sektor)",
    "namn": "Borlänge TMA a",
    "typ": "TMAS",
    "beteckning": "ESSD",
    "plats": "Borlänge TMA a",
    "hojd": "2500–FL 95",
    "operator": "",
    "gäller_fr": "2026-06-11",
    "kommentar": "C"
   }
  },
  {
   "type": "Feature",
   "geometry": {
    "type": "Polygon",
    "coordinates": [
     [
      [
       15.12972222,
       60.22027778
      ],
      [
       15.88166667,
       60.125
      ],
      [
       15.16027778,
       59.88555556
      ],
      [
       15.0425,
       59.94416667
      ],
      [
       15.12972222,
       60.22027778
      ]
     ]
    ]
   },
   "properties": {
    "lager": "Kontrollområde (TMA-sektor)",
    "namn": "Borlänge TMA b",
    "typ": "TMAS",
    "beteckning": "ESSD",
    "plats": "Borlänge TMA b",
    "hojd": "4500–FL 95",
    "operator": "",
    "gäller_fr": "2026-06-11",
    "kommentar": "C"
   }
  },
  {
   "type": "Feature",
   "geometry": {
    "type": "Polygon",
    "coordinates": [
     [
      [
       12.08861111,
       58.25305556
      ],
      [
       12.35388889,
       58.11638889
      ],
      [
       12.785,
       58.10805556
      ],
      [
       12.76388889,
       57.45277778
      ],
      [
       12.54416667,
       57.33583333
      ],
      [
       11.58277778,
       57.21361111
      ],
      [
       11.14055556,
       57.75138889
      ],
      [
       11.45027778,
       58.12777778
      ],
      [
       12.08861111,
       58.25305556
      ]
     ]
    ]
   },
   "properties": {
    "lager": "Kontrollområde (TMA-sektor)",
    "namn": "Göteborg TMA a",
    "typ": "TMAS",
    "beteckning": "ESGG",
    "plats": "Göteborg TMA a",
    "hojd": "2500–4500",
    "operator": "",
    "gäller_fr": "2026-06-11",
    "kommentar": "C"
   }
  },
  {
   "type": "Feature",
   "geometry": {
    "type": "Polygon",
    "coordinates": [
     [
      [
       11.785,
       58.07055556
      ],
      [
       12.61138889,
       57.84833333
      ],
      [
       12.51972222,
       57.69694444
      ],
      [
       12.4975,
       57.47472222
      ],
      [
       12.08083333,
       57.44972222
      ],
      [
       11.65666667,
       57.52027778
      ],
      [
       11.5225,
       57.77472222
      ],
      [
       11.56416667,
       57.93305556
      ],
      [
       11.785,
       58.07055556
      ]
     ]
    ]
   },
   "properties": {
    "lager": "Kontrollområde (TMA-sektor)",
    "namn": "Göteborg TMA b",
    "typ": "TMAS",
    "beteckning": "ESGG",
    "plats": "Göteborg TMA b",
    "hojd": "1500–2500",
    "operator": "",
    "gäller_fr": "2026-06-11",
    "kommentar": "C"
   }
  },
  {
   "type": "Feature",
   "geometry": {
    "type": "Polygon",
    "coordinates": [
     [
      [
       14.32166667,
       58.06416667
      ],
      [
       14.45305556,
       57.88694444
      ],
      [
       14.47805556,
       57.66305556
      ],
      [
       14.42027778,
       57.65027778
      ],
      [
       14.10527778,
       57.43083333
      ],
      [
       13.60722222,
       57.53666667
      ],
      [
       13.96777778,
       58.03388889
      ],
      [
       14.32166667,
       58.06416667
      ]
     ]
    ]
   },
   "properties": {
    "lager": "Kontrollområde (TMA-sektor)",
    "namn": "Jönköping TMA a",
    "typ": "TMAS",
    "beteckning": "ESGJ",
    "plats": "Jönköping TMA a",
    "hojd": "2200–FL 95",
    "operator": "",
    "gäller_fr": "2026-06-11",
    "kommentar": "C"
   }
  },
  {
   "type": "Feature",
   "geometry": {
    "type": "Polygon",
    "coordinates": [
     [
      [
       12.81388889,
       61.47805556
      ],
      [
       13.35138889,
       61.30805556
      ],
      [
       13.46,
       61.22888889
      ],
      [
       13.51722222,
       61.00777778
      ],
      [
       12.67416667,
       60.73694444
      ],
      [
       12.58083333,
       61.04777778
      ],
      [
       12.6125,
       61.04694444
      ],
      [
       12.6575,
       61.05277778
      ],
      [
       12.67,
       61.05611111
      ],
      [
       12.67111111,
       61.05638889
      ],
      [
       12.6825,
       61.06111111
      ],
      [
       12.70694444,
       61.14333333
      ],
      [
       12.79027778,
       61.19694444
      ],
      [
       12.79777778,
       61.20777778
      ],
      [
       12.83388889,
       61.25833333
      ],
      [
       12.87083333,
       61.35638889
      ],
      [
       12.71222222,
       61.47027778
      ],
      [
       12.81388889,
       61.47805556
      ]
     ]
    ]
   },
   "properties": {
    "lager": "Kontrollområde (TMA-sektor)",
    "namn": "Sälen TMA a",
    "typ": "TMAS",
    "beteckning": "ESKS",
    "plats": "Sälen TMA a",
    "hojd": "4200–FL 95",
    "operator": "",
    "gäller_fr": "2026-06-11",
    "kommentar": "C"
   }
  },
  {
   "type": "Feature",
   "geometry": {
    "type": "Polygon",
    "coordinates": [
     [
      [
       18.56083333,
       58.25416667
      ],
      [
       18.67527778,
       58.07833333
      ],
      [
       17.81472222,
       57.91388889
      ],
      [
       17.83861111,
       58.17555556
      ],
      [
       18.56083333,
       58.25416667
      ]
     ]
    ]
   },
   "properties": {
    "lager": "Kontrollområde (TMA-sektor)",
    "namn": "Visby TMA b",
    "typ": "TMAS",
    "beteckning": "ESSV",
    "plats": "Visby TMA b",
    "hojd": "4500–FL 95",
    "operator": "",
    "gäller_fr": "2026-06-11",
    "kommentar": "C"
   }
  },
  {
   "type": "Feature",
   "geometry": {
    "type": "Polygon",
    "coordinates": [
     [
      [
       15.40361111,
       59.54111111
      ],
      [
       15.98527778,
       59.50666667
      ],
      [
       15.99416667,
       59.30166667
      ],
      [
       15.5275,
       59.18916667
      ],
      [
       15.40361111,
       59.54111111
      ]
     ]
    ]
   },
   "properties": {
    "lager": "Kontrollområde (TMA-sektor)",
    "namn": "Örebro TMA b",
    "typ": "TMAS",
    "beteckning": "ESOE",
    "plats": "Örebro TMA b",
    "hojd": "4500–FL 95",
    "operator": "",
    "gäller_fr": "2026-06-11",
    "kommentar": "C"
   }
  },
  {
   "type": "Feature",
   "geometry": {
    "type": "Polygon",
    "coordinates": [
     [
      [
       12.4975,
       58.76611111
      ],
      [
       13.16388889,
       58.73277778
      ],
      [
       13.32444444,
       58.51694444
      ],
      [
       13.32444444,
       58.29527778
      ],
      [
       13.27694444,
       58.09694444
      ],
      [
       13.19916667,
       57.76722222
      ],
      [
       12.69583333,
       57.2275
      ],
      [
       11.76611111,
       56.98555556
      ],
      [
       11.58277778,
       57.21361111
      ],
      [
       11.14055556,
       57.75138889
      ],
      [
       11.45027778,
       58.12777778
      ],
      [
       11.9975,
       58.46527778
      ],
      [
       12.29555556,
       58.64555556
      ],
      [
       12.4975,
       58.76611111
      ]
     ]
    ]
   },
   "properties": {
    "lager": "Kontrollområde (TMA-sektor)",
    "namn": "Göteborg TMA",
    "typ": "TMAS",
    "beteckning": "ESGG",
    "plats": "Göteborg TMA",
    "hojd": "4500–FL 95",
    "operator": "",
    "gäller_fr": "2026-06-11",
    "kommentar": "C"
   }
  },
  {
   "type": "Feature",
   "geometry": {
    "type": "Polygon",
    "coordinates": [
     [
      [
       16.70777778,
       59.01194444
      ],
      [
       17.22333333,
       58.97861111
      ],
      [
       17.40777778,
       58.96611111
      ],
      [
       17.45694444,
       58.61638889
      ],
      [
       17.215,
       58.36638889
      ],
      [
       17.04777778,
       58.26166667
      ],
      [
       16.43222222,
       58.12444444
      ],
      [
       16.07694444,
       57.86944444
      ],
      [
       15.7775,
       57.94194444
      ],
      [
       14.85972222,
       58.13611111
      ],
      [
       14.88861111,
       58.24138889
      ],
      [
       15.04027778,
       58.4275
      ],
      [
       15.24416667,
       58.67444444
      ],
      [
       15.89777778,
       58.79972222
      ],
      [
       16.20111111,
       58.85638889
      ],
      [
       16.67166667,
       58.9425
      ],
      [
       16.70777778,
       59.01194444
      ]
     ]
    ]
   },
   "properties": {
    "lager": "Kontrollområde (TMA-sektor)",
    "namn": "ÖSTGÖTA TMA",
    "typ": "TMAS",
    "beteckning": "ESSP",
    "plats": "ÖSTGÖTA TMA",
    "hojd": "4500–FL 95",
    "operator": "",
    "gäller_fr": "2026-06-11",
    "kommentar": "C"
   }
  },
  {
   "type": "Feature",
   "geometry": {
    "type": "Polygon",
    "coordinates": [
     [
      [
       16.70777778,
       59.01194444
      ],
      [
       17.22333333,
       58.97861111
      ],
      [
       17.40777778,
       58.96611111
      ],
      [
       17.45694444,
       58.61638889
      ],
      [
       16.62527778,
       58.32055556
      ],
      [
       16.24472222,
       58.18305556
      ],
      [
       15.7775,
       57.94194444
      ],
      [
       14.85972222,
       58.13611111
      ],
      [
       14.88861111,
       58.24138889
      ],
      [
       15.04027778,
       58.4275
      ],
      [
       15.24416667,
       58.67444444
      ],
      [
       15.89777778,
       58.79972222
      ],
      [
       16.20111111,
       58.85638889
      ],
      [
       16.67166667,
       58.9425
      ],
      [
       16.70777778,
       59.01194444
      ]
     ]
    ]
   },
   "properties": {
    "lager": "Kontrollområde (TMA-sektor)",
    "namn": "Östgöta TMA a",
    "typ": "TMAS",
    "beteckning": "ESSP",
    "plats": "Östgöta TMA a",
    "hojd": "1600–FL 95",
    "operator": "",
    "gäller_fr": "2026-06-11",
    "kommentar": "C"
   }
  },
  {
   "type": "Feature",
   "geometry": {
    "type": "Polygon",
    "coordinates": [
     [
      [
       14.84805556,
       58.10777778
      ],
      [
       14.93777778,
       57.96805556
      ],
      [
       14.70944444,
       57.71416667
      ],
      [
       14.47805556,
       57.66305556
      ],
      [
       14.45305556,
       57.88694444
      ],
      [
       14.32166667,
       58.06416667
      ],
      [
       14.84805556,
       58.10777778
      ]
     ]
    ]
   },
   "properties": {
    "lager": "Kontrollområde (TMA-sektor)",
    "namn": "Jönköping TMA b",
    "typ": "TMAS",
    "beteckning": "ESGJ",
    "plats": "Jönköping TMA b",
    "hojd": "4500–FL 95",
    "operator": "",
    "gäller_fr": "2026-06-11",
    "kommentar": "C"
   }
  },
  {
   "type": "Feature",
   "geometry": {
    "type": "Polygon",
    "coordinates": [
     [
      [
       13.60722222,
       57.53666667
      ],
      [
       14.10527778,
       57.43083333
      ],
      [
       14.05333333,
       57.21194444
      ],
      [
       13.80027778,
       57.22111111
      ],
      [
       13.60722222,
       57.53666667
      ]
     ]
    ]
   },
   "properties": {
    "lager": "Kontrollområde (TMA-sektor)",
    "namn": "Jönköping TMA c",
    "typ": "TMAS",
    "beteckning": "ESGJ",
    "plats": "Jönköping TMA c",
    "hojd": "4500–FL 95",
    "operator": "",
    "gäller_fr": "2026-06-11",
    "kommentar": "C"
   }
  },
  {
   "type": "Feature",
   "geometry": {
    "type": "Polygon",
    "coordinates": [
     [
      [
       15.9275,
       56.97888889
      ],
      [
       16.57055556,
       56.96333333
      ],
      [
       16.675,
       56.70055556
      ],
      [
       16.66361111,
       56.49972222
      ],
      [
       16.32555556,
       56.40333333
      ],
      [
       16.09138889,
       56.38583333
      ],
      [
       15.84166667,
       56.65833333
      ],
      [
       15.9275,
       56.97888889
      ]
     ]
    ]
   },
   "properties": {
    "lager": "Kontrollområde (TMA-sektor)",
    "namn": "Kalmar TMA a",
    "typ": "TMAS",
    "beteckning": "ESMQ",
    "plats": "Kalmar TMA a",
    "hojd": "1500–FL 95",
    "operator": "",
    "gäller_fr": "2026-06-11",
    "kommentar": "C"
   }
  },
  {
   "type": "Feature",
   "geometry": {
    "type": "Polygon",
    "coordinates": [
     [
      [
       16.19138889,
       57.22333333
      ],
      [
       16.46861111,
       57.21611111
      ],
      [
       16.57055556,
       56.96333333
      ],
      [
       15.9275,
       56.97888889
      ],
      [
       16.19138889,
       57.22333333
      ]
     ]
    ]
   },
   "properties": {
    "lager": "Kontrollområde (TMA-sektor)",
    "namn": "Kalmar TMA b",
    "typ": "TMAS",
    "beteckning": "ESMQ",
    "plats": "Kalmar TMA b",
    "hojd": "4500–FL 95",
    "operator": "",
    "gäller_fr": "2026-06-11",
    "kommentar": "C"
   }
  },
  {
   "type": "Feature",
   "geometry": {
    "type": "Polygon",
    "coordinates": [
     [
      [
       13.59361111,
       59.77888889
      ],
      [
       13.96388889,
       59.42833333
      ],
      [
       13.325,
       59.11722222
      ],
      [
       12.90916667,
       59.22444444
      ],
      [
       13.02361111,
       59.52138889
      ],
      [
       13.42555556,
       59.77611111
      ],
      [
       13.59361111,
       59.77888889
      ]
     ]
    ]
   },
   "properties": {
    "lager": "Kontrollområde (TMA-sektor)",
    "namn": "Karlstad TMA a",
    "typ": "TMAS",
    "beteckning": "ESOK",
    "plats": "Karlstad TMA a",
    "hojd": "2000–FL 95",
    "operator": "",
    "gäller_fr": "2026-06-11",
    "kommentar": "C"
   }
  },
  {
   "type": "Feature",
   "geometry": {
    "type": "Polygon",
    "coordinates": [
     [
      [
       14.20138889,
       59.78666667
      ],
      [
       14.29333333,
       59.65416667
      ],
      [
       13.96388889,
       59.42833333
      ],
      [
       13.59361111,
       59.77888889
      ],
      [
       14.20138889,
       59.78666667
      ]
     ]
    ]
   },
   "properties": {
    "lager": "Kontrollområde (TMA-sektor)",
    "namn": "Karlstad TMA b",
    "typ": "TMAS",
    "beteckning": "ESOK",
    "plats": "Karlstad TMA b",
    "hojd": "4500–FL 95",
    "operator": "",
    "gäller_fr": "2026-06-11",
    "kommentar": "C"
   }
  },
  {
   "type": "Feature",
   "geometry": {
    "type": "Polygon",
    "coordinates": [
     [
      [
       12.90916667,
       59.22444444
      ],
      [
       13.325,
       59.11722222
      ],
      [
       13.08472222,
       58.90972222
      ],
      [
       12.83055556,
       58.93805556
      ],
      [
       12.90916667,
       59.22444444
      ]
     ]
    ]
   },
   "properties": {
    "lager": "Kontrollområde (TMA-sektor)",
    "namn": "Karlstad TMA c",
    "typ": "TMAS",
    "beteckning": "ESOK",
    "plats": "Karlstad TMA c",
    "hojd": "4500–FL 95",
    "operator": "",
    "gäller_fr": "2026-06-11",
    "kommentar": "C"
   }
  },
  {
   "type": "Feature",
   "geometry": {
    "type": "Polygon",
    "coordinates": [
     [
      [
       20.39888889,
       68.16194444
      ],
      [
       20.81222222,
       67.99
      ],
      [
       20.91222222,
       67.79027778
      ],
      [
       20.91777778,
       67.51527778
      ],
      [
       19.91833333,
       67.54
      ],
      [
       19.82916667,
       67.74861111
      ],
      [
       20.03888889,
       67.85694444
      ],
      [
       20.07972222,
       67.985
      ],
      [
       20.39888889,
       68.16194444
      ]
     ]
    ]
   },
   "properties": {
    "lager": "Kontrollområde (TMA-sektor)",
    "namn": "Kiruna TMA a",
    "typ": "TMAS",
    "beteckning": "ESNQ",
    "plats": "Kiruna TMA a",
    "hojd": "3100–FL 95",
    "operator": "",
    "gäller_fr": "2026-06-11",
    "kommentar": "C"
   }
  },
  {
   "type": "Feature",
   "geometry": {
    "type": "Polygon",
    "coordinates": [
     [
      [
       19.91833333,
       67.54
      ],
      [
       20.91777778,
       67.51527778
      ],
      [
       20.91777778,
       67.39861111
      ],
      [
       20.49555556,
       67.33194444
      ],
      [
       19.99583333,
       67.35694444
      ],
      [
       19.91833333,
       67.54
      ]
     ]
    ]
   },
   "properties": {
    "lager": "Kontrollområde (TMA-sektor)",
    "namn": "Kiruna TMA b",
    "typ": "TMAS",
    "beteckning": "ESNQ",
    "plats": "Kiruna TMA b",
    "hojd": "4500–FL 95",
    "operator": "",
    "gäller_fr": "2026-06-11",
    "kommentar": "C"
   }
  },
  {
   "type": "Feature",
   "geometry": {
    "type": "Polygon",
    "coordinates": [
     [
      [
       14.62861111,
       57.2275
      ],
      [
       15.07416667,
       57.16916667
      ],
      [
       15.0025,
       57.11777778
      ],
      [
       14.79722222,
       56.69055556
      ],
      [
       14.53361111,
       56.63416667
      ],
      [
       14.40722222,
       56.82138889
      ],
      [
       14.42472222,
       56.99972222
      ],
      [
       14.62861111,
       57.2275
      ]
     ]
    ]
   },
   "properties": {
    "lager": "Kontrollområde (TMA-sektor)",
    "namn": "Kronoberg TMA a",
    "typ": "TMAS",
    "beteckning": "ESMX",
    "plats": "Kronoberg TMA a",
    "hojd": "2000–FL 95",
    "operator": "",
    "gäller_fr": "2026-06-11",
    "kommentar": "C"
   }
  },
  {
   "type": "Feature",
   "geometry": {
    "type": "Polygon",
    "coordinates": [
     [
      [
       14.85944444,
       57.48166667
      ],
      [
       15.10194444,
       57.44833333
      ],
      [
       15.16972222,
       57.23777778
      ],
      [
       15.07416667,
       57.16916667
      ],
      [
       14.62861111,
       57.2275
      ],
      [
       14.85944444,
       57.48166667
      ]
     ]
    ]
   },
   "properties": {
    "lager": "Kontrollområde (TMA-sektor)",
    "namn": "Kronoberg TMA b",
    "typ": "TMAS",
    "beteckning": "ESMX",
    "plats": "Kronoberg TMA b",
    "hojd": "4500–FL 95",
    "operator": "",
    "gäller_fr": "2026-06-11",
    "kommentar": "C"
   }
  },
  {
   "type": "Feature",
   "geometry": {
    "type": "Polygon",
    "coordinates": [
     [
      [
       17.36333333,
       59.0625
      ],
      [
       17.97944444,
       58.925
      ],
      [
       17.77166667,
       58.80277778
      ],
      [
       17.45694444,
       58.61638889
      ],
      [
       17.40777778,
       58.96611111
      ],
      [
       17.22333333,
       58.97861111
      ],
      [
       17.36333333,
       59.0625
      ]
     ]
    ]
   },
   "properties": {
    "lager": "Kontrollområde (TMA-sektor)",
    "namn": "Stockholm TMA i",
    "typ": "TMAS",
    "beteckning": "ESSA",
    "plats": "Stockholm TMA i",
    "hojd": "3000–FL 95",
    "operator": "",
    "gäller_fr": "2026-06-11",
    "kommentar": "C"
   }
  },
  {
   "type": "Feature",
   "geometry": {
    "type": "Polygon",
    "coordinates": [
     [
      [
       14.42472222,
       56.99972222
      ],
      [
       14.40722222,
       56.82138889
      ],
      [
       14.53361111,
       56.63416667
      ],
      [
       14.35555556,
       56.59555556
      ],
      [
       14.16388889,
       56.5075
      ],
      [
       13.92527778,
       56.61138889
      ],
      [
       14.07722222,
       56.87805556
      ],
      [
       14.42472222,
       56.99972222
      ]
     ]
    ]
   },
   "properties": {
    "lager": "Kontrollområde (TMA-sektor)",
    "namn": "Kronoberg TMA c",
    "typ": "TMAS",
    "beteckning": "ESMX",
    "plats": "Kronoberg TMA c",
    "hojd": "4500–FL 95",
    "operator": "",
    "gäller_fr": "2026-06-11",
    "kommentar": "C"
   }
  },
  {
   "type": "Feature",
   "geometry": {
    "type": "Polygon",
    "coordinates": [
     [
      [
       12.71222222,
       61.47027778
      ],
      [
       12.87083333,
       61.35638889
      ],
      [
       12.83388889,
       61.25833333
      ],
      [
       12.79777778,
       61.20777778
      ],
      [
       12.79027778,
       61.19694444
      ],
      [
       12.70694444,
       61.14333333
      ],
      [
       12.6825,
       61.06111111
      ],
      [
       12.67111111,
       61.05638889
      ],
      [
       12.67,
       61.05611111
      ],
      [
       12.6575,
       61.05277778
      ],
      [
       12.6125,
       61.04694444
      ],
      [
       12.58083333,
       61.04777778
      ],
      [
       12.23944444,
       61.28916667
      ],
      [
       12.33388889,
       61.37166667
      ],
      [
       12.61638889,
       61.46305556
      ],
      [
       12.71222222,
       61.47027778
      ]
     ]
    ]
   },
   "properties": {
    "lager": "Kontrollområde (TMA-sektor)",
    "namn": "Sälen TMA b",
    "typ": "TMAS",
    "beteckning": "ESKS",
    "plats": "Sälen TMA b",
    "hojd": "4200–FL 95",
    "operator": "",
    "gäller_fr": "2026-06-11",
    "kommentar": "C"
   }
  },
  {
   "type": "Feature",
   "geometry": {
    "type": "Polygon",
    "coordinates": [
     [
      [
       13.51722222,
       61.00777778
      ],
      [
       13.59194444,
       60.71888889
      ],
      [
       13.13333333,
       60.57111111
      ],
      [
       12.67416667,
       60.73694444
      ],
      [
       13.51722222,
       61.00777778
      ]
     ]
    ]
   },
   "properties": {
    "lager": "Kontrollområde (TMA-sektor)",
    "namn": "Sälen TMA c",
    "typ": "TMAS",
    "beteckning": "ESKS",
    "plats": "Sälen TMA c",
    "hojd": "4500–FL 95",
    "operator": "",
    "gäller_fr": "2026-06-11",
    "kommentar": "C"
   }
  },
  {
   "type": "Feature",
   "geometry": {
    "type": "Polygon",
    "coordinates": [
     [
      [
       12.4975,
       58.76611111
      ],
      [
       13.16388889,
       58.73277778
      ],
      [
       13.32444444,
       58.51694444
      ],
      [
       13.32444444,
       58.29527778
      ],
      [
       13.27694444,
       58.09694444
      ],
      [
       13.12916667,
       58.10027778
      ],
      [
       12.785,
       58.10805556
      ],
      [
       12.35388889,
       58.11638889
      ],
      [
       12.08861111,
       58.25305556
      ],
      [
       11.9975,
       58.29972222
      ],
      [
       11.9975,
       58.46527778
      ],
      [
       12.29555556,
       58.64555556
      ],
      [
       12.4975,
       58.76611111
      ]
     ]
    ]
   },
   "properties": {
    "lager": "Kontrollområde (TMA-sektor)",
    "namn": "Part of GÖTEBORG TMA",
    "typ": "TMAS",
    "beteckning": "ESGG",
    "plats": "Part of GÖTEBORG TMA",
    "hojd": "4500–FL 95",
    "operator": "",
    "gäller_fr": "2026-06-11",
    "kommentar": "C"
   }
  },
  {
   "type": "Feature",
   "geometry": {
    "type": "Polygon",
    "coordinates": [
     [
      [
       12.4975,
       58.76611111
      ],
      [
       13.16388889,
       58.73277778
      ],
      [
       13.32444444,
       58.51694444
      ],
      [
       13.32444444,
       58.29527778
      ],
      [
       13.27694444,
       58.09694444
      ],
      [
       13.12916667,
       58.10027778
      ],
      [
       12.29555556,
       58.64555556
      ],
      [
       12.4975,
       58.76611111
      ]
     ]
    ]
   },
   "properties": {
    "lager": "Kontrollområde (TMA-sektor)",
    "namn": "Sector Såtenäs",
    "typ": "TMAS",
    "beteckning": "ESGG",
    "plats": "Sector Såtenäs",
    "hojd": "1500–4500",
    "operator": "",
    "gäller_fr": "2026-06-11",
    "kommentar": "C Reduced radio coverage below sector Såtenäs. 124.680 \n to be used in uncontrolled airspace."
   }
  },
  {
   "type": "Feature",
   "geometry": {
    "type": "Polygon",
    "coordinates": [
     [
      [
       22.45166667,
       65.77666667
      ],
      [
       23.02861111,
       65.44055556
      ],
      [
       22.56972222,
       65.105
      ],
      [
       22.37916667,
       65.06972222
      ],
      [
       21.67583333,
       65.36444444
      ],
      [
       21.96222222,
       65.46888889
      ],
      [
       22.315,
       65.59555556
      ],
      [
       22.45166667,
       65.77666667
      ]
     ]
    ]
   },
   "properties": {
    "lager": "Kontrollområde (TMA-sektor)",
    "namn": "Luleå TMA a",
    "typ": "TMAS",
    "beteckning": "ESPA",
    "plats": "Luleå TMA a",
    "hojd": "1200–FL 95",
    "operator": "",
    "gäller_fr": "2026-06-11",
    "kommentar": "C"
   }
  },
  {
   "type": "Feature",
   "geometry": {
    "type": "Polygon",
    "coordinates": [
     [
      [
       22.13166667,
       65.95861111
      ],
      [
       22.45166667,
       65.77666667
      ],
      [
       22.315,
       65.59555556
      ],
      [
       21.96222222,
       65.46888889
      ],
      [
       21.67583333,
       65.36444444
      ],
      [
       21.19861111,
       65.55916667
      ],
      [
       21.20472222,
       65.60611111
      ],
      [
       22.13166667,
       65.95861111
      ]
     ]
    ]
   },
   "properties": {
    "lager": "Kontrollområde (TMA-sektor)",
    "namn": "Luleå TMA b",
    "typ": "TMAS",
    "beteckning": "ESPA",
    "plats": "Luleå TMA b",
    "hojd": "1600–FL 95",
    "operator": "",
    "gäller_fr": "2026-06-11",
    "kommentar": "C"
   }
  },
  {
   "type": "Feature",
   "geometry": {
    "type": "Polygon",
    "coordinates": [
     [
      [
       22.04555556,
       66.00694444
      ],
      [
       22.13166667,
       65.95861111
      ],
      [
       21.20472222,
       65.60611111
      ],
      [
       21.24555556,
       65.89861111
      ],
      [
       21.49555556,
       65.94861111
      ],
      [
       22.04555556,
       66.00694444
      ]
     ]
    ]
   },
   "properties": {
    "lager": "Kontrollområde (TMA-sektor)",
    "namn": "Luleå TMA c",
    "typ": "TMAS",
    "beteckning": "ESPA",
    "plats": "Luleå TMA c",
    "hojd": "2000–FL 95",
    "operator": "",
    "gäller_fr": "2026-06-11",
    "kommentar": "C"
   }
  },
  {
   "type": "Feature",
   "geometry": {
    "type": "Polygon",
    "coordinates": [
     [
      [
       21.19861111,
       65.55916667
      ],
      [
       21.67583333,
       65.36444444
      ],
      [
       22.37916667,
       65.06972222
      ],
      [
       22.15527778,
       65.02694444
      ],
      [
       21.155,
       65.23694444
      ],
      [
       21.19861111,
       65.55916667
      ]
     ]
    ]
   },
   "properties": {
    "lager": "Kontrollområde (TMA-sektor)",
    "namn": "Luleå TMA d",
    "typ": "TMAS",
    "beteckning": "ESPA",
    "plats": "Luleå TMA d",
    "hojd": "2000–FL 95",
    "operator": "",
    "gäller_fr": "2026-06-11",
    "kommentar": "C"
   }
  },
  {
   "type": "Feature",
   "geometry": {
    "type": "Polygon",
    "coordinates": [
     [
      [
       21.155,
       65.23694444
      ],
      [
       22.15527778,
       65.02694444
      ],
      [
       21.86611111,
       64.87416667
      ],
      [
       20.94805556,
       65.08166667
      ],
      [
       21.155,
       65.23694444
      ]
     ]
    ]
   },
   "properties": {
    "lager": "Kontrollområde (TMA-sektor)",
    "namn": "Luleå TMA e",
    "typ": "TMAS",
    "beteckning": "ESPA",
    "plats": "Luleå TMA e",
    "hojd": "4500–FL 95",
    "operator": "",
    "gäller_fr": "2026-06-11",
    "kommentar": "C"
   }
  },
  {
   "type": "Feature",
   "geometry": {
    "type": "Polygon",
    "coordinates": [
     [
      [
       15.89777778,
       58.79972222
      ],
      [
       15.74027778,
       58.52888889
      ],
      [
       16.62527778,
       58.32055556
      ],
      [
       16.24472222,
       58.18305556
      ],
      [
       15.7775,
       57.94194444
      ],
      [
       14.85972222,
       58.13611111
      ],
      [
       14.88861111,
       58.24138889
      ],
      [
       15.04027778,
       58.4275
      ],
      [
       15.24416667,
       58.67444444
      ],
      [
       15.89777778,
       58.79972222
      ]
     ]
    ]
   },
   "properties": {
    "lager": "Kontrollområde (TMA-sektor)",
    "namn": "Sector Linköping",
    "typ": "TMAS",
    "beteckning": "ESSP",
    "plats": "Sector Linköping",
    "hojd": "1600–4500",
    "operator": "",
    "gäller_fr": "2026-06-11",
    "kommentar": "C"
   }
  },
  {
   "type": "Feature",
   "geometry": {
    "type": "Polygon",
    "coordinates": [
     [
      [
       16.20111111,
       58.85638889
      ],
      [
       16.34416667,
       58.69083333
      ],
      [
       16.85916667,
       58.6775
      ],
      [
       17.45694444,
       58.61638889
      ],
      [
       16.62527778,
       58.32055556
      ],
      [
       15.74027778,
       58.52888889
      ],
      [
       15.89777778,
       58.79972222
      ],
      [
       16.20111111,
       58.85638889
      ]
     ]
    ]
   },
   "properties": {
    "lager": "Kontrollområde (TMA-sektor)",
    "namn": "Sector Norrköping",
    "typ": "TMAS",
    "beteckning": "ESSP",
    "plats": "Sector Norrköping",
    "hojd": "1600–4500",
    "operator": "",
    "gäller_fr": "2026-06-11",
    "kommentar": "C \n"
   }
  },
  {
   "type": "Feature",
   "geometry": {
    "type": "Polygon",
    "coordinates": [
     [
      [
       16.70777778,
       59.01194444
      ],
      [
       17.22333333,
       58.97861111
      ],
      [
       17.40777778,
       58.96611111
      ],
      [
       17.45694444,
       58.61638889
      ],
      [
       16.85916667,
       58.6775
      ],
      [
       16.34416667,
       58.69083333
      ],
      [
       16.20111111,
       58.85638889
      ],
      [
       16.67166667,
       58.9425
      ],
      [
       16.70777778,
       59.01194444
      ]
     ]
    ]
   },
   "properties": {
    "lager": "Kontrollområde (TMA-sektor)",
    "namn": "Sector Nyköping",
    "typ": "TMAS",
    "beteckning": "ESSP",
    "plats": "Sector Nyköping",
    "hojd": "1600–4500",
    "operator": "",
    "gäller_fr": "2026-06-11",
    "kommentar": "C"
   }
  },
  {
   "type": "Feature",
   "geometry": {
    "type": "Polygon",
    "coordinates": [
     [
      [
       14.92583333,
       59.5675
      ],
      [
       15.40361111,
       59.54111111
      ],
      [
       15.5275,
       59.18916667
      ],
      [
       15.31222222,
       58.93888889
      ],
      [
       15.00638889,
       58.81055556
      ],
      [
       14.45444444,
       59.08555556
      ],
      [
       14.70277778,
       59.17944444
      ],
      [
       14.92583333,
       59.5675
      ]
     ]
    ]
   },
   "properties": {
    "lager": "Kontrollområde (TMA-sektor)",
    "namn": "Örebro TMA a",
    "typ": "TMAS",
    "beteckning": "ESOE",
    "plats": "Örebro TMA a",
    "hojd": "2000–FL 95",
    "operator": "",
    "gäller_fr": "2026-06-11",
    "kommentar": "C"
   }
  },
  {
   "type": "Feature",
   "geometry": {
    "type": "Polygon",
    "coordinates": [
     [
      [
       14.45444444,
       59.08555556
      ],
      [
       15.00638889,
       58.81055556
      ],
      [
       14.92055556,
       58.77416667
      ],
      [
       14.79666667,
       58.82833333
      ],
      [
       14.54611111,
       58.72138889
      ],
      [
       14.34777778,
       58.80555556
      ],
      [
       14.27055556,
       59.01527778
      ],
      [
       14.45444444,
       59.08555556
      ]
     ]
    ]
   },
   "properties": {
    "lager": "Kontrollområde (TMA-sektor)",
    "namn": "Örebro TMA c",
    "typ": "TMAS",
    "beteckning": "ESOE",
    "plats": "Örebro TMA c",
    "hojd": "4500–FL 95",
    "operator": "",
    "gäller_fr": "2026-06-11",
    "kommentar": "C"
   }
  },
  {
   "type": "Feature",
   "geometry": {
    "type": "Polygon",
    "coordinates": [
     [
      [
       14.30777778,
       55.29055556
      ],
      [
       14.41472222,
       55.25944444
      ],
      [
       14.42476813,
       55.26496891
      ],
      [
       14.43698697,
       55.27126568
      ],
      [
       14.449586,
       55.27731455
      ],
      [
       14.46254984,
       55.28310815
      ],
      [
       14.47586263,
       55.28863943
      ],
      [
       14.48950809,
       55.29390163
      ],
      [
       14.50346954,
       55.29888835
      ],
      [
       14.51772986,
       55.30359352
      ],
      [
       14.53227158,
       55.3080114
      ],
      [
       14.54707687,
       55.31213662
      ],
      [
       14.56212757,
       55.31596414
      ],
      [
       14.5774052,
       55.3194893
      ],
      [
       14.592891,
       55.32270781
      ],
      [
       14.60856596,
       55.32561576
      ],
      [
       14.6244108,
       55.32820958
      ],
      [
       14.64040605,
       55.33048614
      ],
      [
       14.65653205,
       55.33244264
      ],
      [
       14.67276895,
       55.33407672
      ],
      [
       14.6890968,
       55.33538637
      ],
      [
       14.70549549,
       55.33637002
      ],
      [
       14.72194485,
       55.33702644
      ],
      [
       14.73842464,
       55.33735486
      ],
      [
       14.75491458,
       55.33735486
      ],
      [
       14.77139437,
       55.33702644
      ],
      [
       14.78784373,
       55.33637002
      ],
      [
       14.80424242,
       55.33538637
      ],
      [
       14.82057027,
       55.33407672
      ],
      [
       14.83680717,
       55.33244264
      ],
      [
       14.85293317,
       55.33048614
      ],
      [
       14.86892842,
       55.32820958
      ],
      [
       14.88477327,
       55.32561576
      ],
      [
       14.90044822,
       55.32270781
      ],
      [
       14.91593402,
       55.3194893
      ],
      [
       14.93121166,
       55.31596414
      ],
      [
       14.94626235,
       55.31213662
      ],
      [
       14.96106764,
       55.3080114
      ],
      [
       14.97560936,
       55.30359352
      ],
      [
       14.98986968,
       55.29888835
      ],
      [
       15.00383113,
       55.29390163
      ],
      [
       15.0174766,
       55.28863943
      ],
      [
       15.03078939,
       55.28310815
      ],
      [
       15.04375322,
       55.27731455
      ],
      [
       15.05635225,
       55.27126568
      ],
      [
       15.06857109,
       55.26496891
      ],
      [
       15.08039484,
       55.2584319
      ],
      [
       15.09180903,
       55.25166261
      ],
      [
       15.10279985,
       55.24466932
      ],
      [
       15.1133539,
       55.23746053
      ],
      [
       15.12345836,
       55.23004503
      ],
      [
       15.13310096,
       55.22243185
      ],
      [
       15.14227003,
       55.21463028
      ],
      [
       15.15095446,
       55.2066498
      ],
      [
       15.15914378,
       55.19850015
      ],
      [
       15.1668281,
       55.19019126
      ],
      [
       15.17399821,
       55.18173325
      ],
      [
       15.18064542,
       55.17313641
      ],
      [
       15.18676181,
       55.16441123
      ],
      [
       15.19234009,
       55.15556833
      ],
      [
       15.1973736,
       55.1466185
      ],
      [
       15.20185639,
       55.13757264
      ],
      [
       15.20578317,
       55.12844176
      ],
      [
       15.20914933,
       55.11923699
      ],
      [
       15.21195095,
       55.10996955
      ],
      [
       15.21418483,
       55.10065072
      ],
      [
       15.21584842,
       55.09129187
      ],
      [
       15.21693991,
       55.08190439
      ],
      [
       15.21745816,
       55.07249972
      ],
      [
       15.21740275,
       55.06308931
      ],
      [
       15.21677394,
       55.05368464
      ],
      [
       15.2155727,
       55.04429716
      ],
      [
       15.2138007,
       55.03493831
      ],
      [
       15.2114603,
       55.02561948
      ],
      [
       15.20855453,
       55.01635204
      ],
      [
       15.20508712,
       55.00714727
      ],
      [
       15.20106249,
       54.99801639
      ],
      [
       15.19648571,
       54.98897053
      ],
      [
       15.19136254,
       54.9800207
      ],
      [
       15.18569937,
       54.9711778
      ],
      [
       15.17950325,
       54.96245262
      ],
      [
       15.17278189,
       54.95385578
      ],
      [
       15.16554359,
       54.94539776
      ],
      [
       15.15779731,
       54.93708886
      ],
      [
       15.14955259,
       54.92893921
      ],
      [
       15.14081957,
       54.92095873
      ],
      [
       15.13160899,
       54.91315715
      ],
      [
       15.12193214,
       54.90554397
      ],
      [
       15.11180086,
       54.89812847
      ],
      [
       15.10122756,
       54.89091969
      ],
      [
       15.09022514,
       54.8839264
      ],
      [
       15.07880703,
       54.87715713
      ],
      [
       15.06698715,
       54.87062013
      ],
      [
       15.05477989,
       54.86432336
      ],
      [
       15.04220011,
       54.85827448
      ],
      [
       15.02926309,
       54.85248088
      ],
      [
       15.01598454,
       54.84694961
      ],
      [
       15.00238059,
       54.84168741
      ],
      [
       14.98846773,
       54.83670068
      ],
      [
       14.97426282,
       54.83199551
      ],
      [
       14.95978308,
       54.82757763
      ],
      [
       14.94504602,
       54.82345242
      ],
      [
       14.93006948,
       54.8196249
      ],
      [
       14.91487157,
       54.81609973
      ],
      [
       14.89947067,
       54.81288122
      ],
      [
       14.88388537,
       54.80997328
      ],
      [
       14.86813452,
       54.80737945
      ],
      [
       14.85223712,
       54.8051029
      ],
      [
       14.83621237,
       54.80314639
      ],
      [
       14.82007961,
       54.80151231
      ],
      [
       14.8038583,
       54.80020266
      ],
      [
       14.78756801,
       54.79921902
      ],
      [
       14.7712284,
       54.79856259
      ],
      [
       14.75485917,
       54.79823418
      ],
      [
       14.73848006,
       54.79823418
      ],
      [
       14.72211082,
       54.79856259
      ],
      [
       14.70577121,
       54.79921902
      ],
      [
       14.68948092,
       54.80020266
      ],
      [
       14.67325962,
       54.80151231
      ],
      [
       14.65712685,
       54.80314639
      ],
      [
       14.6411021,
       54.8051029
      ],
      [
       14.6252047,
       54.80737945
      ],
      [
       14.60945385,
       54.80997328
      ],
      [
       14.59386856,
       54.81288122
      ],
      [
       14.57846765,
       54.81609973
      ],
      [
       14.56326974,
       54.8196249
      ],
      [
       14.5482932,
       54.82345242
      ],
      [
       14.53355615,
       54.82757763
      ],
      [
       14.5190764,
       54.83199551
      ],
      [
       14.50487149,
       54.83670068
      ],
      [
       14.49095863,
       54.84168741
      ],
      [
       14.47735468,
       54.84694961
      ],
      [
       14.46407614,
       54.85248088
      ],
      [
       14.45113912,
       54.85827448
      ],
      [
       14.43855933,
       54.86432336
      ],
      [
       14.42635207,
       54.87062013
      ],
      [
       14.41453219,
       54.87715713
      ],
      [
       14.40311409,
       54.8839264
      ],
      [
       14.39211167,
       54.89091969
      ],
      [
       14.38153836,
       54.89812847
      ],
      [
       14.37140709,
       54.90554397
      ],
      [
       14.36173023,
       54.91315715
      ],
      [
       14.3575,
       54.91666667
      ],
      [
       14.16666667,
       54.91666667
      ],
      [
       14.16666667,
       55.17583333
      ],
      [
       14.30777778,
       55.29055556
      ]
     ]
    ]
   },
   "properties": {
    "lager": "Kontrollområde (TMA-sektor)",
    "namn": "Roenne TMA a",
    "typ": "TMAS",
    "beteckning": "EKRN",
    "plats": "Roenne TMA a",
    "hojd": "3500–4500",
    "operator": "",
    "gäller_fr": "2026-06-11",
    "kommentar": "D"
   }
  }
 ]
}