{
 "type": "FeatureCollection",
 "metadata": {
  "source": "https://dronechart.lfv.se/geoserver/wfs",
  "provider": "LFV / Transportstyrelsen",
  "generated": "2026-07-03T17:06:51.126Z"
 },
 "features": [
  {
   "type": "Feature",
   "geometry": {
    "type": "Polygon",
    "coordinates": [
     [
      [
       17.68305556,
       59.1448241
      ],
      [
       17.67996716,
       59.14489432
      ],
      [
       17.6769029,
       59.14510443
      ],
      [
       17.67388671,
       59.14545279
      ],
      [
       17.67094218,
       59.14593667
      ],
      [
       17.6680923,
       59.1465523
      ],
      [
       17.66535938,
       59.14729486
      ],
      [
       17.66276476,
       59.14815855
      ],
      [
       17.66032874,
       59.14913662
      ],
      [
       17.65807038,
       59.15022142
      ],
      [
       17.65600734,
       59.15140448
      ],
      [
       17.65415579,
       59.15267654
      ],
      [
       17.65253021,
       59.15402765
      ],
      [
       17.65114336,
       59.15544726
      ],
      [
       17.6500061,
       59.15692426
      ],
      [
       17.64912737,
       59.1584471
      ],
      [
       17.64851407,
       59.16000385
      ],
      [
       17.64817104,
       59.16158236
      ],
      [
       17.64810099,
       59.16317025
      ],
      [
       17.64830453,
       59.16475511
      ],
      [
       17.64878008,
       59.16632452
      ],
      [
       17.64952397,
       59.16786622
      ],
      [
       17.65053041,
       59.16936811
      ],
      [
       17.65179155,
       59.17081845
      ],
      [
       17.65329754,
       59.17220587
      ],
      [
       17.65503662,
       59.17351951
      ],
      [
       17.65699519,
       59.17474908
      ],
      [
       17.65915793,
       59.17588495
      ],
      [
       17.66150792,
       59.17691821
      ],
      [
       17.66402676,
       59.17784077
      ],
      [
       17.66669472,
       59.17864541
      ],
      [
       17.6694909,
       59.17932581
      ],
      [
       17.6723934,
       59.17987664
      ],
      [
       17.67537947,
       59.18029358
      ],
      [
       17.6784257,
       59.18057338
      ],
      [
       17.68150823,
       59.18071382
      ],
      [
       17.68460288,
       59.18071382
      ],
      [
       17.68768541,
       59.18057338
      ],
      [
       17.69073165,
       59.18029358
      ],
      [
       17.69371771,
       59.17987664
      ],
      [
       17.69662021,
       59.17932581
      ],
      [
       17.69941639,
       59.17864541
      ],
      [
       17.70208435,
       59.17784077
      ],
      [
       17.70460319,
       59.17691821
      ],
      [
       17.70695318,
       59.17588495
      ],
      [
       17.70911592,
       59.17474908
      ],
      [
       17.71107449,
       59.17351951
      ],
      [
       17.71281357,
       59.17220587
      ],
      [
       17.71431956,
       59.17081845
      ],
      [
       17.7155807,
       59.16936811
      ],
      [
       17.71658714,
       59.16786622
      ],
      [
       17.71733103,
       59.16632452
      ],
      [
       17.71780658,
       59.16475511
      ],
      [
       17.71801012,
       59.16317025
      ],
      [
       17.71794008,
       59.16158236
      ],
      [
       17.71759704,
       59.16000385
      ],
      [
       17.71698374,
       59.1584471
      ],
      [
       17.71610501,
       59.15692426
      ],
      [
       17.71496775,
       59.15544726
      ],
      [
       17.7135809,
       59.15402765
      ],
      [
       17.71195532,
       59.15267654
      ],
      [
       17.71010377,
       59.15140448
      ],
      [
       17.70804073,
       59.15022142
      ],
      [
       17.70578237,
       59.14913662
      ],
      [
       17.70334635,
       59.14815855
      ],
      [
       17.70075173,
       59.14729486
      ],
      [
       17.69801881,
       59.1465523
      ],
      [
       17.69516894,
       59.14593667
      ],
      [
       17.6922244,
       59.14545279
      ],
      [
       17.68920822,
       59.14510443
      ],
      [
       17.68614395,
       59.14489432
      ],
      [
       17.68305556,
       59.1448241
      ]
     ]
    ]
   },
   "properties": {
    "lager": "Restriktionsområde",
    "namn": "ES R98",
    "typ": "RSTA",
    "beteckning": "ESAA",
    "plats": "ES R98 HALL",
    "hojd": "GND–2000",
    "operator": "",
    "gäller_fr": "2026-06-11",
    "kommentar": "Fängelse.\nSärskilda tillstånd från Transportstyrelsen krävs förutom för operatörer som specificeras i ENR 5.1 punkt 2.2.2.\n\nPrison.\nSpecial permission by Swedish Transport Agency is required, except for operators specified in ENR 5.1 para 2.2.2."
   }
  },
  {
   "type": "Feature",
   "geometry": {
    "type": "Polygon",
    "coordinates": [
     [
      [
       12.1175,
       57.78473093
      ],
      [
       12.1166741,
       57.78475046
      ],
      [
       12.11585466,
       57.78480889
      ],
      [
       12.1150481,
       57.78490577
      ],
      [
       12.11426071,
       57.78504035
      ],
      [
       12.11349867,
       57.78521156
      ],
      [
       12.11276793,
       57.78541807
      ],
      [
       12.11207421,
       57.78565826
      ],
      [
       12.11142295,
       57.78593025
      ],
      [
       12.11081923,
       57.78623192
      ],
      [
       12.11026778,
       57.78656091
      ],
      [
       12.10977292,
       57.78691464
      ],
      [
       12.10933851,
       57.78729034
      ],
      [
       12.10896797,
       57.78768507
      ],
      [
       12.1086642,
       57.78809575
      ],
      [
       12.10842956,
       57.78851916
      ],
      [
       12.10826591,
       57.78895198
      ],
      [
       12.10817452,
       57.78939084
      ],
      [
       12.10815612,
       57.7898323
      ],
      [
       12.10821084,
       57.79027289
      ],
      [
       12.10833827,
       57.79070918
      ],
      [
       12.10853741,
       57.79113774
      ],
      [
       12.1088067,
       57.79155523
      ],
      [
       12.10914403,
       57.79195838
      ],
      [
       12.10954678,
       57.79234402
      ],
      [
       12.11001178,
       57.79270915
      ],
      [
       12.11053541,
       57.7930509
      ],
      [
       12.11111355,
       57.7933666
      ],
      [
       12.1117417,
       57.79365377
      ],
      [
       12.11241492,
       57.79391017
      ],
      [
       12.11312796,
       57.7941338
      ],
      [
       12.11387522,
       57.79432289
      ],
      [
       12.11465087,
       57.79447597
      ],
      [
       12.11544882,
       57.79459184
      ],
      [
       12.11626283,
       57.7946696
      ],
      [
       12.11708653,
       57.79470863
      ],
      [
       12.11791347,
       57.79470863
      ],
      [
       12.11873717,
       57.7946696
      ],
      [
       12.11955118,
       57.79459184
      ],
      [
       12.12034913,
       57.79447597
      ],
      [
       12.12112478,
       57.79432289
      ],
      [
       12.12187204,
       57.7941338
      ],
      [
       12.12258508,
       57.79391017
      ],
      [
       12.1232583,
       57.79365377
      ],
      [
       12.12388645,
       57.7933666
      ],
      [
       12.12446459,
       57.7930509
      ],
      [
       12.12498822,
       57.79270915
      ],
      [
       12.12545322,
       57.79234402
      ],
      [
       12.12585597,
       57.79195838
      ],
      [
       12.1261933,
       57.79155523
      ],
      [
       12.12646259,
       57.79113774
      ],
      [
       12.12666173,
       57.79070918
      ],
      [
       12.12678916,
       57.79027289
      ],
      [
       12.12684388,
       57.7898323
      ],
      [
       12.12682548,
       57.78939084
      ],
      [
       12.12673409,
       57.78895198
      ],
      [
       12.12657044,
       57.78851916
      ],
      [
       12.1263358,
       57.78809575
      ],
      [
       12.12603203,
       57.78768507
      ],
      [
       12.12566149,
       57.78729034
      ],
      [
       12.12522708,
       57.78691464
      ],
      [
       12.12473222,
       57.78656091
      ],
      [
       12.12418077,
       57.78623192
      ],
      [
       12.12357705,
       57.78593025
      ],
      [
       12.12292579,
       57.78565826
      ],
      [
       12.12223207,
       57.78541807
      ],
      [
       12.12150133,
       57.78521156
      ],
      [
       12.12073929,
       57.78504035
      ],
      [
       12.1199519,
       57.78490577
      ],
      [
       12.11914534,
       57.78480889
      ],
      [
       12.1183259,
       57.78475046
      ],
      [
       12.1175,
       57.78473093
      ]
     ]
    ]
   },
   "properties": {
    "lager": "Restriktionsområde",
    "namn": "ES R126",
    "typ": "RSTA",
    "beteckning": "ESAA",
    "plats": "ES R126 RÅGÅRDEN",
    "hojd": "GND–1300",
    "operator": "",
    "gäller_fr": "2026-06-11",
    "kommentar": "Rättspsykiatrisk klinik. \nSärskilda tillstånd från Transportstyrelsen krävs förutom för operatörer som specificeras i ENR 5.1 punkt 2.4.1 och UAS som används av Rågårdens rättspsykiatriska klinik, upp till 120 m GND.\n\nForensic psychiatric clinic. \nSpecial permission by Swedish Transport Agency is required, except for operators specified in ENR 5.1 para 2.4.1 and UAS operated by Rågården Forensic Clinic, up to 120 m GND."
   }
  },
  {
   "type": "Feature",
   "geometry": {
    "type": "Polygon",
    "coordinates": [
     [
      [
       18.01055556,
       59.34418321
      ],
      [
       18.00911648,
       59.34421575
      ],
      [
       18.00768866,
       59.3443131
      ],
      [
       18.00628326,
       59.34447452
      ],
      [
       18.00491128,
       59.34469873
      ],
      [
       18.00358344,
       59.34498398
      ],
      [
       18.00231013,
       59.34532805
      ],
      [
       18.00110131,
       59.34572824
      ],
      [
       17.99996644,
       59.34618141
      ],
      [
       17.99891439,
       59.34668403
      ],
      [
       17.99795341,
       59.34723217
      ],
      [
       17.99709101,
       59.34782153
      ],
      [
       17.99633395,
       59.34844751
      ],
      [
       17.99568815,
       59.34910521
      ],
      [
       17.99515867,
       59.34978948
      ],
      [
       17.99474966,
       59.35049497
      ],
      [
       17.99446434,
       59.35121615
      ],
      [
       17.99430494,
       59.35194739
      ],
      [
       17.99427271,
       59.35268297
      ],
      [
       17.99436792,
       59.35341712
      ],
      [
       17.99458983,
       59.3541441
      ],
      [
       17.99493672,
       59.35485822
      ],
      [
       17.99540586,
       59.35555389
      ],
      [
       17.99599361,
       59.35622566
      ],
      [
       17.99669536,
       59.35686828
      ],
      [
       17.99750563,
       59.35747671
      ],
      [
       17.99841807,
       59.35804619
      ],
      [
       17.99942556,
       59.35857227
      ],
      [
       18.00052019,
       59.35905081
      ],
      [
       18.00169342,
       59.35947808
      ],
      [
       18.00293604,
       59.35985072
      ],
      [
       18.00423834,
       59.36016583
      ],
      [
       18.00559011,
       59.36042093
      ],
      [
       18.00698076,
       59.36061402
      ],
      [
       18.00839942,
       59.3607436
      ],
      [
       18.00983496,
       59.36080864
      ],
      [
       18.01127615,
       59.36080864
      ],
      [
       18.01271169,
       59.3607436
      ],
      [
       18.01413035,
       59.36061402
      ],
      [
       18.01552101,
       59.36042093
      ],
      [
       18.01687278,
       59.36016583
      ],
      [
       18.01817507,
       59.35985072
      ],
      [
       18.01941769,
       59.35947808
      ],
      [
       18.02059092,
       59.35905081
      ],
      [
       18.02168556,
       59.35857227
      ],
      [
       18.02269304,
       59.35804619
      ],
      [
       18.02360548,
       59.35747671
      ],
      [
       18.02441575,
       59.35686828
      ],
      [
       18.0251175,
       59.35622566
      ],
      [
       18.02570525,
       59.35555389
      ],
      [
       18.02617439,
       59.35485822
      ],
      [
       18.02652128,
       59.3541441
      ],
      [
       18.02674319,
       59.35341712
      ],
      [
       18.0268384,
       59.35268297
      ],
      [
       18.02680618,
       59.35194739
      ],
      [
       18.02664677,
       59.35121615
      ],
      [
       18.02636145,
       59.35049497
      ],
      [
       18.02595244,
       59.34978948
      ],
      [
       18.02542297,
       59.34910521
      ],
      [
       18.02477717,
       59.34844751
      ],
      [
       18.0240201,
       59.34782153
      ],
      [
       18.0231577,
       59.34723217
      ],
      [
       18.02219672,
       59.34668403
      ],
      [
       18.02114468,
       59.34618141
      ],
      [
       18.0200098,
       59.34572824
      ],
      [
       18.01880098,
       59.34532805
      ],
      [
       18.01752767,
       59.34498398
      ],
      [
       18.01619983,
       59.34469873
      ],
      [
       18.01482785,
       59.34447452
      ],
      [
       18.01342245,
       59.3443131
      ],
      [
       18.01199463,
       59.34421575
      ],
      [
       18.01055556,
       59.34418321
      ]
     ]
    ]
   },
   "properties": {
    "lager": "Restriktionsområde",
    "namn": "ES R127",
    "typ": "RSTA",
    "beteckning": "ESAA",
    "plats": "ES R127 SOLNA",
    "hojd": "GND–2000",
    "operator": "",
    "gäller_fr": "2026-06-11",
    "kommentar": "Flygning med drönare är förbjuden.\nSärskilda tillstånd från Transportstyrelsen krävs utom för drönare som används av Säkerhetspolisen, Polismyndigheten, svenska Försvarsmakten och drönare engagerade i räddningsverksamhet i enlighet med lagen (2003:778) om skydd mot olyckor.\n\nFlying with drones is prohibited.\nSpecial permission by the Swedish Transport Agency is required except for drones used by Security Police, Police authority, Swedish Armed Forces and drones engaged in rescue operations in accordance with the Civil Protection Act (2003:778)."
   }
  },
  {
   "type": "Feature",
   "geometry": {
    "type": "Polygon",
    "coordinates": [
     [
      [
       18.53055556,
       57.40277778
      ],
      [
       18.58333333,
       57.31666667
      ],
      [
       18.38333333,
       57.3125
      ],
      [
       18.38333333,
       57.39166667
      ],
      [
       18.53055556,
       57.40277778
      ]
     ]
    ]
   },
   "properties": {
    "lager": "Restriktionsområde",
    "namn": "ES R29",
    "typ": "RSTA",
    "beteckning": "ESAA",
    "plats": "ES R29 LOJSTA",
    "hojd": "GND–7500",
    "operator": "",
    "gäller_fr": "2026-06-11",
    "kommentar": "Militär verksamhet inklusive flygverksamhet. \nTillstånd kan erhållas från VISBY ATS, STOCKHOLM ACC eller MALMÖ ACC.\n\nMilitary activities including aviation operations. \nPermission obtainable from VISBY ATS, STOCKHOLM ACC or MALMÖ ACC."
   }
  },
  {
   "type": "Feature",
   "geometry": {
    "type": "Polygon",
    "coordinates": [
     [
      [
       17.41305556,
       63.11555556
      ],
      [
       17.41666667,
       63.05
      ],
      [
       17.24722222,
       63.04722222
      ],
      [
       17.22972222,
       63.09888889
      ],
      [
       17.41305556,
       63.11555556
      ]
     ]
    ]
   },
   "properties": {
    "lager": "Restriktionsområde",
    "namn": "ES R12",
    "typ": "RSTA",
    "beteckning": "ESAA",
    "plats": "ES R12 STORMYRAN",
    "hojd": "GND–12000",
    "operator": "",
    "gäller_fr": "2026-06-11",
    "kommentar": "Militär verksamhet inklusive flygverksamhet.\nTillstånd kan erhållas från STOCKHOLM ACC.\n\nMilitary activities including aviation operations.\nPermission obtainable from STOCKHOLM ACC."
   }
  },
  {
   "type": "Feature",
   "geometry": {
    "type": "Polygon",
    "coordinates": [
     [
      [
       14.37444444,
       55.93972222
      ],
      [
       14.38649635,
       55.93564409
      ],
      [
       14.39887411,
       55.93112501
      ],
      [
       14.4109613,
       55.92636583
      ],
      [
       14.42274315,
       55.92137233
      ],
      [
       14.43420526,
       55.9161506
      ],
      [
       14.44533362,
       55.91070702
      ],
      [
       14.45611465,
       55.9050482
      ],
      [
       14.46653522,
       55.89918104
      ],
      [
       14.47658261,
       55.89311269
      ],
      [
       14.48624461,
       55.88685055
      ],
      [
       14.49550947,
       55.88040224
      ],
      [
       14.50436593,
       55.87377563
      ],
      [
       14.51280324,
       55.86697877
      ],
      [
       14.5208112,
       55.86001996
      ],
      [
       14.5283801,
       55.85290768
      ],
      [
       14.53550081,
       55.84565058
      ],
      [
       14.54216474,
       55.83825752
      ],
      [
       14.54836386,
       55.8307375
      ],
      [
       14.55409074,
       55.82309967
      ],
      [
       14.5593385,
       55.81535335
      ],
      [
       14.56410089,
       55.80750798
      ],
      [
       14.56837222,
       55.79957311
      ],
      [
       14.57214744,
       55.79155841
      ],
      [
       14.57542208,
       55.78347365
      ],
      [
       14.57819231,
       55.77532867
      ],
      [
       14.5804549,
       55.7671334
      ],
      [
       14.58220725,
       55.75889782
      ],
      [
       14.58344739,
       55.75063197
      ],
      [
       14.58417397,
       55.74234591
      ],
      [
       14.58438627,
       55.73404975
      ],
      [
       14.58408419,
       55.72575359
      ],
      [
       14.58326827,
       55.71746754
      ],
      [
       14.58193966,
       55.70920169
      ],
      [
       14.58010014,
       55.70096611
      ],
      [
       14.57775212,
       55.69277084
      ],
      [
       14.5748986,
       55.68462586
      ],
      [
       14.57154321,
       55.6765411
      ],
      [
       14.5676902,
       55.6685264
      ],
      [
       14.56334439,
       55.66059153
      ],
      [
       14.55851121,
       55.65274615
      ],
      [
       14.55319669,
       55.64499984
      ],
      [
       14.5474074,
       55.63736201
      ],
      [
       14.54115054,
       55.62984199
      ],
      [
       14.53443381,
       55.62244892
      ],
      [
       14.52726549,
       55.61519183
      ],
      [
       14.51965441,
       55.60807954
      ],
      [
       14.51160992,
       55.60112074
      ],
      [
       14.50314188,
       55.59432388
      ],
      [
       14.49426065,
       55.58769727
      ],
      [
       14.48497712,
       55.58124896
      ],
      [
       14.47530262,
       55.57498682
      ],
      [
       14.46472222,
       55.56861111
      ],
      [
       14.19611111,
       55.72361111
      ],
      [
       14.15527778,
       55.72194444
      ],
      [
       14.13861111,
       55.75388889
      ],
      [
       14.165,
       55.76916667
      ],
      [
       14.19555556,
       55.76222222
      ],
      [
       14.37444444,
       55.93972222
      ]
     ]
    ]
   },
   "properties": {
    "lager": "Restriktionsområde",
    "namn": "ES R34",
    "typ": "RSTA",
    "beteckning": "ESAA",
    "plats": "ES R34 RAVLUNDA",
    "hojd": "GND–17000",
    "operator": "",
    "gäller_fr": "2026-06-11",
    "kommentar": "Militär verksamhet inklusive flygverksamhet. \nTillstånd kan erhållas från MALMÖ ACC eller KRISTIANSTAD ATS.\n\nMilitary activities including aviation operations.\nPermission obtainable from MALMÖ ACC or KRISTIANSTAD ATS."
   }
  },
  {
   "type": "Feature",
   "geometry": {
    "type": "Polygon",
    "coordinates": [
     [
      [
       14.09638889,
       55.77555556
      ],
      [
       14.165,
       55.76916667
      ],
      [
       14.13861111,
       55.75388889
      ],
      [
       14.15527778,
       55.72194444
      ],
      [
       14.19611111,
       55.72361111
      ],
      [
       14.12138889,
       55.70111111
      ],
      [
       14.06611111,
       55.75194444
      ],
      [
       14.09638889,
       55.77555556
      ]
     ]
    ]
   },
   "properties": {
    "lager": "Restriktionsområde",
    "namn": "ES R35",
    "typ": "RSTA",
    "beteckning": "ESAA",
    "plats": "ES R35 RAVLUNDA VÄST",
    "hojd": "GND–10500",
    "operator": "",
    "gäller_fr": "2026-06-11",
    "kommentar": "Militär verksamhet inklusive flygverksamhet.\nTillstånd kan erhållas från MALMÖ ACC eller KRISTIANSTAD ATS.\n\nMilitary activities including aviation operations. \nPermission obtainable from MALMÖ ACC or KRISTIANSTAD ATS."
   }
  },
  {
   "type": "Feature",
   "geometry": {
    "type": "Polygon",
    "coordinates": [
     [
      [
       16.9633,
       59.3661
      ],
      [
       17.03,
       59.3478
      ],
      [
       16.9967,
       59.3122
      ],
      [
       16.9217,
       59.3122
      ],
      [
       16.9022,
       59.3411
      ],
      [
       16.905,
       59.3578
      ],
      [
       16.9633,
       59.3661
      ]
     ]
    ]
   },
   "properties": {
    "lager": "Restriktionsområde",
    "namn": "ES R37",
    "typ": "RSTA",
    "beteckning": "ESAA",
    "plats": "ES R37 HÄRAD",
    "hojd": "GND–10500",
    "operator": "",
    "gäller_fr": "2026-06-11",
    "kommentar": "Militär verksamhet inklusive flygverksamhet upp till 2000 ft AMSL.\nTillstånd kan erhållas från STOCKHOLM ACC.\n\nMilitary activities including aviation operations up to 2000 ft AMSL.\nPermission obtainable from STOCKHOLM ACC."
   }
  },
  {
   "type": "Feature",
   "geometry": {
    "type": "Polygon",
    "coordinates": [
     [
      [
       14.27194444,
       55.99138889
      ],
      [
       14.33861111,
       55.97472222
      ],
      [
       14.48027778,
       55.96638889
      ],
      [
       14.36361111,
       55.89138889
      ],
      [
       14.32194444,
       55.94138889
      ],
      [
       14.26361111,
       55.96638889
      ],
      [
       14.27194444,
       55.99138889
      ]
     ]
    ]
   },
   "properties": {
    "lager": "Restriktionsområde",
    "namn": "ES R38A",
    "typ": "RSTA",
    "beteckning": "ESAA",
    "plats": "ES R38A RINKABY",
    "hojd": "GND–17000",
    "operator": "",
    "gäller_fr": "2026-06-11",
    "kommentar": "Militär verksamhet inklusive flygverksamhet.\nTillstånd kan erhållas från MALMÖ ACC eller KRISTIANSTAD ATS.\n\nMilitary activities including aviation operations.\nPermission obtainable from MALMÖ ACC or KRISTIANSTAD ATS."
   }
  },
  {
   "type": "Feature",
   "geometry": {
    "type": "Polygon",
    "coordinates": [
     [
      [
       14.28027778,
       56.01638889
      ],
      [
       14.32194444,
       56.01638889
      ],
      [
       14.33861111,
       55.97472222
      ],
      [
       14.27194444,
       55.99138889
      ],
      [
       14.28027778,
       56.01638889
      ]
     ]
    ]
   },
   "properties": {
    "lager": "Restriktionsområde",
    "namn": "ES R38B",
    "typ": "RSTA",
    "beteckning": "ESAA",
    "plats": "ES R38B RINKABY",
    "hojd": "GND–17000",
    "operator": "",
    "gäller_fr": "2026-06-11",
    "kommentar": "Militär verksamhet inklusive flygverksamhet.\nTillstånd kan erhållas från MALMÖ ACC eller KRISTIANSTAD ATS.\n\nMilitary activities including aviation operations.\nPermission obtainable from MALMÖ ACC or KRISTIANSTAD ATS."
   }
  },
  {
   "type": "Feature",
   "geometry": {
    "type": "Polygon",
    "coordinates": [
     [
      [
       14.89277778,
       57.65615704
      ],
      [
       14.88838856,
       57.65626113
      ],
      [
       14.88403362,
       57.65657261
      ],
      [
       14.87974697,
       57.65708903
      ],
      [
       14.87556209,
       57.65780636
      ],
      [
       14.87151166,
       57.65871901
      ],
      [
       14.86762735,
       57.65981983
      ],
      [
       14.86393949,
       57.66110024
      ],
      [
       14.86047694,
       57.66255023
      ],
      [
       14.85726676,
       57.66415847
      ],
      [
       14.85433407,
       57.6659124
      ],
      [
       14.85170184,
       57.66779831
      ],
      [
       14.84939069,
       57.66980145
      ],
      [
       14.84741874,
       57.67190617
      ],
      [
       14.84580147,
       57.67409602
      ],
      [
       14.84455159,
       57.67635386
      ],
      [
       14.84367894,
       57.67866204
      ],
      [
       14.84319043,
       57.6810025
      ],
      [
       14.84308995,
       57.68335693
      ],
      [
       14.84337836,
       57.6857069
      ],
      [
       14.84405348,
       57.68803402
      ],
      [
       14.8451101,
       57.69032007
      ],
      [
       14.84654002,
       57.69254715
      ],
      [
       14.8483321,
       57.69469781
      ],
      [
       14.85047237,
       57.69675521
      ],
      [
       14.85294412,
       57.69870323
      ],
      [
       14.85572803,
       57.70052661
      ],
      [
       14.85880233,
       57.70221106
      ],
      [
       14.86214296,
       57.70374336
      ],
      [
       14.86572376,
       57.70511152
      ],
      [
       14.86951669,
       57.7063048
      ],
      [
       14.87349202,
       57.70731385
      ],
      [
       14.87761859,
       57.70813075
      ],
      [
       14.88186405,
       57.70874909
      ],
      [
       14.88619511,
       57.70916404
      ],
      [
       14.8905778,
       57.70937233
      ],
      [
       14.89497775,
       57.70937233
      ],
      [
       14.89936044,
       57.70916404
      ],
      [
       14.9036915,
       57.70874909
      ],
      [
       14.90793696,
       57.70813075
      ],
      [
       14.91206354,
       57.70731385
      ],
      [
       14.91603887,
       57.7063048
      ],
      [
       14.91983179,
       57.70511152
      ],
      [
       14.9234126,
       57.70374336
      ],
      [
       14.92675323,
       57.70221106
      ],
      [
       14.92982753,
       57.70052661
      ],
      [
       14.93261144,
       57.69870323
      ],
      [
       14.93508318,
       57.69675521
      ],
      [
       14.93722345,
       57.69469781
      ],
      [
       14.93901554,
       57.69254715
      ],
      [
       14.94044545,
       57.69032007
      ],
      [
       14.94150207,
       57.68803402
      ],
      [
       14.94217719,
       57.6857069
      ],
      [
       14.94246561,
       57.68335693
      ],
      [
       14.94236513,
       57.6810025
      ],
      [
       14.94187661,
       57.67866204
      ],
      [
       14.94100397,
       57.67635386
      ],
      [
       14.93975408,
       57.67409602
      ],
      [
       14.93813681,
       57.67190617
      ],
      [
       14.93616486,
       57.66980145
      ],
      [
       14.93385371,
       57.66779831
      ],
      [
       14.93122148,
       57.6659124
      ],
      [
       14.9282888,
       57.66415847
      ],
      [
       14.92507862,
       57.66255023
      ],
      [
       14.92161606,
       57.66110024
      ],
      [
       14.91792821,
       57.65981983
      ],
      [
       14.91404389,
       57.65871901
      ],
      [
       14.90999347,
       57.65780636
      ],
      [
       14.90580858,
       57.65708903
      ],
      [
       14.90152193,
       57.65657261
      ],
      [
       14.89716699,
       57.65626113
      ],
      [
       14.89277778,
       57.65615704
      ]
     ]
    ]
   },
   "properties": {
    "lager": "Restriktionsområde",
    "namn": "ES R39",
    "typ": "RSTA",
    "beteckning": "ESAA",
    "plats": "ES R39 EKSJÖ",
    "hojd": "GND–11000",
    "operator": "",
    "gäller_fr": "2026-06-11",
    "kommentar": "Militär verksamhet inklusive flygverksamhet.\nTillstånd kan erhållas från STOCKHOLM ACC.\n\nMilitary activities including aviation operations.\nPermission obtainable from STOCKHOLM ACC."
   }
  },
  {
   "type": "Feature",
   "geometry": {
    "type": "Polygon",
    "coordinates": [
     [
      [
       13.93277778,
       58.16065467
      ],
      [
       13.92977511,
       58.1607249
      ],
      [
       13.9267959,
       58.16093505
      ],
      [
       13.92386344,
       58.16128346
      ],
      [
       13.92100065,
       58.16176743
      ],
      [
       13.9182299,
       58.16238316
      ],
      [
       13.91557285,
       58.16312585
      ],
      [
       13.91305027,
       58.16398969
      ],
      [
       13.91068191,
       58.16496793
      ],
      [
       13.90848627,
       58.16605291
      ],
      [
       13.90648055,
       58.16723616
      ],
      [
       13.90468044,
       58.16850844
      ],
      [
       13.90310004,
       58.16985978
      ],
      [
       13.90175175,
       58.17127962
      ],
      [
       13.90064612,
       58.17275685
      ],
      [
       13.89979185,
       58.17427993
      ],
      [
       13.89919564,
       58.17583693
      ],
      [
       13.89886219,
       58.17741568
      ],
      [
       13.89879416,
       58.17900382
      ],
      [
       13.8989921,
       58.18058892
      ],
      [
       13.8994545,
       58.18215857
      ],
      [
       13.90017778,
       58.1837005
      ],
      [
       13.90115631,
       58.18520261
      ],
      [
       13.90238245,
       58.18665316
      ],
      [
       13.90384664,
       58.18804079
      ],
      [
       13.90553744,
       58.18935461
      ],
      [
       13.90744162,
       58.19058436
      ],
      [
       13.90954429,
       58.19172038
      ],
      [
       13.911829,
       58.19275379
      ],
      [
       13.91427785,
       58.19367648
      ],
      [
       13.91687167,
       58.19448122
      ],
      [
       13.91959015,
       58.19516171
      ],
      [
       13.92241198,
       58.19571262
      ],
      [
       13.92531505,
       58.19612962
      ],
      [
       13.92827661,
       58.19640945
      ],
      [
       13.93127346,
       58.19654992
      ],
      [
       13.9342821,
       58.19654992
      ],
      [
       13.93727894,
       58.19640945
      ],
      [
       13.94024051,
       58.19612962
      ],
      [
       13.94314358,
       58.19571262
      ],
      [
       13.94596541,
       58.19516171
      ],
      [
       13.94868389,
       58.19448122
      ],
      [
       13.95127771,
       58.19367648
      ],
      [
       13.95372656,
       58.19275379
      ],
      [
       13.95601126,
       58.19172038
      ],
      [
       13.95811393,
       58.19058436
      ],
      [
       13.96001812,
       58.18935461
      ],
      [
       13.96170891,
       58.18804079
      ],
      [
       13.9631731,
       58.18665316
      ],
      [
       13.96439925,
       58.18520261
      ],
      [
       13.96537778,
       58.1837005
      ],
      [
       13.96610106,
       58.18215857
      ],
      [
       13.96656346,
       58.18058892
      ],
      [
       13.9667614,
       58.17900382
      ],
      [
       13.96669336,
       58.17741568
      ],
      [
       13.96635992,
       58.17583693
      ],
      [
       13.96576371,
       58.17427993
      ],
      [
       13.96490943,
       58.17275685
      ],
      [
       13.96380381,
       58.17127962
      ],
      [
       13.96245551,
       58.16985978
      ],
      [
       13.96087512,
       58.16850844
      ],
      [
       13.95907501,
       58.16723616
      ],
      [
       13.95706929,
       58.16605291
      ],
      [
       13.95487365,
       58.16496793
      ],
      [
       13.95250528,
       58.16398969
      ],
      [
       13.94998271,
       58.16312585
      ],
      [
       13.94732566,
       58.16238316
      ],
      [
       13.94455491,
       58.16176743
      ],
      [
       13.94169211,
       58.16128346
      ],
      [
       13.93875965,
       58.16093505
      ],
      [
       13.93578045,
       58.1607249
      ],
      [
       13.93277778,
       58.16065467
      ]
     ]
    ]
   },
   "properties": {
    "lager": "Restriktionsområde",
    "namn": "ES R99",
    "typ": "RSTA",
    "beteckning": "ESAA",
    "plats": "ES R99 TIDAHOLM",
    "hojd": "GND–2000",
    "operator": "",
    "gäller_fr": "2026-06-11",
    "kommentar": "Fängelse.\nSärskilda tillstånd från Transportstyrelsen krävs förutom för operatörer som specificeras i ENR 5.1 punkt 2.2.2.\n\nPrison.\nSpecial permission by Swedish Transport Agency is required, except for operators specified in ENR 5.1 para 2.2.2."
   }
  },
  {
   "type": "Feature",
   "geometry": {
    "type": "Polygon",
    "coordinates": [
     [
      [
       17.89527778,
       62.63594459
      ],
      [
       17.89183234,
       62.63601476
      ],
      [
       17.88841382,
       62.63622475
      ],
      [
       17.88504892,
       62.63657289
      ],
      [
       17.88176394,
       62.63705649
      ],
      [
       17.87858455,
       62.63767175
      ],
      [
       17.87553558,
       62.63841387
      ],
      [
       17.87264089,
       62.63927705
      ],
      [
       17.8699231,
       62.64025455
      ],
      [
       17.86740347,
       62.64133872
      ],
      [
       17.86510172,
       62.64252109
      ],
      [
       17.86303587,
       62.64379243
      ],
      [
       17.86122209,
       62.64514278
      ],
      [
       17.85967462,
       62.6465616
      ],
      [
       17.85840558,
       62.64803778
      ],
      [
       17.85742495,
       62.64955979
      ],
      [
       17.85674043,
       62.65111571
      ],
      [
       17.85635744,
       62.65269337
      ],
      [
       17.85627902,
       62.65428043
      ],
      [
       17.85650582,
       62.65586447
      ],
      [
       17.85703613,
       62.65743309
      ],
      [
       17.85786584,
       62.658974
      ],
      [
       17.8589885,
       62.66047515
      ],
      [
       17.86039536,
       62.66192478
      ],
      [
       17.86207545,
       62.66331154
      ],
      [
       17.86401563,
       62.66462455
      ],
      [
       17.86620075,
       62.66585354
      ],
      [
       17.86861371,
       62.66698888
      ],
      [
       17.87123562,
       62.66802167
      ],
      [
       17.87404597,
       62.66894381
      ],
      [
       17.87702274,
       62.66974808
      ],
      [
       17.88014261,
       62.67042817
      ],
      [
       17.88338113,
       62.67097876
      ],
      [
       17.88671291,
       62.67139552
      ],
      [
       17.89011185,
       62.67167519
      ],
      [
       17.89355129,
       62.67181557
      ],
      [
       17.89700427,
       62.67181557
      ],
      [
       17.90044371,
       62.67167519
      ],
      [
       17.90384264,
       62.67139552
      ],
      [
       17.90717443,
       62.67097876
      ],
      [
       17.91041295,
       62.67042817
      ],
      [
       17.91353282,
       62.66974808
      ],
      [
       17.91650958,
       62.66894381
      ],
      [
       17.91931993,
       62.66802167
      ],
      [
       17.92194185,
       62.66698888
      ],
      [
       17.92435481,
       62.66585354
      ],
      [
       17.92653993,
       62.66462455
      ],
      [
       17.92848011,
       62.66331154
      ],
      [
       17.93016019,
       62.66192478
      ],
      [
       17.93156705,
       62.66047515
      ],
      [
       17.93268971,
       62.658974
      ],
      [
       17.93351942,
       62.65743309
      ],
      [
       17.93404973,
       62.65586447
      ],
      [
       17.93427654,
       62.65428043
      ],
      [
       17.93419811,
       62.65269337
      ],
      [
       17.93381512,
       62.65111571
      ],
      [
       17.93313061,
       62.64955979
      ],
      [
       17.93214998,
       62.64803778
      ],
      [
       17.93088094,
       62.6465616
      ],
      [
       17.92933346,
       62.64514278
      ],
      [
       17.92751969,
       62.64379243
      ],
      [
       17.92545384,
       62.64252109
      ],
      [
       17.92315209,
       62.64133872
      ],
      [
       17.92063246,
       62.64025455
      ],
      [
       17.91791467,
       62.63927705
      ],
      [
       17.91501997,
       62.63841387
      ],
      [
       17.91197101,
       62.63767175
      ],
      [
       17.90879161,
       62.63705649
      ],
      [
       17.90550663,
       62.63657289
      ],
      [
       17.90214174,
       62.63622475
      ],
      [
       17.89872322,
       62.63601476
      ],
      [
       17.89527778,
       62.63594459
      ]
     ]
    ]
   },
   "properties": {
    "lager": "Restriktionsområde",
    "namn": "ES R100",
    "typ": "RSTA",
    "beteckning": "ESAA",
    "plats": "ES R100 SALTVIK",
    "hojd": "GND–2000",
    "operator": "",
    "gäller_fr": "2026-06-11",
    "kommentar": "Fängelse.\nSärskilda tillstånd från Transportstyrelsen krävs förutom för operatörer som specificeras i ENR 5.1 punkt 2.2.2.\n\nPrison.\nSpecial permission by Swedish Transport Agency is required, except for operators specified in ENR 5.1 para 2.2.2."
   }
  },
  {
   "type": "Feature",
   "geometry": {
    "type": "Polygon",
    "coordinates": [
     [
      [
       18.70722222,
       59.752048
      ],
      [
       18.70407797,
       59.75211821
      ],
      [
       18.70095828,
       59.7523283
      ],
      [
       18.69788754,
       59.75267662
      ],
      [
       18.69488975,
       59.75316045
      ],
      [
       18.69198833,
       59.75377602
      ],
      [
       18.68920596,
       59.7545185
      ],
      [
       18.6865644,
       59.7553821
      ],
      [
       18.6840843,
       59.75636007
      ],
      [
       18.68178506,
       59.75744476
      ],
      [
       18.67968469,
       59.75862769
      ],
      [
       18.67779961,
       59.75989963
      ],
      [
       18.6761446,
       59.76125061
      ],
      [
       18.67473262,
       59.76267008
      ],
      [
       18.67357474,
       59.76414693
      ],
      [
       18.67268007,
       59.76566962
      ],
      [
       18.67205563,
       59.76722622
      ],
      [
       18.67170636,
       59.76880458
      ],
      [
       18.67163501,
       59.77039232
      ],
      [
       18.67184218,
       59.77197703
      ],
      [
       18.67232631,
       59.7735463
      ],
      [
       18.67308363,
       59.77508786
      ],
      [
       18.67410825,
       59.77658962
      ],
      [
       18.67539218,
       59.77803983
      ],
      [
       18.67692541,
       59.77942713
      ],
      [
       18.67869595,
       59.78074066
      ],
      [
       18.68068996,
       59.78197012
      ],
      [
       18.68289185,
       59.78310589
      ],
      [
       18.68528438,
       59.78413907
      ],
      [
       18.68784881,
       59.78506155
      ],
      [
       18.69056508,
       59.78586612
      ],
      [
       18.6934119,
       59.78654646
      ],
      [
       18.69636696,
       59.78709725
      ],
      [
       18.6994071,
       59.78751416
      ],
      [
       18.70250851,
       59.78779393
      ],
      [
       18.70564687,
       59.78793437
      ],
      [
       18.70879758,
       59.78793437
      ],
      [
       18.71193593,
       59.78779393
      ],
      [
       18.71503734,
       59.78751416
      ],
      [
       18.71807749,
       59.78709725
      ],
      [
       18.72103255,
       59.78654646
      ],
      [
       18.72387936,
       59.78586612
      ],
      [
       18.72659563,
       59.78506155
      ],
      [
       18.72916007,
       59.78413907
      ],
      [
       18.7315526,
       59.78310589
      ],
      [
       18.73375448,
       59.78197012
      ],
      [
       18.73574849,
       59.78074066
      ],
      [
       18.73751904,
       59.77942713
      ],
      [
       18.73905226,
       59.77803983
      ],
      [
       18.7403362,
       59.77658962
      ],
      [
       18.74136082,
       59.77508786
      ],
      [
       18.74211814,
       59.7735463
      ],
      [
       18.74260226,
       59.77197703
      ],
      [
       18.74280944,
       59.77039232
      ],
      [
       18.74273809,
       59.76880458
      ],
      [
       18.74238881,
       59.76722622
      ],
      [
       18.74176437,
       59.76566962
      ],
      [
       18.7408697,
       59.76414693
      ],
      [
       18.73971183,
       59.76267008
      ],
      [
       18.73829985,
       59.76125061
      ],
      [
       18.73664484,
       59.75989963
      ],
      [
       18.73475976,
       59.75862769
      ],
      [
       18.73265938,
       59.75744476
      ],
      [
       18.73036015,
       59.75636007
      ],
      [
       18.72788005,
       59.7553821
      ],
      [
       18.72523849,
       59.7545185
      ],
      [
       18.72245612,
       59.75377602
      ],
      [
       18.71955469,
       59.75316045
      ],
      [
       18.7165569,
       59.75267662
      ],
      [
       18.71348616,
       59.7523283
      ],
      [
       18.71036648,
       59.75211821
      ],
      [
       18.70722222,
       59.752048
      ]
     ]
    ]
   },
   "properties": {
    "lager": "Restriktionsområde",
    "namn": "ES R101",
    "typ": "RSTA",
    "beteckning": "ESAA",
    "plats": "ES R101 NORRTÄLJE",
    "hojd": "GND–2000",
    "operator": "",
    "gäller_fr": "2026-06-11",
    "kommentar": "Fängelse.\nSärskilda tillstånd från Transportstyrelsen krävs förutom för operatörer som specificeras i ENR 5.1 punkt 2.2.2.\n\nPrison.\nSpecial permission by Swedish Transport Agency is required, except for operators specified in ENR 5.1 para 2.2.2."
   }
  },
  {
   "type": "Feature",
   "geometry": {
    "type": "Polygon",
    "coordinates": [
     [
      [
       18.96666667,
       58
      ],
      [
       19.08333333,
       57.98333333
      ],
      [
       19.025,
       57.9
      ],
      [
       18.98333333,
       57.89722222
      ],
      [
       18.86666667,
       57.96666667
      ],
      [
       18.96666667,
       58
      ]
     ]
    ]
   },
   "properties": {
    "lager": "Restriktionsområde",
    "namn": "ES R27",
    "typ": "RSTA",
    "beteckning": "ESAA",
    "plats": "ES R27 TRELGE",
    "hojd": "GND–17000",
    "operator": "",
    "gäller_fr": "2026-06-11",
    "kommentar": "Militär verksamhet inklusive flygverksamhet. \nTillstånd kan erhållas från VISBY ATS eller STOCKHOLM ACC.\n\nMilitary activities including aviation operations. \nPermission obtainable from VISBY ATS or STOCKHOLM ACC."
   }
  },
  {
   "type": "Feature",
   "geometry": {
    "type": "Polygon",
    "coordinates": [
     [
      [
       13.83916667,
       58.375
      ],
      [
       13.92666667,
       58.36944444
      ],
      [
       13.93027778,
       58.31611111
      ],
      [
       13.86361111,
       58.32444444
      ],
      [
       13.85388889,
       58.34194444
      ],
      [
       13.82916667,
       58.355
      ],
      [
       13.82944444,
       58.35916667
      ],
      [
       13.83833333,
       58.37333333
      ],
      [
       13.83916667,
       58.375
      ]
     ]
    ]
   },
   "properties": {
    "lager": "Restriktionsområde",
    "namn": "ES R79",
    "typ": "RSTA",
    "beteckning": "ESAA",
    "plats": "ES R79 KLAGSTORP",
    "hojd": "GND–4500",
    "operator": "",
    "gäller_fr": "2026-06-11",
    "kommentar": "Militär verksamhet inklusive flygverksamhet.\nTillstånd kan erhållas från MALMÖ ACC.\n\nMilitary activities including aviation operations.\nPermission obtainable from MALMÖ ACC."
   }
  },
  {
   "type": "Feature",
   "geometry": {
    "type": "Polygon",
    "coordinates": [
     [
      [
       22.36083333,
       65.44111111
      ],
      [
       22.43555556,
       65.41583333
      ],
      [
       22.29972222,
       65.3875
      ],
      [
       22.29666667,
       65.42527778
      ],
      [
       22.32027778,
       65.42777778
      ],
      [
       22.34333333,
       65.43472222
      ],
      [
       22.36083333,
       65.44111111
      ]
     ]
    ]
   },
   "properties": {
    "lager": "Restriktionsområde",
    "namn": "ES R46B",
    "typ": "RSTA",
    "beteckning": "ESAA",
    "plats": "ES R46B JUNKÖN",
    "hojd": "GND–1600",
    "operator": "",
    "gäller_fr": "2026-06-11",
    "kommentar": "Militär verksamhet inklusive flygverksamhet.\nTillstånd kan erhållas från STOCKHOLM ACC eller KALLAX ATS.\n\nMilitary activities including aviation operations.\nPermission obtainable from STOCKHOLM ACC or KALLAX ATS.\n\nOmrådet är upprättat (svenska helgdagar undantagna)\nMÅN - TORS 0730-1500 (0630-1400)\nFRE 0730-1100 (0630-1000).\nUnder perioden 15 SEP - 1 APR även TIS och TORS 1500-2100 (1400-2000).\n\nEstablished (Swedish public holidays excluded)\nMON-THU 0730-1500 (0630-1400)\nFRI 0730-1100 (0630-1000).\nDuring the period 15 SEP-1 APR also TUE and THU 1500-2100 (1400-2000)."
   }
  },
  {
   "type": "Feature",
   "geometry": {
    "type": "Polygon",
    "coordinates": [
     [
      [
       20.16583333,
       63.92972222
      ],
      [
       20.17583333,
       63.92722222
      ],
      [
       20.27805556,
       63.84222222
      ],
      [
       20.2725,
       63.83833333
      ],
      [
       20.2475,
       63.83666667
      ],
      [
       20.19416667,
       63.86333333
      ],
      [
       20.16583333,
       63.92972222
      ]
     ]
    ]
   },
   "properties": {
    "lager": "Restriktionsområde",
    "namn": "ES R7A",
    "typ": "RSTA",
    "beteckning": "ESAA",
    "plats": "ES R7A UMEÅ",
    "hojd": "GND–11000",
    "operator": "",
    "gäller_fr": "2026-06-11",
    "kommentar": "Militär verksamhet inklusive flygverksamhet med UAS upp till 400 ft AGL.\nTillstånd kan erhållas från STOCKHOLM ACC eller UMEÅ ATS. \n\nMilitary activities including aviation operations with UAS up to 400 ft AGL.\nPermission obtainable from STOCKHOLM ACC or UMEÅ ATS."
   }
  },
  {
   "type": "Feature",
   "geometry": {
    "type": "Polygon",
    "coordinates": [
     [
      [
       20.17583333,
       63.92722222
      ],
      [
       20.31972222,
       63.88805556
      ],
      [
       20.32083333,
       63.88361111
      ],
      [
       20.30361111,
       63.86027778
      ],
      [
       20.27805556,
       63.84222222
      ],
      [
       20.17583333,
       63.92722222
      ]
     ]
    ]
   },
   "properties": {
    "lager": "Restriktionsområde",
    "namn": "ES R7B",
    "typ": "RSTA",
    "beteckning": "ESAA",
    "plats": "ES R7B UMEÅ",
    "hojd": "GND–11000",
    "operator": "",
    "gäller_fr": "2026-06-11",
    "kommentar": "Militär verksamhet inklusive flygverksamhet med UAS upp till 400 ft AGL.\nTillstånd kan erhållas från  STOCKHOLM ACC eller UMEÅ ATS. \n\nMilitary activities including aviation operations with UAS up to 400 ft AGL.\nPermission obtainable from STOCKHOLM ACC or UMEÅ ATS."
   }
  },
  {
   "type": "Feature",
   "geometry": {
    "type": "Polygon",
    "coordinates": [
     [
      [
       20.30416667,
       63.94611111
      ],
      [
       20.31972222,
       63.88805556
      ],
      [
       20.17583333,
       63.92722222
      ],
      [
       20.16583333,
       63.92972222
      ],
      [
       20.16222222,
       63.93833333
      ],
      [
       20.30416667,
       63.94611111
      ]
     ]
    ]
   },
   "properties": {
    "lager": "Restriktionsområde",
    "namn": "ES R7C",
    "typ": "RSTA",
    "beteckning": "ESAA",
    "plats": "ES R7C UMEÅ",
    "hojd": "GND–11000",
    "operator": "",
    "gäller_fr": "2026-06-11",
    "kommentar": "Militär verksamhet inklusive flygverksamhet.\nTillstånd kan erhållas från STOCKHOLM ACC eller UMEÅ ATS.  \n\nMilitary activities including aviation operations.\nPermission obtainable from STOCKHOLM ACC or UMEÅ ATS."
   }
  },
  {
   "type": "Feature",
   "geometry": {
    "type": "Polygon",
    "coordinates": [
     [
      [
       15.5386,
       56.9081
      ],
      [
       15.5636,
       56.8747
      ],
      [
       15.5136,
       56.8331
      ],
      [
       15.4553,
       56.8397
      ],
      [
       15.4553,
       56.8831
      ],
      [
       15.5386,
       56.9081
      ]
     ]
    ]
   },
   "properties": {
    "lager": "Restriktionsområde",
    "namn": "ES R40",
    "typ": "RSTA",
    "beteckning": "ESAA",
    "plats": "ES R40 KOSTA",
    "hojd": "GND–18500",
    "operator": "",
    "gäller_fr": "2026-06-11",
    "kommentar": "Militär verksamhet inklusive flygverksamhet.\nTillstånd kan erhållas från STOCKHOLM ACC.\n\nMilitary activities including aviation operations.\nPermission obtainable from STOCKHOLM ACC."
   }
  },
  {
   "type": "Feature",
   "geometry": {
    "type": "Polygon",
    "coordinates": [
     [
      [
       12.56388889,
       56.76638889
      ],
      [
       12.68055556,
       56.69972222
      ],
      [
       12.72777778,
       56.69972222
      ],
      [
       12.73611111,
       56.68861111
      ],
      [
       12.70555556,
       56.67194444
      ],
      [
       12.70555556,
       56.56638889
      ],
      [
       12.55277778,
       56.59972222
      ],
      [
       12.49722222,
       56.66638889
      ],
      [
       12.49722222,
       56.71638889
      ],
      [
       12.56388889,
       56.76638889
      ]
     ]
    ]
   },
   "properties": {
    "lager": "Restriktionsområde",
    "namn": "ES R41A",
    "typ": "RSTA",
    "beteckning": "ESAA",
    "plats": "ES R41A RINGENÄS",
    "hojd": "GND–40500",
    "operator": "",
    "gäller_fr": "2026-06-11",
    "kommentar": "Militär verksamhet inklusive flygverksamhet.\nTillstånd kan erhållas från MALMÖ ACC eller HALMSTAD ATS.\n\nMilitary activities including aviation operations.\nPermission obtainable from MALMÖ ACC or HALMSTAD ATS."
   }
  },
  {
   "type": "Feature",
   "geometry": {
    "type": "Polygon",
    "coordinates": [
     [
      [
       12.56388889,
       56.76638889
      ],
      [
       12.69722222,
       56.72472222
      ],
      [
       12.74722222,
       56.68861111
      ],
      [
       12.70555556,
       56.56638889
      ],
      [
       12.70555556,
       56.67194444
      ],
      [
       12.73611111,
       56.68861111
      ],
      [
       12.72777778,
       56.69972222
      ],
      [
       12.68055556,
       56.69972222
      ],
      [
       12.56388889,
       56.76638889
      ]
     ]
    ]
   },
   "properties": {
    "lager": "Restriktionsområde",
    "namn": "ES R41B",
    "typ": "RSTA",
    "beteckning": "ESAA",
    "plats": "ES R41B RINGENÄS",
    "hojd": "GND–3500",
    "operator": "",
    "gäller_fr": "2026-06-11",
    "kommentar": "Militär verksamhet inklusive flygverksamhet.\nTillstånd kan erhållas från MALMÖ ACC eller HALMSTAD ATS.\n\nMilitary activities including aviation operations.\nPermission obtainable from MALMÖ ACC or HALMSTAD ATS."
   }
  },
  {
   "type": "Feature",
   "geometry": {
    "type": "Polygon",
    "coordinates": [
     [
      [
       11.92027778,
       58.46361111
      ],
      [
       12.02416667,
       58.46083333
      ],
      [
       12.03055556,
       58.41611111
      ],
      [
       11.96305556,
       58.35416667
      ],
      [
       11.82194444,
       58.38055556
      ],
      [
       11.79861111,
       58.41277778
      ],
      [
       11.92027778,
       58.46361111
      ]
     ]
    ]
   },
   "properties": {
    "lager": "Restriktionsområde",
    "namn": "ES R43",
    "typ": "RSTA",
    "beteckning": "ESAA",
    "plats": "ES R43 SÅGEBACKEN",
    "hojd": "GND–20200",
    "operator": "",
    "gäller_fr": "2026-06-11",
    "kommentar": "Militär verksamhet inklusive flygverksamhet.\nTillstånd kan erhållas från MALMÖ ACC, LANDVETTER, STALLBACKA eller SÅTENÄS ATS.\n\nMilitary activities including aviation operations. \nPermission obtainable from MALMÖ ACC, LANDVETTER, STALLBACKA or SÅTENÄS ATS."
   }
  },
  {
   "type": "Feature",
   "geometry": {
    "type": "Polygon",
    "coordinates": [
     [
      [
       17.445,
       60.5642
      ],
      [
       17.5483,
       60.5453
      ],
      [
       17.5136,
       60.5031
      ],
      [
       17.4219,
       60.4525
      ],
      [
       17.445,
       60.5642
      ]
     ]
    ]
   },
   "properties": {
    "lager": "Restriktionsområde",
    "namn": "ES R45",
    "typ": "RSTA",
    "beteckning": "ESAA",
    "plats": "ES R45 MARMA",
    "hojd": "GND–14000",
    "operator": "",
    "gäller_fr": "2026-06-11",
    "kommentar": "Militär verksamhet inklusive flygverksamhet.\nTillstånd kan erhållas från STOCKHOLM ACC.\n\nMilitary activities including aviation operations.\nPermission obtainable from STOCKHOLM ACC."
   }
  },
  {
   "type": "Feature",
   "geometry": {
    "type": "Polygon",
    "coordinates": [
     [
      [
       22.32861111,
       65.54027778
      ],
      [
       22.54527778,
       65.39861111
      ],
      [
       22.32861111,
       65.33194444
      ],
      [
       22.11194444,
       65.47361111
      ],
      [
       22.32861111,
       65.54027778
      ]
     ]
    ]
   },
   "properties": {
    "lager": "Restriktionsområde",
    "namn": "ES R46",
    "typ": "RSTA",
    "beteckning": "ESAA",
    "plats": "ES R46 JUNKÖN",
    "hojd": "GND–6100",
    "operator": "",
    "gäller_fr": "2026-06-11",
    "kommentar": "Militär verksamhet inklusive flygverksamhet.\nTillstånd kan erhållas från STOCKHOLM ACC eller KALLAX ATS.\n\nMilitary activities including aviation operations.\nPermission obtainable from STOCKHOLM ACC or KALLAX ATS.\n\nOmrådet är upprättat (svenska helgdagar undantagna)\nMÅN - TORS 0730-1500 (0630-1400)\nFRE 0730-1100 (0630-1000).\nUnder perioden 15 SEP - 1 APR även TIS och TORS 1500-2100 (1400-2000).\n\nEstablished (Swedish public holidays excluded)\nMON-THU 0730-1500 (0630-1400)\nFRI 0730-1100 (0630-1000).\nDuring the period 15 SEP-1 APR also TUE and THU 1500-2100 (1400-2000)."
   }
  },
  {
   "type": "Feature",
   "geometry": {
    "type": "Polygon",
    "coordinates": [
     [
      [
       17.2031,
       67.5539
      ],
      [
       17.4019,
       67.5192
      ],
      [
       17.5772,
       67.5517
      ],
      [
       17.76,
       67.5181
      ],
      [
       17.9781,
       67.39
      ],
      [
       18.0875,
       67.4022
      ],
      [
       18.1375,
       67.3858
      ],
      [
       18.305,
       67.1825
      ],
      [
       18.2625,
       67.0567
      ],
      [
       18.0164,
       67.0386
      ],
      [
       17.6211,
       67.065
      ],
      [
       17.1406,
       67.1761
      ],
      [
       17.0783,
       67.4069
      ],
      [
       17.2031,
       67.5539
      ]
     ]
    ]
   },
   "properties": {
    "lager": "Restriktionsområde",
    "namn": "ES R47",
    "typ": "RSTA",
    "beteckning": "ESAA",
    "plats": "ES R47 SAREK",
    "hojd": "GND–FL 100",
    "operator": "",
    "gäller_fr": "2026-06-11",
    "kommentar": "Nationalpark.\nSärskilda tillstånd från Transportstyrelsen krävs förutom operatörer som framgår av ENR 5.1 punkt 2.4.2.\n\nNational Park.\nSpecial permission by Swedish Transport Agency is required, except for operators specified in ENR 5.1 para 2.4.2."
   }
  },
  {
   "type": "Feature",
   "geometry": {
    "type": "Polygon",
    "coordinates": [
     [
      [
       12.68055556,
       58.51611111
      ],
      [
       12.76388889,
       58.51611111
      ],
      [
       12.91388889,
       58.41611111
      ],
      [
       12.80277778,
       58.38277778
      ],
      [
       12.70805556,
       58.44944444
      ],
      [
       12.67388889,
       58.46611111
      ],
      [
       12.65555556,
       58.49111111
      ],
      [
       12.68055556,
       58.51611111
      ]
     ]
    ]
   },
   "properties": {
    "lager": "Restriktionsområde",
    "namn": "ES R49A",
    "typ": "RSTA",
    "beteckning": "ESAA",
    "plats": "ES R49A SÅTENÄS",
    "hojd": "GND–7500",
    "operator": "",
    "gäller_fr": "2026-06-11",
    "kommentar": "Militär verksamhet inklusive flygverksamhet.\nTillstånd kan erhållas från SÅTENÄS \nATS och LANDVETTER ATS.\n\nMilitary activities including aviation operations.\nPermission obtainable from SÅTENÄS \nATS or LANDVETTER ATS."
   }
  },
  {
   "type": "Feature",
   "geometry": {
    "type": "Polygon",
    "coordinates": [
     [
      [
       12.65555556,
       58.49111111
      ],
      [
       12.67388889,
       58.46611111
      ],
      [
       12.70805556,
       58.44944444
      ],
      [
       12.80277778,
       58.38277778
      ],
      [
       12.74722222,
       58.36611111
      ],
      [
       12.63055556,
       58.46611111
      ],
      [
       12.65555556,
       58.49111111
      ]
     ]
    ]
   },
   "properties": {
    "lager": "Restriktionsområde",
    "namn": "ES R49B",
    "typ": "RSTA",
    "beteckning": "ESAA",
    "plats": "ES R49B SÅTENÄS",
    "hojd": "GND–7500",
    "operator": "",
    "gäller_fr": "2026-06-11",
    "kommentar": "Militär verksamhet inklusive flygverksamhet.\nTillstånd kan erhållas från SÅTENÄS \nATS och LANDVETTER ATS.\n\nMilitary activities including aviation operations.\nPermission obtainable from SÅTENÄS \nATS or LANDVETTER ATS."
   }
  },
  {
   "type": "Feature",
   "geometry": {
    "type": "Polygon",
    "coordinates": [
     [
      [
       13.11388889,
       56.72472222
      ],
      [
       13.38055556,
       56.72472222
      ],
      [
       13.36388889,
       56.61638889
      ],
      [
       13.26388889,
       56.54972222
      ],
      [
       13.01388889,
       56.66083333
      ],
      [
       13.11388889,
       56.72472222
      ]
     ]
    ]
   },
   "properties": {
    "lager": "Restriktionsområde",
    "namn": "ES R50",
    "typ": "RSTA",
    "beteckning": "ESAA",
    "plats": "ES R50 MÄSTOCKA",
    "hojd": "GND–11000",
    "operator": "",
    "gäller_fr": "2026-06-11",
    "kommentar": "Militär verksamhet inklusive flygverksamhet.\nTillstånd kan erhållas från MALMÖ ACC, HALMSTAD ATS eller ÄNGELHOLM ATS. \n\nMilitary activities including aviation operations. \nPermission obtainable from MALMÖ ACC, HALMSTAD ATS or ÄNGELHOLM ATS."
   }
  },
  {
   "type": "Feature",
   "geometry": {
    "type": "Polygon",
    "coordinates": [
     [
      [
       20.34555556,
       67.78305556
      ],
      [
       20.51222222,
       67.765
      ],
      [
       20.61444444,
       67.72305556
      ],
      [
       20.62861111,
       67.66861111
      ],
      [
       20.41944444,
       67.70222222
      ],
      [
       20.33833333,
       67.73472222
      ],
      [
       20.34555556,
       67.78305556
      ]
     ]
    ]
   },
   "properties": {
    "lager": "Restriktionsområde",
    "namn": "ES R51A",
    "typ": "RSTA",
    "beteckning": "ESAA",
    "plats": "ES R51A KALIXFORS",
    "hojd": "GND–14000",
    "operator": "",
    "gäller_fr": "2026-06-11",
    "kommentar": "Militär verksamhet inklusive flygverksamhet med UAS upp till 1900 ft AMSL.\nTillstånd kan erhållas från STOCKHOLM ACC eller KIRUNA ATS.\n\nMilitary activities including aviation operations with UAS up to 1900 ft AMSL.\nPermission obtainable from STOCKHOLM ACC or KIRUNA ATS."
   }
  },
  {
   "type": "Feature",
   "geometry": {
    "type": "Polygon",
    "coordinates": [
     [
      [
       20.28611111,
       67.79583333
      ],
      [
       20.34555556,
       67.78305556
      ],
      [
       20.33833333,
       67.73472222
      ],
      [
       20.24083333,
       67.73444444
      ],
      [
       20.25388889,
       67.79277778
      ],
      [
       20.28611111,
       67.79583333
      ]
     ]
    ]
   },
   "properties": {
    "lager": "Restriktionsområde",
    "namn": "ES R51B",
    "typ": "RSTA",
    "beteckning": "ESAA",
    "plats": "ES R51B KALIXFORS",
    "hojd": "GND–14000",
    "operator": "",
    "gäller_fr": "2026-06-11",
    "kommentar": "Militär verksamhet inklusive flygverksamhet med UAS upp till 1900 ft AMSL.\nTillstånd kan erhållas från STOCKHOLM ACC eller KIRUNA ATS.\n\nMilitary activities including aviation operations with UAS up to 1900 ft AMSL.\nPermission obtainable from STOCKHOLM ACC or KIRUNA ATS."
   }
  },
  {
   "type": "Feature",
   "geometry": {
    "type": "Polygon",
    "coordinates": [
     [
      [
       13.61666667,
       60.71666667
      ],
      [
       13.85,
       60.23333333
      ],
      [
       13.03333333,
       60.23333333
      ],
      [
       12.83333333,
       60.46666667
      ],
      [
       13.61666667,
       60.71666667
      ]
     ]
    ]
   },
   "properties": {
    "lager": "Restriktionsområde",
    "namn": "ES R200A",
    "typ": "RSTA",
    "beteckning": "ESAA",
    "plats": "ES R200A TORSBY",
    "hojd": "5000–FL 195",
    "operator": "",
    "gäller_fr": "2026-06-11",
    "kommentar": "Segelflygning i moln. Upprättat 1 MAJ - 30 SEP.\nTillstånd att passera ges av STOCKHOLM ACC.\nBestämmelser: Se ENR 5.1 punkt 2.3 \n\nSoaring in clouds. Established 1 MAY - 30 SEP.\nPermission to cross shall be obtained from STOCKHOLM ACC.\nProvisions: See ENR 5.1 para 2.3."
   }
  },
  {
   "type": "Feature",
   "geometry": {
    "type": "Polygon",
    "coordinates": [
     [
      [
       14.33333333,
       60.76666667
      ],
      [
       14.78333333,
       60.23333333
      ],
      [
       13.85,
       60.23333333
      ],
      [
       13.61666667,
       60.71666667
      ],
      [
       14.33333333,
       60.76666667
      ]
     ]
    ]
   },
   "properties": {
    "lager": "Restriktionsområde",
    "namn": "ES R200B",
    "typ": "RSTA",
    "beteckning": "ESAA",
    "plats": "ES R200B TORSBY",
    "hojd": "5000–FL 195",
    "operator": "",
    "gäller_fr": "2026-06-11",
    "kommentar": "Segelflygning i moln. Upprättat 1 MAJ - 30 SEP.\nTillstånd att passera ges av STOCKHOLM ACC.\nBestämmelser: Se ENR 5.1 punkt 2.3 \n\nSoaring in clouds. Established 1 MAY - 30 SEP.\nPermission to cross shall be obtained from STOCKHOLM ACC.\nProvisions: See ENR 5.1 para 2.3."
   }
  },
  {
   "type": "Feature",
   "geometry": {
    "type": "Polygon",
    "coordinates": [
     [
      [
       13.96388889,
       55.44138889
      ],
      [
       13.99694444,
       55.44138889
      ],
      [
       14.10527778,
       55.28305556
      ],
      [
       13.93055556,
       55.28305556
      ],
      [
       13.79722222,
       55.35666667
      ],
      [
       13.96388889,
       55.44138889
      ]
     ]
    ]
   },
   "properties": {
    "lager": "Restriktionsområde",
    "namn": "ES R55",
    "typ": "RSTA",
    "beteckning": "ESAA",
    "plats": "ES R55 KABUSA",
    "hojd": "GND–27500",
    "operator": "",
    "gäller_fr": "2026-06-11",
    "kommentar": "Militär verksamhet inklusive flygverksamhet.\nTillstånd kan erhållas från MALMÖ ACC.\n\nMilitary activities including aviation operations. \nPermission obtainable from MALMÖ ACC."
   }
  },
  {
   "type": "Feature",
   "geometry": {
    "type": "Polygon",
    "coordinates": [
     [
      [
       22.34083333,
       65.46444444
      ],
      [
       22.34861111,
       65.44527778
      ],
      [
       22.43555556,
       65.41583333
      ],
      [
       22.29972222,
       65.3875
      ],
      [
       22.29666667,
       65.42527778
      ],
      [
       22.28138889,
       65.43111111
      ],
      [
       22.26611111,
       65.45444444
      ],
      [
       22.34083333,
       65.46444444
      ]
     ]
    ]
   },
   "properties": {
    "lager": "Restriktionsområde",
    "namn": "ES R46A",
    "typ": "RSTA",
    "beteckning": "ESAA",
    "plats": "ES R46A JUNKÖN",
    "hojd": "GND–6100",
    "operator": "",
    "gäller_fr": "2026-06-11",
    "kommentar": "Militär verksamhet inklusive flygverksamhet.\nTillstånd kan erhållas från STOCKHOLM ACC eller KALLAX ATS.\n\nMilitary activities including aviation operations.\nPermission obtainable from STOCKHOLM ACC or KALLAX ATS.\n\nOmrådet är upprättat (svenska helgdagar undantagna)\nMÅN - TORS 0730-1500 (0630-1400)\nFRE 0730-1100 (0630-1000).\nUnder perioden 15 SEP - 1 APR även TIS och TORS 1500-2100 (1400-2000).\n\nEstablished (Swedish public holidays excluded)\nMON-THU 0730-1500 (0630-1400)\nFRI 0730-1100 (0630-1000).\nDuring the period 15 SEP-1 APR also TUE and THU 1500-2100 (1400-2000)."
   }
  },
  {
   "type": "Feature",
   "geometry": {
    "type": "Polygon",
    "coordinates": [
     [
      [
       19.05416667,
       65.59027778
      ],
      [
       19.25416667,
       65.52361111
      ],
      [
       19.2375,
       65.49861111
      ],
      [
       19.0625,
       65.47361111
      ],
      [
       19.0375,
       65.54861111
      ],
      [
       19.05416667,
       65.59027778
      ]
     ]
    ]
   },
   "properties": {
    "lager": "Restriktionsområde",
    "namn": "ES R74A",
    "typ": "RSTA",
    "beteckning": "ESAA",
    "plats": "ES R74A ARVIDSJAUR",
    "hojd": "GND–15500",
    "operator": "",
    "gäller_fr": "2026-06-11",
    "kommentar": "Militär verksamhet inklusive flygverksamhet.\nTillstånd kan erhållas från STOCKHOLM ACC eller ARVIDSJAUR ATS.\n\nMilitary activities including aviation operations.\nPermission obtainable from STOCKHOLM ACC or ARVIDSJAUR ATS."
   }
  },
  {
   "type": "Feature",
   "geometry": {
    "type": "Polygon",
    "coordinates": [
     [
      [
       19.05416667,
       65.59027778
      ],
      [
       19.14583333,
       65.59027778
      ],
      [
       19.2125,
       65.56527778
      ],
      [
       19.25416667,
       65.52361111
      ],
      [
       19.05416667,
       65.59027778
      ]
     ]
    ]
   },
   "properties": {
    "lager": "Restriktionsområde",
    "namn": "ES R74B",
    "typ": "RSTA",
    "beteckning": "ESAA",
    "plats": "ES R74B ARVIDSJAUR",
    "hojd": "GND–15500",
    "operator": "",
    "gäller_fr": "2026-06-11",
    "kommentar": "Militär verksamhet inklusive flygverksamhet upp till 1600 ft AMSL.\nTillstånd kan erhållas från STOCKHOLM ACC eller ARVIDSJAUR ATS.\n\nMilitary activities including aviation operations up to 1600 ft AMSL.\nPermission obtainable from STOCKHOLM ACC or ARVIDSJAUR ATS."
   }
  },
  {
   "type": "Feature",
   "geometry": {
    "type": "Polygon",
    "coordinates": [
     [
      [
       20.5486,
       69.06
      ],
      [
       20.578482,
       69.052965
      ],
      [
       20.587645,
       69.053455
      ],
      [
       20.598077,
       69.050893
      ],
      [
       20.631904,
       69.045637
      ],
      [
       20.655925,
       69.043429
      ],
      [
       20.683383,
       69.042693
      ],
      [
       20.705123,
       69.04458
      ],
      [
       20.723077,
       69.039089
      ],
      [
       20.74173,
       69.036632
      ],
      [
       20.765856,
       69.03508
      ],
      [
       20.781237,
       69.030623
      ],
      [
       20.788008,
       69.027064
      ],
      [
       20.803253,
       69.022159
      ],
      [
       20.81197,
       69.016932
      ],
      [
       20.815613,
       69.013113
      ],
      [
       20.816564,
       69.009039
      ],
      [
       20.823651,
       69.004723
      ],
      [
       20.83365,
       68.997479
      ],
      [
       20.85048,
       68.991318
      ],
      [
       20.865808,
       68.987699
      ],
      [
       20.876943,
       68.987099
      ],
      [
       20.907486,
       68.970607
      ],
      [
       20.91281,
       68.961951
      ],
      [
       20.911722,
       68.957263
      ],
      [
       20.894757,
       68.947188
      ],
      [
       20.890093,
       68.940854
      ],
      [
       20.87111,
       68.943101
      ],
      [
       20.861925,
       68.942295
      ],
      [
       20.846698,
       68.937154
      ],
      [
       20.846335,
       68.933928
      ],
      [
       20.852955,
       68.924427
      ],
      [
       20.870774,
       68.9212
      ],
      [
       20.880316,
       68.917949
      ],
      [
       20.89452,
       68.905585
      ],
      [
       20.903028,
       68.900277
      ],
      [
       20.887743,
       68.897291
      ],
      [
       20.879585,
       68.89686
      ],
      [
       20.881788,
       68.893423
      ],
      [
       20.900739,
       68.891984
      ],
      [
       20.918066,
       68.897326
      ],
      [
       20.934254,
       68.898591
      ],
      [
       20.943172,
       68.896704
      ],
      [
       20.955269,
       68.897219
      ],
      [
       20.957679,
       68.894718
      ],
      [
       20.961601,
       68.891425
      ],
      [
       20.970403,
       68.893118
      ],
      [
       20.980911,
       68.892394
      ],
      [
       20.990218,
       68.896966
      ],
      [
       20.998021,
       68.895981
      ],
      [
       21.026838,
       68.887212
      ],
      [
       21.029182,
       68.882887
      ],
      [
       21.04722,
       68.881657
      ],
      [
       21.07433,
       68.872257
      ],
      [
       21.079914,
       68.864322
      ],
      [
       21.114089,
       68.857933
      ],
      [
       21.126932,
       68.853843
      ],
      [
       21.13191,
       68.848965
      ],
      [
       21.144467,
       68.844452
      ],
      [
       21.143945,
       68.840016
      ],
      [
       21.16184,
       68.83527
      ],
      [
       21.184263,
       68.827679
      ],
      [
       21.18717,
       68.824286
      ],
      [
       21.199609,
       68.821732
      ],
      [
       21.213585,
       68.817032
      ],
      [
       21.238684,
       68.812182
      ],
      [
       21.250633,
       68.803837
      ],
      [
       21.25324,
       68.798563
      ],
      [
       21.26194,
       68.792212
      ],
      [
       21.262898,
       68.786307
      ],
      [
       21.278255,
       68.776771
      ],
      [
       21.292934,
       68.76685
      ],
      [
       21.306379,
       68.761016
      ],
      [
       21.330111,
       68.759972
      ],
      [
       21.350357,
       68.765049
      ],
      [
       21.367032,
       68.76693
      ],
      [
       21.391084,
       68.764176
      ],
      [
       21.392486,
       68.760081
      ],
      [
       21.401426,
       68.757158
      ],
      [
       21.411281,
       68.74833
      ],
      [
       21.407121,
       68.73841
      ],
      [
       21.407741,
       68.734277
      ],
      [
       21.414535,
       68.730948
      ],
      [
       21.410859,
       68.724521
      ],
      [
       21.422418,
       68.715841
      ],
      [
       21.413412,
       68.710266
      ],
      [
       21.421978,
       68.705258
      ],
      [
       21.423371,
       68.701163
      ],
      [
       21.420452,
       68.696942
      ],
      [
       21.437282,
       68.690109
      ],
      [
       21.458559,
       68.686221
      ],
      [
       21.466052,
       68.682128
      ],
      [
       21.475296,
       68.682015
      ],
      [
       21.501416,
       68.676815
      ],
      [
       21.510018,
       68.675651
      ],
      [
       21.522014,
       68.677602
      ],
      [
       21.527135,
       68.67588
      ],
      [
       21.563188,
       68.675525
      ],
      [
       21.567185,
       68.674443
      ],
      [
       21.571844,
       68.671118
      ],
      [
       21.584717,
       68.668443
      ],
      [
       21.608358,
       68.666685
      ],
      [
       21.622971,
       68.663013
      ],
      [
       21.623119,
       68.657132
      ],
      [
       21.630359,
       68.654389
      ],
      [
       21.636989,
       68.653484
      ],
      [
       21.642337,
       68.650599
      ],
      [
       21.653176,
       68.649548
      ],
      [
       21.65309,
       68.647049
      ],
      [
       21.659342,
       68.644806
      ],
      [
       21.666018,
       68.639849
      ],
      [
       21.684409,
       68.634809
      ],
      [
       21.687148,
       68.633649
      ],
      [
       21.697746,
       68.631721
      ],
      [
       21.710024,
       68.624945
      ],
      [
       21.709817,
       68.619957
      ],
      [
       21.712416,
       68.61784
      ],
      [
       21.703155,
       68.615736
      ],
      [
       21.699523,
       68.613838
      ],
      [
       21.698903,
       68.609239
      ],
      [
       21.699994,
       68.598774
      ],
      [
       21.703661,
       68.595198
      ],
      [
       21.711405,
       68.594386
      ],
      [
       21.716517,
       68.590696
      ],
      [
       21.732698,
       68.589657
      ],
      [
       21.774831,
       68.585527
      ],
      [
       21.799434,
       68.58708
      ],
      [
       21.807346,
       68.58903
      ],
      [
       21.814202,
       68.589792
      ],
      [
       21.826024,
       68.589216
      ],
      [
       21.834454,
       68.590893
      ],
      [
       21.840997,
       68.591126
      ],
      [
       21.847735,
       68.590074
      ],
      [
       21.862659,
       68.588591
      ],
      [
       21.864915,
       68.587366
      ],
      [
       21.86294,
       68.5848
      ],
      [
       21.883891,
       68.585122
      ],
      [
       21.893941,
       68.582669
      ],
      [
       21.905451,
       68.578803
      ],
      [
       21.905833,
       68.575413
      ],
      [
       21.920657,
       68.569544
      ],
      [
       21.928335,
       68.567913
      ],
      [
       21.94538,
       68.556892
      ],
      [
       21.96443,
       68.552339
      ],
      [
       21.969489,
       68.550605
      ],
      [
       21.970754,
       68.546435
      ],
      [
       21.980497,
       68.541619
      ],
      [
       21.987941,
       68.535879
      ],
      [
       21.99305556,
       68.53222222
      ],
      [
       21.77,
       68.2958
      ],
      [
       21.465,
       67.99
      ],
      [
       21.2703,
       67.79
      ],
      [
       20.9119,
       67.79
      ],
      [
       20.8119,
       67.99
      ],
      [
       19.9211,
       68.3558
      ],
      [
       19.977824,
       68.388129
      ],
      [
       20.011083,
       68.402134
      ],
      [
       20.226385,
       68.490785
      ],
      [
       20.025733,
       68.530782
      ],
      [
       19.937471,
       68.557918
      ],
      [
       20.052089,
       68.591028
      ],
      [
       20.202664,
       68.665884
      ],
      [
       20.2737,
       68.740237
      ],
      [
       20.335822,
       68.802291
      ],
      [
       20.321682,
       68.855566
      ],
      [
       20.306377,
       68.926147
      ],
      [
       20.237659,
       68.956036
      ],
      [
       20.188088,
       68.981305
      ],
      [
       20.060002,
       69.045733
      ],
      [
       20.5486,
       69.06
      ]
     ]
    ]
   },
   "properties": {
    "lager": "Restriktionsområde",
    "namn": "ES R1",
    "typ": "RSTA",
    "beteckning": "ESAA",
    "plats": "ES R1 ESRANGE med alla brytpunkter",
    "hojd": "GND–UNL",
    "operator": "",
    "gäller_fr": "2026-06-11",
    "kommentar": "Rymdbas.\nRaketuppskjutning, raketmotortester, ballonguppsläpp, flygverksamhet inklusive UAS, nedsläpp av nyttolast. \nTillstånd kan erhållas från STOCKHOLM ACC eller KIRUNA ATS.\n \nSpace center.\nRocket firing, rocket engine tests, balloon ascends, aviation activities including UAS, cargo drops.\nPermission obtainable from STOCKHOLM ACC or KIRUNA ATS."
   }
  },
  {
   "type": "Feature",
   "geometry": {
    "type": "Polygon",
    "coordinates": [
     [
      [
       22.7453,
       66.5986
      ],
      [
       23.2617,
       66.5653
      ],
      [
       23.7283,
       65.9653
      ],
      [
       22.4953,
       65.7819
      ],
      [
       22.4453,
       65.8486
      ],
      [
       22.8286,
       66.3319
      ],
      [
       22.7453,
       66.5986
      ]
     ]
    ]
   },
   "properties": {
    "lager": "Restriktionsområde",
    "namn": "ES R03",
    "typ": "RSTA",
    "beteckning": "ESAA",
    "plats": "ES R03 LOWER PART OF RIVER KALIX",
    "hojd": "GND–UNL",
    "operator": "",
    "gäller_fr": "2026-06-11",
    "kommentar": "Tillstånd krävs endast när så tillkännages genom NOTAM eller AIP SUP.\n \nPermission required only when so is promulgated by NOTAM or AIP SUP."
   }
  },
  {
   "type": "Feature",
   "geometry": {
    "type": "Polygon",
    "coordinates": [
     [
      [
       21.4122,
       66.0986
      ],
      [
       22.1286,
       65.8736
      ],
      [
       22.1619,
       65.7819
      ],
      [
       21.8119,
       65.7153
      ],
      [
       21.7203,
       65.8319
      ],
      [
       21.5456,
       65.8319
      ],
      [
       21.4122,
       65.8653
      ],
      [
       21.1789,
       66.0153
      ],
      [
       21.4122,
       66.0986
      ]
     ]
    ]
   },
   "properties": {
    "lager": "Restriktionsområde",
    "namn": "ES R04",
    "typ": "RSTA",
    "beteckning": "ESAA",
    "plats": "ES R04 BODEN",
    "hojd": "GND–UNL",
    "operator": "",
    "gäller_fr": "2026-06-11",
    "kommentar": "Tillstånd krävs endast när så tillkännages genom NOTAM eller AIP SUP.\n \nPermission required only when so is promulgated by NOTAM or AIP SUP."
   }
  },
  {
   "type": "Feature",
   "geometry": {
    "type": "Polygon",
    "coordinates": [
     [
      [
       20.30416667,
       63.94611111
      ],
      [
       20.31972222,
       63.88805556
      ],
      [
       20.32083333,
       63.88361111
      ],
      [
       20.30361111,
       63.86027778
      ],
      [
       20.27805556,
       63.84222222
      ],
      [
       20.2725,
       63.83833333
      ],
      [
       20.2475,
       63.83666667
      ],
      [
       20.19416667,
       63.86333333
      ],
      [
       20.16583333,
       63.92972222
      ],
      [
       20.16222222,
       63.93833333
      ],
      [
       20.30416667,
       63.94611111
      ]
     ]
    ]
   },
   "properties": {
    "lager": "Restriktionsområde",
    "namn": "ES R7",
    "typ": "RSTA",
    "beteckning": "ESAA",
    "plats": "ES R7 UMEÅ",
    "hojd": "GND–11000",
    "operator": "",
    "gäller_fr": "2026-06-11",
    "kommentar": "Militär verksamhet inklusive flygverksamhet med UAS upp till 400 ft AGL.\nTillstånd kan erhållas från STOCKHOLM ACC eller UMEÅ ATS.  \n\nMilitary activities including aviation operations with UAS up to 400 ft AGL.  \nPermission obtainable from STOCKHOLM ACC or UMEÅ ATS."
   }
  },
  {
   "type": "Feature",
   "geometry": {
    "type": "Polygon",
    "coordinates": [
     [
      [
       14.73555556,
       63.26555556
      ],
      [
       14.77166667,
       63.24055556
      ],
      [
       14.68,
       63.20222222
      ],
      [
       14.655,
       63.22833333
      ],
      [
       14.69388889,
       63.25861111
      ],
      [
       14.73555556,
       63.26555556
      ]
     ]
    ]
   },
   "properties": {
    "lager": "Restriktionsområde",
    "namn": "ES R8",
    "typ": "RSTA",
    "beteckning": "ESAA",
    "plats": "ES R8 DAGSÅDALEN",
    "hojd": "GND–28500",
    "operator": "",
    "gäller_fr": "2026-06-11",
    "kommentar": "Militär verksamhet inklusive flygverksamhet med UAS upp till 1600 ft AMSL.\nTillstånd kan erhållas från STOCKHOLM ACC eller ÖSTERSUND ATS.\n\nMilitary activities including aviation operations with UAS up to 1600 ft AMSL.\nPermission obtainable from STOCKHOLM ACC or ÖSTERSUND ATS."
   }
  },
  {
   "type": "Feature",
   "geometry": {
    "type": "Polygon",
    "coordinates": [
     [
      [
       18.175,
       60.38670241
      ],
      [
       18.17203035,
       60.38676746
      ],
      [
       18.16908391,
       60.38696209
      ],
      [
       18.1661837,
       60.38728479
      ],
      [
       18.16335239,
       60.38773303
      ],
      [
       18.16061211,
       60.3883033
      ],
      [
       18.15798427,
       60.38899116
      ],
      [
       18.15548944,
       60.38979123
      ],
      [
       18.15314711,
       60.39069725
      ],
      [
       18.15097561,
       60.39170214
      ],
      [
       18.14899193,
       60.39279804
      ],
      [
       18.1472116,
       60.39397639
      ],
      [
       18.14564857,
       60.39522797
      ],
      [
       18.14431508,
       60.396543
      ],
      [
       18.1432216,
       60.39791118
      ],
      [
       18.1423767,
       60.39932183
      ],
      [
       18.14178702,
       60.40076389
      ],
      [
       18.14145723,
       60.4022261
      ],
      [
       18.14138992,
       60.403697
      ],
      [
       18.14158567,
       60.40516509
      ],
      [
       18.14204297,
       60.40661888
      ],
      [
       18.14275828,
       60.40804698
      ],
      [
       18.14372604,
       60.40943822
      ],
      [
       18.1449387,
       60.41078169
      ],
      [
       18.14638678,
       60.41206689
      ],
      [
       18.14805899,
       60.41328373
      ],
      [
       18.14994224,
       60.4144227
      ],
      [
       18.15202179,
       60.41547487
      ],
      [
       18.15428139,
       60.416432
      ],
      [
       18.15670333,
       60.41728658
      ],
      [
       18.15926865,
       60.41803193
      ],
      [
       18.16195725,
       60.41866219
      ],
      [
       18.16474808,
       60.41917243
      ],
      [
       18.16761926,
       60.41955865
      ],
      [
       18.17054829,
       60.41981783
      ],
      [
       18.17351221,
       60.41994792
      ],
      [
       18.17648779,
       60.41994792
      ],
      [
       18.17945171,
       60.41981783
      ],
      [
       18.18238074,
       60.41955865
      ],
      [
       18.18525192,
       60.41917243
      ],
      [
       18.18804275,
       60.41866219
      ],
      [
       18.19073135,
       60.41803193
      ],
      [
       18.19329667,
       60.41728658
      ],
      [
       18.19571861,
       60.416432
      ],
      [
       18.19797821,
       60.41547487
      ],
      [
       18.20005776,
       60.4144227
      ],
      [
       18.20194101,
       60.41328373
      ],
      [
       18.20361322,
       60.41206689
      ],
      [
       18.2050613,
       60.41078169
      ],
      [
       18.20627396,
       60.40943822
      ],
      [
       18.20724172,
       60.40804698
      ],
      [
       18.20795703,
       60.40661888
      ],
      [
       18.20841433,
       60.40516509
      ],
      [
       18.20861008,
       60.403697
      ],
      [
       18.20854277,
       60.4022261
      ],
      [
       18.20821298,
       60.40076389
      ],
      [
       18.2076233,
       60.39932183
      ],
      [
       18.2067784,
       60.39791118
      ],
      [
       18.20568492,
       60.396543
      ],
      [
       18.20435143,
       60.39522797
      ],
      [
       18.2027884,
       60.39397639
      ],
      [
       18.20100807,
       60.39279804
      ],
      [
       18.19902439,
       60.39170214
      ],
      [
       18.19685289,
       60.39069725
      ],
      [
       18.19451056,
       60.38979123
      ],
      [
       18.19201573,
       60.38899116
      ],
      [
       18.18938789,
       60.3883033
      ],
      [
       18.18664761,
       60.38773303
      ],
      [
       18.1838163,
       60.38728479
      ],
      [
       18.18091609,
       60.38696209
      ],
      [
       18.17796965,
       60.38676746
      ],
      [
       18.175,
       60.38670241
      ]
     ]
    ]
   },
   "properties": {
    "lager": "Restriktionsområde",
    "namn": "ES R107",
    "typ": "RSTA",
    "beteckning": "ESAA",
    "plats": "ES R107 FORSMARK",
    "hojd": "GND–2000",
    "operator": "",
    "gäller_fr": "2026-06-11",
    "kommentar": "Kärnkraftverk. Särskilda tillstånd från Transportstyrelsen krävs förutom för UAS-verksamhet som genomförs av Forsmark Kraftgrupp AB och Svensk Kärnbränslehantering AB upp till 120 m GND, eller operatörer som framgår av ENR 5.1 punkt 2.4.1.\n\nNuclear power plant. Special permission by Swedish Transport Agency is required, except for UAS-operations conducted by Forsmark Kraftgrupp AB and Svensk Kärnbränslehantering AB up to 120 m GND or operators specified in ENR 5.1 para 2.4.1."
   }
  },
  {
   "type": "Feature",
   "geometry": {
    "type": "Polygon",
    "coordinates": [
     [
      [
       16.67166667,
       57.39836134
      ],
      [
       16.6689427,
       57.39842642
      ],
      [
       16.66624002,
       57.39862115
      ],
      [
       16.66357976,
       57.39894402
      ],
      [
       16.6609827,
       57.39939249
      ],
      [
       16.65846916,
       57.39996306
      ],
      [
       16.65605878,
       57.40065128
      ],
      [
       16.6537704,
       57.40145175
      ],
      [
       16.65162194,
       57.40235823
      ],
      [
       16.64963019,
       57.40336363
      ],
      [
       16.64781074,
       57.40446009
      ],
      [
       16.64617784,
       57.40563902
      ],
      [
       16.64474427,
       57.40689123
      ],
      [
       16.64352126,
       57.4082069
      ],
      [
       16.64251841,
       57.40957575
      ],
      [
       16.64174358,
       57.41098707
      ],
      [
       16.64120286,
       57.41242982
      ],
      [
       16.64090052,
       57.41389272
      ],
      [
       16.64083894,
       57.41536431
      ],
      [
       16.64101863,
       57.41683308
      ],
      [
       16.64143823,
       57.41828753
      ],
      [
       16.64209446,
       57.41971627
      ],
      [
       16.64298223,
       57.42110813
      ],
      [
       16.6440946,
       57.4224522
      ],
      [
       16.6454229,
       57.42373796
      ],
      [
       16.64695673,
       57.42495533
      ],
      [
       16.64868411,
       57.42609479
      ],
      [
       16.65059152,
       57.42714741
      ],
      [
       16.65266403,
       57.42810494
      ],
      [
       16.65488543,
       57.42895988
      ],
      [
       16.65723831,
       57.42970554
      ],
      [
       16.65970425,
       57.43033606
      ],
      [
       16.66226393,
       57.43084651
      ],
      [
       16.66489729,
       57.43123289
      ],
      [
       16.6675837,
       57.43149217
      ],
      [
       16.67030211,
       57.43162232
      ],
      [
       16.67303122,
       57.43162232
      ],
      [
       16.67574963,
       57.43149217
      ],
      [
       16.67843604,
       57.43123289
      ],
      [
       16.6810694,
       57.43084651
      ],
      [
       16.68362908,
       57.43033606
      ],
      [
       16.68609502,
       57.42970554
      ],
      [
       16.6884479,
       57.42895988
      ],
      [
       16.6906693,
       57.42810494
      ],
      [
       16.69274182,
       57.42714741
      ],
      [
       16.69464923,
       57.42609479
      ],
      [
       16.69637661,
       57.42495533
      ],
      [
       16.69791044,
       57.42373796
      ],
      [
       16.69923873,
       57.4224522
      ],
      [
       16.7003511,
       57.42110813
      ],
      [
       16.70123887,
       57.41971627
      ],
      [
       16.70189511,
       57.41828753
      ],
      [
       16.7023147,
       57.41683308
      ],
      [
       16.7024944,
       57.41536431
      ],
      [
       16.70243281,
       57.41389272
      ],
      [
       16.70213047,
       57.41242982
      ],
      [
       16.70158975,
       57.41098707
      ],
      [
       16.70081492,
       57.40957575
      ],
      [
       16.69981207,
       57.4082069
      ],
      [
       16.69858907,
       57.40689123
      ],
      [
       16.6971555,
       57.40563902
      ],
      [
       16.69552259,
       57.40446009
      ],
      [
       16.69370315,
       57.40336363
      ],
      [
       16.6917114,
       57.40235823
      ],
      [
       16.68956293,
       57.40145175
      ],
      [
       16.68727456,
       57.40065128
      ],
      [
       16.68486417,
       57.39996306
      ],
      [
       16.68235063,
       57.39939249
      ],
      [
       16.67975357,
       57.39894402
      ],
      [
       16.67709331,
       57.39862115
      ],
      [
       16.67439063,
       57.39842642
      ],
      [
       16.67166667,
       57.39836134
      ]
     ]
    ]
   },
   "properties": {
    "lager": "Restriktionsområde",
    "namn": "ES R108",
    "typ": "RSTA",
    "beteckning": "ESAA",
    "plats": "ES R108 OSKARSHAMN",
    "hojd": "GND–2000",
    "operator": "",
    "gäller_fr": "2026-06-11",
    "kommentar": "Kärnkraftverk. Särskilda tillstånd från Transportstyrelsen krävs förutom för UAS-verksamhet som genomförs av OKG AB och Svensk Kärnbränsle-hantering AB upp till 120 m GND, eller operatörer som framgår av ENR 5.1 punkt 2.4.1. \n\nNuclear power plant. Special permission by Swedish Transport Agency is required, except for UAS-operations conducted by OKG AB and Svensk Kärnbränslehantering AB up to 120 m GND or operators specified in ENR 5.1 para 2.4.1."
   }
  },
  {
   "type": "Feature",
   "geometry": {
    "type": "Polygon",
    "coordinates": [
     [
      [
       17.96777778,
       58.91407839
      ],
      [
       17.96624389,
       58.91411351
      ],
      [
       17.964722,
       58.91421859
      ],
      [
       17.963224,
       58.91439282
      ],
      [
       17.96176162,
       58.91463484
      ],
      [
       17.96034629,
       58.91494274
      ],
      [
       17.95898908,
       58.91531412
      ],
      [
       17.9577006,
       58.91574607
      ],
      [
       17.95649095,
       58.91623523
      ],
      [
       17.95536957,
       58.91677775
      ],
      [
       17.95434526,
       58.91736941
      ],
      [
       17.95342602,
       58.91800556
      ],
      [
       17.95261905,
       58.91868124
      ],
      [
       17.95193068,
       58.91939115
      ],
      [
       17.95136629,
       58.92012975
      ],
      [
       17.95093031,
       58.92089125
      ],
      [
       17.95062617,
       58.9216697
      ],
      [
       17.95045624,
       58.922459
      ],
      [
       17.95042186,
       58.92325298
      ],
      [
       17.95052333,
       58.92404543
      ],
      [
       17.95075984,
       58.92483014
      ],
      [
       17.95112956,
       58.92560096
      ],
      [
       17.95162961,
       58.92635187
      ],
      [
       17.95225607,
       58.92707699
      ],
      [
       17.95300406,
       58.92777064
      ],
      [
       17.95386772,
       58.92842739
      ],
      [
       17.95484029,
       58.92904209
      ],
      [
       17.95591417,
       58.92960994
      ],
      [
       17.95708094,
       58.93012649
      ],
      [
       17.95833149,
       58.93058769
      ],
      [
       17.95965602,
       58.93098993
      ],
      [
       17.96104415,
       58.93133006
      ],
      [
       17.96248502,
       58.93160542
      ],
      [
       17.96396735,
       58.93181385
      ],
      [
       17.96547952,
       58.93195371
      ],
      [
       17.96700968,
       58.93202392
      ],
      [
       17.96854587,
       58.93202392
      ],
      [
       17.97007604,
       58.93195371
      ],
      [
       17.97158821,
       58.93181385
      ],
      [
       17.97307053,
       58.93160542
      ],
      [
       17.9745114,
       58.93133006
      ],
      [
       17.97589954,
       58.93098993
      ],
      [
       17.97722406,
       58.93058769
      ],
      [
       17.97847461,
       58.93012649
      ],
      [
       17.97964139,
       58.92960994
      ],
      [
       17.98071527,
       58.92904209
      ],
      [
       17.98168784,
       58.92842739
      ],
      [
       17.9825515,
       58.92777064
      ],
      [
       17.98329948,
       58.92707699
      ],
      [
       17.98392594,
       58.92635187
      ],
      [
       17.98442599,
       58.92560096
      ],
      [
       17.98479571,
       58.92483014
      ],
      [
       17.98503223,
       58.92404543
      ],
      [
       17.98513369,
       58.92325298
      ],
      [
       17.98509932,
       58.922459
      ],
      [
       17.98492939,
       58.9216697
      ],
      [
       17.98462524,
       58.92089125
      ],
      [
       17.98418926,
       58.92012975
      ],
      [
       17.98362487,
       58.91939115
      ],
      [
       17.9829365,
       58.91868124
      ],
      [
       17.98212954,
       58.91800556
      ],
      [
       17.9812103,
       58.91736941
      ],
      [
       17.98018598,
       58.91677775
      ],
      [
       17.97906461,
       58.91623523
      ],
      [
       17.97785495,
       58.91574607
      ],
      [
       17.97656648,
       58.91531412
      ],
      [
       17.97520927,
       58.91494274
      ],
      [
       17.97379393,
       58.91463484
      ],
      [
       17.97233155,
       58.91439282
      ],
      [
       17.97083356,
       58.91421859
      ],
      [
       17.96931167,
       58.91411351
      ],
      [
       17.96777778,
       58.91407839
      ]
     ]
    ]
   },
   "properties": {
    "lager": "Restriktionsområde",
    "namn": "ES R117",
    "typ": "RSTA",
    "beteckning": "ESAA",
    "plats": "ES R117 NYNÄSHAMN",
    "hojd": "GND–1400",
    "operator": "",
    "gäller_fr": "2026-06-11",
    "kommentar": "Oljeraffinaderi. Särskilda tillstånd från Transportstyrelsen krävs förutom för UAS-verksamhet som genomförs av Nynas AB upp till 120 m GND, eller operatörer som framgår av ENR 5.1 punkt 2.4.1.\n\nOil refinery. Special permission by Swedish Transport Agency is required, except for UAS-operations conducted by Nynas AB up to 120 m GND or operators specified in ENR 5.1 para 2.4.1."
   }
  },
  {
   "type": "Feature",
   "geometry": {
    "type": "Polygon",
    "coordinates": [
     [
      [
       18.48805556,
       59.01611111
      ],
      [
       19.02555556,
       58.90222222
      ],
      [
       18.83805556,
       58.80777778
      ],
      [
       18.50666667,
       58.67305556
      ],
      [
       18.19638889,
       58.54527778
      ],
      [
       17.97138889,
       58.49527778
      ],
      [
       17.91583333,
       58.58305556
      ],
      [
       17.88305556,
       58.63444444
      ],
      [
       17.87138889,
       58.86611111
      ],
      [
       17.96305556,
       58.87166667
      ],
      [
       18.12333333,
       58.91611111
      ],
      [
       18.48805556,
       59.01611111
      ]
     ]
    ]
   },
   "properties": {
    "lager": "Restriktionsområde",
    "namn": "ES R71",
    "typ": "RSTA",
    "beteckning": "ESAA",
    "plats": "ES R71 NÅTTARÖ",
    "hojd": "GND–40500",
    "operator": "",
    "gäller_fr": "2026-06-11",
    "kommentar": "Militär verksamhet inklusive flygverksamhet.\nTillstånd kan erhållas från STOCKHOLM ACC.\n\nMilitary activities including aviation operations.\nPermission obtainable from STOCKHOLM ACC."
   }
  },
  {
   "type": "Feature",
   "geometry": {
    "type": "Polygon",
    "coordinates": [
     [
      [
       18.48805556,
       59.01611111
      ],
      [
       19.02555556,
       58.90222222
      ],
      [
       18.83805556,
       58.80777778
      ],
      [
       18.50666667,
       58.67305556
      ],
      [
       18.3075,
       58.76111111
      ],
      [
       18.43,
       58.81611111
      ],
      [
       18.51305556,
       58.89944444
      ],
      [
       18.48805556,
       59.01611111
      ]
     ]
    ]
   },
   "properties": {
    "lager": "Restriktionsområde",
    "namn": "ES R71F",
    "typ": "RSTA",
    "beteckning": "ESAA",
    "plats": "ES R71F NÅTTARÖ",
    "hojd": "GND–40500",
    "operator": "",
    "gäller_fr": "2026-06-11",
    "kommentar": "Militär verksamhet inklusive flygverksamhet.\nTillstånd kan erhållas från STOCKHOLM ACC.\n\nMilitary activities including aviation operations.\nPermission obtainable from STOCKHOLM ACC."
   }
  },
  {
   "type": "Feature",
   "geometry": {
    "type": "Polygon",
    "coordinates": [
     [
      [
       13.70055556,
       55.77472222
      ],
      [
       13.67916667,
       55.63583333
      ],
      [
       13.63861111,
       55.63888889
      ],
      [
       13.60888889,
       55.64083333
      ],
      [
       13.49194444,
       55.64472222
      ],
      [
       13.46444444,
       55.68111111
      ],
      [
       13.43611111,
       55.76861111
      ],
      [
       13.60444444,
       55.76944444
      ],
      [
       13.70055556,
       55.77472222
      ]
     ]
    ]
   },
   "properties": {
    "lager": "Restriktionsområde",
    "namn": "ES R121",
    "typ": "RSTA",
    "beteckning": "ESAA",
    "plats": "ES R121 REVINGE",
    "hojd": "GND–2000",
    "operator": "",
    "gäller_fr": "2026-06-11",
    "kommentar": "Militär verksamhet inklusive flygverksamhet.\nTillstånd kan erhållas från MALMÖ ACC.\n\nMilitary activities including aviation operations.\nPermission obtainable from MALMÖ ACC."
   }
  },
  {
   "type": "Feature",
   "geometry": {
    "type": "Polygon",
    "coordinates": [
     [
      [
       13.60444444,
       55.76944444
      ],
      [
       13.49194444,
       55.64472222
      ],
      [
       13.46444444,
       55.68111111
      ],
      [
       13.43611111,
       55.76861111
      ],
      [
       13.60444444,
       55.76944444
      ]
     ]
    ]
   },
   "properties": {
    "lager": "Restriktionsområde",
    "namn": "ES R121A",
    "typ": "RSTA",
    "beteckning": "ESAA",
    "plats": "ES R121A REVINGE",
    "hojd": "GND–2000",
    "operator": "",
    "gäller_fr": "2026-06-11",
    "kommentar": "Militär verksamhet inklusive flygverksamhet.\nTillstånd kan erhållas från MALMÖ ACC.\n\nMilitary activities including aviation operations.\nPermission obtainable from MALMÖ ACC."
   }
  },
  {
   "type": "Feature",
   "geometry": {
    "type": "Polygon",
    "coordinates": [
     [
      [
       13.70055556,
       55.77472222
      ],
      [
       13.67916667,
       55.63583333
      ],
      [
       13.63861111,
       55.63888889
      ],
      [
       13.60888889,
       55.64083333
      ],
      [
       13.49194444,
       55.64472222
      ],
      [
       13.60444444,
       55.76944444
      ],
      [
       13.70055556,
       55.77472222
      ]
     ]
    ]
   },
   "properties": {
    "lager": "Restriktionsområde",
    "namn": "ES R121B",
    "typ": "RSTA",
    "beteckning": "ESAA",
    "plats": "ES R121B REVINGE",
    "hojd": "GND–2000",
    "operator": "",
    "gäller_fr": "2026-06-11",
    "kommentar": "Militär verksamhet inklusive flygverksamhet.\nTillstånd kan erhållas från MALMÖ ACC.\n\nMilitary activities including aviation operations.\nPermission obtainable from MALMÖ ACC."
   }
  },
  {
   "type": "Feature",
   "geometry": {
    "type": "Polygon",
    "coordinates": [
     [
      [
       19.25777778,
       63.44972222
      ],
      [
       19.43416667,
       63.42388889
      ],
      [
       19.43317365,
       63.4225678
      ],
      [
       19.43101257,
       63.41992209
      ],
      [
       19.42864665,
       63.4173116
      ],
      [
       19.42607881,
       63.41473952
      ],
      [
       19.42331218,
       63.41220896
      ],
      [
       19.42035015,
       63.40972302
      ],
      [
       19.41719637,
       63.40728472
      ],
      [
       19.41385468,
       63.40489704
      ],
      [
       19.41032917,
       63.40256288
      ],
      [
       19.40662414,
       63.40028509
      ],
      [
       19.40274413,
       63.39806645
      ],
      [
       19.39869386,
       63.39590965
      ],
      [
       19.39447828,
       63.39381732
      ],
      [
       19.39010253,
       63.39179202
      ],
      [
       19.38557193,
       63.38983621
      ],
      [
       19.38089201,
       63.38795227
      ],
      [
       19.37606846,
       63.3861425
      ],
      [
       19.37110716,
       63.38440911
      ],
      [
       19.36601415,
       63.3827542
      ],
      [
       19.36079561,
       63.38117979
      ],
      [
       19.35545789,
       63.3796878
      ],
      [
       19.35000749,
       63.37828005
      ],
      [
       19.34445102,
       63.37695825
      ],
      [
       19.33879524,
       63.37572402
      ],
      [
       19.33304702,
       63.37457886
      ],
      [
       19.32721334,
       63.37352415
      ],
      [
       19.32130129,
       63.37256119
      ],
      [
       19.31531804,
       63.37169116
      ],
      [
       19.30927086,
       63.3709151
      ],
      [
       19.30316708,
       63.37023397
      ],
      [
       19.30083333,
       63.37
      ],
      [
       19.25888889,
       63.44583333
      ],
      [
       19.25777778,
       63.44972222
      ]
     ]
    ]
   },
   "properties": {
    "lager": "Restriktionsområde",
    "namn": "ES R9",
    "typ": "RSTA",
    "beteckning": "ESAA",
    "plats": "ES R9 SALUBÖLE",
    "hojd": "GND–20000",
    "operator": "",
    "gäller_fr": "2026-06-11",
    "kommentar": "Skjutning.\nTillstånd kan erhållas från STOCKHOLM ACC eller ÖRNSKÖLDSVIK ATS.\n\nFiring.\nPermission obtainable from STOCKHOLM ACC or ÖRNSKÖLDSVIK ATS."
   }
  },
  {
   "type": "Feature",
   "geometry": {
    "type": "Polygon",
    "coordinates": [
     [
      [
       18.0794,
       62.8739
      ],
      [
       18.3961,
       62.7072
      ],
      [
       18.2961,
       62.6406
      ],
      [
       17.9631,
       62.6406
      ],
      [
       18.0297,
       62.8322
      ],
      [
       18.0794,
       62.8739
      ]
     ]
    ]
   },
   "properties": {
    "lager": "Restriktionsområde",
    "namn": "ES R11",
    "typ": "RSTA",
    "beteckning": "ESAA",
    "plats": "ES R11 MOUTH OF ÅNGERMANÄLVEN",
    "hojd": "GND–UNL",
    "operator": "",
    "gäller_fr": "2026-06-11",
    "kommentar": "Tillstånd krävs endast när så tillkännages genom NOTAM eller AIP SUP.\n \nPermission required only when so is promulgated by NOTAM or AIP SUP."
   }
  },
  {
   "type": "Feature",
   "geometry": {
    "type": "Polygon",
    "coordinates": [
     [
      [
       13.59805556,
       61.65722222
      ],
      [
       13.97805556,
       61.62194444
      ],
      [
       14.20888889,
       61.54388889
      ],
      [
       14.14,
       61.39805556
      ],
      [
       13.76833333,
       61.27277778
      ],
      [
       13.58638889,
       61.33
      ],
      [
       13.35722222,
       61.53277778
      ],
      [
       13.46277778,
       61.6075
      ],
      [
       13.59805556,
       61.65722222
      ]
     ]
    ]
   },
   "properties": {
    "lager": "Restriktionsområde",
    "namn": "ES R13",
    "typ": "RSTA",
    "beteckning": "ESAA",
    "plats": "ES R13 ÄLVDALEN",
    "hojd": "GND–35500",
    "operator": "",
    "gäller_fr": "2026-06-11",
    "kommentar": "Militär verksamhet inklusive flygverksamhet.\nTillstånd kan erhållas från STOCKHOLM ACC.\n\nMilitary activities including aviation operations.\nPermission obtainable from STOCKHOLM ACC."
   }
  },
  {
   "type": "Feature",
   "geometry": {
    "type": "Polygon",
    "coordinates": [
     [
      [
       18.6047,
       60.3658
      ],
      [
       18.9961,
       60.3658
      ],
      [
       18.9964,
       60.1242
      ],
      [
       18.7797,
       60.1242
      ],
      [
       18.6214,
       60.1825
      ],
      [
       18.6047,
       60.3658
      ]
     ]
    ]
   },
   "properties": {
    "lager": "Restriktionsområde",
    "namn": "ES R14",
    "typ": "RSTA",
    "beteckning": "ESAA",
    "plats": "ES R14 ARCHIPELAGO OF ÖREGRUND",
    "hojd": "GND–UNL",
    "operator": "",
    "gäller_fr": "2026-06-11",
    "kommentar": "Tillstånd krävs endast när så tillkännages genom NOTAM eller AIP SUP.\n \nPermission required only when so is promulgated by NOTAM or AIP SUP."
   }
  },
  {
   "type": "Feature",
   "geometry": {
    "type": "Polygon",
    "coordinates": [
     [
      [
       18.84416667,
       60.13777778
      ],
      [
       18.85775405,
       60.13848983
      ],
      [
       18.87148583,
       60.13896936
      ],
      [
       18.88524298,
       60.13920926
      ],
      [
       18.89900859,
       60.13920926
      ],
      [
       18.91276574,
       60.13896936
      ],
      [
       18.92649753,
       60.13848983
      ],
      [
       18.94018706,
       60.13777128
      ],
      [
       18.95381752,
       60.13681457
      ],
      [
       18.96737215,
       60.13562087
      ],
      [
       18.9808343,
       60.13419164
      ],
      [
       18.99418744,
       60.13252861
      ],
      [
       19.00741516,
       60.13063381
      ],
      [
       19.02050122,
       60.12850955
      ],
      [
       19.03342955,
       60.12615841
      ],
      [
       19.04618429,
       60.12358327
      ],
      [
       19.05874979,
       60.12078725
      ],
      [
       19.07111064,
       60.11777377
      ],
      [
       19.08325169,
       60.1145465
      ],
      [
       19.09515807,
       60.11110936
      ],
      [
       19.10681518,
       60.10746655
      ],
      [
       19.11820878,
       60.1036225
      ],
      [
       19.1293249,
       60.09958189
      ],
      [
       19.14014998,
       60.09534965
      ],
      [
       19.15067078,
       60.09093094
      ],
      [
       19.16087446,
       60.08633114
      ],
      [
       19.17074857,
       60.08155585
      ],
      [
       19.18028107,
       60.07661089
      ],
      [
       19.18946037,
       60.07150228
      ],
      [
       19.19827529,
       60.06623626
      ],
      [
       19.20671511,
       60.06081923
      ],
      [
       19.2147696,
       60.05525779
      ],
      [
       19.22242898,
       60.04955873
      ],
      [
       19.22968399,
       60.04372898
      ],
      [
       19.23652585,
       60.03777565
      ],
      [
       19.24294629,
       60.03170599
      ],
      [
       19.24893758,
       60.02552739
      ],
      [
       19.25449252,
       60.01924739
      ],
      [
       19.25960444,
       60.01287364
      ],
      [
       19.26426722,
       60.00641389
      ],
      [
       19.26847529,
       59.99987603
      ],
      [
       19.27222365,
       59.99326802
      ],
      [
       19.27550785,
       59.9865979
      ],
      [
       19.27832404,
       59.97987381
      ],
      [
       19.28066891,
       59.97310393
      ],
      [
       19.28253975,
       59.96629652
      ],
      [
       19.28393443,
       59.95945986
      ],
      [
       19.28485139,
       59.95260229
      ],
      [
       19.28528966,
       59.94573217
      ],
      [
       19.28524886,
       59.93885786
      ],
      [
       19.28472918,
       59.93198773
      ],
      [
       19.28373142,
       59.92513017
      ],
      [
       19.28225692,
       59.91829351
      ],
      [
       19.28030764,
       59.9114861
      ],
      [
       19.27788609,
       59.90471622
      ],
      [
       19.27499535,
       59.89799213
      ],
      [
       19.2716391,
       59.89132201
      ],
      [
       19.26782154,
       59.884714
      ],
      [
       19.26354745,
       59.87817613
      ],
      [
       19.25882216,
       59.87171639
      ],
      [
       19.25365155,
       59.86534264
      ],
      [
       19.248042,
       59.85906264
      ],
      [
       19.24200047,
       59.85288404
      ],
      [
       19.23553439,
       59.84681438
      ],
      [
       19.23222222,
       59.84388889
      ],
      [
       18.89222222,
       59.94222222
      ],
      [
       18.84416667,
       60.13777778
      ]
     ]
    ]
   },
   "properties": {
    "lager": "Restriktionsområde",
    "namn": "ES R15A",
    "typ": "RSTA",
    "beteckning": "ESAA",
    "plats": "ES R15A VÄDDÖ",
    "hojd": "GND–40500",
    "operator": "",
    "gäller_fr": "2026-06-11",
    "kommentar": "Militär verksamhet inklusive flygverksamhet.\nTillstånd kan erhållas från STOCKHOLM ACC.\n\nMilitary activities including aviation operations.\nPermission obtainable from STOCKHOLM ACC."
   }
  },
  {
   "type": "Feature",
   "geometry": {
    "type": "Polygon",
    "coordinates": [
     [
      [
       18.72972222,
       60.21583333
      ],
      [
       18.84416667,
       60.13777778
      ],
      [
       18.89222222,
       59.94222222
      ],
      [
       19.23222222,
       59.84388889
      ],
      [
       18.79638889,
       59.86611111
      ],
      [
       18.64638889,
       60.06583333
      ],
      [
       18.72972222,
       60.21583333
      ]
     ]
    ]
   },
   "properties": {
    "lager": "Restriktionsområde",
    "namn": "ES R15B",
    "typ": "RSTA",
    "beteckning": "ESAA",
    "plats": "ES R15B VÄDDÖ",
    "hojd": "GND–4500",
    "operator": "",
    "gäller_fr": "2026-06-11",
    "kommentar": "Militär verksamhet inklusive flygverksamhet.\nTillstånd kan erhållas från STOCKHOLM ACC.\n\nMilitary activities including aviation operations.\nPermission obtainable from STOCKHOLM ACC."
   }
  },
  {
   "type": "Feature",
   "geometry": {
    "type": "Polygon",
    "coordinates": [
     [
      [
       12.11,
       57.24169426
      ],
      [
       12.1072876,
       57.24175934
      ],
      [
       12.10459639,
       57.24195408
      ],
      [
       12.10194742,
       57.24227695
      ],
      [
       12.09936139,
       57.24272543
      ],
      [
       12.09685852,
       57.24329602
      ],
      [
       12.09445837,
       57.24398426
      ],
      [
       12.09217972,
       57.24478475
      ],
      [
       12.09004038,
       57.24569126
      ],
      [
       12.08805709,
       57.24669669
      ],
      [
       12.08624537,
       57.24779317
      ],
      [
       12.0846194,
       57.24897214
      ],
      [
       12.08319193,
       57.25022437
      ],
      [
       12.08197412,
       57.25154008
      ],
      [
       12.08097553,
       57.25290897
      ],
      [
       12.080204,
       57.25432033
      ],
      [
       12.07966559,
       57.25576312
      ],
      [
       12.07936453,
       57.25722605
      ],
      [
       12.07930322,
       57.25869768
      ],
      [
       12.07948216,
       57.26016648
      ],
      [
       12.07989998,
       57.26162097
      ],
      [
       12.08055343,
       57.26304975
      ],
      [
       12.08143744,
       57.26444164
      ],
      [
       12.08254509,
       57.26578574
      ],
      [
       12.08386774,
       57.26707153
      ],
      [
       12.08539506,
       57.26828893
      ],
      [
       12.08711511,
       57.26942842
      ],
      [
       12.08901442,
       57.27048106
      ],
      [
       12.09107813,
       57.27143861
      ],
      [
       12.09329008,
       57.27229357
      ],
      [
       12.09563297,
       57.27303924
      ],
      [
       12.09808843,
       57.27366978
      ],
      [
       12.10063723,
       57.27418024
      ],
      [
       12.1032594,
       57.27456663
      ],
      [
       12.10593439,
       57.27482592
      ],
      [
       12.10864125,
       57.27495607
      ],
      [
       12.11135875,
       57.27495607
      ],
      [
       12.11406561,
       57.27482592
      ],
      [
       12.1167406,
       57.27456663
      ],
      [
       12.11936277,
       57.27418024
      ],
      [
       12.12191157,
       57.27366978
      ],
      [
       12.12436703,
       57.27303924
      ],
      [
       12.12670992,
       57.27229357
      ],
      [
       12.12892187,
       57.27143861
      ],
      [
       12.13098558,
       57.27048106
      ],
      [
       12.13288489,
       57.26942842
      ],
      [
       12.13460494,
       57.26828893
      ],
      [
       12.13613226,
       57.26707153
      ],
      [
       12.13745491,
       57.26578574
      ],
      [
       12.13856256,
       57.26444164
      ],
      [
       12.13944657,
       57.26304975
      ],
      [
       12.14010002,
       57.26162097
      ],
      [
       12.14051784,
       57.26016648
      ],
      [
       12.14069678,
       57.25869768
      ],
      [
       12.14063547,
       57.25722605
      ],
      [
       12.14033441,
       57.25576312
      ],
      [
       12.139796,
       57.25432033
      ],
      [
       12.13902447,
       57.25290897
      ],
      [
       12.13802588,
       57.25154008
      ],
      [
       12.13680807,
       57.25022437
      ],
      [
       12.1353806,
       57.24897214
      ],
      [
       12.13375463,
       57.24779317
      ],
      [
       12.13194291,
       57.24669669
      ],
      [
       12.12995962,
       57.24569126
      ],
      [
       12.12782028,
       57.24478475
      ],
      [
       12.12554163,
       57.24398426
      ],
      [
       12.12314148,
       57.24329602
      ],
      [
       12.12063861,
       57.24272543
      ],
      [
       12.11805258,
       57.24227695
      ],
      [
       12.11540361,
       57.24195408
      ],
      [
       12.1127124,
       57.24175934
      ],
      [
       12.11,
       57.24169426
      ]
     ]
    ]
   },
   "properties": {
    "lager": "Restriktionsområde",
    "namn": "ES R109",
    "typ": "RSTA",
    "beteckning": "ESAA",
    "plats": "ES R109 RINGHALS",
    "hojd": "GND–2000",
    "operator": "",
    "gäller_fr": "2026-06-11",
    "kommentar": "Kärnkraftverk.\nSärskilt tillstånd från Transportstyrelsen krävs förutom för operatörer som framgår av ENR 5.1 punkt 2.4.1 och för UAS som används av kärnkraftverket, upp till 120 m GND.\n\nNuclear power plant.\nSpecial permission by Swedish Transport Agency is required, except for operators specified in ENR 5.1 para 2.4.1 and UAS operated by the nuclear power plant up to 120 m GND."
   }
  },
  {
   "type": "Feature",
   "geometry": {
    "type": "Polygon",
    "coordinates": [
     [
      [
       14.84333333,
       55.00916667
      ],
      [
       14.92805556,
       55.02722222
      ],
      [
       14.95305556,
       55.02722222
      ],
      [
       14.97944444,
       54.98
      ],
      [
       14.90305556,
       54.97027778
      ],
      [
       14.84333333,
       55.00916667
      ]
     ]
    ]
   },
   "properties": {
    "lager": "Restriktionsområde",
    "namn": "EK R96",
    "typ": "RSTA",
    "beteckning": "ESAA",
    "plats": "EK R96 HULLEBAEK",
    "hojd": "GND–10500",
    "operator": "",
    "gäller_fr": "2026-06-11",
    "kommentar": ""
   }
  },
  {
   "type": "Feature",
   "geometry": {
    "type": "Polygon",
    "coordinates": [
     [
      [
       14.74888889,
       55.01611111
      ],
      [
       15.00722222,
       55.05777778
      ],
      [
       15.06555556,
       54.93277778
      ],
      [
       14.91555556,
       54.90777778
      ],
      [
       14.77388889,
       54.94944444
      ],
      [
       14.74888889,
       55.01611111
      ]
     ]
    ]
   },
   "properties": {
    "lager": "Restriktionsområde",
    "namn": "EK R95",
    "typ": "RSTA",
    "beteckning": "ESAA",
    "plats": "EK R95 RAGHAMMER ODDE",
    "hojd": "GND–23000",
    "operator": "",
    "gäller_fr": "2026-06-11",
    "kommentar": ""
   }
  },
  {
   "type": "Feature",
   "geometry": {
    "type": "Polygon",
    "coordinates": [
     [
      [
       15.08027778,
       56.11638889
      ],
      [
       15.39694444,
       56.07111111
      ],
      [
       15.46361111,
       55.96638889
      ],
      [
       15.56361111,
       55.90805556
      ],
      [
       14.81388889,
       55.96944444
      ],
      [
       14.97194444,
       56.10805556
      ],
      [
       15.08027778,
       56.11638889
      ]
     ]
    ]
   },
   "properties": {
    "lager": "Restriktionsområde",
    "namn": "ES R118",
    "typ": "RSTA",
    "beteckning": "ESAA",
    "plats": "ES R118 TÄRNÖ NORTH",
    "hojd": "GND–40500",
    "operator": "",
    "gäller_fr": "2026-06-11",
    "kommentar": "Militär verksamhet inklusive flygverksamhet. \nTillstånd kan erhållas från MALMÖ ACC och RONNEBY ATS. \n\nMilitary activities including aviation operations.\nPermission obtainable from MALMÖ ACC and RONNEBY ATS."
   }
  },
  {
   "type": "Feature",
   "geometry": {
    "type": "Polygon",
    "coordinates": [
     [
      [
       14.81388889,
       55.96944444
      ],
      [
       15.16361111,
       55.94138889
      ],
      [
       15.16361111,
       55.89805556
      ],
      [
       15.15833333,
       55.89833333
      ],
      [
       15.15138889,
       55.8925
      ],
      [
       15.14444444,
       55.88666667
      ],
      [
       15.13694444,
       55.88111111
      ],
      [
       15.12888889,
       55.87583333
      ],
      [
       15.12083333,
       55.87055556
      ],
      [
       15.11611111,
       55.8675
      ],
      [
       15.10972222,
       55.86388889
      ],
      [
       15.10083333,
       55.85888889
      ],
      [
       15.09194444,
       55.85416667
      ],
      [
       15.0825,
       55.84972222
      ],
      [
       15.07277778,
       55.84527778
      ],
      [
       15.06277778,
       55.84111111
      ],
      [
       15.05277778,
       55.83722222
      ],
      [
       15.04222222,
       55.83333333
      ],
      [
       15.035,
       55.83083333
      ],
      [
       15.025,
       55.8275
      ],
      [
       15.01416667,
       55.82416667
      ],
      [
       15.00305556,
       55.82111111
      ],
      [
       14.99194444,
       55.81805556
      ],
      [
       14.98055556,
       55.81527778
      ],
      [
       14.97111111,
       55.81333333
      ],
      [
       14.96416667,
       55.81194444
      ],
      [
       14.9525,
       55.80972222
      ],
      [
       14.94055556,
       55.8075
      ],
      [
       14.92861111,
       55.80583333
      ],
      [
       14.91666667,
       55.80416667
      ],
      [
       14.90444444,
       55.80277778
      ],
      [
       14.89222222,
       55.80194444
      ],
      [
       14.88,
       55.80111111
      ],
      [
       14.83861111,
       55.79888889
      ],
      [
       14.79888889,
       55.79666667
      ],
      [
       14.75861111,
       55.78861111
      ],
      [
       14.71722222,
       55.78
      ],
      [
       14.67555556,
       55.77138889
      ],
      [
       14.66361111,
       55.76916667
      ],
      [
       14.66361111,
       55.83305556
      ],
      [
       14.81388889,
       55.96944444
      ]
     ]
    ]
   },
   "properties": {
    "lager": "Restriktionsområde",
    "namn": "ES R119",
    "typ": "RSTA",
    "beteckning": "ESAA",
    "plats": "ES R119 TÄRNÖ WEST",
    "hojd": "GND–40500",
    "operator": "",
    "gäller_fr": "2026-06-11",
    "kommentar": "Militär verksamhet inklusive flygverksamhet.\nTillstånd kan erhållas från MALMÖ ACC och RONNEBY ATS. \n\nMilitary activities including aviation operations.\nPermission obtainable from MALMÖ ACC and RONNEBY ATS."
   }
  },
  {
   "type": "Feature",
   "geometry": {
    "type": "Polygon",
    "coordinates": [
     [
      [
       11.58722222,
       57.66666667
      ],
      [
       11.74,
       57.66666667
      ],
      [
       11.76277778,
       57.62222222
      ],
      [
       11.78055556,
       57.58277778
      ],
      [
       11.75916667,
       57.55277778
      ],
      [
       11.64027778,
       57.55277778
      ],
      [
       11.58722222,
       57.66666667
      ]
     ]
    ]
   },
   "properties": {
    "lager": "Restriktionsområde",
    "namn": "ES R104A",
    "typ": "RSTA",
    "beteckning": "ESAA",
    "plats": "ES R104A KÄNSÖ",
    "hojd": "GND–9000",
    "operator": "",
    "gäller_fr": "2026-06-11",
    "kommentar": "Militär verksamhet inklusive flygverksamhet upp till 2000 ft AMSL.\nTillstånd kan erhållas från MALMÖ ACC eller LANDVETTER ATS.\n\nMilitary activities including aviation operations up to 2000 ft AMSL.\nPermission obtainable from MALMÖ ACC or LANDVETTER ATS."
   }
  },
  {
   "type": "Feature",
   "geometry": {
    "type": "Polygon",
    "coordinates": [
     [
      [
       17.75305556,
       59.59416667
      ],
      [
       17.76944444,
       59.59
      ],
      [
       17.78694444,
       59.58111111
      ],
      [
       17.78805556,
       59.58
      ],
      [
       17.73444444,
       59.59222222
      ],
      [
       17.75305556,
       59.59416667
      ]
     ]
    ]
   },
   "properties": {
    "lager": "Restriktionsområde",
    "namn": "ES R16A",
    "typ": "RSTA",
    "beteckning": "ESAA",
    "plats": "ES R16A KUNGSÄNGEN",
    "hojd": "GND–1600",
    "operator": "",
    "gäller_fr": "2026-06-11",
    "kommentar": "Militär verksamhet inklusive flygverksamhet med UAS upp till \n400 ft AGL.\nTillstånd kan erhållas från STOCKHOLM ACC eller ARLANDA ATS.\n\nMilitary activities including aviation operations with UAS up to 400 ft AGL.\nPermission obtainable from STOCKHOLM ACC or ARLANDA ATS."
   }
  },
  {
   "type": "Feature",
   "geometry": {
    "type": "Polygon",
    "coordinates": [
     [
      [
       17.69944444,
       59.60111111
      ],
      [
       17.70111111,
       59.60111111
      ],
      [
       17.705,
       59.60083333
      ],
      [
       17.71416667,
       59.59694444
      ],
      [
       17.73444444,
       59.59222222
      ],
      [
       17.78805556,
       59.58
      ],
      [
       17.79222222,
       59.57583333
      ],
      [
       17.7925,
       59.57194444
      ],
      [
       17.79722222,
       59.56638889
      ],
      [
       17.73333333,
       59.54833333
      ],
      [
       17.70222222,
       59.56194444
      ],
      [
       17.68666667,
       59.56861111
      ],
      [
       17.67638889,
       59.59
      ],
      [
       17.69944444,
       59.60111111
      ]
     ]
    ]
   },
   "properties": {
    "lager": "Restriktionsområde",
    "namn": "ES R16B",
    "typ": "RSTA",
    "beteckning": "ESAA",
    "plats": "ES R16B KUNGSÄNGEN",
    "hojd": "GND–1600",
    "operator": "",
    "gäller_fr": "2026-06-11",
    "kommentar": "Militär verksamhet inklusive flygverksamhet med UAS upp till\n400 ft AGL.\nTillstånd kan erhållas från STOCKHOLM ACC eller ARLANDA ATS.\n\nMilitary activities including aviation operations with UAS up to 400 ft AGL.\nPermission obtainable from STOCKHOLM ACC or ARLANDA ATS."
   }
  },
  {
   "type": "Feature",
   "geometry": {
    "type": "Polygon",
    "coordinates": [
     [
      [
       17.79722222,
       59.56638889
      ],
      [
       17.79972222,
       59.565
      ],
      [
       17.80194444,
       59.56222222
      ],
      [
       17.80416667,
       59.55444444
      ],
      [
       17.80444444,
       59.55111111
      ],
      [
       17.80361111,
       59.55
      ],
      [
       17.76722222,
       59.53361111
      ],
      [
       17.73333333,
       59.54833333
      ],
      [
       17.79722222,
       59.56638889
      ]
     ]
    ]
   },
   "properties": {
    "lager": "Restriktionsområde",
    "namn": "ES R16C",
    "typ": "RSTA",
    "beteckning": "ESAA",
    "plats": "ES R16C KUNGSÄNGEN",
    "hojd": "GND–1600",
    "operator": "",
    "gäller_fr": "2026-06-11",
    "kommentar": "Militär verksamhet inklusive flygverksamhet med UAS upp till\n400 ft AGL.\nTillstånd kan erhållas från STOCKHOLM ACC eller ARLANDA ATS.\n\nMilitary activities including aviation operations with UAS up to 400 ft AGL.\nPermission obtainable from STOCKHOLM ACC or ARLANDA ATS."
   }
  },
  {
   "type": "Feature",
   "geometry": {
    "type": "Polygon",
    "coordinates": [
     [
      [
       15.00166667,
       59.48138889
      ],
      [
       15.01416667,
       59.45944444
      ],
      [
       14.99027778,
       59.405
      ],
      [
       14.96583333,
       59.35166667
      ],
      [
       14.91611111,
       59.29472222
      ],
      [
       14.83111111,
       59.25333333
      ],
      [
       14.65972222,
       59.22638889
      ],
      [
       14.58027778,
       59.28444444
      ],
      [
       14.58027778,
       59.32694444
      ],
      [
       14.58027778,
       59.34722222
      ],
      [
       14.58027778,
       59.39777778
      ],
      [
       14.88388889,
       59.47722222
      ],
      [
       15.00166667,
       59.48138889
      ]
     ]
    ]
   },
   "properties": {
    "lager": "Restriktionsområde",
    "namn": "ES R18",
    "typ": "RSTA",
    "beteckning": "ESAA",
    "plats": "ES R18 BOFORS, VILLINGSBERG",
    "hojd": "GND–UNL",
    "operator": "",
    "gäller_fr": "2026-06-11",
    "kommentar": "Skjutning, sprängning, UAS, bombning/CAS, test- och utvärderingsflyg, målbogsering och släpp av nyttolast.\nTillstånd kan erhållas från STOCKHOLM ACC eller ÖREBRO ATS.\n\nFiring, blasting, UAS, bombing/CAS, test and evaluation flights, target towing and air drop. \nPermission obtainable from STOCKHOLM ACC or ÖREBRO ATS."
   }
  },
  {
   "type": "Feature",
   "geometry": {
    "type": "Polygon",
    "coordinates": [
     [
      [
       19.0131,
       59.4161
      ],
      [
       19.3794,
       59.2994
      ],
      [
       19.0714,
       59.1244
      ],
      [
       18.6381,
       59.3744
      ],
      [
       19.0131,
       59.4161
      ]
     ]
    ]
   },
   "properties": {
    "lager": "Restriktionsområde",
    "namn": "ES R19",
    "typ": "RSTA",
    "beteckning": "ESAA",
    "plats": "ES R19 SANDHAMN",
    "hojd": "GND–UNL",
    "operator": "",
    "gäller_fr": "2026-06-11",
    "kommentar": "Tillstånd krävs endast när så tillkännages genom NOTAM eller AIP SUP.\n\nPermission required only when so is promulgated by NOTAM or AIP SUP."
   }
  },
  {
   "type": "Feature",
   "geometry": {
    "type": "Polygon",
    "coordinates": [
     [
      [
       18.1631,
       59.1661
      ],
      [
       18.5631,
       59.1661
      ],
      [
       18.8547,
       58.9994
      ],
      [
       18.6631,
       58.8994
      ],
      [
       18.2464,
       58.7328
      ],
      [
       17.8547,
       58.6661
      ],
      [
       17.7006,
       58.8911
      ],
      [
       17.9131,
       59.0828
      ],
      [
       18.1631,
       59.1661
      ]
     ]
    ]
   },
   "properties": {
    "lager": "Restriktionsområde",
    "namn": "ES R21",
    "typ": "RSTA",
    "beteckning": "ESAA",
    "plats": "ES R21 SOUTHERN PART OF THE STOCKHOLM ARCHIPELAGO",
    "hojd": "GND–UNL",
    "operator": "",
    "gäller_fr": "2026-06-11",
    "kommentar": "Tillstånd krävs endast när så tillkännages genom NOTAM eller AIP SUP.\n \nPermission required only when so is promulgated by NOTAM or AIP SUP."
   }
  },
  {
   "type": "Feature",
   "geometry": {
    "type": "Polygon",
    "coordinates": [
     [
      [
       14.79527778,
       58.75222222
      ],
      [
       14.98277778,
       58.74666667
      ],
      [
       14.9775,
       58.54222222
      ],
      [
       14.82611111,
       58.47638889
      ],
      [
       14.80083333,
       58.47055556
      ],
      [
       14.77388889,
       58.45916667
      ],
      [
       14.76833333,
       58.42833333
      ],
      [
       14.75666667,
       58.42805556
      ],
      [
       14.69722222,
       58.39527778
      ],
      [
       14.6625,
       58.375
      ],
      [
       14.65555556,
       58.36194444
      ],
      [
       14.65305556,
       58.34694444
      ],
      [
       14.28833333,
       58.26972222
      ],
      [
       14.28472222,
       58.28222222
      ],
      [
       14.28194444,
       58.29083333
      ],
      [
       14.28638889,
       58.29944444
      ],
      [
       14.31805556,
       58.47833333
      ],
      [
       14.39833333,
       58.65861111
      ],
      [
       14.79527778,
       58.75222222
      ]
     ]
    ]
   },
   "properties": {
    "lager": "Restriktionsområde",
    "namn": "ES R22A",
    "typ": "RSTA",
    "beteckning": "ESAA",
    "plats": "ES R22A VÄTTERN",
    "hojd": "GND–21000",
    "operator": "",
    "gäller_fr": "2026-06-11",
    "kommentar": "Militär verksamhet inklusive flygverksamhet.\nTillstånd kan erhållas från STOCKHOLM ACC, MALMÖ ACC eller KARLSBORG ATS.\n\nMilitary activities including aviation operations.\nPermission obtainable from STOCKHOLM ACC, MALMÖ ACC or KARLSBORG ATS."
   }
  },
  {
   "type": "Feature",
   "geometry": {
    "type": "Polygon",
    "coordinates": [
     [
      [
       14.65305556,
       58.34694444
      ],
      [
       14.70527778,
       58.28277778
      ],
      [
       14.70527778,
       58.21611111
      ],
      [
       14.55111111,
       58.19944444
      ],
      [
       14.46361111,
       58.13277778
      ],
      [
       14.23277778,
       58.2025
      ],
      [
       14.28833333,
       58.26972222
      ],
      [
       14.65305556,
       58.34694444
      ]
     ]
    ]
   },
   "properties": {
    "lager": "Restriktionsområde",
    "namn": "ES R22B",
    "typ": "RSTA",
    "beteckning": "ESAA",
    "plats": "ES R22B VÄTTERN",
    "hojd": "GND–4500",
    "operator": "",
    "gäller_fr": "2026-06-11",
    "kommentar": "Militär verksamhet inklusive flygverksamhet.\nTillstånd kan erhållas från STOCKHOLM ACC eller KARLSBORG ATS. \n\nMilitary activities including aviation operations.\nPermission obtainable from STOCKHOLM ACC or KARLSBORG ATS."
   }
  },
  {
   "type": "Feature",
   "geometry": {
    "type": "Polygon",
    "coordinates": [
     [
      [
       15.16361111,
       55.94138889
      ],
      [
       15.66361111,
       55.89972222
      ],
      [
       15.66361111,
       55.74777778
      ],
      [
       15.6625,
       55.74777778
      ],
      [
       15.65027778,
       55.74861111
      ],
      [
       15.63805556,
       55.74972222
      ],
      [
       15.62583333,
       55.75111111
      ],
      [
       15.61388889,
       55.7525
      ],
      [
       15.60194444,
       55.75444444
      ],
      [
       15.59,
       55.75638889
      ],
      [
       15.57833333,
       55.75861111
      ],
      [
       15.56694444,
       55.76111111
      ],
      [
       15.55555556,
       55.76388889
      ],
      [
       15.54416667,
       55.76666667
      ],
      [
       15.53333333,
       55.77
      ],
      [
       15.5225,
       55.77333333
      ],
      [
       15.51166667,
       55.77694444
      ],
      [
       15.50138889,
       55.78055556
      ],
      [
       15.49138889,
       55.78472222
      ],
      [
       15.48138889,
       55.78888889
      ],
      [
       15.47166667,
       55.79305556
      ],
      [
       15.4625,
       55.79777778
      ],
      [
       15.45333333,
       55.8025
      ],
      [
       15.44444444,
       55.8075
      ],
      [
       15.44055556,
       55.80972222
      ],
      [
       15.39583333,
       55.83638889
      ],
      [
       15.35083333,
       55.86333333
      ],
      [
       15.30666667,
       55.88972222
      ],
      [
       15.23666667,
       55.89361111
      ],
      [
       15.18638889,
       55.89666667
      ],
      [
       15.16361111,
       55.89805556
      ],
      [
       15.16361111,
       55.94138889
      ]
     ]
    ]
   },
   "properties": {
    "lager": "Restriktionsområde",
    "namn": "ES R120",
    "typ": "RSTA",
    "beteckning": "ESAA",
    "plats": "ES R120 TÄRNÖ EAST",
    "hojd": "GND–40500",
    "operator": "",
    "gäller_fr": "2026-06-11",
    "kommentar": "Militär verksamhet inklusive flygverksamhet.\nTillstånd kan erhållas från MALMÖ ACC och RONNEBY ATS.\n\nMilitary activities including aviation operations.\nPermission obtainable from MALMÖ ACC and RONNEBY ATS."
   }
  },
  {
   "type": "Feature",
   "geometry": {
    "type": "Polygon",
    "coordinates": [
     [
      [
       18.31111111,
       59.14222222
      ],
      [
       18.48805556,
       59.01611111
      ],
      [
       18.12333333,
       58.91611111
      ],
      [
       17.91305556,
       58.99805556
      ],
      [
       18.09,
       59.06305556
      ],
      [
       18.10972222,
       59.06833333
      ],
      [
       18.11111111,
       59.07055556
      ],
      [
       18.1475,
       59.08055556
      ],
      [
       18.31111111,
       59.14222222
      ]
     ]
    ]
   },
   "properties": {
    "lager": "Restriktionsområde",
    "namn": "ES R122",
    "typ": "RSTA",
    "beteckning": "ESAA",
    "plats": "ES R122 MUSKÖ",
    "hojd": "GND–4000",
    "operator": "",
    "gäller_fr": "2026-06-11",
    "kommentar": "Militär verksamhet inklusive flygverksamhet. Tillstånd kan erhållas från STOCKHOLM ACC.\n\nMilitary activities including aviation operations. Permission obtainable from STOCKHOLM ACC."
   }
  },
  {
   "type": "Feature",
   "geometry": {
    "type": "Polygon",
    "coordinates": [
     [
      [
       14.61888889,
       58.50583333
      ],
      [
       14.76305556,
       58.48916667
      ],
      [
       14.75138889,
       58.45305556
      ],
      [
       14.72416667,
       58.41888889
      ],
      [
       14.68,
       58.38833333
      ],
      [
       14.5575,
       58.35166667
      ],
      [
       14.47138889,
       58.34805556
      ],
      [
       14.47416667,
       58.44333333
      ],
      [
       14.45555556,
       58.47638889
      ],
      [
       14.45027778,
       58.48138889
      ],
      [
       14.475,
       58.49416667
      ],
      [
       14.52027778,
       58.50555556
      ],
      [
       14.61888889,
       58.50583333
      ]
     ]
    ]
   },
   "properties": {
    "lager": "Restriktionsområde",
    "namn": "ES R22C",
    "typ": "RSTA",
    "beteckning": "ESAA",
    "plats": "ES R22C VÄTTERN",
    "hojd": "GND–18000",
    "operator": "",
    "gäller_fr": "2026-06-11",
    "kommentar": "Militär verksamhet inklusive flygverksamhet.\nTillstånd kan erhållas från STOCKHOLM ACC eller KARLSBORG ATS. \n\nMilitary activities including aviation operations.\nPermission obtainable from STOCKHOLM ACC or KARLSBORG ATS."
   }
  },
  {
   "type": "Feature",
   "geometry": {
    "type": "Polygon",
    "coordinates": [
     [
      [
       20.33583333,
       66.07972222
      ],
      [
       20.16222222,
       65.86527778
      ],
      [
       19.44583333,
       65.86527778
      ],
      [
       19.31083333,
       65.92305556
      ],
      [
       20.33583333,
       66.07972222
      ]
     ]
    ]
   },
   "properties": {
    "lager": "Restriktionsområde",
    "namn": "ES R2B",
    "typ": "RSTA",
    "beteckning": "ESAA",
    "plats": "ES R2B VIDSEL",
    "hojd": "GND–UNL",
    "operator": "",
    "gäller_fr": "2026-06-11",
    "kommentar": "Militär verksamhet inklusive flygverksamhet,\nTillstånd kan erhållas från STOCKHOLM ACC eller VIDSEL ATS.\n\nMilitary activities including aviation operations.\nPermission obtainable from STOCKHOLM ACC or VIDSEL ATS."
   }
  },
  {
   "type": "Feature",
   "geometry": {
    "type": "Polygon",
    "coordinates": [
     [
      [
       18.57916667,
       66.915
      ],
      [
       19.21833333,
       66.7575
      ],
      [
       20.2975,
       66.16527778
      ],
      [
       20.3475,
       66.16083333
      ],
      [
       20.37888889,
       66.13194444
      ],
      [
       20.37166667,
       66.12305556
      ],
      [
       20.33583333,
       66.07972222
      ],
      [
       19.31083333,
       65.92305556
      ],
      [
       17.87944444,
       66.51527778
      ],
      [
       18.57916667,
       66.915
      ]
     ]
    ]
   },
   "properties": {
    "lager": "Restriktionsområde",
    "namn": "ES R2A",
    "typ": "RSTA",
    "beteckning": "ESAA",
    "plats": "ES R2A VIDSEL",
    "hojd": "GND–UNL",
    "operator": "",
    "gäller_fr": "2026-06-11",
    "kommentar": "Militär verksamhet inklusive flygverksamhet.\nTillstånd kan erhållas från STOCKHOLM ACC eller VIDSEL ATS.\n\nMilitary activities including aviation operations.\nPermission obtainable from STOCKHOLM ACC or VIDSEL ATS."
   }
  },
  {
   "type": "Feature",
   "geometry": {
    "type": "Polygon",
    "coordinates": [
     [
      [
       19.21833333,
       66.7575
      ],
      [
       19.86222222,
       66.59861111
      ],
      [
       20.3475,
       66.16083333
      ],
      [
       20.2975,
       66.16527778
      ],
      [
       19.21833333,
       66.7575
      ]
     ]
    ]
   },
   "properties": {
    "lager": "Restriktionsområde",
    "namn": "ES R2C",
    "typ": "RSTA",
    "beteckning": "ESAA",
    "plats": "ES R2C VIDSEL",
    "hojd": "GND–UNL",
    "operator": "",
    "gäller_fr": "2026-06-11",
    "kommentar": "Militär verksamhet inklusive flygverksamhet.\nTillstånd kan erhållas från STOCKHOLM ACC eller VIDSEL ATS.\n\nMilitary activities including aviation operations.\nPermission obtainable from STOCKHOLM ACC or VIDSEL ATS."
   }
  },
  {
   "type": "Feature",
   "geometry": {
    "type": "Polygon",
    "coordinates": [
     [
      [
       11.48083333,
       57.66666667
      ],
      [
       11.58722222,
       57.66666667
      ],
      [
       11.74,
       57.66666667
      ],
      [
       11.76277778,
       57.62222222
      ],
      [
       11.78055556,
       57.58277778
      ],
      [
       11.7275,
       57.50833333
      ],
      [
       11.48083333,
       57.50833333
      ],
      [
       11.48083333,
       57.66666667
      ]
     ]
    ]
   },
   "properties": {
    "lager": "Restriktionsområde",
    "namn": "ES R104B",
    "typ": "RSTA",
    "beteckning": "ESAA",
    "plats": "ES R104B KÄNSÖ",
    "hojd": "GND–9000",
    "operator": "",
    "gäller_fr": "2026-06-11",
    "kommentar": "Militär verksamhet inklusive flygverksamhet upp till 2000 ft AMSL.\nTillstånd kan erhållas från MALMÖ ACC eller LANDVETTER ATS.\n\nMilitary activities including aviation operations up to 2000 ft AMSL.\nPermission obtainable from MALMÖ ACC or LANDVETTER ATS."
   }
  },
  {
   "type": "Feature",
   "geometry": {
    "type": "Polygon",
    "coordinates": [
     [
      [
       11.21416667,
       57.66666667
      ],
      [
       11.48083333,
       57.66666667
      ],
      [
       11.48083333,
       57.50833333
      ],
      [
       11.44194444,
       57.50833333
      ],
      [
       11.21416667,
       57.66666667
      ]
     ]
    ]
   },
   "properties": {
    "lager": "Restriktionsområde",
    "namn": "ES R104C",
    "typ": "RSTA",
    "beteckning": "ESAA",
    "plats": "ES R104C KÄNSÖ",
    "hojd": "GND–9000",
    "operator": "",
    "gäller_fr": "2026-06-11",
    "kommentar": "Militär verksamhet inklusive flygverksamhet upp till 2000 ft AMSL.\nTillstånd kan erhållas från MALMÖ ACC eller LANDVETTER ATS.\n\nMilitary activities including aviation operations up to 2000 ft AMSL.\nPermission obtainable from MALMÖ ACC or LANDVETTER ATS."
   }
  },
  {
   "type": "Feature",
   "geometry": {
    "type": "Polygon",
    "coordinates": [
     [
      [
       13.43611111,
       55.76861111
      ],
      [
       13.46444444,
       55.68111111
      ],
      [
       13.41833333,
       55.6875
      ],
      [
       13.38888889,
       55.70611111
      ],
      [
       13.40333333,
       55.72527778
      ],
      [
       13.41472222,
       55.72305556
      ],
      [
       13.42611111,
       55.72416667
      ],
      [
       13.43111111,
       55.73194444
      ],
      [
       13.41138889,
       55.73583333
      ],
      [
       13.43611111,
       55.76861111
      ]
     ]
    ]
   },
   "properties": {
    "lager": "Restriktionsområde",
    "namn": "ES R123",
    "typ": "RSTA",
    "beteckning": "ESAA",
    "plats": "ES R123 SANDBY",
    "hojd": "GND–1500",
    "operator": "",
    "gäller_fr": "2026-06-11",
    "kommentar": "Militär verksamhet inklusive flygverksamhet.\nTillstånd kan erhållas från MALMÖ ACC.\n\nMilitary activities including aviation operations.\nPermission obtainable from MALMÖ ACC."
   }
  },
  {
   "type": "Feature",
   "geometry": {
    "type": "Polygon",
    "coordinates": [
     [
      [
       21.60444444,
       65.80972222
      ],
      [
       21.66222222,
       65.79027778
      ],
      [
       21.69555556,
       65.75694444
      ],
      [
       21.60388889,
       65.73194444
      ],
      [
       21.31222222,
       65.64027778
      ],
      [
       21.21222222,
       65.66527778
      ],
      [
       21.31222222,
       65.75694444
      ],
      [
       21.51222222,
       65.76527778
      ],
      [
       21.60444444,
       65.80972222
      ]
     ]
    ]
   },
   "properties": {
    "lager": "Restriktionsområde",
    "namn": "ES R5A",
    "typ": "RSTA",
    "beteckning": "ESAA",
    "plats": "ES R5A BODEN SÖDRA",
    "hojd": "GND–32000",
    "operator": "",
    "gäller_fr": "2026-06-11",
    "kommentar": "Militär verksamhet inklusive flygverksamhet.\nTillstånd kan erhållas från STOCKHOLM ACC eller LULEÅ ATS.\n\nMilitary activities including aviation operations.\nPermission obtainable from STOCKHOLM ACC or LULEÅ ATS."
   }
  },
  {
   "type": "Feature",
   "geometry": {
    "type": "Polygon",
    "coordinates": [
     [
      [
       21.60444444,
       65.80972222
      ],
      [
       21.66222222,
       65.79027778
      ],
      [
       21.69555556,
       65.75694444
      ],
      [
       21.60388889,
       65.73194444
      ],
      [
       21.55388889,
       65.66527778
      ],
      [
       21.31222222,
       65.64027778
      ],
      [
       21.21222222,
       65.66527778
      ],
      [
       21.31222222,
       65.75694444
      ],
      [
       21.51222222,
       65.76527778
      ],
      [
       21.60444444,
       65.80972222
      ]
     ]
    ]
   },
   "properties": {
    "lager": "Restriktionsområde",
    "namn": "ES R5",
    "typ": "RSTA",
    "beteckning": "ESAA",
    "plats": "ES R5 BODEN SÖDRA",
    "hojd": "GND–32000",
    "operator": "",
    "gäller_fr": "2026-06-11",
    "kommentar": "Militär verksamhet inklusive flygverksamhet upp till 2000 ft AMSL.\nTillstånd kan erhållas från STOCKHOLM ACC eller LULEÅ ATS. \n \nMilitary activities including aviation operations up to 2000 ft AMSL. \nPermission obtainable from STOCKHOLM ACC or LULEÅ ATS."
   }
  },
  {
   "type": "Feature",
   "geometry": {
    "type": "Polygon",
    "coordinates": [
     [
      [
       21.60388889,
       65.73194444
      ],
      [
       21.55388889,
       65.66527778
      ],
      [
       21.31222222,
       65.64027778
      ],
      [
       21.60388889,
       65.73194444
      ]
     ]
    ]
   },
   "properties": {
    "lager": "Restriktionsområde",
    "namn": "ES R5B",
    "typ": "RSTA",
    "beteckning": "ESAA",
    "plats": "ES R5B BODEN SÖDRA",
    "hojd": "GND–32000",
    "operator": "",
    "gäller_fr": "2026-06-11",
    "kommentar": "Militär verksamhet inklusive flygverksamhet upp till 2000 ft AMSL.\nTillstånd kan erhållas från STOCKHOLM ACC eller LULEÅ ATS.\n\nMilitary activities including aviation operations up to 2000 ft AMSL. \nPermission obtainable from STOCKHOLM ACC or LULEÅ ATS."
   }
  },
  {
   "type": "Feature",
   "geometry": {
    "type": "Polygon",
    "coordinates": [
     [
      [
       14.77555556,
       58.67888889
      ],
      [
       14.81277778,
       58.64972222
      ],
      [
       14.83527778,
       58.62694444
      ],
      [
       14.85055556,
       58.59916667
      ],
      [
       14.82861111,
       58.52805556
      ],
      [
       14.76805556,
       58.495
      ],
      [
       14.55611111,
       58.52805556
      ],
      [
       14.52055556,
       58.55527778
      ],
      [
       14.51,
       58.56333333
      ],
      [
       14.50694444,
       58.58888889
      ],
      [
       14.51888889,
       58.59694444
      ],
      [
       14.58666667,
       58.62222222
      ],
      [
       14.63666667,
       58.65222222
      ],
      [
       14.77555556,
       58.67888889
      ]
     ]
    ]
   },
   "properties": {
    "lager": "Restriktionsområde",
    "namn": "ES R22D",
    "typ": "RSTA",
    "beteckning": "ESAA",
    "plats": "ES R22D VÄTTERN",
    "hojd": "GND–21000",
    "operator": "",
    "gäller_fr": "2026-06-11",
    "kommentar": "Militär verksamhet inklusive flygverksamhet.\nTillstånd kan erhållas från STOCKHOLM ACC eller KARLSBORG ATS.\n\nMilitary activities including aviation operations.\nPermission obtainable from STOCKHOLM ACC or KARLSBORG ATS."
   }
  },
  {
   "type": "Feature",
   "geometry": {
    "type": "Polygon",
    "coordinates": [
     [
      [
       15.38555556,
       58.68166667
      ],
      [
       15.43444444,
       58.64305556
      ],
      [
       15.46138889,
       58.59722222
      ],
      [
       15.39138889,
       58.57472222
      ],
      [
       15.31305556,
       58.58694444
      ],
      [
       15.29611111,
       58.64944444
      ],
      [
       15.38555556,
       58.68166667
      ]
     ]
    ]
   },
   "properties": {
    "lager": "Restriktionsområde",
    "namn": "ES R23",
    "typ": "RSTA",
    "beteckning": "ESAA",
    "plats": "ES R23 PRÄSTTOMTA",
    "hojd": "GND–18000",
    "operator": "",
    "gäller_fr": "2026-06-11",
    "kommentar": "Militär verksamhet inklusive flygverksamhet. \nTillstånd kan erhållas från ÖSTGÖTA\nAPP eller STOCKHOLM ACC.\n\nMilitary activities including aviation operations.\nPermission obtainable from ÖSTGÖTA \nAPP or STOCKHOLM ACC."
   }
  },
  {
   "type": "Feature",
   "geometry": {
    "type": "Polygon",
    "coordinates": [
     [
      [
       14.55277778,
       59.38444444
      ],
      [
       14.555,
       59.38444444
      ],
      [
       14.555,
       59.37527778
      ],
      [
       14.55722222,
       59.36916667
      ],
      [
       14.55666667,
       59.36138889
      ],
      [
       14.54638889,
       59.34527778
      ],
      [
       14.54777778,
       59.34194444
      ],
      [
       14.52555556,
       59.34083333
      ],
      [
       14.5175,
       59.35305556
      ],
      [
       14.51666667,
       59.35972222
      ],
      [
       14.52111111,
       59.36944444
      ],
      [
       14.52111111,
       59.37138889
      ],
      [
       14.52777778,
       59.37444444
      ],
      [
       14.55277778,
       59.38444444
      ]
     ]
    ]
   },
   "properties": {
    "lager": "Restriktionsområde",
    "namn": "ES R124",
    "typ": "RSTA",
    "beteckning": "ESAA",
    "plats": "ES R124 BJÖRKBORN",
    "hojd": "GND–2800",
    "operator": "",
    "gäller_fr": "2026-06-11",
    "kommentar": "Särskilda tillstånd från Transportstyrelsen krävs förutom för UAS-verksamhet som utförs av för skyddsobjektet ansvarig skyddsvakt upp till 120 m GND, eller operatörer som framgår av ENR 5.1 punkt 2.4.1.\n\nSpecial permission by Swedish Transport Agency is required, except for UAS-operations carried out by responsible security guard for the facility with protected status up to\n120 m GND, or operators specified in ENR 5.1 para 2.4.1."
   }
  },
  {
   "type": "Feature",
   "geometry": {
    "type": "Polygon",
    "coordinates": [
     [
      [
       17.875,
       59.30426899
      ],
      [
       17.87189716,
       59.3043392
      ],
      [
       17.86881857,
       59.30454931
      ],
      [
       17.86578828,
       59.30489766
      ],
      [
       17.86282998,
       59.30538153
      ],
      [
       17.85996678,
       59.30599714
      ],
      [
       17.85722107,
       59.30673968
      ],
      [
       17.85461432,
       59.30760334
      ],
      [
       17.85216691,
       59.30858139
      ],
      [
       17.84989798,
       59.30966616
      ],
      [
       17.84782529,
       59.31084918
      ],
      [
       17.84596507,
       59.31212121
      ],
      [
       17.84433189,
       59.31347229
      ],
      [
       17.84293854,
       59.31489186
      ],
      [
       17.84179595,
       59.31636882
      ],
      [
       17.8409131,
       59.31789162
      ],
      [
       17.84029692,
       59.31944834
      ],
      [
       17.83995227,
       59.3210268
      ],
      [
       17.83988189,
       59.32261465
      ],
      [
       17.84008637,
       59.32419947
      ],
      [
       17.84056414,
       59.32576885
      ],
      [
       17.8413115,
       59.32731051
      ],
      [
       17.84232264,
       59.32881237
      ],
      [
       17.84358967,
       59.33026267
      ],
      [
       17.8451027,
       59.33165006
      ],
      [
       17.84684991,
       59.33296367
      ],
      [
       17.84881765,
       59.33419322
      ],
      [
       17.85099051,
       59.33532906
      ],
      [
       17.85335149,
       59.3363623
      ],
      [
       17.85588212,
       59.33728484
      ],
      [
       17.85856256,
       59.33808945
      ],
      [
       17.86137184,
       59.33876984
      ],
      [
       17.86428792,
       59.33932066
      ],
      [
       17.86728797,
       59.33973759
      ],
      [
       17.87034847,
       59.34001738
      ],
      [
       17.87344543,
       59.34015783
      ],
      [
       17.87655457,
       59.34015783
      ],
      [
       17.87965153,
       59.34001738
      ],
      [
       17.88271203,
       59.33973759
      ],
      [
       17.88571208,
       59.33932066
      ],
      [
       17.88862816,
       59.33876984
      ],
      [
       17.89143744,
       59.33808945
      ],
      [
       17.89411788,
       59.33728484
      ],
      [
       17.89664851,
       59.3363623
      ],
      [
       17.89900949,
       59.33532906
      ],
      [
       17.90118235,
       59.33419322
      ],
      [
       17.90315009,
       59.33296367
      ],
      [
       17.9048973,
       59.33165006
      ],
      [
       17.90641033,
       59.33026267
      ],
      [
       17.90767736,
       59.32881237
      ],
      [
       17.9086885,
       59.32731051
      ],
      [
       17.90943586,
       59.32576885
      ],
      [
       17.90991363,
       59.32419947
      ],
      [
       17.91011811,
       59.32261465
      ],
      [
       17.91004773,
       59.3210268
      ],
      [
       17.90970308,
       59.31944834
      ],
      [
       17.9090869,
       59.31789162
      ],
      [
       17.90820405,
       59.31636882
      ],
      [
       17.90706146,
       59.31489186
      ],
      [
       17.90566811,
       59.31347229
      ],
      [
       17.90403493,
       59.31212121
      ],
      [
       17.90217471,
       59.31084918
      ],
      [
       17.90010202,
       59.30966616
      ],
      [
       17.89783309,
       59.30858139
      ],
      [
       17.89538568,
       59.30760334
      ],
      [
       17.89277893,
       59.30673968
      ],
      [
       17.89003322,
       59.30599714
      ],
      [
       17.88717002,
       59.30538153
      ],
      [
       17.88421172,
       59.30489766
      ],
      [
       17.88118143,
       59.30454931
      ],
      [
       17.87810284,
       59.3043392
      ],
      [
       17.875,
       59.30426899
      ]
     ]
    ]
   },
   "properties": {
    "lager": "Restriktionsområde",
    "namn": "ES R24",
    "typ": "RSTA",
    "beteckning": "ESAA",
    "plats": "ES R24 DROTTNINGHOLM",
    "hojd": "GND–2000",
    "operator": "",
    "gäller_fr": "2026-06-11",
    "kommentar": "Residens.\nSärskilda tillstånd från Transportstyrelsen krävs förutom för svenska luftfartyg som används av svenska Försvarsmakten, Polismyndigheten, Säkerhetspolisen, Kustbevakningen, Sjöfartsverket, Lantmäteriet, Hovstaten, ambulanstransport med hög medicinsk prioritet eller med luftfartyg när de används i räddningsinsatser enligt bestämmelserna i lagen om skydd mot olyckor (2003:778).\n\nResidence.\nSpecial permission by Swedish Transport Agency is required, except for Swedish aircraft operated by Swedish Armed Forces, Police Authority, Swedish Security Service, Swedish Coast Guard, Swedish Maritime Administration, National Land Survey Office, The Royal Court of Sweden, ambulance transport with high medical priority or by aircraft engaged in rescue operations in accordance with Civil Protection Act (2003:778)."
   }
  },
  {
   "type": "Feature",
   "geometry": {
    "type": "Polygon",
    "coordinates": [
     [
      [
       13.59722222,
       58.04293874
      ],
      [
       13.58224887,
       58.04328942
      ],
      [
       13.56739182,
       58.04433873
      ],
      [
       13.55276651,
       58.04607851
      ],
      [
       13.53848662,
       58.04849527
      ],
      [
       13.52466317,
       58.0515702
      ],
      [
       13.51140375,
       58.05527941
      ],
      [
       13.49881162,
       58.05959407
      ],
      [
       13.48698498,
       58.06448062
      ],
      [
       13.47601617,
       58.06990103
      ],
      [
       13.46599098,
       58.07581312
      ],
      [
       13.45698795,
       58.08217084
      ],
      [
       13.44907779,
       58.08892467
      ],
      [
       13.4423228,
       58.09602195
      ],
      [
       13.43677637,
       58.10340732
      ],
      [
       13.43248256,
       58.11102314
      ],
      [
       13.42947569,
       58.11880994
      ],
      [
       13.42778012,
       58.12670686
      ],
      [
       13.42740997,
       58.13465215
      ],
      [
       13.42836904,
       58.14258365
      ],
      [
       13.43065068,
       58.15043924
      ],
      [
       13.43423789,
       58.15815738
      ],
      [
       13.43910339,
       58.16567755
      ],
      [
       13.44520979,
       58.17294076
      ],
      [
       13.4525099,
       58.17988998
      ],
      [
       13.46094706,
       58.18647064
      ],
      [
       13.47045556,
       58.19263101
      ],
      [
       13.48096118,
       58.19832266
      ],
      [
       13.49238171,
       58.20350079
      ],
      [
       13.50462764,
       58.20812467
      ],
      [
       13.51760284,
       58.21215787
      ],
      [
       13.53120534,
       58.21556863
      ],
      [
       13.54532812,
       58.21833006
      ],
      [
       13.55985996,
       58.22042042
      ],
      [
       13.57468637,
       58.22182322
      ],
      [
       13.58969047,
       58.22252739
      ],
      [
       13.60475397,
       58.22252739
      ],
      [
       13.61975808,
       58.22182322
      ],
      [
       13.63458449,
       58.22042042
      ],
      [
       13.64911633,
       58.21833006
      ],
      [
       13.6632391,
       58.21556863
      ],
      [
       13.6768416,
       58.21215787
      ],
      [
       13.6898168,
       58.20812467
      ],
      [
       13.70206274,
       58.20350079
      ],
      [
       13.71348327,
       58.19832266
      ],
      [
       13.72398888,
       58.19263101
      ],
      [
       13.73349739,
       58.18647064
      ],
      [
       13.74193455,
       58.17988998
      ],
      [
       13.74923466,
       58.17294076
      ],
      [
       13.75534106,
       58.16567755
      ],
      [
       13.76020655,
       58.15815738
      ],
      [
       13.76379376,
       58.15043924
      ],
      [
       13.76607541,
       58.14258365
      ],
      [
       13.76703447,
       58.13465215
      ],
      [
       13.76666433,
       58.12670686
      ],
      [
       13.76496876,
       58.11880994
      ],
      [
       13.76196189,
       58.11102314
      ],
      [
       13.75766807,
       58.10340732
      ],
      [
       13.75212164,
       58.09602195
      ],
      [
       13.74536665,
       58.08892467
      ],
      [
       13.7374565,
       58.08217084
      ],
      [
       13.72845347,
       58.07581312
      ],
      [
       13.71842827,
       58.06990103
      ],
      [
       13.70745946,
       58.06448062
      ],
      [
       13.69563282,
       58.05959407
      ],
      [
       13.6830407,
       58.05527941
      ],
      [
       13.66978127,
       58.0515702
      ],
      [
       13.65595783,
       58.04849527
      ],
      [
       13.64167793,
       58.04607851
      ],
      [
       13.62705262,
       58.04433873
      ],
      [
       13.61219558,
       58.04328942
      ],
      [
       13.59722222,
       58.04293874
      ]
     ]
    ]
   },
   "properties": {
    "lager": "Restriktionsområde",
    "namn": "ES R25",
    "typ": "RSTA",
    "beteckning": "ESAA",
    "plats": "ES R25 ÅLLEBERG",
    "hojd": "3000–FL 195",
    "operator": "",
    "gäller_fr": "2026-06-11",
    "kommentar": "Segelflygning i moln. Upprättat 1 MAJ - 30 SEP.\nTillstånd att passera ges av MALMÖ ACC.\nBestämmelser: Se ENR 5.1 punkt 2.3 \n\nSoaring in clouds. Established 1 MAY - 30 SEP.\nPermission to cross shall be obtained from MALMÖ\nACC. Provisions: See ENR 5.1 para 2.3."
   }
  },
  {
   "type": "Feature",
   "geometry": {
    "type": "Polygon",
    "coordinates": [
     [
      [
       19.0631,
       58.0494
      ],
      [
       19.4797,
       58.0494
      ],
      [
       19.4797,
       57.9411
      ],
      [
       18.9964,
       57.5831
      ],
      [
       18.7964,
       57.6497
      ],
      [
       18.6297,
       57.7828
      ],
      [
       18.9464,
       58.0328
      ],
      [
       19.0631,
       58.0494
      ]
     ]
    ]
   },
   "properties": {
    "lager": "Restriktionsområde",
    "namn": "ES R26",
    "typ": "RSTA",
    "beteckning": "ESAA",
    "plats": "ES R26 NORTHERN GOTLAND AND FÅRÖ",
    "hojd": "GND–UNL",
    "operator": "",
    "gäller_fr": "2026-06-11",
    "kommentar": "Tillstånd krävs endast när så tillkännages genom NOTAM eller AIP SUP.\n \nPermission required only when so is promulgated by NOTAM or AIP SUP."
   }
  },
  {
   "type": "Feature",
   "geometry": {
    "type": "Polygon",
    "coordinates": [
     [
      [
       18.57916667,
       66.915
      ],
      [
       19.86222222,
       66.59861111
      ],
      [
       20.37888889,
       66.13194444
      ],
      [
       20.16222222,
       65.86527778
      ],
      [
       19.44583333,
       65.86527778
      ],
      [
       17.87944444,
       66.51527778
      ],
      [
       18.57916667,
       66.915
      ]
     ]
    ]
   },
   "properties": {
    "lager": "Restriktionsområde",
    "namn": "ES R2",
    "typ": "RSTA",
    "beteckning": "ESAA",
    "plats": "ES R2 VIDSEL",
    "hojd": "GND–UNL",
    "operator": "",
    "gäller_fr": "2026-06-11",
    "kommentar": "Militär verksamhet inklusive flygverksamhet.\nTillstånd kan erhållas från STOCKHOLM ACC eller VIDSEL ATS.\n\nMilitary activities including aviation operations.\nPermission obtainable from STOCKHOLM ACC or VIDSEL ATS."
   }
  },
  {
   "type": "Feature",
   "geometry": {
    "type": "Polygon",
    "coordinates": [
     [
      [
       18.18138889,
       57.62833333
      ],
      [
       18.18166667,
       57.59
      ],
      [
       18.20888889,
       57.575
      ],
      [
       18.20194444,
       57.54944444
      ],
      [
       18.12972222,
       57.48305556
      ],
      [
       18.00472222,
       57.47472222
      ],
      [
       17.96555556,
       57.49333333
      ],
      [
       17.97138889,
       57.55388889
      ],
      [
       18.02972222,
       57.60527778
      ],
      [
       18.11305556,
       57.61805556
      ],
      [
       18.18138889,
       57.62833333
      ]
     ]
    ]
   },
   "properties": {
    "lager": "Restriktionsområde",
    "namn": "ES R28A",
    "typ": "RSTA",
    "beteckning": "ESAA",
    "plats": "ES R28A TOFTA",
    "hojd": "GND–27500",
    "operator": "",
    "gäller_fr": "2026-06-11",
    "kommentar": "Militär verksamhet inklusive flygverksamhet.\nTillstånd kan erhållas från STOCKHOLM ACC eller VISBY ATS.\n\nMilitary activities including aviation operations.\nPermission obtainable from STOCKHOLM ACC or VISBY ATS."
   }
  },
  {
   "type": "Feature",
   "geometry": {
    "type": "Polygon",
    "coordinates": [
     [
      [
       16.48111111,
       59.08364354
      ],
      [
       16.47825481,
       59.0837086
      ],
      [
       16.47542082,
       59.08390327
      ],
      [
       16.47263131,
       59.08422604
      ],
      [
       16.46990807,
       59.08467438
      ],
      [
       16.4672724,
       59.08524479
      ],
      [
       16.46474488,
       59.0859328
      ],
      [
       16.4623453,
       59.08673304
      ],
      [
       16.4600924,
       59.08763926
      ],
      [
       16.45800383,
       59.08864437
      ],
      [
       16.45609592,
       59.08974051
      ],
      [
       16.45438361,
       59.09091911
      ],
      [
       16.45288031,
       59.09217096
      ],
      [
       16.4515978,
       59.09348627
      ],
      [
       16.45054613,
       59.09485474
      ],
      [
       16.44973356,
       59.09626567
      ],
      [
       16.44916647,
       59.09770804
      ],
      [
       16.44884934,
       59.09917054
      ],
      [
       16.44878468,
       59.10064174
      ],
      [
       16.44897302,
       59.10211012
      ],
      [
       16.44941293,
       59.10356419
      ],
      [
       16.45010099,
       59.10499256
      ],
      [
       16.45103185,
       59.10638407
      ],
      [
       16.45219824,
       59.1077278
      ],
      [
       16.45359106,
       59.10901323
      ],
      [
       16.45519943,
       59.1102303
      ],
      [
       16.45701077,
       59.11136948
      ],
      [
       16.4590109,
       59.11242185
      ],
      [
       16.46118419,
       59.11337914
      ],
      [
       16.46351361,
       59.11423388
      ],
      [
       16.46598091,
       59.11497935
      ],
      [
       16.46856679,
       59.11560973
      ],
      [
       16.47125097,
       59.11612006
      ],
      [
       16.47401243,
       59.11650635
      ],
      [
       16.47682953,
       59.11676557
      ],
      [
       16.47968018,
       59.11689569
      ],
      [
       16.48254204,
       59.11689569
      ],
      [
       16.4853927,
       59.11676557
      ],
      [
       16.48820979,
       59.11650635
      ],
      [
       16.49097125,
       59.11612006
      ],
      [
       16.49365543,
       59.11560973
      ],
      [
       16.49624131,
       59.11497935
      ],
      [
       16.49870862,
       59.11423388
      ],
      [
       16.50103803,
       59.11337914
      ],
      [
       16.50321132,
       59.11242185
      ],
      [
       16.50521146,
       59.11136948
      ],
      [
       16.50702279,
       59.1102303
      ],
      [
       16.50863116,
       59.10901323
      ],
      [
       16.51002398,
       59.1077278
      ],
      [
       16.51119037,
       59.10638407
      ],
      [
       16.51212123,
       59.10499256
      ],
      [
       16.51280929,
       59.10356419
      ],
      [
       16.5132492,
       59.10211012
      ],
      [
       16.51343754,
       59.10064174
      ],
      [
       16.51337288,
       59.09917054
      ],
      [
       16.51305575,
       59.09770804
      ],
      [
       16.51248867,
       59.09626567
      ],
      [
       16.5116761,
       59.09485474
      ],
      [
       16.51062443,
       59.09348627
      ],
      [
       16.50934191,
       59.09217096
      ],
      [
       16.50783861,
       59.09091911
      ],
      [
       16.5061263,
       59.08974051
      ],
      [
       16.50421839,
       59.08864437
      ],
      [
       16.50212982,
       59.08763926
      ],
      [
       16.49987693,
       59.08673304
      ],
      [
       16.49747734,
       59.0859328
      ],
      [
       16.49494983,
       59.08524479
      ],
      [
       16.49231415,
       59.08467438
      ],
      [
       16.48959091,
       59.08422604
      ],
      [
       16.4868014,
       59.08390327
      ],
      [
       16.48396742,
       59.0837086
      ],
      [
       16.48111111,
       59.08364354
      ]
     ]
    ]
   },
   "properties": {
    "lager": "Restriktionsområde",
    "namn": "ES R128",
    "typ": "RSTA",
    "beteckning": "ESAA",
    "plats": "ES R128 HARPSUND",
    "hojd": "GND–2000",
    "operator": "",
    "gäller_fr": "2026-06-11",
    "kommentar": "Särskilda tillstånd från Transportstyrelsen krävs förutom för svenska luftfartyg som används av Försvarsmakten, samt Polismyndigheten, Kustbevakningen och Sjöfartsverket på skarpa uppdrag, dessutom ambulanstransport med hög medicinsk prioritet, Regeringskansliet, Säkerhetspolisen, Statens fastighetsverk, Harpsundsnämnden och luftfartyg när de används i räddningsinsatser enligt bestämmelserna i lagen om skydd mot olyckor (2003:778).\n\nSpecial permission from the Swedish Transport Agency is required, except for Swedish aircraft operated by the Swedish Armed Forces, the Police, the Swedish Maritime Administration on mission, air ambulance transport with high medical priority, the Government Offices, the Swedish Security Service, the National Property Board, the Harpsund Committee and aircraft used in rescue operations in accordance with the Civil Protection Act (2003:778)."
   }
  },
  {
   "type": "Feature",
   "geometry": {
    "type": "Polygon",
    "coordinates": [
     [
      [
       14.10277778,
       57.51138889
      ],
      [
       14.23861111,
       57.49111111
      ],
      [
       14.18027778,
       57.35777778
      ],
      [
       14.08861111,
       57.34944444
      ],
      [
       14.08805556,
       57.48611111
      ],
      [
       14.10277778,
       57.51138889
      ]
     ]
    ]
   },
   "properties": {
    "lager": "Restriktionsområde",
    "namn": "ES R30A",
    "typ": "RSTA",
    "beteckning": "ESAA",
    "plats": "ES R30A SKILLINGARYD",
    "hojd": "GND–24500",
    "operator": "",
    "gäller_fr": "2026-06-11",
    "kommentar": "Militär verksamhet inklusive flygverksamhet.\nTillstånd kan erhållas från\nMALMÖ ACC, STOCKHOLM ACC, \nJÖNKÖPING ATS eller \nHAGSHULT ATS när Hagshult TMA \när upprättat via NOTAM eller AIP SUP. \n\nMilitary activities including aviation operations.\nPermission obtainable from \nMALMÖ ACC, STOCKHOLM ACC, \nJÖNKÖPING ATS or \nHAGSHULT ATS when established by \nNOTAM or AIP SUP."
   }
  },
  {
   "type": "Feature",
   "geometry": {
    "type": "Polygon",
    "coordinates": [
     [
      [
       14.18027778,
       57.35777778
      ],
      [
       14.15527778,
       57.28305556
      ],
      [
       14.08027778,
       57.28305556
      ],
      [
       14.08861111,
       57.34944444
      ],
      [
       14.18027778,
       57.35777778
      ]
     ]
    ]
   },
   "properties": {
    "lager": "Restriktionsområde",
    "namn": "ES R30B",
    "typ": "RSTA",
    "beteckning": "ESAA",
    "plats": "ES R30B SKILLINGARYD",
    "hojd": "GND–24500",
    "operator": "",
    "gäller_fr": "2026-06-11",
    "kommentar": "Militär verksamhet inklusive flygverksamhet.\nTillstånd kan erhållas från\nMALMÖ ACC, STOCKHOLM ACC, \nJÖNKÖPING ATS eller \nHAGSHULT ATS när Hagshult TMA \när upprättat via NOTAM eller AIP SUP. \n\nMilitary activities including aviation operations.\nPermission obtainable from \nMALMÖ ACC, STOCKHOLM ACC, \nJÖNKÖPING ATS or \nHAGSHULT ATS when established by \nNOTAM or AIP SUP."
   }
  },
  {
   "type": "Feature",
   "geometry": {
    "type": "Polygon",
    "coordinates": [
     [
      [
       17.95472222,
       57.68277778
      ],
      [
       18.11305556,
       57.61805556
      ],
      [
       18.02972222,
       57.60527778
      ],
      [
       17.97138889,
       57.55388889
      ],
      [
       17.96555556,
       57.49333333
      ],
      [
       18.00472222,
       57.47472222
      ],
      [
       17.83805556,
       57.45805556
      ],
      [
       17.84638889,
       57.59111111
      ],
      [
       17.95472222,
       57.68277778
      ]
     ]
    ]
   },
   "properties": {
    "lager": "Restriktionsområde",
    "namn": "ES R28B",
    "typ": "RSTA",
    "beteckning": "ESAA",
    "plats": "ES R28B TOFTA",
    "hojd": "GND–27500",
    "operator": "",
    "gäller_fr": "2026-06-11",
    "kommentar": "Militär verksamhet inklusive flygverksamhet.\nTillstånd kan erhållas från STOCKHOLM ACC eller VISBY ATS.\n\nMilitary activities including aviation operations. \nPermission obtainable from STOCKHOLM ACC or VISBY ATS."
   }
  },
  {
   "type": "Feature",
   "geometry": {
    "type": "Polygon",
    "coordinates": [
     [
      [
       18.18166667,
       57.70138889
      ],
      [
       18.18138889,
       57.62833333
      ],
      [
       18.11305556,
       57.61805556
      ],
      [
       17.95472222,
       57.68277778
      ],
      [
       18.18166667,
       57.70138889
      ]
     ]
    ]
   },
   "properties": {
    "lager": "Restriktionsområde",
    "namn": "ES R28C",
    "typ": "RSTA",
    "beteckning": "ESAA",
    "plats": "ES R28C TOFTA",
    "hojd": "GND–27500",
    "operator": "",
    "gäller_fr": "2026-06-11",
    "kommentar": "Militär verksamhet inklusive flygverksamhet.\nTillstånd kan erhållas från STOCKHOLM ACC eller VISBY ATS.\n\nMilitary activities including aviation operations. \nPermission obtainable from STOCKHOLM ACC or VISBY ATS."
   }
  },
  {
   "type": "Feature",
   "geometry": {
    "type": "Polygon",
    "coordinates": [
     [
      [
       17.99638889,
       57.16660924
      ],
      [
       17.97473341,
       57.16712827
      ],
      [
       17.95324561,
       57.16868134
      ],
      [
       17.93209189,
       57.17125643
      ],
      [
       17.91143617,
       57.17483359
      ],
      [
       17.89143862,
       57.1793851
      ],
      [
       17.87225447,
       57.18487571
      ],
      [
       17.85403283,
       57.19126283
      ],
      [
       17.83691556,
       57.19849693
      ],
      [
       17.82103617,
       57.20652188
      ],
      [
       17.80651881,
       57.21527534
      ],
      [
       17.79347729,
       57.22468931
      ],
      [
       17.78201416,
       57.23469059
      ],
      [
       17.77221995,
       57.24520133
      ],
      [
       17.76417241,
       57.25613967
      ],
      [
       17.75793582,
       57.26742036
      ],
      [
       17.75356053,
       57.27895536
      ],
      [
       17.75108247,
       57.29065461
      ],
      [
       17.75052282,
       57.30242665
      ],
      [
       17.75188779,
       57.31417937
      ],
      [
       17.75516852,
       57.32582073
      ],
      [
       17.7603411,
       57.33725948
      ],
      [
       17.76736669,
       57.34840586
      ],
      [
       17.77619176,
       57.35917234
      ],
      [
       17.78674848,
       57.36947428
      ],
      [
       17.79895523,
       57.37923064
      ],
      [
       17.81271717,
       57.3883646
      ],
      [
       17.82792696,
       57.39680419
      ],
      [
       17.84446563,
       57.40448286
      ],
      [
       17.86220346,
       57.41134002
      ],
      [
       17.88100104,
       57.41732154
      ],
      [
       17.90071036,
       57.42238016
      ],
      [
       17.921176,
       57.4264759
      ],
      [
       17.94223638,
       57.4295764
      ],
      [
       17.96372507,
       57.43165712
      ],
      [
       17.98547216,
       57.43270161
      ],
      [
       18.00730562,
       57.43270161
      ],
      [
       18.02905271,
       57.43165712
      ],
      [
       18.0505414,
       57.4295764
      ],
      [
       18.07160178,
       57.4264759
      ],
      [
       18.09206741,
       57.42238016
      ],
      [
       18.11177673,
       57.41732154
      ],
      [
       18.13057432,
       57.41134002
      ],
      [
       18.14831215,
       57.40448286
      ],
      [
       18.16485082,
       57.39680419
      ],
      [
       18.18006061,
       57.3883646
      ],
      [
       18.19382254,
       57.37923064
      ],
      [
       18.20602929,
       57.36947428
      ],
      [
       18.21658602,
       57.35917234
      ],
      [
       18.22541109,
       57.34840586
      ],
      [
       18.23243667,
       57.33725948
      ],
      [
       18.23760926,
       57.32582073
      ],
      [
       18.24088999,
       57.31417937
      ],
      [
       18.24225496,
       57.30242665
      ],
      [
       18.24169531,
       57.29065461
      ],
      [
       18.23921724,
       57.27895536
      ],
      [
       18.23484196,
       57.26742036
      ],
      [
       18.22860537,
       57.25613967
      ],
      [
       18.22055782,
       57.24520133
      ],
      [
       18.21076362,
       57.23469059
      ],
      [
       18.19930049,
       57.22468931
      ],
      [
       18.18625896,
       57.21527534
      ],
      [
       18.1717416,
       57.20652188
      ],
      [
       18.15586222,
       57.19849693
      ],
      [
       18.13874495,
       57.19126283
      ],
      [
       18.12052331,
       57.18487571
      ],
      [
       18.10133916,
       57.1793851
      ],
      [
       18.08134161,
       57.17483359
      ],
      [
       18.06068589,
       57.17125643
      ],
      [
       18.03953217,
       57.16868134
      ],
      [
       18.01804437,
       57.16712827
      ],
      [
       17.99638889,
       57.16660924
      ]
     ]
    ]
   },
   "properties": {
    "lager": "Restriktionsområde",
    "namn": "ES R31",
    "typ": "RSTA",
    "beteckning": "ESAA",
    "plats": "ES R31 STORA AND LILLA KARLSÖ",
    "hojd": "GND–FL 85",
    "operator": "",
    "gäller_fr": "2026-06-11",
    "kommentar": "Fågelreservat.\nUpprättat 15 MAR-15 AUG.\nSärskilda tillstånd från Transportstyrelsen krävs utom för svenska luftfartyg som används i skarpa insatser av Försvarsmakten, Polismyndigheten, Säkerhetspolisen, Kustbevakningen, Sjöfartsverket, Tullverket, Lantmäteriet, ambulanstransport med hög medicinsk prioritet eller med luftfartyg när de används i räddningsinsatser enligt bestämmelserna i lagen om skydd mot olyckor (2003:778). \n\nBird sanctuary. \nEstablished 15 MAR-15 AUG.\nSpecial permission from the Swedish Transport Agency is required with the following exceptions: Swedish aircraft used on mission by the Swedish Armed Forces, Police, Swedish Security Service, Swedish Coast Guard, Swedish Maritime Administration, Swedish Customs, ambulance transport with high medical priority or aircraft engaged in rescue operations in accordance with the Civil Protection Act (2003:778)."
   }
  },
  {
   "type": "Feature",
   "geometry": {
    "type": "Polygon",
    "coordinates": [
     [
      [
       12.78055556,
       56.74972222
      ],
      [
       12.81388889,
       56.74972222
      ],
      [
       12.83055556,
       56.73305556
      ],
      [
       12.81388889,
       56.71638889
      ],
      [
       12.76388889,
       56.72472222
      ],
      [
       12.78055556,
       56.74972222
      ]
     ]
    ]
   },
   "properties": {
    "lager": "Restriktionsområde",
    "namn": "ES R32",
    "typ": "RSTA",
    "beteckning": "ESAA",
    "plats": "ES R32 NYÅRSÅSEN",
    "hojd": "GND–9500",
    "operator": "",
    "gäller_fr": "2026-06-11",
    "kommentar": "Militär verksamhet inklusive flygverksamhet.\nTillstånd kan erhållas från MALMÖ ACC eller HALMSTAD ATS. \n\nMilitary activities including aviation operations.\nPermission obtainable from MALMÖ ACC or HALMSTAD ATS."
   }
  },
  {
   "type": "Feature",
   "geometry": {
    "type": "Polygon",
    "coordinates": [
     [
      [
       15.6136,
       56.2664
      ],
      [
       15.9636,
       56.1831
      ],
      [
       15.9803,
       56.0747
      ],
      [
       15.8636,
       55.9497
      ],
      [
       15.6969,
       55.9497
      ],
      [
       15.3053,
       56.0497
      ],
      [
       15.3053,
       56.1247
      ],
      [
       15.3636,
       56.2164
      ],
      [
       15.6136,
       56.2664
      ]
     ]
    ]
   },
   "properties": {
    "lager": "Restriktionsområde",
    "namn": "ES R33",
    "typ": "RSTA",
    "beteckning": "ESAA",
    "plats": "ES R33 ARCHIPELAGO OF BLEKINGE",
    "hojd": "GND–UNL",
    "operator": "",
    "gäller_fr": "2026-06-11",
    "kommentar": "Tillstånd krävs endast när så tillkännages genom NOTAM eller AIP SUP.\n \nPermission required only when so is promulgated by NOTAM or AIP SUP."
   }
  },
  {
   "type": "Feature",
   "geometry": {
    "type": "Polygon",
    "coordinates": [
     [
      [
       17.3131,
       63.1628
      ],
      [
       17.4131,
       63.1156
      ],
      [
       17.2297,
       63.0989
      ],
      [
       17.2436,
       63.1322
      ],
      [
       17.3131,
       63.1628
      ]
     ]
    ]
   },
   "properties": {
    "lager": "Restriktionsområde",
    "namn": "ES R10",
    "typ": "RSTA",
    "beteckning": "ESAA",
    "plats": "ES R10 TJÄRNMYREN",
    "hojd": "GND–12000",
    "operator": "",
    "gäller_fr": "2026-06-11",
    "kommentar": "Militär verksamhet inklusive flygverksamhet.\nTillstånd kan erhållas från STOCKHOLM ACC.\n\nMilitary activities including aviation operations.\nPermission obtainable from STOCKHOLM ACC."
   }
  },
  {
   "type": "Feature",
   "geometry": {
    "type": "Polygon",
    "coordinates": [
     [
      [
       15.12166667,
       59.10287954
      ],
      [
       15.11858204,
       59.10294976
      ],
      [
       15.11552152,
       59.10315987
      ],
      [
       15.11250902,
       59.10350823
      ],
      [
       15.10956808,
       59.10399212
      ],
      [
       15.10672169,
       59.10460775
      ],
      [
       15.1039921,
       59.10535031
      ],
      [
       15.10140066,
       59.10621401
      ],
      [
       15.09896761,
       59.10719209
      ],
      [
       15.09671201,
       59.1082769
      ],
      [
       15.0946515,
       59.10945996
      ],
      [
       15.09280221,
       59.11073203
      ],
      [
       15.09117862,
       59.11208316
      ],
      [
       15.08979347,
       59.11350278
      ],
      [
       15.0886576,
       59.11497979
      ],
      [
       15.08777994,
       59.11650263
      ],
      [
       15.08716739,
       59.1180594
      ],
      [
       15.08682478,
       59.11963791
      ],
      [
       15.08675483,
       59.12122581
      ],
      [
       15.08695812,
       59.12281068
      ],
      [
       15.0874331,
       59.12438011
      ],
      [
       15.08817608,
       59.12592181
      ],
      [
       15.08918129,
       59.12742372
      ],
      [
       15.09044088,
       59.12887406
      ],
      [
       15.09194504,
       59.13026149
      ],
      [
       15.09368199,
       59.13157514
      ],
      [
       15.09563817,
       59.13280472
      ],
      [
       15.09779827,
       59.13394059
      ],
      [
       15.10014539,
       59.13497386
      ],
      [
       15.10266114,
       59.13589643
      ],
      [
       15.10532584,
       59.13670107
      ],
      [
       15.1081186,
       59.13738147
      ],
      [
       15.11101755,
       59.13793231
      ],
      [
       15.11399997,
       59.13834925
      ],
      [
       15.11704247,
       59.13862905
      ],
      [
       15.12012123,
       59.1387695
      ],
      [
       15.1232121,
       59.1387695
      ],
      [
       15.12629086,
       59.13862905
      ],
      [
       15.12933337,
       59.13834925
      ],
      [
       15.13231578,
       59.13793231
      ],
      [
       15.13521473,
       59.13738147
      ],
      [
       15.13800749,
       59.13670107
      ],
      [
       15.14067219,
       59.13589643
      ],
      [
       15.14318795,
       59.13497386
      ],
      [
       15.14553506,
       59.13394059
      ],
      [
       15.14769516,
       59.13280472
      ],
      [
       15.14965134,
       59.13157514
      ],
      [
       15.1513883,
       59.13026149
      ],
      [
       15.15289245,
       59.12887406
      ],
      [
       15.15415205,
       59.12742372
      ],
      [
       15.15515725,
       59.12592181
      ],
      [
       15.15590024,
       59.12438011
      ],
      [
       15.15637521,
       59.12281068
      ],
      [
       15.1565785,
       59.12122581
      ],
      [
       15.15650855,
       59.11963791
      ],
      [
       15.15616594,
       59.1180594
      ],
      [
       15.15555339,
       59.11650263
      ],
      [
       15.15467573,
       59.11497979
      ],
      [
       15.15353987,
       59.11350278
      ],
      [
       15.15215471,
       59.11208316
      ],
      [
       15.15053112,
       59.11073203
      ],
      [
       15.14868183,
       59.10945996
      ],
      [
       15.14662132,
       59.1082769
      ],
      [
       15.14436572,
       59.10719209
      ],
      [
       15.14193268,
       59.10621401
      ],
      [
       15.13934123,
       59.10535031
      ],
      [
       15.13661164,
       59.10460775
      ],
      [
       15.13376525,
       59.10399212
      ],
      [
       15.13082431,
       59.10350823
      ],
      [
       15.12781181,
       59.10315987
      ],
      [
       15.12475129,
       59.10294976
      ],
      [
       15.12166667,
       59.10287954
      ]
     ]
    ]
   },
   "properties": {
    "lager": "Restriktionsområde",
    "namn": "ES R97",
    "typ": "RSTA",
    "beteckning": "ESAA",
    "plats": "ES R97 KUMLA",
    "hojd": "GND–2000",
    "operator": "",
    "gäller_fr": "2026-06-11",
    "kommentar": "Fängelse.\nSärskilda tillstånd från Transportstyrelsen krävs förutom för operatörer som specificeras i ENR 5.1 punkt 2.2.2.\n\nPrison.\nSpecial permission by Swedish Transport Agency is required, except for operators specified in ENR 5.1 para 2.2.2."
   }
  },
  {
   "type": "Feature",
   "geometry": {
    "type": "Polygon",
    "coordinates": [
     [
      [
       13.25805556,
       58.01666667
      ],
      [
       13.88166667,
       57.915
      ],
      [
       13.8,
       57.80444444
      ],
      [
       13.19916667,
       57.76722222
      ],
      [
       13.25805556,
       58.01666667
      ]
     ]
    ]
   },
   "properties": {
    "lager": "Restriktionsområde",
    "namn": "ES R204B",
    "typ": "RSTA",
    "beteckning": "ESAA",
    "plats": "ES R204B ÅLLEBERG EXTENDED",
    "hojd": "3000–FL 195",
    "operator": "",
    "gäller_fr": "2026-06-11",
    "kommentar": "Segelflygning i moln. Upprättat 1 MAJ - 30 SEP.\nTillstånd att passera ges av MALMÖ ACC.\nBestämmelser: Se ENR 5.1 punkt 2.3 \n\nSoaring in clouds. Established 1 MAY - 30 SEP.\nPermission to cross shall be obtained from MALMÖ ACC.\nProvisions: See ENR 5.1 para 2.3."
   }
  },
  {
   "type": "Feature",
   "geometry": {
    "type": "Polygon",
    "coordinates": [
     [
      [
       12.68055556,
       58.51611111
      ],
      [
       12.76388889,
       58.51611111
      ],
      [
       12.91388889,
       58.41611111
      ],
      [
       12.74722222,
       58.36611111
      ],
      [
       12.63055556,
       58.46611111
      ],
      [
       12.68055556,
       58.51611111
      ]
     ]
    ]
   },
   "properties": {
    "lager": "Restriktionsområde",
    "namn": "ES R49",
    "typ": "RSTA",
    "beteckning": "ESAA",
    "plats": "ES R49 SÅTENÄS",
    "hojd": "GND–7500",
    "operator": "",
    "gäller_fr": "2026-06-11",
    "kommentar": "Militär verksamhet inklusive flygverksamhet.\nTillstånd kan erhållas från SÅTENÄS \nATS och LANDVETTER ATS.\n\nMilitary activities including aviation operations.\nPermission obtainable from SÅTENÄS \nATS or LANDVETTER ATS."
   }
  },
  {
   "type": "Feature",
   "geometry": {
    "type": "Polygon",
    "coordinates": [
     [
      [
       12.68722222,
       58.49277778
      ],
      [
       12.74361111,
       58.49277778
      ],
      [
       12.76472222,
       58.44944444
      ],
      [
       12.73888889,
       58.445
      ],
      [
       12.70805556,
       58.44944444
      ],
      [
       12.67388889,
       58.46611111
      ],
      [
       12.68722222,
       58.49277778
      ]
     ]
    ]
   },
   "properties": {
    "lager": "Restriktionsområde",
    "namn": "ES R49C",
    "typ": "RSTA",
    "beteckning": "ESAA",
    "plats": "ES R49C SÅTENÄS",
    "hojd": "GND–7500",
    "operator": "",
    "gäller_fr": "2026-06-11",
    "kommentar": "Militär verksamhet inklusive flygverksamhet.\nTillstånd kan erhållas från SÅTENÄS \nATS och LANDVETTER ATS.\n\nMilitary activities including aviation operations.\nPermission obtainable from SÅTENÄS \nATS or LANDVETTER ATS."
   }
  },
  {
   "type": "Feature",
   "geometry": {
    "type": "Polygon",
    "coordinates": [
     [
      [
       18.03888889,
       59.35491234
      ],
      [
       18.03733516,
       59.35494745
      ],
      [
       18.03579359,
       59.35505253
      ],
      [
       18.03427622,
       59.35522675
      ],
      [
       18.03279492,
       59.35546874
      ],
      [
       18.03136128,
       59.35577662
      ],
      [
       18.02998651,
       59.35614797
      ],
      [
       18.02868137,
       59.3565799
      ],
      [
       18.02745607,
       59.35706902
      ],
      [
       18.02632018,
       59.3576115
      ],
      [
       18.02528262,
       59.35820312
      ],
      [
       18.02435148,
       59.35883922
      ],
      [
       18.02353407,
       59.35951485
      ],
      [
       18.02283679,
       59.36022472
      ],
      [
       18.02226509,
       59.36096326
      ],
      [
       18.02182347,
       59.36172471
      ],
      [
       18.02151538,
       59.36250311
      ],
      [
       18.02134324,
       59.36329236
      ],
      [
       18.02130842,
       59.36408628
      ],
      [
       18.02141119,
       59.36487867
      ],
      [
       18.02165075,
       59.36566333
      ],
      [
       18.02202525,
       59.3664341
      ],
      [
       18.02253176,
       59.36718496
      ],
      [
       18.02316633,
       59.36791003
      ],
      [
       18.02392399,
       59.36860364
      ],
      [
       18.02479882,
       59.36926034
      ],
      [
       18.02578397,
       59.36987501
      ],
      [
       18.02687174,
       59.37044282
      ],
      [
       18.02805362,
       59.37095933
      ],
      [
       18.02932035,
       59.3714205
      ],
      [
       18.03066201,
       59.37182272
      ],
      [
       18.03206811,
       59.37216283
      ],
      [
       18.03352763,
       59.37243817
      ],
      [
       18.03502914,
       59.37264658
      ],
      [
       18.03656088,
       59.37278644
      ],
      [
       18.03811085,
       59.37285664
      ],
      [
       18.03966692,
       59.37285664
      ],
      [
       18.0412169,
       59.37278644
      ],
      [
       18.04274864,
       59.37264658
      ],
      [
       18.04425015,
       59.37243817
      ],
      [
       18.04570967,
       59.37216283
      ],
      [
       18.04711576,
       59.37182272
      ],
      [
       18.04845743,
       59.3714205
      ],
      [
       18.04972416,
       59.37095933
      ],
      [
       18.05090604,
       59.37044282
      ],
      [
       18.05199381,
       59.36987501
      ],
      [
       18.05297896,
       59.36926034
      ],
      [
       18.05385379,
       59.36860364
      ],
      [
       18.05461145,
       59.36791003
      ],
      [
       18.05524601,
       59.36718496
      ],
      [
       18.05575252,
       59.3664341
      ],
      [
       18.05612702,
       59.36566333
      ],
      [
       18.05636659,
       59.36487867
      ],
      [
       18.05646936,
       59.36408628
      ],
      [
       18.05643454,
       59.36329236
      ],
      [
       18.0562624,
       59.36250311
      ],
      [
       18.05595431,
       59.36172471
      ],
      [
       18.05551269,
       59.36096326
      ],
      [
       18.05494099,
       59.36022472
      ],
      [
       18.05424371,
       59.35951485
      ],
      [
       18.0534263,
       59.35883922
      ],
      [
       18.05249516,
       59.35820312
      ],
      [
       18.05145759,
       59.3576115
      ],
      [
       18.05032171,
       59.35706902
      ],
      [
       18.04909641,
       59.3565799
      ],
      [
       18.04779127,
       59.35614797
      ],
      [
       18.0464165,
       59.35577662
      ],
      [
       18.04498286,
       59.35546874
      ],
      [
       18.04350156,
       59.35522675
      ],
      [
       18.04198419,
       59.35505253
      ],
      [
       18.04044262,
       59.35494745
      ],
      [
       18.03888889,
       59.35491234
      ]
     ]
    ]
   },
   "properties": {
    "lager": "Restriktionsområde",
    "namn": "ES R102",
    "typ": "RSTA",
    "beteckning": "ESAA",
    "plats": "ES R102 HAGA",
    "hojd": "GND–2000",
    "operator": "",
    "gäller_fr": "2026-06-11",
    "kommentar": "Residens.\nSärskilda tillstånd från Transportstyrelsen krävs, förutom för luftfartyg som används av Hovstaten samt luftfartyg specificerade i ENR 5.1 punkt 2.4.1.\nMed tillstånd från STOCKHOLM/Bromma ATS, kan passering enligt visuellflygregler få äga rum i samband med start eller landning på STOCKHOLM/Bromma flygplats.\nMed tillstånd från STOCKHOLM/Bromma ATS eller STOCKHOLM ACC kan passering med varmluftsballong få äga rum, på lägsta höjden 1000 ft AMSL, om inte Transportstyrelsen tillfälligt dragit tillbaka denna möjlighet.\n\nResidence.\nSpecial permission by Swedish Transport Agency is required, except for The Royal Court of Sweden and for operators specified in ENR 5.1 para 2.4.1.\nWith permission obtained from STOCKHOLM/Bromma ATS, crossing of the area according to visual flight rules may be carried out in conjuction with take-off or landing at STOCKHOLM/Bromma aerodrome.\nWith permission obtained from STOCKHOLM/Bromma ATS or STOCKHOLM ACC crossing of the area with manned hot air balloon may be conducted at lowest 1000 ft AMSL, unless Swedish Transport Agency has temporarily revoked this option."
   }
  },
  {
   "type": "Feature",
   "geometry": {
    "type": "Polygon",
    "coordinates": [
     [
      [
       12.68555556,
       56.09055556
      ],
      [
       12.69805556,
       56.09
      ],
      [
       12.71555556,
       56.07888889
      ],
      [
       12.72277778,
       56.08472222
      ],
      [
       12.765,
       56.08
      ],
      [
       12.76055556,
       56.07222222
      ],
      [
       12.76944444,
       56.06944444
      ],
      [
       12.76694444,
       56.06305556
      ],
      [
       12.74805556,
       56.06111111
      ],
      [
       12.75916667,
       56.04361111
      ],
      [
       12.76333333,
       56.02861111
      ],
      [
       12.7625,
       56.01777778
      ],
      [
       12.77916667,
       56.01666667
      ],
      [
       12.77888889,
       56.0025
      ],
      [
       12.75888889,
       56.00166667
      ],
      [
       12.75944444,
       55.99666667
      ],
      [
       12.74527778,
       55.99027778
      ],
      [
       12.7425,
       55.99138889
      ],
      [
       12.73416667,
       55.99916667
      ],
      [
       12.71694444,
       56.00583333
      ],
      [
       12.7125,
       56.00472222
      ],
      [
       12.70305556,
       56.00666667
      ],
      [
       12.69972222,
       56.01777778
      ],
      [
       12.69472222,
       56.02444444
      ],
      [
       12.69027778,
       56.02555556
      ],
      [
       12.68861111,
       56.0275
      ],
      [
       12.6875,
       56.03944444
      ],
      [
       12.67777778,
       56.06277778
      ],
      [
       12.67444444,
       56.06666667
      ],
      [
       12.69166667,
       56.07027778
      ],
      [
       12.69222222,
       56.07638889
      ],
      [
       12.67805556,
       56.07916667
      ],
      [
       12.68555556,
       56.09055556
      ]
     ]
    ]
   },
   "properties": {
    "lager": "Restriktionsområde",
    "namn": "ES R129",
    "typ": "RSTA",
    "beteckning": "ESAA",
    "plats": "ES R129 HELSINGBORG",
    "hojd": "400–1200",
    "operator": "",
    "gäller_fr": "2026-06-11",
    "kommentar": "Särskilda tillstånd från Transportstyrelsen krävs förutom för svenska luftfartyg som används av Försvarsmakten, Polismyndigheten, Kustbevakningen, SAR, ambulanstransport samt luftfartyg när de används i räddningsinsatser enligt lag (2003:778) om skydd mot olyckor (2003:778). Tillstånd för undantagen trafik kan erhållas från MALMÖ ACC.\n\nSpecial permission by Swedish Transport Agency is required, except for Swedish aircraft operated by the Swedish Armed Forces, the Police Authority, the Coast Guard, SAR, ambulance services, and aircraft used in rescue operations in accordance with the Civil Protection Act (2003:778). Permission for exempted traffic obtainable from MALMÖ ACC."
   }
  },
  {
   "type": "Feature",
   "geometry": {
    "type": "Polygon",
    "coordinates": [
     [
      [
       13.09805556,
       55.65055556
      ],
      [
       13.10416667,
       55.64166667
      ],
      [
       13.0675,
       55.62277778
      ],
      [
       13.09,
       55.60777778
      ],
      [
       13.11222222,
       55.61222222
      ],
      [
       13.11694444,
       55.59388889
      ],
      [
       13.11083333,
       55.57777778
      ],
      [
       13.08805556,
       55.56611111
      ],
      [
       13.06166667,
       55.55
      ],
      [
       12.99361111,
       55.54555556
      ],
      [
       12.95916667,
       55.54638889
      ],
      [
       12.925,
       55.56277778
      ],
      [
       12.90111111,
       55.56333333
      ],
      [
       12.89277778,
       55.56638889
      ],
      [
       12.92388889,
       55.59472222
      ],
      [
       12.96972222,
       55.60527778
      ],
      [
       12.97027778,
       55.61444444
      ],
      [
       12.99555556,
       55.63722222
      ],
      [
       13.05861111,
       55.64333333
      ],
      [
       13.09805556,
       55.65055556
      ]
     ]
    ]
   },
   "properties": {
    "lager": "Restriktionsområde",
    "namn": "ES R130",
    "typ": "RSTA",
    "beteckning": "ESAA",
    "plats": "ES R130 MALMÖ",
    "hojd": "400–1200",
    "operator": "",
    "gäller_fr": "2026-06-11",
    "kommentar": "Särskilda tillstånd från Transportstyrelsen krävs  förutom för svenska luftfartyg som används av  Försvarsmakten, Polismyndigheten, Kustbevakningen, SAR, ambulanstransport samt luftfartyg när de används i räddningsinsatser enligt lag (2003:778) om skydd mot olyckor (2003:778). Tillstånd för undantagen trafik kan erhållas av MALMÖ ACC.\n\nSpecial permission by Swedish Transport Agency is required, except for Swedish aircraft operated by the Swedish Armed Forces, the Police Authority, the Coast Guard, SAR, ambulance services, and  aircraft used in rescue operations in accordance  with the Civil Protection Act (2003:778). Permission for exempted traffic obtainable from MALMÖ ACC"
   }
  },
  {
   "type": "Feature",
   "geometry": {
    "type": "Polygon",
    "coordinates": [
     [
      [
       17.99138889,
       59.38834993
      ],
      [
       17.98994794,
       59.38838247
      ],
      [
       17.98851827,
       59.38847983
      ],
      [
       17.98711104,
       59.38864124
      ],
      [
       17.98573727,
       59.38886545
      ],
      [
       17.98440771,
       59.3891507
      ],
      [
       17.98313274,
       59.38949477
      ],
      [
       17.98192235,
       59.38989495
      ],
      [
       17.980786,
       59.39034812
      ],
      [
       17.97973259,
       59.39085074
      ],
      [
       17.97877035,
       59.39139887
      ],
      [
       17.97790683,
       59.39198823
      ],
      [
       17.97714878,
       59.3926142
      ],
      [
       17.97650214,
       59.3932719
      ],
      [
       17.97597198,
       59.39395616
      ],
      [
       17.97556244,
       59.39466164
      ],
      [
       17.97527674,
       59.39538283
      ],
      [
       17.97511713,
       59.39611406
      ],
      [
       17.97508486,
       59.39684963
      ],
      [
       17.9751802,
       59.39758378
      ],
      [
       17.9754024,
       59.39831075
      ],
      [
       17.97574973,
       59.39902487
      ],
      [
       17.97621949,
       59.39972053
      ],
      [
       17.976808,
       59.4003923
      ],
      [
       17.97751066,
       59.40103492
      ],
      [
       17.97832198,
       59.40164334
      ],
      [
       17.97923561,
       59.40221282
      ],
      [
       17.98024441,
       59.40273889
      ],
      [
       17.98134047,
       59.40321743
      ],
      [
       17.98251522,
       59.4036447
      ],
      [
       17.98375946,
       59.40401734
      ],
      [
       17.98506345,
       59.40433244
      ],
      [
       17.98641698,
       59.40458754
      ],
      [
       17.98780945,
       59.40478063
      ],
      [
       17.98922995,
       59.40491021
      ],
      [
       17.99066736,
       59.40497525
      ],
      [
       17.99211042,
       59.40497525
      ],
      [
       17.99354783,
       59.40491021
      ],
      [
       17.99496833,
       59.40478063
      ],
      [
       17.9963608,
       59.40458754
      ],
      [
       17.99771433,
       59.40433244
      ],
      [
       17.99901832,
       59.40401734
      ],
      [
       18.00026256,
       59.4036447
      ],
      [
       18.00143731,
       59.40321743
      ],
      [
       18.00253337,
       59.40273889
      ],
      [
       18.00354216,
       59.40221282
      ],
      [
       18.00445579,
       59.40164334
      ],
      [
       18.00526712,
       59.40103492
      ],
      [
       18.00596978,
       59.4003923
      ],
      [
       18.00655829,
       59.39972053
      ],
      [
       18.00702805,
       59.39902487
      ],
      [
       18.00737538,
       59.39831075
      ],
      [
       18.00759758,
       59.39758378
      ],
      [
       18.00769291,
       59.39684963
      ],
      [
       18.00766065,
       59.39611406
      ],
      [
       18.00750103,
       59.39538283
      ],
      [
       18.00721534,
       59.39466164
      ],
      [
       18.0068058,
       59.39395616
      ],
      [
       18.00627563,
       59.3932719
      ],
      [
       18.00562899,
       59.3926142
      ],
      [
       18.00487094,
       59.39198823
      ],
      [
       18.00400742,
       59.39139887
      ],
      [
       18.00304519,
       59.39085074
      ],
      [
       18.00199178,
       59.39034812
      ],
      [
       18.00085543,
       59.38989495
      ],
      [
       17.99964504,
       59.38949477
      ],
      [
       17.99837007,
       59.3891507
      ],
      [
       17.9970405,
       59.38886545
      ],
      [
       17.99566673,
       59.38864124
      ],
      [
       17.99425951,
       59.38847983
      ],
      [
       17.99282983,
       59.38838247
      ],
      [
       17.99138889,
       59.38834993
      ]
     ]
    ]
   },
   "properties": {
    "lager": "Restriktionsområde",
    "namn": "ES R94",
    "typ": "RSTA",
    "beteckning": "ESAA",
    "plats": "ES R94 SÖRENTORP",
    "hojd": "GND–1500",
    "operator": "",
    "gäller_fr": "2026-06-11",
    "kommentar": "Särskilda tillstånd från Transportstyrelsen krävs förutom för svenska luftfartyg som används av Försvarsmakten och Sjöfartsverket på polisiärt uppdrag, Polismyndigheten, ambulanstransport till/från området eller med luftfartyg när de används i räddningsinsatser enligt bestämmelserna i lagen om skydd mot olyckor (2003:778). Under BROMMA ATS öppethållning ska tillstånd för undantagen trafik inhämtas från BROMMA ATS.\nPolisiär verksamhet med UAS upp till 400 ft AGL kan forekomma inom området.\n\nSpecial permission by Swedish Transport Agency is required, except for Swedish aircraft operated by Swedish Armed Forces or the Swedish Maritime Administration on policing mission, the Police Authority, ambulance transport to/from the area or by aircraft engaged in rescue operations in accordance with Civil Protection Act (2003:778). During BROMMA ATS operating hours, permission for exempted traffic shall be obtained from BROMMA ATS.\nPolice operations with UAS up to 400 ft AGL may occur within the area."
   }
  },
  {
   "type": "Feature",
   "geometry": {
    "type": "Polygon",
    "coordinates": [
     [
      [
       16.62027778,
       56.87722222
      ],
      [
       16.65333333,
       56.86527778
      ],
      [
       16.64722222,
       56.85722222
      ],
      [
       16.62722222,
       56.84694444
      ],
      [
       16.59666667,
       56.85805556
      ],
      [
       16.59666667,
       56.87611111
      ],
      [
       16.62027778,
       56.87722222
      ]
     ]
    ]
   },
   "properties": {
    "lager": "Restriktionsområde",
    "namn": "ES R52",
    "typ": "RSTA",
    "beteckning": "ESAA",
    "plats": "ES R52 SOLLIDEN",
    "hojd": "GND–2000",
    "operator": "",
    "gäller_fr": "2026-06-11",
    "kommentar": "Residens.\nUpprättat 1 JUN-20 AUG.\nSärskilda tillstånd från Transportstyrelsen krävs förutom för svenska luftfartyg som används av Polismyndigheten, svenska Försvarsmakten, Kustbevakningen, Lantmäteriet, Hovstaten och luftfartyg när de används i räddningsinsatser enligt bestämmelserna i lagen (2003:778) om skydd mot olyckor.\n\nResidence.\nEstablished 1 JUN-20 AUG.\nSpecial permission by Swedish Transport Agency is required with the following exceptions: aircraft used by Police, Swedish Armed Forces, Coastguard, National Land Survey, The Royal Court of Sweden and aircraft engaged in rescue operations in accordance with Civil Protection Act (2003:778)."
   }
  },
  {
   "type": "Feature",
   "geometry": {
    "type": "Polygon",
    "coordinates": [
     [
      [
       17.6186,
       67.8014
      ],
      [
       18.1603,
       67.6914
      ],
      [
       18.8208,
       67.4458
      ],
      [
       18.72,
       67.3983
      ],
      [
       18.4708,
       67.3672
      ],
      [
       18.2403,
       67.4425
      ],
      [
       18.0875,
       67.4022
      ],
      [
       17.9781,
       67.39
      ],
      [
       17.76,
       67.5181
      ],
      [
       17.5772,
       67.5517
      ],
      [
       17.4019,
       67.5192
      ],
      [
       17.2031,
       67.5539
      ],
      [
       17.1839,
       67.5678
      ],
      [
       17.6186,
       67.8014
      ]
     ]
    ]
   },
   "properties": {
    "lager": "Restriktionsområde",
    "namn": "ES R53",
    "typ": "RSTA",
    "beteckning": "ESAA",
    "plats": "ES R53 STORA SJÖFALLET",
    "hojd": "GND–FL 95",
    "operator": "",
    "gäller_fr": "2026-06-11",
    "kommentar": "Nationalpark.\nSärskilda tillstånd från Transportstyrelsen krävs förutom operatörer som framgår av ENR 5.1 punkt 2.4.2.\n\nNational Park.\nSpecial permission by Swedish Transport Agency is required, except for operators specified in ENR 5.1 para 2.4.2."
   }
  },
  {
   "type": "Feature",
   "geometry": {
    "type": "Polygon",
    "coordinates": [
     [
      [
       15.66333333,
       60.64916667
      ],
      [
       15.76333333,
       60.64916667
      ],
      [
       15.76333333,
       60.6075
      ],
      [
       15.66333333,
       60.6075
      ],
      [
       15.66333333,
       60.64916667
      ]
     ]
    ]
   },
   "properties": {
    "lager": "Restriktionsområde",
    "namn": "ES R56",
    "typ": "RSTA",
    "beteckning": "ESAA",
    "plats": "ES R56 FALUN",
    "hojd": "GND–8000",
    "operator": "",
    "gäller_fr": "2026-06-11",
    "kommentar": "Militär verksamhet inklusive flygverksamhet.\nTillstånd kan erhållas från STOCKHOLM ACC.\n\nMilitary activities including aviation operations.\nPermission obtainable from STOCKHOLM ACC."
   }
  },
  {
   "type": "Feature",
   "geometry": {
    "type": "Polygon",
    "coordinates": [
     [
      [
       21.71222222,
       65.05694444
      ],
      [
       21.74555556,
       64.91527778
      ],
      [
       21.49555556,
       64.80972222
      ],
      [
       21.25388889,
       64.81972222
      ],
      [
       21.31222222,
       64.99027778
      ],
      [
       21.71222222,
       65.05694444
      ]
     ]
    ]
   },
   "properties": {
    "lager": "Restriktionsområde",
    "namn": "ES R58A",
    "typ": "RSTA",
    "beteckning": "ESAA",
    "plats": "ES R58A TÅME",
    "hojd": "GND–40500",
    "operator": "",
    "gäller_fr": "2026-06-11",
    "kommentar": "Militär verksamhet inklusive flygverksamhet upp till FL95.\nTillstånd kan erhållas från STOCKHOLM ACC, LULEÅ ATS eller SKELLEFTEÅ ATS.\n\nMilitary activities including aviation operations up to FL95.\nPermission obtainable from STOCKHOLM ACC, LULEÅ ATS or SKELLEFTEÅ ATS."
   }
  },
  {
   "type": "Feature",
   "geometry": {
    "type": "Polygon",
    "coordinates": [
     [
      [
       21.37888889,
       65.04861111
      ],
      [
       21.49555556,
       65.02083333
      ],
      [
       21.31222222,
       64.99027778
      ],
      [
       21.28055556,
       64.89861111
      ],
      [
       21.16222222,
       64.94861111
      ],
      [
       21.2125,
       65.03222222
      ],
      [
       21.37888889,
       65.04861111
      ]
     ]
    ]
   },
   "properties": {
    "lager": "Restriktionsområde",
    "namn": "ES R58B",
    "typ": "RSTA",
    "beteckning": "ESAA",
    "plats": "ES R58B TÅME",
    "hojd": "GND–3500",
    "operator": "",
    "gäller_fr": "2026-06-11",
    "kommentar": "Militär verksamhet inklusive flygverksamhet.\nTillstånd kan erhållas från STOCKHOLM ACC, LULEÅ ATS eller SKELLEFTEÅ ATS.\n\nMilitary activities including aviation operations.\nPermission obtainable from STOCKHOLM ACC, LULEÅ ATS or SKELLEFTEÅ ATS."
   }
  },
  {
   "type": "Feature",
   "geometry": {
    "type": "Polygon",
    "coordinates": [
     [
      [
       21.49555556,
       65.94861111
      ],
      [
       21.59555556,
       65.93194444
      ],
      [
       21.59555556,
       65.87361111
      ],
      [
       21.41222222,
       65.86527778
      ],
      [
       21.34555556,
       65.91527778
      ],
      [
       21.49555556,
       65.94861111
      ]
     ]
    ]
   },
   "properties": {
    "lager": "Restriktionsområde",
    "namn": "ES R59",
    "typ": "RSTA",
    "beteckning": "ESAA",
    "plats": "ES R59 KUSTRÄSK",
    "hojd": "GND–15500",
    "operator": "",
    "gäller_fr": "2026-06-11",
    "kommentar": "Militär verksamhet inklusive flygverksamhet.\nTillstånd kan erhållas från STOCKHOLM ACC eller KALLAX ATS.\n\nMilitary activities including aviation operations.\nPermission obtainable from STOCKHOLM ACC or KALLAX ATS."
   }
  },
  {
   "type": "Feature",
   "geometry": {
    "type": "Polygon",
    "coordinates": [
     [
      [
       10.70583333,
       58.41611111
      ],
      [
       11.1975,
       58.41611111
      ],
      [
       11.3725,
       58.17444444
      ],
      [
       11.31416667,
       57.89944444
      ],
      [
       11.0475,
       57.89944444
      ],
      [
       10.8475,
       58.25777778
      ],
      [
       10.70583333,
       58.41611111
      ]
     ]
    ]
   },
   "properties": {
    "lager": "Restriktionsområde",
    "namn": "ES R60",
    "typ": "RSTA",
    "beteckning": "ESAA",
    "plats": "ES R60 LYSEKIL",
    "hojd": "GND–40500",
    "operator": "",
    "gäller_fr": "2026-06-11",
    "kommentar": "Militär verksamhet inklusive flygverksamhet.\nTillstånd kan erhållas från MALMÖ ACC or LANDVETTER ATS.\n\nMilitary activities including aviation operations.\nPermission obtainable from MALMÖ ACC or LANDVETTER ATS."
   }
  },
  {
   "type": "Feature",
   "geometry": {
    "type": "Polygon",
    "coordinates": [
     [
      [
       13.4803,
       62.3406
      ],
      [
       13.6719,
       62.3406
      ],
      [
       13.6969,
       62.2656
      ],
      [
       13.5969,
       62.2239
      ],
      [
       13.4219,
       62.2239
      ],
      [
       13.4053,
       62.2489
      ],
      [
       13.4803,
       62.3406
      ]
     ]
    ]
   },
   "properties": {
    "lager": "Restriktionsområde",
    "namn": "ES R61",
    "typ": "RSTA",
    "beteckning": "ESAA",
    "plats": "ES R61 SÅNFJÄLLET",
    "hojd": "GND–FL 70",
    "operator": "",
    "gäller_fr": "2026-06-11",
    "kommentar": "Nationalpark.\nSärskilda tillstånd från Transportstyrelsen krävs förutom operatörer som framgår av ENR 5.1 punkt 2.4.2.\n\nNational Park.\nSpecial permission by Swedish Transport Agency is required, except for operators specified in ENR 5.1 para 2.4.2."
   }
  },
  {
   "type": "Feature",
   "geometry": {
    "type": "Polygon",
    "coordinates": [
     [
      [
       11.99722222,
       57.65138889
      ],
      [
       12.04722222,
       57.61611111
      ],
      [
       11.99722222,
       57.58277778
      ],
      [
       11.93888889,
       57.60777778
      ],
      [
       11.99722222,
       57.65138889
      ]
     ]
    ]
   },
   "properties": {
    "lager": "Restriktionsområde",
    "namn": "ES R62",
    "typ": "RSTA",
    "beteckning": "ESAA",
    "plats": "ES R62 SISJÖN",
    "hojd": "GND–1800",
    "operator": "",
    "gäller_fr": "2026-06-11",
    "kommentar": "Militär verksamhet inklusive \nflygverksamhet upp till 1000 ft AMSL.\nTillstånd kan erhållas från MALMÖ \nACC eller LANDVETTER ATS.\n\nMilitary activities including aviation \noperations up to 1000 ft AMSL.\nPermission obtainable from MALMÖ \nACC or LANDVETTER ATS."
   }
  },
  {
   "type": "Feature",
   "geometry": {
    "type": "Polygon",
    "coordinates": [
     [
      [
       17.4006,
       59.5183
      ],
      [
       17.4975,
       59.5133
      ],
      [
       17.4919,
       59.4878
      ],
      [
       17.4639,
       59.4614
      ],
      [
       17.395,
       59.4972
      ],
      [
       17.4006,
       59.5183
      ]
     ]
    ]
   },
   "properties": {
    "lager": "Restriktionsområde",
    "namn": "ES R67",
    "typ": "RSTA",
    "beteckning": "ESAA",
    "plats": "ES R67 VECKHOLM",
    "hojd": "GND–2000",
    "operator": "",
    "gäller_fr": "2026-06-11",
    "kommentar": "Militär verksamhet inklusive flygverksamhet upp till 1500 ft AMSL.\nTillstånd kan erhållas från STOCKHOLM ACC.\n\nMilitary activities including aviation operations up to 1500 ft AMSL.\nPermission obtainable from STOCKHOLM ACC."
   }
  },
  {
   "type": "Feature",
   "geometry": {
    "type": "Polygon",
    "coordinates": [
     [
      [
       17.8297,
       59.0911
      ],
      [
       17.8825,
       59.0911
      ],
      [
       17.8464,
       59.0494
      ],
      [
       17.7964,
       59.0744
      ],
      [
       17.8297,
       59.0911
      ]
     ]
    ]
   },
   "properties": {
    "lager": "Restriktionsområde",
    "namn": "ES R68",
    "typ": "RSTA",
    "beteckning": "ESAA",
    "plats": "ES R68 GRINDSJÖN",
    "hojd": "GND–2000",
    "operator": "",
    "gäller_fr": "2026-06-11",
    "kommentar": "Skjutning, sprängning och UAS. \nTillstånd kan erhållas från STOCKHOLM ACC.\nUpprättat MÅN-FRE 0700-1530 (0600-1430).\n\nFiring, blasting and UAS. \nPermission obtainable from STOCKHOLM ACC. \nEstablished MON-FRI 0700-1530 (0600-1430)."
   }
  },
  {
   "type": "Feature",
   "geometry": {
    "type": "Polygon",
    "coordinates": [
     [
      [
       18.1961,
       62.7822
      ],
      [
       18.6628,
       62.7822
      ],
      [
       18.6628,
       62.6433
      ],
      [
       18.3461,
       62.4489
      ],
      [
       17.9464,
       62.4489
      ],
      [
       17.9797,
       62.5656
      ],
      [
       18.1961,
       62.7822
      ]
     ]
    ]
   },
   "properties": {
    "lager": "Restriktionsområde",
    "namn": "ES R70A",
    "typ": "RSTA",
    "beteckning": "ESAA",
    "plats": "ES R70A HÄRNÖN",
    "hojd": "GND–28000",
    "operator": "",
    "gäller_fr": "2026-06-11",
    "kommentar": "Militär verksamhet inklusive flygverksamhet.\nTillstånd kan erhållas från STOCKHOLM ACC eller SUNDSVALL ATS.\n\nMilitary activities including aviation operations.\nPermission obtainable from STOCKHOLM ACC or SUNDSVALL ATS."
   }
  },
  {
   "type": "Feature",
   "geometry": {
    "type": "Polygon",
    "coordinates": [
     [
      [
       15.48027778,
       56.11638889
      ],
      [
       15.62194444,
       56.11638889
      ],
      [
       15.78861111,
       56.06361111
      ],
      [
       15.78861111,
       55.94972222
      ],
      [
       15.66361111,
       55.89972222
      ],
      [
       15.66361111,
       55.99972222
      ],
      [
       15.60111111,
       56.04138889
      ],
      [
       15.39694444,
       56.07111111
      ],
      [
       15.48027778,
       56.11638889
      ]
     ]
    ]
   },
   "properties": {
    "lager": "Restriktionsområde",
    "namn": "ES R63A",
    "typ": "RSTA",
    "beteckning": "ESAA",
    "plats": "ES R63A STURKÖ NORD",
    "hojd": "GND–40500",
    "operator": "",
    "gäller_fr": "2026-06-11",
    "kommentar": "Militär verksamhet inklusive flygverksamhet.\nTillstånd kan erhållas från MALMÖ ACC eller RONNEBY ATS.\n\nMilitary activities including aviation operations.\nPermission obtainable from MALMÖ ACC or RONNEBY ATS."
   }
  },
  {
   "type": "Feature",
   "geometry": {
    "type": "Polygon",
    "coordinates": [
     [
      [
       15.39694444,
       56.07111111
      ],
      [
       15.60111111,
       56.04138889
      ],
      [
       15.66361111,
       55.99972222
      ],
      [
       15.66361111,
       55.89972222
      ],
      [
       15.56361111,
       55.90805556
      ],
      [
       15.46361111,
       55.96638889
      ],
      [
       15.39694444,
       56.07111111
      ]
     ]
    ]
   },
   "properties": {
    "lager": "Restriktionsområde",
    "namn": "ES R63B",
    "typ": "RSTA",
    "beteckning": "ESAA",
    "plats": "ES R63B STURKÖ SYD",
    "hojd": "GND–40500",
    "operator": "",
    "gäller_fr": "2026-06-11",
    "kommentar": "Militär verksamhet inklusive flygverksamhet.\nTillstånd kan erhållas från MALMÖ ACC eller RONNEBY ATS.\n\nMilitary activities including aviation operations.\nPermission obtainable from MALMÖ ACC or RONNEBY ATS."
   }
  },
  {
   "type": "Feature",
   "geometry": {
    "type": "Polygon",
    "coordinates": [
     [
      [
       15.5075,
       56.18972222
      ],
      [
       15.80805556,
       56.16472222
      ],
      [
       15.78861111,
       56.06361111
      ],
      [
       15.62194444,
       56.11638889
      ],
      [
       15.48027778,
       56.11638889
      ],
      [
       15.5075,
       56.18972222
      ]
     ]
    ]
   },
   "properties": {
    "lager": "Restriktionsområde",
    "namn": "ES R63C",
    "typ": "RSTA",
    "beteckning": "ESAA",
    "plats": "ES R63C STURKÖ INRE",
    "hojd": "GND–3500",
    "operator": "",
    "gäller_fr": "2026-06-11",
    "kommentar": "Militär verksamhet inklusive flygverksamhet.\nTillstånd kan erhållas från MALMÖ ACC eller RONNEBY ATS.\n\nMilitary activities including aviation operations.\nPermission obtainable from MALMÖ ACC or RONNEBY ATS."
   }
  },
  {
   "type": "Feature",
   "geometry": {
    "type": "Polygon",
    "coordinates": [
     [
      [
       15.65555556,
       56.14833333
      ],
      [
       15.665,
       56.14833333
      ],
      [
       15.665,
       56.14166667
      ],
      [
       15.65555556,
       56.14166667
      ],
      [
       15.65555556,
       56.14833333
      ]
     ]
    ]
   },
   "properties": {
    "lager": "Restriktionsområde",
    "namn": "ES R63D",
    "typ": "RSTA",
    "beteckning": "ESAA",
    "plats": "ES R63D STURKÖ POTTNEHOLMEN",
    "hojd": "GND–2200",
    "operator": "",
    "gäller_fr": "2026-06-11",
    "kommentar": "Militär verksamhet inklusive flygverksamhet.\nTillstånd kan erhållas från MALMÖ ACC eller RONNEBY ATS.\n\nMilitary activities including aviation operations.\nPermission obtainable from MALMÖ ACC or RONNEBY ATS."
   }
  },
  {
   "type": "Feature",
   "geometry": {
    "type": "Polygon",
    "coordinates": [
     [
      [
       15.55,
       56
      ],
      [
       15.61666667,
       56
      ],
      [
       15.61666667,
       55.96611111
      ],
      [
       15.55,
       55.96611111
      ],
      [
       15.55,
       56
      ]
     ]
    ]
   },
   "properties": {
    "lager": "Restriktionsområde",
    "namn": "ES R63E",
    "typ": "RSTA",
    "beteckning": "ESAA",
    "plats": "ES R63E STURKÖ AU RUTA",
    "hojd": "GND–2200",
    "operator": "",
    "gäller_fr": "2026-06-11",
    "kommentar": "Militär verksamhet inklusive flygverksamhet. \nTillstånd kan erhållas från MALMÖ ACC eller RONNEBY ATS.\n\nMilitary activities including aviation operations. \nPermission obtainable from MALMÖ ACC or RONNEBY ATS."
   }
  },
  {
   "type": "Feature",
   "geometry": {
    "type": "Polygon",
    "coordinates": [
     [
      [
       16.28,
       56.13305556
      ],
      [
       16.11333333,
       55.94972222
      ],
      [
       15.84416667,
       56.0775
      ],
      [
       15.83027778,
       56.08305556
      ],
      [
       16.28,
       56.13305556
      ]
     ]
    ]
   },
   "properties": {
    "lager": "Restriktionsområde",
    "namn": "ES R64M",
    "typ": "RSTA",
    "beteckning": "ESAA",
    "plats": "ES R64M TORHAMN",
    "hojd": "GND–21500",
    "operator": "",
    "gäller_fr": "2026-06-11",
    "kommentar": "Militär verksamhet inklusive flygverksamhet.\nTillstånd kan erhållas från MALMÖ ACC eller RONNEBY ATS.\n\nMilitary activities including aviation operations.\nPermission obtainable from MALMÖ ACC or RONNEBY ATS."
   }
  },
  {
   "type": "Feature",
   "geometry": {
    "type": "Polygon",
    "coordinates": [
     [
      [
       16.04666667,
       56.24972222
      ],
      [
       16.49666667,
       56.16638889
      ],
      [
       16.49666667,
       56.08305556
      ],
      [
       15.78861111,
       55.83305556
      ],
      [
       15.78861111,
       56.06361111
      ],
      [
       16.04666667,
       56.24972222
      ]
     ]
    ]
   },
   "properties": {
    "lager": "Restriktionsområde",
    "namn": "ES R64S",
    "typ": "RSTA",
    "beteckning": "ESAA",
    "plats": "ES R64S TORHAMN",
    "hojd": "GND–40500",
    "operator": "",
    "gäller_fr": "2026-06-11",
    "kommentar": "Militär verksamhet inklusive flygverksamhet. \nTillstånd kan erhållas från MALMÖ ACC eller RONNEBY ATS. \n\nMilitary activities including aviation operations.\nPermission obtainable from MALMÖ ACC or RONNEBY ATS."
   }
  },
  {
   "type": "Feature",
   "geometry": {
    "type": "Polygon",
    "coordinates": [
     [
      [
       17.68805556,
       58.91611111
      ],
      [
       17.87138889,
       58.86611111
      ],
      [
       17.88305556,
       58.63444444
      ],
      [
       17.59638889,
       58.73277778
      ],
      [
       17.56305556,
       58.79111111
      ],
      [
       17.57972222,
       58.86611111
      ],
      [
       17.68805556,
       58.91611111
      ]
     ]
    ]
   },
   "properties": {
    "lager": "Restriktionsområde",
    "namn": "ES R66",
    "typ": "RSTA",
    "beteckning": "ESAA",
    "plats": "ES R66 ASKÖ",
    "hojd": "GND–7500",
    "operator": "",
    "gäller_fr": "2026-06-11",
    "kommentar": "Militär verksamhet inklusive flygverksamhet.\nTillstånd kan erhållas från STOCKHOLM ACC. \n\nMilitary activities including aviation operations. \nPermission obtainable from STOCKHOLM ACC."
   }
  },
  {
   "type": "Feature",
   "geometry": {
    "type": "Polygon",
    "coordinates": [
     [
      [
       18.1294,
       62.7656
      ],
      [
       18.1808,
       62.7656
      ],
      [
       18.0797,
       62.6656
      ],
      [
       18.0089,
       62.6656
      ],
      [
       18.0131,
       62.6906
      ],
      [
       18.1294,
       62.7656
      ]
     ]
    ]
   },
   "properties": {
    "lager": "Restriktionsområde",
    "namn": "ES R70B",
    "typ": "RSTA",
    "beteckning": "ESAA",
    "plats": "ES R70B PRÄSTHUS",
    "hojd": "GND–4500",
    "operator": "",
    "gäller_fr": "2026-06-11",
    "kommentar": "Militär verksamhet inklusive flygverksamhet.\nTillstånd kan erhållas från STOCKHOLM ACC eller SUNDSVALL ATS.\n\nMilitary activities including aviation operations.\nPermission obtainable from STOCKHOLM ACC or SUNDSVALL ATS."
   }
  },
  {
   "type": "Feature",
   "geometry": {
    "type": "Polygon",
    "coordinates": [
     [
      [
       18.0089,
       62.6656
      ],
      [
       18.1628,
       62.6656
      ],
      [
       18.0964,
       62.5989
      ],
      [
       17.9964,
       62.5989
      ],
      [
       18.0089,
       62.6656
      ]
     ]
    ]
   },
   "properties": {
    "lager": "Restriktionsområde",
    "namn": "ES R70C",
    "typ": "RSTA",
    "beteckning": "ESAA",
    "plats": "ES R70C VANGSTA",
    "hojd": "GND–16500",
    "operator": "",
    "gäller_fr": "2026-06-11",
    "kommentar": "Militär verksamhet inklusive flygverksamhet.\nTillstånd kan erhållas från STOCKHOLM ACC eller SUNDSVALL ATS.\n\nMilitary activities including aviation operations.\nPermission obtainable from STOCKHOLM ACC or SUNDSVALL ATS."
   }
  },
  {
   "type": "Feature",
   "geometry": {
    "type": "Polygon",
    "coordinates": [
     [
      [
       17.9631,
       62.5989
      ],
      [
       18.0131,
       62.5989
      ],
      [
       17.9797,
       62.5656
      ],
      [
       17.9686,
       62.5322
      ],
      [
       17.8797,
       62.5656
      ],
      [
       17.9631,
       62.5989
      ]
     ]
    ]
   },
   "properties": {
    "lager": "Restriktionsområde",
    "namn": "ES R70D",
    "typ": "RSTA",
    "beteckning": "ESAA",
    "plats": "ES R70D SKÄRSVIKEN",
    "hojd": "GND–4500",
    "operator": "",
    "gäller_fr": "2026-06-11",
    "kommentar": "Militär verksamhet inklusive flygverksamhet.\nTillstånd kan erhållas från STOCKHOLM ACC eller SUNDSVALL ATS.\n\nMilitary activities including aviation operations.\nPermission obtainable from STOCKHOLM ACC or SUNDSVALL ATS."
   }
  },
  {
   "type": "Feature",
   "geometry": {
    "type": "Polygon",
    "coordinates": [
     [
      [
       18.12333333,
       58.91611111
      ],
      [
       17.91583333,
       58.58305556
      ],
      [
       17.88305556,
       58.63444444
      ],
      [
       17.87138889,
       58.86611111
      ],
      [
       17.96305556,
       58.87166667
      ],
      [
       18.12333333,
       58.91611111
      ]
     ]
    ]
   },
   "properties": {
    "lager": "Restriktionsområde",
    "namn": "ES R71A",
    "typ": "RSTA",
    "beteckning": "ESAA",
    "plats": "ES R71A NÅTTARÖ",
    "hojd": "GND–40500",
    "operator": "",
    "gäller_fr": "2026-06-11",
    "kommentar": "Militär verksamhet inklusive flygverksamhet.\nTillstånd kan erhållas från STOCKHOLM ACC.\n\nMilitary activities including aviation operations.\nPermission obtainable from STOCKHOLM ACC."
   }
  },
  {
   "type": "Feature",
   "geometry": {
    "type": "Polygon",
    "coordinates": [
     [
      [
       18.12333333,
       58.91611111
      ],
      [
       18.23444444,
       58.72805556
      ],
      [
       17.91583333,
       58.58305556
      ],
      [
       18.12333333,
       58.91611111
      ]
     ]
    ]
   },
   "properties": {
    "lager": "Restriktionsområde",
    "namn": "ES R71B",
    "typ": "RSTA",
    "beteckning": "ESAA",
    "plats": "ES R71B NÅTTARÖ",
    "hojd": "GND–40500",
    "operator": "",
    "gäller_fr": "2026-06-11",
    "kommentar": "Militär verksamhet inklusive flygverksamhet.\nTillstånd kan erhållas från STOCKHOLM ACC.\n\nMilitary activities including aviation operations.\nPermission obtainable from STOCKHOLM ACC."
   }
  },
  {
   "type": "Feature",
   "geometry": {
    "type": "Polygon",
    "coordinates": [
     [
      [
       18.12333333,
       58.91611111
      ],
      [
       18.43,
       58.81611111
      ],
      [
       18.3075,
       58.76111111
      ],
      [
       18.23444444,
       58.72805556
      ],
      [
       18.12333333,
       58.91611111
      ]
     ]
    ]
   },
   "properties": {
    "lager": "Restriktionsområde",
    "namn": "ES R71C",
    "typ": "RSTA",
    "beteckning": "ESAA",
    "plats": "ES R71C NÅTTARÖ",
    "hojd": "GND–40500",
    "operator": "",
    "gäller_fr": "2026-06-11",
    "kommentar": "Militär verksamhet inklusive flygverksamhet.\nTillstånd kan erhållas från STOCKHOLM ACC.\n\nMilitary activities including aviation operations.\nPermission obtainable from STOCKHOLM ACC."
   }
  },
  {
   "type": "Feature",
   "geometry": {
    "type": "Polygon",
    "coordinates": [
     [
      [
       18.48805556,
       59.01611111
      ],
      [
       18.51305556,
       58.89944444
      ],
      [
       18.43,
       58.81611111
      ],
      [
       18.12333333,
       58.91611111
      ],
      [
       18.48805556,
       59.01611111
      ]
     ]
    ]
   },
   "properties": {
    "lager": "Restriktionsområde",
    "namn": "ES R71D",
    "typ": "RSTA",
    "beteckning": "ESAA",
    "plats": "ES R71D NÅTTARÖ",
    "hojd": "GND–40500",
    "operator": "",
    "gäller_fr": "2026-06-11",
    "kommentar": "Militär verksamhet inklusive flygverksamhet.\nTillstånd kan erhållas från STOCKHOLM ACC.\n\nMilitary activities including aviation operations.\nPermission obtainable from STOCKHOLM ACC."
   }
  },
  {
   "type": "Feature",
   "geometry": {
    "type": "Polygon",
    "coordinates": [
     [
      [
       18.3075,
       58.76111111
      ],
      [
       18.50666667,
       58.67305556
      ],
      [
       18.19638889,
       58.54527778
      ],
      [
       17.97138889,
       58.49527778
      ],
      [
       17.91583333,
       58.58305556
      ],
      [
       18.23444444,
       58.72805556
      ],
      [
       18.3075,
       58.76111111
      ]
     ]
    ]
   },
   "properties": {
    "lager": "Restriktionsområde",
    "namn": "ES R71E",
    "typ": "RSTA",
    "beteckning": "ESAA",
    "plats": "ES R71E NÅTTARÖ",
    "hojd": "GND–40500",
    "operator": "",
    "gäller_fr": "2026-06-11",
    "kommentar": "Militär verksamhet inklusive flygverksamhet.\nTillstånd kan erhållas från STOCKHOLM ACC.\n\nMilitary activities including aviation operations.\nPermission obtainable from STOCKHOLM ACC."
   }
  },
  {
   "type": "Feature",
   "geometry": {
    "type": "Polygon",
    "coordinates": [
     [
      [
       19.05416667,
       65.59027778
      ],
      [
       19.14583333,
       65.59027778
      ],
      [
       19.2125,
       65.56527778
      ],
      [
       19.25416667,
       65.52361111
      ],
      [
       19.2375,
       65.49861111
      ],
      [
       19.0625,
       65.47361111
      ],
      [
       19.0375,
       65.54861111
      ],
      [
       19.05416667,
       65.59027778
      ]
     ]
    ]
   },
   "properties": {
    "lager": "Restriktionsområde",
    "namn": "ES R74",
    "typ": "RSTA",
    "beteckning": "ESAA",
    "plats": "ES R74 ARVIDSJAUR",
    "hojd": "GND–15500",
    "operator": "",
    "gäller_fr": "2026-06-11",
    "kommentar": "Militär verksamhet.\nTillstånd kan erhållas från STOCKHOLM ACC eller ARVIDSJAUR ATS.\n\nMilitary activities.\nPermission obtainable from STOCKHOLM ACC or ARVIDSJAUR ATS."
   }
  },
  {
   "type": "Feature",
   "geometry": {
    "type": "Polygon",
    "coordinates": [
     [
      [
       13.86361111,
       58.32444444
      ],
      [
       13.93027778,
       58.31611111
      ],
      [
       13.91361111,
       58.25777778
      ],
      [
       13.83027778,
       58.26611111
      ],
      [
       13.86361111,
       58.32444444
      ]
     ]
    ]
   },
   "properties": {
    "lager": "Restriktionsområde",
    "namn": "ES R75",
    "typ": "RSTA",
    "beteckning": "ESAA",
    "plats": "ES R75 SKÖVDE",
    "hojd": "GND–10000",
    "operator": "",
    "gäller_fr": "2026-06-11",
    "kommentar": "Militär verksamhet inklusive flygverksamhet.\nTillstånd kan erhållas från MALMÖ ACC.\n\nMilitary activities including aviation operations.\nPermission obtainable from MALMÖ ACC."
   }
  },
  {
   "type": "Feature",
   "geometry": {
    "type": "Polygon",
    "coordinates": [
     [
      [
       23.145,
       66.24861111
      ],
      [
       23.21166667,
       66.16527778
      ],
      [
       23.195,
       66.11527778
      ],
      [
       22.92861111,
       66.16527778
      ],
      [
       22.94527778,
       66.23194444
      ],
      [
       23.145,
       66.24861111
      ]
     ]
    ]
   },
   "properties": {
    "lager": "Restriktionsområde",
    "namn": "ES R76",
    "typ": "RSTA",
    "beteckning": "ESAA",
    "plats": "ES R76 LOMBEN",
    "hojd": "GND–14500",
    "operator": "",
    "gäller_fr": "2026-06-11",
    "kommentar": "Militär verksamhet inklusive flygverksamhet.\nTillstånd kan erhållas från STOCKHOLM ACC.\n\nMilitary activities including aviation operations.\nPermission obtainable from STOCKHOLM ACC."
   }
  },
  {
   "type": "Feature",
   "geometry": {
    "type": "Polygon",
    "coordinates": [
     [
      [
       17.2964,
       59.8242
      ],
      [
       17.3131,
       59.7828
      ],
      [
       17.2297,
       59.7828
      ],
      [
       17.2297,
       59.8158
      ],
      [
       17.2964,
       59.8242
      ]
     ]
    ]
   },
   "properties": {
    "lager": "Restriktionsområde",
    "namn": "ES R77",
    "typ": "RSTA",
    "beteckning": "ESAA",
    "plats": "ES R77 SKOGSTIBBLE",
    "hojd": "GND–3500",
    "operator": "",
    "gäller_fr": "2026-06-11",
    "kommentar": "Militär verksamhet inklusive flygverksamhet upp till 1200 ft AMSL.\nTillstånd kan erhållas från STOCKHOLM ACC eller UPPSALA ATS.\n\nMilitary activities including aviation operations up to 1200 ft AMSL.\nPermission obtainable from STOCKHOLM ACC or UPPSALA ATS."
   }
  },
  {
   "type": "Feature",
   "geometry": {
    "type": "Polygon",
    "coordinates": [
     [
      [
       13.73861111,
       59.7825
      ],
      [
       13.83027778,
       59.76583333
      ],
      [
       13.83027778,
       59.69638889
      ],
      [
       13.74694444,
       59.69916667
      ],
      [
       13.71361111,
       59.7325
      ],
      [
       13.73861111,
       59.7825
      ]
     ]
    ]
   },
   "properties": {
    "lager": "Restriktionsområde",
    "namn": "ES R78",
    "typ": "RSTA",
    "beteckning": "ESAA",
    "plats": "ES R78 HORSSJÖN",
    "hojd": "GND–8500",
    "operator": "",
    "gäller_fr": "2026-06-11",
    "kommentar": "Militär verksamhet inklusive flygverksamhet upp till 4000 ft AMSL.\nTillstånd kan erhållas från STOCKHOLM ACC eller KARLSTAD ATS.\n\nMilitary activities including aviation operations up to 4000 ft AMSL.\nPermission obtainable from STOCKHOLM ACC or KARLSTAD ATS."
   }
  },
  {
   "type": "Feature",
   "geometry": {
    "type": "Polygon",
    "coordinates": [
     [
      [
       20.8458,
       63.6822
      ],
      [
       20.9208,
       63.6822
      ],
      [
       20.7708,
       63.5322
      ],
      [
       20.6708,
       63.5822
      ],
      [
       20.8458,
       63.6822
      ]
     ]
    ]
   },
   "properties": {
    "lager": "Restriktionsområde",
    "namn": "ES R85",
    "typ": "RSTA",
    "beteckning": "ESAA",
    "plats": "ES R85 HOLMÖGADD",
    "hojd": "GND–UNL",
    "operator": "",
    "gäller_fr": "2026-06-11",
    "kommentar": "Tillstånd krävs endast när så tillkännages genom NOTAM eller AIP SUP.\n \nPermission required only when so is promulgated by NOTAM or AIP SUP."
   }
  },
  {
   "type": "Feature",
   "geometry": {
    "type": "Polygon",
    "coordinates": [
     [
      [
       19.1097,
       59.8786
      ],
      [
       19.2322,
       59.8439
      ],
      [
       19.3711,
       59.7911
      ],
      [
       19.4128,
       59.7411
      ],
      [
       19.1961,
       59.6578
      ],
      [
       19.0464,
       59.7828
      ],
      [
       19.1097,
       59.8786
      ]
     ]
    ]
   },
   "properties": {
    "lager": "Restriktionsområde",
    "namn": "ES R87",
    "typ": "RSTA",
    "beteckning": "ESAA",
    "plats": "ES R87 SÖDERARM",
    "hojd": "GND–UNL",
    "operator": "",
    "gäller_fr": "2026-06-11",
    "kommentar": "Tillstånd krävs endast när så tillkännages genom NOTAM eller AIP SUP.\n \nPermission required only when so is promulgated by NOTAM or AIP SUP."
   }
  },
  {
   "type": "Feature",
   "geometry": {
    "type": "Polygon",
    "coordinates": [
     [
      [
       17.7006,
       58.8911
      ],
      [
       17.8547,
       58.6661
      ],
      [
       17.6308,
       58.8108
      ],
      [
       17.7006,
       58.8911
      ]
     ]
    ]
   },
   "properties": {
    "lager": "Restriktionsområde",
    "namn": "ES R88",
    "typ": "RSTA",
    "beteckning": "ESAA",
    "plats": "ES R88 LANDSORT",
    "hojd": "GND–UNL",
    "operator": "",
    "gäller_fr": "2026-06-11",
    "kommentar": "Tillstånd krävs endast när så tillkännages genom NOTAM eller AIP SUP.\n \nPermission required only when so is promulgated by NOTAM or AIP SUP."
   }
  },
  {
   "type": "Feature",
   "geometry": {
    "type": "Polygon",
    "coordinates": [
     [
      [
       17.825,
       59.19241211
      ],
      [
       17.82345366,
       59.19244723
      ],
      [
       17.82191941,
       59.19255231
      ],
      [
       17.82040925,
       59.19272653
      ],
      [
       17.81893499,
       59.19296853
      ],
      [
       17.81750816,
       59.19327642
      ],
      [
       17.81613993,
       59.19364778
      ],
      [
       17.81484099,
       59.19407972
      ],
      [
       17.81362151,
       59.19456885
      ],
      [
       17.81249103,
       59.19511135
      ],
      [
       17.81145839,
       59.19570298
      ],
      [
       17.81053168,
       59.1963391
      ],
      [
       17.80971816,
       59.19701475
      ],
      [
       17.80902419,
       59.19772463
      ],
      [
       17.80845522,
       59.1984632
      ],
      [
       17.80801569,
       59.19922467
      ],
      [
       17.80770907,
       59.20000308
      ],
      [
       17.80753776,
       59.20079235
      ],
      [
       17.8075031,
       59.2015863
      ],
      [
       17.80760538,
       59.20237871
      ],
      [
       17.80784381,
       59.20316338
      ],
      [
       17.80821654,
       59.20393417
      ],
      [
       17.80872064,
       59.20468505
      ],
      [
       17.80935219,
       59.20541014
      ],
      [
       17.81010625,
       59.20610376
      ],
      [
       17.81097692,
       59.20676048
      ],
      [
       17.81195739,
       59.20737516
      ],
      [
       17.81303999,
       59.20794299
      ],
      [
       17.81421625,
       59.20845951
      ],
      [
       17.81547696,
       59.20892069
      ],
      [
       17.81681225,
       59.20932292
      ],
      [
       17.81821166,
       59.20966304
      ],
      [
       17.81966424,
       59.20993838
      ],
      [
       17.82115861,
       59.2101468
      ],
      [
       17.82268306,
       59.21028666
      ],
      [
       17.82422567,
       59.21035687
      ],
      [
       17.82577433,
       59.21035687
      ],
      [
       17.82731694,
       59.21028666
      ],
      [
       17.82884139,
       59.2101468
      ],
      [
       17.83033576,
       59.20993838
      ],
      [
       17.83178834,
       59.20966304
      ],
      [
       17.83318775,
       59.20932292
      ],
      [
       17.83452304,
       59.20892069
      ],
      [
       17.83578375,
       59.20845951
      ],
      [
       17.83696001,
       59.20794299
      ],
      [
       17.83804261,
       59.20737516
      ],
      [
       17.83902308,
       59.20676048
      ],
      [
       17.83989375,
       59.20610376
      ],
      [
       17.84064781,
       59.20541014
      ],
      [
       17.84127936,
       59.20468505
      ],
      [
       17.84178346,
       59.20393417
      ],
      [
       17.84215619,
       59.20316338
      ],
      [
       17.84239462,
       59.20237871
      ],
      [
       17.8424969,
       59.2015863
      ],
      [
       17.84246224,
       59.20079235
      ],
      [
       17.84229093,
       59.20000308
      ],
      [
       17.84198431,
       59.19922467
      ],
      [
       17.84154478,
       59.1984632
      ],
      [
       17.84097581,
       59.19772463
      ],
      [
       17.84028184,
       59.19701475
      ],
      [
       17.83946832,
       59.1963391
      ],
      [
       17.83854161,
       59.19570298
      ],
      [
       17.83750897,
       59.19511135
      ],
      [
       17.83637849,
       59.19456885
      ],
      [
       17.83515901,
       59.19407972
      ],
      [
       17.83386007,
       59.19364778
      ],
      [
       17.83249184,
       59.19327642
      ],
      [
       17.83106501,
       59.19296853
      ],
      [
       17.82959075,
       59.19272653
      ],
      [
       17.82808059,
       59.19255231
      ],
      [
       17.82654634,
       59.19244723
      ],
      [
       17.825,
       59.19241211
      ]
     ]
    ]
   },
   "properties": {
    "lager": "Restriktionsområde",
    "namn": "ES R105",
    "typ": "RSTA",
    "beteckning": "ESAA",
    "plats": "ES R105 TUMBA",
    "hojd": "GND–2000",
    "operator": "",
    "gäller_fr": "2026-06-11",
    "kommentar": "Särskilt tillstånd från Transportstyrelsen krävs förutom för operatörer specificerade i ENR 5.1 punkt 2.4.1.\n\nSpecial permission by Swedish Transport Agency is required, except for operators specified in ENR 5.1 para 2.4.1."
   }
  },
  {
   "type": "Feature",
   "geometry": {
    "type": "Polygon",
    "coordinates": [
     [
      [
       17.9325,
       59.20546768
      ],
      [
       17.93095307,
       59.2055028
      ],
      [
       17.92941823,
       59.20560788
      ],
      [
       17.92790749,
       59.2057821
      ],
      [
       17.92643267,
       59.2060241
      ],
      [
       17.9250053,
       59.20633199
      ],
      [
       17.92363655,
       59.20670335
      ],
      [
       17.92233711,
       59.20713529
      ],
      [
       17.92111717,
       59.20762442
      ],
      [
       17.91998625,
       59.20816692
      ],
      [
       17.91895322,
       59.20875854
      ],
      [
       17.91802616,
       59.20939467
      ],
      [
       17.91721233,
       59.21007031
      ],
      [
       17.91651809,
       59.2107802
      ],
      [
       17.9159489,
       59.21151876
      ],
      [
       17.91550921,
       59.21228023
      ],
      [
       17.91520247,
       59.21305864
      ],
      [
       17.91503109,
       59.21384791
      ],
      [
       17.91499642,
       59.21464185
      ],
      [
       17.91509874,
       59.21543426
      ],
      [
       17.91533726,
       59.21621893
      ],
      [
       17.91571013,
       59.21698972
      ],
      [
       17.91621443,
       59.2177406
      ],
      [
       17.91684622,
       59.21846569
      ],
      [
       17.91760056,
       59.21915931
      ],
      [
       17.91847157,
       59.21981602
      ],
      [
       17.91945241,
       59.2204307
      ],
      [
       17.92053543,
       59.22099853
      ],
      [
       17.92171213,
       59.22151505
      ],
      [
       17.92297332,
       59.22197623
      ],
      [
       17.92430912,
       59.22237846
      ],
      [
       17.92570906,
       59.22271857
      ],
      [
       17.9271622,
       59.22299392
      ],
      [
       17.92865714,
       59.22320234
      ],
      [
       17.93018218,
       59.2233422
      ],
      [
       17.93172537,
       59.2234124
      ],
      [
       17.93327463,
       59.2234124
      ],
      [
       17.93481782,
       59.2233422
      ],
      [
       17.93634286,
       59.22320234
      ],
      [
       17.9378378,
       59.22299392
      ],
      [
       17.93929094,
       59.22271857
      ],
      [
       17.94069088,
       59.22237846
      ],
      [
       17.94202668,
       59.22197623
      ],
      [
       17.94328787,
       59.22151505
      ],
      [
       17.94446457,
       59.22099853
      ],
      [
       17.94554759,
       59.2204307
      ],
      [
       17.94652843,
       59.21981602
      ],
      [
       17.94739944,
       59.21915931
      ],
      [
       17.94815378,
       59.21846569
      ],
      [
       17.94878557,
       59.2177406
      ],
      [
       17.94928987,
       59.21698972
      ],
      [
       17.94966274,
       59.21621893
      ],
      [
       17.94990126,
       59.21543426
      ],
      [
       17.95000358,
       59.21464185
      ],
      [
       17.94996891,
       59.21384791
      ],
      [
       17.94979753,
       59.21305864
      ],
      [
       17.94949079,
       59.21228023
      ],
      [
       17.9490511,
       59.21151876
      ],
      [
       17.94848191,
       59.2107802
      ],
      [
       17.94778767,
       59.21007031
      ],
      [
       17.94697384,
       59.20939467
      ],
      [
       17.94604678,
       59.20875854
      ],
      [
       17.94501375,
       59.20816692
      ],
      [
       17.94388283,
       59.20762442
      ],
      [
       17.94266289,
       59.20713529
      ],
      [
       17.94136345,
       59.20670335
      ],
      [
       17.9399947,
       59.20633199
      ],
      [
       17.93856733,
       59.2060241
      ],
      [
       17.93709251,
       59.2057821
      ],
      [
       17.93558177,
       59.20560788
      ],
      [
       17.93404693,
       59.2055028
      ],
      [
       17.9325,
       59.20546768
      ]
     ]
    ]
   },
   "properties": {
    "lager": "Restriktionsområde",
    "namn": "ES R110",
    "typ": "RSTA",
    "beteckning": "ESAA",
    "plats": "ES R110 HUDDINGE",
    "hojd": "GND–1500",
    "operator": "",
    "gäller_fr": "2026-06-11",
    "kommentar": "Särskilt tillstånd från Transportstyrelsen krävs förutom för operatörer specificerade i ENR 5.1 punkt 2.4.1.\n\nSpecial permission by Swedish Transport Agency is required,\nexcept for operators specified in ENR 5.1 para 2.4.1"
   }
  },
  {
   "type": "Feature",
   "geometry": {
    "type": "Polygon",
    "coordinates": [
     [
      [
       20.81194444,
       67.99
      ],
      [
       21.465,
       67.99
      ],
      [
       21.27027778,
       67.79
      ],
      [
       20.91194444,
       67.79
      ],
      [
       20.81194444,
       67.99
      ]
     ]
    ]
   },
   "properties": {
    "lager": "Restriktionsområde",
    "namn": "ES R1A",
    "typ": "RSTA",
    "beteckning": "ESAA",
    "plats": "ES R1A ESRANGE",
    "hojd": "GND–UNL",
    "operator": "",
    "gäller_fr": "2026-06-11",
    "kommentar": "Rymdbas.\nRaketuppskjutning, raketmotortester, ballonguppsläpp, flygverksamhet inklusive UAS, nedsläpp av nyttolast. \nTillstånd kan erhållas från STOCKHOLM ACC eller KIRUNA ATS.\n \nSpace center.\nRocket firing, rocket engine tests, balloon ascends, aviation activities including UAS, cargo drops.\nPermission obtainable from STOCKHOLM ACC or KIRUNA ATS."
   }
  },
  {
   "type": "Feature",
   "geometry": {
    "type": "Polygon",
    "coordinates": [
     [
      [
       17.69944444,
       59.60111111
      ],
      [
       17.70111111,
       59.60111111
      ],
      [
       17.705,
       59.60083333
      ],
      [
       17.71416667,
       59.59694444
      ],
      [
       17.73444444,
       59.59222222
      ],
      [
       17.75305556,
       59.59416667
      ],
      [
       17.76944444,
       59.59
      ],
      [
       17.78694444,
       59.58111111
      ],
      [
       17.78805556,
       59.58
      ],
      [
       17.79222222,
       59.57583333
      ],
      [
       17.7925,
       59.57194444
      ],
      [
       17.79722222,
       59.56638889
      ],
      [
       17.79972222,
       59.565
      ],
      [
       17.80194444,
       59.56222222
      ],
      [
       17.80416667,
       59.55444444
      ],
      [
       17.80444444,
       59.55111111
      ],
      [
       17.80361111,
       59.55
      ],
      [
       17.76722222,
       59.53361111
      ],
      [
       17.73333333,
       59.54833333
      ],
      [
       17.70222222,
       59.56194444
      ],
      [
       17.68666667,
       59.56861111
      ],
      [
       17.67638889,
       59.59
      ],
      [
       17.69944444,
       59.60111111
      ]
     ]
    ]
   },
   "properties": {
    "lager": "Restriktionsområde",
    "namn": "ES R16",
    "typ": "RSTA",
    "beteckning": "ESAA",
    "plats": "ES R16 KUNGSÄNGEN",
    "hojd": "GND–1600",
    "operator": "",
    "gäller_fr": "2026-06-11",
    "kommentar": "Militär verksamhet inklusive flygverksamhet med UAS upp till \n400 ft AGL.\nTillstånd kan erhållas från STOCKHOLM ACC eller ARLANDA ATS.\n\nMilitary activities including aviation operations with UAS up to 400 ft AGL.\nPermission obtainable from STOCKHOLM ACC or ARLANDA ATS."
   }
  },
  {
   "type": "Feature",
   "geometry": {
    "type": "Polygon",
    "coordinates": [
     [
      [
       14.84694444,
       56.11476154
      ],
      [
       14.84273227,
       56.11486566
      ],
      [
       14.83855299,
       56.11517723
      ],
      [
       14.83443925,
       56.1156938
      ],
      [
       14.83042319,
       56.11641134
      ],
      [
       14.82653618,
       56.11732424
      ],
      [
       14.82280859,
       56.11842538
      ],
      [
       14.81926956,
       56.11970616
      ],
      [
       14.81594677,
       56.12115655
      ],
      [
       14.81286618,
       56.12276525
      ],
      [
       14.81005193,
       56.12451966
      ],
      [
       14.80752602,
       56.12640608
      ],
      [
       14.80530827,
       56.12840976
      ],
      [
       14.80341604,
       56.13051505
      ],
      [
       14.80186419,
       56.13270547
      ],
      [
       14.80066492,
       56.1349639
      ],
      [
       14.79982767,
       56.13727267
      ],
      [
       14.79935905,
       56.13961373
      ],
      [
       14.79926281,
       56.14196874
      ],
      [
       14.79953975,
       56.14431929
      ],
      [
       14.80018778,
       56.14664697
      ],
      [
       14.80120189,
       56.14893357
      ],
      [
       14.80257422,
       56.15116117
      ],
      [
       14.80429406,
       56.15331233
      ],
      [
       14.80634801,
       56.1553702
      ],
      [
       14.80872003,
       56.15731866
      ],
      [
       14.81139157,
       56.15914244
      ],
      [
       14.81434175,
       56.16082725
      ],
      [
       14.81754748,
       56.16235989
      ],
      [
       14.82098365,
       56.16372834
      ],
      [
       14.82462335,
       56.16492187
      ],
      [
       14.82843806,
       56.16593113
      ],
      [
       14.83239789,
       56.1667482
      ],
      [
       14.83647179,
       56.16736668
      ],
      [
       14.84062782,
       56.16778171
      ],
      [
       14.84483338,
       56.16799005
      ],
      [
       14.84905551,
       56.16799005
      ],
      [
       14.85326107,
       56.16778171
      ],
      [
       14.8574171,
       56.16736668
      ],
      [
       14.861491,
       56.1667482
      ],
      [
       14.86545083,
       56.16593113
      ],
      [
       14.86926554,
       56.16492187
      ],
      [
       14.87290524,
       56.16372834
      ],
      [
       14.87634141,
       56.16235989
      ],
      [
       14.87954714,
       56.16082725
      ],
      [
       14.88249732,
       56.15914244
      ],
      [
       14.88516886,
       56.15731866
      ],
      [
       14.88754088,
       56.1553702
      ],
      [
       14.88959483,
       56.15331233
      ],
      [
       14.89131467,
       56.15116117
      ],
      [
       14.89268699,
       56.14893357
      ],
      [
       14.89370111,
       56.14664697
      ],
      [
       14.89434914,
       56.14431929
      ],
      [
       14.89462608,
       56.14196874
      ],
      [
       14.89452984,
       56.13961373
      ],
      [
       14.89406122,
       56.13727267
      ],
      [
       14.89322397,
       56.1349639
      ],
      [
       14.8920247,
       56.13270547
      ],
      [
       14.89047285,
       56.13051505
      ],
      [
       14.88858062,
       56.12840976
      ],
      [
       14.88636286,
       56.12640608
      ],
      [
       14.88383696,
       56.12451966
      ],
      [
       14.8810227,
       56.12276525
      ],
      [
       14.87794212,
       56.12115655
      ],
      [
       14.87461932,
       56.11970616
      ],
      [
       14.8710803,
       56.11842538
      ],
      [
       14.86735271,
       56.11732424
      ],
      [
       14.8634657,
       56.11641134
      ],
      [
       14.85944964,
       56.1156938
      ],
      [
       14.8553359,
       56.11517723
      ],
      [
       14.85115662,
       56.11486566
      ],
      [
       14.84694444,
       56.11476154
      ]
     ]
    ]
   },
   "properties": {
    "lager": "Restriktionsområde",
    "namn": "ES R91",
    "typ": "RSTA",
    "beteckning": "ESAA",
    "plats": "ES R91 STÄRNÖ",
    "hojd": "GND–UNL",
    "operator": "",
    "gäller_fr": "2026-06-11",
    "kommentar": "Tillstånd krävs endast när så tillkännages genom NOTAM eller AIP SUP.\n \nPermission required only when so is promulgated by NOTAM or AIP SUP."
   }
  },
  {
   "type": "Feature",
   "geometry": {
    "type": "Polygon",
    "coordinates": [
     [
      [
       11.7214,
       57.655
      ],
      [
       11.7836,
       57.655
      ],
      [
       11.7931,
       57.6225
      ],
      [
       11.8222,
       57.6122
      ],
      [
       11.8236,
       57.5911
      ],
      [
       11.7139,
       57.5828
      ],
      [
       11.7214,
       57.655
      ]
     ]
    ]
   },
   "properties": {
    "lager": "Restriktionsområde",
    "namn": "ES R93",
    "typ": "RSTA",
    "beteckning": "ESAA",
    "plats": "ES R93 STYRSÖ",
    "hojd": "GND–UNL",
    "operator": "",
    "gäller_fr": "2026-06-11",
    "kommentar": "Tillstånd krävs endast när så tillkännages genom NOTAM eller AIP SUP.\n \nPermission required only when so is promulgated by NOTAM or AIP SUP."
   }
  },
  {
   "type": "Feature",
   "geometry": {
    "type": "Polygon",
    "coordinates": [
     [
      [
       14.90361111,
       59.44277778
      ],
      [
       14.99027778,
       59.405
      ],
      [
       14.96583333,
       59.35166667
      ],
      [
       14.91611111,
       59.29472222
      ],
      [
       14.83111111,
       59.25333333
      ],
      [
       14.77305556,
       59.27638889
      ],
      [
       14.6925,
       59.28222222
      ],
      [
       14.67666667,
       59.295
      ],
      [
       14.58027778,
       59.32694444
      ],
      [
       14.58027778,
       59.34722222
      ],
      [
       14.90361111,
       59.44277778
      ]
     ]
    ]
   },
   "properties": {
    "lager": "Restriktionsområde",
    "namn": "ES R18A",
    "typ": "RSTA",
    "beteckning": "ESAA",
    "plats": "ES R18A BOFORS, VILLINGSBERG",
    "hojd": "GND–UNL",
    "operator": "",
    "gäller_fr": "2026-06-11",
    "kommentar": "Skjutning, sprängning, UAS, bombning/CAS, test- och utvärderingsflyg, målbogsering och släpp av nyttolast.\nTillstånd kan erhållas från STOCKHOLM ACC eller ÖREBRO ATS.\n\nFiring, blasting, UAS, bombing/CAS, test and evaluation flights, target towing and air drop. \nPermission obtainable from STOCKHOLM ACC or ÖREBRO ATS."
   }
  },
  {
   "type": "Feature",
   "geometry": {
    "type": "Polygon",
    "coordinates": [
     [
      [
       11.7183,
       57.9531
      ],
      [
       11.7472,
       57.9397
      ],
      [
       11.7061,
       57.9097
      ],
      [
       11.6439,
       57.9161
      ],
      [
       11.7183,
       57.9531
      ]
     ]
    ]
   },
   "properties": {
    "lager": "Restriktionsområde",
    "namn": "ES R95",
    "typ": "RSTA",
    "beteckning": "ESAA",
    "plats": "ES R95 MARSTRAND",
    "hojd": "GND–UNL",
    "operator": "",
    "gäller_fr": "2026-06-11",
    "kommentar": "Tillstånd krävs endast när så tillkännages genom NOTAM eller AIP SUP.\n \nPermission required only when so is promulgated by NOTAM or AIP SUP."
   }
  },
  {
   "type": "Feature",
   "geometry": {
    "type": "Polygon",
    "coordinates": [
     [
      [
       18.135,
       59.09333333
      ],
      [
       18.14777778,
       59.08055556
      ],
      [
       18.11111111,
       59.07055556
      ],
      [
       18.10972222,
       59.06833333
      ],
      [
       18.09,
       59.06305556
      ],
      [
       18.07,
       59.07416667
      ],
      [
       18.135,
       59.09333333
      ]
     ]
    ]
   },
   "properties": {
    "lager": "Restriktionsområde",
    "namn": "ES R96",
    "typ": "RSTA",
    "beteckning": "ESAA",
    "plats": "ES R96 BERGA",
    "hojd": "GND–2200",
    "operator": "",
    "gäller_fr": "2026-06-11",
    "kommentar": "Militär verksamhet inklusive flygverksamhet upp till 1500 ft AMSL.\nTillstånd kan erhållas från STOCKHOLM ACC.\n\nMilitary activities including aviation operations up to 1500 ft AMSL.\nPermission obtainable from STOCKHOLM ACC."
   }
  },
  {
   "type": "Feature",
   "geometry": {
    "type": "Polygon",
    "coordinates": [
     [
      [
       13.54,
       62.06838714
      ],
      [
       13.47108273,
       62.06980132
      ],
      [
       13.40268562,
       62.07403319
      ],
      [
       13.33532537,
       62.08105079
      ],
      [
       13.26951164,
       62.09080108
      ],
      [
       13.20574371,
       62.10321035
      ],
      [
       13.14450693,
       62.11818465
      ],
      [
       13.08626944,
       62.13561046
      ],
      [
       13.03147878,
       62.1553555
      ],
      [
       12.9805587,
       62.17726959
      ],
      [
       12.93390596,
       62.20118571
      ],
      [
       12.89188735,
       62.22692119
      ],
      [
       12.85483674,
       62.254279
      ],
      [
       12.82305237,
       62.2830491
      ],
      [
       12.79679425,
       62.31301006
      ],
      [
       12.77628182,
       62.34393057
      ],
      [
       12.76169184,
       62.37557123
      ],
      [
       12.75315647,
       62.40768628
      ],
      [
       12.75076174,
       62.4400255
      ],
      [
       12.75454626,
       62.47233613
      ],
      [
       12.76450029,
       62.5043648
      ],
      [
       12.78056523,
       62.53585955
      ],
      [
       12.80263344,
       62.56657183
      ],
      [
       12.83054847,
       62.5962585
      ],
      [
       12.86410583,
       62.62468385
      ],
      [
       12.90305406,
       62.6516215
      ],
      [
       12.94709635,
       62.67685632
      ],
      [
       12.99589257,
       62.70018623
      ],
      [
       13.04906181,
       62.72142399
      ],
      [
       13.10618522,
       62.7403987
      ],
      [
       13.16680947,
       62.75695741
      ],
      [
       13.23045038,
       62.77096638
      ],
      [
       13.29659708,
       62.78231228
      ],
      [
       13.3647164,
       62.79090321
      ],
      [
       13.43425752,
       62.79666953
      ],
      [
       13.50465686,
       62.79956444
      ],
      [
       13.57534314,
       62.79956444
      ],
      [
       13.64574248,
       62.79666953
      ],
      [
       13.7152836,
       62.79090321
      ],
      [
       13.78340292,
       62.78231228
      ],
      [
       13.84954962,
       62.77096638
      ],
      [
       13.91319053,
       62.75695741
      ],
      [
       13.97381478,
       62.7403987
      ],
      [
       14.03093819,
       62.72142399
      ],
      [
       14.08410743,
       62.70018623
      ],
      [
       14.13290365,
       62.67685632
      ],
      [
       14.17694594,
       62.6516215
      ],
      [
       14.21589417,
       62.62468385
      ],
      [
       14.24945153,
       62.5962585
      ],
      [
       14.27736656,
       62.56657183
      ],
      [
       14.29943477,
       62.53585955
      ],
      [
       14.31549971,
       62.5043648
      ],
      [
       14.32545374,
       62.47233613
      ],
      [
       14.32923826,
       62.4400255
      ],
      [
       14.32684353,
       62.40768628
      ],
      [
       14.31830816,
       62.37557123
      ],
      [
       14.30371818,
       62.34393057
      ],
      [
       14.28320575,
       62.31301006
      ],
      [
       14.25694763,
       62.2830491
      ],
      [
       14.22516326,
       62.254279
      ],
      [
       14.18811265,
       62.22692119
      ],
      [
       14.14609404,
       62.20118571
      ],
      [
       14.0994413,
       62.17726959
      ],
      [
       14.04852122,
       62.1553555
      ],
      [
       13.99373056,
       62.13561046
      ],
      [
       13.93549307,
       62.11818465
      ],
      [
       13.87425629,
       62.10321035
      ],
      [
       13.81048836,
       62.09080108
      ],
      [
       13.74467463,
       62.08105079
      ],
      [
       13.67731438,
       62.07403319
      ],
      [
       13.60891727,
       62.06980132
      ],
      [
       13.54,
       62.06838714
      ]
     ]
    ]
   },
   "properties": {
    "lager": "Restriktionsområde",
    "namn": "ES R210",
    "typ": "RSTA",
    "beteckning": "ESAA",
    "plats": "ES R210 HEDLANDA",
    "hojd": "FL 95–FL 195",
    "operator": "",
    "gäller_fr": "2026-06-11",
    "kommentar": "Vågflyg. Upprättat 1 APR - 31 OKT.\nTillstånd att passera ges av STOCKHOLM ACC. \n\nWave soaring. Established 1 APR - 31 OCT.\nPermission to cross shall be obtained from  STOCKHOLM ACC."
   }
  },
  {
   "type": "Feature",
   "geometry": {
    "type": "Polygon",
    "coordinates": [
     [
      [
       17.68138889,
       59.23200353
      ],
      [
       17.67622523,
       59.23212059
      ],
      [
       17.67110188,
       59.23247086
      ],
      [
       17.66605882,
       59.23305161
      ],
      [
       17.66113545,
       59.2338583
      ],
      [
       17.65637019,
       59.23488463
      ],
      [
       17.65180028,
       59.2361226
      ],
      [
       17.64746141,
       59.23756253
      ],
      [
       17.64338751,
       59.23919318
      ],
      [
       17.63961042,
       59.24100181
      ],
      [
       17.63615971,
       59.24297431
      ],
      [
       17.63306239,
       59.24509524
      ],
      [
       17.63034274,
       59.24734805
      ],
      [
       17.62802207,
       59.24971512
      ],
      [
       17.62611863,
       59.25217796
      ],
      [
       17.62464738,
       59.2547173
      ],
      [
       17.62361992,
       59.25731328
      ],
      [
       17.62304441,
       59.2599456
      ],
      [
       17.62292544,
       59.26259367
      ],
      [
       17.62326405,
       59.26523676
      ],
      [
       17.62405769,
       59.26785418
      ],
      [
       17.62530027,
       59.27042543
      ],
      [
       17.62698213,
       59.27293039
      ],
      [
       17.62909022,
       59.27534943
      ],
      [
       17.63160809,
       59.27766359
      ],
      [
       17.63451611,
       59.27985475
      ],
      [
       17.63779154,
       59.28190573
      ],
      [
       17.64140878,
       59.28380045
      ],
      [
       17.64533951,
       59.28552406
      ],
      [
       17.64955297,
       59.28706303
      ],
      [
       17.65401613,
       59.28840531
      ],
      [
       17.65869403,
       59.28954035
      ],
      [
       17.66354997,
       59.29045926
      ],
      [
       17.66854587,
       59.29115482
      ],
      [
       17.67364254,
       59.29162159
      ],
      [
       17.6788,
       59.29185589
      ],
      [
       17.68397778,
       59.29185589
      ],
      [
       17.68913523,
       59.29162159
      ],
      [
       17.69423191,
       59.29115482
      ],
      [
       17.69922781,
       59.29045926
      ],
      [
       17.70408375,
       59.28954035
      ],
      [
       17.70876164,
       59.28840531
      ],
      [
       17.71322481,
       59.28706303
      ],
      [
       17.71743826,
       59.28552406
      ],
      [
       17.721369,
       59.28380045
      ],
      [
       17.72498624,
       59.28190573
      ],
      [
       17.72826167,
       59.27985475
      ],
      [
       17.73116969,
       59.27766359
      ],
      [
       17.73368756,
       59.27534943
      ],
      [
       17.73579564,
       59.27293039
      ],
      [
       17.73747751,
       59.27042543
      ],
      [
       17.73872008,
       59.26785418
      ],
      [
       17.73951373,
       59.26523676
      ],
      [
       17.73985234,
       59.26259367
      ],
      [
       17.73973337,
       59.2599456
      ],
      [
       17.73915785,
       59.25731328
      ],
      [
       17.7381304,
       59.2547173
      ],
      [
       17.73665915,
       59.25217796
      ],
      [
       17.73475571,
       59.24971512
      ],
      [
       17.73243504,
       59.24734805
      ],
      [
       17.72971538,
       59.24509524
      ],
      [
       17.72661806,
       59.24297431
      ],
      [
       17.72316735,
       59.24100181
      ],
      [
       17.71939027,
       59.23919318
      ],
      [
       17.71531636,
       59.23756253
      ],
      [
       17.7109775,
       59.2361226
      ],
      [
       17.70640758,
       59.23488463
      ],
      [
       17.70164233,
       59.2338583
      ],
      [
       17.69671895,
       59.23305161
      ],
      [
       17.6916759,
       59.23247086
      ],
      [
       17.68655255,
       59.23212059
      ],
      [
       17.68138889,
       59.23200353
      ]
     ]
    ]
   },
   "properties": {
    "lager": "Restriktionsområde",
    "namn": "ES R112",
    "typ": "RSTA",
    "beteckning": "ESAA",
    "plats": "ES R112 VÄLLINGE",
    "hojd": "GND–2000",
    "operator": "",
    "gäller_fr": "2026-06-11",
    "kommentar": "Militär verksamhet inklusive flygverksamhet.\nTillstånd kan erhållas från STOCKHOLM ACC.\n\nMilitary activities including aviation operations.\nPermission obtainable from STOCKHOLM ACC."
   }
  },
  {
   "type": "Feature",
   "geometry": {
    "type": "Polygon",
    "coordinates": [
     [
      [
       15.00166667,
       59.48138889
      ],
      [
       15.01416667,
       59.45944444
      ],
      [
       14.99027778,
       59.405
      ],
      [
       14.90361111,
       59.44277778
      ],
      [
       14.58027778,
       59.34722222
      ],
      [
       14.58027778,
       59.39777778
      ],
      [
       14.88388889,
       59.47722222
      ],
      [
       15.00166667,
       59.48138889
      ]
     ]
    ]
   },
   "properties": {
    "lager": "Restriktionsområde",
    "namn": "ES R18B",
    "typ": "RSTA",
    "beteckning": "ESAA",
    "plats": "ES R18B BOFORS, VILLINGSBERG",
    "hojd": "GND–UNL",
    "operator": "",
    "gäller_fr": "2026-06-11",
    "kommentar": "Skjutning, sprängning, UAS, bombning/CAS, test- och utvärderingsflyg, målbogsering och släpp av nyttolast.\nTillstånd kan erhållas från STOCKHOLM ACC eller ÖREBRO ATS.\n\nFiring, blasting, UAS, bombing/CAS, test and evaluation flights, target towing and air drop. \nPermission obtainable from STOCKHOLM ACC or ÖREBRO ATS."
   }
  },
  {
   "type": "Feature",
   "geometry": {
    "type": "Polygon",
    "coordinates": [
     [
      [
       14.58027778,
       59.32694444
      ],
      [
       14.67666667,
       59.295
      ],
      [
       14.6925,
       59.28222222
      ],
      [
       14.77305556,
       59.27638889
      ],
      [
       14.83111111,
       59.25333333
      ],
      [
       14.65972222,
       59.22638889
      ],
      [
       14.58027778,
       59.28444444
      ],
      [
       14.58027778,
       59.32694444
      ]
     ]
    ]
   },
   "properties": {
    "lager": "Restriktionsområde",
    "namn": "ES R18C",
    "typ": "RSTA",
    "beteckning": "ESAA",
    "plats": "ES R18C BOFORS, VILLINGSBERG",
    "hojd": "GND–UNL",
    "operator": "",
    "gäller_fr": "2026-06-11",
    "kommentar": "Skjutning, sprängning, UAS, bombning/CAS, test- och utvärderingsflyg, målbogsering och släpp av nyttolast.\nTillstånd kan erhållas från STOCKHOLM ACC eller ÖREBRO ATS.\n\nFiring, blasting, UAS, bombing/CAS, test and evaluation flights, target towing and air drop. \nPermission obtainable from STOCKHOLM ACC or ÖREBRO ATS."
   }
  },
  {
   "type": "Feature",
   "geometry": {
    "type": "Polygon",
    "coordinates": [
     [
      [
       11.21416667,
       57.66666667
      ],
      [
       11.48083333,
       57.66666667
      ],
      [
       11.58722222,
       57.66666667
      ],
      [
       11.74,
       57.66666667
      ],
      [
       11.76277778,
       57.62222222
      ],
      [
       11.78055556,
       57.58277778
      ],
      [
       11.75916667,
       57.55277778
      ],
      [
       11.7275,
       57.50833333
      ],
      [
       11.48083333,
       57.50833333
      ],
      [
       11.44194444,
       57.50833333
      ],
      [
       11.21416667,
       57.66666667
      ]
     ]
    ]
   },
   "properties": {
    "lager": "Restriktionsområde",
    "namn": "ES R104",
    "typ": "RSTA",
    "beteckning": "ESAA",
    "plats": "ES R104 KÄNSÖ",
    "hojd": "GND–9000",
    "operator": "",
    "gäller_fr": "2026-06-11",
    "kommentar": "Militär verksamhet.\nTillstånd kan erhållas från MALMÖ ACC eller LANDVETTER ATS. \n\nMilitary activities.\nPermission obtainable from MALMÖ ACC or LANDVETTER ATS."
   }
  },
  {
   "type": "Feature",
   "geometry": {
    "type": "Polygon",
    "coordinates": [
     [
      [
       14.82861111,
       56.85851991
      ],
      [
       14.82716232,
       56.85855504
      ],
      [
       14.82572485,
       56.85866016
      ],
      [
       14.82430997,
       56.85883445
      ],
      [
       14.82292871,
       56.85907655
      ],
      [
       14.82159191,
       56.85938455
      ],
      [
       14.82031,
       56.85975606
      ],
      [
       14.81909302,
       56.86018816
      ],
      [
       14.81795048,
       56.86067749
      ],
      [
       14.81689134,
       56.8612202
      ],
      [
       14.81592387,
       56.86181205
      ],
      [
       14.81505565,
       56.86244842
      ],
      [
       14.81429348,
       56.86312432
      ],
      [
       14.81364333,
       56.86383448
      ],
      [
       14.81311028,
       56.86457332
      ],
      [
       14.81269852,
       56.86533508
      ],
      [
       14.81241128,
       56.86611378
      ],
      [
       14.81225081,
       56.86690334
      ],
      [
       14.81221837,
       56.86769758
      ],
      [
       14.81231423,
       56.86849028
      ],
      [
       14.81253765,
       56.86927524
      ],
      [
       14.81288688,
       56.87004632
      ],
      [
       14.8133592,
       56.87079747
      ],
      [
       14.81395091,
       56.87152282
      ],
      [
       14.8146574,
       56.87221669
      ],
      [
       14.81547314,
       56.87287364
      ],
      [
       14.81639175,
       56.87348854
      ],
      [
       14.81740603,
       56.87405657
      ],
      [
       14.81850806,
       56.87457327
      ],
      [
       14.8196892,
       56.87503462
      ],
      [
       14.8209402,
       56.87543698
      ],
      [
       14.82225128,
       56.87577722
      ],
      [
       14.82361217,
       56.87605266
      ],
      [
       14.82501221,
       56.87626115
      ],
      [
       14.82644043,
       56.87640106
      ],
      [
       14.82788566,
       56.87647129
      ],
      [
       14.82933656,
       56.87647129
      ],
      [
       14.83078179,
       56.87640106
      ],
      [
       14.83221001,
       56.87626115
      ],
      [
       14.83361005,
       56.87605266
      ],
      [
       14.83497094,
       56.87577722
      ],
      [
       14.83628202,
       56.87543698
      ],
      [
       14.83753303,
       56.87503462
      ],
      [
       14.83871417,
       56.87457327
      ],
      [
       14.83981619,
       56.87405657
      ],
      [
       14.84083047,
       56.87348854
      ],
      [
       14.84174908,
       56.87287364
      ],
      [
       14.84256482,
       56.87221669
      ],
      [
       14.84327131,
       56.87152282
      ],
      [
       14.84386303,
       56.87079747
      ],
      [
       14.84433534,
       56.87004632
      ],
      [
       14.84468458,
       56.86927524
      ],
      [
       14.84490799,
       56.86849028
      ],
      [
       14.84500385,
       56.86769758
      ],
      [
       14.84497142,
       56.86690334
      ],
      [
       14.84481095,
       56.86611378
      ],
      [
       14.8445237,
       56.86533508
      ],
      [
       14.84411194,
       56.86457332
      ],
      [
       14.8435789,
       56.86383448
      ],
      [
       14.84292874,
       56.86312432
      ],
      [
       14.84216657,
       56.86244842
      ],
      [
       14.84129835,
       56.86181205
      ],
      [
       14.84033088,
       56.8612202
      ],
      [
       14.83927174,
       56.86067749
      ],
      [
       14.83812921,
       56.86018816
      ],
      [
       14.83691223,
       56.85975606
      ],
      [
       14.83563032,
       56.85938455
      ],
      [
       14.83429351,
       56.85907655
      ],
      [
       14.83291226,
       56.85883445
      ],
      [
       14.83149737,
       56.85866016
      ],
      [
       14.8300599,
       56.85855504
      ],
      [
       14.82861111,
       56.85851991
      ]
     ]
    ]
   },
   "properties": {
    "lager": "Restriktionsområde",
    "namn": "ES R106",
    "typ": "RSTA",
    "beteckning": "ESAA",
    "plats": "ES R106 VÄXJÖ",
    "hojd": "GND–1600",
    "operator": "",
    "gäller_fr": "2026-06-11",
    "kommentar": "Särskilda tillstånd från Transportstyrelsen krävs förutom för operatörer som specificeras i ENR 5.1 punkt 2.4.1 och luftfartyg som används för kraftledningsinspektion inom området, luftfartyg som används för flygvalidering av VÄXJÖ/Kronoberg flygplats och UAS som används av rättspsykiatriska regionkliniken i Växjö, upp till 120 m GND.\n\nSpecial permission by Swedish Transport Agency is required, except for operators specified in ENR 5.1 para 2.4.1 and aircraft performing power line inspection within the area, aircraft performing measurement assignments for VÄXJÖ/Kronoberg AD and UAS operated by Kronoberg Forensic Clinic, up to 120 m GND."
   }
  },
  {
   "type": "Feature",
   "geometry": {
    "type": "Polygon",
    "coordinates": [
     [
      [
       13.46638889,
       58.87638889
      ],
      [
       13.48805556,
       58.87555556
      ],
      [
       13.51444444,
       58.85472222
      ],
      [
       13.50972222,
       58.83555556
      ],
      [
       13.4675,
       58.82583333
      ],
      [
       13.40916667,
       58.82333333
      ],
      [
       13.40527778,
       58.83138889
      ],
      [
       13.46638889,
       58.87638889
      ]
     ]
    ]
   },
   "properties": {
    "lager": "Restriktionsområde",
    "namn": "ES R114",
    "typ": "RSTA",
    "beteckning": "ESAA",
    "plats": "ES R114 DJURÖ",
    "hojd": "GND–1200",
    "operator": "",
    "gäller_fr": "2026-06-11",
    "kommentar": "Nationalpark.\nSärskilda tillstånd från Transportstyrelsen krävs förutom för operatörer som specificeras i ENR 5.1 punkt 2.4.2.\n\nNational Park.\nSpecial permission by Swedish Transport Agency is required, except for operators specified in ENR 5.1 para 2.4.2."
   }
  },
  {
   "type": "Feature",
   "geometry": {
    "type": "Polygon",
    "coordinates": [
     [
      [
       12.62805556,
       61.67611111
      ],
      [
       12.9175,
       61.57777778
      ],
      [
       12.92527778,
       61.40972222
      ],
      [
       12.82805556,
       61.38777778
      ],
      [
       12.56916667,
       61.56861111
      ],
      [
       12.52361111,
       61.56861111
      ],
      [
       12.50416667,
       61.65888889
      ],
      [
       12.62805556,
       61.67611111
      ]
     ]
    ]
   },
   "properties": {
    "lager": "Restriktionsområde",
    "namn": "ES R115",
    "typ": "RSTA",
    "beteckning": "ESAA",
    "plats": "ES R115 FULUFJÄLLET med alla brytpunkter",
    "hojd": "GND–FL 70",
    "operator": "",
    "gäller_fr": "2026-06-11",
    "kommentar": "Nationalpark.\nSärskilda tillstånd från Transportstyrelsen krävs förutom för operatörer som specificeras i ENR 5.1 punkt 2.4.2.\n\nNational Park.\nSpecial permission by Swedish Transport Agency is required, except for operators specified in ENR 5.1 para 2.4.2."
   }
  },
  {
   "type": "Feature",
   "geometry": {
    "type": "Polygon",
    "coordinates": [
     [
      [
       16.84,
       60.29555556
      ],
      [
       16.87722222,
       60.29194444
      ],
      [
       16.88277778,
       60.27527778
      ],
      [
       16.91305556,
       60.26305556
      ],
      [
       16.89611111,
       60.23944444
      ],
      [
       16.86083333,
       60.26111111
      ],
      [
       16.82805556,
       60.25
      ],
      [
       16.86638889,
       60.22166667
      ],
      [
       16.77611111,
       60.175
      ],
      [
       16.81527778,
       60.14444444
      ],
      [
       16.72416667,
       60.09805556
      ],
      [
       16.69472222,
       60.13138889
      ],
      [
       16.73944444,
       60.14777778
      ],
      [
       16.70305556,
       60.19527778
      ],
      [
       16.65472222,
       60.18333333
      ],
      [
       16.64222222,
       60.18888889
      ],
      [
       16.69416667,
       60.19972222
      ],
      [
       16.69027778,
       60.2175
      ],
      [
       16.75166667,
       60.23555556
      ],
      [
       16.79555556,
       60.21416667
      ],
      [
       16.81138889,
       60.2875
      ],
      [
       16.84,
       60.29555556
      ]
     ]
    ]
   },
   "properties": {
    "lager": "Restriktionsområde",
    "namn": "ES R116",
    "typ": "RSTA",
    "beteckning": "ESAA",
    "plats": "ES R116 FÄRNEBOFJÄRDEN",
    "hojd": "GND–1200",
    "operator": "",
    "gäller_fr": "2026-06-11",
    "kommentar": "Nationalpark.\nSärskilda tillstånd från Transportstyrelsen krävs förutom för operatörer som specificeras i ENR 5.1 punkt 2.4.2.\n\nNational Park.\nSpecial permission by Swedish Transport Agency is required, except for operators specified in ENR 5.1 para 2.4.2."
   }
  },
  {
   "type": "Feature",
   "geometry": {
    "type": "Polygon",
    "coordinates": [
     [
      [
       18.03333333,
       59.3375
      ],
      [
       18.08583333,
       59.33611111
      ],
      [
       18.07472222,
       59.32055556
      ],
      [
       18.02805556,
       59.32777778
      ],
      [
       18.03333333,
       59.3375
      ]
     ]
    ]
   },
   "properties": {
    "lager": "Restriktionsområde",
    "namn": "ES R113",
    "typ": "RSTA",
    "beteckning": "ESAA",
    "plats": "ES R113 STOCKHOLM",
    "hojd": "GND–1000",
    "operator": "",
    "gäller_fr": "2026-06-11",
    "kommentar": "Drönarflygning är förbjuden.\nSärskilda tillstånd krävs från Transportstyrelsen förutom för drönare som används av Polismyndigheten, svenska Försvarsmakten, Lantmäteriet, Hovstaten och drönare engagerade i räddningsverksamhet i enlighet med Lag (2003:778) om skydd mot olyckor.\n\nDrone flying is prohibited.\nSpecial authorization required from the Swedish Transport Agency except for drones used by the police authority, the Swedish Armed Forces, the National Land Survey, The Royal Court of Sweden and drones engaged in rescue operations in accordance with Civil Protection act (2003:778)."
   }
  },
  {
   "type": "Feature",
   "geometry": {
    "type": "Polygon",
    "coordinates": [
     [
      [
       16.62222222,
       67.7425
      ],
      [
       17.18388889,
       67.56777778
      ],
      [
       17.20305556,
       67.55388889
      ],
      [
       17.07833333,
       67.40694444
      ],
      [
       17.14055556,
       67.17611111
      ],
      [
       17.16277778,
       67.10388889
      ],
      [
       16.79305556,
       67.17388889
      ],
      [
       16.64611111,
       67.1475
      ],
      [
       16.56277778,
       67.245
      ],
      [
       16.38388889,
       67.21972222
      ],
      [
       16.08972222,
       67.43527778
      ],
      [
       16.15805556,
       67.51916667
      ],
      [
       16.40777778,
       67.53416667
      ],
      [
       16.41333333,
       67.54805556
      ],
      [
       16.495,
       67.59444444
      ],
      [
       16.55638889,
       67.64722222
      ],
      [
       16.62222222,
       67.7425
      ]
     ]
    ]
   },
   "properties": {
    "lager": "Restriktionsområde",
    "namn": "ES R57",
    "typ": "RSTA",
    "beteckning": "ESAA",
    "plats": "ES R57 PADJELANTA med alla brytpunkter",
    "hojd": "GND–FL 90",
    "operator": "",
    "gäller_fr": "2026-06-11",
    "kommentar": "Nationalpark.\nSärskilda tillstånd från Transportstyrelsen krävs förutom operatörer som framgår av ENR 5.1 punkt 2.4.2.\n\nNational Park.\nSpecial permission by Swedish Transport Agency is required, except for operators specified in ENR 5.1 para 2.4.2."
   }
  },
  {
   "type": "Feature",
   "geometry": {
    "type": "Polygon",
    "coordinates": [
     [
      [
       12.99888889,
       58.07138889
      ],
      [
       13.00388889,
       58.02361111
      ],
      [
       12.94305556,
       58.00305556
      ],
      [
       12.90111111,
       58.01222222
      ],
      [
       12.88222222,
       58.04222222
      ],
      [
       12.99888889,
       58.07138889
      ]
     ]
    ]
   },
   "properties": {
    "lager": "Restriktionsområde",
    "namn": "ES R103",
    "typ": "RSTA",
    "beteckning": "ESAA",
    "plats": "ES R103 REMMENE",
    "hojd": "GND–20200",
    "operator": "",
    "gäller_fr": "2026-06-11",
    "kommentar": "Militär verksamhet inklusive flygverksamhet.\nTillstånd kan erhållas från MALMÖ ACC eller LANDVETTER ATS.\n\nMilitary activities including aviation operations.\nPermission obtainable from MALMÖ ACC or LANDVETTER ATS."
   }
  },
  {
   "type": "Feature",
   "geometry": {
    "type": "Polygon",
    "coordinates": [
     [
      [
       13.75611111,
       58.24388889
      ],
      [
       13.95277778,
       58.18305556
      ],
      [
       13.96777778,
       58.03388889
      ],
      [
       13.88166667,
       57.915
      ],
      [
       13.25805556,
       58.01666667
      ],
      [
       13.75611111,
       58.24388889
      ]
     ]
    ]
   },
   "properties": {
    "lager": "Restriktionsområde",
    "namn": "ES R204A",
    "typ": "RSTA",
    "beteckning": "ESAA",
    "plats": "ES R204A ÅLLEBERG EXTENDED",
    "hojd": "3000–FL 195",
    "operator": "",
    "gäller_fr": "2026-06-11",
    "kommentar": "Segelflygning i moln. Upprättat 1 MAJ - 30 SEP.\nTillstånd att passera ges av MALMÖ ACC.\nBestämmelser: Se ENR 5.1 punkt 2.3 \n\nSoaring in clouds. Established 1 MAY - 30 SEP.\nPermission to cross shall be obtained from MALMÖ ACC.\nProvisions: See ENR 5.1 para 2.3."
   }
  },
  {
   "type": "Feature",
   "geometry": {
    "type": "Polygon",
    "coordinates": [
     [
      [
       20.98777778,
       67.65861111
      ],
      [
       21.00111111,
       67.65861111
      ],
      [
       21.00805556,
       67.65722222
      ],
      [
       21.01416667,
       67.65472222
      ],
      [
       21.04111111,
       67.63666667
      ],
      [
       21.02722222,
       67.62555556
      ],
      [
       21.00611111,
       67.62944444
      ],
      [
       20.97222222,
       67.64583333
      ],
      [
       20.97,
       67.65055556
      ],
      [
       20.975,
       67.65555556
      ],
      [
       20.98777778,
       67.65861111
      ]
     ]
    ]
   },
   "properties": {
    "lager": "Fareområde",
    "namn": "ES D179",
    "typ": "DNGA",
    "beteckning": "ESAA",
    "plats": "ES D179 GRUVBERGET/ SVAPPAVAARA",
    "hojd": "GND–3000",
    "operator": "",
    "gäller_fr": "2026-06-11",
    "kommentar": "Sprängning/Dagbrott.\nInformation om aktivitet ges av LKAB, \nTEL +46 (0)980 710 01.\n\nBlasting/Surface quarry.\nInformation about activity obtainable from LKAB, \nTEL +46 (0)980 710 01."
   }
  },
  {
   "type": "Feature",
   "geometry": {
    "type": "Polygon",
    "coordinates": [
     [
      [
       23.30583333,
       67.4425
      ],
      [
       23.40194444,
       67.4275
      ],
      [
       23.35277778,
       67.3925
      ],
      [
       23.26416667,
       67.40722222
      ],
      [
       23.30583333,
       67.4425
      ]
     ]
    ]
   },
   "properties": {
    "lager": "Fareområde",
    "namn": "ES D180",
    "typ": "DNGA",
    "beteckning": "ESAA",
    "plats": "ES D180 KAUNISVAARA",
    "hojd": "GND–4500",
    "operator": "",
    "gäller_fr": "2026-06-11",
    "kommentar": "Sprängning/Dagbrott och UAS.\nInformation om aktivitet ges av Kaunis Iron, TEL +46 (0)72 724 41 48 eller\n+46 (0)70 283 72 02.\n\nBlasting/Surface quarry and UAS.\nInformation about activity obtainable from Kaunis Iron,\nTEL +46 (0)72 724 41 48 or \n+46 (0)70 283 72 02."
   }
  },
  {
   "type": "Feature",
   "geometry": {
    "type": "Polygon",
    "coordinates": [
     [
      [
       23.19944444,
       65.46916667
      ],
      [
       23.91027778,
       65.37583333
      ],
      [
       22.91666667,
       64.68333333
      ],
      [
       21.96166667,
       63.97472222
      ],
      [
       21.26388889,
       63.97472222
      ],
      [
       22.15527778,
       65.02694444
      ],
      [
       22.37916667,
       65.06972222
      ],
      [
       22.56972222,
       65.105
      ],
      [
       23.02861111,
       65.44055556
      ],
      [
       23.19944444,
       65.46916667
      ]
     ]
    ]
   },
   "properties": {
    "lager": "Fareområde",
    "namn": "ES D184",
    "typ": "DNGA",
    "beteckning": "ESAA",
    "plats": "ES D184 BOTHNIA NORTH",
    "hojd": "GND–FL 660",
    "operator": "",
    "gäller_fr": "2026-06-11",
    "kommentar": "AMC Manageable Area\nOmrådet får användas för gränsöverskridande operationer tillsammans med angränsande område i Helsinki FIR enligt avtal mellan Sverige och Finland mellan höjderna FL95 och FL660. Planerade aktiviteter kommer att meddelas via eAUP.\nInformation om aktivitet fås från STOCKHOLM ACC.\n\nAMC Manageable Area\nThe area may be used for cross border operations together with adjacent area in Helsinki FIR in accordance with agreement between Sweden and Finland, level band FL95 and FL660. Planned activities will be notified by eAUP.\nInformation about activity obtainable from STOCKHOLM ACC."
   }
  },
  {
   "type": "Feature",
   "geometry": {
    "type": "Polygon",
    "coordinates": [
     [
      [
       21.96166667,
       63.97472222
      ],
      [
       21.5,
       63.61666667
      ],
      [
       21.43416667,
       63.60527778
      ],
      [
       21.05055556,
       63.70666667
      ],
      [
       21.26388889,
       63.97472222
      ],
      [
       21.96166667,
       63.97472222
      ]
     ]
    ]
   },
   "properties": {
    "lager": "Fareområde",
    "namn": "ES D185",
    "typ": "DNGA",
    "beteckning": "ESAA",
    "plats": "ES D185 BOTHNIA SOUTH",
    "hojd": "GND–FL 660",
    "operator": "",
    "gäller_fr": "2026-06-11",
    "kommentar": "AMC Manageable Area\nOmrådet får användas för gränsöverskridande operationer tillsammans med ESD184 och angränsande områden i Helsinki FIR enligt avtal mellan Sverige och Finland mellan höjderna FL95 och FL660. Planerade aktiviteter meddelas via eAUP.\nInformation om aktivitet fås från STOCKHOLM ACC.\n\nAMC Manageable Area\nThe area may be used for cross border operations together with ESD184 and adjacent areas in Helsinki FIR in accordance with agreements between Sweden and Finland, level band FL95 and FL660. Planned activities will be notified by eAUP.\nInformation about activity obtainable from STOCKHOLM ACC."
   }
  },
  {
   "type": "Feature",
   "geometry": {
    "type": "Polygon",
    "coordinates": [
     [
      [
       20.96638889,
       67.09916667
      ],
      [
       21.065,
       67.09305556
      ],
      [
       21.075,
       67.07277778
      ],
      [
       21.01472222,
       67.055
      ],
      [
       20.99138889,
       67.09361111
      ],
      [
       20.96638889,
       67.09916667
      ]
     ]
    ]
   },
   "properties": {
    "lager": "Fareområde",
    "namn": "ES D156",
    "typ": "DNGA",
    "beteckning": "ESAA",
    "plats": "ES D156 LIIKAVAARA",
    "hojd": "GND–4000",
    "operator": "",
    "gäller_fr": "2026-06-11",
    "kommentar": "Sprängning/Dagbrott.\nUpprättat dagligen 1700-2000 (1600-1900). Information om aktivitet ges av Boliden Mineral AB,\nTEL +46 (0)70 508 39 49 eller\n+46 (0)970 72 90 53.\n\nBlasting/Surface quarry.\nEstablished daily 1700-2000 (1600-1900). Information about activity obtainable from Boliden Mineral AB, TEL +46 (0)70 508 39 49 or\n+46 (0)970 72 90 53."
   }
  },
  {
   "type": "Feature",
   "geometry": {
    "type": "Polygon",
    "coordinates": [
     [
      [
       15.2469,
       55.4997
      ],
      [
       15.8303,
       55.4997
      ],
      [
       15.8303,
       55.3331
      ],
      [
       15.2469,
       55.05
      ],
      [
       15.2469,
       55.4997
      ]
     ]
    ]
   },
   "properties": {
    "lager": "Fareområde",
    "namn": "ES D138",
    "typ": "DNGA",
    "beteckning": "ESAA",
    "plats": "ES D138 BORNHOLM NORTH",
    "hojd": "GND–20000",
    "operator": "",
    "gäller_fr": "2026-06-11",
    "kommentar": "AMC Manageable Area.\nSe punkt 3.1.1.\nBegäran om nyttjande lämnas 7 dagar innan start till AMC SWEDEN, via\ne-post till amc.sweden@lfv.se, med begärd tid, höjd, användare och typ av aktivitet.\nPlanerade aktiviteter kommer att meddelas på NOTAM.\nFörhandsinformation om aktivitet kan erhållas av AMC SWEDEN, H24, TEL +46 (0)40 613 27 01.\nInformation om pågående verksamhet kan erhållas av MALMÖ ACC.\nUnder skjutningen kommer området att övervakas med radar. Rutter eller nivåer som är fria från området kommer att anvisas av MALMÖ ACC.\n\nAMC Manageable Area.\nSee para 3.1.1.\nRequest for allocation to be submitted 7 days prior to AMC SWEDEN, via\ne-mail to amc.sweden@lfv.se, stating requested HR, levelband, intended user and confirmation of type of activity.\nPlanned activities will be notified by NOTAM.\nPre-flight Information about activity can be obtained by AMC SWEDEN, H24, TEL +46 (0)40 613 27 01.\nIn-flight information can be obtained by MALMÖ ACC.\nDuring firing the area will be surveilled by radar. Routes or levels that are free of the area will be assigned by MALMÖ ACC."
   }
  },
  {
   "type": "Feature",
   "geometry": {
    "type": "Polygon",
    "coordinates": [
     [
      [
       15.8303,
       55.3331
      ],
      [
       15.8303,
       54.9167
      ],
      [
       15.2469,
       54.9167
      ],
      [
       15.2469,
       55.05
      ],
      [
       15.8303,
       55.3331
      ]
     ]
    ]
   },
   "properties": {
    "lager": "Fareområde",
    "namn": "ES D139",
    "typ": "DNGA",
    "beteckning": "ESAA",
    "plats": "ES D139 BORNHOLM EAST",
    "hojd": "GND–50000",
    "operator": "",
    "gäller_fr": "2026-06-11",
    "kommentar": "AMC Manageable Area.\nSe punkt 3.1.1.\nBegäran om nyttjande lämnas 7 dagar innan start till AMC SWEDEN, via\ne-post till amc.sweden@lfv.se, med begärd tid, höjd, användare och typ av aktivitet.\nPlanerade aktiviteter kommer att meddelas på NOTAM.\nFörhandsinformation om aktivitet kan erhållas av AMC SWEDEN, H24, TEL +46 (0)40 613 27 01.\nInformation om pågående verksamhet kan erhållas av MALMÖ ACC.\nUnder skjutningen kommer området att övervakas med radar. Rutter eller nivåer som är fria från området kommer att anvisas av MALMÖ ACC.\n\nAMC Manageable Area\nSee para 3.1.1.\nRequest for allocation to be submitted 7 days prior to AMC SWEDEN, via\ne-mail to amc.sweden@lfv.se, stating requested HR, levelband, intended user and confirmation of type of activity.\nPlanned activities will be notified by NOTAM.\nPre-flight Information about activity can be obtained by AMC SWEDEN, H24, TEL +46 (0)40 613 27 01.\nIn-flight information can be obtained by MALMÖ ACC.\nDuring firing the area will be surveilled by radar. Routes or levels that are free of the area will be assigned by MALMÖ ACC."
   }
  },
  {
   "type": "Feature",
   "geometry": {
    "type": "Polygon",
    "coordinates": [
     [
      [
       20.78805556,
       67.68949698
      ],
      [
       20.78419138,
       67.68956195
      ],
      [
       20.78035739,
       67.68975635
      ],
      [
       20.77658352,
       67.69007865
      ],
      [
       20.77289925,
       67.69052636
      ],
      [
       20.76933336,
       67.69109596
      ],
      [
       20.76591373,
       67.691783
      ],
      [
       20.76266706,
       67.69258213
      ],
      [
       20.75961876,
       67.69348709
      ],
      [
       20.75679265,
       67.69449082
      ],
      [
       20.75421085,
       67.69558548
      ],
      [
       20.75189359,
       67.6967625
      ],
      [
       20.749859,
       67.69801269
      ],
      [
       20.74812304,
       67.69932627
      ],
      [
       20.74669934,
       67.70069298
      ],
      [
       20.74559909,
       67.70210212
      ],
      [
       20.74483094,
       67.70354267
      ],
      [
       20.74440098,
       67.70500337
      ],
      [
       20.74431262,
       67.70647278
      ],
      [
       20.74456663,
       67.70793941
      ],
      [
       20.74516107,
       67.70939177
      ],
      [
       20.74609136,
       67.7108185
      ],
      [
       20.74735028,
       67.71220842
      ],
      [
       20.74892802,
       67.71355065
      ],
      [
       20.75081227,
       67.71483467
      ],
      [
       20.75298833,
       67.71605042
      ],
      [
       20.75543918,
       67.71718839
      ],
      [
       20.75814566,
       67.71823964
      ],
      [
       20.76108658,
       67.71919594
      ],
      [
       20.76423893,
       67.7200498
      ],
      [
       20.767578,
       67.72079452
      ],
      [
       20.77107764,
       67.72142425
      ],
      [
       20.77471042,
       67.72193407
      ],
      [
       20.77844785,
       67.72231998
      ],
      [
       20.78226062,
       67.72257894
      ],
      [
       20.78611885,
       67.72270893
      ],
      [
       20.78999226,
       67.72270893
      ],
      [
       20.79385049,
       67.72257894
      ],
      [
       20.79766326,
       67.72231998
      ],
      [
       20.80140069,
       67.72193407
      ],
      [
       20.80503347,
       67.72142425
      ],
      [
       20.80853311,
       67.72079452
      ],
      [
       20.81187218,
       67.7200498
      ],
      [
       20.81502453,
       67.71919594
      ],
      [
       20.81796545,
       67.71823964
      ],
      [
       20.82067193,
       67.71718839
      ],
      [
       20.82312279,
       67.71605042
      ],
      [
       20.82529884,
       67.71483467
      ],
      [
       20.82718309,
       67.71355065
      ],
      [
       20.82876083,
       67.71220842
      ],
      [
       20.83001975,
       67.7108185
      ],
      [
       20.83095004,
       67.70939177
      ],
      [
       20.83154449,
       67.70793941
      ],
      [
       20.83179849,
       67.70647278
      ],
      [
       20.83171014,
       67.70500337
      ],
      [
       20.83128017,
       67.70354267
      ],
      [
       20.83051203,
       67.70210212
      ],
      [
       20.82941177,
       67.70069298
      ],
      [
       20.82798807,
       67.69932627
      ],
      [
       20.82625211,
       67.69801269
      ],
      [
       20.82421753,
       67.6967625
      ],
      [
       20.82190026,
       67.69558548
      ],
      [
       20.81931846,
       67.69449082
      ],
      [
       20.81649236,
       67.69348709
      ],
      [
       20.81344405,
       67.69258213
      ],
      [
       20.81019738,
       67.691783
      ],
      [
       20.80677775,
       67.69109596
      ],
      [
       20.80321186,
       67.69052636
      ],
      [
       20.79952759,
       67.69007865
      ],
      [
       20.79575372,
       67.68975635
      ],
      [
       20.79191973,
       67.68956195
      ],
      [
       20.78805556,
       67.68949698
      ]
     ]
    ]
   },
   "properties": {
    "lager": "Fareområde",
    "namn": "ES D181",
    "typ": "DNGA",
    "beteckning": "ESAA",
    "plats": "ES D181 MERTAINEN-KIRUNA",
    "hojd": "GND–4000",
    "operator": "",
    "gäller_fr": "2026-06-11",
    "kommentar": "Sprängning/Dagbrott.\nUpprättat dagligen 0600-2100 (0500-2000). \nInformation om aktivitet ges av LKAB, \nTEL +46 (0)705 435 253.\n\nBlasting/Surface quarry. \nEstablished daily 0600-2100 (0500-2000). \nInformation about activity obtainable from LKAB, \nTEL +46 (0)705 435 253."
   }
  },
  {
   "type": "Feature",
   "geometry": {
    "type": "Polygon",
    "coordinates": [
     [
      [
       18.50666667,
       58.67305556
      ],
      [
       18.81361111,
       58.55111111
      ],
      [
       18.095,
       58.30361111
      ],
      [
       17.97138889,
       58.49527778
      ],
      [
       18.19638889,
       58.54527778
      ],
      [
       18.50666667,
       58.67305556
      ]
     ]
    ]
   },
   "properties": {
    "lager": "Fareområde",
    "namn": "ES D175A",
    "typ": "DNGA",
    "beteckning": "ESAA",
    "plats": "ES D175A KOPPARSTENARNA",
    "hojd": "GND–40500",
    "operator": "",
    "gäller_fr": "2026-06-11",
    "kommentar": "Se punkt 3.1.1.\nInformation om pågående verksamhet kan erhållas av STOCKHOLM ACC eller MALMÖ ACC.\n\nSee para 3.1.1.\nInformation about activity obtainable from STOCKHOLM ACC or MALMÖ ACC."
   }
  },
  {
   "type": "Feature",
   "geometry": {
    "type": "Polygon",
    "coordinates": [
     [
      [
       19.02555556,
       58.90222222
      ],
      [
       18.98666667,
       58.60972222
      ],
      [
       18.81361111,
       58.55111111
      ],
      [
       18.50666667,
       58.67305556
      ],
      [
       18.83805556,
       58.80777778
      ],
      [
       19.02555556,
       58.90222222
      ]
     ]
    ]
   },
   "properties": {
    "lager": "Fareområde",
    "namn": "ES D175B",
    "typ": "DNGA",
    "beteckning": "ESAA",
    "plats": "ES D175B KOPPARSTENARNA",
    "hojd": "GND–40500",
    "operator": "",
    "gäller_fr": "2026-06-11",
    "kommentar": "Se punkt 3.1.1.\nInformation om pågående verksamhet kan erhållas av STOCKHOLM ACC eller MALMÖ ACC.\n\nSee para 3.1.1.\nInformation about activity obtainable from STOCKHOLM ACC or MALMÖ ACC."
   }
  },
  {
   "type": "Feature",
   "geometry": {
    "type": "Polygon",
    "coordinates": [
     [
      [
       19.02555556,
       58.90222222
      ],
      [
       19.32972222,
       58.72444444
      ],
      [
       18.98666667,
       58.60972222
      ],
      [
       19.02555556,
       58.90222222
      ]
     ]
    ]
   },
   "properties": {
    "lager": "Fareområde",
    "namn": "ES D175C",
    "typ": "DNGA",
    "beteckning": "ESAA",
    "plats": "ES D175C KOPPARSTENARNA",
    "hojd": "GND–40500",
    "operator": "",
    "gäller_fr": "2026-06-11",
    "kommentar": "Se punkt 3.1.1.\nInformation om pågående verksamhet kan erhållas av STOCKHOLM ACC eller MALMÖ ACC.\n\nSee para 3.1.1.\nInformation about activity obtainable from STOCKHOLM ACC or MALMÖ ACC."
   }
  },
  {
   "type": "Feature",
   "geometry": {
    "type": "Polygon",
    "coordinates": [
     [
      [
       15.16361111,
       55.89805556
      ],
      [
       15.18638889,
       55.89666667
      ],
      [
       15.23666667,
       55.89361111
      ],
      [
       15.30666667,
       55.88972222
      ],
      [
       15.35083333,
       55.86333333
      ],
      [
       15.39583333,
       55.83638889
      ],
      [
       15.44055556,
       55.80972222
      ],
      [
       15.44444444,
       55.8075
      ],
      [
       15.45333333,
       55.8025
      ],
      [
       15.4625,
       55.79777778
      ],
      [
       15.47166667,
       55.79305556
      ],
      [
       15.48138889,
       55.78888889
      ],
      [
       15.49138889,
       55.78472222
      ],
      [
       15.50138889,
       55.78055556
      ],
      [
       15.51166667,
       55.77694444
      ],
      [
       15.5225,
       55.77333333
      ],
      [
       15.53333333,
       55.77
      ],
      [
       15.54416667,
       55.76666667
      ],
      [
       15.55555556,
       55.76388889
      ],
      [
       15.56694444,
       55.76111111
      ],
      [
       15.57833333,
       55.75861111
      ],
      [
       15.59,
       55.75638889
      ],
      [
       15.60194444,
       55.75444444
      ],
      [
       15.61388889,
       55.7525
      ],
      [
       15.62583333,
       55.75111111
      ],
      [
       15.63805556,
       55.74972222
      ],
      [
       15.65027778,
       55.74861111
      ],
      [
       15.6625,
       55.74777778
      ],
      [
       15.66361111,
       55.74777778
      ],
      [
       15.66361111,
       55.66638889
      ],
      [
       15.16361111,
       55.66638889
      ],
      [
       15.16361111,
       55.89805556
      ]
     ]
    ]
   },
   "properties": {
    "lager": "Fareområde",
    "namn": "ES D189",
    "typ": "DNGA",
    "beteckning": "ESAA",
    "plats": "ES D189 HANÖ EAST",
    "hojd": "GND–40500",
    "operator": "",
    "gäller_fr": "2026-06-11",
    "kommentar": "Se punkt 3.1.1.\nInformation om pågående verksamhet kan erhållas av MALMÖ ACC.   \n\nSee para 3.1.1.\nInformation about activity obtainable from MALMÖ ACC."
   }
  },
  {
   "type": "Feature",
   "geometry": {
    "type": "Polygon",
    "coordinates": [
     [
      [
       15.15833333,
       55.89833333
      ],
      [
       15.16361111,
       55.89805556
      ],
      [
       15.16361111,
       55.66638889
      ],
      [
       14.66361111,
       55.66638889
      ],
      [
       14.66361111,
       55.76916667
      ],
      [
       14.67555556,
       55.77138889
      ],
      [
       14.71722222,
       55.78
      ],
      [
       14.75861111,
       55.78861111
      ],
      [
       14.79888889,
       55.79666667
      ],
      [
       14.83861111,
       55.79888889
      ],
      [
       14.88,
       55.80111111
      ],
      [
       14.89222222,
       55.80194444
      ],
      [
       14.90444444,
       55.80277778
      ],
      [
       14.91666667,
       55.80416667
      ],
      [
       14.92861111,
       55.80583333
      ],
      [
       14.94055556,
       55.8075
      ],
      [
       14.9525,
       55.80972222
      ],
      [
       14.96416667,
       55.81194444
      ],
      [
       14.97111111,
       55.81333333
      ],
      [
       14.98055556,
       55.81527778
      ],
      [
       14.99194444,
       55.81805556
      ],
      [
       15.00305556,
       55.82111111
      ],
      [
       15.01416667,
       55.82416667
      ],
      [
       15.025,
       55.8275
      ],
      [
       15.035,
       55.83083333
      ],
      [
       15.04222222,
       55.83333333
      ],
      [
       15.05277778,
       55.83722222
      ],
      [
       15.06277778,
       55.84111111
      ],
      [
       15.07277778,
       55.84527778
      ],
      [
       15.0825,
       55.84972222
      ],
      [
       15.09194444,
       55.85416667
      ],
      [
       15.10083333,
       55.85888889
      ],
      [
       15.10972222,
       55.86388889
      ],
      [
       15.11611111,
       55.8675
      ],
      [
       15.12083333,
       55.87055556
      ],
      [
       15.12888889,
       55.87583333
      ],
      [
       15.13694444,
       55.88111111
      ],
      [
       15.14444444,
       55.88666667
      ],
      [
       15.15138889,
       55.8925
      ],
      [
       15.15833333,
       55.89833333
      ]
     ]
    ]
   },
   "properties": {
    "lager": "Fareområde",
    "namn": "ES D188",
    "typ": "DNGA",
    "beteckning": "ESAA",
    "plats": "ES D188 HANÖ WEST",
    "hojd": "GND–40500",
    "operator": "",
    "gäller_fr": "2026-06-11",
    "kommentar": "Se punkt 3.1.1.\nInformation om pågående verksamhet kan erhållas av MALMÖ ACC.  \n\nSee para 3.1.1.\nInformation about activity obtainable from MALMÖ ACC."
   }
  },
  {
   "type": "Feature",
   "geometry": {
    "type": "Polygon",
    "coordinates": [
     [
      [
       21.06472222,
       67.86179046
      ],
      [
       21.06052072,
       67.86186058
      ],
      [
       21.05635203,
       67.86207038
      ],
      [
       21.0522487,
       67.86241823
      ],
      [
       21.04824277,
       67.86290141
      ],
      [
       21.04436554,
       67.86351615
      ],
      [
       21.04064729,
       67.86425764
      ],
      [
       21.03711709,
       67.8651201
      ],
      [
       21.03380254,
       67.86609678
      ],
      [
       21.03072955,
       67.86718007
      ],
      [
       21.02792217,
       67.86836149
      ],
      [
       21.02540238,
       67.86963181
      ],
      [
       21.02318992,
       67.8709811
      ],
      [
       21.02130215,
       67.87239882
      ],
      [
       21.01975388,
       67.87387389
      ],
      [
       21.01855728,
       67.87539476
      ],
      [
       21.01772178,
       67.87694954
      ],
      [
       21.017254,
       67.87852607
      ],
      [
       21.01715766,
       67.88011202
      ],
      [
       21.01743359,
       67.88169497
      ],
      [
       21.01807972,
       67.88326253
      ],
      [
       21.01909106,
       67.88480243
      ],
      [
       21.02045975,
       67.88630261
      ],
      [
       21.02217515,
       67.88775132
      ],
      [
       21.02422388,
       67.88913722
      ],
      [
       21.02658994,
       67.89044944
      ],
      [
       21.02925486,
       67.8916777
      ],
      [
       21.03219778,
       67.89281237
      ],
      [
       21.03539568,
       67.89384457
      ],
      [
       21.03882352,
       67.89476619
      ],
      [
       21.04245443,
       67.89557001
      ],
      [
       21.04625998,
       67.89624973
      ],
      [
       21.05021033,
       67.89680001
      ],
      [
       21.0542745,
       67.89721655
      ],
      [
       21.05842063,
       67.89749607
      ],
      [
       21.06261618,
       67.89763638
      ],
      [
       21.06682826,
       67.89763638
      ],
      [
       21.07102382,
       67.89749607
      ],
      [
       21.07516994,
       67.89721655
      ],
      [
       21.07923411,
       67.89680001
      ],
      [
       21.08318446,
       67.89624973
      ],
      [
       21.08699001,
       67.89557001
      ],
      [
       21.09062093,
       67.89476619
      ],
      [
       21.09404876,
       67.89384457
      ],
      [
       21.09724666,
       67.89281237
      ],
      [
       21.10018958,
       67.8916777
      ],
      [
       21.1028545,
       67.89044944
      ],
      [
       21.10522057,
       67.88913722
      ],
      [
       21.1072693,
       67.88775132
      ],
      [
       21.1089847,
       67.88630261
      ],
      [
       21.11035339,
       67.88480243
      ],
      [
       21.11136472,
       67.88326253
      ],
      [
       21.11201085,
       67.88169497
      ],
      [
       21.11228679,
       67.88011202
      ],
      [
       21.11219045,
       67.87852607
      ],
      [
       21.11172266,
       67.87694954
      ],
      [
       21.11088716,
       67.87539476
      ],
      [
       21.10969057,
       67.87387389
      ],
      [
       21.10814229,
       67.87239882
      ],
      [
       21.10625452,
       67.8709811
      ],
      [
       21.10404206,
       67.86963181
      ],
      [
       21.10152227,
       67.86836149
      ],
      [
       21.0987149,
       67.86718007
      ],
      [
       21.09564191,
       67.86609678
      ],
      [
       21.09232735,
       67.8651201
      ],
      [
       21.08879715,
       67.86425764
      ],
      [
       21.08507891,
       67.86351615
      ],
      [
       21.08120168,
       67.86290141
      ],
      [
       21.07719575,
       67.86241823
      ],
      [
       21.07309242,
       67.86207038
      ],
      [
       21.06892372,
       67.86186058
      ],
      [
       21.06472222,
       67.86179046
      ]
     ]
    ]
   },
   "properties": {
    "lager": "Fareområde",
    "namn": "ES D182",
    "typ": "DNGA",
    "beteckning": "ESAA",
    "plats": "ES D182 SATTAVAARA",
    "hojd": "GND–UNL",
    "operator": "",
    "gäller_fr": "2026-06-11",
    "kommentar": "Verksamhet med laser.\nInformation om aktivitet ges av KIRUNA ATS eller STOCKHOLM ACC.\n\nLaser activity.\nInformation about activity obtainable from KIRUNA ATS or STOCKHOLM ACC."
   }
  },
  {
   "type": "Feature",
   "geometry": {
    "type": "Polygon",
    "coordinates": [
     [
      [
       11.21416667,
       57.66666667
      ],
      [
       11.44194444,
       57.50833333
      ],
      [
       11.34611111,
       57.50833333
      ],
      [
       11.21416667,
       57.66666667
      ]
     ]
    ]
   },
   "properties": {
    "lager": "Fareområde",
    "namn": "ES D190",
    "typ": "DNGA",
    "beteckning": "ESAA",
    "plats": "ES D190 KATTEGATT",
    "hojd": "GND–9000",
    "operator": "",
    "gäller_fr": "2026-06-11",
    "kommentar": "Se punkt 3.1.1.\nInformation om pågående verksamhet kan erhållas av MALMÖ ACC eller LANDVETTER ATS.\n\nSee para 3.1.1.\nInformation about activity obtainable from MALMÖ ACC or LANDVETTER ATS."
   }
  },
  {
   "type": "Feature",
   "geometry": {
    "type": "Polygon",
    "coordinates": [
     [
      [
       17.61472222,
       59.16555556
      ],
      [
       17.635,
       59.16361111
      ],
      [
       17.63388889,
       59.16138889
      ],
      [
       17.63555556,
       59.15805556
      ],
      [
       17.63083333,
       59.15638889
      ],
      [
       17.61555556,
       59.155
      ],
      [
       17.60694444,
       59.15722222
      ],
      [
       17.61305556,
       59.16166667
      ],
      [
       17.61472222,
       59.16555556
      ]
     ]
    ]
   },
   "properties": {
    "lager": "Fareområde",
    "namn": "ES D191",
    "typ": "DNGA",
    "beteckning": "ESAA",
    "plats": "ES D191 TVETA",
    "hojd": "GND–1100",
    "operator": "",
    "gäller_fr": "2026-06-11",
    "kommentar": "Sprängning/Dagbrott\nMÅN-ONS 0500-1730 (0400-1630).\nTOR 0500-1300 (0400-1200)\nInformation om aktivitet ges av PEAB \nAnläggning AB, TEL +46 (0)73 337 62 00. \n\nBlasting/Surface quarry\nMON-WED 0500-1730 (0400-1630).\nTHU 0500-1300 (0400-1200)\nInformation about activity obtainable \nfrom PEAB Anläggning AB, \nTEL +46 (0)73 337 62 00."
   }
  },
  {
   "type": "Feature",
   "geometry": {
    "type": "Polygon",
    "coordinates": [
     [
      [
       14.94777778,
       63.3025
      ],
      [
       15.08166667,
       63.26027778
      ],
      [
       15.14194444,
       63.2425
      ],
      [
       14.86527778,
       63.10972222
      ],
      [
       14.84416667,
       63.09944444
      ],
      [
       14.80638889,
       63.09916667
      ],
      [
       14.75305556,
       63.09916667
      ],
      [
       14.74222222,
       63.11361111
      ],
      [
       14.73972222,
       63.11722222
      ],
      [
       14.77333333,
       63.14722222
      ],
      [
       14.77694444,
       63.15055556
      ],
      [
       14.89944444,
       63.26
      ],
      [
       14.91472222,
       63.27361111
      ],
      [
       14.94777778,
       63.3025
      ]
     ]
    ]
   },
   "properties": {
    "lager": "Fareområde",
    "namn": "ES D873",
    "typ": "DNGA",
    "beteckning": "ESAA",
    "plats": "ES D873 OPTAND",
    "hojd": "GND–2300",
    "operator": "",
    "gäller_fr": "2026-06-11",
    "kommentar": "UAS som flyger utom synhåll (BVLOS). Information om verksamhetens status inom området kan inhämtas från Green Flyway TEL 076 144 39 75 samt https://www.ostersund.se/greenflyway. \n\nUAS flying beyond visual line of sight (BVLOS). \nInformation regarding the operations within the area can be obtained from Green Flyway TEL +46 (0)76 144 39 75 and https://www.ostersund.se/greenflyway."
   }
  },
  {
   "type": "Feature",
   "geometry": {
    "type": "Polygon",
    "coordinates": [
     [
      [
       20.93472222,
       67.10111111
      ],
      [
       20.96638889,
       67.09916667
      ],
      [
       20.99138889,
       67.09361111
      ],
      [
       21.01472222,
       67.055
      ],
      [
       20.97305556,
       67.0425
      ],
      [
       20.91888889,
       67.05472222
      ],
      [
       20.89083333,
       67.08416667
      ],
      [
       20.93472222,
       67.10111111
      ]
     ]
    ]
   },
   "properties": {
    "lager": "Fareområde",
    "namn": "ES D155",
    "typ": "DNGA",
    "beteckning": "ESAA",
    "plats": "ES D155 AITIK",
    "hojd": "GND–4000",
    "operator": "",
    "gäller_fr": "2026-06-11",
    "kommentar": "Sprängning/Dagbrott.\nInformation om aktivitet ges av Boliden Mineral AB, TEL +46 (0)70 508 39 49 eller +46 (0)970 72 90 53.\n\nBlasting/surface quarry.\nInformation about activity obtainable from Boliden Mineral AB,\nTEL +46 (0)70 508 39 49 or\n+46 (0)970 72 90 53."
   }
  },
  {
   "type": "Feature",
   "geometry": {
    "type": "Polygon",
    "coordinates": [
     [
      [
       10.58083333,
       58.41611111
      ],
      [
       10.70583333,
       58.41611111
      ],
      [
       10.8475,
       58.25777778
      ],
      [
       11.0475,
       57.89944444
      ],
      [
       11.01416667,
       57.89944444
      ],
      [
       10.58083333,
       58.41611111
      ]
     ]
    ]
   },
   "properties": {
    "lager": "Fareområde",
    "namn": "ES D160",
    "typ": "DNGA",
    "beteckning": "ESAA",
    "plats": "ES D160 SKAGEN",
    "hojd": "GND–40500",
    "operator": "",
    "gäller_fr": "2026-06-11",
    "kommentar": "Se punkt 3.1.1.\nInformation om pågående verksamhet kan erhållas av MALMÖ ACC.\n\nSee para 3.1.1.\nInformation about activity obtainable from MALMÖ ACC."
   }
  },
  {
   "type": "Feature",
   "geometry": {
    "type": "Polygon",
    "coordinates": [
     [
      [
       18.6628,
       62.6433
      ],
      [
       18.6628,
       62.4489
      ],
      [
       18.3461,
       62.4489
      ],
      [
       18.6628,
       62.6433
      ]
     ]
    ]
   },
   "properties": {
    "lager": "Fareområde",
    "namn": "ES D171",
    "typ": "DNGA",
    "beteckning": "ESAA",
    "plats": "ES D171 HÄRNÖN EAST",
    "hojd": "GND–40500",
    "operator": "",
    "gäller_fr": "2026-06-11",
    "kommentar": "Se punkt 3.1.1.\nInformation om pågående verksamhet kan erhållas av STOCKHOLM ACC.\n\nSee para 3.1.1.\nInformation about activity obtainable from STOCKHOLM ACC."
   }
  },
  {
   "type": "Feature",
   "geometry": {
    "type": "Polygon",
    "coordinates": [
     [
      [
       20.59555556,
       64.9056725
      ],
      [
       20.59182184,
       64.90574265
      ],
      [
       20.5881173,
       64.90595255
      ],
      [
       20.58447085,
       64.90630056
      ],
      [
       20.58091099,
       64.90678398
      ],
      [
       20.57746552,
       64.907399
      ],
      [
       20.57416139,
       64.90814085
      ],
      [
       20.5710244,
       64.90900371
      ],
      [
       20.56807908,
       64.90998085
      ],
      [
       20.56534848,
       64.91106463
      ],
      [
       20.56285397,
       64.91224658
      ],
      [
       20.56061506,
       64.91351746
      ],
      [
       20.5586493,
       64.91486734
      ],
      [
       20.5569721,
       64.91628567
      ],
      [
       20.55559663,
       64.91776135
      ],
      [
       20.55453368,
       64.91928284
      ],
      [
       20.55379163,
       64.92083825
      ],
      [
       20.55337633,
       64.9224154
      ],
      [
       20.55329111,
       64.92400196
      ],
      [
       20.55353667,
       64.9255855
      ],
      [
       20.55411116,
       64.92715364
      ],
      [
       20.55501014,
       64.92869409
      ],
      [
       20.55622662,
       64.9301948
      ],
      [
       20.55775112,
       64.931644
      ],
      [
       20.55957177,
       64.93303036
      ],
      [
       20.56167433,
       64.93434301
      ],
      [
       20.56404237,
       64.93557166
      ],
      [
       20.56665738,
       64.93670669
      ],
      [
       20.56949888,
       64.93773919
      ],
      [
       20.57254464,
       64.93866109
      ],
      [
       20.57577079,
       64.93946515
      ],
      [
       20.57915205,
       64.94014507
      ],
      [
       20.58266194,
       64.94069551
      ],
      [
       20.58627292,
       64.94111217
      ],
      [
       20.5899567,
       64.94139176
      ],
      [
       20.59368438,
       64.94153211
      ],
      [
       20.59742673,
       64.94153211
      ],
      [
       20.60115441,
       64.94139176
      ],
      [
       20.60483819,
       64.94111217
      ],
      [
       20.60844917,
       64.94069551
      ],
      [
       20.61195906,
       64.94014507
      ],
      [
       20.61534032,
       64.93946515
      ],
      [
       20.61856647,
       64.93866109
      ],
      [
       20.62161223,
       64.93773919
      ],
      [
       20.62445373,
       64.93670669
      ],
      [
       20.62706874,
       64.93557166
      ],
      [
       20.62943678,
       64.93434301
      ],
      [
       20.63153934,
       64.93303036
      ],
      [
       20.63335999,
       64.931644
      ],
      [
       20.63488449,
       64.9301948
      ],
      [
       20.63610097,
       64.92869409
      ],
      [
       20.63699995,
       64.92715364
      ],
      [
       20.63757444,
       64.9255855
      ],
      [
       20.63782,
       64.92400196
      ],
      [
       20.63773478,
       64.9224154
      ],
      [
       20.63731948,
       64.92083825
      ],
      [
       20.63657743,
       64.91928284
      ],
      [
       20.63551448,
       64.91776135
      ],
      [
       20.63413901,
       64.91628567
      ],
      [
       20.63246181,
       64.91486734
      ],
      [
       20.63049605,
       64.91351746
      ],
      [
       20.62825714,
       64.91224658
      ],
      [
       20.62576263,
       64.91106463
      ],
      [
       20.62303203,
       64.90998085
      ],
      [
       20.62008672,
       64.90900371
      ],
      [
       20.61694973,
       64.90814085
      ],
      [
       20.61364559,
       64.907399
      ],
      [
       20.61020012,
       64.90678398
      ],
      [
       20.60664026,
       64.90630056
      ],
      [
       20.60299381,
       64.90595255
      ],
      [
       20.59928927,
       64.90574265
      ],
      [
       20.59555556,
       64.9056725
      ]
     ]
    ]
   },
   "properties": {
    "lager": "Fareområde",
    "namn": "ES D177",
    "typ": "DNGA",
    "beteckning": "ESAA",
    "plats": "ES D177 KÅGE",
    "hojd": "GND–4000",
    "operator": "",
    "gäller_fr": "2026-06-11",
    "kommentar": "Sprängning/Dagbrott.\nInformation om aktivitet ges av Mandalay Resources Björkdalsgruvan AB, \nTEL +46 (0)910 725 750.\n\nBlasting/surface quarry.\nInformation about activity obtainable from Mandalay Resources Björkdalsgruvan AB, TEL +46 (0)910 725 750."
   }
  },
  {
   "type": "Feature",
   "geometry": {
    "type": "Polygon",
    "coordinates": [
     [
      [
       16.56638889,
       59.90384543
      ],
      [
       16.56559924,
       59.90386299
      ],
      [
       16.56481577,
       59.90391553
      ],
      [
       16.56404461,
       59.90400265
      ],
      [
       16.56329179,
       59.90412365
      ],
      [
       16.5625632,
       59.90427759
      ],
      [
       16.56186454,
       59.90446327
      ],
      [
       16.56120127,
       59.90467924
      ],
      [
       16.56057859,
       59.90492381
      ],
      [
       16.56000137,
       59.90519505
      ],
      [
       16.55947413,
       59.90549086
      ],
      [
       16.55900099,
       59.90580891
      ],
      [
       16.55858566,
       59.90614672
      ],
      [
       16.55823139,
       59.90650164
      ],
      [
       16.55794095,
       59.9068709
      ],
      [
       16.55771662,
       59.90725161
      ],
      [
       16.55756015,
       59.90764078
      ],
      [
       16.55747278,
       59.90803538
      ],
      [
       16.55745518,
       59.90843231
      ],
      [
       16.55750751,
       59.90882847
      ],
      [
       16.55762935,
       59.90922076
      ],
      [
       16.55781974,
       59.9096061
      ],
      [
       16.55807721,
       59.90998148
      ],
      [
       16.55839974,
       59.91034397
      ],
      [
       16.55878481,
       59.91069072
      ],
      [
       16.5592294,
       59.91101902
      ],
      [
       16.55973004,
       59.9113263
      ],
      [
       16.56028281,
       59.91161016
      ],
      [
       16.56088337,
       59.91186837
      ],
      [
       16.56152705,
       59.91209891
      ],
      [
       16.56220878,
       59.91229998
      ],
      [
       16.56292324,
       59.91247
      ],
      [
       16.56366484,
       59.91260764
      ],
      [
       16.56442776,
       59.91271183
      ],
      [
       16.56520603,
       59.91278174
      ],
      [
       16.56599357,
       59.91281684
      ],
      [
       16.56678421,
       59.91281684
      ],
      [
       16.56757174,
       59.91278174
      ],
      [
       16.56835002,
       59.91271183
      ],
      [
       16.56911294,
       59.91260764
      ],
      [
       16.56985454,
       59.91247
      ],
      [
       16.570569,
       59.91229998
      ],
      [
       16.57125073,
       59.91209891
      ],
      [
       16.5718944,
       59.91186837
      ],
      [
       16.57249497,
       59.91161016
      ],
      [
       16.57304774,
       59.9113263
      ],
      [
       16.57354838,
       59.91101902
      ],
      [
       16.57399297,
       59.91069072
      ],
      [
       16.57437804,
       59.91034397
      ],
      [
       16.57470057,
       59.90998148
      ],
      [
       16.57495804,
       59.9096061
      ],
      [
       16.57514843,
       59.90922076
      ],
      [
       16.57527027,
       59.90882847
      ],
      [
       16.57532259,
       59.90843231
      ],
      [
       16.575305,
       59.90803538
      ],
      [
       16.57521763,
       59.90764078
      ],
      [
       16.57506116,
       59.90725161
      ],
      [
       16.57483683,
       59.9068709
      ],
      [
       16.57454639,
       59.90650164
      ],
      [
       16.57419212,
       59.90614672
      ],
      [
       16.57377678,
       59.90580891
      ],
      [
       16.57330365,
       59.90549086
      ],
      [
       16.5727764,
       59.90519505
      ],
      [
       16.57219919,
       59.90492381
      ],
      [
       16.57157651,
       59.90467924
      ],
      [
       16.57091324,
       59.90446327
      ],
      [
       16.57021458,
       59.90427759
      ],
      [
       16.56948599,
       59.90412365
      ],
      [
       16.56873317,
       59.90400265
      ],
      [
       16.567962,
       59.90391553
      ],
      [
       16.56717854,
       59.90386299
      ],
      [
       16.56638889,
       59.90384543
      ]
     ]
    ]
   },
   "properties": {
    "lager": "Fareområde",
    "namn": "ES D178",
    "typ": "DNGA",
    "beteckning": "ESAA",
    "plats": "ES D178 SALA",
    "hojd": "GND–4500",
    "operator": "",
    "gäller_fr": "2026-06-11",
    "kommentar": "Sprängning/Dagbrott.\nInformation om aktivitet ges av Björka Mineral AB, \nTEL +46 (0)768 23 75 02 eller \n+46 (0)224 563 92.\n\nBlasting/Surface quarry.\nInformation about activity obtainable from Björka Mineral AB, \nTEL +46 (0)768 23 75 02 or \n+46 (0)224 563 92."
   }
  }
 ]
}