{"type":"FeatureCollection","features":[{"type":"Feature","geometry":{"type":"Polygon","coordinates":[[[17.58678,59.65587],[17.59571,59.65546],[17.60451,59.6546],[17.62036,59.65179],[17.63488,59.64752],[17.6419,59.6447],[17.64831,59.64153],[17.65406,59.63805],[17.65909,59.63429],[17.66639,59.62664],[17.66907,59.62231],[17.67088,59.61786],[17.67184,59.60938],[17.67106,59.60486],[17.66938,59.6004],[17.66388,59.59237],[17.6555,59.58501],[17.64996,59.58145],[17.64373,59.57819],[17.63688,59.57527],[17.6295,59.57271],[17.61444,59.56899],[17.60592,59.56761],[17.59716,59.56668],[17.58045,59.56615],[17.57153,59.56653],[17.56274,59.56736],[17.55416,59.56863],[17.54587,59.57034],[17.53143,59.57465],[17.52445,59.57749],[17.51808,59.58067],[17.51237,59.58416],[17.50738,59.58793],[17.50015,59.5956],[17.4959,59.60382],[17.49491,59.60833],[17.49482,59.61287],[17.49709,59.62129],[17.49957,59.62565],[17.50291,59.62986],[17.51136,59.63721],[17.51695,59.64075],[17.52322,59.644],[17.5301,59.6469],[17.53753,59.64944],[17.55266,59.65313],[17.5689,59.6553],[17.57781,59.65581],[17.58678,59.65587]]]},"properties":{"objnamn":"Väderradar Håtuna","lan":"Stockholm","kommun":"Upplands Bro","kategori":"Påverkansområden","underkategori":"Stoppområde för vindkraftverk","typ":"Påverkansområde"}},{"type":"Feature","geometry":{"type":"Polygon","coordinates":[[[14.75872,63.33995],[14.76881,63.33974],[14.77879,63.33907],[14.79689,63.33661],[14.81363,63.33265],[14.82179,63.32998],[14.82931,63.32696],[14.83611,63.3236],[14.84211,63.31996],[14.85105,63.31247],[14.85447,63.30821],[14.85693,63.3038],[14.85882,63.29535],[14.85836,63.29082],[14.85689,63.28633],[14.85146,63.27819],[14.84273,63.27066],[14.83683,63.26699],[14.83013,63.2636],[14.82271,63.26053],[14.81464,63.25782],[14.79806,63.25377],[14.7886,63.25221],[14.77885,63.25109],[14.7601,63.2502],[14.75004,63.25039],[14.74008,63.25103],[14.73031,63.25211],[14.72083,63.25364],[14.70418,63.25763],[14.69606,63.26032],[14.68859,63.26336],[14.68184,63.26672],[14.67587,63.27038],[14.66702,63.27788],[14.66145,63.286],[14.65991,63.29048],[14.65938,63.29501],[14.66113,63.30347],[14.6635,63.30788],[14.66686,63.31216],[14.67567,63.31968],[14.68161,63.32334],[14.68835,63.32672],[14.69582,63.32977],[14.70394,63.33247],[14.72061,63.33648],[14.73867,63.339],[14.74864,63.3397],[14.75872,63.33995]]]},"properties":{"objnamn":"Väderradar Östersund","lan":"Jämtland","kommun":"Östersund, Krokom","kategori":"Påverkansområden","underkategori":"Stoppområde för vindkraftverk","typ":"Påverkansområde"}},{"type":"Feature","geometry":{"type":"Polygon","coordinates":[[[18.40716,63.68344],[18.41732,63.68297],[18.42732,63.68205],[18.44528,63.67913],[18.46168,63.67476],[18.46958,63.67188],[18.47679,63.66867],[18.48322,63.66515],[18.48882,63.66136],[18.49688,63.65366],[18.4998,63.64931],[18.50171,63.64486],[18.50254,63.63637],[18.5015,63.63186],[18.49944,63.62742],[18.49292,63.61944],[18.48313,63.61214],[18.4767,63.60863],[18.4695,63.60542],[18.46162,63.60255],[18.45312,63.60004],[18.43586,63.59643],[18.42611,63.59512],[18.41611,63.59425],[18.39706,63.59384],[18.38693,63.59428],[18.37694,63.59518],[18.36721,63.59651],[18.35783,63.59828],[18.34152,63.60269],[18.33367,63.60557],[18.32651,63.6088],[18.32012,63.61233],[18.31456,63.61613],[18.30657,63.62385],[18.30199,63.63209],[18.301,63.63661],[18.30105,63.64114],[18.30389,63.64954],[18.30686,63.65388],[18.3108,63.65806],[18.32066,63.66534],[18.32714,63.66885],[18.33438,63.67204],[18.34231,63.6749],[18.35086,63.67738],[18.36821,63.68095],[18.38678,63.68301],[18.39694,63.68345],[18.40716,63.68344]]]},"properties":{"objnamn":"Väderradar Örnsköldsvik","lan":"Västernorrland","kommun":"Örnsköldsvik","kategori":"Påverkansområden","underkategori":"Stoppområde för vindkraftverk","typ":"Påverkansområde"}},{"type":"Feature","geometry":{"type":"Polygon","coordinates":[[[12.84915,56.41233],[12.85734,56.41225],[12.86547,56.4117],[12.88027,56.40946],[12.89404,56.40572],[12.90079,56.40315],[12.90704,56.40021],[12.91272,56.39694],[12.91778,56.39337],[12.9254,56.38599],[12.92839,56.38177],[12.9306,56.3774],[12.93256,56.36896],[12.93242,56.36442],[12.93145,56.35991],[12.92745,56.3517],[12.92075,56.34406],[12.91614,56.34031],[12.91087,56.33683],[12.90501,56.33367],[12.89859,56.33086],[12.88534,56.3266],[12.87774,56.32493],[12.86988,56.32368],[12.85471,56.32256],[12.84654,56.32262],[12.83842,56.32314],[12.83044,56.32411],[12.82267,56.32552],[12.80897,56.3293],[12.80225,56.33189],[12.79604,56.33484],[12.7904,56.33813],[12.78538,56.34171],[12.77783,56.34911],[12.77292,56.35716],[12.77145,56.36163],[12.77079,56.36616],[12.7718,56.37464],[12.77351,56.37908],[12.77602,56.3834],[12.7828,56.39103],[12.78744,56.39477],[12.79274,56.39823],[12.79865,56.40138],[12.80509,56.40417],[12.81842,56.40839],[12.83293,56.41113],[12.84099,56.41196],[12.84915,56.41233]]]},"properties":{"objnamn":"Väderradar Bjäre","lan":"Skåne","kommun":"Båstad, Ängelholm","kategori":"Påverkansområden","underkategori":"Stoppområde för vindkraftverk","typ":"Påverkansområde"}},{"type":"Feature","geometry":{"type":"Polygon","coordinates":[[[15.93749,58.1508],[15.94606,58.15051],[15.95453,58.14976],[15.96984,58.14715],[15.98394,58.14307],[15.99079,58.14033],[15.99709,58.13724],[16.00276,58.13384],[16.00774,58.13014],[16.01509,58.12258],[16.01787,58.11828],[16.01981,58.11386],[16.02114,58.10539],[16.0206,58.10086],[16.01921,58.09638],[16.01432,58.08828],[16.00665,58.08081],[16.0015,58.07718],[15.9957,58.07384],[15.98928,58.07083],[15.98233,58.06818],[15.96808,58.06426],[15.95999,58.06278],[15.95165,58.06173],[15.93567,58.06099],[15.92712,58.06125],[15.91866,58.06197],[15.91038,58.06314],[15.90237,58.06474],[15.88834,58.06887],[15.88152,58.07162],[15.87527,58.07472],[15.86964,58.07815],[15.86468,58.08185],[15.8574,58.08943],[15.85294,58.0976],[15.85178,58.1021],[15.85148,58.10663],[15.85326,58.11509],[15.85543,58.11948],[15.85843,58.12373],[15.86617,58.13118],[15.87136,58.1348],[15.8772,58.13813],[15.88366,58.14112],[15.89065,58.14375],[15.90496,58.14763],[15.9204,58.15001],[15.92891,58.15063],[15.93749,58.1508]]]},"properties":{"objnamn":"Väderradar Vilebo","lan":"Östergötland","kommun":"Kinda, Åtvidaberg, Västervik","kategori":"Påverkansområden","underkategori":"Stoppområde för vindkraftverk","typ":"Påverkansområde"}},{"type":"Feature","geometry":{"type":"Polygon","coordinates":[[[12.82326,58.30052],[12.83188,58.30044],[12.84044,58.2999],[12.85602,58.29767],[12.87053,58.29393],[12.87764,58.29137],[12.88422,58.28844],[12.89021,58.28517],[12.89554,58.2816],[12.90357,58.27423],[12.90673,58.27001],[12.90907,58.26564],[12.91114,58.25721],[12.911,58.25267],[12.90999,58.24816],[12.9058,58.23995],[12.89875,58.2323],[12.89391,58.22855],[12.88838,58.22508],[12.88221,58.22191],[12.87546,58.2191],[12.86152,58.21484],[12.85353,58.21316],[12.84526,58.21191],[12.82929,58.21078],[12.82069,58.21083],[12.81215,58.21134],[12.80374,58.21231],[12.79556,58.21371],[12.78113,58.21749],[12.77406,58.22007],[12.76751,58.22302],[12.76157,58.2263],[12.75628,58.22988],[12.74831,58.23727],[12.74313,58.24532],[12.74157,58.24979],[12.74087,58.25431],[12.74191,58.26279],[12.7437,58.26723],[12.74634,58.27155],[12.75345,58.27918],[12.75833,58.28293],[12.76391,58.28639],[12.77011,58.28954],[12.7769,58.29234],[12.79091,58.29656],[12.80619,58.29931],[12.81467,58.30014],[12.82326,58.30052]]]},"properties":{"objnamn":"Väderradar Vara","lan":"Västra Götaland","kommun":"Vara, Essunga, Grästorp","kategori":"Påverkansområden","underkategori":"Stoppområde för vindkraftverk","typ":"Påverkansområde"}},{"type":"Feature","geometry":{"type":"Polygon","coordinates":[[[21.87671,65.47542],[21.88747,65.4747],[21.898,65.47353],[21.91675,65.47017],[21.93363,65.4654],[21.94166,65.46234],[21.9489,65.45896],[21.95528,65.45529],[21.96073,65.45137],[21.96828,65.44349],[21.97081,65.43908],[21.97224,65.43459],[21.97198,65.42611],[21.97027,65.42163],[21.96748,65.41726],[21.95947,65.40946],[21.94807,65.40243],[21.94075,65.39908],[21.93265,65.39606],[21.92387,65.39339],[21.91449,65.39111],[21.89562,65.38793],[21.88506,65.38686],[21.8743,65.38624],[21.85396,65.38631],[21.84322,65.387],[21.8327,65.38814],[21.82252,65.38971],[21.81276,65.39171],[21.79598,65.39651],[21.788,65.39958],[21.7808,65.40298],[21.77446,65.40666],[21.76905,65.41058],[21.76157,65.41848],[21.75779,65.42681],[21.75734,65.43134],[21.75799,65.43586],[21.76215,65.44417],[21.76589,65.44842],[21.77065,65.4525],[21.78213,65.45951],[21.7895,65.46284],[21.79764,65.46585],[21.80648,65.4685],[21.81592,65.47077],[21.83489,65.4739],[21.85494,65.47549],[21.86583,65.47569],[21.87671,65.47542]]]},"properties":{"objnamn":"Väderradar Luleå","lan":"Norrbotten","kommun":"Luleå, Piteå","kategori":"Påverkansområden","underkategori":"Stoppområde för vindkraftverk","typ":"Påverkansområde"}},{"type":"Feature","geometry":{"type":"Polygon","coordinates":[[[14.87739,60.76793],[14.88665,60.76771],[14.89583,60.76703],[14.91245,60.76455],[14.92782,60.76059],[14.93531,60.75791],[14.9422,60.75488],[14.94844,60.75152],[14.95395,60.74786],[14.96213,60.74037],[14.96526,60.7361],[14.9675,60.73169],[14.96921,60.72323],[14.96877,60.7187],[14.9674,60.71421],[14.96239,60.70607],[14.95433,60.69855],[14.94889,60.69487],[14.94273,60.69149],[14.93589,60.68843],[14.92847,60.68572],[14.91321,60.68169],[14.90451,60.68014],[14.89554,60.67902],[14.87831,60.67815],[14.86906,60.67834],[14.8599,60.67899],[14.85093,60.68009],[14.84222,60.68162],[14.82693,60.68563],[14.81948,60.68832],[14.81263,60.69137],[14.80644,60.69474],[14.80097,60.69841],[14.79286,60.70592],[14.78778,60.71405],[14.78638,60.71853],[14.78591,60.72307],[14.78755,60.73153],[14.78975,60.73594],[14.79286,60.74021],[14.80098,60.74772],[14.80646,60.75139],[14.81267,60.75476],[14.81954,60.7578],[14.82701,60.76049],[14.84235,60.76449],[14.85895,60.767],[14.86812,60.76769],[14.87739,60.76793]]]},"properties":{"objnamn":"Väderradar Leksand","lan":"Dalarna","kommun":"Leksand","kategori":"Påverkansområden","underkategori":"Stoppområde för vindkraftverk","typ":"Påverkansområde"}},{"type":"Feature","geometry":{"type":"Polygon","coordinates":[[[20.62849,67.75339],[20.64033,67.75275],[20.65193,67.75166],[20.67265,67.74844],[20.69139,67.7438],[20.70034,67.7408],[20.70845,67.73747],[20.71562,67.73385],[20.72179,67.72997],[20.73045,67.72214],[20.73342,67.71776],[20.73522,67.71328],[20.73533,67.70479],[20.73367,67.7003],[20.73082,67.6959],[20.7224,67.68804],[20.71024,67.68093],[20.70237,67.67752],[20.69365,67.67444],[20.68414,67.67171],[20.67397,67.66935],[20.65343,67.66603],[20.64191,67.66489],[20.63014,67.66418],[20.60783,67.6641],[20.59603,67.6647],[20.58445,67.66576],[20.57321,67.66726],[20.56242,67.66918],[20.54378,67.67385],[20.53489,67.67686],[20.52683,67.6802],[20.51971,67.68384],[20.51358,67.68772],[20.50499,67.69556],[20.50045,67.70386],[20.49973,67.70839],[20.50023,67.71291],[20.50438,67.72125],[20.50828,67.72554],[20.5133,67.72965],[20.52554,67.73675],[20.53346,67.74014],[20.54224,67.74321],[20.55181,67.74593],[20.56204,67.74827],[20.58269,67.75155],[20.60461,67.75329],[20.61654,67.75357],[20.62849,67.75339]]]},"properties":{"objnamn":"Väderradar Kiruna","lan":"Norrbotten","kommun":"Kiruna, Gällivare","kategori":"Påverkansområden","underkategori":"Stoppområde för vindkraftverk","typ":"Påverkansområde"}},{"type":"Feature","geometry":{"type":"Polygon","coordinates":[[[15.61097,56.34041],[15.61913,56.34014],[15.6272,56.33941],[15.6418,56.33685],[15.65527,56.3328],[15.66182,56.33008],[15.66784,56.32701],[15.67327,56.32362],[15.67805,56.31993],[15.68512,56.31239],[15.6878,56.3081],[15.68969,56.30368],[15.69104,56.29521],[15.69057,56.29067],[15.68928,56.28619],[15.6847,56.27807],[15.67746,56.27058],[15.6726,56.26694],[15.66709,56.26358],[15.66101,56.26055],[15.65442,56.25788],[15.64089,56.25393],[15.63319,56.25242],[15.62526,56.25135],[15.61005,56.25057],[15.6019,56.25081],[15.59384,56.25151],[15.58595,56.25265],[15.5783,56.25424],[15.5649,56.25832],[15.55839,56.26106],[15.55241,56.26415],[15.54701,56.26756],[15.54226,56.27125],[15.53526,56.27881],[15.53094,56.28697],[15.5298,56.29147],[15.52947,56.296],[15.53109,56.30446],[15.53312,56.30886],[15.53593,56.31312],[15.54324,56.3206],[15.54814,56.32423],[15.55368,56.32757],[15.5598,56.33058],[15.56643,56.33324],[15.58003,56.33715],[15.59471,56.33957],[15.6028,56.34022],[15.61097,56.34041]]]},"properties":{"objnamn":"Väderradar Karlskrona","lan":"Blekinge","kommun":"Karlskrona","kategori":"Påverkansområden","underkategori":"Stoppområde för vindkraftverk","typ":"Påverkansområde"}},{"type":"Feature","geometry":{"type":"Polygon","coordinates":[[[16.71691,61.62197],[16.72642,61.62163],[16.7358,61.62082],[16.75272,61.61812],[16.76827,61.61394],[16.7758,61.61116],[16.7827,61.60803],[16.7889,61.60459],[16.79434,61.60086],[16.8023,61.59326],[16.80526,61.58895],[16.8073,61.58451],[16.80855,61.57604],[16.80784,61.57151],[16.80617,61.56705],[16.80054,61.55898],[16.79182,61.55157],[16.78602,61.54798],[16.77949,61.54468],[16.77229,61.54171],[16.7645,61.53911],[16.7486,61.53529],[16.73958,61.53386],[16.7303,61.53287],[16.71255,61.53224],[16.70307,61.53256],[16.69371,61.53333],[16.68455,61.53455],[16.6757,61.53621],[16.66024,61.54042],[16.65275,61.54321],[16.64589,61.54636],[16.63973,61.54981],[16.63433,61.55355],[16.62644,61.56117],[16.62171,61.56936],[16.62053,61.57386],[16.62032,61.5784],[16.6225,61.58683],[16.62503,61.59121],[16.62847,61.59544],[16.63725,61.60284],[16.6431,61.60642],[16.64967,61.6097],[16.65691,61.61265],[16.66474,61.61524],[16.68073,61.61902],[16.69793,61.6213],[16.70738,61.62186],[16.71691,61.62197]]]},"properties":{"objnamn":"Väderradar Hudiksvall","lan":"Gävleborg","kommun":"Hudiksvall, Söderhamn","kategori":"Påverkansområden","underkategori":"Stoppområde för vindkraftverk","typ":"Påverkansområde"}},{"type":"Feature","geometry":{"type":"Polygon","coordinates":[[[18.40422,57.3483],[18.41257,57.34784],[18.4208,57.34693],[18.43558,57.34404],[18.44909,57.33968],[18.4556,57.33682],[18.46154,57.33362],[18.46685,57.3301],[18.47148,57.32632],[18.47815,57.31862],[18.48058,57.31428],[18.48218,57.30982],[18.48292,57.30133],[18.48209,57.29682],[18.48043,57.29237],[18.47512,57.28437],[18.46712,57.27706],[18.46186,57.27353],[18.45596,57.2703],[18.44949,57.26742],[18.44252,57.2649],[18.42835,57.26126],[18.42034,57.25993],[18.41212,57.25905],[18.39646,57.25861],[18.38812,57.25904],[18.37991,57.25992],[18.37189,57.26124],[18.36417,57.263],[18.35073,57.26738],[18.34426,57.27026],[18.33836,57.27348],[18.33308,57.27701],[18.32849,57.28081],[18.32188,57.28852],[18.31807,57.29676],[18.31723,57.30128],[18.31724,57.30582],[18.31954,57.31423],[18.32195,57.31857],[18.32517,57.32276],[18.33323,57.33006],[18.33854,57.33358],[18.34447,57.33678],[18.35098,57.33965],[18.35799,57.34215],[18.37223,57.34575],[18.38747,57.34783],[18.39582,57.34829],[18.40422,57.3483]]]},"properties":{"objnamn":"Väderradar Ase","lan":"Gotland","kommun":"Gotland","kategori":"Påverkansområden","underkategori":"Stoppområde för vindkraftverk","typ":"Påverkansområde"}},{"type":"Feature","geometry":{"type":"Polygon","coordinates":[[[21.78749,65.80304],[21.97797,65.6796],[21.99914,65.68311],[22.0498,65.68796],[22.11774,65.68927],[22.15422,65.68666],[22.18283,65.68437],[22.21535,65.68008],[22.23982,65.6754],[22.26409,65.67],[22.28905,65.66384],[22.31677,65.65463],[22.33909,65.64477],[22.35624,65.63617],[22.39405,65.61928],[22.41759,65.6069],[22.43313,65.59528],[22.44497,65.58499],[22.45603,65.57292],[22.46352,65.56092],[22.47115,65.5358],[22.47043,65.52271],[22.46775,65.51226],[22.46192,65.49976],[22.4507,65.48677],[22.43785,65.47421],[22.86615,65.33557],[22.8554,65.32806],[22.83785,65.31794],[22.79489,65.29748],[22.76123,65.28227],[22.71911,65.26453],[22.65529,65.2434],[22.60945,65.2309],[22.57593,65.22221],[22.53443,65.21278],[22.50883,65.20774],[22.24239,65.4038],[22.21317,65.40089],[22.18134,65.39889],[22.14451,65.39842],[22.10447,65.39913],[22.06251,65.40253],[22.0239,65.4083],[21.98601,65.41569],[21.95745,65.42317],[21.93477,65.4309],[21.88468,65.45222],[21.87668,65.45705],[21.85823,65.46313],[21.84288,65.47248],[21.82905,65.47838],[21.81786,65.48562],[21.80408,65.49685],[21.79328,65.50834],[21.78367,65.52],[21.77654,65.53485],[21.77349,65.54711],[21.77172,65.5598],[21.78152,65.5871],[21.78777,65.59664],[21.79759,65.60589],[21.34165,65.73258],[21.37163,65.75185],[21.41221,65.7756],[21.44788,65.79362],[21.47953,65.80758],[21.51581,65.82176],[21.55992,65.83778],[21.59563,65.84852],[21.6362,65.85955],[21.67646,65.86961],[21.70302,65.875],[21.78749,65.80304]]]},"properties":{"objnamn":"Luleå/Kallax flottiljflygplats och Junköns skjutfält","lan":"Norrbotten","kommun":"Luleå, Boden","kategori":"Påverkansområden","underkategori":"Stoppområde för höga objekt","typ":"Påverkansområde"}},{"type":"Feature","geometry":{"type":"Polygon","coordinates":[[[17.77695,66.88928],[17.79799,66.88359],[17.81649,66.88456],[17.83944,66.88367],[17.87451,66.8808],[17.88806,66.87761],[17.91857,66.87539],[17.94775,66.8756],[17.96614,66.87535],[18.31539,66.7664],[18.57917,66.915],[19.41727,66.71059],[19.43542,66.71984],[19.4517,66.72671],[19.47157,66.73712],[19.49451,66.74746],[19.51719,66.75598],[19.53684,66.76458],[19.55623,66.77137],[19.62009,66.78856],[19.65243,66.79563],[19.67979,66.80402],[19.71003,66.81113],[19.74172,66.81759],[19.77352,66.82465],[19.80657,66.82986],[19.88026,66.83945],[19.92538,66.84312],[19.98084,66.84848],[20.04703,66.85244],[20.17509,66.85612],[20.24029,66.8543],[20.37685,66.84468],[20.42673,66.83893],[20.47065,66.83249],[20.51231,66.82561],[20.55942,66.81533],[20.59461,66.80701],[20.6335,66.80099],[20.6663,66.79112],[20.705,66.78024],[20.73539,66.76882],[20.77605,66.75786],[20.79981,66.74421],[20.83772,66.7301],[20.86514,66.71471],[20.90197,66.69578],[20.93285,66.67784],[20.95797,66.6617],[20.97834,66.64248],[20.99012,66.62112],[21.00708,66.60524],[21.02099,66.58461],[21.04869,66.51433],[21.05015,66.49251],[21.04611,66.47329],[21.02134,66.41282],[21.00667,66.38106],[20.9595,66.34731],[20.93232,66.3224],[20.88879,66.29561],[20.84631,66.27361],[20.79997,66.25197],[20.76502,66.23697],[20.71543,66.2184],[20.62059,66.19235],[20.58918,66.18446],[20.62943,66.17596],[20.66127,66.16528],[20.70496,66.15423],[20.74237,66.14175],[20.8015,66.11876],[20.84031,66.09634],[20.88274,66.07741],[20.90971,66.05595],[20.93947,66.03379],[20.96512,66.01358],[20.98283,65.99311],[21.00164,65.96882],[21.00929,65.94167],[21.01562,65.93393],[21.09556,65.91528],[21.02935,65.86301],[21.02385,65.8505],[21.02007,65.83188],[21.01592,65.81871],[21.008,65.80144],[20.9957,65.78432],[20.98402,65.7702],[20.97515,65.75538],[20.95998,65.73835],[20.91976,65.70608],[20.89918,65.69105],[20.84002,65.65854],[20.81562,65.64605],[20.7927,65.6335],[20.76543,65.62108],[20.73529,65.60876],[20.66671,65.58618],[20.59694,65.53169],[20.59583,65.53222],[19.19611,65.83194],[19.30909,65.92303],[17.87945,66.51528],[17.97395,66.57142],[17.4045,66.75834],[17.69509,66.94277],[17.72019,66.9292],[17.72135,66.92436],[17.73316,66.91818],[17.73864,66.90967],[17.74732,66.90292],[17.75907,66.89614],[17.77695,66.88928]]]},"properties":{"objnamn":"Jokkmokks flygbas","lan":"Norrbotten","kommun":"Arvidsjaur, Arjeplog, Jokkmokk, Gällivare, Älvsbyn, Piteå, Boden","kategori":"Påverkansområden","underkategori":"Stoppområde för höga objekt","typ":"Påverkansområde"}},{"type":"Feature","geometry":{"type":"Polygon","coordinates":[[[18.27565,60.02879],[18.28238,60.01913],[18.29272,60.00196],[18.30112,59.98459],[18.31022,59.95672],[18.31536,59.93545],[18.31729,59.92379],[18.31902,59.90763],[18.31808,59.88697],[17.86888,59.87998],[17.86815,59.87545],[17.86602,59.87044],[17.85985,59.85908],[17.85188,59.84798],[17.84615,59.84182],[17.8326,59.82953],[17.82588,59.82409],[17.81787,59.81855],[17.80299,59.80937],[17.78348,59.79948],[17.75939,59.78979],[17.73641,59.78233],[17.70788,59.77395],[17.67365,59.76622],[17.65198,59.76286],[17.61561,59.75964],[17.59215,59.75842],[17.56349,59.75894],[17.55155,59.75952],[17.54425,59.76063],[17.35433,59.55273],[17.34646,59.55357],[17.29337,59.56391],[17.28219,59.56678],[17.27239,59.56859],[17.24513,59.57487],[17.20143,59.58782],[17.18926,59.59094],[17.18103,59.59427],[17.16113,59.60071],[17.14319,59.60738],[17.13444,59.61021],[17.1083,59.62119],[17.0685,59.63894],[17.06079,59.6435],[17.04628,59.65087],[17.03133,59.65974],[17.02393,59.66306],[16.99483,59.68283],[16.96151,59.70725],[16.95286,59.71406],[16.94715,59.72034],[16.93993,59.72589],[16.92083,59.74526],[16.91041,59.75881],[16.89993,59.77096],[16.88205,59.79929],[16.87552,59.81156],[16.87053,59.82581],[16.8645,59.83883],[16.86141,59.85082],[16.8566,59.87642],[16.85675,59.8856],[17.30473,59.91032],[17.30542,59.91638],[17.31117,59.93002],[17.31679,59.93933],[17.33103,59.95588],[17.34048,59.96456],[17.34648,59.96922],[17.36041,59.97863],[17.37469,59.98702],[17.38516,59.99221],[17.40013,59.99889],[17.42116,60.00684],[17.42641,60.00955],[17.44196,60.01574],[17.46767,60.02421],[17.4839,60.02835],[17.50206,60.03227],[17.53003,60.03729],[17.55102,60.03972],[17.5737,60.04135],[17.58609,60.04186],[17.60909,60.04204],[17.63914,60.04087],[17.8396,60.24642],[17.89044,60.23619],[17.93378,60.22583],[17.9601,60.21867],[17.98712,60.21027],[18.01719,60.20051],[18.05538,60.1856],[18.07917,60.17555],[18.1005,60.16576],[18.10537,60.16301],[18.11655,60.15777],[18.12167,60.15459],[18.14987,60.13951],[18.17623,60.12276],[18.19465,60.10924],[18.19949,60.10663],[18.20512,60.10154],[18.21882,60.09081],[18.22958,60.08089],[18.23619,60.07578],[18.26168,60.04729],[18.27565,60.02879]]]},"properties":{"objnamn":"Uppsala flottiljflygplats","lan":"Uppsala, Västmanland","kommun":"Håbo, Knivsta, Heby, Uppsala, Enköping, Östhammar","kategori":"Påverkansområden","underkategori":"Stoppområde för höga objekt","typ":"Påverkansområde"}},{"type":"Feature","geometry":{"type":"Polygon","coordinates":[[[13.32444,58.29528],[13.27694,58.09694],[12.35389,58.11639],[11.9975,58.29972],[11.9975,58.46528],[12.4975,58.76611],[12.71305,59.01242],[12.77403,59.01105],[12.82509,59.00885],[12.87239,59.0057],[12.95858,58.99775],[12.99942,58.993],[13.06086,58.98331],[13.09188,58.97805],[13.16225,58.96288],[13.30624,58.92295],[13.38719,58.89306],[13.16389,58.73278],[13.32444,58.51694],[13.32444,58.29528]]]},"properties":{"objnamn":"Såtenäs flottiljsflygplats/Råda flygbas","lan":"Västra Götaland, Värmland","kommun":"Färgelanda, Ale, Vårgårda, Grästorp, Essunga, Mellerud, Lilla Edet, Herrljunga, Vara, Götene, Uddevalla, Vänersborg, Trollhättan, Alingsås, Åmål, Mariestad, Lidköping, Skara, Falköping, Säffle","kategori":"Påverkansområden","underkategori":"Stoppområde för höga objekt","typ":"Påverkansområde"}},{"type":"Feature","geometry":{"type":"Polygon","coordinates":[[[14.7232,57.47994],[14.37642,57.35439],[14.384,57.34382],[14.38981,57.33274],[14.39482,57.31874],[14.39706,57.30714],[14.39745,57.29697],[14.39553,57.27684],[14.38892,57.26272],[14.38054,57.24809],[14.36765,57.23486],[14.34256,57.21422],[14.32424,57.20335],[14.30322,57.19341],[14.29016,57.1855],[14.26561,57.17502],[14.2401,57.16647],[14.20391,57.15778],[14.18267,57.15411],[14.14711,57.15171],[14.11326,57.15126],[14.07035,57.15358],[14.04152,57.15996],[13.82337,56.96501],[13.79124,56.97599],[13.75259,56.99029],[13.71187,57.0034],[13.68348,57.0213],[13.64461,57.03786],[13.61814,57.05808],[13.58973,57.07481],[13.57634,57.08721],[13.56314,57.09616],[13.90045,57.2258],[13.88886,57.24514],[13.87907,57.27026],[13.87697,57.31043],[13.88668,57.32781],[13.90253,57.34987],[13.92913,57.3698],[13.95789,57.38975],[13.99944,57.40988],[14.04142,57.42196],[14.10931,57.43279],[14.17471,57.43452],[14.24063,57.42416],[14.24273,57.4241],[14.47535,57.61346],[14.53997,57.58958],[14.60959,57.55731],[14.64259,57.54018],[14.67203,57.52043],[14.69159,57.50897],[14.70523,57.49424],[14.7232,57.47994]]]},"properties":{"objnamn":"Hagshults flygbas","lan":"Jönköping, Kronoberg","kommun":"Gnosjö, Gislaved, Vaggeryd, Nässjö, Värnamo, Sävsjö, Ljungby","kategori":"Påverkansområden","underkategori":"Stoppområde för höga objekt","typ":"Påverkansområde"}},{"type":"Feature","geometry":{"type":"Polygon","coordinates":[[[15.52951,58.03865],[15.50867,58.03861],[15.4486,58.0407],[15.40642,58.04395],[15.38272,58.04631],[15.35972,58.04904],[15.33741,58.05214],[15.28286,58.06149],[15.25927,58.06644],[15.20922,58.07896],[15.19109,58.08412],[15.1726,58.08965],[15.12937,58.1046],[15.11047,58.11181],[15.09191,58.11957],[15.06046,58.13382],[15.03073,58.149],[15.00649,58.16319],[14.99426,58.17098],[14.96002,58.19455],[14.95097,58.20179],[14.93321,58.21685],[14.91502,58.23433],[14.9026,58.24792],[14.89139,58.26122],[14.88402,58.27091],[14.86956,58.29366],[14.85794,58.31549],[14.8549,58.32259],[14.84607,58.34637],[14.84164,58.36489],[14.83876,58.39862],[14.83929,58.41756],[14.84179,58.4343],[14.84572,58.451],[14.855,58.47805],[14.86381,58.49629],[14.87306,58.51172],[14.88444,58.52815],[14.89727,58.54473],[14.91925,58.5683],[14.93923,58.58661],[14.95964,58.60323],[14.98259,58.61943],[14.99427,58.62681],[15.01979,58.64215],[15.0455,58.65598],[15.06507,58.66546],[15.08716,58.67532],[15.10714,58.6836],[15.14534,58.69784],[15.18207,58.70952],[15.20491,58.71619],[15.22821,58.72223],[15.26672,58.73102],[15.30332,58.73804],[15.32309,58.7413],[15.36152,58.7469],[15.38423,58.74954],[15.42661,58.75332],[15.46807,58.75572],[15.48709,58.75642],[15.52747,58.75689],[15.56352,58.75621],[15.5974,58.75478],[15.62627,58.75286],[15.66866,58.74882],[15.71825,58.74212],[15.74162,58.73823],[15.77268,58.73235],[15.80308,58.72571],[15.82411,58.72051],[15.85822,58.71127],[15.89283,58.70039],[15.91441,58.69283],[15.95106,58.67857],[15.9793,58.66613],[16.01683,58.64712],[16.04591,58.63035],[16.0628,58.61936],[16.08249,58.60552],[16.10028,58.59154],[16.11986,58.57444],[16.12982,58.56468],[16.14671,58.54654],[16.16295,58.52614],[16.18094,58.49749],[16.18935,58.48061],[16.19665,58.46185],[16.20215,58.44254],[16.20584,58.42155],[16.20679,58.41034],[16.20655,58.38603],[16.20336,58.36299],[16.20064,58.35115],[16.19732,58.3398],[16.1901,58.32019],[16.18115,58.30177],[16.16932,58.28199],[16.15745,58.26536],[16.14241,58.2468],[16.12447,58.22811],[16.10281,58.20861],[16.093,58.20053],[16.06874,58.18241],[16.04394,58.16614],[16.03306,58.15964],[16.02228,58.15335],[15.99669,58.13953],[15.96945,58.12657],[15.94132,58.1144],[15.91099,58.10261],[15.89651,58.09755],[15.8796,58.09182],[15.84798,58.08222],[15.8088,58.07187],[15.78669,58.06668],[15.76317,58.06183],[15.71991,58.05391],[15.67894,58.04807],[15.66068,58.04599],[15.61583,58.04181],[15.57437,58.03949],[15.55459,58.03889],[15.52951,58.03865]]]},"properties":{"objnamn":"Malmens flottiljflygplats","lan":"Östergötland","kommun":"Ödeshög, Kinda, Boxholm, Åtvidaberg, Finspång, Linköping, Norrköping, Söderköping, Motala, Vadstena, Mjölby","kategori":"Påverkansområden","underkategori":"Stoppområde för höga objekt","typ":"Påverkansområde"}},{"type":"Feature","geometry":{"type":"Polygon","coordinates":[[[15.59361,56.60444],[15.55972,56.4333],[15.62722,56.43333],[15.75806,56.245],[15.64333,56.19444],[15.56194,55.90833],[14.81361,55.96944],[14.83583,56.15],[15.05056,56.14899],[15.05056,56.254],[14.86833,56.36194],[14.88278,56.46667],[15.06361,56.43083],[15.1125,56.63333],[15.59361,56.60444]]]},"properties":{"objnamn":"Ronneby flottiljflygplats","lan":"Blekinge, Kronoberg, Kalmar","kommun":"Karlskrona, Ronneby, Karlshamn, Sölvesborg, Lessebo, Tingsryd, Emmaboda","kategori":"Påverkansområden","underkategori":"Stoppområde för höga objekt","typ":"Påverkansområde"}},{"type":"Feature","geometry":{"type":"Polygon","coordinates":[[[14.79723,58.82809],[14.98278,58.74667],[14.98017,58.61991],[15.02392,58.57714],[14.97906,58.56955],[14.9775,58.54222],[14.82611,58.47639],[14.80083,58.47056],[14.77389,58.45917],[14.76833,58.42833],[14.75667,58.42806],[14.69722,58.39528],[14.6625,58.375],[14.65306,58.34694],[14.16389,58.24306],[13.8925,58.51556],[14.54611,58.72139],[14.79723,58.82809]]]},"properties":{"objnamn":"Karlsborgsområdet","lan":"Västra Götaland, Östergötland, Örebro","kommun":"Karlsborg, Tibro, Töreboda, Skövde, Hjo, Laxå, Askersund, Ödeshög, Motala, Vadstena","kategori":"Påverkansområden","underkategori":"Stoppområde för höga objekt","typ":"Påverkansområde"}},{"type":"Feature","geometry":{"type":"Polygon","coordinates":[[[18.37842,57.52179],[18.32694,57.48056],[18.3169,57.48213],[18.24677,57.29397],[18.2357,57.29505],[18.21033,57.2964],[18.1661,57.30154],[18.13468,57.30816],[18.08423,57.31598],[18.05607,57.32424],[18.01358,57.33274],[17.99176,57.34088],[17.95571,57.35097],[17.93561,57.36165],[18.15723,57.54701],[18.15882,57.56115],[18.13855,57.57388],[18.12304,57.58531],[18.10687,57.60063],[18.09978,57.61704],[18.08855,57.63953],[18.09077,57.67487],[18.09928,57.69507],[18.1122,57.71324],[18.12482,57.72658],[18.14061,57.74664],[18.16803,57.76407],[18.18962,57.77529],[18.21989,57.78717],[18.27515,57.79919],[18.30268,57.8035],[18.32004,57.80509],[18.33815,57.81733],[18.35452,57.83057],[18.40971,58.02863],[18.44521,58.02693],[18.4779,58.02431],[18.53579,58.01687],[18.60603,58.0042],[18.68289,57.98358],[18.72372,57.96957],[18.5404,57.79583],[18.5353,57.76444],[18.5509,57.75489],[18.56461,57.74442],[18.57905,57.73176],[18.59697,57.70568],[18.60207,57.68957],[18.60445,57.67353],[18.60344,57.66046],[18.59853,57.64361],[18.5902,57.62925],[18.56497,57.59443],[18.55133,57.58115],[18.53983,57.57219],[18.5247,57.56283],[18.50868,57.55348],[18.47618,57.5406],[18.45596,57.53521],[18.43845,57.52976],[18.41651,57.52537],[18.39835,57.52332],[18.37842,57.52179]]]},"properties":{"objnamn":"Visby flygplats","lan":"Gotland","kommun":"Gotland","kategori":"Påverkansområden","underkategori":"Stoppområde för höga objekt","typ":"Påverkansområde"}},{"type":"Feature","geometry":{"type":"MultiPolygon","coordinates":[[[[14.967,57.69185],[14.96731,57.69156],[14.96837,57.69167],[14.96988,57.69067],[14.971,57.68901],[14.97216,57.68893],[14.96944,57.68771],[14.97213,57.68392],[14.97595,57.68059],[14.97573,57.67969],[14.97488,57.67919],[14.97555,57.67916],[14.97535,57.6782],[14.97451,57.67855],[14.97043,57.67863],[14.9695,57.67635],[14.96518,57.67613],[14.96395,57.67768],[14.96495,57.68173],[14.96428,57.68288],[14.96253,57.6841],[14.9665,57.68478],[14.96566,57.68683],[14.9669,57.68718],[14.96358,57.68895],[14.96419,57.68954],[14.96203,57.69101],[14.967,57.69185]]],[[[14.91593,57.72444],[14.92604,57.7241],[14.93513,57.72268],[14.93758,57.71439],[14.93705,57.7099],[14.92847,57.70837],[14.92784,57.7076],[14.93547,57.70553],[14.93747,57.70394],[14.93832,57.70023],[14.93618,57.70017],[14.93634,57.6989],[14.93756,57.69876],[14.93938,57.69892],[14.93951,57.69937],[14.94282,57.69943],[14.94679,57.69409],[14.94486,57.69188],[14.94525,57.6896],[14.95342,57.69191],[14.9531,57.69395],[14.95386,57.69407],[14.95504,57.69079],[14.94666,57.68704],[14.94712,57.68645],[14.95706,57.689],[14.95961,57.68643],[14.9582,57.68603],[14.96001,57.6842],[14.9597,57.68382],[14.95367,57.6816],[14.9538,57.67982],[14.95319,57.67993],[14.95207,57.67935],[14.9533,57.67877],[14.95348,57.67699],[14.95694,57.67573],[14.95756,57.66973],[14.95469,57.66917],[14.95563,57.66756],[14.95508,57.66638],[14.95591,57.66447],[14.95045,57.66408],[14.94538,57.66237],[14.93793,57.66164],[14.91616,57.66348],[14.90495,57.66264],[14.89252,57.66325],[14.88336,57.66282],[14.88139,57.66373],[14.88141,57.66438],[14.87916,57.66566],[14.87925,57.66687],[14.88107,57.66785],[14.87823,57.67046],[14.87813,57.67123],[14.8765,57.67113],[14.87404,57.66971],[14.86968,57.67265],[14.86702,57.67136],[14.86173,57.67013],[14.85977,57.67335],[14.85576,57.67553],[14.85527,57.67628],[14.85287,57.6771],[14.85073,57.6773],[14.84629,57.67704],[14.84444,57.67605],[14.84227,57.67564],[14.83905,57.67595],[14.83882,57.67623],[14.83974,57.67627],[14.83992,57.677],[14.84259,57.67869],[14.84294,57.68105],[14.8438,57.68155],[14.8436,57.68257],[14.84517,57.68359],[14.84493,57.68656],[14.84575,57.68997],[14.85326,57.6896],[14.85309,57.69046],[14.85566,57.69072],[14.85631,57.69318],[14.86083,57.69345],[14.86194,57.69412],[14.86305,57.69596],[14.86584,57.69585],[14.86735,57.69617],[14.86714,57.69691],[14.86773,57.69703],[14.86698,57.70024],[14.86851,57.70031],[14.86924,57.69651],[14.8718,57.69632],[14.87904,57.697],[14.86753,57.70298],[14.86793,57.70374],[14.8665,57.70373],[14.86761,57.70484],[14.8684,57.70448],[14.87031,57.7051],[14.87161,57.70444],[14.87137,57.70338],[14.88487,57.69779],[14.88732,57.6959],[14.88924,57.6951],[14.8987,57.69436],[14.90003,57.69266],[14.90408,57.6927],[14.90388,57.69437],[14.90991,57.69398],[14.91946,57.69129],[14.92024,57.69088],[14.91958,57.68964],[14.91831,57.68938],[14.91769,57.68544],[14.9181,57.68405],[14.91992,57.68384],[14.92214,57.68444],[14.92362,57.68519],[14.92336,57.68742],[14.92528,57.68843],[14.92357,57.68858],[14.92301,57.68899],[14.92447,57.69172],[14.91667,57.69949],[14.9116,57.69867],[14.90759,57.70013],[14.90126,57.69695],[14.89768,57.69588],[14.89503,57.69798],[14.90264,57.70104],[14.90748,57.70535],[14.90426,57.70527],[14.90401,57.70557],[14.89903,57.70526],[14.8971,57.70668],[14.89876,57.70813],[14.89846,57.70846],[14.89535,57.70909],[14.89792,57.71078],[14.89874,57.71026],[14.90152,57.70972],[14.90209,57.71045],[14.89999,57.7118],[14.90071,57.71444],[14.90201,57.71467],[14.90455,57.71413],[14.90497,57.71454],[14.90137,57.71603],[14.8968,57.7163],[14.89625,57.7168],[14.89372,57.71705],[14.89317,57.71775],[14.88939,57.71786],[14.88981,57.71902],[14.89223,57.71944],[14.8909,57.72042],[14.89684,57.72349],[14.89835,57.72194],[14.90141,57.71997],[14.90661,57.71929],[14.90781,57.71876],[14.90895,57.71915],[14.90821,57.72038],[14.90972,57.72213],[14.9139,57.72424],[14.91515,57.72465],[14.91593,57.72444]]]]},"properties":{"objnamn":"Eksjö skjut- och övningsfält, garnisonsområde samt Norra fältets övningsområde","lan":"Jönköping","kommun":"Eksjö","kategori":"Öppna riksintressen 3 kap 9 § andra stycket MB","underkategori":"Riksintresse på land","typ":"Riksintresse"}},{"type":"Feature","geometry":{"type":"Polygon","coordinates":[[[17.58353,59.6137],[17.58718,59.61287],[17.58864,59.61098],[17.58817,59.6099],[17.58688,59.60901],[17.58312,59.60832],[17.57947,59.60916],[17.57801,59.61105],[17.57848,59.61212],[17.57977,59.61301],[17.58353,59.6137]]]},"properties":{"objnamn":"Väderradar Håtuna","lan":"Stockholm","kommun":"Upplands Bro","kategori":"Öppna riksintressen 3 kap 9 § andra stycket MB","underkategori":"Riksintresse på land","typ":"Riksintresse"}},{"type":"Feature","geometry":{"type":"Polygon","coordinates":[[[14.75907,63.29777],[14.76326,63.29701],[14.76508,63.29515],[14.76465,63.29407],[14.76329,63.29315],[14.75912,63.29238],[14.75494,63.29314],[14.75312,63.295],[14.75355,63.29608],[14.7549,63.297],[14.75907,63.29777]]]},"properties":{"objnamn":"Väderradar Östersund","lan":"Jämtland","kommun":"Östersund","kategori":"Öppna riksintressen 3 kap 9 § andra stycket MB","underkategori":"Riksintresse på land","typ":"Riksintresse"}},{"type":"Feature","geometry":{"type":"Polygon","coordinates":[[[18.40211,63.64134],[18.40623,63.64047],[18.40783,63.63858],[18.40726,63.6375],[18.40577,63.63662],[18.40146,63.63596],[18.39733,63.63682],[18.39573,63.63872],[18.39631,63.63979],[18.39779,63.64067],[18.40211,63.64134]]]},"properties":{"objnamn":"Väderradar Örnsköldsvik","lan":"Västernorrland","kommun":"Örnsköldsvik","kategori":"Öppna riksintressen 3 kap 9 § andra stycket MB","underkategori":"Riksintresse på land","typ":"Riksintresse"}},{"type":"Feature","geometry":{"type":"Polygon","coordinates":[[[12.85153,56.37014],[12.85496,56.36943],[12.85653,56.3676],[12.85623,56.36651],[12.85518,56.36557],[12.85183,56.36475],[12.8484,56.36546],[12.84683,56.36729],[12.84713,56.36838],[12.84818,56.36931],[12.85153,56.37014]]]},"properties":{"objnamn":"Väderradar Bjäre","lan":"Skåne","kommun":"Båstad","kategori":"Öppna riksintressen 3 kap 9 § andra stycket MB","underkategori":"Riksintresse på land","typ":"Riksintresse"}},{"type":"Feature","geometry":{"type":"Polygon","coordinates":[[[15.93638,58.10859],[15.93991,58.1078],[15.9414,58.10593],[15.941,58.10485],[15.93981,58.10394],[15.93624,58.1032],[15.93271,58.10399],[15.93122,58.10587],[15.93162,58.10695],[15.93281,58.10785],[15.93638,58.10859]]]},"properties":{"objnamn":"Väderradar Vilebo","lan":"Östergötland","kommun":"Kinda","kategori":"Öppna riksintressen 3 kap 9 § andra stycket MB","underkategori":"Riksintresse på land","typ":"Riksintresse"}},{"type":"Feature","geometry":{"type":"Polygon","coordinates":[[[12.82585,58.25834],[12.82946,58.25763],[12.83111,58.2558],[12.8308,58.25471],[12.82969,58.25378],[12.82618,58.25295],[12.82256,58.25366],[12.82091,58.25549],[12.82122,58.25658],[12.82233,58.25751],[12.82585,58.25834]]]},"properties":{"objnamn":"Väderradar Vara","lan":"Västra Götaland","kommun":"Vara","kategori":"Öppna riksintressen 3 kap 9 § andra stycket MB","underkategori":"Riksintresse på land","typ":"Riksintresse"}},{"type":"Feature","geometry":{"type":"Polygon","coordinates":[[[21.86568,65.43355],[21.86996,65.43259],[21.87141,65.43066],[21.87066,65.4296],[21.86895,65.42876],[21.86427,65.42821],[21.85999,65.42917],[21.85854,65.4311],[21.85929,65.43216],[21.861,65.433],[21.86568,65.43355]]]},"properties":{"objnamn":"Väderradar Luleå","lan":"Norrbotten","kommun":"Luleå","kategori":"Öppna riksintressen 3 kap 9 § andra stycket MB","underkategori":"Riksintresse på land","typ":"Riksintresse"}},{"type":"Feature","geometry":{"type":"Polygon","coordinates":[[[14.87755,60.72573],[14.88139,60.72497],[14.88305,60.72311],[14.88265,60.72203],[14.8814,60.72111],[14.87757,60.72035],[14.87373,60.72111],[14.87206,60.72296],[14.87246,60.72405],[14.87371,60.72496],[14.87755,60.72573]]]},"properties":{"objnamn":"Väderradar Leksand","lan":"Dalarna","kommun":"Leksand","kategori":"Öppna riksintressen 3 kap 9 § andra stycket MB","underkategori":"Riksintresse på land","typ":"Riksintresse"}},{"type":"Feature","geometry":{"type":"Polygon","coordinates":[[[20.61841,67.71143],[20.62315,67.7105],[20.62484,67.70858],[20.62406,67.70752],[20.62223,67.70667],[20.61713,67.70608],[20.61239,67.70701],[20.6107,67.70893],[20.61148,67.70999],[20.61331,67.71084],[20.61841,67.71143]]]},"properties":{"objnamn":"Väderradar Kiruna","lan":"Norrbotten","kommun":"Kiruna","kategori":"Öppna riksintressen 3 kap 9 § andra stycket MB","underkategori":"Riksintresse på land","typ":"Riksintresse"}},{"type":"Feature","geometry":{"type":"Polygon","coordinates":[[[15.6103,56.29819],[15.61367,56.2974],[15.6151,56.29554],[15.61473,56.29445],[15.61361,56.29354],[15.61021,56.2928],[15.60684,56.29358],[15.60541,56.29544],[15.60578,56.29653],[15.6069,56.29744],[15.6103,56.29819]]]},"properties":{"objnamn":"Väderradar Karlskrona","lan":"Blekinge","kommun":"Karlskrona","kategori":"Öppna riksintressen 3 kap 9 § andra stycket MB","underkategori":"Riksintresse på land","typ":"Riksintresse"}},{"type":"Feature","geometry":{"type":"Polygon","coordinates":[[[16.71458,61.5798],[16.71848,61.57899],[16.72008,61.57711],[16.71961,61.57603],[16.71827,61.57513],[16.71428,61.57442],[16.71038,61.57523],[16.70878,61.57711],[16.70926,61.57819],[16.7106,61.57909],[16.71458,61.5798]]]},"properties":{"objnamn":"Väderradar Hudiksvall","lan":"Gävleborg","kommun":"Hudiksvall","kategori":"Öppna riksintressen 3 kap 9 § andra stycket MB","underkategori":"Riksintresse på land","typ":"Riksintresse"}},{"type":"Feature","geometry":{"type":"Polygon","coordinates":[[[18.40032,57.30615],[18.40372,57.30529],[18.40505,57.30339],[18.40458,57.30232],[18.40336,57.30144],[18.39982,57.30077],[18.39643,57.30163],[18.3951,57.30353],[18.39556,57.3046],[18.39678,57.30548],[18.40032,57.30615]]]},"properties":{"objnamn":"Väderradar Ase","lan":"Gotland","kommun":"Gotland","kategori":"Öppna riksintressen 3 kap 9 § andra stycket MB","underkategori":"Riksintresse på land","typ":"Riksintresse"}},{"type":"Feature","geometry":{"type":"MultiPolygon","coordinates":[[[[14.10865,57.39446],[14.10689,57.39465],[14.10766,57.39512],[14.10865,57.39446]]],[[[14.10464,57.41733],[14.10588,57.41736],[14.10578,57.41694],[14.10468,57.41684],[14.10432,57.41777],[14.10464,57.41733]]],[[[14.09998,57.42842],[14.10201,57.4278],[14.10241,57.42822],[14.10364,57.42812],[14.10365,57.42464],[14.10116,57.41924],[14.09818,57.41948],[14.0958,57.42375],[14.09683,57.42391],[14.09643,57.42469],[14.09541,57.42453],[14.09479,57.42652],[14.09694,57.42649],[14.09694,57.42832],[14.09998,57.42842]]],[[[14.10457,57.43005],[14.10356,57.43065],[14.10467,57.43099],[14.10457,57.43005]]],[[[14.10438,57.43191],[14.10498,57.4317],[14.10388,57.43144],[14.10328,57.4321],[14.10438,57.43191]]],[[[14.10575,57.43999],[14.10695,57.43984],[14.10608,57.43984],[14.10605,57.43956],[14.10575,57.43999]]],[[[14.10726,57.44066],[14.10692,57.43997],[14.10579,57.44013],[14.10495,57.44075],[14.10726,57.44066]]],[[[14.10726,57.44066],[14.1077,57.44186],[14.1058,57.44191],[14.10347,57.44303],[14.10361,57.44455],[14.10473,57.44455],[14.10457,57.44511],[14.10546,57.44621],[14.10583,57.44611],[14.10534,57.44693],[14.10599,57.44712],[14.10678,57.44673],[14.10594,57.44847],[14.10632,57.44883],[14.10768,57.44896],[14.10792,57.44987],[14.10652,57.44963],[14.10654,57.45064],[14.1075,57.45102],[14.10726,57.45219],[14.10851,57.4529],[14.1077,57.45327],[14.10742,57.45498],[14.10565,57.45647],[14.10771,57.45755],[14.10928,57.45763],[14.10871,57.45904],[14.10942,57.45972],[14.10839,57.45947],[14.10795,57.45969],[14.10632,57.46173],[14.10799,57.46301],[14.10678,57.46329],[14.10627,57.46421],[14.10677,57.46515],[14.1056,57.4664],[14.10645,57.46734],[14.10895,57.46815],[14.10788,57.4686],[14.10991,57.46933],[14.11187,57.47096],[14.11043,57.47164],[14.11142,57.47282],[14.10978,57.47391],[14.10992,57.47459],[14.11156,57.4752],[14.11312,57.47508],[14.11175,57.47576],[14.1134,57.47645],[14.11305,57.4771],[14.11398,57.47737],[14.11373,57.47828],[14.1151,57.47934],[14.11394,57.47923],[14.1134,57.48008],[14.11432,57.48027],[14.11387,57.48076],[14.11493,57.48157],[14.11633,57.48206],[14.11629,57.48324],[14.11686,57.48324],[14.11746,57.48252],[14.11938,57.48322],[14.11894,57.48479],[14.12083,57.48419],[14.1199,57.48554],[14.12194,57.48479],[14.12635,57.48518],[14.14022,57.485],[14.13983,57.48445],[14.14094,57.48447],[14.14112,57.48499],[14.14704,57.48338],[14.14734,57.48363],[14.15098,57.48288],[14.15216,57.48183],[14.15753,57.48167],[14.15568,57.47998],[14.15616,57.4769],[14.15908,57.47658],[14.15917,57.47625],[14.16625,57.47693],[14.16715,57.475],[14.16966,57.47534],[14.16946,57.47664],[14.17827,57.47632],[14.17686,57.47372],[14.17921,57.47288],[14.1776,57.47105],[14.17448,57.47017],[14.1734,57.46904],[14.17374,57.46721],[14.17517,57.4673],[14.17469,57.46336],[14.17171,57.4632],[14.16873,57.45839],[14.17082,57.45709],[14.17409,57.45853],[14.1753,57.45758],[14.17801,57.45698],[14.17899,57.45598],[14.1766,57.45476],[14.17203,57.45587],[14.16197,57.45373],[14.16126,57.45114],[14.16035,57.45111],[14.16375,57.44851],[14.16384,57.44617],[14.16782,57.44562],[14.16752,57.44398],[14.17155,57.44315],[14.17122,57.44072],[14.17018,57.43904],[14.16874,57.43843],[14.16677,57.43843],[14.16438,57.43897],[14.16349,57.43689],[14.16503,57.43648],[14.16412,57.43221],[14.16647,57.43185],[14.16995,57.43199],[14.17136,57.42864],[14.16642,57.42582],[14.16422,57.42507],[14.16382,57.42402],[14.15844,57.42592],[14.15688,57.42282],[14.15566,57.42227],[14.15872,57.41952],[14.16226,57.41505],[14.16265,57.41364],[14.16201,57.41285],[14.15696,57.4137],[14.15535,57.41312],[14.15191,57.40847],[14.15383,57.40774],[14.1533,57.40644],[14.15144,57.40634],[14.14788,57.40416],[14.14511,57.40512],[14.1424,57.4039],[14.13997,57.40173],[14.136,57.40227],[14.13657,57.39132],[14.13947,57.3902],[14.13894,57.38897],[14.1395,57.38769],[14.13733,57.38729],[14.13803,57.37955],[14.13358,57.37853],[14.13163,57.37673],[14.12949,57.37626],[14.12618,57.37231],[14.1127,57.37268],[14.11069,57.37509],[14.11212,57.37627],[14.11205,57.37784],[14.10904,57.37813],[14.10868,57.37853],[14.10904,57.37879],[14.11041,57.37845],[14.11051,57.37893],[14.11142,57.37908],[14.1114,57.38368],[14.1125,57.3848],[14.111,57.38827],[14.10968,57.38863],[14.1083,57.38851],[14.10721,57.38794],[14.10662,57.38901],[14.10695,57.38956],[14.10781,57.38869],[14.10892,57.3889],[14.10851,57.38984],[14.1073,57.38995],[14.10738,57.39038],[14.10674,57.39045],[14.10666,57.39237],[14.10753,57.39408],[14.10941,57.39377],[14.10874,57.39462],[14.10935,57.39515],[14.10868,57.39568],[14.10797,57.39556],[14.10639,57.39712],[14.10548,57.39714],[14.10471,57.39651],[14.10247,57.39776],[14.10147,57.40048],[14.10215,57.40255],[14.10432,57.40193],[14.10503,57.4022],[14.10245,57.40282],[14.10389,57.40349],[14.10181,57.40563],[14.103,57.40573],[14.10379,57.40518],[14.10463,57.40561],[14.10314,57.40592],[14.10456,57.40736],[14.10421,57.40838],[14.10295,57.40875],[14.10346,57.40962],[14.10473,57.40991],[14.1064,57.41147],[14.10536,57.41239],[14.10696,57.41299],[14.1067,57.41356],[14.10753,57.41477],[14.10552,57.41606],[14.104,57.41601],[14.10367,57.41649],[14.10566,57.41671],[14.10624,57.41731],[14.10451,57.41755],[14.10606,57.4183],[14.10412,57.41972],[14.10484,57.42055],[14.10375,57.42096],[14.1049,57.42164],[14.10545,57.42153],[14.1046,57.42111],[14.10581,57.42168],[14.10482,57.42189],[14.10415,57.42124],[14.10378,57.42259],[14.10489,57.4232],[14.10563,57.42253],[14.10705,57.42374],[14.10663,57.42408],[14.10514,57.42373],[14.10579,57.4242],[14.10506,57.4251],[14.1057,57.42625],[14.10471,57.42648],[14.106,57.42788],[14.10497,57.42871],[14.10584,57.4288],[14.10601,57.42921],[14.10465,57.43023],[14.10516,57.43228],[14.10369,57.43327],[14.10394,57.43401],[14.10311,57.43433],[14.10423,57.43542],[14.10215,57.4378],[14.10423,57.43818],[14.10449,57.43781],[14.10765,57.44023],[14.10726,57.44066]]]]},"properties":{"objnamn":"Skillingaryds skjut- och övningsfält","lan":"Jönköping","kommun":"Vaggeryd","kategori":"Öppna riksintressen 3 kap 9 § andra stycket MB","underkategori":"Riksintresse på land","typ":"Riksintresse"}},{"type":"Feature","geometry":{"type":"MultiPolygon","coordinates":[[[[14.46625,58.44543],[14.46741,58.44471],[14.46995,58.44522],[14.47063,58.44354],[14.46918,58.44257],[14.46793,58.44246],[14.46624,58.44295],[14.46271,58.44257],[14.46138,58.44203],[14.46169,58.44115],[14.45756,58.43974],[14.44972,58.44],[14.45439,58.44056],[14.45479,58.44117],[14.4507,58.44323],[14.4571,58.44487],[14.4604,58.4442],[14.46266,58.4454],[14.46625,58.44543]]],[[[14.46123,58.45887],[14.46224,58.45828],[14.46587,58.4585],[14.46703,58.4565],[14.46508,58.45637],[14.46396,58.45565],[14.46144,58.45505],[14.46049,58.4562],[14.4586,58.4565],[14.4577,58.45737],[14.45872,58.45846],[14.45972,58.45838],[14.46123,58.45887]]],[[[14.51875,58.50536],[14.51799,58.50488],[14.51845,58.50472],[14.51993,58.50552],[14.52056,58.50475],[14.5146,58.49636],[14.51634,58.49494],[14.50742,58.48341],[14.50817,58.48194],[14.49743,58.47819],[14.49609,58.47638],[14.49222,58.47394],[14.48968,58.47417],[14.48802,58.47573],[14.48412,58.47586],[14.48206,58.48008],[14.47859,58.48144],[14.46886,58.48278],[14.45504,58.47868],[14.45624,58.4774],[14.45555,58.47619],[14.44907,58.47845],[14.45043,58.48174],[14.45194,58.48162],[14.45335,58.48712],[14.455,58.49064],[14.46008,58.49086],[14.45514,58.49152],[14.4532,58.4929],[14.45396,58.49365],[14.45116,58.49455],[14.46065,58.49902],[14.46273,58.50077],[14.46365,58.50233],[14.46798,58.50218],[14.4683,58.50174],[14.46959,58.50166],[14.47454,58.50169],[14.47602,58.50199],[14.47815,58.50324],[14.48061,58.5029],[14.48462,58.50042],[14.49011,58.50105],[14.5067,58.50491],[14.50662,58.50457],[14.50915,58.50477],[14.50826,58.50515],[14.51662,58.50639],[14.51903,58.50555],[14.51875,58.50536]]],[[[14.52346,58.50857],[14.51982,58.50915],[14.52072,58.51037],[14.5231,58.50991],[14.52346,58.50857]]],[[[14.50756,58.51925],[14.50657,58.51873],[14.50567,58.51919],[14.50667,58.51973],[14.50756,58.51925]]],[[[14.51051,58.52028],[14.50974,58.52],[14.50838,58.52066],[14.511,58.52217],[14.51247,58.52146],[14.51051,58.52028]]],[[[14.5277,58.52265],[14.53084,58.52201],[14.53037,58.52184],[14.53113,58.52036],[14.53055,58.51961],[14.53088,58.5181],[14.53173,58.51788],[14.53123,58.51731],[14.53205,58.51685],[14.53055,58.51678],[14.52893,58.51596],[14.52786,58.515],[14.52818,58.51398],[14.52613,58.51361],[14.52399,58.51408],[14.52512,58.51534],[14.51982,58.51646],[14.52485,58.51529],[14.52362,58.51398],[14.51863,58.515],[14.51782,58.51374],[14.51563,58.51414],[14.5146,58.51159],[14.51139,58.51179],[14.51181,58.51052],[14.50631,58.51045],[14.50575,58.50976],[14.49688,58.50915],[14.48103,58.5052],[14.48192,58.5071],[14.48308,58.50734],[14.48207,58.50829],[14.48629,58.50958],[14.4903,58.51315],[14.4952,58.5148],[14.49933,58.51815],[14.49899,58.51837],[14.50275,58.5193],[14.50436,58.51872],[14.50372,58.51835],[14.50459,58.51785],[14.50454,58.51673],[14.5051,58.51665],[14.50712,58.51837],[14.50982,58.51745],[14.51321,58.5186],[14.5137,58.51945],[14.518,58.52111],[14.51801,58.52144],[14.52467,58.52159],[14.5277,58.52265]]],[[[14.51294,58.58789],[14.51545,58.58599],[14.51568,58.58407],[14.51302,58.58292],[14.5065,58.58376],[14.50547,58.5869],[14.5065,58.58774],[14.50917,58.58815],[14.51105,58.58891],[14.51294,58.58789]]],[[[14.53561,58.59198],[14.53486,58.5912],[14.53409,58.59117],[14.53493,58.5891],[14.53591,58.58877],[14.53702,58.5893],[14.54038,58.58757],[14.54034,58.58712],[14.54416,58.58674],[14.54379,58.58614],[14.54451,58.58568],[14.54271,58.58486],[14.54413,58.58267],[14.54584,58.582],[14.54711,58.58197],[14.54817,58.58223],[14.54807,58.58275],[14.55272,58.58312],[14.55314,58.58251],[14.55259,58.58098],[14.55411,58.57613],[14.5569,58.5734],[14.55727,58.57207],[14.55916,58.57088],[14.55623,58.57085],[14.55456,58.57319],[14.55512,58.57411],[14.55416,58.57496],[14.55283,58.57933],[14.54929,58.58],[14.54612,58.57982],[14.5436,58.57881],[14.54358,58.57793],[14.54446,58.57773],[14.54067,58.57637],[14.5369,58.57598],[14.53306,58.57629],[14.52771,58.57455],[14.52804,58.57391],[14.52704,58.57382],[14.52653,58.57285],[14.52713,58.5728],[14.52651,58.57269],[14.52698,58.572],[14.52791,58.57274],[14.5278,58.57218],[14.52648,58.57171],[14.52555,58.56907],[14.52533,58.56444],[14.52045,58.56368],[14.518,58.56481],[14.51689,58.56616],[14.51719,58.56967],[14.51577,58.57025],[14.51954,58.5753],[14.52113,58.57685],[14.52329,58.57775],[14.52487,58.58018],[14.52436,58.58304],[14.52377,58.58367],[14.52146,58.58363],[14.51981,58.5856],[14.5218,58.5886],[14.52092,58.58954],[14.52096,58.59073],[14.52356,58.59179],[14.52506,58.59209],[14.52566,58.59181],[14.52325,58.59372],[14.52068,58.59397],[14.51802,58.59566],[14.51998,58.59692],[14.52493,58.59783],[14.52855,58.59936],[14.53308,58.60383],[14.53967,58.60248],[14.54105,58.59955],[14.54027,58.59755],[14.53561,58.59198]]],[[[14.76326,58.69287],[14.7624,58.69286],[14.76311,58.6931],[14.76326,58.69287]]],[[[14.76518,58.69346],[14.76581,58.69343],[14.76499,58.69302],[14.76325,58.69326],[14.76518,58.69346]]],[[[14.76163,58.69353],[14.76198,58.69378],[14.76193,58.69286],[14.76098,58.69329],[14.76114,58.69411],[14.76163,58.69353]]],[[[14.75982,58.69503],[14.76333,58.6946],[14.76203,58.69392],[14.76088,58.69432],[14.76104,58.6923],[14.76016,58.69188],[14.76115,58.69168],[14.76059,58.69167],[14.76055,58.69112],[14.75925,58.69115],[14.75874,58.69159],[14.75914,58.69179],[14.75848,58.69189],[14.75828,58.69113],[14.75768,58.69111],[14.75667,58.69277],[14.75631,58.69211],[14.7552,58.69216],[14.75463,58.69309],[14.75579,58.69333],[14.75588,58.69399],[14.75636,58.69318],[14.75684,58.69449],[14.75842,58.69504],[14.75982,58.69503]]],[[[14.76604,58.69563],[14.76599,58.6945],[14.76466,58.69515],[14.76327,58.69485],[14.76276,58.69511],[14.76604,58.69563]]],[[[14.82395,58.69747],[14.82686,58.69585],[14.82903,58.69294],[14.8342,58.69046],[14.8344,58.68968],[14.83527,58.6894],[14.83162,58.68587],[14.83058,58.686],[14.82993,58.68484],[14.82821,58.68408],[14.82758,58.68473],[14.82694,58.68439],[14.82557,58.68459],[14.82399,58.684],[14.82415,58.68452],[14.82221,58.68465],[14.81735,58.68309],[14.8164,58.6832],[14.81581,58.68251],[14.81496,58.68257],[14.81417,58.68192],[14.81493,58.68009],[14.81457,58.67789],[14.81179,58.67273],[14.81113,58.67002],[14.80788,58.66543],[14.80709,58.66517],[14.80763,58.66433],[14.80719,58.66332],[14.80739,58.66222],[14.80884,58.66123],[14.81265,58.66119],[14.81359,58.66067],[14.81559,58.65901],[14.81561,58.65794],[14.81506,58.65736],[14.81237,58.65644],[14.81012,58.6566],[14.81129,58.65738],[14.80965,58.6587],[14.80301,58.65908],[14.80485,58.66212],[14.80685,58.66318],[14.80676,58.66572],[14.8076,58.66698],[14.80698,58.66752],[14.80766,58.66838],[14.80728,58.669],[14.80891,58.67083],[14.80801,58.67097],[14.80997,58.67317],[14.80893,58.67403],[14.80976,58.67443],[14.8097,58.6751],[14.80763,58.67737],[14.80843,58.68329],[14.81024,58.68605],[14.81125,58.68639],[14.81201,58.6897],[14.81485,58.69351],[14.81636,58.69471],[14.8187,58.69568],[14.81952,58.69719],[14.82105,58.69696],[14.82249,58.69747],[14.82395,58.69747]]],[[[14.77648,58.70956],[14.77529,58.70895],[14.77608,58.71005],[14.77676,58.71001],[14.77648,58.70956]]],[[[14.78054,58.71212],[14.78,58.71101],[14.78086,58.71057],[14.78066,58.7095],[14.77915,58.70946],[14.77782,58.70868],[14.77849,58.70947],[14.77787,58.70986],[14.77915,58.71077],[14.77793,58.71056],[14.77779,58.71097],[14.77939,58.71211],[14.78054,58.71212]]],[[[14.79399,58.71379],[14.7978,58.71033],[14.7978,58.70949],[14.79924,58.70811],[14.79968,58.70682],[14.79948,58.70628],[14.79755,58.70577],[14.79891,58.70504],[14.79723,58.70321],[14.7958,58.70499],[14.79414,58.70425],[14.79515,58.70442],[14.79557,58.70402],[14.79368,58.70293],[14.79276,58.70386],[14.79288,58.70343],[14.79106,58.70283],[14.7916,58.70392],[14.791,58.70403],[14.79126,58.70519],[14.78982,58.70309],[14.78972,58.70362],[14.78879,58.7032],[14.78851,58.70373],[14.78715,58.70333],[14.78487,58.70349],[14.78443,58.70454],[14.78234,58.70237],[14.78081,58.70293],[14.78209,58.7022],[14.78086,58.70145],[14.78026,58.70169],[14.78073,58.70114],[14.77912,58.70096],[14.77543,58.69967],[14.77458,58.69961],[14.77457,58.70003],[14.7738,58.70003],[14.77349,58.69956],[14.77102,58.69948],[14.77046,58.69978],[14.76962,58.69946],[14.76998,58.69891],[14.7677,58.69878],[14.76712,58.69794],[14.76416,58.6981],[14.76317,58.69761],[14.76265,58.69797],[14.76015,58.69642],[14.7587,58.69669],[14.75905,58.69575],[14.75782,58.69582],[14.75686,58.69503],[14.7561,58.69535],[14.75635,58.6969],[14.75704,58.69717],[14.75602,58.69808],[14.7548,58.69697],[14.75571,58.69813],[14.75477,58.699],[14.7558,58.69943],[14.7561,58.6984],[14.75792,58.69844],[14.75955,58.69789],[14.75935,58.69834],[14.75793,58.69868],[14.75735,58.69952],[14.75744,58.70053],[14.75865,58.70094],[14.75837,58.70133],[14.7591,58.70182],[14.75993,58.70207],[14.75942,58.70102],[14.76026,58.70086],[14.76211,58.70244],[14.76464,58.70308],[14.76679,58.70232],[14.76857,58.70276],[14.76812,58.70342],[14.76899,58.70402],[14.77263,58.7048],[14.77555,58.70475],[14.77931,58.70586],[14.77928,58.7049],[14.7805,58.70484],[14.78071,58.70406],[14.783,58.70451],[14.78326,58.70489],[14.78265,58.70522],[14.78423,58.70637],[14.78438,58.70708],[14.78604,58.70753],[14.78685,58.7072],[14.79018,58.70883],[14.78985,58.70927],[14.78846,58.70947],[14.78915,58.71128],[14.78731,58.7119],[14.78545,58.71093],[14.78497,58.71009],[14.7822,58.70938],[14.7814,58.71121],[14.78166,58.71229],[14.78243,58.71252],[14.78292,58.71227],[14.78243,58.71283],[14.78286,58.71311],[14.78856,58.71443],[14.79018,58.71433],[14.79033,58.71366],[14.79219,58.71382],[14.79293,58.71465],[14.79399,58.71379]]]]},"properties":{"objnamn":"Karlsborgsområdet","lan":"Västra Götaland","kommun":"Karlsborg, Askersund","kategori":"Öppna riksintressen 3 kap 9 § andra stycket MB","underkategori":"Riksintresse på land","typ":"Riksintresse"}},{"type":"Feature","geometry":{"type":"Polygon","coordinates":[[[15.67329,60.60627],[15.66969,60.61577],[15.67319,60.61568],[15.67718,60.6167],[15.68177,60.61688],[15.68673,60.61882],[15.6887,60.62248],[15.68626,60.62901],[15.68939,60.6299],[15.69085,60.63115],[15.69298,60.63122],[15.69271,60.63295],[15.7024,60.63395],[15.7041,60.63445],[15.70705,60.63654],[15.71111,60.63768],[15.71641,60.63183],[15.71961,60.63311],[15.71507,60.63788],[15.72128,60.63636],[15.72252,60.63557],[15.73855,60.64058],[15.74977,60.63099],[15.73984,60.62719],[15.74361,60.62518],[15.74031,60.62355],[15.73856,60.62449],[15.73215,60.62095],[15.7267,60.61862],[15.72634,60.61653],[15.72415,60.61641],[15.73234,60.61268],[15.72646,60.61362],[15.72152,60.6126],[15.71004,60.60512],[15.70506,60.60319],[15.70004,60.60222],[15.68646,60.60143],[15.68646,60.6018],[15.67768,60.60179],[15.67732,60.60628],[15.67329,60.60627]]]},"properties":{"objnamn":"Falu skjutfält","lan":"Dalarna","kommun":"Falun","kategori":"Öppna riksintressen 3 kap 9 § andra stycket MB","underkategori":"Riksintresse på land","typ":"Riksintresse"}},{"type":"Feature","geometry":{"type":"MultiPolygon","coordinates":[[[[18.03835,58.86011],[18.03982,58.8597],[18.03969,58.85869],[18.03616,58.85934],[18.03562,58.85832],[18.03662,58.85789],[18.03666,58.85593],[18.03776,58.85478],[18.03941,58.85402],[18.03937,58.85345],[18.0374,58.85378],[18.03768,58.85312],[18.03713,58.85311],[18.03698,58.85226],[18.03528,58.85135],[18.03571,58.8509],[18.03484,58.84987],[18.03382,58.84983],[18.03363,58.85016],[18.03244,58.8498],[18.03297,58.85105],[18.03382,58.85153],[18.0329,58.85158],[18.03114,58.85062],[18.02942,58.85029],[18.03135,58.84917],[18.03199,58.84921],[18.03096,58.84834],[18.02928,58.84893],[18.02941,58.84986],[18.02424,58.84993],[18.02441,58.85059],[18.02809,58.85226],[18.03089,58.85453],[18.03308,58.85535],[18.03345,58.85709],[18.03411,58.85706],[18.03584,58.85871],[18.03463,58.85907],[18.03435,58.85957],[18.03835,58.86011]]],[[[18.10858,58.85947],[18.10972,58.85812],[18.10879,58.85475],[18.10645,58.85588],[18.10513,58.85601],[18.10696,58.85529],[18.10645,58.85497],[18.10694,58.85454],[18.10611,58.85405],[18.1071,58.85397],[18.10734,58.85315],[18.10538,58.85255],[18.10451,58.85294],[18.10391,58.85384],[18.10457,58.85536],[18.10302,58.85688],[18.10265,58.85636],[18.10182,58.85656],[18.10121,58.85624],[18.10197,58.8554],[18.10296,58.8555],[18.10322,58.85494],[18.10174,58.85373],[18.10015,58.85362],[18.09856,58.85493],[18.09823,58.85595],[18.09758,58.85523],[18.09701,58.85541],[18.09769,58.85668],[18.09843,58.85727],[18.09994,58.85748],[18.1001,58.85792],[18.10019,58.85916],[18.09861,58.85999],[18.09828,58.86145],[18.09983,58.86362],[18.1022,58.86463],[18.10515,58.86511],[18.10819,58.8617],[18.10858,58.85947]]],[[[18.15307,58.88954],[18.14604,58.88945],[18.144,58.89187],[18.1434,58.89353],[18.147,58.89289],[18.1533,58.89243],[18.15307,58.88954]]]]},"properties":{"objnamn":"Mellstens skjutfält","lan":"Stockholm","kommun":"Haninge","kategori":"Öppna riksintressen 3 kap 9 § andra stycket MB","underkategori":"Riksintresse på land","typ":"Riksintresse"}},{"type":"Feature","geometry":{"type":"Polygon","coordinates":[[[11.99449,58.45022],[11.99982,58.43997],[11.99879,58.44],[11.99779,58.43941],[11.99955,58.43791],[11.99744,58.43513],[12.00323,58.43318],[12.00467,58.42976],[12.00253,58.42385],[11.99974,58.42228],[12.00354,58.42078],[11.99768,58.41678],[11.99308,58.41857],[11.99081,58.41804],[11.99026,58.41712],[11.98814,58.41751],[11.9868,58.41695],[11.98004,58.41612],[11.97116,58.41761],[11.97122,58.41863],[11.9698,58.41976],[11.96439,58.41979],[11.961,58.42298],[11.95976,58.42204],[11.95806,58.42292],[11.95651,58.42295],[11.95518,58.42429],[11.95157,58.42509],[11.95065,58.42599],[11.94736,58.42699],[11.94618,58.42648],[11.9465,58.42589],[11.94433,58.42269],[11.94152,58.4216],[11.93915,58.41996],[11.93755,58.41779],[11.93596,58.41736],[11.93598,58.41654],[11.93443,58.41633],[11.9289,58.42061],[11.93052,58.43084],[11.9281,58.43048],[11.929,58.43218],[11.92917,58.43589],[11.92783,58.43708],[11.92508,58.4378],[11.9256,58.43952],[11.92762,58.44191],[11.92699,58.44349],[11.92613,58.44344],[11.92856,58.44389],[11.93061,58.44512],[11.93433,58.44425],[11.93768,58.4429],[11.94019,58.44279],[11.94795,58.44538],[11.95412,58.44647],[11.97624,58.45283],[11.98398,58.45099],[11.99449,58.45022]]]},"properties":{"objnamn":"Sågebackens skjutfält","lan":"Västra Götaland","kommun":"Uddevalla, Färgelanda, Munkedal","kategori":"Öppna riksintressen 3 kap 9 § andra stycket MB","underkategori":"Riksintresse på land","typ":"Riksintresse"}},{"type":"Feature","geometry":{"type":"MultiPolygon","coordinates":[[[[12.68804,58.44802],[12.68855,58.44762],[12.69088,58.4476],[12.69021,58.44707],[12.68878,58.44703],[12.68757,58.44785],[12.68804,58.44802]]],[[[12.74911,58.46151],[12.74728,58.46033],[12.74857,58.45921],[12.7464,58.45813],[12.74709,58.45842],[12.74849,58.45824],[12.74932,58.45929],[12.75131,58.45924],[12.7517,58.45868],[12.75226,58.45882],[12.75248,58.45928],[12.75196,58.45904],[12.75166,58.45945],[12.74966,58.45951],[12.75101,58.45998],[12.75162,58.46111],[12.7533,58.46111],[12.75235,58.46134],[12.75282,58.4614],[12.75363,58.46102],[12.75564,58.46094],[12.75672,58.4586],[12.75845,58.45724],[12.75883,58.45416],[12.75677,58.45384],[12.7565,58.45168],[12.75565,58.45058],[12.75382,58.44955],[12.75404,58.44801],[12.75529,58.44633],[12.73536,58.43896],[12.73893,58.43709],[12.73734,58.43631],[12.73516,58.43721],[12.72941,58.43442],[12.73089,58.43373],[12.72701,58.43135],[12.72451,58.43204],[12.72874,58.43081],[12.73298,58.42895],[12.73199,58.42842],[12.73109,58.42879],[12.73042,58.42837],[12.7313,58.42797],[12.7283,58.42484],[12.72022,58.42651],[12.71667,58.42581],[12.71712,58.42513],[12.71425,58.42349],[12.71315,58.42052],[12.71515,58.42046],[12.71753,58.41973],[12.70965,58.41159],[12.70899,58.41167],[12.70931,58.41201],[12.70503,58.41349],[12.70561,58.41414],[12.70391,58.41507],[12.70565,58.41705],[12.70593,58.42114],[12.70163,58.42176],[12.69988,58.42274],[12.69888,58.42349],[12.69885,58.42452],[12.69667,58.4279],[12.69291,58.43155],[12.69206,58.43312],[12.68857,58.4341],[12.68894,58.43527],[12.688,58.43632],[12.68677,58.43663],[12.68702,58.43688],[12.68519,58.43815],[12.68102,58.43986],[12.68109,58.4405],[12.67906,58.44106],[12.67932,58.44177],[12.67756,58.44308],[12.66677,58.44904],[12.66852,58.44897],[12.66819,58.44944],[12.66868,58.44954],[12.67419,58.44841],[12.67539,58.44875],[12.67684,58.44809],[12.67683,58.44697],[12.67866,58.44621],[12.68155,58.44606],[12.68452,58.44712],[12.68373,58.44621],[12.68563,58.44565],[12.69121,58.44571],[12.69273,58.44658],[12.69281,58.44721],[12.69568,58.44788],[12.69739,58.44899],[12.70083,58.44938],[12.70016,58.44891],[12.70158,58.4493],[12.70067,58.4488],[12.70119,58.44857],[12.70225,58.44946],[12.70162,58.44966],[12.70404,58.4498],[12.70191,58.44983],[12.70252,58.44995],[12.70187,58.45025],[12.70366,58.45007],[12.70404,58.45062],[12.70539,58.45083],[12.70711,58.45007],[12.70857,58.44995],[12.70863,58.4507],[12.70805,58.45091],[12.70879,58.45146],[12.70637,58.4519],[12.70962,58.45251],[12.71099,58.45322],[12.71017,58.45397],[12.70871,58.45381],[12.70959,58.4542],[12.71351,58.45443],[12.71322,58.45394],[12.71658,58.45412],[12.71603,58.45434],[12.71712,58.45455],[12.71634,58.4548],[12.72073,58.4564],[12.72093,58.45613],[12.71905,58.45489],[12.71982,58.45489],[12.71783,58.4546],[12.71732,58.45387],[12.71839,58.45369],[12.71899,58.45307],[12.71954,58.453],[12.71956,58.45347],[12.7209,58.45339],[12.72117,58.45512],[12.72316,58.45482],[12.72522,58.45533],[12.72583,58.4561],[12.72687,58.45629],[12.72504,58.45639],[12.72762,58.45693],[12.72748,58.45661],[12.72846,58.45661],[12.72785,58.45678],[12.72844,58.45689],[12.72891,58.45669],[12.73002,58.45746],[12.72938,58.45927],[12.727,58.45944],[12.72901,58.46033],[12.729,58.46005],[12.72977,58.46023],[12.72991,58.45982],[12.73103,58.45979],[12.73128,58.45924],[12.73216,58.45914],[12.7299,58.45848],[12.7302,58.45745],[12.73154,58.45722],[12.7321,58.45798],[12.7336,58.45728],[12.73366,58.45794],[12.73502,58.45768],[12.73617,58.45823],[12.73471,58.4596],[12.73529,58.4608],[12.73613,58.46046],[12.73795,58.46069],[12.73795,58.46028],[12.739,58.4609],[12.73915,58.4606],[12.74192,58.46125],[12.74199,58.46082],[12.74002,58.45996],[12.74003,58.45965],[12.7413,58.4597],[12.74101,58.45919],[12.73719,58.4585],[12.73615,58.45794],[12.73822,58.45705],[12.74073,58.45739],[12.74214,58.45689],[12.74098,58.45754],[12.74339,58.45862],[12.74465,58.4588],[12.74601,58.45839],[12.74598,58.45808],[12.74606,58.45892],[12.74792,58.4593],[12.74725,58.45995],[12.74541,58.45957],[12.74463,58.46005],[12.74717,58.4608],[12.74633,58.46111],[12.74675,58.46136],[12.74911,58.46151]]],[[[13.05717,58.51283],[13.05684,58.51054],[13.05927,58.51135],[13.06313,58.50797],[13.07023,58.50586],[13.06575,58.50366],[13.06683,58.50353],[13.06653,58.50259],[13.06493,58.50297],[13.06252,58.50241],[13.06532,58.49886],[13.06281,58.49832],[13.06194,58.49941],[13.05961,58.4988],[13.06008,58.49762],[13.05931,58.4975],[13.05886,58.49559],[13.0593,58.49505],[13.05869,58.49488],[13.05868,58.49284],[13.05781,58.4912],[13.05826,58.49084],[13.05768,58.49061],[13.05651,58.48566],[13.05282,58.48423],[13.05339,58.48385],[13.05256,58.48353],[13.05208,58.4806],[13.04884,58.48076],[13.0491,58.48203],[13.04837,58.48296],[13.04928,58.48347],[13.05024,58.4886],[13.04876,58.48918],[13.05044,58.49089],[13.05155,58.49753],[13.05023,58.49825],[13.05174,58.49856],[13.05215,58.50126],[13.04893,58.50311],[13.05047,58.50364],[13.05168,58.50763],[13.05094,58.50826],[13.05214,58.50899],[13.04953,58.5109],[13.05717,58.51283]]],[[[13.05652,58.5128],[13.05521,58.51247],[13.05424,58.51319],[13.05563,58.51373],[13.05652,58.5128]]]]},"properties":{"objnamn":"Såtenäs flottiljsflygplats/Råda flygbas","lan":"Västra Götaland","kommun":"Lidköping","kategori":"Öppna riksintressen 3 kap 9 § andra stycket MB","underkategori":"Riksintresse på land","typ":"Riksintresse"}},{"type":"Feature","geometry":{"type":"MultiPolygon","coordinates":[[[[11.7637,57.59684],[11.76234,57.59602],[11.76269,57.59543],[11.76192,57.5953],[11.75996,57.59616],[11.75854,57.59431],[11.7583,57.59465],[11.75645,57.59407],[11.75511,57.5942],[11.75195,57.59354],[11.7494,57.59431],[11.74939,57.59462],[11.75093,57.59475],[11.74897,57.59498],[11.74874,57.59519],[11.74943,57.59518],[11.74787,57.59545],[11.74709,57.59586],[11.74727,57.59625],[11.74938,57.59671],[11.75272,57.59651],[11.75324,57.59686],[11.75535,57.59664],[11.75577,57.59701],[11.75817,57.59694],[11.75745,57.59726],[11.75831,57.59771],[11.75396,57.5986],[11.75346,57.59851],[11.75374,57.59806],[11.75099,57.59787],[11.74964,57.59832],[11.74794,57.59825],[11.74683,57.5986],[11.74685,57.59911],[11.7477,57.59952],[11.75192,57.59883],[11.74978,57.59935],[11.75026,57.59957],[11.74911,57.59989],[11.74952,57.60024],[11.75085,57.60004],[11.75069,57.60032],[11.75218,57.60062],[11.75255,57.60139],[11.75346,57.60146],[11.75604,57.60075],[11.75648,57.59995],[11.75705,57.6001],[11.75673,57.6003],[11.76051,57.59965],[11.76188,57.59885],[11.76259,57.59886],[11.76325,57.59781],[11.76466,57.59765],[11.76413,57.59668],[11.7637,57.59684]]],[[[11.76109,57.60594],[11.76194,57.60619],[11.76224,57.604],[11.76476,57.60296],[11.76575,57.60186],[11.76284,57.60018],[11.75819,57.60059],[11.7538,57.60182],[11.74907,57.6023],[11.74734,57.60272],[11.7465,57.6036],[11.7465,57.6052],[11.75324,57.60623],[11.75667,57.60852],[11.75818,57.60828],[11.75852,57.60691],[11.76109,57.60594]]],[[[11.75873,57.63039],[11.75965,57.62823],[11.76596,57.62656],[11.7636,57.6233],[11.74567,57.6246],[11.73135,57.62409],[11.71821,57.62074],[11.71419,57.62718],[11.72571,57.63016],[11.7342,57.62898],[11.74014,57.63323],[11.74446,57.63374],[11.76038,57.63211],[11.75873,57.63039]]],[[[11.73216,57.64911],[11.7332,57.64882],[11.73476,57.64992],[11.73584,57.64952],[11.73544,57.64923],[11.74051,57.64551],[11.73578,57.64292],[11.73504,57.64199],[11.73719,57.64094],[11.73817,57.64113],[11.73989,57.64046],[11.7394,57.63949],[11.73613,57.639],[11.73558,57.63801],[11.73197,57.63818],[11.72976,57.6387],[11.72917,57.63925],[11.73256,57.6414],[11.73386,57.64168],[11.73474,57.64296],[11.73274,57.64315],[11.72798,57.64474],[11.72577,57.64707],[11.72518,57.64925],[11.72908,57.64995],[11.73216,57.64911]]]]},"properties":{"objnamn":"Göteborgs skärgårdsskjutfält","lan":"Västra Götaland","kommun":"Göteborg","kategori":"Öppna riksintressen 3 kap 9 § andra stycket MB","underkategori":"Riksintresse på land","typ":"Riksintresse"}},{"type":"Feature","geometry":{"type":"MultiPolygon","coordinates":[[[[19.40945,59.70742],[19.40817,59.70742],[19.40867,59.70673],[19.40796,59.70544],[19.40573,59.70531],[19.4035,59.70768],[19.40992,59.70752],[19.40945,59.70742]]],[[[19.4202,59.72674],[19.41942,59.7254],[19.41563,59.72633],[19.41593,59.72735],[19.41795,59.72814],[19.41983,59.72834],[19.4202,59.72674]]],[[[19.37994,59.72895],[19.37965,59.72781],[19.37778,59.72743],[19.37559,59.7277],[19.37418,59.72846],[19.37617,59.73107],[19.3794,59.72967],[19.37994,59.72895]]],[[[19.39237,59.73157],[19.39382,59.73112],[19.39466,59.73148],[19.39804,59.73052],[19.39764,59.72974],[19.39899,59.72969],[19.39957,59.72876],[19.40023,59.72875],[19.39837,59.72839],[19.39878,59.72798],[19.39816,59.7275],[19.39478,59.72697],[19.39168,59.72705],[19.38698,59.72769],[19.38683,59.72817],[19.38612,59.72818],[19.38591,59.72888],[19.38681,59.72873],[19.3877,59.72955],[19.39056,59.72944],[19.39026,59.7302],[19.39133,59.73145],[19.39237,59.73157]]],[[[19.4001,59.73158],[19.40051,59.73082],[19.39977,59.7307],[19.40084,59.73056],[19.40073,59.72988],[19.39793,59.73082],[19.39921,59.73158],[19.4001,59.73158]]],[[[19.39756,59.73382],[19.3969,59.73383],[19.39767,59.73423],[19.39756,59.73382]]],[[[19.39461,59.73429],[19.3953,59.73418],[19.39454,59.73402],[19.39461,59.73429]]],[[[19.40189,59.741],[19.40132,59.74004],[19.40192,59.73893],[19.40095,59.73794],[19.40242,59.73747],[19.4012,59.73574],[19.39831,59.7346],[19.39413,59.73513],[19.39634,59.7387],[19.39986,59.73807],[19.39869,59.73896],[19.39886,59.73936],[19.40083,59.74074],[19.40049,59.74102],[19.40144,59.74133],[19.40189,59.741]]],[[[19.4169,59.75086],[19.41606,59.74963],[19.41668,59.74961],[19.4164,59.74881],[19.41428,59.7481],[19.4147,59.7504],[19.4169,59.75086]]],[[[19.41099,59.75126],[19.41151,59.75095],[19.41082,59.75082],[19.41155,59.75071],[19.41125,59.75014],[19.40836,59.7489],[19.40614,59.74899],[19.40659,59.74914],[19.4052,59.74969],[19.40513,59.75047],[19.40767,59.75117],[19.40828,59.75095],[19.40847,59.7513],[19.4096,59.75105],[19.41099,59.75126]]],[[[19.40313,59.75318],[19.40256,59.75319],[19.40319,59.75352],[19.40313,59.75318]]],[[[19.40548,59.75489],[19.40674,59.75442],[19.40694,59.75325],[19.40795,59.75229],[19.40504,59.75119],[19.40375,59.75113],[19.40374,59.75325],[19.40548,59.75489]]]]},"properties":{"objnamn":"Söderarms skjutfält","lan":"Stockholm","kommun":"Norrtälje","kategori":"Öppna riksintressen 3 kap 9 § andra stycket MB","underkategori":"Riksintresse på land","typ":"Riksintresse"}},{"type":"Feature","geometry":{"type":"MultiPolygon","coordinates":[[[[18.93435,59.93941],[18.9342,59.93869],[18.93353,59.9395],[18.93411,59.93978],[18.93435,59.93941]]],[[[18.92792,59.94041],[18.92678,59.93939],[18.92759,59.93872],[18.92691,59.9378],[18.92579,59.93855],[18.9252,59.94001],[18.92601,59.9405],[18.92686,59.94004],[18.92748,59.94071],[18.92792,59.94041]]],[[[18.9299,59.94097],[18.92992,59.9399],[18.92932,59.94071],[18.9299,59.94097]]],[[[18.90086,59.96443],[18.90113,59.9634],[18.90398,59.96383],[18.90423,59.96225],[18.90566,59.96065],[18.90405,59.95985],[18.90544,59.95871],[18.90505,59.95768],[18.90654,59.95726],[18.90661,59.95663],[18.90744,59.95656],[18.90714,59.95563],[18.90858,59.95573],[18.90752,59.9552],[18.90353,59.95482],[18.9033,59.95453],[18.90423,59.95391],[18.90612,59.95386],[18.90634,59.95323],[18.9079,59.9536],[18.91006,59.95343],[18.91011,59.95296],[18.90844,59.95218],[18.90867,59.9517],[18.91071,59.95095],[18.91078,59.94985],[18.9098,59.94918],[18.9113,59.9482],[18.91393,59.94876],[18.91506,59.94853],[18.9147,59.94641],[18.91689,59.94617],[18.91525,59.94507],[18.91607,59.94468],[18.91596,59.94403],[18.91876,59.94405],[18.91916,59.94254],[18.92052,59.94217],[18.92218,59.94092],[18.92287,59.93912],[18.92481,59.9383],[18.92489,59.93759],[18.9272,59.93679],[18.92461,59.93703],[18.92321,59.93597],[18.92243,59.93642],[18.91903,59.93695],[18.91708,59.93646],[18.91663,59.93666],[18.91609,59.93553],[18.91504,59.9351],[18.91528,59.93468],[18.91343,59.93518],[18.91226,59.93472],[18.90911,59.93512],[18.90847,59.93583],[18.90742,59.93569],[18.90738,59.935],[18.90281,59.93824],[18.89922,59.93877],[18.89322,59.93726],[18.88993,59.93707],[18.88942,59.93826],[18.89127,59.94077],[18.88705,59.94369],[18.8858,59.94638],[18.88445,59.94752],[18.88721,59.94934],[18.8877,59.9502],[18.88783,59.9496],[18.89073,59.95077],[18.89001,59.95125],[18.88784,59.95061],[18.88645,59.95151],[18.88898,59.95225],[18.88824,59.95278],[18.88832,59.95768],[18.89573,59.9606],[18.89398,59.9624],[18.89729,59.96402],[18.89991,59.96455],[18.90086,59.96443]]]]},"properties":{"objnamn":"Väddö skjutfält","lan":"Stockholm","kommun":"Norrtälje","kategori":"Öppna riksintressen 3 kap 9 § andra stycket MB","underkategori":"Riksintresse på land","typ":"Riksintresse"}},{"type":"Feature","geometry":{"type":"MultiPolygon","coordinates":[[[[18.43715,58.95618],[18.4387,58.95585],[18.43849,58.95547],[18.43605,58.95557],[18.43599,58.95599],[18.43715,58.95618]]],[[[18.43363,58.95925],[18.43662,58.95892],[18.43737,58.95829],[18.43636,58.95791],[18.43259,58.95776],[18.43191,58.95829],[18.43211,58.95892],[18.43363,58.95925]]],[[[18.43611,58.96009],[18.43707,58.95982],[18.43613,58.95972],[18.43611,58.96009]]],[[[18.44335,58.96331],[18.44489,58.96264],[18.44526,58.96199],[18.44425,58.96225],[18.44334,58.96144],[18.44184,58.96207],[18.44139,58.96277],[18.44225,58.9629],[18.44227,58.96332],[18.44335,58.96331]]],[[[18.4476,58.96384],[18.44807,58.96345],[18.44751,58.96332],[18.44709,58.96375],[18.4476,58.96384]]],[[[18.4298,58.96467],[18.43049,58.96408],[18.42944,58.96336],[18.4298,58.96467]]],[[[18.43671,58.96489],[18.43856,58.96459],[18.43829,58.96359],[18.43935,58.96309],[18.43965,58.96184],[18.43861,58.96116],[18.43722,58.9621],[18.4373,58.96103],[18.43541,58.96058],[18.43613,58.96013],[18.43497,58.96059],[18.43356,58.9605],[18.43273,58.96124],[18.43313,58.96228],[18.43205,58.96268],[18.43258,58.96316],[18.43171,58.96351],[18.43228,58.964],[18.43372,58.96305],[18.43463,58.96364],[18.43395,58.96408],[18.43437,58.96473],[18.43671,58.96489]]],[[[18.43082,58.96593],[18.43,58.96603],[18.43032,58.96689],[18.43082,58.96593]]],[[[18.42981,58.96701],[18.42979,58.96654],[18.42887,58.9665],[18.42902,58.967],[18.42981,58.96701]]],[[[18.47338,58.96785],[18.47382,58.96729],[18.47261,58.96787],[18.47338,58.96785]]],[[[18.42794,58.96926],[18.42882,58.96894],[18.42911,58.96747],[18.42789,58.9665],[18.42884,58.96646],[18.42936,58.96596],[18.4284,58.96478],[18.42745,58.96493],[18.42765,58.96594],[18.42586,58.96534],[18.42412,58.9665],[18.42513,58.96618],[18.42555,58.96679],[18.42463,58.96767],[18.42524,58.968],[18.42601,58.96753],[18.42569,58.96837],[18.42714,58.96925],[18.42794,58.96926]]],[[[18.47557,58.97088],[18.47817,58.97024],[18.47733,58.96908],[18.47875,58.96936],[18.47904,58.96993],[18.4798,58.96984],[18.48164,58.96789],[18.48125,58.96751],[18.48,58.96797],[18.47972,58.96684],[18.4793,58.96695],[18.47787,58.96579],[18.47618,58.96551],[18.47607,58.96616],[18.47551,58.96571],[18.47455,58.96629],[18.47536,58.96793],[18.47451,58.96773],[18.47359,58.96819],[18.4733,58.96959],[18.47402,58.9708],[18.47488,58.97117],[18.47557,58.97088]]],[[[18.46058,58.97147],[18.46127,58.96961],[18.45881,58.9696],[18.45747,58.97026],[18.458,58.97118],[18.46058,58.97147]]],[[[18.46872,58.97327],[18.46885,58.97285],[18.4712,58.97284],[18.47107,58.97207],[18.46971,58.97143],[18.47021,58.97101],[18.46839,58.97189],[18.46872,58.97277],[18.468,58.97299],[18.46872,58.97327]]],[[[18.44944,58.97361],[18.44892,58.97359],[18.44909,58.97384],[18.44944,58.97361]]],[[[18.46628,58.97496],[18.46756,58.97444],[18.46636,58.97424],[18.46588,58.97469],[18.46628,58.97496]]],[[[18.47258,58.97438],[18.47198,58.97484],[18.47267,58.97484],[18.47258,58.97438]]],[[[18.46824,58.97502],[18.4684,58.97453],[18.46751,58.97493],[18.46824,58.97502]]],[[[18.43801,58.97599],[18.43786,58.97564],[18.43726,58.97573],[18.4369,58.97659],[18.43801,58.97599]]],[[[18.44928,58.97636],[18.4507,58.97598],[18.45162,58.97515],[18.45304,58.97539],[18.4527,58.97588],[18.45384,58.976],[18.45521,58.97537],[18.45545,58.97582],[18.45823,58.97552],[18.45881,58.97464],[18.45779,58.97465],[18.45826,58.97367],[18.45632,58.97289],[18.45701,58.97207],[18.45632,58.97208],[18.45617,58.97142],[18.4532,58.97219],[18.45241,58.97299],[18.45238,58.97244],[18.45115,58.97197],[18.44999,58.97306],[18.44988,58.97414],[18.44875,58.97376],[18.44874,58.97319],[18.44746,58.97307],[18.44737,58.97196],[18.4462,58.97237],[18.44524,58.97196],[18.44369,58.97205],[18.44313,58.97366],[18.44302,58.97295],[18.44118,58.972],[18.43937,58.97254],[18.43783,58.9721],[18.43648,58.97246],[18.4358,58.97371],[18.43747,58.97356],[18.43799,58.97311],[18.43834,58.97354],[18.44005,58.97376],[18.44046,58.97429],[18.44297,58.97397],[18.44384,58.97417],[18.44114,58.97539],[18.43844,58.97509],[18.43834,58.97632],[18.4406,58.97576],[18.44111,58.97617],[18.44365,58.97568],[18.44418,58.97602],[18.44369,58.9763],[18.44492,58.97626],[18.44493,58.97655],[18.44928,58.97636]]],[[[18.45756,58.97629],[18.45753,58.9759],[18.45579,58.97612],[18.45756,58.97629]]],[[[18.43715,58.97717],[18.43795,58.97692],[18.43781,58.97649],[18.4369,58.97689],[18.43715,58.97717]]],[[[18.48347,58.97624],[18.48435,58.97585],[18.48405,58.97537],[18.48167,58.97564],[18.48347,58.97624]]],[[[18.46302,58.97677],[18.46253,58.97699],[18.46305,58.97707],[18.46302,58.97677]]],[[[18.46382,58.97648],[18.46341,58.97541],[18.46217,58.97513],[18.46397,58.97461],[18.46378,58.97368],[18.46235,58.97413],[18.46282,58.97418],[18.46239,58.97465],[18.46173,58.97448],[18.46128,58.97496],[18.45987,58.97501],[18.45999,58.97548],[18.45874,58.97627],[18.45874,58.97713],[18.46114,58.97727],[18.46237,58.9763],[18.46353,58.9768],[18.46345,58.97729],[18.46382,58.97648]]],[[[18.46844,58.9773],[18.46965,58.9768],[18.47092,58.97717],[18.47093,58.97669],[18.47348,58.97648],[18.47458,58.97595],[18.47476,58.97533],[18.47401,58.9751],[18.47364,58.97533],[18.47311,58.97495],[18.47126,58.97507],[18.47034,58.97552],[18.46962,58.97511],[18.46643,58.97527],[18.46584,58.97694],[18.46756,58.97692],[18.46768,58.97729],[18.46844,58.9773]]]]},"properties":{"objnamn":"Stabbo skjutfält","lan":"Stockholm","kommun":"Haninge","kategori":"Öppna riksintressen 3 kap 9 § andra stycket MB","underkategori":"Riksintresse på land","typ":"Riksintresse"}},{"type":"Feature","geometry":{"type":"MultiPolygon","coordinates":[[[[17.70903,58.78001],[17.70839,58.78022],[17.70855,58.78063],[17.70903,58.78001]]],[[[17.70333,58.7782],[17.70093,58.77813],[17.69847,58.77867],[17.69556,58.77989],[17.69339,58.78149],[17.69289,58.78277],[17.6947,58.7851],[17.69902,58.78584],[17.70489,58.78421],[17.70738,58.7822],[17.70777,58.78101],[17.7071,58.77975],[17.70559,58.77881],[17.70333,58.7782]]],[[[17.6775,58.80115],[17.67455,58.80033],[17.67212,58.80188],[17.67224,58.80347],[17.67309,58.80437],[17.67492,58.80503],[17.67751,58.80516],[17.67899,58.80334],[17.67818,58.80134],[17.6775,58.80115]]],[[[17.70849,58.80593],[17.70978,58.80444],[17.70966,58.80267],[17.71181,58.80169],[17.71295,58.80033],[17.71248,58.79762],[17.71127,58.79653],[17.70957,58.7955],[17.69896,58.7942],[17.69581,58.79284],[17.69256,58.79232],[17.69269,58.79106],[17.69185,58.78992],[17.68721,58.78704],[17.69262,58.79509],[17.6875,58.79846],[17.69394,58.8053],[17.69674,58.80524],[17.69678,58.80765],[17.70572,58.80717],[17.70849,58.80593]]],[[[17.78309,58.80112],[17.77441,58.79885],[17.76467,58.80879],[17.78603,58.8143],[17.78309,58.80112]]]]},"properties":{"objnamn":"Askö skjutfält","lan":"Södermanland","kommun":"Trosa, Nynäshamn","kategori":"Öppna riksintressen 3 kap 9 § andra stycket MB","underkategori":"Riksintresse på land","typ":"Riksintresse"}},{"type":"Feature","geometry":{"type":"MultiPolygon","coordinates":[[[[18.23861,58.90958],[18.23787,58.91016],[18.23852,58.91009],[18.23861,58.90958]]],[[[18.23724,58.91105],[18.23653,58.91101],[18.23674,58.91137],[18.23724,58.91105]]],[[[18.23048,58.91946],[18.22983,58.91952],[18.23044,58.91972],[18.23048,58.91946]]],[[[18.28658,58.92076],[18.28607,58.92076],[18.28632,58.92125],[18.28658,58.92076]]],[[[18.28477,58.9217],[18.28489,58.92143],[18.28416,58.92161],[18.28477,58.9217]]],[[[18.28623,58.92174],[18.28515,58.9215],[18.28516,58.92179],[18.28623,58.92174]]],[[[18.28369,58.92196],[18.28327,58.92223],[18.28372,58.92235],[18.28369,58.92196]]],[[[18.32196,58.92254],[18.32292,58.9222],[18.32314,58.92158],[18.32173,58.92195],[18.32196,58.92254]]],[[[18.30514,58.92364],[18.30417,58.92388],[18.30504,58.92399],[18.30514,58.92364]]],[[[18.30642,58.92413],[18.30687,58.92397],[18.30622,58.92374],[18.30558,58.92396],[18.30642,58.92413]]],[[[18.3005,58.92498],[18.3007,58.92464],[18.29984,58.925],[18.3005,58.92498]]],[[[18.29563,58.92571],[18.29608,58.92539],[18.29528,58.92544],[18.29563,58.92571]]],[[[18.31808,58.92521],[18.31997,58.925],[18.32046,58.92421],[18.31894,58.92434],[18.31808,58.92521]]],[[[18.25084,58.95861],[18.26881,58.94755],[18.27164,58.94874],[18.27301,58.94792],[18.27478,58.94835],[18.27596,58.94754],[18.27902,58.94906],[18.28852,58.94725],[18.29985,58.94161],[18.32091,58.94551],[18.32854,58.94334],[18.33593,58.93928],[18.33536,58.92349],[18.32459,58.92385],[18.32238,58.92576],[18.32217,58.92536],[18.3208,58.92586],[18.32116,58.92615],[18.32186,58.92588],[18.3214,58.92639],[18.32223,58.9266],[18.32152,58.92718],[18.31991,58.92708],[18.32051,58.92643],[18.32115,58.92665],[18.32051,58.926],[18.31964,58.92594],[18.3198,58.92539],[18.31566,58.92532],[18.31333,58.9267],[18.3125,58.92645],[18.31283,58.92585],[18.31363,58.92607],[18.31385,58.92548],[18.31063,58.92537],[18.30934,58.92606],[18.3098,58.92519],[18.30863,58.92491],[18.30703,58.92521],[18.30577,58.925],[18.3056,58.92443],[18.30207,58.92538],[18.29983,58.92536],[18.29761,58.92481],[18.29677,58.92406],[18.29548,58.92394],[18.29242,58.92481],[18.29622,58.92536],[18.29779,58.92506],[18.29777,58.92551],[18.29649,58.92579],[18.29666,58.92656],[18.29412,58.92576],[18.29324,58.92581],[18.29338,58.92653],[18.29196,58.92558],[18.29071,58.92544],[18.28838,58.926],[18.28774,58.92704],[18.28846,58.92732],[18.28733,58.92759],[18.28505,58.92661],[18.28261,58.92633],[18.28064,58.92463],[18.27101,58.92286],[18.27128,58.92209],[18.27573,58.92226],[18.27811,58.92276],[18.28145,58.9226],[18.28188,58.92219],[18.28196,58.92257],[18.28265,58.92226],[18.28315,58.92246],[18.28318,58.92164],[18.28445,58.92143],[18.28383,58.92076],[18.2847,58.92097],[18.28482,58.92008],[18.28384,58.92059],[18.28368,58.9198],[18.28258,58.92022],[18.28159,58.91907],[18.28053,58.91897],[18.27923,58.91803],[18.27705,58.91805],[18.27558,58.91739],[18.27339,58.91749],[18.27409,58.91719],[18.27285,58.91633],[18.27136,58.91652],[18.27187,58.91622],[18.27031,58.91584],[18.26852,58.91704],[18.26539,58.91652],[18.2646,58.91692],[18.26313,58.91672],[18.26267,58.91721],[18.2619,58.91688],[18.26238,58.91679],[18.26105,58.91654],[18.2603,58.91711],[18.25946,58.9169],[18.25668,58.91757],[18.2582,58.91787],[18.25527,58.91791],[18.25388,58.91855],[18.25092,58.9176],[18.25007,58.91824],[18.24869,58.91838],[18.24613,58.91764],[18.24603,58.91701],[18.24552,58.91749],[18.24442,58.91725],[18.24402,58.9162],[18.24199,58.91692],[18.24121,58.91665],[18.24188,58.91596],[18.24073,58.91522],[18.24158,58.91477],[18.24287,58.91489],[18.24321,58.91441],[18.24211,58.91432],[18.24152,58.91346],[18.24181,58.91247],[18.24077,58.9124],[18.24038,58.91316],[18.23791,58.91385],[18.23834,58.91508],[18.23767,58.91563],[18.23533,58.91621],[18.23499,58.91686],[18.23571,58.91743],[18.23472,58.91767],[18.23386,58.91694],[18.23298,58.91692],[18.23213,58.91781],[18.23195,58.9172],[18.23143,58.91724],[18.23161,58.918],[18.23055,58.91849],[18.23123,58.91858],[18.23097,58.91902],[18.23271,58.91928],[18.23273,58.92017],[18.23041,58.92061],[18.22993,58.92146],[18.22868,58.92139],[18.22858,58.92109],[18.22771,58.92141],[18.22745,58.92232],[18.22838,58.92307],[18.2276,58.92358],[18.22636,58.92636],[18.22534,58.92707],[18.22196,58.92771],[18.22104,58.92836],[18.22133,58.92936],[18.22259,58.93016],[18.22349,58.93044],[18.22493,58.9301],[18.22536,58.93123],[18.22956,58.93239],[18.23373,58.93444],[18.23338,58.93555],[18.2309,58.93496],[18.2285,58.93598],[18.22774,58.93764],[18.22642,58.93754],[18.22712,58.93792],[18.22774,58.93772],[18.22978,58.9388],[18.23013,58.9398],[18.22883,58.94],[18.22235,58.93923],[18.21898,58.9381],[18.21854,58.9395],[18.22214,58.94156],[18.22127,58.94231],[18.22142,58.94313],[18.22301,58.94327],[18.22397,58.94471],[18.22572,58.94485],[18.22794,58.9443],[18.23289,58.94546],[18.23411,58.94518],[18.23725,58.946],[18.23874,58.94771],[18.24278,58.94891],[18.24409,58.95074],[18.2433,58.95203],[18.24745,58.95381],[18.24629,58.9553],[18.24689,58.95552],[18.24718,58.95484],[18.24831,58.95466],[18.24953,58.9554],[18.24936,58.95596],[18.2478,58.95666],[18.24871,58.95848],[18.25084,58.95861]]]]},"properties":{"objnamn":"Utö skjutfält","lan":"Stockholm","kommun":"Haninge","kategori":"Öppna riksintressen 3 kap 9 § andra stycket MB","underkategori":"Riksintresse på land","typ":"Riksintresse"}},{"type":"Feature","geometry":{"type":"MultiPolygon","coordinates":[[[[19.2482,65.52777],[19.24744,65.52744],[19.23926,65.5321],[19.23824,65.53342],[19.23747,65.53727],[19.23951,65.53399],[19.2482,65.52777]]],[[[19.1391,65.58436],[19.14706,65.57865],[19.1542,65.58361],[19.15975,65.58219],[19.1598,65.58444],[19.16352,65.58395],[19.16368,65.58419],[19.16518,65.58291],[19.16494,65.58317],[19.16532,65.58295],[19.1665,65.58358],[19.1679,65.58338],[19.16855,65.58384],[19.17667,65.58259],[19.17136,65.57916],[19.19232,65.57479],[19.20119,65.56998],[19.20272,65.56773],[19.21028,65.56343],[19.22174,65.55546],[19.22501,65.54981],[19.23608,65.53862],[19.23767,65.5326],[19.23971,65.53097],[19.24631,65.52768],[19.25054,65.52325],[19.20834,65.50597],[19.20286,65.50278],[19.20432,65.50124],[19.07709,65.48708],[19.05841,65.50844],[19.05598,65.51612],[19.05693,65.51823],[19.05465,65.52038],[19.05092,65.52187],[19.05116,65.52593],[19.05219,65.52744],[19.05461,65.52945],[19.05935,65.53094],[19.06181,65.53307],[19.06071,65.54021],[19.05371,65.54485],[19.04757,65.54572],[19.04362,65.54755],[19.04171,65.55227],[19.04309,65.55335],[19.04779,65.55542],[19.05168,65.55859],[19.05482,65.56449],[19.06071,65.56635],[19.0625,65.56804],[19.06286,65.57933],[19.06096,65.58156],[19.07547,65.58324],[19.07557,65.58417],[19.07991,65.58506],[19.08111,65.58617],[19.08062,65.58712],[19.0922,65.58628],[19.09627,65.58542],[19.1069,65.58705],[19.1391,65.58436]]]]},"properties":{"objnamn":"Arvidsjaurs övnings- och skjutfält","lan":"Norrbotten","kommun":"Arvidsjaur","kategori":"Öppna riksintressen 3 kap 9 § andra stycket MB","underkategori":"Riksintresse på land","typ":"Riksintresse"}},{"type":"Feature","geometry":{"type":"MultiPolygon","coordinates":[[[[23.21672,66.03891],[23.22739,66.02855],[23.24258,66.01767],[23.21095,66.01426],[23.21015,66.01381],[23.2077,66.01397],[23.20649,66.01151],[23.20466,66.01035],[23.18742,66.00151],[23.15431,66.0057],[23.16875,66.01286],[23.15845,66.01834],[23.18771,66.03039],[23.17293,66.03628],[23.17449,66.03822],[23.18444,66.03798],[23.18649,66.03641],[23.20408,66.03644],[23.21672,66.03891]]],[[[23.26277,66.07453],[23.26494,66.07362],[23.26668,66.06937],[23.25563,66.07061],[23.25578,66.0726],[23.25693,66.07341],[23.25696,66.07556],[23.25577,66.07629],[23.25752,66.07681],[23.26277,66.07453]]],[[[23.22191,66.08919],[23.21778,66.09018],[23.21857,66.09272],[23.2205,66.09256],[23.22191,66.08919]]],[[[23.12492,66.20547],[23.12515,66.20509],[23.16029,66.20433],[23.18078,66.16476],[23.18445,66.16464],[23.19726,66.1587],[23.19075,66.1562],[23.2001,66.14252],[23.19001,66.13586],[23.19001,66.13459],[23.18261,66.13383],[23.18369,66.13228],[23.17506,66.12733],[23.15216,66.13419],[23.14126,66.13606],[23.13783,66.13414],[23.1327,66.13503],[23.13079,66.13793],[23.10278,66.14263],[23.09961,66.14209],[23.09823,66.1434],[23.01522,66.15734],[22.98253,66.18751],[22.98832,66.19169],[22.97866,66.20074],[22.97867,66.20312],[22.98402,66.20303],[23.0153,66.21162],[23.06505,66.2166],[23.06519,66.21709],[23.07575,66.21679],[23.11754,66.21797],[23.12492,66.20547]]]]},"properties":{"objnamn":"Lombens och Orrträsks skjutfält","lan":"Norrbotten","kommun":"Kalix, Överkalix, Övertorneå, Haparanda","kategori":"Öppna riksintressen 3 kap 9 § andra stycket MB","underkategori":"Riksintresse på land","typ":"Riksintresse"}},{"type":"Feature","geometry":{"type":"MultiPolygon","coordinates":[[[[19.79534,66.13629],[19.79834,66.13646],[19.79606,66.13565],[19.79534,66.13629]]],[[[19.79534,66.13629],[19.60911,66.12552],[19.05249,66.17051],[18.68807,66.32434],[18.56956,66.47047],[18.59587,66.49094],[18.64633,66.55024],[18.69496,66.57292],[18.72296,66.58723],[18.78373,66.58173],[18.94597,66.56373],[19.23522,66.50385],[19.31924,66.47704],[19.33153,66.48292],[19.3569,66.47793],[19.36919,66.47261],[19.36975,66.46832],[19.38021,66.46413],[19.4016,66.45907],[19.40574,66.45343],[19.41644,66.44972],[19.42341,66.44609],[19.52271,66.37385],[19.5287,66.37022],[19.5558,66.34774],[19.79534,66.13629]]]]},"properties":{"objnamn":"Vidsels skjutfält/Provplats RFN","lan":"Norrbotten","kommun":"Jokkmokk, Arjeplog","kategori":"Öppna riksintressen 3 kap 9 § andra stycket MB","underkategori":"Riksintresse på land","typ":"Riksintresse"}},{"type":"Feature","geometry":{"type":"MultiPolygon","coordinates":[[[[22.28744,65.45977],[22.29144,65.45921],[22.29349,65.45852],[22.29457,65.45868],[22.2962,65.45776],[22.30379,65.45568],[22.30808,65.45534],[22.31634,65.45235],[22.31952,65.45185],[22.32288,65.45009],[22.32348,65.44942],[22.32218,65.44822],[22.32312,65.44769],[22.32067,65.44674],[22.31776,65.44648],[22.31497,65.44396],[22.31585,65.44134],[22.31926,65.43984],[22.3255,65.4386],[22.33248,65.43785],[22.34078,65.43779],[22.34673,65.43845],[22.35045,65.43954],[22.35233,65.44097],[22.35129,65.44188],[22.34905,65.44188],[22.34924,65.4425],[22.34688,65.44339],[22.34679,65.44539],[22.3487,65.44555],[22.38039,65.43331],[22.38009,65.4331],[22.37658,65.43137],[22.37161,65.431],[22.36353,65.43127],[22.36147,65.43222],[22.35342,65.43315],[22.32271,65.433],[22.31426,65.43207],[22.31488,65.43159],[22.3131,65.43102],[22.31125,65.43129],[22.31125,65.43081],[22.30979,65.43119],[22.3078,65.43052],[22.30882,65.43002],[22.30728,65.43033],[22.30254,65.42991],[22.2975,65.43002],[22.29309,65.43056],[22.2919,65.43026],[22.29102,65.42847],[22.2887,65.42757],[22.28412,65.42794],[22.28257,65.43031],[22.28354,65.43073],[22.28426,65.43241],[22.28367,65.433],[22.28233,65.43255],[22.28125,65.43342],[22.28025,65.43578],[22.28341,65.43597],[22.28707,65.43674],[22.2887,65.44044],[22.28748,65.44159],[22.28518,65.44138],[22.28533,65.442],[22.28933,65.44509],[22.29393,65.44769],[22.29575,65.44971],[22.29479,65.4511],[22.29293,65.45124],[22.29278,65.4516],[22.2917,65.45149],[22.29168,65.45243],[22.28809,65.45386],[22.2875,65.45463],[22.28614,65.4549],[22.28551,65.45598],[22.28598,65.45844],[22.2865,65.45976],[22.28744,65.45977]],[[22.34942,65.44206],[22.35072,65.44213],[22.35047,65.44237],[22.34942,65.44206]]],[[[22.11188,65.55217],[22.11658,65.5501],[22.11594,65.54984],[22.11859,65.54862],[22.15203,65.53389],[22.15079,65.53143],[22.15169,65.53096],[22.15074,65.53033],[22.14644,65.53002],[22.14191,65.53084],[22.14111,65.53069],[22.13537,65.53378],[22.12692,65.53084],[22.11737,65.52605],[22.11625,65.52642],[22.12591,65.53132],[22.11007,65.53889],[22.10205,65.5347],[22.09745,65.53684],[22.10194,65.53919],[22.10313,65.5422],[22.10231,65.54257],[22.10343,65.54295],[22.09853,65.54532],[22.10124,65.54625],[22.10039,65.54706],[22.10358,65.54818],[22.10015,65.55029],[22.08032,65.55207],[22.08058,65.55247],[22.09504,65.55118],[22.09034,65.55329],[22.09113,65.55359],[22.08342,65.55697],[22.08749,65.56339],[22.11188,65.55217]]]]},"properties":{"objnamn":"Luleå/Kallax flottiljflygplats och Junköns skjutfält","lan":"Norrbotten","kommun":"Luleå","kategori":"Öppna riksintressen 3 kap 9 § andra stycket MB","underkategori":"Riksintresse på land","typ":"Riksintresse"}},{"type":"Feature","geometry":{"type":"Polygon","coordinates":[[[20.19521,66.52112],[20.18374,66.51848],[20.17822,66.51637],[20.17441,66.51325],[20.17299,66.51018],[20.20342,66.50738],[20.19746,66.49914],[20.19793,66.4993],[20.19903,66.49039],[20.13674,66.4567],[20.12365,66.46147],[20.08777,66.48195],[20.06405,66.48317],[20.06436,66.48457],[20.06832,66.48627],[20.06758,66.48827],[20.06906,66.49185],[20.06881,66.49662],[20.08886,66.50359],[20.09045,66.50673],[20.09292,66.50923],[20.09763,66.51108],[20.14916,66.53884],[20.1606,66.53483],[20.1796,66.53033],[20.20257,66.5239],[20.19521,66.52112]]]},"properties":{"objnamn":"Jokkmokks flygbas","lan":"Norrbotten","kommun":"Jokkmokk","kategori":"Öppna riksintressen 3 kap 9 § andra stycket MB","underkategori":"Riksintresse på land","typ":"Riksintresse"}},{"type":"Feature","geometry":{"type":"Polygon","coordinates":[[[19.92888,65.92334],[19.95209,65.9201],[20.03545,65.9177],[20.04516,65.91614],[20.05296,65.91541],[20.05376,65.91475],[20.08662,65.9064],[20.10035,65.909],[20.11122,65.90468],[20.11324,65.9054],[20.12311,65.90116],[20.12923,65.90628],[20.15112,65.90139],[20.14127,65.89327],[20.14367,65.89223],[20.14171,65.88185],[20.15951,65.88157],[20.16001,65.88814],[20.21079,65.876],[20.21625,65.87411],[20.24347,65.86085],[20.24075,65.85752],[20.23139,65.85824],[20.22363,65.85969],[20.21642,65.86034],[20.21285,65.86031],[20.20776,65.8619],[20.20341,65.86148],[20.19483,65.86152],[20.18311,65.86229],[20.18251,65.86213],[20.18349,65.86187],[20.18079,65.86091],[20.17055,65.86146],[20.15957,65.86094],[20.15588,65.86125],[20.1516,65.8611],[20.14684,65.86231],[20.14677,65.86274],[20.14837,65.86294],[20.14869,65.86332],[20.1466,65.86537],[20.13767,65.86739],[20.13511,65.86744],[20.13238,65.8662],[20.13076,65.8662],[20.12269,65.86806],[20.11731,65.86815],[20.11615,65.86886],[20.11623,65.87142],[20.11336,65.87338],[20.09731,65.87882],[20.09489,65.88162],[20.09233,65.88331],[20.08431,65.88719],[20.07813,65.88941],[20.07703,65.89025],[20.07487,65.89082],[20.07716,65.88943],[20.08088,65.88807],[20.07587,65.88926],[20.07227,65.88946],[20.06936,65.8902],[20.05876,65.89349],[20.05353,65.89615],[20.04941,65.89765],[20.03228,65.90042],[20.03108,65.90031],[20.02359,65.90239],[20.02388,65.90293],[20.02077,65.90274],[20.01658,65.90305],[20.00926,65.90414],[19.9964,65.90449],[19.99465,65.90526],[19.9841,65.90648],[19.98165,65.90704],[19.97974,65.90811],[19.96807,65.90995],[19.93953,65.91271],[19.93284,65.91419],[19.92853,65.91467],[19.92709,65.91531],[19.91768,65.91669],[19.91532,65.9181],[19.90344,65.9195],[19.89893,65.9197],[19.89869,65.91944],[19.89553,65.9199],[19.88206,65.92045],[19.87971,65.92031],[19.87938,65.91999],[19.86915,65.91944],[19.86306,65.92117],[19.85699,65.92126],[19.85045,65.92194],[19.8498,65.92317],[19.84706,65.92395],[19.84802,65.92466],[19.84505,65.92503],[19.83232,65.92394],[19.82503,65.92209],[19.82304,65.92192],[19.81938,65.92251],[19.81754,65.92223],[19.81415,65.92292],[19.81295,65.92273],[19.81051,65.92309],[19.80884,65.92268],[19.80756,65.9228],[19.80647,65.92301],[19.80555,65.92477],[19.88435,65.92955],[19.92888,65.92334]],[[19.87795,65.92051],[19.87816,65.92005],[19.87908,65.92001],[19.87886,65.92051],[19.87795,65.92051]],[[19.87212,65.91989],[19.87189,65.92033],[19.87018,65.92026],[19.87044,65.91978],[19.87212,65.91989]],[[20.19951,65.86181],[20.20111,65.86174],[20.20106,65.86197],[20.19951,65.86181]]]},"properties":{"objnamn":"Vidsels flygbas","lan":"Norrbotten","kommun":"Arvidsjaur, Älvsbyn","kategori":"Öppna riksintressen 3 kap 9 § andra stycket MB","underkategori":"Riksintresse på land","typ":"Riksintresse"}},{"type":"Feature","geometry":{"type":"Polygon","coordinates":[[[21.35641,64.98878],[21.35554,64.9887],[21.35541,64.9872],[21.35702,64.98621],[21.35629,64.98625],[21.35556,64.98508],[21.3606,64.98315],[21.36155,64.98324],[21.36311,64.98184],[21.36267,64.98154],[21.361,64.98163],[21.36209,64.98081],[21.35848,64.98178],[21.35804,64.98166],[21.35908,64.98152],[21.35786,64.98097],[21.35686,64.98108],[21.35704,64.98008],[21.35957,64.97962],[21.36059,64.97896],[21.35827,64.97901],[21.35531,64.97989],[21.35465,64.98121],[21.3506,64.9827],[21.34974,64.98344],[21.34602,64.98376],[21.34371,64.98253],[21.3428,64.9829],[21.34297,64.98222],[21.34149,64.9832],[21.33997,64.98296],[21.34134,64.98304],[21.34236,64.98209],[21.34102,64.98194],[21.34083,64.98155],[21.34153,64.97752],[21.34434,64.97714],[21.34479,64.97785],[21.34368,64.97857],[21.3496,64.97981],[21.35688,64.97877],[21.357,64.97774],[21.35965,64.97645],[21.35984,64.9753],[21.3586,64.975],[21.3584,64.9745],[21.35375,64.97472],[21.35225,64.97418],[21.34995,64.97429],[21.35004,64.97381],[21.3517,64.97317],[21.35645,64.97252],[21.3663,64.96914],[21.37201,64.96819],[21.37729,64.96629],[21.37855,64.96557],[21.3798,64.96339],[21.37918,64.96307],[21.37723,64.96325],[21.38078,64.96123],[21.38019,64.96024],[21.38366,64.95959],[21.3874,64.95753],[21.38644,64.95758],[21.38738,64.95661],[21.38467,64.957],[21.38454,64.95637],[21.38346,64.95609],[21.3779,64.95729],[21.3771,64.95671],[21.3762,64.95671],[21.37137,64.95761],[21.36478,64.95959],[21.36284,64.9589],[21.36349,64.95828],[21.36217,64.95725],[21.35847,64.95754],[21.35599,64.95601],[21.35573,64.95487],[21.35748,64.95377],[21.35633,64.95418],[21.35652,64.95383],[21.35584,64.95382],[21.34979,64.9553],[21.34597,64.95767],[21.34578,64.95818],[21.34721,64.9586],[21.34689,64.95945],[21.33719,64.96412],[21.33528,64.964],[21.33453,64.96341],[21.33221,64.96329],[21.33074,64.96139],[21.32205,64.96266],[21.32156,64.96164],[21.31706,64.96344],[21.32698,64.96777],[21.3146,64.97272],[21.31783,64.97469],[21.31853,64.97376],[21.32268,64.97247],[21.32353,64.97266],[21.32128,64.97493],[21.31903,64.97541],[21.32204,64.97729],[21.33093,64.97328],[21.33112,64.9739],[21.32429,64.97757],[21.32644,64.97801],[21.32562,64.97944],[21.32229,64.9798],[21.32094,64.98046],[21.32001,64.97973],[21.31744,64.98003],[21.3155,64.98077],[21.31338,64.97963],[21.31079,64.9804],[21.31737,64.98441],[21.32531,64.98286],[21.32774,64.98309],[21.33014,64.98449],[21.33162,64.98444],[21.33206,64.98515],[21.32988,64.98808],[21.33108,64.98865],[21.33892,64.98772],[21.33937,64.98804],[21.34172,64.98787],[21.3445,64.98838],[21.34764,64.99028],[21.3491,64.99056],[21.35169,64.99024],[21.35641,64.98878]]]},"properties":{"objnamn":"Tåme skjutfält","lan":"Västerbotten","kommun":"Skellefteå","kategori":"Öppna riksintressen 3 kap 9 § andra stycket MB","underkategori":"Riksintresse på land","typ":"Riksintresse"}},{"type":"Feature","geometry":{"type":"Polygon","coordinates":[[[14.72718,63.2167],[14.7246,63.21613],[14.71393,63.21584],[14.71739,63.21457],[14.71887,63.21306],[14.7138,63.21192],[14.71097,63.21006],[14.70323,63.20947],[14.708,63.20851],[14.70439,63.20661],[14.69177,63.20915],[14.68762,63.20857],[14.68334,63.20657],[14.67639,63.20231],[14.67398,63.20444],[14.66122,63.21109],[14.65781,63.21084],[14.65594,63.21854],[14.66669,63.22073],[14.66515,63.22277],[14.6681,63.22323],[14.66735,63.22515],[14.67832,63.23045],[14.67807,63.2341],[14.68067,63.23481],[14.67969,63.23663],[14.68296,63.23779],[14.67102,63.24605],[14.6855,63.25305],[14.72384,63.25889],[14.72056,63.25568],[14.72256,63.25566],[14.72432,63.25501],[14.72766,63.25456],[14.7342,63.25449],[14.73946,63.2516],[14.74277,63.25033],[14.74642,63.24825],[14.75284,63.24096],[14.75451,63.23986],[14.75276,63.23851],[14.75744,63.23653],[14.75437,63.23437],[14.75218,63.23142],[14.74943,63.23042],[14.74993,63.22908],[14.74917,63.22826],[14.74635,63.22674],[14.7444,63.22669],[14.74642,63.22549],[14.74028,63.22498],[14.74204,63.22381],[14.74467,63.22398],[14.74363,63.22351],[14.74883,63.22389],[14.74935,63.22358],[14.73638,63.22243],[14.7376,63.22054],[14.72523,63.21849],[14.72718,63.2167]]]},"properties":{"objnamn":"Dagsådalens skjutfält","lan":"Jämtland","kommun":"Östersund, Krokom","kategori":"Öppna riksintressen 3 kap 9 § andra stycket MB","underkategori":"Riksintresse på land","typ":"Riksintresse"}},{"type":"Feature","geometry":{"type":"Polygon","coordinates":[[[17.97157,62.64314],[17.99556,62.63966],[17.99722,62.64133],[18.00309,62.63962],[18.00963,62.63842],[18.02081,62.63409],[18.02376,62.63372],[18.03245,62.63007],[18.03568,62.62724],[18.03865,62.62585],[18.04247,62.62559],[18.04459,62.62499],[18.04712,62.62277],[18.05216,62.62074],[18.05306,62.61934],[18.05419,62.61887],[18.05623,62.61919],[18.05814,62.61847],[18.06138,62.61572],[18.06208,62.61342],[18.06409,62.61229],[18.064,62.61066],[18.06317,62.61051],[18.06403,62.60868],[18.06204,62.60835],[18.05689,62.60889],[18.05537,62.61151],[18.05253,62.61266],[18.02234,62.61229],[18.02109,62.61299],[18.01996,62.61272],[18.0191,62.6134],[18.01776,62.61334],[18.01802,62.61374],[18.02016,62.61364],[18.01752,62.61626],[18.0166,62.616],[18.01578,62.61731],[18.01211,62.61798],[18.01008,62.61623],[18.01449,62.61519],[18.00942,62.61332],[18.00745,62.61387],[18.00458,62.6135],[18.00384,62.61404],[18.00444,62.61441],[18.00402,62.61493],[18.00872,62.61914],[17.99845,62.6216],[18.00637,62.62917],[18.00092,62.63248],[17.97431,62.63903],[17.97516,62.6393],[17.96947,62.63937],[17.96888,62.64034],[17.96953,62.64043],[17.96942,62.64288],[17.96786,62.64282],[17.97157,62.64314]],[[18.06178,62.61283],[18.06303,62.61072],[18.06345,62.61205],[18.06231,62.61323],[18.06163,62.61328],[18.06178,62.61283]]]},"properties":{"objnamn":"Härnöns skjutfält","lan":"Västernorrland","kommun":"Härnösand","kategori":"Öppna riksintressen 3 kap 9 § andra stycket MB","underkategori":"Riksintresse på land","typ":"Riksintresse"}},{"type":"Feature","geometry":{"type":"Polygon","coordinates":[[[17.98279,62.57807],[17.98711,62.57517],[17.99153,62.57638],[18.00354,62.57764],[18.00599,62.57778],[18.00666,62.57701],[18.00458,62.57637],[18.00464,62.57667],[18.00396,62.57662],[18.00319,62.57599],[18.00258,62.57612],[17.99568,62.5741],[17.99594,62.57373],[17.99448,62.57345],[17.99424,62.57242],[17.99198,62.57172],[17.99094,62.57023],[17.98736,62.56862],[17.98311,62.56739],[17.98249,62.56697],[17.98299,62.56675],[17.98119,62.56608],[17.9794,62.56454],[17.97346,62.56622],[17.97145,62.56775],[17.96856,62.56798],[17.96694,62.56749],[17.96421,62.57055],[17.97309,62.57571],[17.98279,62.57807]]]},"properties":{"objnamn":"Skärsvikens skjutfält","lan":"Västernorrland","kommun":"Härnösand","kategori":"Öppna riksintressen 3 kap 9 § andra stycket MB","underkategori":"Riksintresse på land","typ":"Riksintresse"}},{"type":"Feature","geometry":{"type":"Polygon","coordinates":[[[14.92562,59.37506],[14.93349,59.3693],[14.93462,59.36617],[14.9333,59.36091],[14.93199,59.36085],[14.93073,59.36187],[14.92957,59.36211],[14.92735,59.35997],[14.92895,59.35799],[14.93701,59.35138],[14.91245,59.34109],[14.91284,59.34017],[14.91751,59.33631],[14.91745,59.33546],[14.9168,59.33454],[14.91534,59.33506],[14.9141,59.33493],[14.91277,59.3341],[14.91208,59.3345],[14.91149,59.33437],[14.91113,59.33385],[14.90944,59.33422],[14.90755,59.33406],[14.90778,59.33375],[14.90891,59.33399],[14.91038,59.33333],[14.91096,59.33349],[14.91137,59.33241],[14.91025,59.33177],[14.91163,59.33083],[14.91126,59.33037],[14.91305,59.3302],[14.91015,59.32739],[14.90911,59.32705],[14.90632,59.32778],[14.90241,59.32779],[14.9035,59.32676],[14.90166,59.3261],[14.89996,59.32685],[14.8994,59.32774],[14.89738,59.3283],[14.89815,59.3289],[14.89466,59.32949],[14.8952,59.32841],[14.89272,59.32747],[14.89274,59.3267],[14.89143,59.32681],[14.89013,59.32754],[14.88882,59.32568],[14.88541,59.32551],[14.88382,59.32484],[14.88319,59.32536],[14.88348,59.32592],[14.88264,59.32591],[14.88262,59.32491],[14.8817,59.3246],[14.88144,59.32392],[14.8803,59.3241],[14.88065,59.32477],[14.87998,59.32497],[14.87812,59.32475],[14.87417,59.32521],[14.87246,59.32435],[14.87236,59.32295],[14.87427,59.31729],[14.85985,59.3107],[14.84875,59.30289],[14.83275,59.29805],[14.79529,59.29011],[14.7728,59.28576],[14.75878,59.28049],[14.75499,59.28122],[14.74842,59.28173],[14.74257,59.28411],[14.74171,59.28406],[14.73904,59.28297],[14.73779,59.28293],[14.73626,59.28183],[14.73576,59.28221],[14.73386,59.2819],[14.73316,59.28142],[14.73295,59.28175],[14.73213,59.28158],[14.73131,59.28078],[14.73053,59.28096],[14.73089,59.2799],[14.72874,59.27924],[14.72406,59.27865],[14.7242,59.2792],[14.72272,59.27915],[14.72346,59.27858],[14.7204,59.27825],[14.71627,59.27872],[14.71569,59.27907],[14.71244,59.27875],[14.70894,59.27915],[14.70699,59.27896],[14.70468,59.28008],[14.70454,59.28171],[14.7022,59.28296],[14.69881,59.28317],[14.69875,59.28355],[14.69829,59.28324],[14.69682,59.28349],[14.6972,59.2862],[14.69663,59.28652],[14.69517,59.28593],[14.6952,59.28465],[14.69282,59.28448],[14.69218,59.28391],[14.69307,59.28176],[14.69093,59.28225],[14.68817,59.28382],[14.68646,59.28759],[14.68024,59.29103],[14.67837,59.2935],[14.67468,59.29552],[14.67298,59.29601],[14.66954,59.29646],[14.66636,59.29625],[14.66645,59.3002],[14.66751,59.30054],[14.66772,59.3011],[14.66483,59.305],[14.66184,59.31359],[14.66405,59.321],[14.66961,59.32512],[14.6668,59.33037],[14.8193,59.37774],[14.8324,59.37281],[14.84638,59.37403],[14.86914,59.37477],[14.89555,59.37651],[14.91576,59.38116],[14.9186,59.37995],[14.92562,59.37506]]]},"properties":{"objnamn":"Villingsbergs skjutfält","lan":"Örebro","kommun":"Karlskoga, Lekeberg","kategori":"Öppna riksintressen 3 kap 9 § andra stycket MB","underkategori":"Riksintresse på land","typ":"Riksintresse"}},{"type":"Feature","geometry":{"type":"MultiPolygon","coordinates":[[[[13.68603,59.73957],[13.68704,59.73203],[13.6793,59.73205],[13.67824,59.73999],[13.68603,59.73957]]],[[[13.8303,59.7522],[13.82945,59.75213],[13.82903,59.75108],[13.82717,59.75033],[13.82762,59.74934],[13.82665,59.74866],[13.82723,59.74754],[13.82671,59.74611],[13.82844,59.74365],[13.82816,59.74317],[13.82664,59.74272],[13.82567,59.736],[13.82755,59.73442],[13.82031,59.72408],[13.8302,59.71166],[13.81035,59.70282],[13.79611,59.70047],[13.76963,59.69827],[13.76576,59.6968],[13.76466,59.70357],[13.76095,59.70191],[13.75852,59.70342],[13.75727,59.70288],[13.75218,59.71311],[13.72041,59.72958],[13.72975,59.7539],[13.73234,59.76726],[13.78042,59.7738],[13.7865,59.76887],[13.83063,59.7536],[13.82942,59.75301],[13.8301,59.75287],[13.8303,59.7522]]]]},"properties":{"objnamn":"Horssjöns skjutfält","lan":"Värmland","kommun":"Karlstad","kategori":"Öppna riksintressen 3 kap 9 § andra stycket MB","underkategori":"Riksintresse på land","typ":"Riksintresse"}},{"type":"Feature","geometry":{"type":"Polygon","coordinates":[[[11.87251,57.68257],[11.87242,57.68134],[11.8705,57.6808],[11.87154,57.67935],[11.86986,57.6787],[11.86928,57.67793],[11.86883,57.67817],[11.86812,57.67737],[11.86828,57.67597],[11.8715,57.67565],[11.87235,57.67513],[11.87114,57.67443],[11.87146,57.67329],[11.87022,57.67287],[11.86919,57.6719],[11.86764,57.67237],[11.868,57.6725],[11.8655,57.67404],[11.86423,57.67391],[11.86408,57.67421],[11.86004,57.67376],[11.85981,57.67518],[11.8551,57.67388],[11.85391,57.67708],[11.85316,57.67758],[11.85366,57.6782],[11.85154,57.68035],[11.85458,57.68259],[11.85643,57.68313],[11.8586,57.68321],[11.86477,57.68201],[11.86682,57.68362],[11.87112,57.68457],[11.87251,57.68257]]]},"properties":{"objnamn":"Örlogshamn Göteborg och skjutbanor på Käringberget","lan":"Västra Götaland","kommun":"Göteborg","kategori":"Öppna riksintressen 3 kap 9 § andra stycket MB","underkategori":"Riksintresse på land","typ":"Riksintresse"}},{"type":"Feature","geometry":{"type":"Polygon","coordinates":[[[11.98338,57.62565],[11.98438,57.62376],[11.98915,57.62396],[11.98932,57.62256],[11.99,57.6223],[11.99076,57.62249],[11.99086,57.62177],[11.99263,57.62188],[12.01403,57.61611],[12.00874,57.60895],[12.0092,57.60557],[12.00846,57.60289],[12.00893,57.60217],[12.00833,57.60139],[12.00944,57.60087],[12.00432,57.59673],[12.00232,57.59692],[12.0009,57.59623],[11.99924,57.59603],[11.9919,57.59575],[11.99111,57.59582],[11.99199,57.59726],[11.99158,57.59745],[11.98885,57.59581],[11.97762,57.59675],[11.97723,57.59821],[11.97983,57.59764],[11.98027,57.59808],[11.97675,57.6],[11.97581,57.60347],[11.9728,57.6029],[11.97198,57.60373],[11.97122,57.60821],[11.97262,57.60895],[11.9724,57.6099],[11.97417,57.61125],[11.97319,57.61198],[11.97466,57.61242],[11.97365,57.61311],[11.97393,57.61375],[11.97288,57.61438],[11.97294,57.61808],[11.98074,57.6165],[11.97916,57.61844],[11.97931,57.62483],[11.98223,57.62485],[11.98184,57.62591],[11.98309,57.62594],[11.98338,57.62565]]]},"properties":{"objnamn":"Sisjöns skjutfält","lan":"Västra Götaland","kommun":"Göteborg, Mölndal","kategori":"Öppna riksintressen 3 kap 9 § andra stycket MB","underkategori":"Riksintresse på land","typ":"Riksintresse"}},{"type":"Feature","geometry":{"type":"MultiPolygon","coordinates":[[[[11.63175,58.38632],[11.63588,58.3857],[11.63762,58.38465],[11.63957,58.38505],[11.63705,58.38434],[11.63866,58.38408],[11.63951,58.38267],[11.64107,58.3818],[11.63896,58.38083],[11.63637,58.38118],[11.63551,58.38199],[11.63365,58.38122],[11.63251,58.38155],[11.63209,58.38258],[11.63062,58.38311],[11.63093,58.38412],[11.63189,58.38435],[11.63041,58.38624],[11.63175,58.38632]]],[[[11.60724,58.39634],[11.60946,58.39617],[11.61007,58.39544],[11.60801,58.39393],[11.60689,58.39411],[11.60561,58.39516],[11.60724,58.39634]]],[[[11.63214,58.41058],[11.63179,58.41011],[11.6304,58.41036],[11.62983,58.40997],[11.62913,58.4091],[11.62963,58.40853],[11.62916,58.40677],[11.62757,58.40586],[11.62741,58.40512],[11.62584,58.40453],[11.62227,58.40085],[11.62121,58.40214],[11.62605,58.40962],[11.6295,58.41252],[11.6316,58.41221],[11.63257,58.41141],[11.63214,58.41058]]],[[[11.65056,58.41655],[11.65209,58.41614],[11.65433,58.41614],[11.65534,58.41419],[11.65385,58.41365],[11.65516,58.41302],[11.65795,58.41289],[11.65966,58.41364],[11.66178,58.41326],[11.66037,58.41172],[11.66094,58.41088],[11.66586,58.41188],[11.6689,58.41032],[11.67113,58.40987],[11.67223,58.41078],[11.67345,58.411],[11.67494,58.41273],[11.67504,58.41222],[11.67572,58.41295],[11.67827,58.41363],[11.68129,58.41329],[11.67758,58.41023],[11.68112,58.41024],[11.67319,58.39814],[11.66714,58.39902],[11.66162,58.39784],[11.66234,58.39565],[11.66393,58.396],[11.66474,58.39514],[11.66324,58.39393],[11.66429,58.39336],[11.65792,58.39005],[11.6575,58.39068],[11.65329,58.39196],[11.65195,58.39179],[11.6507,58.39078],[11.64888,58.39012],[11.64762,58.39016],[11.64481,58.39215],[11.64314,58.39227],[11.64199,58.39298],[11.64163,58.39388],[11.64065,58.39399],[11.63847,58.39333],[11.63803,58.39256],[11.63892,58.39159],[11.64054,58.39159],[11.641,58.39125],[11.64007,58.39116],[11.63974,58.39072],[11.63761,58.3909],[11.63712,58.39163],[11.6334,58.39209],[11.63305,58.39263],[11.63145,58.39244],[11.62958,58.3932],[11.62947,58.39503],[11.62851,58.39608],[11.62866,58.39864],[11.63049,58.40157],[11.63354,58.40268],[11.63512,58.40281],[11.63723,58.40411],[11.63804,58.40543],[11.64023,58.40631],[11.64066,58.40796],[11.64449,58.40989],[11.64559,58.41254],[11.64702,58.41339],[11.65012,58.41418],[11.65053,58.41513],[11.64885,58.41569],[11.64994,58.41655],[11.65056,58.41655]]]]},"properties":{"objnamn":"Örlogshamn Skredsvik samt övningsfält med skjutbana","lan":"Västra Götaland","kommun":"Uddevalla, Munkedal","kategori":"Öppna riksintressen 3 kap 9 § andra stycket MB","underkategori":"Riksintresse på land","typ":"Riksintresse"}},{"type":"Feature","geometry":{"type":"Polygon","coordinates":[[[13.84988,58.38542],[13.85331,58.385],[13.85211,58.38313],[13.85487,58.38261],[13.85459,58.38112],[13.8525,58.37808],[13.85766,58.37634],[13.85595,58.37574],[13.85593,58.37519],[13.85735,58.3751],[13.86027,58.37674],[13.8603,58.37436],[13.86538,58.37318],[13.86486,58.37276],[13.86872,58.37132],[13.8701,58.37117],[13.86908,58.37036],[13.87028,58.36993],[13.87155,58.37062],[13.87324,58.3696],[13.87253,58.36917],[13.87305,58.36887],[13.8735,58.36916],[13.87556,58.36863],[13.87419,58.36855],[13.87589,58.36683],[13.87607,58.36829],[13.87842,58.36688],[13.88644,58.3689],[13.88766,58.37077],[13.89197,58.36937],[13.89504,58.37189],[13.89783,58.37225],[13.9038,58.37153],[13.90414,58.37056],[13.90931,58.37121],[13.91048,58.37037],[13.91023,58.36901],[13.91068,58.36981],[13.91577,58.37009],[13.91697,58.36898],[13.91586,58.37009],[13.91816,58.37022],[13.91823,58.36985],[13.92316,58.37],[13.92344,58.3692],[13.92578,58.36927],[13.92763,58.36455],[13.93,58.36493],[13.92991,58.36419],[13.93126,58.3637],[13.93061,58.36317],[13.93206,58.36258],[13.92468,58.35975],[13.92575,58.35954],[13.92568,58.35691],[13.92421,58.35673],[13.92461,58.35557],[13.92349,58.35463],[13.92342,58.35271],[13.92196,58.35028],[13.92224,58.34963],[13.92077,58.34874],[13.92138,58.34771],[13.91939,58.34705],[13.91746,58.34563],[13.9173,58.34424],[13.91517,58.3426],[13.91507,58.34152],[13.91356,58.33984],[13.91358,58.33876],[13.91229,58.33703],[13.91456,58.33363],[13.91278,58.32639],[13.91367,58.32619],[13.91679,58.32121],[13.91785,58.31531],[13.9199,58.31355],[13.92118,58.31024],[13.92061,58.31049],[13.92322,58.29503],[13.91793,58.29221],[13.91702,58.28828],[13.91204,58.2811],[13.90649,58.27803],[13.90318,58.27779],[13.89762,58.27573],[13.89548,58.2754],[13.89341,58.27319],[13.89299,58.27196],[13.88668,58.26638],[13.88002,58.26717],[13.87616,58.26594],[13.86636,58.26929],[13.85936,58.26912],[13.85604,58.26997],[13.854,58.26968],[13.85022,58.27101],[13.85537,58.27414],[13.85439,58.28011],[13.85324,58.28032],[13.85431,58.28195],[13.85336,58.28304],[13.85362,58.28363],[13.85259,58.28377],[13.85127,58.28545],[13.8532,58.29058],[13.85658,58.29443],[13.85563,58.29446],[13.85636,58.29493],[13.85671,58.30607],[13.86081,58.31238],[13.86381,58.31345],[13.8691,58.31713],[13.86794,58.31719],[13.86623,58.31827],[13.87029,58.31804],[13.87427,58.31875],[13.87076,58.31859],[13.87303,58.32022],[13.86973,58.32041],[13.87038,58.32228],[13.86736,58.32268],[13.86489,58.32627],[13.86198,58.32811],[13.8557,58.32879],[13.85345,58.33169],[13.85356,58.33346],[13.85479,58.33466],[13.8606,58.33485],[13.86181,58.33439],[13.86614,58.33456],[13.86811,58.33564],[13.85593,58.34332],[13.86034,58.34654],[13.84985,58.34976],[13.85076,58.35016],[13.85307,58.34995],[13.85324,58.349],[13.86254,58.3482],[13.8621,58.35102],[13.85763,58.35221],[13.85655,58.35076],[13.85296,58.35042],[13.85302,58.35013],[13.8503,58.35038],[13.84955,58.34985],[13.84577,58.35039],[13.84085,58.34881],[13.84109,58.34832],[13.84036,58.34783],[13.83619,58.34909],[13.83463,58.3491],[13.83527,58.34912],[13.8353,58.35024],[13.83348,58.35025],[13.83316,58.34964],[13.83188,58.34993],[13.82985,58.34959],[13.82926,58.35167],[13.82941,58.35139],[13.8314,58.3516],[13.83123,58.35295],[13.82817,58.35439],[13.82733,58.35547],[13.82832,58.35705],[13.82803,58.3588],[13.83201,58.36363],[13.83307,58.36368],[13.83323,58.36432],[13.83255,58.36444],[13.83371,58.36627],[13.83636,58.36878],[13.83569,58.36977],[13.83673,58.37163],[13.84549,58.38185],[13.847,58.38185],[13.84686,58.38232],[13.8459,58.38229],[13.84662,58.38313],[13.84816,58.38279],[13.84871,58.38357],[13.8473,58.38377],[13.84897,58.38564],[13.84988,58.38542]]]},"properties":{"objnamn":"Skövde övnings- och skjutfält med skjutbanor","lan":"Västra Götaland","kommun":"Skövde","kategori":"Öppna riksintressen 3 kap 9 § andra stycket MB","underkategori":"Riksintresse på land","typ":"Riksintresse"}},{"type":"Feature","geometry":{"type":"Polygon","coordinates":[[[11.89294,57.77515],[11.88757,57.77605],[11.8912,57.77778],[11.8921,57.77934],[11.89386,57.78014],[11.89474,57.78119],[11.89465,57.78195],[11.8977,57.78392],[11.90196,57.78333],[11.90307,57.78223],[11.89999,57.78098],[11.90298,57.78019],[11.89681,57.77798],[11.89602,57.77418],[11.89294,57.77515]]]},"properties":{"objnamn":"Säve skjutbana","lan":"Västra Götaland","kommun":"Göteborg","kategori":"Öppna riksintressen 3 kap 9 § andra stycket MB","underkategori":"Riksintresse på land","typ":"Riksintresse"}},{"type":"Feature","geometry":{"type":"MultiPolygon","coordinates":[[[[13.21748,56.6635],[13.21591,56.66396],[13.21696,56.66422],[13.21748,56.6635]]],[[[13.26627,56.70196],[13.26704,56.6983],[13.28339,56.70024],[13.27547,56.69518],[13.28674,56.69099],[13.29802,56.68735],[13.29836,56.68762],[13.2985,56.68727],[13.30294,56.68571],[13.30861,56.68554],[13.30998,56.68618],[13.3108,56.68718],[13.31318,56.68791],[13.31609,56.68792],[13.32376,56.68625],[13.32827,56.68769],[13.36414,56.6651],[13.36991,56.65427],[13.3595,56.65197],[13.34296,56.65012],[13.33963,56.6484],[13.331,56.6468],[13.33107,56.64605],[13.32492,56.64545],[13.32606,56.64207],[13.31782,56.64131],[13.32155,56.62998],[13.31419,56.62944],[13.31298,56.63311],[13.29019,56.63433],[13.28892,56.63277],[13.28649,56.63344],[13.28535,56.63287],[13.28464,56.63297],[13.28408,56.63392],[13.28127,56.63505],[13.27033,56.63243],[13.26366,56.62972],[13.25672,56.62835],[13.25256,56.63191],[13.25301,56.63281],[13.24931,56.63222],[13.24703,56.63273],[13.24646,56.63459],[13.22913,56.63495],[13.2151,56.62921],[13.21512,56.63092],[13.22067,56.63533],[13.21568,56.63564],[13.21706,56.63645],[13.21703,56.64455],[13.21539,56.64693],[13.21307,56.64733],[13.21702,56.65536],[13.21376,56.65602],[13.2111,56.65827],[13.21351,56.66039],[13.21279,56.66177],[13.21609,56.66293],[13.21591,56.66368],[13.21742,56.66335],[13.21799,56.66382],[13.21847,56.66344],[13.21999,56.66368],[13.2214,56.66338],[13.22469,56.6647],[13.22705,56.66515],[13.22145,56.66631],[13.22376,56.66744],[13.22472,56.66965],[13.22279,56.67224],[13.2227,56.67383],[13.22483,56.6748],[13.22437,56.67543],[13.22517,56.67623],[13.22335,56.68093],[13.23379,56.68258],[13.23071,56.68885],[13.23708,56.69146],[13.23881,56.697],[13.25462,56.6957],[13.26078,56.70062],[13.26627,56.70196]]]]},"properties":{"objnamn":"Mästocka skjutfält","lan":"Halland","kommun":"Laholm, Halmstad","kategori":"Öppna riksintressen 3 kap 9 § andra stycket MB","underkategori":"Riksintresse på land","typ":"Riksintresse"}},{"type":"Feature","geometry":{"type":"MultiPolygon","coordinates":[[[[12.84874,56.69621],[12.85399,56.69681],[12.85419,56.69651],[12.86132,56.69623],[12.86692,56.69366],[12.86618,56.69141],[12.86376,56.68923],[12.86151,56.6879],[12.8497,56.68694],[12.84257,56.68844],[12.8371,56.68893],[12.83752,56.68831],[12.83872,56.68794],[12.83825,56.68765],[12.84023,56.68558],[12.84232,56.68572],[12.84174,56.68291],[12.83943,56.68282],[12.83927,56.68234],[12.83593,56.68178],[12.83507,56.68176],[12.83468,56.68253],[12.82146,56.68029],[12.82316,56.68133],[12.82113,56.6817],[12.82304,56.69214],[12.82479,56.69727],[12.82786,56.69574],[12.82824,56.69728],[12.8306,56.69709],[12.83076,56.69772],[12.82895,56.69786],[12.82915,56.69853],[12.82815,56.69855],[12.82789,56.69937],[12.8458,56.69611],[12.84585,56.69683],[12.84781,56.6968],[12.8478,56.69569],[12.84872,56.69562],[12.84874,56.69621]]],[[[12.79849,56.74914],[12.80399,56.74635],[12.80821,56.7466],[12.81107,56.74091],[12.82126,56.73948],[12.82211,56.73813],[12.82363,56.73806],[12.82469,56.73728],[12.82441,56.73594],[12.82837,56.73582],[12.82856,56.73523],[12.82793,56.73526],[12.82917,56.73195],[12.82435,56.72966],[12.81996,56.72825],[12.81692,56.72413],[12.81719,56.72331],[12.81614,56.72121],[12.81481,56.72137],[12.81392,56.72208],[12.81315,56.72101],[12.79458,56.7254],[12.77192,56.72525],[12.77377,56.72744],[12.7736,56.72858],[12.77513,56.72962],[12.77681,56.73305],[12.77767,56.73328],[12.77552,56.73753],[12.78003,56.73843],[12.78035,56.73654],[12.78747,56.74061],[12.78655,56.74258],[12.79103,56.74337],[12.79005,56.74609],[12.79849,56.74914]]]]},"properties":{"objnamn":"Nyårsåsens skjutfält och Halmstads övningsfält med skjutbanor","lan":"Halland","kommun":"Halmstad","kategori":"Öppna riksintressen 3 kap 9 § andra stycket MB","underkategori":"Riksintresse på land","typ":"Riksintresse"}},{"type":"Feature","geometry":{"type":"Polygon","coordinates":[[[13.95917,55.43109],[13.96003,55.4331],[13.96058,55.43289],[13.96126,55.4338],[13.95948,55.43445],[13.96097,55.43637],[13.9592,55.43766],[13.95973,55.4387],[13.95887,55.43907],[13.95791,55.43858],[13.95334,55.44183],[13.95241,55.44184],[13.95198,55.44234],[13.9543,55.44204],[13.95421,55.44159],[13.95749,55.4415],[13.95715,55.44076],[13.96069,55.4404],[13.95999,55.44131],[13.96056,55.44251],[13.96375,55.44217],[13.96355,55.4418],[13.97947,55.43895],[13.97814,55.43606],[13.97856,55.43607],[13.97711,55.43537],[13.97839,55.43554],[13.97812,55.43467],[13.98282,55.4342],[13.98204,55.43123],[13.97754,55.43169],[13.97755,55.43054],[13.98082,55.4288],[13.98712,55.42908],[13.98739,55.43142],[13.98868,55.4288],[13.99102,55.42742],[13.99504,55.42632],[14.00109,55.42717],[14.00281,55.42419],[14.00335,55.42196],[13.99469,55.42155],[13.99451,55.42001],[13.99754,55.41791],[13.99751,55.41951],[14.00141,55.41985],[14.00266,55.41634],[14.00527,55.41563],[14.00424,55.41868],[14.00896,55.41757],[14.00648,55.41529],[14.00869,55.41468],[14.00822,55.41428],[14.00984,55.41374],[14.00961,55.41318],[14.01203,55.41266],[14.01282,55.41334],[14.01503,55.4121],[14.01429,55.41153],[14.01501,55.41111],[14.0138,55.41035],[14.01549,55.40944],[14.01751,55.41065],[14.0186,55.40933],[14.01444,55.40612],[14.0188,55.40564],[14.01899,55.40519],[14.01256,55.40239],[13.98709,55.41567],[13.98385,55.4135],[13.98093,55.41502],[13.98429,55.41712],[13.97224,55.4222],[13.95744,55.42702],[13.95917,55.43109]],[[13.97667,55.43628],[13.97685,55.43565],[13.97738,55.43618],[13.97667,55.43628]],[[13.97548,55.43612],[13.97493,55.43618],[13.97472,55.43553],[13.97261,55.43557],[13.9725,55.43521],[13.97554,55.43499],[13.97624,55.43543],[13.97533,55.43552],[13.97548,55.43612]],[[13.976,55.43517],[13.97567,55.43489],[13.97696,55.43478],[13.97683,55.43553],[13.976,55.43517]],[[14.01813,55.40981],[14.01796,55.41005],[14.01763,55.40985],[14.01799,55.40956],[14.01813,55.40981]]]},"properties":{"objnamn":"Kabusa skjutfält","lan":"Skåne","kommun":"Ystad","kategori":"Öppna riksintressen 3 kap 9 § andra stycket MB","underkategori":"Riksintresse på land","typ":"Riksintresse"}},{"type":"Feature","geometry":{"type":"Polygon","coordinates":[[[14.18064,55.76909],[14.18017,55.76606],[14.17864,55.76568],[14.1794,55.76555],[14.17934,55.76496],[14.17799,55.76455],[14.17897,55.76426],[14.18027,55.76457],[14.1809,55.76399],[14.18365,55.76309],[14.18934,55.76371],[14.19116,55.76444],[14.19187,55.76581],[14.19242,55.76578],[14.19203,55.76607],[14.19325,55.76661],[14.19404,55.76605],[14.19497,55.76624],[14.1955,55.76545],[14.19586,55.76585],[14.19753,55.76573],[14.1945,55.75005],[14.194,55.74184],[14.19437,55.73282],[14.1967,55.72436],[14.19466,55.72415],[14.19445,55.72331],[14.19397,55.72424],[14.19205,55.7242],[14.19266,55.72245],[14.19074,55.72266],[14.19027,55.72156],[14.18889,55.72106],[14.18714,55.72177],[14.18643,55.72291],[14.18392,55.72263],[14.18318,55.72213],[14.18477,55.72113],[14.18431,55.72025],[14.18222,55.72014],[14.18228,55.72055],[14.18128,55.72079],[14.179,55.72051],[14.17894,55.72149],[14.17577,55.71989],[14.1743,55.71999],[14.17313,55.71958],[14.1713,55.72013],[14.17042,55.71992],[14.16948,55.7202],[14.16839,55.71942],[14.16643,55.72015],[14.16594,55.71932],[14.16535,55.72005],[14.16348,55.72024],[14.16637,55.72153],[14.16585,55.72395],[14.16478,55.72473],[14.15715,55.72636],[14.15743,55.72674],[14.15696,55.72686],[14.15676,55.72644],[14.1511,55.72675],[14.14921,55.72771],[14.14582,55.72725],[14.14255,55.72788],[14.14244,55.73404],[14.14339,55.7394],[14.14201,55.74087],[14.13817,55.74127],[14.13742,55.74231],[14.13413,55.74406],[14.13424,55.7445],[14.13487,55.74547],[14.13876,55.74792],[14.14076,55.75102],[14.14237,55.75097],[14.1425,55.75208],[14.14085,55.75227],[14.14086,55.75272],[14.1491,55.76476],[14.15454,55.76698],[14.15381,55.7676],[14.15474,55.76775],[14.15484,55.76854],[14.15719,55.76988],[14.15718,55.77029],[14.16537,55.77063],[14.18073,55.76972],[14.18064,55.76909]],[[14.15413,55.76276],[14.15514,55.76314],[14.15801,55.76215],[14.15993,55.76299],[14.1609,55.76277],[14.161,55.76332],[14.15991,55.76371],[14.15935,55.76493],[14.15643,55.76546],[14.15583,55.76604],[14.15407,55.76449],[14.15413,55.76276]]]},"properties":{"objnamn":"Ravlunda skjutfält","lan":"Skåne","kommun":"Simrishamn","kategori":"Öppna riksintressen 3 kap 9 § andra stycket MB","underkategori":"Riksintresse på land","typ":"Riksintresse"}},{"type":"Feature","geometry":{"type":"Polygon","coordinates":[[[14.30493,56.01428],[14.30768,56.01418],[14.30778,56.01376],[14.31018,56.01362],[14.3155,56.01366],[14.31802,56.01407],[14.31829,56.01164],[14.32414,56.0103],[14.31804,55.99914],[14.32814,55.99937],[14.32746,55.99447],[14.32227,55.99405],[14.31841,55.99458],[14.31805,55.99385],[14.31702,55.99412],[14.31558,55.99181],[14.31456,55.992],[14.31222,55.98792],[14.31536,55.98731],[14.31611,55.98625],[14.32773,55.98415],[14.32655,55.98362],[14.32493,55.9808],[14.32986,55.97995],[14.32859,55.97773],[14.32784,55.97266],[14.32857,55.96777],[14.34967,55.96201],[14.34366,55.96078],[14.33606,55.95677],[14.33344,55.95448],[14.32747,55.94676],[14.30899,55.95221],[14.30793,55.9512],[14.3073,55.95141],[14.30837,55.95242],[14.29879,55.96031],[14.29767,55.9603],[14.2978,55.9607],[14.28809,55.96489],[14.2851,55.96708],[14.27967,55.96874],[14.27498,55.98185],[14.2744,55.98463],[14.27923,55.98427],[14.27912,55.98376],[14.28004,55.98371],[14.28018,55.98437],[14.28232,55.98468],[14.28266,55.98926],[14.28165,55.98933],[14.28162,55.98963],[14.28265,55.98961],[14.28278,55.99044],[14.27955,55.99051],[14.2822,55.99248],[14.28265,55.99426],[14.28478,55.99389],[14.28451,55.99661],[14.28351,55.99665],[14.28357,55.99738],[14.28422,55.99762],[14.28359,55.99763],[14.28369,55.99899],[14.28552,56.00602],[14.28638,56.00589],[14.28648,56.00613],[14.2856,56.00624],[14.28718,56.01192],[14.28651,56.01412],[14.29947,56.01522],[14.29946,56.01707],[14.30474,56.01713],[14.30493,56.01428]],[[14.31804,55.98521],[14.31961,55.98495],[14.31999,55.98555],[14.31804,55.98521]]]},"properties":{"objnamn":"Rinkaby skjutfält","lan":"Skåne","kommun":"Kristianstad","kategori":"Öppna riksintressen 3 kap 9 § andra stycket MB","underkategori":"Riksintresse på land","typ":"Riksintresse"}},{"type":"Feature","geometry":{"type":"MultiPolygon","coordinates":[[[[15.49748,56.08891],[15.49769,56.08866],[15.49711,56.08865],[15.49748,56.08891]]],[[[15.49977,56.0884],[15.49858,56.08825],[15.49885,56.0892],[15.50021,56.08868],[15.49977,56.0884]]],[[[15.50155,56.08886],[15.50111,56.0884],[15.50101,56.08939],[15.50155,56.08886]]],[[[15.49906,56.08999],[15.49951,56.08989],[15.4991,56.08969],[15.49906,56.08999]]],[[[15.49505,56.09161],[15.49545,56.09143],[15.49438,56.09123],[15.49454,56.09097],[15.49348,56.09101],[15.49349,56.09136],[15.49505,56.09161]]],[[[15.50961,56.09602],[15.51058,56.09568],[15.51129,56.09449],[15.51249,56.09406],[15.5124,56.09361],[15.51145,56.09342],[15.50971,56.09407],[15.50885,56.09548],[15.50961,56.09602]]],[[[15.59351,56.10272],[15.59433,56.10077],[15.5935,56.10079],[15.59255,56.10186],[15.59247,56.10266],[15.59351,56.10272]]],[[[15.51121,56.10159],[15.51039,56.10216],[15.51029,56.10407],[15.51196,56.1029],[15.51121,56.10159]]],[[[15.59696,56.10493],[15.59548,56.10458],[15.59701,56.10528],[15.59696,56.10493]]],[[[15.5086,56.10701],[15.50871,56.10621],[15.50809,56.10676],[15.5086,56.10701]]],[[[15.59836,56.10573],[15.60038,56.1067],[15.59996,56.10635],[15.60052,56.10597],[15.60382,56.10653],[15.60446,56.10627],[15.60636,56.10644],[15.60549,56.10435],[15.61093,56.10357],[15.61035,56.10246],[15.6128,56.10085],[15.61316,56.10011],[15.61173,56.09837],[15.61233,56.09734],[15.61331,56.09734],[15.61304,56.09661],[15.61156,56.09656],[15.61152,56.09696],[15.61109,56.09661],[15.61114,56.09746],[15.60981,56.09721],[15.60787,56.09754],[15.6059,56.09937],[15.60536,56.09938],[15.60543,56.09905],[15.60402,56.09928],[15.60335,56.10166],[15.6052,56.10169],[15.60567,56.10237],[15.60196,56.1028],[15.6002,56.10184],[15.60159,56.10168],[15.60135,56.10115],[15.59973,56.10154],[15.59766,56.10272],[15.59629,56.10162],[15.59447,56.10187],[15.5942,56.10217],[15.59542,56.10215],[15.5946,56.10252],[15.59808,56.10453],[15.59731,56.10541],[15.59836,56.10573]]],[[[15.58842,56.10936],[15.58787,56.10911],[15.59005,56.10941],[15.58934,56.10908],[15.59116,56.10731],[15.59059,56.10643],[15.58917,56.10617],[15.58952,56.10492],[15.58902,56.10411],[15.58667,56.10526],[15.58629,56.10629],[15.5852,56.10704],[15.58625,56.10923],[15.58739,56.10961],[15.58842,56.10936]]],[[[15.50509,56.09507],[15.50822,56.09509],[15.50787,56.09471],[15.50916,56.09276],[15.50882,56.09297],[15.50803,56.0926],[15.50919,56.0921],[15.50876,56.09183],[15.5078,56.09186],[15.50635,56.09326],[15.50527,56.09297],[15.50556,56.09352],[15.50477,56.09309],[15.50415,56.09527],[15.50281,56.09451],[15.50206,56.09647],[15.50058,56.09799],[15.49705,56.09831],[15.50022,56.09764],[15.50145,56.0964],[15.50185,56.09586],[15.50075,56.09472],[15.50186,56.09323],[15.50167,56.09262],[15.50007,56.09244],[15.50049,56.09204],[15.49891,56.09215],[15.49872,56.09247],[15.49871,56.09211],[15.49747,56.09183],[15.49619,56.0921],[15.49266,56.09169],[15.49332,56.09122],[15.49309,56.09002],[15.49505,56.08986],[15.49164,56.08945],[15.4912,56.08911],[15.4908,56.08954],[15.49123,56.09005],[15.49018,56.09048],[15.48856,56.09029],[15.48821,56.08911],[15.48713,56.08877],[15.48677,56.08933],[15.486,56.08887],[15.48561,56.08952],[15.48462,56.08938],[15.48363,56.09037],[15.48349,56.09186],[15.48436,56.09249],[15.48609,56.09264],[15.4863,56.09308],[15.48561,56.09363],[15.48741,56.09455],[15.48672,56.0946],[15.48725,56.09515],[15.48585,56.0963],[15.486,56.09695],[15.48664,56.09699],[15.48682,56.09617],[15.48779,56.09591],[15.48838,56.09517],[15.49031,56.0961],[15.48958,56.09656],[15.48749,56.09636],[15.48697,56.09704],[15.48735,56.09747],[15.48992,56.09781],[15.49076,56.09757],[15.49114,56.09799],[15.49367,56.09806],[15.49571,56.09863],[15.49548,56.09907],[15.49295,56.09919],[15.49199,56.09976],[15.49179,56.10061],[15.4954,56.10072],[15.4962,56.10103],[15.49504,56.10176],[15.49309,56.1019],[15.49174,56.10292],[15.49072,56.10234],[15.49156,56.10364],[15.49103,56.10474],[15.48872,56.10536],[15.48802,56.10723],[15.48881,56.10803],[15.49091,56.10881],[15.49056,56.1098],[15.49221,56.11048],[15.49337,56.11051],[15.49338,56.11124],[15.49581,56.11036],[15.49606,56.10936],[15.49737,56.10855],[15.49721,56.10736],[15.49785,56.1071],[15.49753,56.10652],[15.49545,56.10593],[15.49365,56.10627],[15.49284,56.10473],[15.49727,56.1048],[15.49599,56.10316],[15.49805,56.10336],[15.49861,56.10375],[15.49822,56.10317],[15.5005,56.10277],[15.50087,56.10197],[15.50215,56.10252],[15.5023,56.1031],[15.50349,56.10245],[15.50392,56.10337],[15.50536,56.10224],[15.50538,56.10041],[15.50792,56.1015],[15.51073,56.09992],[15.51483,56.09882],[15.50828,56.09574],[15.50442,56.09527],[15.50509,56.09507]]]]},"properties":{"objnamn":"Södra Tjurkö och Bollö skjutfält","lan":"Blekinge","kommun":"Karlskrona","kategori":"Öppna riksintressen 3 kap 9 § andra stycket MB","underkategori":"Riksintresse på land","typ":"Riksintresse"}},{"type":"Feature","geometry":{"type":"Polygon","coordinates":[[[14.98581,56.13241],[14.9867,56.13159],[14.98823,56.13219],[14.99064,56.13105],[14.9938,56.12816],[14.99346,56.12742],[14.99127,56.12664],[14.99096,56.12595],[14.98861,56.12615],[14.98653,56.12764],[14.98571,56.12722],[14.98511,56.1276],[14.9862,56.12813],[14.98466,56.12916],[14.98501,56.13073],[14.98714,56.13075],[14.98687,56.13126],[14.98446,56.13137],[14.98506,56.13265],[14.98581,56.13241]]]},"properties":{"objnamn":"Harö skjutfält","lan":"Blekinge","kommun":"Karlshamn","kategori":"Öppna riksintressen 3 kap 9 § andra stycket MB","underkategori":"Riksintresse på land","typ":"Riksintresse"}},{"type":"Feature","geometry":{"type":"MultiPolygon","coordinates":[[[[15.63296,56.14391],[15.63364,56.1438],[15.6339,56.14288],[15.63527,56.14255],[15.63418,56.14153],[15.63214,56.14109],[15.63049,56.14167],[15.63034,56.14328],[15.63196,56.14443],[15.63268,56.14437],[15.63296,56.14391]]],[[[15.67342,56.14608],[15.67351,56.14568],[15.67416,56.14611],[15.67519,56.14575],[15.6743,56.14558],[15.67419,56.14494],[15.67346,56.14549],[15.67292,56.14345],[15.67119,56.14374],[15.66822,56.14268],[15.66746,56.14336],[15.66644,56.14339],[15.66777,56.14437],[15.66881,56.14449],[15.66937,56.14539],[15.67093,56.14537],[15.67244,56.1461],[15.67342,56.14608]]],[[[15.62228,56.15202],[15.62263,56.15103],[15.62157,56.1508],[15.62065,56.15134],[15.62144,56.152],[15.62228,56.15202]]],[[[15.64314,56.15308],[15.64372,56.15262],[15.64244,56.15213],[15.64186,56.15261],[15.6424,56.15358],[15.64314,56.15308]]],[[[15.63936,56.15493],[15.64003,56.1543],[15.64175,56.15379],[15.64142,56.15254],[15.63937,56.15317],[15.63861,56.15462],[15.63936,56.15493]]],[[[15.60272,56.15709],[15.60196,56.16212],[15.60381,56.16212],[15.60272,56.15709]]],[[[15.60272,56.15709],[15.60421,56.15544],[15.60661,56.15426],[15.61148,56.15412],[15.61309,56.15459],[15.61396,56.15532],[15.61092,56.15929],[15.6116,56.16097],[15.6132,56.16206],[15.6138,56.16315],[15.62349,56.1614],[15.6243,56.15986],[15.6148,56.15453],[15.60808,56.15357],[15.60618,56.15254],[15.60546,56.15109],[15.60772,56.14751],[15.60666,56.14574],[15.60326,56.14356],[15.60083,56.14312],[15.59873,56.14333],[15.59517,56.1449],[15.59821,56.14869],[15.59974,56.14973],[15.59281,56.14889],[15.59072,56.14764],[15.59031,56.1464],[15.58907,56.1465],[15.58562,56.14589],[15.5846,56.1441],[15.58584,56.14154],[15.5856,56.13956],[15.58478,56.13863],[15.58225,56.1376],[15.57821,56.13743],[15.57538,56.13853],[15.57056,56.13896],[15.56714,56.14091],[15.56538,56.14142],[15.55895,56.14223],[15.55495,56.14182],[15.55156,56.13879],[15.54854,56.13789],[15.5447,56.13805],[15.5403,56.14013],[15.54021,56.14529],[15.53834,56.14727],[15.54221,56.14893],[15.54636,56.15304],[15.55146,56.15489],[15.5521,56.15545],[15.55297,56.15307],[15.55862,56.15365],[15.56218,56.15363],[15.56284,56.15611],[15.56155,56.15756],[15.56573,56.15789],[15.56504,56.15578],[15.56652,56.15358],[15.57765,56.14906],[15.58058,56.15416],[15.58014,56.15468],[15.58064,56.1572],[15.58164,56.15726],[15.58167,56.15758],[15.58356,56.15756],[15.58374,56.15669],[15.58468,56.15647],[15.58514,56.15726],[15.58672,56.15721],[15.58736,56.15815],[15.59298,56.15781],[15.59342,56.157],[15.60272,56.15709]],[[15.59285,56.15661],[15.59257,56.15619],[15.59346,56.15555],[15.59305,56.15621],[15.59389,56.15613],[15.59458,56.15665],[15.59378,56.15618],[15.593,56.15632],[15.59319,56.15686],[15.59285,56.15661]],[[15.54527,56.14257],[15.54441,56.14234],[15.54542,56.1422],[15.54492,56.14161],[15.54547,56.14099],[15.5455,56.1422],[15.54605,56.14238],[15.54554,56.14314],[15.54527,56.14257]],[[15.61491,56.15823],[15.61462,56.15978],[15.61364,56.1599],[15.61331,56.1581],[15.61433,56.15784],[15.61491,56.15823]],[[15.61576,56.15904],[15.61536,56.15893],[15.61609,56.15865],[15.61663,56.15939],[15.61576,56.15904]]],[[[15.61604,56.16917],[15.6171,56.16802],[15.6177,56.16785],[15.6185,56.16819],[15.61935,56.1675],[15.61641,56.16504],[15.61598,56.16515],[15.61648,56.16565],[15.61493,56.1664],[15.61389,56.16784],[15.61397,56.16911],[15.61551,56.16958],[15.61604,56.16917]]]]},"properties":{"objnamn":"Karlskrona örlogshamn samt Karlskrona inre skärgårds övningsfält","lan":"Blekinge","kommun":"Karlskrona","kategori":"Öppna riksintressen 3 kap 9 § andra stycket MB","underkategori":"Riksintresse på land","typ":"Riksintresse"}},{"type":"Feature","geometry":{"type":"Polygon","coordinates":[[[18.17901,57.54482],[18.1776,57.54642],[18.17186,57.54647],[18.17178,57.54484],[18.17901,57.54482],[18.17886,57.54031],[18.17351,57.53683],[18.17682,57.535],[18.17457,57.53419],[18.16803,57.53773],[18.16677,57.53617],[18.1735,57.53248],[18.17555,57.53366],[18.17853,57.53201],[18.17753,57.53092],[18.17667,57.53077],[18.17374,57.53239],[18.17016,57.53188],[18.16554,57.53464],[18.1643,57.53308],[18.16734,57.53112],[18.16565,57.53068],[18.17066,57.5277],[18.16928,57.52695],[18.17197,57.52582],[18.17291,57.52646],[18.17137,57.52497],[18.17179,57.52488],[18.17094,57.5223],[18.16794,57.52352],[18.16994,57.52514],[18.16765,57.52599],[18.16439,57.52489],[18.16405,57.52412],[18.16567,57.52357],[18.16423,57.52176],[18.16403,57.52038],[18.16025,57.5172],[18.15319,57.51997],[18.15486,57.52117],[18.15062,57.52283],[18.14802,57.51993],[18.13846,57.52262],[18.1365,57.52139],[18.13978,57.51976],[18.14138,57.52075],[18.14436,57.51936],[18.14095,57.51725],[18.13463,57.52025],[18.12158,57.51217],[18.11894,57.51287],[18.11969,57.51389],[18.11323,57.5155],[18.11123,57.51375],[18.10928,57.51377],[18.10878,57.51984],[18.10517,57.52894],[18.10591,57.53457],[18.1121,57.54051],[18.11684,57.54349],[18.12981,57.5538],[18.13879,57.56334],[18.15101,57.57081],[18.15483,57.57255],[18.16352,57.58003],[18.17009,57.58465],[18.17518,57.58609],[18.17725,57.58731],[18.19391,57.58052],[18.19973,57.58174],[18.19995,57.58067],[18.20853,57.57514],[18.20815,57.57249],[18.20583,57.57177],[18.20641,57.57067],[18.20813,57.57121],[18.20825,57.56925],[18.20688,57.56908],[18.20704,57.56833],[18.20784,57.56823],[18.20753,57.5671],[18.20307,57.56094],[18.2024,57.55846],[18.20114,57.55847],[18.2013,57.55741],[18.19603,57.55778],[18.19645,57.55488],[18.20301,57.55434],[18.203,57.55073],[18.20201,57.5488],[18.19369,57.54372],[18.19185,57.54168],[18.18861,57.54655],[18.18695,57.54753],[18.17901,57.54482]],[[18.153,57.52944],[18.14815,57.52385],[18.15019,57.52303],[18.15509,57.52869],[18.15806,57.52752],[18.15967,57.5288],[18.15645,57.52994],[18.153,57.52944]],[[18.14945,57.52678],[18.15029,57.52918],[18.1484,57.52838],[18.14825,57.52699],[18.14945,57.52678]],[[18.12278,57.51536],[18.1197,57.51383],[18.12118,57.5135],[18.12373,57.51449],[18.12278,57.51536]]]},"properties":{"objnamn":"Tofta skjutfält","lan":"Gotland","kommun":"Gotland","kategori":"Öppna riksintressen 3 kap 9 § andra stycket MB","underkategori":"Riksintresse på land","typ":"Riksintresse"}},{"type":"Feature","geometry":{"type":"Polygon","coordinates":[[[14.1462,57.30161],[14.14833,57.30028],[14.15298,57.303],[14.15707,57.30675],[14.16202,57.30521],[14.15435,57.30038],[14.15744,57.29983],[14.15181,57.29739],[14.15019,57.29455],[14.1521,57.29332],[14.14952,57.29265],[14.14928,57.29147],[14.14827,57.29142],[14.14731,57.29203],[14.14384,57.2911],[14.13085,57.28358],[14.13196,57.28281],[14.12971,57.28048],[14.12496,57.27914],[14.1238,57.27986],[14.11402,57.27441],[14.11487,57.27401],[14.11343,57.27232],[14.11493,57.27193],[14.114,57.271],[14.10897,57.27166],[14.10745,57.2725],[14.11766,57.27825],[14.11365,57.28066],[14.11206,57.28251],[14.12127,57.28497],[14.12667,57.28806],[14.12554,57.2881],[14.12567,57.28892],[14.12872,57.28938],[14.12824,57.29081],[14.12729,57.29155],[14.12311,57.29096],[14.12519,57.29238],[14.12636,57.29564],[14.14167,57.30019],[14.14481,57.29812],[14.14815,57.30003],[14.13311,57.30964],[14.13378,57.30959],[14.1462,57.30161]]]},"properties":{"objnamn":"Hagshults flygbas","lan":"Jönköping","kommun":"Värnamo","kategori":"Öppna riksintressen 3 kap 9 § andra stycket MB","underkategori":"Riksintresse på land","typ":"Riksintresse"}},{"type":"Feature","geometry":{"type":"MultiPolygon","coordinates":[[[[15.50168,58.38998],[15.50008,58.38963],[15.49954,58.39032],[15.50114,58.39065],[15.50168,58.38998]]],[[[15.54238,58.39124],[15.54237,58.3928],[15.54236,58.39118],[15.5402,58.38972],[15.5381,58.38854],[15.53364,58.38775],[15.52616,58.38775],[15.52169,58.38688],[15.52161,58.38846],[15.51985,58.3886],[15.51658,58.38286],[15.51855,58.38165],[15.51599,58.38123],[15.51665,58.38068],[15.51273,58.3787],[15.51356,58.37765],[15.51161,58.37823],[15.50958,58.37757],[15.50762,58.37916],[15.51099,58.38452],[15.50885,58.38424],[15.51118,58.38735],[15.50971,58.389],[15.51216,58.39033],[15.50891,58.39311],[15.5087,58.39371],[15.50926,58.39386],[15.50779,58.39378],[15.50701,58.39417],[15.50393,58.39348],[15.50179,58.39516],[15.50699,58.39894],[15.51102,58.40342],[15.50969,58.4043],[15.50854,58.40717],[15.51087,58.40763],[15.51219,58.41022],[15.51106,58.40766],[15.51476,58.40815],[15.51569,58.40984],[15.51484,58.40815],[15.51699,58.40821],[15.51906,58.41129],[15.53125,58.41169],[15.53073,58.41191],[15.53813,58.41013],[15.54829,58.40834],[15.55582,58.40495],[15.55693,58.40388],[15.55898,58.40377],[15.55676,58.40335],[15.55463,58.40222],[15.54375,58.40093],[15.54148,58.40013],[15.53829,58.39974],[15.53924,58.39731],[15.54041,58.39739],[15.54013,58.39798],[15.54258,58.39828],[15.54146,58.39806],[15.5418,58.39732],[15.54318,58.39755],[15.54214,58.39439],[15.54236,58.39464],[15.54716,58.39486],[15.5454,58.39319],[15.54649,58.39278],[15.54576,58.39244],[15.54871,58.39172],[15.54875,58.38724],[15.5431,58.38747],[15.54307,58.38992],[15.54238,58.39124]],[[15.54461,58.38886],[15.54607,58.38946],[15.54493,58.39021],[15.54397,58.38993],[15.54461,58.38886]],[[15.53406,58.3914],[15.5311,58.39495],[15.52855,58.39483],[15.5284,58.39568],[15.52814,58.39533],[15.52696,58.3968],[15.52579,58.39499],[15.52626,58.3944],[15.52769,58.39475],[15.52926,58.39392],[15.52955,58.39197],[15.52646,58.39184],[15.52608,58.39018],[15.53153,58.39073],[15.53283,58.38888],[15.53443,58.38922],[15.53323,58.39123],[15.53406,58.3914]],[[15.54009,58.39616],[15.54044,58.3958],[15.5429,58.39683],[15.54009,58.39616]],[[15.54163,58.39593],[15.54116,58.39426],[15.542,58.39419],[15.54276,58.39639],[15.54163,58.39593]],[[15.5385,58.39465],[15.53816,58.39505],[15.53473,58.39432],[15.53499,58.39356],[15.53692,58.39368],[15.53654,58.39436],[15.5376,58.39449],[15.53685,58.39408],[15.53708,58.39376],[15.53885,58.39422],[15.5385,58.39465]],[[15.54306,58.39735],[15.54183,58.39729],[15.54212,58.397],[15.54306,58.39735]],[[15.54134,58.39804],[15.54086,58.39803],[15.54112,58.39743],[15.54161,58.39746],[15.54134,58.39804]],[[15.5295,58.39763],[15.52829,58.39799],[15.52826,58.39745],[15.5295,58.39763]],[[15.53202,58.39869],[15.53278,58.39796],[15.53344,58.39817],[15.5333,58.39902],[15.53202,58.39869]],[[15.53334,58.39903],[15.53419,58.39829],[15.53596,58.3983],[15.53692,58.39858],[15.53635,58.39899],[15.53845,58.39906],[15.53826,58.39967],[15.53551,58.39958],[15.53334,58.39903]],[[15.55699,58.40355],[15.55676,58.40378],[15.5555,58.40354],[15.55559,58.40328],[15.55699,58.40355]],[[15.55386,58.40568],[15.55292,58.40558],[15.55305,58.40493],[15.55481,58.40503],[15.55386,58.40568]],[[15.51466,58.4055],[15.51621,58.40727],[15.51491,58.40807],[15.51375,58.40658],[15.51423,58.40649],[15.51349,58.40624],[15.51466,58.4055]],[[15.51457,58.40796],[15.51297,58.40797],[15.51228,58.40755],[15.51406,58.40732],[15.51457,58.40796]],[[15.52829,58.4106],[15.52075,58.41046],[15.52069,58.40984],[15.52105,58.4095],[15.52612,58.4095],[15.52967,58.4103],[15.52969,58.41056],[15.52829,58.4106]],[[15.52406,58.41079],[15.52865,58.41079],[15.52867,58.41146],[15.52401,58.41127],[15.52406,58.41079]]],[[[15.52646,58.41283],[15.52991,58.41209],[15.5215,58.41156],[15.52001,58.4124],[15.52043,58.4128],[15.52646,58.41283]]]]},"properties":{"objnamn":"Malmens flottiljflygplats","lan":"Östergötland","kommun":"Linköping","kategori":"Öppna riksintressen 3 kap 9 § andra stycket MB","underkategori":"Riksintresse på land","typ":"Riksintresse"}},{"type":"Feature","geometry":{"type":"Polygon","coordinates":[[[16.95019,59.3672],[16.95088,59.36656],[16.95187,59.36655],[16.95379,59.36721],[16.97273,59.36275],[16.99113,59.35932],[16.99691,59.35731],[16.99994,59.35551],[17.00134,59.35576],[17.00265,59.35383],[17.00512,59.35308],[17.00621,59.35208],[17.00923,59.34779],[17.01192,59.33637],[17.01352,59.33348],[17.0128,59.33317],[17.01087,59.33448],[17.00927,59.33481],[17.00744,59.33328],[17.00758,59.33174],[17.00629,59.3307],[17.00891,59.32922],[17.01244,59.33047],[17.01377,59.33021],[17.01541,59.32905],[17.01316,59.32786],[17.01423,59.32697],[17.00908,59.32113],[17.00241,59.31637],[16.99711,59.31759],[16.99319,59.3164],[16.99072,59.31693],[16.98972,59.31766],[16.98703,59.31724],[16.97661,59.31434],[16.97257,59.31706],[16.96961,59.31779],[16.96688,59.31778],[16.95878,59.3169],[16.95421,59.31427],[16.92014,59.31469],[16.91907,59.31828],[16.92162,59.31958],[16.92954,59.3201],[16.93936,59.32165],[16.92709,59.32802],[16.91487,59.33053],[16.91144,59.33275],[16.90924,59.33534],[16.90498,59.33692],[16.9042,59.34125],[16.90563,59.34202],[16.90503,59.34362],[16.90635,59.34387],[16.90738,59.34578],[16.90574,59.34718],[16.90714,59.34743],[16.90664,59.34809],[16.90524,59.34798],[16.90529,59.34959],[16.90571,59.35061],[16.90734,59.35179],[16.90706,59.3536],[16.90774,59.35586],[16.92643,59.35914],[16.92774,59.35995],[16.92759,59.36315],[16.927,59.36383],[16.93274,59.36676],[16.93904,59.36816],[16.9467,59.36877],[16.95056,59.36799],[16.95019,59.3672]],[[16.99748,59.3395],[16.99763,59.34011],[17.00718,59.33876],[17.00961,59.34133],[17.00806,59.34328],[16.99848,59.34485],[16.99748,59.3395]],[[16.97234,59.3222],[16.97451,59.31949],[16.97827,59.3203],[16.97669,59.32261],[16.97234,59.3222]]]},"properties":{"objnamn":"Härads skjutfält","lan":"Södermanland","kommun":"Strängnäs","kategori":"Öppna riksintressen 3 kap 9 § andra stycket MB","underkategori":"Riksintresse på land","typ":"Riksintresse"}},{"type":"Feature","geometry":{"type":"Polygon","coordinates":[[[17.4236,59.51489],[17.44373,59.51732],[17.45705,59.51716],[17.4818,59.48542],[17.47343,59.47556],[17.4721,59.46726],[17.44848,59.46164],[17.44363,59.46907],[17.44144,59.48446],[17.44498,59.48823],[17.41949,59.49617],[17.41891,59.4958],[17.41591,59.49541],[17.41324,59.49598],[17.4126,59.49663],[17.41049,59.49621],[17.40956,59.49639],[17.40649,59.49906],[17.40479,59.49913],[17.4036,59.50074],[17.40148,59.50092],[17.39898,59.50205],[17.39942,59.50263],[17.39533,59.50361],[17.39507,59.50708],[17.39343,59.50831],[17.39604,59.50907],[17.39411,59.51167],[17.39496,59.51192],[17.39289,59.51371],[17.39492,59.51477],[17.39638,59.51501],[17.39595,59.51563],[17.39828,59.51732],[17.39986,59.52052],[17.41058,59.51839],[17.4236,59.51489]]]},"properties":{"objnamn":"Veckholms skjutfält","lan":"Uppsala","kommun":"Enköping","kategori":"Öppna riksintressen 3 kap 9 § andra stycket MB","underkategori":"Riksintresse på land","typ":"Riksintresse"}},{"type":"Feature","geometry":{"type":"Polygon","coordinates":[[[17.46802,60.54288],[17.46905,60.54231],[17.47255,60.54281],[17.47477,60.54224],[17.47621,60.54039],[17.49991,60.53394],[17.5109,60.53353],[17.51252,60.52827],[17.51512,60.5265],[17.51313,60.52679],[17.50414,60.51864],[17.50125,60.51943],[17.49447,60.51334],[17.49971,60.51273],[17.49943,60.51138],[17.50134,60.51108],[17.5007,60.50939],[17.50245,60.50899],[17.5018,60.5085],[17.50037,60.50855],[17.50008,60.50777],[17.49241,60.50692],[17.48721,60.49665],[17.47675,60.49758],[17.47662,60.49886],[17.44857,60.49035],[17.44503,60.48942],[17.44308,60.48958],[17.44291,60.48917],[17.44225,60.48926],[17.44289,60.48912],[17.43806,60.47788],[17.43527,60.4781],[17.42906,60.46265],[17.4229,60.46158],[17.42774,60.47274],[17.42149,60.47282],[17.42277,60.48147],[17.43038,60.49054],[17.43295,60.48993],[17.43086,60.49114],[17.43327,60.49433],[17.4351,60.50021],[17.43401,60.51845],[17.43939,60.53172],[17.44039,60.53655],[17.43953,60.54065],[17.44081,60.54174],[17.45078,60.54074],[17.45703,60.54798],[17.4578,60.54979],[17.46593,60.549],[17.4651,60.54779],[17.46613,60.54685],[17.46451,60.54484],[17.46802,60.54288]],[[17.49946,60.50883],[17.50045,60.50881],[17.50068,60.50928],[17.49946,60.50883]]]},"properties":{"objnamn":"Marma skjutfält","lan":"Uppsala","kommun":"Älvkarleby, Tierp","kategori":"Öppna riksintressen 3 kap 9 § andra stycket MB","underkategori":"Riksintresse på land","typ":"Riksintresse"}},{"type":"Feature","geometry":{"type":"MultiPolygon","coordinates":[[[[17.12344,59.65123],[17.12327,59.6508],[17.11819,59.6512],[17.12215,59.65357],[17.12516,59.65276],[17.12344,59.65123]]],[[[17.12124,59.70081],[17.12481,59.69604],[17.12634,59.69665],[17.12825,59.69407],[17.13481,59.69026],[17.13258,59.68942],[17.13079,59.6881],[17.13032,59.68535],[17.12822,59.68208],[17.12816,59.681],[17.12683,59.6805],[17.12942,59.67693],[17.12996,59.66583],[17.12754,59.65988],[17.12114,59.65327],[17.11859,59.65167],[17.10526,59.64535],[17.10482,59.64619],[17.10241,59.64705],[17.10087,59.64601],[17.09887,59.64598],[17.09958,59.64649],[17.09352,59.64824],[17.09464,59.65038],[17.09373,59.6506],[17.0948,59.652],[17.09612,59.65171],[17.09711,59.653],[17.09575,59.65323],[17.09844,59.65673],[17.08549,59.65974],[17.08442,59.66019],[17.08457,59.66131],[17.08598,59.66145],[17.08601,59.66091],[17.08849,59.66076],[17.08862,59.66133],[17.088,59.66174],[17.08451,59.66196],[17.08448,59.66248],[17.08697,59.66457],[17.09381,59.66778],[17.09716,59.67077],[17.09607,59.67088],[17.09657,59.67272],[17.0973,59.67294],[17.09713,59.67387],[17.0962,59.67383],[17.09607,59.67684],[17.089,59.67646],[17.09199,59.68334],[17.09553,59.68267],[17.0964,59.68313],[17.09779,59.68298],[17.09813,59.68557],[17.10044,59.68709],[17.10008,59.68862],[17.10435,59.68938],[17.10342,59.69497],[17.10988,59.69782],[17.1112,59.69891],[17.11607,59.69797],[17.11651,59.69926],[17.11589,59.70025],[17.12063,59.70162],[17.12124,59.70081]]],[[[17.13862,59.70275],[17.13562,59.69839],[17.13433,59.69955],[17.13362,59.69957],[17.12847,59.70261],[17.12962,59.7029],[17.12919,59.70337],[17.1315,59.7038],[17.13862,59.70275]]]]},"properties":{"objnamn":"Enköpings övningsfält med skjutbanor","lan":"Uppsala","kommun":"Enköping","kategori":"Öppna riksintressen 3 kap 9 § andra stycket MB","underkategori":"Riksintresse på land","typ":"Riksintresse"}},{"type":"Feature","geometry":{"type":"Polygon","coordinates":[[[17.67291,59.27272],[17.6787,59.27193],[17.6851,59.27181],[17.68845,59.27121],[17.69178,59.27134],[17.69861,59.2702],[17.70754,59.26531],[17.71524,59.26428],[17.7158,59.26484],[17.71761,59.26033],[17.71487,59.26055],[17.71372,59.26161],[17.71221,59.26109],[17.71082,59.26143],[17.7096,59.26064],[17.71032,59.25995],[17.70919,59.25947],[17.70523,59.25983],[17.70314,59.25943],[17.70075,59.26076],[17.69904,59.26045],[17.69861,59.25941],[17.70016,59.25797],[17.69835,59.25691],[17.69907,59.25517],[17.69602,59.2547],[17.69414,59.25484],[17.69275,59.25406],[17.69384,59.25124],[17.69215,59.25112],[17.68653,59.25197],[17.68249,59.25186],[17.67842,59.25281],[17.67715,59.25271],[17.67637,59.25172],[17.67196,59.25248],[17.66891,59.25024],[17.6647,59.25049],[17.66558,59.25134],[17.66122,59.25358],[17.65927,59.25607],[17.65592,59.2538],[17.65426,59.25385],[17.65414,59.25258],[17.64966,59.25328],[17.64872,59.25405],[17.64925,59.2549],[17.64682,59.25856],[17.64881,59.25952],[17.65101,59.2618],[17.64982,59.26272],[17.65175,59.26343],[17.65219,59.26861],[17.65644,59.27072],[17.65957,59.27296],[17.67291,59.27272]]]},"properties":{"objnamn":"Vällinge skjutfält","lan":"Stockholm","kommun":"Salem","kategori":"Öppna riksintressen 3 kap 9 § andra stycket MB","underkategori":"Riksintresse på land","typ":"Riksintresse"}},{"type":"Feature","geometry":{"type":"Polygon","coordinates":[[[17.86491,59.08831],[17.86613,59.08477],[17.86861,59.08485],[17.87053,59.07576],[17.85042,59.06172],[17.84931,59.059],[17.84728,59.05833],[17.84131,59.06244],[17.83922,59.06612],[17.8374,59.06636],[17.83721,59.06714],[17.82599,59.06457],[17.82571,59.06527],[17.82429,59.0655],[17.82221,59.06668],[17.82116,59.06637],[17.81564,59.06735],[17.81145,59.06922],[17.81163,59.07094],[17.81074,59.07214],[17.81323,59.07522],[17.81596,59.07555],[17.81587,59.07809],[17.81898,59.07956],[17.83028,59.08878],[17.84518,59.08616],[17.85215,59.09069],[17.85816,59.09125],[17.86491,59.08831]]]},"properties":{"objnamn":"Grindsjöns skjutfält","lan":"Stockholm","kommun":"Nynäshamn, Botkyrka","kategori":"Öppna riksintressen 3 kap 9 § andra stycket MB","underkategori":"Riksintresse på land","typ":"Riksintresse"}},{"type":"Feature","geometry":{"type":"MultiPolygon","coordinates":[[[[13.72193,61.38154],[13.72156,61.38058],[13.71936,61.38043],[13.71723,61.3804],[13.71737,61.38133],[13.71543,61.38144],[13.71562,61.3788],[13.71674,61.37888],[13.71668,61.37948],[13.71926,61.37979],[13.72293,61.38005],[13.72332,61.37949],[13.72461,61.37031],[13.72448,61.36953],[13.72195,61.3689],[13.71886,61.37556],[13.71252,61.37397],[13.69628,61.38877],[13.69735,61.38893],[13.69519,61.39623],[13.70006,61.3972],[13.72282,61.38479],[13.72124,61.38313],[13.72193,61.38154]]],[[[13.74302,61.64261],[13.75314,61.64158],[13.81606,61.64245],[13.89795,61.63506],[13.97679,61.6214],[14.0461,61.55753],[14.05319,61.53134],[14.00377,61.51954],[13.99603,61.52639],[13.97526,61.52149],[13.97589,61.5191],[13.97893,61.51873],[13.98162,61.51782],[13.98202,61.51732],[13.98051,61.51449],[13.98283,61.5132],[13.98265,61.5107],[13.98458,61.50753],[13.81842,61.46657],[13.83142,61.45427],[13.8271,61.45322],[13.85997,61.42297],[13.85938,61.4228],[13.86982,61.41317],[13.74279,61.38156],[13.74063,61.38401],[13.74092,61.38524],[13.74014,61.38558],[13.74073,61.3866],[13.73987,61.38814],[13.74105,61.39032],[13.74085,61.39245],[13.74189,61.39347],[13.74121,61.39834],[13.74168,61.39898],[13.74088,61.40085],[13.7416,61.40315],[13.74084,61.4032],[13.74079,61.40414],[13.7387,61.40514],[13.73766,61.40651],[13.73675,61.40653],[13.73572,61.40803],[13.73493,61.41128],[13.73393,61.4117],[13.73371,61.41506],[13.73281,61.41649],[13.73169,61.4169],[13.72923,61.42238],[13.73079,61.42821],[13.73456,61.43107],[13.73517,61.4324],[13.73289,61.43228],[13.73252,61.43268],[13.73081,61.43294],[13.73138,61.43427],[13.73034,61.43608],[13.73107,61.43688],[13.72988,61.43743],[13.7293,61.43839],[13.72991,61.43926],[13.72922,61.43994],[13.72992,61.44032],[13.7273,61.44014],[13.72812,61.4413],[13.72955,61.44178],[13.72908,61.44257],[13.72969,61.44299],[13.7283,61.44325],[13.72762,61.44397],[13.72757,61.44541],[13.72893,61.44564],[13.7277,61.44657],[13.72711,61.44966],[13.72592,61.45045],[13.72633,61.45103],[13.72374,61.45251],[13.72299,61.45391],[13.72203,61.45377],[13.71842,61.45573],[13.7164,61.45851],[13.70358,61.46656],[13.69696,61.4731],[13.69586,61.47314],[13.69059,61.47616],[13.68845,61.47851],[13.68514,61.47834],[13.68174,61.47909],[13.67795,61.48184],[13.67512,61.48254],[13.66569,61.4868],[13.66427,61.48683],[13.6644,61.48778],[13.66121,61.49102],[13.6601,61.49149],[13.65938,61.49385],[13.65833,61.49475],[13.6564,61.49524],[13.65631,61.49599],[13.65572,61.4957],[13.65263,61.49736],[13.65212,61.49705],[13.65148,61.49775],[13.6502,61.49767],[13.64806,61.49885],[13.63857,61.49848],[13.63836,61.49778],[13.63967,61.49715],[13.63928,61.49662],[13.63752,61.49597],[13.63433,61.49565],[13.62514,61.49595],[13.61402,61.49746],[13.60689,61.49758],[13.60308,61.4992],[13.5995,61.50001],[13.59651,61.4998],[13.58871,61.50013],[13.58472,61.49848],[13.58162,61.49876],[13.57647,61.50221],[13.57412,61.50275],[13.57135,61.50522],[13.56911,61.50606],[13.56393,61.50661],[13.56338,61.50729],[13.56214,61.50753],[13.56199,61.50831],[13.55991,61.50859],[13.55482,61.51126],[13.55195,61.51345],[13.55197,61.51413],[13.54842,61.5155],[13.54369,61.51668],[13.54006,61.517],[13.53081,61.51722],[13.5195,61.51677],[13.51735,61.51723],[13.50656,61.5213],[13.50141,61.52243],[13.49702,61.52492],[13.49328,61.52601],[13.48571,61.52936],[13.48048,61.52988],[13.47968,61.53047],[13.4797,61.53197],[13.47741,61.53356],[13.46849,61.53767],[13.46404,61.53868],[13.46046,61.53906],[13.45909,61.53973],[13.44818,61.54264],[13.44525,61.54322],[13.44065,61.5434],[13.43771,61.54451],[13.43418,61.54458],[13.4539,61.60944],[13.51138,61.62772],[13.52737,61.63327],[13.59838,61.65633],[13.74302,61.64261]]]]},"properties":{"objnamn":"Älvdalens skjutfält","lan":"Dalarna","kommun":"Älvdalen, Härjedalen","kategori":"Öppna riksintressen 3 kap 9 § andra stycket MB","underkategori":"Riksintresse på land","typ":"Riksintresse"}},{"type":"Feature","geometry":{"type":"Polygon","coordinates":[[[19.18675,59.78705],[19.18708,59.78672],[19.18834,59.78677],[19.18767,59.78619],[19.18862,59.7855],[19.18791,59.78423],[19.18906,59.78486],[19.18948,59.78412],[19.19039,59.7844],[19.19183,59.78418],[19.1922,59.78471],[19.1926,59.78393],[19.1947,59.7844],[19.19887,59.78401],[19.19989,59.78315],[19.19975,59.78181],[19.18068,59.78207],[19.18105,59.78542],[19.182,59.78521],[19.18235,59.78547],[19.18263,59.7851],[19.18321,59.78615],[19.18528,59.78626],[19.18527,59.78677],[19.18675,59.78705]]]},"properties":{"objnamn":"Gisslingö skjutfält","lan":"Stockholm","kommun":"Norrtälje","kategori":"Öppna riksintressen 3 kap 9 § andra stycket MB","underkategori":"Riksintresse på land","typ":"Riksintresse"}},{"type":"Feature","geometry":{"type":"Polygon","coordinates":[[[20.3159,67.78708],[20.33288,67.7853],[20.3437,67.7832],[20.35728,67.78322],[20.36545,67.78193],[20.36978,67.78018],[20.37951,67.7725],[20.38596,67.77067],[20.41305,67.76963],[20.4429,67.76383],[20.45749,67.76267],[20.47425,67.76081],[20.47808,67.76098],[20.5032,67.76387],[20.50943,67.76394],[20.51782,67.76216],[20.52571,67.75997],[20.52954,67.75844],[20.53826,67.75321],[20.54159,67.75223],[20.54641,67.75149],[20.6109,67.7212],[20.62003,67.67981],[20.58162,67.67536],[20.57173,67.67508],[20.56899,67.67294],[20.55724,67.67529],[20.55103,67.67727],[20.54254,67.6776],[20.53827,67.67827],[20.52749,67.68267],[20.5127,67.68751],[20.50447,67.68958],[20.49536,67.69091],[20.47783,67.69197],[20.4746,67.69243],[20.41698,67.7038],[20.38967,67.71489],[20.36079,67.73108],[20.33651,67.73718],[20.31856,67.73697],[20.24081,67.73466],[20.23681,67.75029],[20.23755,67.7511],[20.23695,67.75413],[20.23548,67.75514],[20.23256,67.76728],[20.23709,67.7708],[20.2466,67.78406],[20.24512,67.7885],[20.2466,67.79052],[20.25258,67.79249],[20.28081,67.79558],[20.28562,67.79561],[20.29318,67.79433],[20.30625,67.78839],[20.3159,67.78708]]]},"properties":{"objnamn":"Kalixfors skjutfält","lan":"Norrbotten","kommun":"Kiruna","kategori":"Öppna riksintressen 3 kap 9 § andra stycket MB","underkategori":"Riksintresse på land","typ":"Riksintresse"}},{"type":"Feature","geometry":{"type":"MultiPolygon","coordinates":[[[[18.95527,59.28969],[18.95696,59.28858],[18.95733,59.28963],[18.9583,59.28945],[18.9588,59.28872],[18.9602,59.28894],[18.96218,59.28859],[18.96141,59.28655],[18.96212,59.28642],[18.96168,59.28597],[18.9629,59.2849],[18.96492,59.28484],[18.96731,59.28578],[18.96836,59.28531],[18.97049,59.28545],[18.97123,59.28598],[18.97099,59.28763],[18.97241,59.28775],[18.97195,59.28758],[18.97223,59.28645],[18.97145,59.28675],[18.97179,59.28585],[18.97275,59.286],[18.97203,59.28518],[18.97253,59.28492],[18.97061,59.28427],[18.96842,59.28429],[18.96486,59.28309],[18.9625,59.2836],[18.9598,59.2829],[18.95614,59.28292],[18.95411,59.28189],[18.95251,59.28158],[18.95147,59.28158],[18.95122,59.28195],[18.94972,59.28178],[18.94866,59.28292],[18.94598,59.28172],[18.93944,59.28669],[18.94516,59.28865],[18.94648,59.28701],[18.94765,59.28695],[18.94813,59.28763],[18.94964,59.28813],[18.94941,59.28856],[18.95007,59.28852],[18.95091,59.28916],[18.95341,59.28965],[18.95471,59.289],[18.95527,59.28969]]],[[[18.96583,59.29038],[18.96716,59.2901],[18.96623,59.28805],[18.96483,59.28856],[18.96547,59.28913],[18.96505,59.29039],[18.96583,59.29038]]]]},"properties":{"objnamn":"Korsö skjutfält","lan":"Stockholm","kommun":"Värmdö","kategori":"Öppna riksintressen 3 kap 9 § andra stycket MB","underkategori":"Riksintresse på land","typ":"Riksintresse"}},{"type":"Feature","geometry":{"type":"Polygon","coordinates":[[[15.53059,56.89834],[15.5343,56.89546],[15.53416,56.89484],[15.53604,56.89296],[15.53864,56.89295],[15.54624,56.89056],[15.55619,56.87406],[15.53007,56.85656],[15.52846,56.85359],[15.52824,56.85078],[15.52958,56.84814],[15.51844,56.84008],[15.51433,56.84011],[15.49506,56.83676],[15.48563,56.83663],[15.47861,56.83747],[15.47563,56.83859],[15.47254,56.83749],[15.47078,56.83843],[15.47139,56.83907],[15.46147,56.83978],[15.45555,56.83952],[15.4576,56.8297],[15.45103,56.82999],[15.44966,56.83614],[15.45079,56.83697],[15.44772,56.85116],[15.44639,56.85108],[15.44524,56.85788],[15.44261,56.86316],[15.44682,56.86438],[15.45658,56.86595],[15.45705,56.88008],[15.51928,56.90066],[15.52866,56.90041],[15.53059,56.89834]]]},"properties":{"objnamn":"Kosta skjutfält","lan":"Kronoberg","kommun":"Lessebo, Nybro","kategori":"Öppna riksintressen 3 kap 9 § andra stycket MB","underkategori":"Riksintresse på land","typ":"Riksintresse"}},{"type":"Feature","geometry":{"type":"Polygon","coordinates":[[[12.69913,56.68904],[12.69998,56.68858],[12.70144,56.68937],[12.70243,56.68788],[12.70576,56.68632],[12.70671,56.68639],[12.7075,56.6852],[12.70219,56.68309],[12.70214,56.6811],[12.69129,56.67997],[12.68813,56.67878],[12.68466,56.6789],[12.68036,56.67956],[12.67653,56.68644],[12.67743,56.68801],[12.67924,56.68717],[12.68066,56.68711],[12.68295,56.68779],[12.69125,56.68864],[12.69743,56.69063],[12.69913,56.68904]]]},"properties":{"objnamn":"Ringenäs skjutfält","lan":"Halland","kommun":"Halmstad","kategori":"Öppna riksintressen 3 kap 9 § andra stycket MB","underkategori":"Riksintresse på land","typ":"Riksintresse"}},{"type":"Feature","geometry":{"type":"MultiPolygon","coordinates":[[[[18.81862,60.23609],[18.81912,60.23587],[18.8179,60.236],[18.81862,60.23609]]],[[[18.81762,60.23596],[18.81857,60.23555],[18.81768,60.23528],[18.818,60.23506],[18.81559,60.23552],[18.81526,60.23452],[18.81356,60.23499],[18.81387,60.23574],[18.8153,60.23562],[18.81526,60.23611],[18.81584,60.23577],[18.8161,60.23637],[18.81762,60.23596]]],[[[18.80988,60.24259],[18.8089,60.24266],[18.80927,60.24292],[18.80988,60.24259]]],[[[18.81101,60.24365],[18.81197,60.24324],[18.81153,60.24282],[18.80984,60.24333],[18.81101,60.24365]]],[[[18.80943,60.24469],[18.79705,60.24501],[18.78677,60.25854],[18.81281,60.26281],[18.82834,60.24905],[18.80943,60.24469]]]]},"properties":{"objnamn":"Rotens skjutfält","lan":"Stockholm","kommun":"Norrtälje","kategori":"Öppna riksintressen 3 kap 9 § andra stycket MB","underkategori":"Riksintresse på land","typ":"Riksintresse"}},{"type":"Feature","geometry":{"type":"MultiPolygon","coordinates":[[[[13.4521,55.65994],[13.43763,55.65834],[13.43615,55.65999],[13.45064,55.66177],[13.4521,55.65994]]],[[[13.42514,55.73427],[13.42744,55.73509],[13.42799,55.73325],[13.42861,55.7334],[13.4288,55.73407],[13.43188,55.73419],[13.43375,55.73305],[13.43546,55.73266],[13.43806,55.73583],[13.44624,55.73431],[13.44652,55.73499],[13.45261,55.73396],[13.45052,55.73096],[13.44911,55.73077],[13.44973,55.73014],[13.45324,55.72993],[13.45613,55.73025],[13.45472,55.72878],[13.45414,55.72727],[13.45025,55.72507],[13.45768,55.72361],[13.45779,55.72385],[13.47714,55.72089],[13.47777,55.72226],[13.47923,55.72273],[13.48004,55.72369],[13.48125,55.72275],[13.48526,55.72256],[13.48623,55.72175],[13.4877,55.72327],[13.48916,55.72282],[13.49272,55.7268],[13.48991,55.72298],[13.49245,55.72314],[13.49384,55.72212],[13.49861,55.72165],[13.49885,55.72021],[13.50555,55.71858],[13.50636,55.71679],[13.50519,55.71564],[13.50561,55.71495],[13.507,55.71461],[13.51185,55.71185],[13.51463,55.71177],[13.51485,55.71235],[13.5179,55.71173],[13.51582,55.7112],[13.51701,55.71058],[13.52026,55.70997],[13.52153,55.71006],[13.52184,55.70864],[13.52415,55.70736],[13.52512,55.70612],[13.52956,55.7045],[13.52924,55.70221],[13.53213,55.69598],[13.53131,55.69502],[13.52113,55.69052],[13.50949,55.67991],[13.50668,55.67249],[13.5104,55.66981],[13.51126,55.66866],[13.51178,55.66592],[13.51391,55.66357],[13.51483,55.66139],[13.51552,55.65752],[13.51876,55.65825],[13.51964,55.65694],[13.51599,55.65628],[13.51546,55.65362],[13.51417,55.65281],[13.51971,55.65075],[13.51656,55.64837],[13.51071,55.65084],[13.50235,55.64627],[13.49834,55.6477],[13.49782,55.6472],[13.49511,55.64936],[13.49452,55.65092],[13.49356,55.65074],[13.4924,55.65247],[13.49343,55.65274],[13.49295,55.65332],[13.49197,55.6531],[13.48903,55.65717],[13.48465,55.65489],[13.48373,55.65583],[13.46552,55.64703],[13.45907,55.6476],[13.46553,55.65155],[13.46245,55.65257],[13.46402,55.65838],[13.45381,55.66761],[13.43827,55.66524],[13.4381,55.67001],[13.42923,55.67051],[13.42566,55.67448],[13.43314,55.67331],[13.43303,55.67555],[13.43172,55.67562],[13.43167,55.67714],[13.42762,55.67717],[13.42664,55.67747],[13.42425,55.67736],[13.42408,55.67682],[13.42185,55.67725],[13.42172,55.67789],[13.42216,55.67789],[13.42225,55.67852],[13.42366,55.67858],[13.42395,55.6811],[13.42627,55.68128],[13.42663,55.68085],[13.42779,55.68071],[13.42784,55.68216],[13.42392,55.68181],[13.42418,55.68496],[13.4189,55.68859],[13.41828,55.68853],[13.41696,55.69015],[13.41269,55.68999],[13.4118,55.69332],[13.41187,55.69943],[13.41325,55.70158],[13.40401,55.70375],[13.40424,55.70459],[13.40337,55.70386],[13.40045,55.70424],[13.40061,55.70461],[13.39992,55.7043],[13.39812,55.70453],[13.39765,55.70498],[13.39387,55.70501],[13.39249,55.70526],[13.39277,55.70565],[13.38979,55.70607],[13.39179,55.7076],[13.39585,55.71364],[13.39832,55.71318],[13.39808,55.7127],[13.40005,55.71266],[13.4001,55.71008],[13.40228,55.7099],[13.40309,55.71038],[13.40647,55.71564],[13.41453,55.72295],[13.41969,55.72189],[13.42064,55.72336],[13.42631,55.72413],[13.42784,55.72652],[13.42616,55.72653],[13.42595,55.72621],[13.42259,55.72641],[13.42313,55.72726],[13.42789,55.72684],[13.43108,55.7319],[13.42869,55.73256],[13.42204,55.73278],[13.42284,55.73544],[13.42514,55.73427]]],[[[13.41593,55.73947],[13.41508,55.73873],[13.4154,55.73845],[13.41632,55.73845],[13.4169,55.73952],[13.41742,55.73899],[13.41895,55.739],[13.41933,55.73851],[13.41901,55.73754],[13.41782,55.73734],[13.41871,55.73686],[13.41695,55.73315],[13.40876,55.73411],[13.41208,55.73963],[13.41279,55.73938],[13.41284,55.74013],[13.41593,55.73947]]]]},"properties":{"objnamn":"Revingeheds övningsfält med skjutbana","lan":"Skåne","kommun":"Lund, Eslöv","kategori":"Öppna riksintressen 3 kap 9 § andra stycket MB","underkategori":"Riksintresse på land","typ":"Riksintresse"}},{"type":"Feature","geometry":{"type":"Polygon","coordinates":[[[15.84906,56.08676],[15.85084,56.08561],[15.85115,56.08505],[15.85042,56.0847],[15.85123,56.08465],[15.85061,56.08406],[15.85172,56.08405],[15.85204,56.08366],[15.85092,56.0835],[15.84945,56.08248],[15.84999,56.08142],[15.85087,56.08122],[15.85007,56.08072],[15.85119,56.08015],[15.85035,56.07983],[15.85143,56.07971],[15.85155,56.0793],[15.85075,56.07922],[15.85252,56.07896],[15.85125,56.07873],[15.85231,56.07723],[15.85149,56.07702],[15.8504,56.07744],[15.85054,56.07647],[15.85132,56.07611],[15.85074,56.07537],[15.85022,56.07524],[15.84942,56.07592],[15.84924,56.07566],[15.84791,56.07576],[15.84915,56.07432],[15.84816,56.07353],[15.84668,56.07353],[15.84462,56.07484],[15.84384,56.07486],[15.84339,56.07561],[15.84224,56.07584],[15.84135,56.07522],[15.84003,56.07525],[15.84008,56.07463],[15.83922,56.0741],[15.83936,56.07336],[15.83894,56.07339],[15.84028,56.07245],[15.83821,56.07281],[15.83708,56.07226],[15.83819,56.07292],[15.83816,56.07514],[15.83944,56.07546],[15.83866,56.07557],[15.8378,56.07517],[15.83757,56.07598],[15.83657,56.07647],[15.83688,56.07694],[15.83858,56.07724],[15.83938,56.07817],[15.83857,56.07864],[15.83889,56.08096],[15.83797,56.08207],[15.8382,56.08341],[15.83717,56.08356],[15.83675,56.08437],[15.84725,56.08497],[15.84906,56.08676]]]},"properties":{"objnamn":"Torhamns skjutfält","lan":"Blekinge","kommun":"Karlskrona","kategori":"Öppna riksintressen 3 kap 9 § andra stycket MB","underkategori":"Riksintresse på land","typ":"Riksintresse"}},{"type":"Feature","geometry":{"type":"MultiPolygon","coordinates":[[[[21.54425,65.79162],[21.55209,65.78556],[21.54113,65.78299],[21.54042,65.7835],[21.49754,65.7715],[21.48998,65.77733],[21.50248,65.77979],[21.49879,65.78285],[21.5429,65.79266],[21.54425,65.79162]]],[[[21.80263,65.77524],[21.80606,65.77124],[21.81282,65.7721],[21.81398,65.77073],[21.78371,65.76719],[21.77665,65.76714],[21.76289,65.77684],[21.7756,65.77794],[21.76113,65.78486],[21.77091,65.78623],[21.77578,65.78391],[21.77282,65.78371],[21.7731,65.78254],[21.78281,65.78296],[21.78288,65.78264],[21.77894,65.7824],[21.794,65.77519],[21.80183,65.77618],[21.80263,65.77524]]],[[[21.66789,65.81839],[21.66686,65.81789],[21.66539,65.81847],[21.66662,65.81833],[21.66732,65.81865],[21.66789,65.81839]]],[[[21.67427,65.8141],[21.67346,65.81194],[21.67211,65.81185],[21.67201,65.81248],[21.66732,65.81222],[21.65759,65.81468],[21.65437,65.81306],[21.65155,65.81489],[21.65458,65.81585],[21.65781,65.81478],[21.65897,65.81536],[21.65607,65.81642],[21.66265,65.81895],[21.67432,65.81505],[21.67427,65.8141]],[[21.66929,65.8134],[21.66919,65.8126],[21.67084,65.8125],[21.67042,65.81336],[21.66929,65.8134]]],[[[21.63941,65.8202],[21.64581,65.81746],[21.64606,65.81713],[21.64427,65.81636],[21.64483,65.81595],[21.64777,65.81604],[21.64933,65.8154],[21.64981,65.81442],[21.65272,65.81249],[21.65827,65.81112],[21.65555,65.80929],[21.65623,65.80861],[21.64661,65.80651],[21.64861,65.80536],[21.65283,65.80607],[21.65549,65.8041],[21.65669,65.8042],[21.65701,65.803],[21.65972,65.80104],[21.662,65.80155],[21.66292,65.80104],[21.66355,65.80115],[21.66303,65.80178],[21.66601,65.80246],[21.66653,65.80059],[21.6725,65.79803],[21.67406,65.79656],[21.68335,65.79429],[21.67951,65.79344],[21.68005,65.7904],[21.6778,65.78905],[21.68385,65.78761],[21.6834,65.78666],[21.68095,65.78626],[21.68127,65.78594],[21.68286,65.78595],[21.6825,65.78372],[21.68344,65.78387],[21.68438,65.78328],[21.68364,65.78289],[21.6848,65.7831],[21.68527,65.78279],[21.6854,65.77696],[21.68337,65.77549],[21.6839,65.77385],[21.67723,65.77318],[21.67682,65.7716],[21.66488,65.77088],[21.66792,65.7667],[21.66734,65.76491],[21.66893,65.76258],[21.67108,65.763],[21.67259,65.76249],[21.67487,65.76275],[21.6784,65.75962],[21.68153,65.75554],[21.67511,65.75422],[21.6726,65.75427],[21.64371,65.74888],[21.64365,65.74627],[21.6403,65.74492],[21.63868,65.7455],[21.61597,65.74114],[21.62008,65.73696],[21.61331,65.73569],[21.60169,65.73589],[21.59222,65.73331],[21.58769,65.7351],[21.58393,65.7338],[21.58298,65.73231],[21.58278,65.73187],[21.58507,65.73108],[21.58528,65.73026],[21.5611,65.71924],[21.55923,65.71858],[21.53974,65.71474],[21.53944,65.71448],[21.54279,65.71362],[21.54444,65.71237],[21.52368,65.70068],[21.52008,65.7007],[21.52042,65.69994],[21.52455,65.69956],[21.52814,65.69975],[21.5304,65.69917],[21.51387,65.68832],[21.54352,65.66542],[21.49437,65.65437],[21.49331,65.65536],[21.49166,65.65542],[21.49041,65.65678],[21.48755,65.65746],[21.48614,65.65912],[21.48697,65.66047],[21.48511,65.6619],[21.4794,65.66438],[21.47701,65.66599],[21.47488,65.66618],[21.47429,65.66718],[21.47185,65.66831],[21.4702,65.67132],[21.46824,65.67281],[21.468,65.67379],[21.4711,65.67712],[21.47257,65.67761],[21.47764,65.67685],[21.47935,65.67821],[21.47897,65.67911],[21.47285,65.68344],[21.46992,65.68488],[21.46771,65.68505],[21.46677,65.68437],[21.4669,65.68352],[21.46847,65.68238],[21.47078,65.68165],[21.469,65.681],[21.467,65.68216],[21.46459,65.68193],[21.46245,65.68222],[21.4612,65.68109],[21.46104,65.67987],[21.46035,65.6798],[21.45568,65.68183],[21.45382,65.68194],[21.45187,65.68307],[21.44668,65.68425],[21.4453,65.68452],[21.44281,65.68403],[21.43923,65.68452],[21.436,65.68556],[21.43493,65.68565],[21.43432,65.68524],[21.43352,65.68562],[21.43231,65.68524],[21.43251,65.68463],[21.43037,65.68348],[21.43076,65.6831],[21.42422,65.67726],[21.42471,65.67674],[21.4091,65.67451],[21.41202,65.66397],[21.3968,65.66838],[21.39143,65.6689],[21.38449,65.66833],[21.38364,65.66815],[21.38218,65.66627],[21.35484,65.65761],[21.32534,65.64943],[21.30271,65.6434],[21.30178,65.64343],[21.27756,65.6588],[21.26289,65.67241],[21.25463,65.67876],[21.25302,65.67934],[21.25811,65.68216],[21.27097,65.68795],[21.27966,65.69002],[21.29185,65.69429],[21.25996,65.71008],[21.26462,65.7184],[21.27441,65.72858],[21.27909,65.73643],[21.28315,65.74022],[21.29507,65.74814],[21.30189,65.75582],[21.30732,65.75973],[21.31917,65.7607],[21.33215,65.75904],[21.33956,65.75883],[21.34389,65.75771],[21.34916,65.75699],[21.35029,65.75617],[21.34929,65.75524],[21.36225,65.75393],[21.36769,65.75226],[21.38006,65.74599],[21.38591,65.74366],[21.39683,65.73744],[21.40363,65.73465],[21.39677,65.7332],[21.42094,65.72224],[21.42923,65.72503],[21.45098,65.72623],[21.46643,65.73271],[21.45863,65.73596],[21.4648,65.73914],[21.456,65.7431],[21.47953,65.75273],[21.48607,65.74934],[21.48591,65.74753],[21.49328,65.74383],[21.49759,65.74505],[21.50542,65.74524],[21.50653,65.74558],[21.50791,65.74715],[21.51088,65.74779],[21.50983,65.74956],[21.50334,65.75254],[21.50586,65.75372],[21.51026,65.75533],[21.51516,65.75343],[21.52212,65.75457],[21.52449,65.75608],[21.52589,65.75884],[21.5282,65.7602],[21.5316,65.76121],[21.54076,65.76254],[21.5429,65.76353],[21.54685,65.76881],[21.55843,65.77484],[21.58232,65.78055],[21.57616,65.78519],[21.59714,65.79017],[21.59708,65.79106],[21.59187,65.79489],[21.59885,65.7967],[21.58953,65.80052],[21.59421,65.80193],[21.60516,65.8097],[21.6076,65.80989],[21.60705,65.81056],[21.60766,65.81138],[21.61,65.81277],[21.61379,65.81447],[21.61491,65.8143],[21.6164,65.81489],[21.62573,65.81405],[21.63,65.81439],[21.63269,65.81501],[21.62954,65.81495],[21.63037,65.8153],[21.6287,65.8156],[21.62818,65.81763],[21.63221,65.81816],[21.63615,65.82038],[21.63941,65.8202]]],[[[21.63563,65.82683],[21.63934,65.82623],[21.64056,65.82678],[21.66175,65.82277],[21.65719,65.82113],[21.65012,65.82385],[21.6533,65.82375],[21.64838,65.82473],[21.64772,65.82428],[21.65183,65.82316],[21.65513,65.82179],[21.64912,65.82377],[21.6615,65.81927],[21.65285,65.81563],[21.64634,65.81913],[21.64514,65.82096],[21.64331,65.82145],[21.63742,65.8217],[21.63207,65.82141],[21.63236,65.82106],[21.63033,65.82006],[21.62912,65.82012],[21.62779,65.82086],[21.62746,65.8213],[21.62995,65.82225],[21.62715,65.82139],[21.6271,65.82177],[21.62928,65.82249],[21.63074,65.82379],[21.6296,65.82485],[21.62592,65.82651],[21.6301,65.82719],[21.63563,65.82683]]],[[[21.858,65.818],[21.85955,65.81703],[21.86067,65.81741],[21.86689,65.81421],[21.86525,65.81402],[21.8662,65.81353],[21.8641,65.81243],[21.85116,65.81089],[21.84889,65.81237],[21.84587,65.81192],[21.84427,65.81292],[21.858,65.818]]],[[[21.31961,65.83259],[21.33113,65.82035],[21.32143,65.81847],[21.34428,65.80314],[21.37722,65.78777],[21.46277,65.76871],[21.44079,65.75142],[21.41954,65.76121],[21.42071,65.76464],[21.40934,65.7653],[21.40457,65.76772],[21.4024,65.7677],[21.39962,65.77118],[21.40166,65.77394],[21.39976,65.77452],[21.39545,65.77452],[21.39344,65.77366],[21.39149,65.77338],[21.38951,65.77257],[21.38941,65.76999],[21.38757,65.77004],[21.38278,65.76784],[21.38377,65.76755],[21.38445,65.76373],[21.38041,65.76124],[21.38181,65.75996],[21.37867,65.75932],[21.373,65.75945],[21.36749,65.76025],[21.36614,65.76079],[21.36271,65.76069],[21.3608,65.76112],[21.35788,65.76097],[21.35239,65.76144],[21.34879,65.76253],[21.34529,65.76247],[21.34377,65.76208],[21.33596,65.76256],[21.32621,65.76382],[21.32475,65.7639],[21.32439,65.76355],[21.32054,65.76396],[21.3224,65.77033],[21.26365,65.78215],[21.29039,65.80241],[21.26307,65.81666],[21.26614,65.82408],[21.26943,65.82954],[21.27669,65.83547],[21.28177,65.83812],[21.31517,65.8459],[21.32351,65.84633],[21.3313,65.84551],[21.33681,65.83666],[21.31961,65.83259]]],[[[21.47273,65.8473],[21.47546,65.84555],[21.47667,65.84539],[21.47727,65.845],[21.47656,65.84484],[21.47872,65.84345],[21.47693,65.84307],[21.4771,65.84203],[21.48042,65.83889],[21.48541,65.83833],[21.4879,65.83726],[21.48926,65.83762],[21.50354,65.83208],[21.50028,65.83106],[21.49365,65.83218],[21.47565,65.83364],[21.47296,65.83585],[21.4695,65.8372],[21.4588,65.83924],[21.45235,65.83787],[21.44789,65.84157],[21.43984,65.84295],[21.41741,65.84527],[21.41478,65.84274],[21.40918,65.84344],[21.40595,65.84212],[21.40334,65.84372],[21.40714,65.84829],[21.41796,65.84718],[21.41941,65.8486],[21.42073,65.84707],[21.42039,65.84652],[21.43183,65.84796],[21.44028,65.84553],[21.44734,65.84445],[21.45129,65.84654],[21.45768,65.84444],[21.46605,65.84518],[21.46806,65.84631],[21.47273,65.8473]]],[[[21.80462,65.84885],[21.80645,65.84822],[21.80715,65.84859],[21.81349,65.84651],[21.81451,65.84718],[21.82089,65.84621],[21.82289,65.84432],[21.81564,65.84045],[21.79841,65.84585],[21.76977,65.84131],[21.76911,65.8438],[21.79435,65.84736],[21.78503,65.85003],[21.78099,65.85212],[21.78589,65.85477],[21.79251,65.85341],[21.79192,65.85294],[21.80521,65.8492],[21.80462,65.84885]]],[[[21.65603,65.87985],[21.6623,65.87709],[21.65511,65.87703],[21.65273,65.87786],[21.64926,65.87738],[21.64557,65.87593],[21.64616,65.87543],[21.65035,65.87645],[21.6511,65.87655],[21.65152,65.87617],[21.65142,65.8766],[21.65371,65.87674],[21.65362,65.87609],[21.64705,65.87469],[21.64914,65.87409],[21.64931,65.87356],[21.64847,65.87344],[21.64878,65.87299],[21.64681,65.87274],[21.6467,65.87182],[21.64927,65.86527],[21.6541,65.86513],[21.65289,65.86689],[21.65535,65.86766],[21.65703,65.8661],[21.65463,65.86567],[21.6581,65.86332],[21.65703,65.863],[21.65948,65.86292],[21.66209,65.86159],[21.66404,65.85708],[21.66711,65.85453],[21.67094,65.84946],[21.67117,65.84803],[21.67303,65.8472],[21.67019,65.84725],[21.66475,65.84831],[21.67031,65.8471],[21.66967,65.84669],[21.67519,65.84454],[21.68139,65.84475],[21.67876,65.84438],[21.67803,65.84385],[21.6789,65.84358],[21.67917,65.84149],[21.67659,65.84168],[21.67528,65.84138],[21.67259,65.83719],[21.66989,65.83756],[21.66984,65.83729],[21.66188,65.83756],[21.6616,65.83698],[21.67277,65.83652],[21.67326,65.83505],[21.66844,65.8323],[21.66619,65.83227],[21.66444,65.83092],[21.66181,65.82711],[21.66204,65.82623],[21.65993,65.8254],[21.65728,65.82598],[21.65812,65.82755],[21.65652,65.83126],[21.65154,65.83142],[21.65044,65.8313],[21.64989,65.83057],[21.64941,65.82763],[21.65226,65.82707],[21.6504,65.82511],[21.63625,65.82815],[21.62918,65.83017],[21.62895,65.8299],[21.63532,65.82775],[21.62493,65.82696],[21.62305,65.82944],[21.61417,65.83311],[21.61225,65.83474],[21.61652,65.83727],[21.61474,65.83698],[21.61408,65.83735],[21.61551,65.83711],[21.61833,65.83834],[21.61722,65.83843],[21.61795,65.8394],[21.6113,65.83995],[21.61205,65.84395],[21.60144,65.84364],[21.60042,65.84439],[21.6012,65.8444],[21.60054,65.8458],[21.60159,65.84704],[21.60155,65.84889],[21.61285,65.84896],[21.6141,65.85654],[21.60765,65.85677],[21.60369,65.85765],[21.60389,65.85852],[21.61459,65.85926],[21.61843,65.88044],[21.64306,65.88119],[21.64343,65.88033],[21.65474,65.87975],[21.65503,65.88074],[21.65603,65.87985]]],[[[21.65107,65.88401],[21.65106,65.8821],[21.65336,65.88205],[21.65332,65.8818],[21.64274,65.88194],[21.61778,65.88306],[21.6153,65.88459],[21.61885,65.88558],[21.62184,65.88375],[21.62996,65.88333],[21.64455,65.88694],[21.64913,65.88536],[21.64981,65.88436],[21.65107,65.88401]]],[[[21.4548,65.93241],[21.47239,65.92453],[21.47291,65.92502],[21.47203,65.92528],[21.47173,65.92654],[21.47407,65.92759],[21.47625,65.92786],[21.47812,65.92685],[21.47685,65.92521],[21.47744,65.92467],[21.48399,65.9231],[21.48998,65.92299],[21.49908,65.92521],[21.50225,65.92474],[21.51606,65.92406],[21.54167,65.92359],[21.54361,65.92418],[21.55072,65.92339],[21.55625,65.92324],[21.55553,65.92126],[21.57117,65.91161],[21.56172,65.909],[21.57003,65.90385],[21.55471,65.9051],[21.53641,65.87952],[21.49677,65.88429],[21.49512,65.88405],[21.48128,65.88568],[21.46797,65.88664],[21.4469,65.88096],[21.44558,65.88129],[21.44443,65.88256],[21.43578,65.87963],[21.40601,65.89091],[21.42056,65.89543],[21.41314,65.89946],[21.40891,65.89827],[21.38599,65.90781],[21.39096,65.90917],[21.39652,65.9096],[21.39705,65.91111],[21.39619,65.91309],[21.3979,65.91417],[21.40008,65.91443],[21.40652,65.91709],[21.401,65.9203],[21.4096,65.92284],[21.40872,65.92372],[21.42429,65.92718],[21.43716,65.94033],[21.4548,65.93241]]]]},"properties":{"objnamn":"Bodenområdet","lan":"Norrbotten","kommun":"Boden, Älvsbyn, Luleå, Piteå","kategori":"Öppna riksintressen 3 kap 9 § andra stycket MB","underkategori":"Riksintresse på land","typ":"Riksintresse"}},{"type":"Feature","geometry":{"type":"MultiPolygon","coordinates":[[[[17.76712,59.59295],[17.77244,59.5919],[17.76776,59.58992],[17.7743,59.58551],[17.7761,59.58504],[17.77788,59.58288],[17.78142,59.58285],[17.78558,59.5812],[17.78836,59.57823],[17.78877,59.57682],[17.79018,59.5754],[17.79097,59.57553],[17.79038,59.57415],[17.79149,59.57244],[17.79054,59.57174],[17.79073,59.5706],[17.79014,59.57006],[17.78854,59.57014],[17.78816,59.5693],[17.78658,59.5692],[17.78639,59.56878],[17.79013,59.56698],[17.79219,59.56673],[17.7938,59.56584],[17.79506,59.56579],[17.79666,59.56627],[17.79769,59.56599],[17.80235,59.56157],[17.80166,59.55801],[17.79974,59.55673],[17.80062,59.5562],[17.80187,59.5562],[17.80349,59.55563],[17.80461,59.5515],[17.80382,59.55053],[17.80356,59.54744],[17.80054,59.54703],[17.80076,59.54573],[17.80299,59.5459],[17.80336,59.54558],[17.80119,59.54312],[17.80157,59.54148],[17.8004,59.5389],[17.80091,59.5386],[17.80274,59.53934],[17.80378,59.53936],[17.80297,59.53825],[17.80136,59.53779],[17.8021,59.5366],[17.80262,59.5369],[17.80393,59.53673],[17.80278,59.53631],[17.80319,59.53599],[17.802,59.53521],[17.80223,59.53463],[17.80316,59.53456],[17.8026,59.53418],[17.80248,59.53146],[17.80462,59.52981],[17.80612,59.52982],[17.80592,59.52932],[17.80661,59.5289],[17.81122,59.52739],[17.81384,59.52589],[17.81408,59.52494],[17.81627,59.52289],[17.81618,59.52163],[17.81525,59.52081],[17.81232,59.52004],[17.81133,59.5163],[17.80515,59.51201],[17.80334,59.51353],[17.8022,59.51718],[17.80053,59.51775],[17.79905,59.51949],[17.79735,59.51939],[17.79523,59.51706],[17.79274,59.51533],[17.79243,59.51103],[17.79105,59.50841],[17.75885,59.51312],[17.75763,59.51682],[17.72811,59.51967],[17.72471,59.52127],[17.71436,59.52187],[17.70959,59.52875],[17.71177,59.53109],[17.69267,59.53896],[17.68641,59.53904],[17.68554,59.54561],[17.68888,59.55038],[17.69677,59.54984],[17.7039,59.55363],[17.7091,59.55416],[17.71006,59.55384],[17.71613,59.55854],[17.71451,59.55875],[17.7145,59.55941],[17.71383,59.55896],[17.71248,59.55961],[17.70918,59.5584],[17.70602,59.55616],[17.70302,59.55679],[17.69991,59.55365],[17.69982,59.55265],[17.69852,59.55211],[17.69771,59.55333],[17.69861,59.55532],[17.69789,59.55549],[17.69739,59.5549],[17.69624,59.55246],[17.69524,59.55274],[17.69473,59.55391],[17.69299,59.55422],[17.69013,59.55602],[17.68832,59.55617],[17.68908,59.5577],[17.67742,59.56423],[17.68648,59.56858],[17.68624,59.57068],[17.68434,59.57183],[17.68363,59.57301],[17.68609,59.57404],[17.68892,59.57849],[17.69261,59.5814],[17.68844,59.58256],[17.68891,59.5829],[17.68724,59.58411],[17.68809,59.58444],[17.68652,59.58463],[17.68425,59.58594],[17.68179,59.58591],[17.67796,59.58812],[17.67636,59.5898],[17.68399,59.59047],[17.68567,59.59242],[17.68582,59.59445],[17.69096,59.59388],[17.69196,59.59603],[17.69598,59.59786],[17.70021,59.59785],[17.70143,59.60051],[17.70629,59.60654],[17.72224,59.60485],[17.73194,59.60015],[17.75636,59.59637],[17.76712,59.59295]]],[[[17.83289,59.60854],[17.83388,59.60745],[17.83582,59.60783],[17.83774,59.6057],[17.837,59.60413],[17.8561,59.60413],[17.85718,59.6034],[17.86579,59.60345],[17.86651,59.60281],[17.86686,59.59967],[17.86568,59.5977],[17.86555,59.59531],[17.8693,59.59467],[17.87053,59.59381],[17.87004,59.59317],[17.86885,59.59307],[17.86914,59.59248],[17.86857,59.59341],[17.86656,59.59228],[17.86701,59.59047],[17.85912,59.58927],[17.85919,59.58733],[17.86051,59.58648],[17.86412,59.5871],[17.86587,59.58529],[17.86568,59.583],[17.86634,59.58096],[17.8618,59.57988],[17.85999,59.57887],[17.85335,59.5777],[17.85284,59.5781],[17.85392,59.57839],[17.85385,59.57883],[17.85243,59.57841],[17.85066,59.58034],[17.84668,59.58156],[17.84056,59.58037],[17.83056,59.57924],[17.82364,59.57931],[17.82058,59.57836],[17.8195,59.57928],[17.81955,59.58154],[17.81885,59.58269],[17.8169,59.58289],[17.81549,59.58349],[17.8153,59.58485],[17.80994,59.58686],[17.80961,59.58754],[17.80824,59.58803],[17.80829,59.58923],[17.80684,59.58894],[17.80572,59.59015],[17.81161,59.59437],[17.81364,59.59777],[17.81217,59.60034],[17.81312,59.60281],[17.81553,59.60389],[17.82019,59.6042],[17.8223,59.60471],[17.82701,59.60707],[17.83289,59.60854]],[[17.85666,59.60203],[17.85527,59.60188],[17.85627,59.6018],[17.85669,59.60228],[17.85666,59.60203]],[[17.85792,59.58993],[17.8579,59.58959],[17.85913,59.58969],[17.85792,59.58993]],[[17.85624,59.58969],[17.85627,59.58996],[17.85535,59.58997],[17.85551,59.5896],[17.85624,59.58969]]]]},"properties":{"objnamn":"Kungsängens övnings- och skjutfält/Rosersbergs övningsfält","lan":"Stockholm","kommun":"Upplands Bro, Sigtuna","kategori":"Öppna riksintressen 3 kap 9 § andra stycket MB","underkategori":"Riksintresse på land","typ":"Riksintresse"}},{"type":"Feature","geometry":{"type":"Polygon","coordinates":[[[20.33701,63.84781],[20.32877,63.84815],[20.32922,63.85007],[20.33435,63.85274],[20.34206,63.85266],[20.34295,63.85222],[20.34171,63.84899],[20.33911,63.84881],[20.33701,63.84781]]]},"properties":{"objnamn":"FOI:s CBRN-anläggning","lan":"Västerbotten","kommun":"Umeå","kategori":"Öppna riksintressen 3 kap 9 § andra stycket MB","underkategori":"Riksintresse på land","typ":"Riksintresse"}},{"type":"Feature","geometry":{"type":"Polygon","coordinates":[[[15.58989,58.2402],[15.57221,58.2412],[15.5681,58.24392],[15.5724,58.24518],[15.56643,58.24897],[15.5668,58.2509],[15.57008,58.25063],[15.57132,58.25177],[15.57115,58.25219],[15.57234,58.25291],[15.57435,58.25335],[15.58176,58.25407],[15.58661,58.25404],[15.58605,58.2506],[15.59131,58.24493],[15.59238,58.24269],[15.58913,58.24177],[15.58989,58.2402]],[[15.58107,58.25296],[15.58205,58.25298],[15.58118,58.25324],[15.58107,58.25296]]]},"properties":{"objnamn":"Mätplats Lilla Gåra","lan":"Östergötland","kommun":"Linköping","kategori":"Öppna riksintressen 3 kap 9 § andra stycket MB","underkategori":"Riksintresse på land","typ":"Riksintresse"}},{"type":"Feature","geometry":{"type":"Polygon","coordinates":[[[13.64804,55.6381],[13.63762,55.63886],[13.6367,55.63896],[13.63655,55.6393],[13.6359,55.63932],[13.63573,55.63897],[13.63008,55.63938],[13.62974,55.63967],[13.6208,55.63999],[13.62146,55.64215],[13.61787,55.64233],[13.61825,55.64322],[13.61643,55.64349],[13.61501,55.6401],[13.6137,55.64018],[13.6152,55.64367],[13.61025,55.64438],[13.61168,55.65018],[13.6088,55.65053],[13.6043,55.65262],[13.6131,55.659],[13.6145,55.65811],[13.62053,55.65671],[13.63357,55.65643],[13.63288,55.65535],[13.63419,55.65556],[13.63595,55.65308],[13.65264,55.63866],[13.65291,55.6377],[13.64804,55.6381]]]},"properties":{"objnamn":"Björka övningsfält","lan":"Skåne","kommun":"Sjöbo","kategori":"Öppna riksintressen 3 kap 9 § andra stycket MB","underkategori":"Riksintresse på land","typ":"Riksintresse"}},{"type":"Feature","geometry":{"type":"Polygon","coordinates":[[[18.82853,68.34632],[18.83467,68.34542],[18.83432,68.34483],[18.82799,68.34574],[18.82853,68.34632]]]},"properties":{"objnamn":"Abisko flygplats","lan":"Norrbotten","kommun":"Kiruna","kategori":"Öppna riksintressen 3 kap 9 § andra stycket MB","underkategori":"Riksintresse på land","typ":"Riksintresse"}},{"type":"Feature","geometry":{"type":"MultiPolygon","coordinates":[[[[18.23071,59.02592],[18.23171,59.02503],[18.22918,59.02364],[18.22802,59.02365],[18.2256,59.02496],[18.23071,59.02592]]],[[[18.1981,59.03728],[18.19429,59.0354],[18.18823,59.03541],[18.18823,59.03596],[18.18506,59.03606],[18.18446,59.04005],[18.18985,59.04062],[18.19002,59.0396],[18.193,59.03942],[18.1981,59.03728]]],[[[18.21632,59.04209],[18.21298,59.04255],[18.21065,59.04359],[18.2098,59.04465],[18.20994,59.04611],[18.20897,59.0472],[18.20928,59.04885],[18.21018,59.04966],[18.21196,59.05061],[18.21378,59.05095],[18.21702,59.05087],[18.2201,59.04996],[18.22145,59.04892],[18.22326,59.04618],[18.22325,59.04535],[18.22186,59.04369],[18.21883,59.04247],[18.21632,59.04209]]],[[[18.20355,59.0538],[18.20354,59.05165],[18.2012,59.05009],[18.20411,59.04801],[18.20414,59.04599],[18.2015,59.04409],[18.19783,59.0434],[18.19279,59.04384],[18.19397,59.04477],[18.18503,59.04885],[18.18248,59.04923],[18.18026,59.05292],[18.1843,59.05407],[18.18793,59.05411],[18.18973,59.05565],[18.19407,59.05648],[18.19715,59.05613],[18.20355,59.0538]]],[[[18.21105,59.07261],[18.21143,59.07228],[18.21621,59.07189],[18.21808,59.06858],[18.216,59.06825],[18.20747,59.06023],[18.19396,59.06088],[18.18862,59.06313],[18.18782,59.06493],[18.18862,59.06634],[18.18743,59.06688],[18.18465,59.06639],[18.1817,59.06656],[18.17904,59.06373],[18.18122,59.06232],[18.18134,59.06177],[18.181,59.06036],[18.17957,59.05894],[18.17855,59.05839],[18.1758,59.05792],[18.17389,59.05625],[18.16193,59.0517],[18.16517,59.04971],[18.16674,59.0462],[18.1712,59.0457],[18.17365,59.04461],[18.17685,59.03985],[18.17491,59.03503],[18.17289,59.03403],[18.17285,59.03347],[18.17135,59.03241],[18.16882,59.03283],[18.16382,59.03231],[18.15371,59.033],[18.14537,59.03074],[18.13772,59.03046],[18.12606,59.03749],[18.09556,59.04252],[18.09403,59.04342],[18.09639,59.05022],[18.09965,59.05168],[18.09114,59.05984],[18.0916,59.05996],[18.09105,59.06053],[18.09039,59.06057],[18.09172,59.0607],[18.09137,59.06126],[18.08984,59.0611],[18.08908,59.06187],[18.08609,59.0618],[18.07706,59.06303],[18.07598,59.06852],[18.07244,59.06928],[18.07249,59.07023],[18.07103,59.07152],[18.07274,59.07192],[18.07747,59.07421],[18.08022,59.07684],[18.08607,59.07847],[18.09069,59.07892],[18.09256,59.08009],[18.10072,59.08239],[18.10606,59.08514],[18.11033,59.08254],[18.1175,59.0848],[18.11837,59.08535],[18.11844,59.08645],[18.1208,59.0869],[18.12143,59.08637],[18.12613,59.08741],[18.12889,59.08876],[18.13191,59.089],[18.13319,59.0885],[18.13539,59.08921],[18.13831,59.08953],[18.14102,59.08941],[18.1457,59.08556],[18.151,59.08437],[18.15253,59.08116],[18.15441,59.08126],[18.15451,59.08063],[18.17907,59.07337],[18.17914,59.07575],[18.2085,59.08898],[18.21105,59.07261]],[[18.09124,59.06056],[18.09185,59.06004],[18.09551,59.06033],[18.09499,59.06095],[18.09124,59.06056]]]]},"properties":{"objnamn":"Berga skjutfält och hamn","lan":"Stockholm","kommun":"Haninge","kategori":"Öppna riksintressen 3 kap 9 § andra stycket MB","underkategori":"Riksintresse på land","typ":"Riksintresse"}},{"type":"Feature","geometry":{"type":"MultiPolygon","coordinates":[[[[18.02083,59.00885],[18.0181,59.00791],[18.01529,59.0099],[18.01541,59.01156],[18.01457,59.01183],[18.0158,59.01403],[18.01809,59.01394],[18.02506,59.01242],[18.02443,59.01134],[18.02083,59.00885]]],[[[18.06808,59.01228],[18.07062,59.01179],[18.07882,59.01418],[18.09438,59.01176],[18.09318,59.00538],[18.0971,59.00471],[18.09603,58.99803],[18.10429,58.99822],[18.10328,58.99665],[18.1059,58.99713],[18.10705,58.99826],[18.10703,58.99745],[18.11045,58.99766],[18.11276,58.99889],[18.11196,58.99945],[18.11429,59.0006],[18.12201,58.99376],[18.12071,58.99337],[18.12139,58.99275],[18.11787,58.99146],[18.11766,58.98954],[18.11602,58.98941],[18.11632,58.98906],[18.11764,58.98904],[18.1177,58.98829],[18.11624,58.98842],[18.11637,58.98787],[18.11775,58.98805],[18.11866,58.98655],[18.12022,58.98629],[18.12071,58.98531],[18.12026,58.98366],[18.11926,58.98333],[18.11918,58.98141],[18.11826,58.98053],[18.11885,58.97976],[18.11873,58.97774],[18.12046,58.97632],[18.1296,58.98079],[18.13897,58.98165],[18.14397,58.9808],[18.14994,58.9827],[18.1519,58.98517],[18.15389,58.99046],[18.15193,58.99533],[18.15596,58.99867],[18.15491,58.9996],[18.15845,59.00046],[18.15902,59.0022],[18.16051,59.00259],[18.16343,59.00323],[18.17173,59.00123],[18.17268,59.00308],[18.17515,59.00407],[18.18,59.00369],[18.17896,59.00477],[18.1768,59.00572],[18.17836,59.00616],[18.18036,59.00564],[18.19389,59.01052],[18.19145,59.00896],[18.19039,59.0064],[18.1942,59.00771],[18.20145,59.00755],[18.20156,59.00656],[18.20061,59.00621],[18.20001,59.00403],[18.201,59.00183],[18.19977,59.00087],[18.19922,59.00094],[18.19907,59.00007],[18.2064,58.99741],[18.20511,58.99463],[18.19834,58.98981],[18.19809,58.98676],[18.2,58.98484],[18.19939,58.98289],[18.19709,58.98114],[18.1942,58.97982],[18.1928,58.97739],[18.19099,58.97616],[18.18366,58.97474],[18.16954,58.97499],[18.16844,58.97045],[18.16219,58.97063],[18.15545,58.96915],[18.1471,58.9663],[18.14258,58.96559],[18.14063,58.96424],[18.14137,58.96254],[18.1411,58.9614],[18.13864,58.95987],[18.13535,58.95892],[18.1201,58.95654],[18.11812,58.95503],[18.12063,58.95238],[18.11848,58.95026],[18.11408,58.94904],[18.1076,58.9493],[18.10114,58.94675],[18.0927,58.94472],[18.09041,58.94288],[18.09234,58.94108],[18.09167,58.93755],[18.0897,58.9362],[18.08581,58.93531],[18.08298,58.93567],[18.07908,58.93733],[18.07787,58.9386],[18.07828,58.94032],[18.07657,58.94089],[18.07692,58.94338],[18.08796,58.9461],[18.08965,58.94775],[18.08952,58.95],[18.07807,58.94944],[18.08114,58.9547],[18.09255,58.95118],[18.09711,58.96601],[18.09051,58.97166],[18.08112,58.97358],[18.07952,58.97301],[18.07823,58.97327],[18.07526,58.97486],[18.07316,58.97517],[18.06598,58.97004],[18.05836,58.96936],[18.05833,58.96904],[18.0561,58.96835],[18.05437,58.96887],[18.0502,58.96605],[18.04904,58.96416],[18.04459,58.96508],[18.04282,58.96169],[18.04074,58.96073],[18.03968,58.96093],[18.03892,58.96174],[18.0384,58.96354],[18.03991,58.96557],[18.0427,58.96708],[18.04408,58.96854],[18.04376,58.97009],[18.04539,58.97162],[18.0455,58.97439],[18.04729,58.97834],[18.04987,58.9814],[18.05149,58.9825],[18.04911,58.98538],[18.03628,58.98015],[18.0345,58.97695],[18.03546,58.97674],[18.03596,58.97588],[18.03758,58.97654],[18.03881,58.97565],[18.03838,58.97363],[18.03885,58.97282],[18.03551,58.96809],[18.03452,58.96765],[18.0348,58.96714],[18.03271,58.9656],[18.03195,58.96609],[18.03113,58.96569],[18.0277,58.96885],[18.02865,58.9701],[18.0229,58.97325],[18.01976,58.9734],[18.01442,58.96793],[18.01062,58.97147],[18.00607,58.97358],[18.00429,58.97303],[17.99842,58.97604],[18.00246,58.97852],[18.00498,58.98463],[18.00798,58.98847],[18.01344,58.99169],[18.02147,58.99445],[18.02793,58.99785],[18.03385,59.00216],[18.05416,59.02254],[18.06511,59.01286],[18.06808,59.01228]]]]},"properties":{"objnamn":"Muskö örlogshamn m.m.","lan":"Stockholm","kommun":"Haninge","kategori":"Öppna riksintressen 3 kap 9 § andra stycket MB","underkategori":"Riksintresse på land","typ":"Riksintresse"}},{"type":"Feature","geometry":{"type":"Polygon","coordinates":[[[19.64665,58.40833],[20.36666,58.34999],[20.14166,57.68666],[19.42499,57.76833],[19.64665,58.40833]]]},"properties":{"objnamn":"Sankt Olof","lan":"Gotland","kommun":"Gotland","kategori":"Öppna riksintressen 3 kap 9 § andra stycket MB","underkategori":"Riksintresse i havet (sjöövningsområde)","typ":"Riksintresse"}},{"type":"Feature","geometry":{"type":"Polygon","coordinates":[[[18.04194,59.00111],[18.02583,59.00333],[18.01833,59.00278],[18.01778,59.00917],[18.03167,59.01611],[18.03917,59.0175],[18.05667,59.01778],[18.04417,59.00444],[18.04194,59.00111]]]},"properties":{"objnamn":"Ådfjärden","lan":"Stockholm","kommun":"Haninge, Nynäshamn","kategori":"Öppna riksintressen 3 kap 9 § andra stycket MB","underkategori":"Riksintresse i havet (sjöövningsområde)","typ":"Riksintresse"}},{"type":"Feature","geometry":{"type":"Polygon","coordinates":[[[11.46938,57.75811],[11.44819,57.79842],[11.49959,57.80612],[11.52073,57.7658],[11.46938,57.75811]]]},"properties":{"objnamn":"Stora Pölsan","lan":"Västra Götaland","kommun":"Öckerö, Kungälv","kategori":"Öppna riksintressen 3 kap 9 § andra stycket MB","underkategori":"Riksintresse i havet (sjöövningsområde)","typ":"Riksintresse"}},{"type":"Feature","geometry":{"type":"Polygon","coordinates":[[[11.61333,58.39667],[11.61833,58.39667],[11.61833,58.39444],[11.61333,58.39444],[11.61333,58.39667]]]},"properties":{"objnamn":"Björkholmen","lan":"Västra Götaland","kommun":"Munkedal, Uddevalla","kategori":"Öppna riksintressen 3 kap 9 § andra stycket MB","underkategori":"Riksintresse i havet (sjöövningsområde)","typ":"Riksintresse"}},{"type":"Feature","geometry":{"type":"Polygon","coordinates":[[[18.3218,58.97631],[18.12416,58.95896],[18.13182,58.96923],[18.31833,58.98593],[18.3218,58.97631]]]},"properties":{"objnamn":"Ballricken","lan":"Stockholm","kommun":"Haninge","kategori":"Öppna riksintressen 3 kap 9 § andra stycket MB","underkategori":"Riksintresse i havet (sjöövningsområde)","typ":"Riksintresse"}},{"type":"Feature","geometry":{"type":"Polygon","coordinates":[[[19.02199,58.9018],[19.32612,58.72404],[18.09159,58.30325],[17.96799,58.49489],[17.87966,58.63404],[17.59303,58.73236],[17.5597,58.79068],[17.57636,58.86567],[17.68468,58.91567],[17.86799,58.86568],[17.95964,58.87123],[18.48456,59.01566],[19.02199,58.9018]]]},"properties":{"objnamn":"Nåttarö","lan":"Stockholm","kommun":"Värmdö, Haninge, Södertälje, Nynäshamn, Trosa","kategori":"Öppna riksintressen 3 kap 9 § andra stycket MB","underkategori":"Riksintresse i havet (sjöövningsområde)","typ":"Riksintresse"}},{"type":"Feature","geometry":{"type":"Polygon","coordinates":[[[17.66332,58.28297],[17.49668,58.28297],[17.49667,58.36629],[17.66332,58.36629],[17.66332,58.28297]]]},"properties":{"objnamn":"Sandsänkan","lan":"Östergötland","kommun":"Valdemarsvik, Söderköping","kategori":"Öppna riksintressen 3 kap 9 § andra stycket MB","underkategori":"Riksintresse i havet (sjöövningsområde)","typ":"Riksintresse"}},{"type":"Feature","geometry":{"type":"Polygon","coordinates":[[[17.0968,56.3332],[16.59686,56.3332],[17.23008,57.33308],[17.71335,57.33309],[17.0968,56.3332]]]},"properties":{"objnamn":"Martin","lan":"Kalmar","kommun":"Mörbylånga, Borgholm, Gotland","kategori":"Öppna riksintressen 3 kap 9 § andra stycket MB","underkategori":"Riksintresse i havet (sjöövningsområde)","typ":"Riksintresse"}},{"type":"Feature","geometry":{"type":"Polygon","coordinates":[[[19.01315,57.94969],[18.74652,57.94969],[18.74651,58.04968],[19.0798,58.06634],[19.01315,57.94969]]]},"properties":{"objnamn":"Fårö","lan":"Gotland","kommun":"Gotland","kategori":"Öppna riksintressen 3 kap 9 § andra stycket MB","underkategori":"Riksintresse i havet (sjöövningsområde)","typ":"Riksintresse"}},{"type":"Feature","geometry":{"type":"MultiPolygon","coordinates":[[[[15.78559,56.0635],[15.78559,55.94962],[15.66061,55.89963],[15.66062,55.66633],[15.16068,55.66632],[14.66075,55.66632],[14.66074,55.83296],[14.811,55.96934],[14.96903,56.10793],[15.07735,56.11627],[15.39397,56.071],[15.47729,56.11627],[15.50534,56.19154],[15.80531,56.16654],[15.78559,56.0635]]],[[[15.78559,55.94962],[15.78559,56.0635],[16.04361,56.24959],[16.49355,56.16627],[16.49355,56.08295],[15.78559,55.83297],[15.78559,55.94962]]]]},"properties":{"objnamn":"Hanö/Torhamn","lan":"Blekinge","kommun":"Karlskrona, Ronneby, Karlshamn, Sölvesborg, Mörbylånga","kategori":"Öppna riksintressen 3 kap 9 § andra stycket MB","underkategori":"Riksintresse i havet (sjöövningsområde)","typ":"Riksintresse"}},{"type":"Feature","geometry":{"type":"Polygon","coordinates":[[[11.77804,57.58246],[11.695,57.4658],[11.47836,57.48247],[11.47836,57.64911],[11.72805,57.64911],[11.77804,57.58246]]]},"properties":{"objnamn":"Känsö","lan":"Västra Götaland","kommun":"Kungsbacka, Öckerö, Göteborg","kategori":"Öppna riksintressen 3 kap 9 § andra stycket MB","underkategori":"Riksintresse i havet (sjöövningsområde)","typ":"Riksintresse"}},{"type":"Feature","geometry":{"type":"Polygon","coordinates":[[[11.37003,58.17405],[11.31171,57.89908],[11.01175,57.89908],[10.57848,58.41568],[10.70346,58.41568],[11.19506,58.41568],[11.37003,58.17405]]]},"properties":{"objnamn":"Skagen","lan":"Västra Götaland","kommun":"Tjörn, Orust, Sotenäs, Lysekil","kategori":"Öppna riksintressen 3 kap 9 § andra stycket MB","underkategori":"Riksintresse i havet (sjöövningsområde)","typ":"Riksintresse"}},{"type":"Feature","geometry":{"type":"Polygon","coordinates":[[[19.00111,62.40222],[18.75028,62.36667],[18.26694,62.38361],[17.83333,62.4],[17.9675,62.55139],[18.185,62.76833],[18.46889,62.85],[18.86861,63.05194],[19.3675,63.03556],[19.33261,63.01679],[19.00111,62.40222]]]},"properties":{"objnamn":"Härnöns skjutfält","lan":"Västernorrland","kommun":"Timrå, Härnösand, Kramfors, Örnsköldsvik","kategori":"Öppna riksintressen 3 kap 9 § andra stycket MB","underkategori":"Riksintresse i havet (sjöövningsområde)","typ":"Riksintresse"}},{"type":"Feature","geometry":{"type":"Polygon","coordinates":[[[17.11667,58.23333],[17.51944,58.23333],[17.51667,57.48333],[16.89722,57.48333],[16.88333,57.83333],[17.11667,58.23333]]]},"properties":{"objnamn":"Urban","lan":"Kalmar","kommun":"Valdemarsvik, Oskarshamn, Västervik, Borgholm","kategori":"Öppna riksintressen 3 kap 9 § andra stycket MB","underkategori":"Riksintresse i havet (sjöövningsområde)","typ":"Riksintresse"}},{"type":"Feature","geometry":{"type":"Polygon","coordinates":[[[18.20627,59.00122],[18.20591,58.99554],[18.19834,58.98981],[18.198,58.98714],[18.2,58.98484],[18.19956,58.98315],[18.19709,58.98114],[18.1942,58.97982],[18.19201,58.9768],[18.18952,58.9757],[18.18366,58.97475],[18.16954,58.975],[18.15389,58.99046],[18.15193,58.99533],[18.15595,58.99869],[18.15491,58.9996],[18.15845,59.00046],[18.15902,59.0022],[18.15999,59.00245],[18.1586,59.00377],[18.16502,59.00683],[18.175,59.01296],[18.17733,59.01342],[18.17803,59.01306],[18.17806,59.01348],[18.18134,59.01303],[18.18646,59.01363],[18.18707,59.01504],[18.19071,59.01619],[18.19525,59.01525],[18.19637,59.01445],[18.19836,59.01473],[18.19995,59.01553],[18.2038,59.01557],[18.20429,59.01518],[18.20322,59.01452],[18.19905,59.01391],[18.19673,59.01223],[18.1996,59.01233],[18.19849,59.00983],[18.20488,59.00872],[18.20627,59.00122]]]},"properties":{"objnamn":"Bjurshaga (Älvsnabben)","lan":"Stockholm","kommun":"Haninge","kategori":"Öppna riksintressen 3 kap 9 § andra stycket MB","underkategori":"Riksintresse i havet (sjöövningsområde)","typ":"Riksintresse"}},{"type":"Feature","geometry":{"type":"Polygon","coordinates":[[[16.14871,58.59938],[16.15552,58.59896],[16.16203,58.59785],[16.16799,58.59608],[16.17316,58.59374],[16.17734,58.5909],[16.18011,58.58802],[16.18198,58.58458],[16.18251,58.58102],[16.18182,58.57782],[16.17978,58.5744],[16.17649,58.57126],[16.17208,58.56853],[16.16671,58.56631],[16.16061,58.56468],[16.15469,58.56379],[16.14788,58.56346],[16.14174,58.56377],[16.13518,58.56478],[16.12912,58.56645],[16.12382,58.56871],[16.11948,58.57148],[16.11628,58.57464],[16.11433,58.57807],[16.11373,58.58163],[16.11436,58.58483],[16.11632,58.58826],[16.11955,58.59142],[16.12391,58.59418],[16.12923,58.59643],[16.1353,58.59809],[16.14188,58.59908],[16.14871,58.59938]]]},"properties":{"objnamn":"Väderradar Norrköping","lan":"Östergötland","kommun":"Norrköping","kategori":"Påverkansområden","underkategori":"Påverkansområde väderradar","typ":"Påverkansområde"}},{"type":"Feature","geometry":{"type":"Polygon","coordinates":[[[17.61832,60.05952],[17.66489,60.05799],[17.70768,60.05548],[17.75017,60.05194],[17.79226,60.04736],[17.83729,60.04126],[17.87822,60.03459],[17.91845,60.02692],[17.95787,60.01829],[17.9964,60.00871],[18.03395,59.99821],[18.07341,59.98581],[18.10862,59.97346],[18.14258,59.96027],[18.17786,59.94507],[18.20897,59.93023],[18.23859,59.91465],[18.26666,59.89837],[18.29525,59.87999],[18.3199,59.86237],[18.3428,59.84418],[18.3656,59.82386],[18.38474,59.8046],[18.402,59.7849],[18.41734,59.7648],[18.43074,59.74436],[18.44303,59.72186],[18.45229,59.70084],[18.45954,59.67962],[18.46509,59.65646],[18.4681,59.63498],[18.46907,59.61345],[18.468,59.59192],[18.46454,59.56865],[18.45925,59.54728],[18.45125,59.52431],[18.4418,59.50331],[18.42936,59.48086],[18.41587,59.46044],[18.40048,59.44038],[18.38325,59.42071],[18.3642,59.40149],[18.34339,59.38275],[18.31891,59.36304],[18.29459,59.34544],[18.26867,59.32846],[18.24121,59.31212],[18.2098,59.2952],[18.17934,59.28033],[18.14755,59.26622],[18.1145,59.25289],[18.07736,59.23938],[18.04192,59.22779],[18.00547,59.21708],[17.96492,59.20649],[17.9266,59.19767],[17.88752,59.18979],[17.84777,59.18288],[17.80743,59.17693],[17.76659,59.17197],[17.7219,59.16773],[17.68031,59.16486],[17.63503,59.1629],[17.5931,59.16215],[17.55115,59.16242],[17.50579,59.16387],[17.4641,59.16626],[17.42267,59.16966],[17.38159,59.17407],[17.34096,59.17947],[17.30087,59.18585],[17.25814,59.19386],[17.21945,59.20224],[17.18157,59.21155],[17.14458,59.22177],[17.10856,59.23288],[17.07075,59.24589],[17.03702,59.25877],[17.00452,59.27245],[16.97331,59.28691],[16.94104,59.30341],[16.91275,59.31938],[16.88597,59.33602],[16.86075,59.35329],[16.83527,59.37267],[16.81177,59.39269],[16.79189,59.4117],[16.77238,59.43282],[16.75628,59.45274],[16.74205,59.47303],[16.72975,59.49365],[16.71938,59.51454],[16.71038,59.53743],[16.70415,59.55874],[16.69968,59.58197],[16.69767,59.60349],[16.69769,59.62503],[16.69976,59.64655],[16.7043,59.66978],[16.71061,59.69108],[16.71895,59.71221],[16.73025,59.73484],[16.74274,59.75544],[16.7572,59.77571],[16.77359,59.79561],[16.79188,59.81508],[16.81378,59.83565],[16.83588,59.8541],[16.86181,59.87346],[16.88752,59.89069],[16.91487,59.90729],[16.94628,59.92449],[16.97684,59.93961],[17.00885,59.95397],[17.04222,59.96754],[17.07982,59.9813],[17.11578,59.99311],[17.15285,60.00403],[17.19417,60.01483],[17.23328,60.02382],[17.27322,60.03185],[17.31391,60.0389],[17.35524,60.04495],[17.39712,60.04998],[17.44298,60.05428],[17.48567,60.05718],[17.5286,60.05903],[17.57165,60.05983],[17.61832,60.05952]]]},"properties":{"objnamn":"Väderradar Håtuna","lan":"Stockholm, Södermanland, Uppsala, Västmanland","kommun":"Upplands Väsby, Vallentuna, Österåker, Värmdö, Järfälla, Ekerö, Huddinge, Botkyrka, Salem, Uppland Bro, Nykvarn, Täby, Danderyd, Sollentuna, Stockholm, Södertälje, Nacka, Sundbyberg, Solna, Lidingö, Vaxholm, Norrtälje, Sigtuna, Västerås, S","kategori":"Påverkansområden","underkategori":"Påverkansområde väderradar","typ":"Påverkansområde"}},{"type":"Feature","geometry":{"type":"Polygon","coordinates":[[[14.75528,63.7438],[14.80793,63.74328],[14.85641,63.7417],[14.90466,63.73907],[14.95255,63.73541],[15.0039,63.73029],[15.0507,63.72449],[15.09679,63.7177],[15.14206,63.70991],[15.18642,63.70116],[15.22975,63.69146],[15.27541,63.67991],[15.31627,63.66832],[15.3558,63.65586],[15.39701,63.64141],[15.43347,63.62724],[15.46832,63.6123],[15.50148,63.59662],[15.53541,63.57885],[15.56482,63.56176],[15.59232,63.54406],[15.61988,63.52424],[15.64322,63.50539],[15.66447,63.48607],[15.68359,63.4663],[15.70055,63.44615],[15.71644,63.42393],[15.72878,63.40312],[15.73886,63.38207],[15.74721,63.35904],[15.75253,63.33764],[15.75556,63.31615],[15.75629,63.29462],[15.75449,63.2713],[15.75044,63.24985],[15.7435,63.22673],[15.73474,63.20556],[15.72275,63.18287],[15.70939,63.1622],[15.69388,63.14184],[15.67624,63.12183],[15.65654,63.10224],[15.6348,63.08308],[15.60904,63.06289],[15.58326,63.04481],[15.55563,63.02731],[15.52622,63.01042],[15.49243,62.99286],[15.45953,62.97737],[15.42506,62.96261],[15.38912,62.94862],[15.3486,62.93435],[15.30984,62.92203],[15.26985,62.91056],[15.22526,62.89913],[15.18303,62.88952],[15.13986,62.88083],[15.09584,62.87308],[15.05109,62.86628],[15.00569,62.86047],[14.9559,62.85528],[14.90949,62.85153],[14.85883,62.8486],[14.81185,62.84695],[14.76474,62.84632],[14.7137,62.84679],[14.66669,62.84828],[14.61988,62.85078],[14.57338,62.85429],[14.52728,62.8588],[14.4817,62.8643],[14.43301,62.87136],[14.38881,62.87888],[14.34543,62.88735],[14.30296,62.89675],[14.2615,62.90705],[14.21783,62.91921],[14.17877,62.93132],[14.14099,62.94427],[14.10459,62.95801],[14.06679,62.97377],[14.03351,62.98909],[14.00185,63.0051],[13.97188,63.02178],[13.9414,63.04056],[13.91307,63.06003],[13.88891,63.07857],[13.86494,63.09921],[13.84491,63.11874],[13.82695,63.13868],[13.8111,63.15899],[13.7974,63.17962],[13.78504,63.20227],[13.77593,63.2234],[13.7686,63.2465],[13.7642,63.26794],[13.76209,63.28945],[13.76226,63.31099],[13.76505,63.33428],[13.77001,63.3557],[13.77727,63.37699],[13.7877,63.39984],[13.79969,63.42069],[13.81391,63.44126],[13.83034,63.4615],[13.84895,63.48136],[13.87152,63.50239],[13.89453,63.52132],[13.92176,63.54123],[13.94895,63.55902],[13.97806,63.57621],[14.01168,63.59409],[14.04457,63.60988],[14.07916,63.62494],[14.11537,63.63924],[14.15633,63.65382],[14.19564,63.66642],[14.2363,63.67815],[14.28176,63.68985],[14.32491,63.6997],[14.36911,63.7086],[14.41425,63.71654],[14.46022,63.72349],[14.50691,63.72944],[14.55817,63.73474],[14.606,63.73857],[14.6542,63.74135],[14.70265,63.7431],[14.75528,63.7438]]]},"properties":{"objnamn":"Väderradar Östersund","lan":"Jämtland","kommun":"Ragunda, Bräcke, Krokom, Strömsund, Åre, Berg, Östersund","kategori":"Påverkansområden","underkategori":"Påverkansområde väderradar","typ":"Påverkansområde"}},{"type":"Feature","geometry":{"type":"Polygon","coordinates":[[[18.45641,64.08656],[18.50952,64.08468],[18.55828,64.08185],[18.60666,64.078],[18.65455,64.07311],[18.70574,64.06667],[18.75222,64.05969],[18.79787,64.05172],[18.84256,64.04279],[18.88619,64.03291],[18.92865,64.02212],[18.97323,64.00942],[19.01295,63.9968],[19.05121,63.98335],[19.09091,63.96787],[19.12584,63.95279],[19.15905,63.93699],[19.19046,63.92049],[19.22238,63.90189],[19.24981,63.88408],[19.27525,63.86571],[19.30048,63.84523],[19.32156,63.82582],[19.34049,63.80599],[19.35722,63.78578],[19.37171,63.76524],[19.38486,63.74266],[19.39462,63.72158],[19.40206,63.70031],[19.40752,63.67713],[19.41013,63.65564],[19.41042,63.63412],[19.40839,63.61261],[19.40359,63.5894],[19.39676,63.56809],[19.3868,63.5452],[19.37527,63.52431],[19.36028,63.50197],[19.34418,63.48169],[19.32594,63.46177],[19.30562,63.44227],[19.28325,63.42322],[19.25891,63.40467],[19.23036,63.38518],[19.20208,63.3678],[19.172,63.35104],[19.1402,63.33494],[19.1039,63.31828],[19.06876,63.30367],[19.03213,63.28983],[18.99411,63.27678],[18.95144,63.26357],[18.91078,63.25227],[18.86899,63.24186],[18.82256,63.23159],[18.77874,63.22307],[18.73408,63.2155],[18.68868,63.20889],[18.64266,63.20326],[18.5961,63.19861],[18.54519,63.1947],[18.49786,63.19215],[18.44635,63.19052],[18.39869,63.19007],[18.35104,63.19064],[18.29955,63.19241],[18.25225,63.1951],[18.20528,63.19879],[18.15874,63.20348],[18.11274,63.20915],[18.06737,63.2158],[18.01905,63.22409],[17.97533,63.23273],[17.93254,63.24229],[17.8908,63.25275],[17.85018,63.26408],[17.80756,63.27733],[17.76958,63.29042],[17.73301,63.3043],[17.69793,63.31895],[17.66169,63.33564],[17.62996,63.35178],[17.59995,63.36857],[17.57174,63.38599],[17.54328,63.40551],[17.51708,63.42567],[17.49497,63.44479],[17.47333,63.466],[17.45554,63.48601],[17.4399,63.50637],[17.42644,63.52705],[17.4152,63.54799],[17.40556,63.57091],[17.39903,63.59224],[17.39456,63.61548],[17.39284,63.637],[17.39344,63.65853],[17.39637,63.68002],[17.40217,63.7032],[17.40993,63.72445],[17.42,63.74552],[17.43349,63.76806],[17.4483,63.78857],[17.46534,63.80874],[17.48457,63.82852],[17.50596,63.84787],[17.53151,63.86829],[17.55723,63.88659],[17.58735,63.90577],[17.61717,63.92283],[17.64884,63.93924],[17.68518,63.95623],[17.72049,63.97114],[17.75744,63.98529],[17.79592,63.99863],[17.83924,64.01214],[17.88064,64.0237],[17.92328,64.03437],[17.97077,64.04488],[18.01569,64.0536],[18.06154,64.06135],[18.10821,64.06811],[18.15559,64.07387],[18.20356,64.07861],[18.25606,64.08258],[18.30489,64.08517],[18.35396,64.08671],[18.40314,64.08721],[18.45641,64.08656]]]},"properties":{"objnamn":"Väderradar Örnsköldsvik","lan":"Västernorrland, Västerbotten","kommun":"Sollefteå, Örnsköldsvik, Nordmaling, Bjurholm, Åsele","kategori":"Påverkansområden","underkategori":"Påverkansområde väderradar","typ":"Påverkansområde"}},{"type":"Feature","geometry":{"type":"Polygon","coordinates":[[[12.82605,56.81633],[12.86862,56.81645],[12.90788,56.81548],[12.947,56.81347],[12.9859,56.81041],[13.02767,56.80593],[13.0658,56.80074],[13.10341,56.79454],[13.14043,56.78734],[13.17676,56.77916],[13.21232,56.77003],[13.24987,56.75908],[13.28355,56.74802],[13.3162,56.73608],[13.35033,56.72219],[13.38061,56.7085],[13.40964,56.69402],[13.43734,56.67879],[13.4658,56.66147],[13.49056,56.64478],[13.51382,56.62745],[13.53725,56.608],[13.55721,56.58947],[13.57552,56.57043],[13.59213,56.55092],[13.60701,56.531],[13.62114,56.50899],[13.63232,56.48834],[13.64169,56.46742],[13.64977,56.4445],[13.65529,56.42316],[13.65896,56.40171],[13.66077,56.38017],[13.66062,56.35682],[13.65854,56.3353],[13.6542,56.31207],[13.64828,56.29077],[13.6398,56.26789],[13.63011,56.24703],[13.61863,56.22644],[13.60541,56.20618],[13.59047,56.1863],[13.57386,56.16683],[13.55401,56.14628],[13.53404,56.12783],[13.51252,56.10993],[13.48951,56.09263],[13.46297,56.07461],[13.43703,56.05867],[13.40977,56.04343],[13.38126,56.02894],[13.34904,56.01412],[13.31814,56.00128],[13.28619,55.98928],[13.25048,55.97726],[13.21659,55.96708],[13.18189,55.95782],[13.14645,55.9495],[13.11035,55.94213],[13.07368,55.93573],[13.03339,55.9299],[12.99579,55.92556],[12.95469,55.922],[12.91651,55.91976],[12.87818,55.91855],[12.8366,55.91838],[12.79825,55.9193],[12.76002,55.92123],[12.722,55.92418],[12.68426,55.92814],[12.6469,55.9331],[12.60694,55.93959],[12.57062,55.9466],[12.53493,55.95456],[12.49994,55.96347],[12.46574,55.9733],[12.42966,55.98496],[12.39734,55.99664],[12.36604,56.00916],[12.33582,56.0225],[12.3044,56.03785],[12.27666,56.0528],[12.25022,56.06847],[12.22514,56.08483],[12.19955,56.10328],[12.17569,56.12245],[12.15526,56.14073],[12.1349,56.16112],[12.1178,56.18044],[12.10237,56.2002],[12.08863,56.22035],[12.07664,56.24083],[12.06563,56.26336],[12.05735,56.28441],[12.05042,56.30743],[12.04593,56.32884],[12.0433,56.35034],[12.04253,56.37188],[12.04379,56.39522],[12.04689,56.4167],[12.05186,56.43807],[12.05933,56.46104],[12.06814,56.48203],[12.07877,56.50276],[12.09119,56.52319],[12.10539,56.54326],[12.12274,56.56455],[12.14053,56.58373],[12.16168,56.60395],[12.18289,56.62204],[12.20567,56.63956],[12.23206,56.65782],[12.25795,56.67398],[12.28523,56.68944],[12.31386,56.70415],[12.3463,56.7192],[12.37749,56.73225],[12.40981,56.74445],[12.44601,56.75669],[12.48042,56.76704],[12.51572,56.77646],[12.55182,56.78493],[12.58863,56.79243],[12.62607,56.79894],[12.66723,56.80486],[12.70568,56.80926],[12.74449,56.81264],[12.78355,56.81497],[12.82605,56.81633]]]},"properties":{"objnamn":"Väderradar Bjäre","lan":"Skåne, Halland, Kronoberg","kommun":"Svalöv, Örkelljunga, Bjuv, Perstorp, Klippan, Åstorp, Båstad, Landskrona, Helsingborg, Höganäs, Ängelholm, Hässleholm, Halmstad, Laholm, Falkenberg, Markaryd, Ljungby","kategori":"Påverkansområden","underkategori":"Påverkansområde väderradar","typ":"Påverkansområde"}},{"type":"Feature","geometry":{"type":"Polygon","coordinates":[[[15.94826,58.55492],[15.99289,58.55397],[16.03395,58.55201],[16.07477,58.54901],[16.11527,58.54498],[16.15865,58.53945],[16.19814,58.5333],[16.23701,58.52616],[16.27516,58.51803],[16.31251,58.50894],[16.34895,58.49892],[16.38733,58.48703],[16.42163,58.47514],[16.45479,58.46239],[16.48931,58.44764],[16.51982,58.4332],[16.54894,58.418],[16.57662,58.40209],[16.60489,58.38407],[16.62935,58.36677],[16.65218,58.34887],[16.67501,58.32885],[16.69428,58.30984],[16.71178,58.29036],[16.72746,58.27046],[16.74129,58.25018],[16.75416,58.22784],[16.76406,58.20694],[16.77204,58.18581],[16.7785,58.16271],[16.78243,58.14126],[16.78441,58.11974],[16.78443,58.09819],[16.78225,58.07488],[16.77822,58.05343],[16.77167,58.03035],[16.76364,58.00923],[16.7528,57.9866],[16.74086,57.96601],[16.72709,57.94574],[16.71152,57.92584],[16.6942,57.90637],[16.67515,57.88735],[16.65264,57.86732],[16.63018,57.84941],[16.60615,57.83208],[16.58061,57.81538],[16.55131,57.79805],[16.52283,57.78278],[16.49303,57.76826],[16.46199,57.7545],[16.42703,57.74051],[16.39362,57.72847],[16.35919,57.71728],[16.32083,57.70617],[16.28452,57.69686],[16.24744,57.68848],[16.20967,57.68105],[16.17129,57.67459],[16.13238,57.66912],[16.08975,57.66431],[16.05004,57.66091],[16.00673,57.65837],[15.96659,57.65709],[15.92639,57.65683],[15.88286,57.65771],[15.8428,57.65957],[15.80295,57.66245],[15.76339,57.66635],[15.72422,57.67124],[15.68552,57.67712],[15.64422,57.68459],[15.60678,57.69249],[15.57007,57.70133],[15.53417,57.71109],[15.49917,57.72175],[15.46236,57.73429],[15.42947,57.74676],[15.39772,57.76004],[15.36718,57.77411],[15.33553,57.79022],[15.30771,57.80584],[15.28131,57.82215],[15.25638,57.83911],[15.23111,57.85817],[15.2077,57.87791],[15.1878,57.89668],[15.16816,57.91755],[15.15184,57.93728],[15.1373,57.9574],[15.12458,57.97786],[15.11371,57.99863],[15.10405,58.0214],[15.09712,58.04264],[15.09178,58.06581],[15.08887,58.08731],[15.0879,58.10886],[15.08889,58.1304],[15.09217,58.15368],[15.09723,58.17507],[15.10423,58.1963],[15.114,58.21907],[15.125,58.23983],[15.1379,58.26028],[15.15265,58.28038],[15.16924,58.30008],[15.18924,58.32092],[15.20952,58.33964],[15.23342,58.35932],[15.2572,58.37688],[15.28259,58.39381],[15.31182,58.41141],[15.34035,58.42691],[15.37029,58.44167],[15.40156,58.45566],[15.43688,58.46989],[15.47071,58.48215],[15.50565,58.49354],[15.54466,58.50485],[15.58164,58.51434],[15.61946,58.52287],[15.65805,58.53043],[15.69729,58.537],[15.73711,58.54257],[15.78077,58.54745],[15.82147,58.55088],[15.86245,58.55328],[15.9036,58.55463],[15.94826,58.55492]]]},"properties":{"objnamn":"Väderradar Vilebo","lan":"Östergötland, Kalmar","kommun":"Ydre, Kinda, Boxholm, Åtvidaberg, Valdemarsvik, Linköping, Norrköping, Söderköping, Mjölby, Västervik, Vimmerby","kategori":"Påverkansområden","underkategori":"Påverkansområde väderradar","typ":"Påverkansområde"}},{"type":"Feature","geometry":{"type":"Polygon","coordinates":[[[12.79811,58.70439],[12.84296,58.70454],[12.88432,58.70359],[12.92554,58.70159],[12.96653,58.69856],[13.01054,58.6941],[13.05072,58.68893],[13.09036,58.68274],[13.12937,58.67556],[13.16765,58.6674],[13.20512,58.65829],[13.2447,58.64735],[13.28019,58.63631],[13.3146,58.62438],[13.35057,58.6105],[13.38247,58.59682],[13.41306,58.58236],[13.44225,58.56713],[13.47224,58.54983],[13.49833,58.53315],[13.52283,58.51583],[13.54753,58.49639],[13.56856,58.47787],[13.58784,58.45883],[13.60535,58.43934],[13.62102,58.41942],[13.63591,58.39742],[13.64769,58.37678],[13.65756,58.35586],[13.66607,58.33295],[13.6719,58.31162],[13.67577,58.29017],[13.67768,58.26864],[13.67753,58.2453],[13.67535,58.22378],[13.67079,58.20056],[13.66456,58.17926],[13.65565,58.1564],[13.64545,58.13553],[13.63338,58.11495],[13.61947,58.09469],[13.60377,58.07482],[13.58629,58.05536],[13.56542,58.0348],[13.54442,58.01636],[13.52179,57.99846],[13.49759,57.98116],[13.46968,57.96314],[13.4424,57.94719],[13.41374,57.93196],[13.38376,57.91747],[13.34988,57.90264],[13.31739,57.8898],[13.28379,57.87779],[13.24625,57.86575],[13.21061,57.85557],[13.17413,57.8463],[13.13686,57.83797],[13.09891,57.83058],[13.06035,57.82417],[13.01799,57.81832],[12.97844,57.81397],[12.93522,57.81038],[12.89507,57.80813],[12.85477,57.80689],[12.81104,57.80671],[12.7707,57.8076],[12.73049,57.80951],[12.6905,57.81243],[12.6508,57.81636],[12.61149,57.8213],[12.56945,57.82776],[12.53123,57.83473],[12.49367,57.84267],[12.45685,57.85155],[12.42085,57.86134],[12.38287,57.87297],[12.34884,57.88462],[12.31588,57.89711],[12.28405,57.91042],[12.25095,57.92573],[12.22173,57.94065],[12.19386,57.9563],[12.16742,57.97263],[12.14044,57.99105],[12.11528,58.01019],[12.09372,58.02844],[12.07223,58.04881],[12.05417,58.06811],[12.03786,58.08784],[12.02334,58.10797],[12.01064,58.12844],[11.99898,58.15095],[11.99018,58.17198],[11.98281,58.19499],[11.97801,58.21639],[11.97516,58.23788],[11.97426,58.25941],[11.97551,58.28274],[11.9787,58.30422],[11.98385,58.32559],[11.99163,58.34857],[12.00082,58.36956],[12.01194,58.3903],[12.02495,58.41073],[12.03983,58.43081],[12.05802,58.45211],[12.07669,58.4713],[12.09889,58.49154],[12.12116,58.50965],[12.1451,58.52718],[12.17283,58.54546],[12.20004,58.56165],[12.22873,58.57712],[12.25883,58.59185],[12.29296,58.60693],[12.32578,58.62001],[12.35979,58.63223],[12.39788,58.64449],[12.4341,58.65487],[12.47126,58.66431],[12.50927,58.67281],[12.54803,58.68033],[12.58745,58.68687],[12.6308,58.69282],[12.67131,58.69725],[12.71219,58.70064],[12.75334,58.70301],[12.79811,58.70439]]]},"properties":{"objnamn":"Väderradar Vara","lan":"Västra Götaland","kommun":"Stenungsund, Färgelanda, Ale, Lerum, Vårgårda, Bollebygd, Grästorp, Essunga, Mellerud, Lilla Edet, Herrljunga, Vara, Götene, Kungälv, Uddevalla, Vänersborg, Trollhättan, Alingsås, Borås, Ulricehamn, Lidköping, Skara, Skövde, Falköping","kategori":"Påverkansområden","underkategori":"Påverkansområde väderradar","typ":"Påverkansområde"}},{"type":"Feature","geometry":{"type":"Polygon","coordinates":[[[21.98436,65.87621],[22.04075,65.87301],[22.09235,65.86898],[22.1434,65.86392],[22.19378,65.85785],[22.24745,65.85015],[22.29603,65.84202],[22.34357,65.83292],[22.38995,65.8229],[22.43507,65.81195],[22.47882,65.80012],[22.52454,65.78634],[22.5651,65.77275],[22.60399,65.75837],[22.64411,65.74194],[22.67922,65.72602],[22.71239,65.70942],[22.74354,65.69218],[22.77493,65.67282],[22.80167,65.65437],[22.8262,65.63541],[22.85021,65.61435],[22.86997,65.59447],[22.88736,65.57422],[22.90237,65.55364],[22.91496,65.53279],[22.92583,65.50995],[22.93331,65.48868],[22.93831,65.46729],[22.94093,65.44403],[22.94076,65.42254],[22.93812,65.40107],[22.93303,65.37968],[22.92475,65.35666],[22.91458,65.33559],[22.90088,65.31302],[22.88578,65.29247],[22.86682,65.27058],[22.84695,65.25077],[22.82487,65.23137],[22.80063,65.21243],[22.77429,65.194],[22.74592,65.17612],[22.71296,65.15741],[22.68056,65.14079],[22.64634,65.12483],[22.61039,65.10958],[22.56958,65.09388],[22.53028,65.08019],[22.4895,65.06731],[22.44735,65.05525],[22.40023,65.04315],[22.35551,65.0329],[22.30971,65.02355],[22.25898,65.01447],[22.21126,65.00707],[22.16277,65.00063],[22.11363,64.99516],[22.06394,64.99069],[22.01382,64.98721],[21.95915,64.98457],[21.90847,64.98319],[21.85346,64.98284],[21.80271,64.98358],[21.75208,64.98532],[21.69752,64.98835],[21.64754,64.99219],[21.59803,64.99703],[21.5491,65.00285],[21.50087,65.00964],[21.45343,65.01739],[21.40306,65.02684],[21.35762,65.03652],[21.3133,65.0471],[21.2702,65.05855],[21.2284,65.07085],[21.18471,65.08511],[21.14595,65.09909],[21.10878,65.11382],[21.0733,65.12929],[21.03684,65.14682],[21.00511,65.16369],[20.9753,65.18117],[20.94748,65.19923],[20.91967,65.21939],[20.89435,65.24013],[20.87326,65.25974],[20.85294,65.28143],[20.83656,65.30182],[20.82252,65.32251],[20.81085,65.34346],[20.80159,65.36462],[20.7943,65.38772],[20.79012,65.40916],[20.78838,65.43245],[20.78936,65.45396],[20.79283,65.47542],[20.79878,65.49679],[20.80801,65.51977],[20.81909,65.54078],[20.83262,65.56155],[20.85,65.58371],[20.86851,65.60381],[20.88937,65.62352],[20.91253,65.64278],[20.93793,65.66156],[20.96792,65.68131],[20.99783,65.69893],[21.03254,65.71733],[21.06665,65.73362],[21.10267,65.74922],[21.14374,65.76527],[21.18344,65.77929],[21.22479,65.79249],[21.26767,65.80485],[21.31573,65.81726],[21.36148,65.82778],[21.40845,65.83737],[21.46056,65.84668],[21.50969,65.85427],[21.55968,65.86087],[21.6104,65.86646],[21.66174,65.87103],[21.71357,65.87457],[21.77012,65.87723],[21.82257,65.8786],[21.87512,65.87892],[21.92764,65.87818],[21.98436,65.87621]]]},"properties":{"objnamn":"Väderradar Luleå","lan":"Norrbotten, Västerbotten","kommun":"Skellefteå, Kalix, Älvsbyn, Luleå, Piteå, Boden","kategori":"Påverkansområden","underkategori":"Påverkansområde väderradar","typ":"Påverkansområde"}},{"type":"Feature","geometry":{"type":"Polygon","coordinates":[[[14.87582,61.17194],[14.92413,61.17137],[14.9686,61.16975],[15.01286,61.16709],[15.0568,61.16339],[15.1039,61.15822],[15.14682,61.1524],[15.1891,61.14557],[15.23063,61.13776],[15.27131,61.12898],[15.31105,61.11925],[15.35293,61.10768],[15.39041,61.09606],[15.42667,61.08357],[15.46446,61.06911],[15.4979,61.05491],[15.52987,61.03995],[15.56029,61.02426],[15.59142,61.00647],[15.61839,60.98937],[15.64362,60.97166],[15.66891,60.95182],[15.69032,60.93296],[15.70982,60.91363],[15.72737,60.89385],[15.74293,60.87369],[15.7575,60.85146],[15.76882,60.83064],[15.77807,60.80957],[15.78573,60.78654],[15.79061,60.76513],[15.79337,60.74363],[15.79403,60.72209],[15.79236,60.69877],[15.78863,60.6773],[15.78223,60.65418],[15.77417,60.633],[15.76313,60.6103],[15.75083,60.58963],[15.73655,60.56926],[15.72032,60.54925],[15.70218,60.52965],[15.68217,60.5105],[15.65845,60.49031],[15.63472,60.47222],[15.60928,60.45472],[15.58221,60.43783],[15.55109,60.42028],[15.5208,60.4048],[15.48906,60.39005],[15.45597,60.37606],[15.41866,60.3618],[15.38296,60.34949],[15.34614,60.33804],[15.30508,60.32663],[15.26618,60.31703],[15.22643,60.30836],[15.1859,60.30063],[15.14469,60.29387],[15.10288,60.28808],[15.05704,60.28292],[15.0143,60.2792],[14.96767,60.27631],[14.92441,60.2747],[14.88105,60.27411],[14.83407,60.27462],[14.7908,60.27615],[14.74772,60.2787],[14.70493,60.28226],[14.66252,60.28682],[14.62058,60.29237],[14.5758,60.29948],[14.53516,60.30706],[14.49527,60.31558],[14.45623,60.32502],[14.41813,60.33538],[14.37801,60.34759],[14.34212,60.35976],[14.30743,60.37276],[14.27401,60.38656],[14.23933,60.40238],[14.2088,60.41774],[14.17977,60.43381],[14.1523,60.45054],[14.12438,60.46937],[14.09845,60.48888],[14.07634,60.50746],[14.05443,60.52815],[14.03614,60.54772],[14.01976,60.5677],[14.00533,60.58803],[13.99288,60.60869],[13.98166,60.63137],[13.97344,60.65253],[13.96687,60.67564],[13.96298,60.6971],[13.96118,60.71862],[13.9615,60.74016],[13.96422,60.76346],[13.96894,60.78488],[13.97576,60.80616],[13.98551,60.82901],[13.99667,60.84985],[14.00988,60.87041],[14.02511,60.89063],[14.04234,60.91047],[14.06322,60.93148],[14.08448,60.95037],[14.10961,60.97025],[14.1347,60.98801],[14.16154,61.00516],[14.19253,61.02301],[14.22282,61.03876],[14.25467,61.05378],[14.288,61.06803],[14.32568,61.08257],[14.36184,61.09512],[14.39923,61.1068],[14.44102,61.11845],[14.48068,61.12825],[14.52129,61.13711],[14.56276,61.145],[14.60498,61.1519],[14.64785,61.15781],[14.69491,61.16306],[14.73882,61.16684],[14.78306,61.16958],[14.82752,61.17128],[14.87582,61.17194]]]},"properties":{"objnamn":"Väderradar Leksand","lan":"Dalarna","kommun":"Vansbro, Malung-Sälen, Gagnef, Leksand, Rättvik, Orsa, Mora, Falun, Borlänge, Säter, Ludvika","kategori":"Påverkansområden","underkategori":"Påverkansområde väderradar","typ":"Påverkansområde"}},{"type":"Feature","geometry":{"type":"Polygon","coordinates":[[[20.727,68.15503],[20.78911,68.15225],[20.84601,68.14861],[20.90234,68.14393],[20.95799,68.13824],[21.01733,68.13093],[21.0711,68.12316],[21.12377,68.11441],[21.1752,68.10472],[21.22529,68.0941],[21.27391,68.08258],[21.32478,68.06913],[21.36997,68.05583],[21.41335,68.04172],[21.45818,68.02557],[21.49746,68.0099],[21.53464,67.99353],[21.56963,67.9765],[21.60498,67.95736],[21.63517,67.93909],[21.66294,67.9203],[21.69024,67.89939],[21.7128,67.87965],[21.73279,67.85951],[21.75017,67.83903],[21.76489,67.81826],[21.77782,67.79549],[21.78695,67.77427],[21.79336,67.75291],[21.79723,67.72966],[21.79798,67.70816],[21.79601,67.68667],[21.79133,67.66525],[21.78324,67.64216],[21.77299,67.62102],[21.75893,67.59835],[21.74326,67.5777],[21.7234,67.55567],[21.70247,67.53572],[21.6791,67.51616],[21.65335,67.49706],[21.62528,67.47844],[21.59495,67.46036],[21.55964,67.44141],[21.52486,67.42456],[21.48807,67.40837],[21.44935,67.39286],[21.40533,67.37687],[21.36288,67.36291],[21.31879,67.34973],[21.27315,67.33737],[21.2221,67.32493],[21.17358,67.31435],[21.12385,67.30467],[21.06873,67.29522],[21.01681,67.28747],[20.96403,67.28068],[20.91049,67.27485],[20.8563,67.27001],[20.8016,67.26616],[20.74189,67.26311],[20.68649,67.26135],[20.62631,67.26059],[20.57073,67.26093],[20.51525,67.26229],[20.4554,67.26491],[20.40052,67.26836],[20.34611,67.27282],[20.29229,67.27825],[20.23918,67.28467],[20.1869,67.29204],[20.13133,67.3011],[20.08113,67.31042],[20.03211,67.32064],[19.98437,67.33175],[19.93802,67.34372],[19.88949,67.35762],[19.84637,67.37128],[19.80495,67.38572],[19.76533,67.4009],[19.72453,67.41813],[19.68894,67.43474],[19.65541,67.45197],[19.62402,67.4698],[19.59253,67.48973],[19.56373,67.51026],[19.53961,67.52969],[19.51622,67.55121],[19.49722,67.57146],[19.48076,67.59204],[19.46687,67.61289],[19.4556,67.63397],[19.44639,67.65701],[19.44067,67.67841],[19.43753,67.70169],[19.43745,67.7232],[19.4401,67.74469],[19.44548,67.76611],[19.45437,67.78917],[19.46539,67.81027],[19.47911,67.83115],[19.49697,67.85346],[19.5162,67.87371],[19.53801,67.89359],[19.56238,67.91305],[19.58924,67.93204],[19.62108,67.95203],[19.65294,67.96991],[19.69005,67.98859],[19.72662,68.00517],[19.76531,68.02106],[19.80953,68.03745],[19.85238,68.05179],[19.89706,68.06533],[19.94349,68.07805],[19.99561,68.09084],[20.0453,68.10173],[20.09637,68.11169],[20.15312,68.12143],[20.20668,68.12941],[20.26124,68.1364],[20.31667,68.14239],[20.37282,68.14736],[20.42958,68.15131],[20.49157,68.15441],[20.54913,68.15618],[20.60684,68.1569],[20.66458,68.15657],[20.727,68.15503]]]},"properties":{"objnamn":"Väderradar Kiruna","lan":"Norrbotten","kommun":"Gällivare, Kiruna","kategori":"Påverkansområden","underkategori":"Påverkansområde väderradar","typ":"Påverkansområde"}},{"type":"Feature","geometry":{"type":"Polygon","coordinates":[[[15.61752,56.74467],[15.65999,56.74385],[15.69907,56.742],[15.73794,56.73911],[15.77651,56.73519],[15.81784,56.72978],[15.85548,56.72374],[15.89253,56.7167],[15.92891,56.70868],[15.96453,56.6997],[15.99931,56.68978],[16.03595,56.67799],[16.06871,56.66619],[16.10039,56.65354],[16.1334,56.63888],[16.16258,56.62453],[16.19045,56.60942],[16.21696,56.59358],[16.24406,56.57564],[16.26752,56.55841],[16.28943,56.54058],[16.31137,56.52062],[16.32992,56.50166],[16.34678,56.48223],[16.36192,56.46237],[16.3753,56.44213],[16.38779,56.41982],[16.39744,56.39894],[16.40526,56.37783],[16.41165,56.35475],[16.41562,56.3333],[16.41773,56.31178],[16.41798,56.29022],[16.41615,56.26689],[16.41253,56.24543],[16.40654,56.22232],[16.39911,56.20116],[16.38902,56.1785],[16.37786,56.15786],[16.36495,56.13755],[16.35033,56.1176],[16.33402,56.09806],[16.31608,56.07898],[16.29483,56.05888],[16.27361,56.04089],[16.25089,56.02348],[16.22673,56.0067],[16.19898,55.98928],[16.17199,55.97392],[16.14374,55.95931],[16.1143,55.94546],[16.08112,55.93136],[16.0494,55.91921],[16.0167,55.90793],[15.98024,55.8967],[15.94573,55.88728],[15.91047,55.8788],[15.87454,55.87126],[15.83803,55.86469],[15.801,55.85911],[15.76041,55.85418],[15.7226,55.85067],[15.68135,55.84802],[15.64311,55.84663],[15.60479,55.84627],[15.5633,55.84702],[15.52511,55.84879],[15.4871,55.85157],[15.44937,55.85536],[15.412,55.86015],[15.37507,55.86593],[15.33566,55.87331],[15.29991,55.88111],[15.26485,55.88987],[15.23057,55.89954],[15.19713,55.91012],[15.16195,55.92258],[15.13052,55.93497],[15.10016,55.94818],[15.07095,55.96218],[15.04066,55.97822],[15.01404,55.99378],[14.98877,56.01003],[14.96489,56.02694],[14.94066,56.04595],[14.91821,56.06564],[14.89911,56.08437],[14.88025,56.10521],[14.86455,56.1249],[14.85056,56.14499],[14.83829,56.16544],[14.82778,56.18618],[14.81841,56.20895],[14.81165,56.23017],[14.80639,56.25334],[14.80345,56.27484],[14.80237,56.29639],[14.80316,56.31794],[14.8061,56.34124],[14.81076,56.36264],[14.81726,56.38389],[14.82639,56.40669],[14.8367,56.42748],[14.84882,56.44796],[14.86271,56.4681],[14.87835,56.48784],[14.89722,56.50874],[14.91638,56.52751],[14.93897,56.54725],[14.96147,56.56487],[14.98549,56.58186],[15.01317,56.59953],[15.04019,56.61511],[15.06856,56.62994],[15.09821,56.64401],[15.13169,56.65833],[15.16378,56.67067],[15.19694,56.68215],[15.23395,56.69356],[15.26906,56.70314],[15.30497,56.71177],[15.34162,56.71942],[15.3789,56.7261],[15.41673,56.73177],[15.45823,56.73676],[15.49692,56.7403],[15.53589,56.74281],[15.57502,56.74427],[15.61752,56.74467]]]},"properties":{"objnamn":"Väderradar Karlskrona","lan":"Blekinge, Kalmar, Kronoberg","kommun":"Karlskrona, Ronneby, Karlshamn, Sölvesborg, Lessebo, Tingsryd, Växjö, Torsås, Mörbylånga, Emmaboda, Kalmar, Nybro","kategori":"Påverkansområden","underkategori":"Påverkansområde väderradar","typ":"Påverkansområde"}},{"type":"Feature","geometry":{"type":"Polygon","coordinates":[[[16.73962,62.02575],[16.78922,62.02451],[16.83481,62.02227],[16.88011,62.019],[16.92502,62.01469],[16.97309,62.00887],[17.01682,62.00245],[17.05983,61.99504],[17.102,61.98666],[17.14325,61.97731],[17.18347,61.96704],[17.22577,61.95489],[17.26355,61.94276],[17.30002,61.92977],[17.33795,61.91479],[17.37142,61.90014],[17.40332,61.88474],[17.4336,61.86863],[17.46447,61.85042],[17.49112,61.83295],[17.51594,61.8149],[17.54069,61.79472],[17.56152,61.77558],[17.58036,61.75598],[17.59718,61.73597],[17.61192,61.71561],[17.62554,61.69319],[17.6359,61.67223],[17.64411,61.65105],[17.65058,61.62792],[17.6543,61.60646],[17.65584,61.58494],[17.65522,61.56341],[17.65211,61.54012],[17.64699,61.51873],[17.63904,61.49571],[17.62951,61.47466],[17.61682,61.45214],[17.60297,61.43165],[17.5871,61.4115],[17.56926,61.39173],[17.54949,61.3724],[17.52782,61.35354],[17.50229,61.33369],[17.47688,61.31595],[17.44975,61.29882],[17.42097,61.28232],[17.38802,61.26521],[17.35602,61.25016],[17.3226,61.23586],[17.28782,61.22235],[17.24871,61.20861],[17.21136,61.19681],[17.17291,61.18588],[17.13012,61.17504],[17.08965,61.16599],[17.04835,61.15788],[17.00631,61.15072],[16.96363,61.14453],[16.9204,61.13932],[16.87305,61.1348],[16.82897,61.13167],[16.78095,61.12942],[16.73646,61.12841],[16.69192,61.12841],[16.64372,61.12957],[16.5994,61.13169],[16.55533,61.13483],[16.5116,61.13897],[16.46833,61.1441],[16.4256,61.15022],[16.38003,61.15795],[16.33874,61.16607],[16.29827,61.17513],[16.25873,61.18511],[16.2202,61.19598],[16.1797,61.20873],[16.14355,61.22138],[16.10867,61.23484],[16.07514,61.24909],[16.04043,61.26537],[16.00995,61.28114],[15.98105,61.29759],[15.9538,61.31469],[15.9262,61.33389],[15.90068,61.35374],[15.87904,61.37261],[15.85772,61.39359],[15.84006,61.4134],[15.82438,61.43358],[15.81072,61.45411],[15.79912,61.47492],[15.78891,61.49774],[15.78169,61.519],[15.77627,61.54219],[15.77351,61.56369],[15.77292,61.58523],[15.7745,61.60676],[15.77865,61.63001],[15.78475,61.65135],[15.793,61.67253],[15.80435,61.69523],[15.81704,61.71591],[15.83182,61.73628],[15.84867,61.75628],[15.86754,61.77588],[15.89023,61.79659],[15.9132,61.81519],[15.9402,61.83471],[15.96704,61.85212],[15.99564,61.8689],[16.02855,61.88631],[16.06062,61.90164],[16.09425,61.91621],[16.12935,61.93],[16.16895,61.94401],[16.20686,61.95606],[16.24598,61.96723],[16.28962,61.9783],[16.33097,61.98755],[16.37324,61.99584],[16.41632,62.00315],[16.46012,62.00947],[16.50454,62.01478],[16.55321,62.01938],[16.59855,62.02255],[16.64417,62.02467],[16.68996,62.02576],[16.73962,62.02575]]]},"properties":{"objnamn":"Väderradar Hudiksvall","lan":"Gävleborg","kommun":"Ovanåker, Nordanstig, Ljusdal, Söderhamn, Bollnäs, Hudiksvall","kategori":"Påverkansområden","underkategori":"Påverkansområde väderradar","typ":"Påverkansområde"}},{"type":"Feature","geometry":{"type":"Polygon","coordinates":[[[18.44211,57.7518],[18.48563,57.75],[18.52559,57.74725],[18.56525,57.74347],[18.60452,57.73867],[18.6465,57.73232],[18.68464,57.72542],[18.72211,57.71754],[18.75881,57.70869],[18.79465,57.69891],[18.82955,57.6882],[18.86621,57.6756],[18.8989,57.66306],[18.9304,57.64969],[18.96311,57.6343],[18.99192,57.6193],[19.01933,57.60357],[19.04528,57.58714],[19.07167,57.56861],[19.09439,57.55087],[19.11547,57.53256],[19.13642,57.51213],[19.15396,57.49277],[19.16974,57.47298],[19.18373,57.45281],[19.19589,57.43229],[19.20697,57.40974],[19.21524,57.38867],[19.22163,57.36741],[19.22641,57.34422],[19.22883,57.32272],[19.22934,57.30119],[19.22794,57.27966],[19.22429,57.25642],[19.21894,57.23508],[19.21103,57.21214],[19.2018,57.19119],[19.18974,57.1688],[19.17674,57.14845],[19.16196,57.12847],[19.14546,57.10889],[19.12727,57.08976],[19.10744,57.07113],[19.08415,57.05155],[19.06104,57.03407],[19.03645,57.01722],[19.01042,57.00102],[18.98068,56.98426],[18.95186,56.96955],[18.92181,56.9556],[18.8906,56.94245],[18.85554,56.92914],[18.82212,56.91774],[18.78775,56.90721],[18.74955,56.89684],[18.71348,56.88822],[18.6767,56.88056],[18.63931,56.87385],[18.60139,56.86813],[18.56301,56.86339],[18.52104,56.85939],[18.48201,56.85675],[18.43952,56.85504],[18.40021,56.85453],[18.36089,56.85503],[18.3184,56.85673],[18.27937,56.85935],[18.2406,56.86299],[18.20218,56.86763],[18.16421,56.87327],[18.12675,56.87988],[18.08687,56.88813],[18.05078,56.89674],[18.01546,56.90627],[17.98101,56.91671],[17.94748,56.92803],[17.91231,56.94127],[17.88098,56.95435],[17.85081,56.96822],[17.82187,56.98287],[17.79198,56.99957],[17.76582,57.01571],[17.74108,57.03251],[17.71782,57.04993],[17.69437,57.06947],[17.67279,57.08964],[17.65458,57.10877],[17.63676,57.13001],[17.62212,57.15003],[17.60925,57.17042],[17.59818,57.19111],[17.58893,57.21206],[17.58102,57.23501],[17.57566,57.25636],[17.572,57.27962],[17.57059,57.30115],[17.5711,57.3227],[17.57352,57.34421],[17.5783,57.36741],[17.5847,57.38868],[17.59298,57.40976],[17.60407,57.43232],[17.61623,57.45285],[17.63023,57.47303],[17.64602,57.49283],[17.66358,57.51219],[17.68454,57.53263],[17.70564,57.55094],[17.73034,57.57014],[17.75479,57.58723],[17.78075,57.60365],[17.81053,57.62067],[17.83947,57.63561],[17.86973,57.64978],[17.90126,57.66315],[17.93674,57.67669],[17.97064,57.68828],[18.00556,57.69898],[18.04444,57.70954],[18.08122,57.7183],[18.11876,57.72609],[18.15697,57.73291],[18.19575,57.73872],[18.23503,57.74351],[18.27802,57.74755],[18.318,57.7502],[18.35819,57.75181],[18.39847,57.75237],[18.44211,57.7518]]]},"properties":{"objnamn":"Väderradar Ase","lan":"Gotland","kommun":"Gotland","kategori":"Påverkansområden","underkategori":"Påverkansområde väderradar","typ":"Påverkansområde"}},{"type":"Feature","geometry":{"type":"Polygon","coordinates":[[[17.96706,59.48643],[17.97284,59.48396],[17.97351,59.48419],[17.97358,59.48531],[17.97448,59.48553],[17.98041,59.48545],[17.98162,59.48185],[17.98367,59.47909],[17.98976,59.47446],[17.98621,59.47189],[17.98573,59.46969],[17.9793,59.46316],[17.97245,59.46002],[17.95435,59.46311],[17.93818,59.46451],[17.92886,59.4633],[17.9275,59.47002],[17.92743,59.47783],[17.94779,59.4867],[17.94881,59.48642],[17.95412,59.48872],[17.95494,59.48951],[17.95903,59.48963],[17.96151,59.48866],[17.96135,59.48762],[17.96451,59.48667],[17.96706,59.48643]]]},"properties":{"objnamn":"","lan":"Stockholm","kommun":"Sollentuna","kategori":"Påverkansområden","underkategori":"Påverkansområde övrigt","typ":"Påverkansområde"}},{"type":"Feature","geometry":{"type":"Polygon","coordinates":[[[17.99964,59.63011],[18.00183,59.62999],[18.00396,59.63044],[18.00771,59.63002],[18.03076,59.62301],[18.02662,59.60691],[18.02415,59.60801],[18.02205,59.60801],[18.02019,59.60773],[18.01828,59.60669],[18.01139,59.60588],[18.00756,59.6063],[18.0071,59.60728],[18.00554,59.60757],[18.00333,59.60868],[17.99772,59.60868],[17.9949,59.6098],[17.99253,59.60988],[17.99132,59.61146],[17.98888,59.61172],[17.98913,59.61282],[17.98608,59.61456],[17.9843,59.61673],[17.98166,59.61673],[17.9804,59.6175],[17.98073,59.61994],[17.98362,59.62114],[17.98165,59.62601],[17.98442,59.62815],[17.98647,59.62856],[17.99116,59.63052],[17.99381,59.63088],[17.99964,59.63011]]]},"properties":{"objnamn":"","lan":"Stockholm","kommun":"Vallentuna, Sigtuna","kategori":"Påverkansområden","underkategori":"Påverkansområde övrigt","typ":"Påverkansområde"}},{"type":"Feature","geometry":{"type":"Polygon","coordinates":[[[18.25061,59.60196],[18.24642,59.60069],[18.24582,59.59856],[18.24357,59.59813],[18.24301,59.59729],[18.2367,59.59497],[18.23284,59.59288],[18.223,59.59719],[18.2232,59.59771],[18.22043,59.60077],[18.21968,59.60264],[18.21751,59.6026],[18.21382,59.6052],[18.212,59.60568],[18.2122,59.60621],[18.21735,59.61041],[18.23771,59.60901],[18.24949,59.60577],[18.25427,59.60278],[18.25061,59.60196]]]},"properties":{"objnamn":"","lan":"Stockholm","kommun":"Vallentuna","kategori":"Påverkansområden","underkategori":"Påverkansområde övrigt","typ":"Påverkansområde"}},{"type":"Feature","geometry":{"type":"Polygon","coordinates":[[[16.89082,59.73807],[16.89626,59.7377],[16.90221,59.73838],[16.91231,59.73731],[16.92071,59.73838],[16.92742,59.74037],[16.9314,59.73677],[16.93114,59.73478],[16.93517,59.73193],[16.93259,59.72934],[16.93369,59.72695],[16.93778,59.72579],[16.94264,59.71648],[16.93924,59.71264],[16.93022,59.70958],[16.92448,59.7025],[16.91529,59.70115],[16.91158,59.70124],[16.91096,59.6997],[16.90476,59.69975],[16.90292,59.69869],[16.89993,59.69856],[16.89616,59.6972],[16.89574,59.69651],[16.88871,59.69756],[16.88603,59.69947],[16.88333,59.69965],[16.87156,59.6986],[16.867,59.69962],[16.85775,59.70088],[16.85502,59.70076],[16.8545,59.70131],[16.8549,59.70437],[16.85327,59.7065],[16.85354,59.70836],[16.85297,59.7089],[16.85509,59.714],[16.84986,59.71446],[16.85165,59.71629],[16.85172,59.71898],[16.85074,59.72024],[16.85261,59.72244],[16.85283,59.72548],[16.85434,59.72701],[16.85446,59.72803],[16.85731,59.72884],[16.85631,59.73025],[16.85946,59.73431],[16.86513,59.73497],[16.87719,59.73842],[16.88219,59.74184],[16.89082,59.73807]]]},"properties":{"objnamn":"","lan":"Uppsala","kommun":"Enköping","kategori":"Påverkansområden","underkategori":"Påverkansområde övrigt","typ":"Påverkansområde"}},{"type":"Feature","geometry":{"type":"Polygon","coordinates":[[[17.82417,60.06473],[17.82367,60.06206],[17.82971,60.05643],[17.82902,60.0545],[17.8306,60.05231],[17.83157,60.04768],[17.83696,60.04275],[17.82697,60.03584],[17.82283,60.03527],[17.81434,60.03614],[17.81319,60.03416],[17.81292,60.0316],[17.81082,60.03084],[17.80936,60.02926],[17.8063,60.02766],[17.80235,60.02635],[17.7941,60.02944],[17.78711,60.02869],[17.78522,60.02763],[17.78223,60.02705],[17.76812,60.03131],[17.76596,60.03134],[17.75597,60.03588],[17.75425,60.03556],[17.75198,60.03576],[17.75017,60.03796],[17.75137,60.0429],[17.75151,60.05105],[17.75696,60.06613],[17.76104,60.06562],[17.77175,60.06552],[17.7898,60.06399],[17.79646,60.06475],[17.81041,60.06545],[17.82417,60.06473]]]},"properties":{"objnamn":"","lan":"Uppsala","kommun":"Uppsala","kategori":"Påverkansområden","underkategori":"Påverkansområde övrigt","typ":"Påverkansområde"}},{"type":"Feature","geometry":{"type":"Polygon","coordinates":[[[16.5121,59.14565],[16.52844,59.13886],[16.53214,59.1383],[16.53666,59.13674],[16.53598,59.13115],[16.53715,59.12881],[16.54044,59.12609],[16.54168,59.12274],[16.53622,59.12152],[16.53541,59.11998],[16.53715,59.11809],[16.51006,59.10547],[16.50428,59.10476],[16.50142,59.10558],[16.49799,59.10588],[16.48301,59.10528],[16.48049,59.10671],[16.47921,59.10923],[16.47539,59.11216],[16.46681,59.11556],[16.46353,59.11803],[16.45613,59.11927],[16.44888,59.11878],[16.44472,59.11983],[16.44549,59.12587],[16.4449,59.12952],[16.44561,59.13186],[16.44423,59.13523],[16.44529,59.13864],[16.44399,59.1403],[16.44568,59.14172],[16.45811,59.14211],[16.46301,59.14272],[16.46765,59.14218],[16.47055,59.14285],[16.47392,59.14477],[16.47637,59.1455],[16.48127,59.14621],[16.48553,59.1483],[16.49667,59.15052],[16.50274,59.14924],[16.50648,59.14751],[16.5121,59.14565]]]},"properties":{"objnamn":"","lan":"Södermanland","kommun":"Flen, Katrineholm","kategori":"Påverkansområden","underkategori":"Påverkansområde övrigt","typ":"Påverkansområde"}},{"type":"Feature","geometry":{"type":"Polygon","coordinates":[[[16.56377,59.21884],[16.56471,59.21604],[16.5679,59.21437],[16.56842,59.21194],[16.57066,59.20854],[16.57497,59.20743],[16.57808,59.2073],[16.58006,59.20666],[16.58306,59.2067],[16.58902,59.20478],[16.58834,59.20393],[16.58611,59.20366],[16.58647,59.1999],[16.58893,59.19953],[16.59184,59.19785],[16.5899,59.19204],[16.59246,59.19041],[16.58671,59.18533],[16.58469,59.18064],[16.58481,59.17579],[16.5777,59.17388],[16.57444,59.17386],[16.5719,59.17484],[16.56165,59.17297],[16.55642,59.17087],[16.55248,59.1704],[16.54851,59.17133],[16.53096,59.17137],[16.52912,59.17366],[16.52396,59.17637],[16.51417,59.18104],[16.51042,59.18198],[16.50769,59.18416],[16.50428,59.18589],[16.48928,59.19155],[16.48726,59.19301],[16.4847,59.19412],[16.48387,59.19544],[16.48501,59.19721],[16.48922,59.1997],[16.49869,59.20068],[16.49931,59.20301],[16.50085,59.20335],[16.4999,59.20423],[16.50045,59.20534],[16.50234,59.20588],[16.50385,59.2073],[16.50642,59.2067],[16.53497,59.21165],[16.5396,59.21174],[16.54415,59.21349],[16.55023,59.2147],[16.54974,59.21633],[16.55194,59.21703],[16.55463,59.2177],[16.55574,59.21758],[16.56377,59.21884]]]},"properties":{"objnamn":"","lan":"Södermanland","kommun":"Flen, Eskilstuna","kategori":"Påverkansområden","underkategori":"Påverkansområde övrigt","typ":"Påverkansområde"}},{"type":"Feature","geometry":{"type":"Polygon","coordinates":[[[16.73834,59.23887],[16.74565,59.23839],[16.75098,59.23689],[16.76553,59.23606],[16.77592,59.23468],[16.78075,59.23438],[16.79984,59.23173],[16.80159,59.22362],[16.80468,59.22399],[16.80519,59.22315],[16.80651,59.22251],[16.80906,59.22226],[16.81107,59.2225],[16.81193,59.22179],[16.809,59.21674],[16.80192,59.21411],[16.79852,59.21186],[16.79723,59.20959],[16.79317,59.20728],[16.79142,59.20473],[16.79253,59.20455],[16.78994,59.20241],[16.78871,59.1954],[16.78704,59.19513],[16.78389,59.19373],[16.78233,59.19391],[16.7818,59.19471],[16.77661,59.19572],[16.77284,59.19603],[16.77042,59.19679],[16.76775,59.19675],[16.76594,59.1958],[16.76602,59.1946],[16.76875,59.19334],[16.76895,59.19201],[16.76283,59.19172],[16.76001,59.19008],[16.75918,59.18849],[16.75554,59.18943],[16.74933,59.18988],[16.74702,59.19141],[16.74495,59.19207],[16.74461,59.19302],[16.74305,59.19406],[16.74292,59.195],[16.73696,59.19669],[16.73667,59.19795],[16.73724,59.19874],[16.73455,59.19971],[16.7317,59.20719],[16.73453,59.20953],[16.72288,59.21179],[16.72463,59.21334],[16.71758,59.21756],[16.70728,59.2165],[16.70667,59.2177],[16.70721,59.21885],[16.70653,59.21987],[16.70717,59.22153],[16.70525,59.22279],[16.70469,59.2244],[16.70327,59.22555],[16.70509,59.229],[16.70687,59.22982],[16.70971,59.22938],[16.71067,59.22996],[16.7142,59.2306],[16.71466,59.2314],[16.71418,59.23211],[16.71622,59.23336],[16.72161,59.23328],[16.72287,59.23459],[16.7226,59.23721],[16.72418,59.23794],[16.72663,59.2379],[16.72973,59.23727],[16.73163,59.2376],[16.73474,59.23741],[16.73834,59.23887]]]},"properties":{"objnamn":"","lan":"Södermanland","kommun":"Flen, Eskilstuna","kategori":"Påverkansområden","underkategori":"Påverkansområde övrigt","typ":"Påverkansområde"}},{"type":"Feature","geometry":{"type":"Polygon","coordinates":[[[15.60994,58.37593],[15.61224,58.3732],[15.61658,58.372],[15.62487,58.37188],[15.62547,58.3705],[15.62801,58.36784],[15.62798,58.3653],[15.6265,58.36394],[15.62679,58.36024],[15.62288,58.3573],[15.61747,58.35458],[15.61541,58.35545],[15.61298,58.35395],[15.61138,58.35372],[15.61079,58.35313],[15.60788,58.35297],[15.60726,58.35198],[15.60368,58.35106],[15.59995,58.34953],[15.59769,58.35083],[15.59407,58.35123],[15.59002,58.35294],[15.58432,58.3539],[15.58158,58.35524],[15.57467,58.36028],[15.58189,58.36898],[15.57858,58.37059],[15.58391,58.37103],[15.58739,58.37339],[15.58688,58.37422],[15.59397,58.37618],[15.59446,58.37589],[15.59717,58.37663],[15.59887,58.37671],[15.60114,58.37791],[15.60841,58.37809],[15.60896,58.3765],[15.60994,58.37593]]]},"properties":{"objnamn":"","lan":"Östergötland","kommun":"Linköping","kategori":"Påverkansområden","underkategori":"Påverkansområde övrigt","typ":"Påverkansområde"}},{"type":"Feature","geometry":{"type":"Polygon","coordinates":[[[16.69465,58.23856],[16.69519,58.23927],[16.6927,58.23942],[16.69028,58.24073],[16.69066,58.24387],[16.69156,58.24528],[16.69098,58.2462],[16.6928,58.24652],[16.69364,58.24748],[16.69041,58.25527],[16.68721,58.25759],[16.68588,58.25949],[16.68517,58.26225],[16.68732,58.26587],[16.69202,58.26874],[16.69252,58.2696],[16.69283,58.27175],[16.69408,58.27268],[16.69463,58.27394],[16.69287,58.27581],[16.69315,58.27741],[16.69355,58.27764],[16.69597,58.27614],[16.69699,58.27607],[16.70576,58.27808],[16.70786,58.27744],[16.70938,58.27632],[16.70673,58.27445],[16.70769,58.27215],[16.70893,58.27166],[16.71239,58.27145],[16.72005,58.2727],[16.72498,58.27291],[16.73657,58.27086],[16.74874,58.26946],[16.75056,58.26849],[16.75088,58.26757],[16.75443,58.26808],[16.76157,58.26325],[16.77172,58.24211],[16.77394,58.24125],[16.77658,58.24158],[16.77703,58.24227],[16.78737,58.24323],[16.79833,58.24315],[16.80179,58.24138],[16.79566,58.23959],[16.81009,58.23782],[16.81498,58.23457],[16.81758,58.23363],[16.81872,58.22954],[16.82752,58.22094],[16.82527,58.21876],[16.82523,58.21738],[16.82848,58.21619],[16.82828,58.20926],[16.82226,58.20537],[16.82168,58.20426],[16.82001,58.20354],[16.81665,58.20079],[16.81688,58.19906],[16.80491,58.1955],[16.79906,58.19498],[16.79926,58.19429],[16.79708,58.19374],[16.79303,58.19155],[16.78348,58.18937],[16.78008,58.18811],[16.76983,58.18704],[16.7564,58.18663],[16.74319,58.18508],[16.73357,58.18188],[16.72603,58.18121],[16.72253,58.1834],[16.72069,58.18342],[16.71242,58.1808],[16.71133,58.18006],[16.71129,58.17875],[16.70966,58.17802],[16.70588,58.17799],[16.7024,58.17722],[16.69991,58.17541],[16.69738,58.17503],[16.69593,58.17715],[16.69793,58.17953],[16.69851,58.18129],[16.6977,58.18352],[16.69817,58.18472],[16.69653,58.18919],[16.69704,58.1914],[16.69659,58.19217],[16.69722,58.19304],[16.69519,58.19414],[16.69291,58.197],[16.6929,58.19819],[16.69114,58.20126],[16.69162,58.20311],[16.69111,58.20484],[16.69286,58.20551],[16.69289,58.20699],[16.69131,58.20808],[16.69159,58.21062],[16.68988,58.2126],[16.689,58.21214],[16.68601,58.21245],[16.68602,58.21308],[16.68509,58.21367],[16.68557,58.21517],[16.68385,58.21703],[16.68327,58.21993],[16.68461,58.22096],[16.69033,58.22173],[16.69365,58.2231],[16.69461,58.22402],[16.70226,58.22547],[16.70364,58.22613],[16.70402,58.22829],[16.70064,58.2308],[16.70047,58.23253],[16.69567,58.23599],[16.69635,58.23735],[16.69465,58.23856]]]},"properties":{"objnamn":"","lan":"Östergötland","kommun":"Valdemarsvik","kategori":"Påverkansområden","underkategori":"Påverkansområde övrigt","typ":"Påverkansområde"}},{"type":"Feature","geometry":{"type":"Polygon","coordinates":[[[14.26135,57.62352],[14.26249,57.62294],[14.26922,57.62508],[14.27546,57.62423],[14.27683,57.62112],[14.27575,57.61724],[14.2821,57.61665],[14.28941,57.61395],[14.28456,57.60843],[14.2847,57.60454],[14.28237,57.59849],[14.28219,57.59383],[14.2752,57.58666],[14.27176,57.58003],[14.25023,57.58179],[14.24653,57.58141],[14.24417,57.58158],[14.24189,57.58282],[14.23991,57.58273],[14.23716,57.58323],[14.23464,57.58426],[14.2329,57.58424],[14.23151,57.58489],[14.22742,57.58483],[14.22163,57.59268],[14.21875,57.60469],[14.21028,57.61137],[14.21331,57.61409],[14.21669,57.62077],[14.22037,57.62175],[14.22626,57.62888],[14.25034,57.63137],[14.25728,57.6258],[14.25902,57.62569],[14.26135,57.62352]]]},"properties":{"objnamn":"","lan":"Jönköping","kommun":"Jönköping","kategori":"Påverkansområden","underkategori":"Påverkansområde övrigt","typ":"Påverkansområde"}},{"type":"Feature","geometry":{"type":"Polygon","coordinates":[[[14.40023,57.5171],[14.41195,57.51656],[14.42739,57.51649],[14.43003,57.51573],[14.43683,57.51585],[14.43946,57.51661],[14.45121,57.51687],[14.46205,57.51389],[14.46322,57.51449],[14.46533,57.51442],[14.46704,57.51383],[14.47009,57.51432],[14.47461,57.51237],[14.47694,57.5124],[14.47855,57.51195],[14.48001,57.5126],[14.48223,57.51273],[14.4849,57.51208],[14.48719,57.51022],[14.49917,57.51006],[14.50061,57.5104],[14.5029,57.50941],[14.50628,57.51087],[14.5139,57.51015],[14.52448,57.50137],[14.52574,57.49887],[14.52471,57.49789],[14.5229,57.49745],[14.52221,57.49667],[14.52125,57.49694],[14.51967,57.49653],[14.51823,57.49554],[14.51527,57.49534],[14.51061,57.49336],[14.50913,57.4932],[14.50789,57.49349],[14.50692,57.49313],[14.50549,57.49319],[14.50592,57.49006],[14.50512,57.48661],[14.50719,57.48475],[14.50662,57.48304],[14.50885,57.47997],[14.5085,57.47839],[14.50716,57.47814],[14.50571,57.47584],[14.50605,57.47442],[14.50954,57.47405],[14.50992,57.47238],[14.50877,57.47168],[14.50942,57.47046],[14.51127,57.46985],[14.5076,57.46716],[14.50896,57.46693],[14.51121,57.46741],[14.51181,57.46675],[14.51033,57.46409],[14.5061,57.46353],[14.5013,57.46027],[14.49481,57.46026],[14.49711,57.45764],[14.49674,57.45134],[14.49516,57.44904],[14.49559,57.44517],[14.4981,57.44286],[14.49808,57.44052],[14.4957,57.43919],[14.49232,57.43898],[14.48938,57.43607],[14.48943,57.43448],[14.48852,57.43301],[14.48703,57.432],[14.48703,57.43069],[14.48578,57.42984],[14.48367,57.42948],[14.48061,57.42994],[14.47848,57.42946],[14.47757,57.42534],[14.47888,57.4247],[14.48054,57.42249],[14.48048,57.42123],[14.47084,57.4186],[14.46158,57.42069],[14.45195,57.42062],[14.44503,57.42198],[14.43354,57.42153],[14.432,57.42328],[14.42935,57.42348],[14.42483,57.42834],[14.42499,57.42959],[14.42393,57.43009],[14.42239,57.42871],[14.42112,57.42858],[14.41847,57.43205],[14.41543,57.43103],[14.41298,57.43086],[14.40585,57.43345],[14.3711,57.43441],[14.34849,57.43637],[14.34112,57.45163],[14.34287,57.45296],[14.34272,57.45387],[14.34393,57.45449],[14.34589,57.45396],[14.35086,57.45425],[14.35236,57.45562],[14.3525,57.45814],[14.35103,57.45961],[14.35141,57.4615],[14.34986,57.46974],[14.35378,57.47079],[14.35584,57.47188],[14.35889,57.47485],[14.36538,57.47718],[14.36439,57.47803],[14.3637,57.48054],[14.36452,57.48276],[14.36407,57.48355],[14.35862,57.4853],[14.35443,57.48897],[14.35273,57.49169],[14.35397,57.4953],[14.35414,57.49889],[14.35472,57.50044],[14.35694,57.50303],[14.35797,57.50652],[14.36052,57.50644],[14.3624,57.50703],[14.36558,57.50695],[14.36824,57.50587],[14.37281,57.50483],[14.37467,57.50483],[14.37621,57.50616],[14.37748,57.506],[14.37818,57.50726],[14.37771,57.50834],[14.37925,57.50962],[14.37922,57.51036],[14.38276,57.51194],[14.38385,57.51363],[14.3874,57.51593],[14.39276,57.51522],[14.39755,57.51717],[14.40023,57.5171]]]},"properties":{"objnamn":"","lan":"Jönköping","kommun":"Vaggeryd, Sävsjö, Nässjö","kategori":"Påverkansområden","underkategori":"Påverkansområde övrigt","typ":"Påverkansområde"}},{"type":"Feature","geometry":{"type":"Polygon","coordinates":[[[14.22283,57.41043],[14.23023,57.4104],[14.23671,57.40957],[14.23977,57.40897],[14.24359,57.407],[14.26309,57.40403],[14.26551,57.40406],[14.26827,57.40295],[14.26973,57.40305],[14.27083,57.40218],[14.27801,57.40238],[14.2825,57.40101],[14.2869,57.39779],[14.28643,57.39315],[14.28498,57.39099],[14.2859,57.38776],[14.28738,57.38527],[14.28465,57.37768],[14.28103,57.37479],[14.27796,57.37313],[14.2684,57.37178],[14.26697,57.37083],[14.26594,57.3676],[14.26186,57.36517],[14.26025,57.36247],[14.25662,57.36106],[14.25553,57.35688],[14.25358,57.35298],[14.2523,57.35342],[14.25092,57.35609],[14.24854,57.35754],[14.24607,57.35842],[14.24378,57.35765],[14.2357,57.3592],[14.23465,57.35896],[14.21791,57.36064],[14.2153,57.35997],[14.2127,57.36137],[14.21199,57.36324],[14.20831,57.36525],[14.20677,57.36688],[14.20436,57.36628],[14.20232,57.36728],[14.20141,57.36875],[14.1951,57.3681],[14.19033,57.36621],[14.17959,57.36562],[14.18155,57.36912],[14.18128,57.37038],[14.17729,57.37226],[14.17619,57.37324],[14.17632,57.37526],[14.17716,57.37622],[14.17727,57.3786],[14.18001,57.38137],[14.18309,57.3864],[14.18338,57.38973],[14.18549,57.39177],[14.18732,57.39524],[14.19022,57.39513],[14.19439,57.39404],[14.1944,57.39621],[14.19596,57.39668],[14.20134,57.40106],[14.21158,57.40196],[14.21488,57.40137],[14.21493,57.40491],[14.21321,57.40814],[14.21498,57.41107],[14.21388,57.41214],[14.21567,57.41222],[14.22283,57.41043]]]},"properties":{"objnamn":"","lan":"Jönköping","kommun":"Vaggeryd","kategori":"Påverkansområden","underkategori":"Påverkansområde övrigt","typ":"Påverkansområde"}},{"type":"Feature","geometry":{"type":"Polygon","coordinates":[[[15.3763,56.75164],[15.37848,56.74939],[15.37953,56.74721],[15.38218,56.7475],[15.3837,56.74667],[15.38524,56.74478],[15.38497,56.74347],[15.38655,56.74182],[15.39121,56.74241],[15.39455,56.74338],[15.3966,56.74282],[15.39999,56.73996],[15.40089,56.73687],[15.40371,56.73629],[15.40588,56.73522],[15.40825,56.73559],[15.41057,56.73506],[15.41863,56.73491],[15.41956,56.73218],[15.42106,56.73088],[15.42423,56.73019],[15.42633,56.72826],[15.42995,56.72805],[15.42977,56.72656],[15.42761,56.72424],[15.42978,56.72259],[15.43223,56.72191],[15.43329,56.71808],[15.43494,56.71575],[15.4342,56.71345],[15.43175,56.71113],[15.42118,56.70985],[15.41832,56.71031],[15.41755,56.70813],[15.41872,56.70382],[15.42077,56.70061],[15.4203,56.69824],[15.41771,56.69516],[15.41422,56.69304],[15.41332,56.69084],[15.41319,56.68802],[15.4117,56.6861],[15.40429,56.68331],[15.38316,56.68002],[15.37795,56.68262],[15.36952,56.68295],[15.36283,56.68292],[15.35982,56.68232],[15.3553,56.68076],[15.33689,56.68592],[15.3251,56.69164],[15.31575,56.69508],[15.29755,56.70049],[15.2948,56.70179],[15.2971,56.70703],[15.29941,56.70871],[15.30144,56.71208],[15.30001,56.71583],[15.29913,56.71666],[15.29972,56.72106],[15.29666,56.72378],[15.29678,56.72666],[15.29748,56.72746],[15.29638,56.72876],[15.29765,56.73055],[15.30263,56.7301],[15.31406,56.73009],[15.31984,56.73245],[15.32252,56.73521],[15.32479,56.73612],[15.33006,56.73648],[15.32474,56.74206],[15.33326,56.74573],[15.3323,56.74784],[15.33417,56.7479],[15.33394,56.7495],[15.33523,56.74983],[15.3374,56.749],[15.33891,56.74948],[15.33998,56.75091],[15.34215,56.75009],[15.35167,56.74977],[15.35479,56.75078],[15.35793,56.75027],[15.35821,56.75113],[15.36053,56.75028],[15.36164,56.75057],[15.36291,56.74957],[15.37047,56.75102],[15.37391,56.75234],[15.3763,56.75164]]]},"properties":{"objnamn":"","lan":"Kronoberg","kommun":"Lessebo, Emmaboda","kategori":"Påverkansområden","underkategori":"Påverkansområde övrigt","typ":"Påverkansområde"}},{"type":"Feature","geometry":{"type":"Polygon","coordinates":[[[16.195,57.16577],[16.20516,57.16408],[16.21181,57.16063],[16.21588,57.1592],[16.22292,57.15716],[16.23151,57.1555],[16.23588,57.15348],[16.23996,57.15306],[16.24216,57.15085],[16.2455,57.14918],[16.24027,57.124],[16.24802,57.12271],[16.25282,57.12133],[16.26639,57.11638],[16.27189,57.11343],[16.26989,57.1114],[16.26798,57.11053],[16.264,57.10977],[16.25749,57.10569],[16.25635,57.10397],[16.25298,57.10186],[16.25115,57.10001],[16.2504,57.09807],[16.24547,57.0955],[16.24247,57.08818],[16.24099,57.08219],[16.23734,57.07902],[16.23354,57.0768],[16.22745,57.07517],[16.21766,57.0703],[16.21079,57.06445],[16.21088,57.06302],[16.21459,57.0572],[16.21322,57.05634],[16.2064,57.05488],[16.20566,57.05392],[16.2025,57.05267],[16.19837,57.05748],[16.18527,57.06647],[16.18101,57.06922],[16.16935,57.07414],[16.169,57.07656],[16.16664,57.07679],[16.1633,57.07794],[16.16193,57.07766],[16.15649,57.07813],[16.14636,57.08032],[16.13159,57.0807],[16.12699,57.08123],[16.12492,57.08092],[16.12008,57.07932],[16.11881,57.07931],[16.06889,57.11335],[16.04153,57.12869],[16.04363,57.12903],[16.04479,57.12999],[16.0426,57.13274],[16.04398,57.13416],[16.04304,57.1353],[16.04367,57.13576],[16.04493,57.13575],[16.04588,57.13649],[16.04558,57.13826],[16.04768,57.13945],[16.04733,57.1418],[16.04903,57.14215],[16.05052,57.14189],[16.05433,57.14526],[16.06531,57.14124],[16.067,57.14232],[16.07017,57.14579],[16.07349,57.14767],[16.07566,57.15012],[16.07983,57.1517],[16.08304,57.15495],[16.08619,57.1562],[16.08986,57.15539],[16.09287,57.1557],[16.09428,57.15635],[16.09397,57.1572],[16.09565,57.15834],[16.09744,57.15874],[16.09808,57.1597],[16.10008,57.16015],[16.10082,57.16089],[16.09999,57.16397],[16.10262,57.16739],[16.10783,57.16879],[16.11064,57.16857],[16.11482,57.16673],[16.12006,57.16524],[16.12582,57.16448],[16.13436,57.16811],[16.13721,57.16976],[16.1413,57.16986],[16.14644,57.16939],[16.15502,57.16685],[16.15868,57.16536],[16.1706,57.16459],[16.17706,57.16679],[16.18109,57.17089],[16.18591,57.17181],[16.18845,57.17178],[16.19222,57.17085],[16.19292,57.16754],[16.195,57.16577]]]},"properties":{"objnamn":"","lan":"Kalmar","kommun":"Högsby, Mönsterås","kategori":"Påverkansområden","underkategori":"Påverkansområde övrigt","typ":"Påverkansområde"}},{"type":"Feature","geometry":{"type":"Polygon","coordinates":[[[16.46335,56.22503],[16.45874,56.22469],[16.45708,56.22379],[16.45362,56.22298],[16.45212,56.22216],[16.4401,56.22039],[16.43109,56.21238],[16.4289,56.20901],[16.42642,56.20801],[16.42018,56.2085],[16.41637,56.20614],[16.41667,56.20467],[16.41584,56.20385],[16.41156,56.20323],[16.40823,56.20041],[16.40476,56.19896],[16.40204,56.1933],[16.39909,56.19349],[16.3937,56.19553],[16.38486,56.1975],[16.39349,56.21385],[16.40105,56.21445],[16.4014,56.21537],[16.40042,56.21565],[16.39962,56.21757],[16.39865,56.2184],[16.39788,56.22152],[16.39875,56.22509],[16.39959,56.22618],[16.39962,56.22829],[16.40133,56.23231],[16.4025,56.2334],[16.40472,56.2387],[16.40655,56.24043],[16.40743,56.24409],[16.4086,56.24509],[16.40668,56.24831],[16.40953,56.25205],[16.47667,56.23513],[16.47382,56.23203],[16.469,56.22867],[16.46849,56.22757],[16.46717,56.2273],[16.46335,56.22503]]]},"properties":{"objnamn":"","lan":"Kalmar","kommun":"Mörbylånga","kategori":"Påverkansområden","underkategori":"Påverkansområde övrigt","typ":"Påverkansområde"}},{"type":"Feature","geometry":{"type":"Polygon","coordinates":[[[18.35695,57.00766],[18.3638,57.00729],[18.36466,57.00772],[18.36796,57.00819],[18.36812,57.0086],[18.37019,57.00855],[18.37549,57.01038],[18.37743,57.01064],[18.37915,57.01023],[18.37908,57.00975],[18.38028,57.00884],[18.38197,57.00856],[18.38268,57.00887],[18.38381,57.00802],[18.38473,57.00795],[18.3861,57.00846],[18.38755,57.00692],[18.387,57.00547],[18.3889,57.0041],[18.38984,57.00411],[18.38961,57.0035],[18.39085,57.00326],[18.39253,57.0018],[18.39578,57.00044],[18.39746,57.00021],[18.39776,57.00048],[18.39862,57.0001],[18.39716,56.99552],[18.39795,56.99421],[18.39627,56.99383],[18.39505,56.99294],[18.39295,56.99305],[18.39045,56.99359],[18.39041,56.99407],[18.38967,56.99427],[18.38833,56.99425],[18.38641,56.99326],[18.38671,56.99234],[18.38157,56.99494],[18.3776,56.99621],[18.37739,56.99696],[18.37554,56.99738],[18.37125,56.99685],[18.36817,56.99596],[18.3626,56.99619],[18.35762,56.99537],[18.36379,56.98538],[18.36649,56.98552],[18.36692,56.98498],[18.36572,56.9843],[18.36426,56.98445],[18.36217,56.9839],[18.35992,56.98236],[18.35781,56.98226],[18.35667,56.98131],[18.35406,56.98051],[18.35198,56.97921],[18.35039,56.97949],[18.34783,56.97882],[18.3476,56.97819],[18.34612,56.97828],[18.34334,56.97709],[18.34103,56.97498],[18.34061,56.97324],[18.33705,56.972],[18.33434,56.9703],[18.33334,56.96865],[18.32976,56.96828],[18.32662,56.96747],[18.32149,56.96508],[18.31989,56.96392],[18.32041,56.96318],[18.31931,56.96195],[18.31898,56.96012],[18.32199,56.95394],[18.328,56.95232],[18.32778,56.95135],[18.32398,56.95093],[18.3236,56.95001],[18.31553,56.95083],[18.311,56.94995],[18.30817,56.94875],[18.30892,56.9475],[18.30759,56.94616],[18.31278,56.94221],[18.31245,56.93962],[18.31105,56.93854],[18.30525,56.93731],[18.30382,56.93786],[18.29678,56.93752],[18.29471,56.9364],[18.2933,56.93493],[18.29558,56.93132],[18.29405,56.92997],[18.29132,56.92964],[18.28759,56.93081],[18.2845,56.93038],[18.28091,56.92818],[18.27956,56.92899],[18.27609,56.92948],[18.26163,56.92953],[18.25731,56.92887],[18.2557,56.92818],[18.25299,56.92794],[18.2502,56.9258],[18.2441,56.92274],[18.24056,56.92168],[18.23843,56.92195],[18.23682,56.92114],[18.23495,56.92083],[18.23184,56.91889],[18.22974,56.91564],[18.22774,56.91597],[18.22581,56.91547],[18.22404,56.91607],[18.22124,56.91587],[18.21841,56.91422],[18.21594,56.9142],[18.20997,56.91195],[18.20946,56.91117],[18.20749,56.91101],[18.19876,56.90831],[18.19837,56.90719],[18.19489,56.90687],[18.19363,56.90577],[18.19177,56.90554],[18.18868,56.90598],[18.18732,56.90493],[18.18569,56.90964],[18.18359,56.91019],[18.1828,56.91188],[18.1802,56.91337],[18.17847,56.91371],[18.17436,56.91198],[18.17227,56.91318],[18.16975,56.91116],[18.16777,56.91326],[18.16513,56.9135],[18.16174,56.91267],[18.15778,56.91067],[18.15848,56.90953],[18.15746,56.90897],[18.15613,56.90887],[18.15434,56.90721],[18.15149,56.90847],[18.15147,56.90921],[18.14885,56.90958],[18.147,56.9112],[18.14169,56.91259],[18.13528,56.91198],[18.13233,56.911],[18.12951,56.90933],[18.12936,56.90784],[18.12777,56.90786],[18.12442,56.9113],[18.12321,56.91404],[18.12386,56.91716],[18.12292,56.91825],[18.12385,56.92016],[18.12831,56.9226],[18.13335,56.92831],[18.14043,56.9335],[18.14295,56.93767],[18.14725,56.9413],[18.14764,56.9426],[18.15001,56.94541],[18.15282,56.9473],[18.15465,56.94778],[18.15757,56.94772],[18.15861,56.94941],[18.15662,56.95419],[18.15777,56.95521],[18.16222,56.95699],[18.16251,56.95818],[18.16468,56.95945],[18.16571,56.96092],[18.16759,56.96099],[18.16952,56.96176],[18.17009,56.9651],[18.17418,56.97097],[18.17615,56.9707],[18.17788,56.97276],[18.18151,56.97459],[18.17863,56.97522],[18.18209,56.97549],[18.18759,56.98182],[18.18939,56.98187],[18.19244,56.98055],[18.19502,56.98158],[18.19811,56.98089],[18.2004,56.98091],[18.2377,56.97129],[18.2452,56.97091],[18.25163,56.97014],[18.26501,56.9667],[18.26937,56.96891],[18.2787,56.96872],[18.29893,56.97104],[18.30481,56.9679],[18.30678,56.96765],[18.31073,56.97051],[18.31146,56.97295],[18.31336,56.97424],[18.31531,56.97782],[18.3154,56.97865],[18.3102,56.98872],[18.31132,56.99876],[18.30874,57.00175],[18.3099,57.00474],[18.31422,57.01131],[18.31348,57.0164],[18.31497,57.02128],[18.33559,57.02404],[18.3375,57.02458],[18.33729,57.02356],[18.33933,57.02177],[18.34014,57.01856],[18.33959,57.01402],[18.34188,57.01356],[18.3441,57.01253],[18.34857,57.00962],[18.35308,57.00817],[18.35695,57.00766]]]},"properties":{"objnamn":"","lan":"Gotland","kommun":"Gotland","kategori":"Påverkansområden","underkategori":"Påverkansområde övrigt","typ":"Påverkansområde"}},{"type":"Feature","geometry":{"type":"Polygon","coordinates":[[[18.69247,57.34048],[18.69308,57.34291],[18.69273,57.34566],[18.69195,57.34707],[18.68848,57.35004],[18.68591,57.35516],[18.68453,57.36173],[18.68909,57.36451],[18.69416,57.37067],[18.69951,57.37332],[18.70402,57.37432],[18.71346,57.37522],[18.72344,57.3774],[18.72698,57.37749],[18.73213,57.37843],[18.73845,57.38009],[18.7428,57.38012],[18.74678,57.38071],[18.75004,57.38037],[18.75983,57.38058],[18.76132,57.3813],[18.77262,57.38334],[18.77409,57.38436],[18.78031,57.386],[18.78523,57.38921],[18.78598,57.39028],[18.79021,57.3922],[18.79246,57.39253],[18.7975,57.39413],[18.80292,57.39402],[18.80588,57.3949],[18.80636,57.39902],[18.8033,57.40156],[18.80324,57.40442],[18.81367,57.41558],[18.81431,57.41697],[18.8155,57.41779],[18.81805,57.41832],[18.81956,57.41912],[18.82283,57.42217],[18.82504,57.42238],[18.82817,57.42392],[18.83387,57.42588],[18.84041,57.42532],[18.8411,57.42794],[18.8443,57.43177],[18.84614,57.43307],[18.85116,57.43384],[18.85271,57.43542],[18.85287,57.43648],[18.85396,57.43619],[18.85451,57.43501],[18.85641,57.43458],[18.85808,57.43568],[18.86495,57.43557],[18.86679,57.4378],[18.86603,57.44179],[18.86674,57.44249],[18.86966,57.44357],[18.87059,57.44509],[18.8731,57.44633],[18.87756,57.44714],[18.87979,57.44683],[18.88206,57.44501],[18.88209,57.44346],[18.88682,57.44475],[18.88892,57.44492],[18.89221,57.44436],[18.89395,57.44338],[18.89394,57.44217],[18.89583,57.44062],[18.89655,57.43775],[18.89859,57.438],[18.89839,57.43587],[18.90093,57.43412],[18.90198,57.43142],[18.90456,57.42976],[18.90607,57.42965],[18.91139,57.42721],[18.9138,57.42482],[18.91851,57.42378],[18.92067,57.4246],[18.92321,57.42477],[18.92655,57.42426],[18.92829,57.42266],[18.93087,57.42155],[18.92985,57.42018],[18.92606,57.41844],[18.92554,57.41619],[18.92254,57.41317],[18.92269,57.40997],[18.92027,57.40656],[18.91913,57.40624],[18.91798,57.40459],[18.9184,57.40391],[18.91784,57.40311],[18.91677,57.40299],[18.91134,57.40064],[18.90868,57.39852],[18.90864,57.3976],[18.90554,57.39693],[18.903,57.39579],[18.89809,57.39484],[18.896,57.39353],[18.89387,57.39345],[18.89225,57.39208],[18.89098,57.38687],[18.88805,57.38477],[18.88816,57.38409],[18.88466,57.38231],[18.88314,57.3823],[18.88223,57.38274],[18.87795,57.3857],[18.87461,57.3873],[18.8759,57.38956],[18.88127,57.39042],[18.88275,57.39101],[18.8828,57.39328],[18.88153,57.39488],[18.87914,57.39629],[18.87361,57.39807],[18.86708,57.39935],[18.8649,57.39814],[18.8619,57.39752],[18.85729,57.3972],[18.8562,57.39678],[18.85236,57.39639],[18.84964,57.39556],[18.84787,57.39421],[18.84512,57.38726],[18.84302,57.38364],[18.84027,57.38288],[18.83652,57.38084],[18.83455,57.38124],[18.83416,57.38236],[18.83259,57.38297],[18.82839,57.38308],[18.82397,57.38252],[18.81886,57.38115],[18.81668,57.38002],[18.81692,57.37809],[18.81218,57.3726],[18.80579,57.36933],[18.80425,57.37032],[18.80575,57.37144],[18.80412,57.37342],[18.80046,57.37396],[18.79916,57.37348],[18.79773,57.37408],[18.79508,57.37418],[18.79033,57.37373],[18.78229,57.37123],[18.77911,57.37138],[18.76587,57.367],[18.76346,57.36599],[18.76336,57.36552],[18.75381,57.36277],[18.74602,57.35813],[18.74482,57.35526],[18.74155,57.35226],[18.74146,57.35024],[18.73932,57.34877],[18.73989,57.34783],[18.73914,57.34676],[18.73773,57.34698],[18.73273,57.34572],[18.73015,57.34461],[18.7286,57.34338],[18.72731,57.34293],[18.72539,57.34285],[18.72489,57.34244],[18.72548,57.34193],[18.72347,57.34238],[18.721,57.34141],[18.72002,57.3402],[18.72051,57.3396],[18.71842,57.33912],[18.71751,57.33812],[18.71772,57.337],[18.71636,57.33653],[18.7132,57.33206],[18.71232,57.32952],[18.70843,57.32996],[18.70302,57.33258],[18.70145,57.33477],[18.70175,57.33692],[18.69853,57.33882],[18.69247,57.34048]]]},"properties":{"objnamn":"","lan":"Gotland","kommun":"Gotland","kategori":"Påverkansområden","underkategori":"Påverkansområde övrigt","typ":"Påverkansområde"}},{"type":"Feature","geometry":{"type":"Polygon","coordinates":[[[18.641,57.6749],[18.6288,57.67296],[18.62726,57.67921],[18.62891,57.68128],[18.6289,57.68485],[18.62789,57.68558],[18.60843,57.69223],[18.61396,57.69868],[18.61392,57.71158],[18.61481,57.71259],[18.60997,57.71909],[18.60111,57.7206],[18.59345,57.7197],[18.59269,57.72089],[18.59301,57.72219],[18.57922,57.72437],[18.57719,57.72442],[18.57439,57.72514],[18.57889,57.72616],[18.57734,57.7274],[18.57664,57.73013],[18.57257,57.73338],[18.57623,57.73466],[18.58242,57.73838],[18.58841,57.74357],[18.5916,57.7426],[18.61135,57.74696],[18.64403,57.74388],[18.65726,57.7467],[18.66662,57.74708],[18.67514,57.74609],[18.66489,57.72966],[18.67038,57.72913],[18.7267,57.68917],[18.65019,57.65951],[18.65021,57.66214],[18.64961,57.66335],[18.64328,57.66966],[18.64167,57.67231],[18.641,57.6749]]]},"properties":{"objnamn":"","lan":"Gotland","kommun":"Gotland","kategori":"Påverkansområden","underkategori":"Påverkansområde övrigt","typ":"Påverkansområde"}},{"type":"Feature","geometry":{"type":"Polygon","coordinates":[[[19.33894,57.97896],[19.33989,57.97762],[19.33968,57.97292],[19.3409,57.96982],[19.34304,57.96705],[19.34531,57.96516],[19.34978,57.96336],[19.35005,57.96068],[19.3508,57.96003],[19.35033,57.95884],[19.34528,57.95633],[19.34043,57.95604],[19.33736,57.95764],[19.33571,57.95757],[19.32468,57.95544],[19.3219,57.95292],[19.31765,57.95115],[19.31214,57.94733],[19.30744,57.94474],[19.30292,57.94364],[19.29836,57.94389],[19.2929,57.94265],[19.28505,57.94255],[19.28419,57.94318],[19.28429,57.94421],[19.28346,57.94509],[19.28363,57.94828],[19.2823,57.94923],[19.27942,57.95021],[19.2703,57.95176],[19.26017,57.95227],[19.25837,57.96171],[19.25656,57.96158],[19.25276,57.97234],[19.25647,57.97206],[19.25807,57.97288],[19.25965,57.97314],[19.26006,57.97263],[19.26137,57.97265],[19.26205,57.97316],[19.26488,57.9736],[19.26591,57.97447],[19.26462,57.975],[19.26794,57.975],[19.27326,57.97373],[19.27854,57.97444],[19.28226,57.97701],[19.28481,57.97674],[19.28611,57.97759],[19.28564,57.97847],[19.28409,57.9788],[19.28635,57.98024],[19.29143,57.97981],[19.29795,57.9798],[19.2995,57.98036],[19.30206,57.98201],[19.30137,57.98315],[19.30277,57.98381],[19.30466,57.98656],[19.3091,57.9847],[19.32992,57.98271],[19.33539,57.981],[19.33894,57.97896]]]},"properties":{"objnamn":"","lan":"Gotland","kommun":"Gotland","kategori":"Påverkansområden","underkategori":"Påverkansområde övrigt","typ":"Påverkansområde"}},{"type":"Feature","geometry":{"type":"Polygon","coordinates":[[[15.01214,56.46789],[15.01302,56.46498],[15.01506,56.46591],[15.01724,56.46547],[15.0197,56.46594],[15.02259,56.46567],[15.03051,56.46099],[15.03383,56.45513],[15.03282,56.4541],[15.03349,56.45112],[15.04009,56.44582],[15.04131,56.44421],[15.04951,56.43795],[15.05106,56.43767],[15.0525,56.43272],[15.05148,56.4322],[15.05224,56.43021],[15.05392,56.42862],[15.05509,56.42652],[15.05397,56.42589],[15.05182,56.42553],[15.05017,56.42438],[15.04699,56.42488],[15.04914,56.4226],[15.04882,56.42078],[15.04647,56.42008],[15.04042,56.41936],[15.03447,56.41645],[15.02827,56.41534],[15.02271,56.41483],[15.01969,56.41564],[15.01197,56.41618],[15.01005,56.41558],[15.00833,56.41345],[15.00841,56.41212],[15.0061,56.40985],[14.99924,56.41004],[14.99504,56.40955],[14.993,56.40868],[14.98928,56.40957],[14.9838,56.41018],[14.98142,56.41135],[14.9782,56.41181],[14.97617,56.41159],[14.97282,56.41248],[14.97501,56.4201],[14.97327,56.42128],[14.97202,56.41972],[14.96841,56.41861],[14.96439,56.41881],[14.96323,56.41967],[14.95445,56.41937],[14.95335,56.42079],[14.95394,56.42293],[14.95451,56.42348],[14.95758,56.42435],[14.95783,56.42686],[14.95564,56.42822],[14.95466,56.43049],[14.94823,56.4325],[14.94915,56.43319],[14.94731,56.437],[14.97347,56.45146],[15.00098,56.47397],[15.00452,56.47263],[15.00751,56.47213],[15.00888,56.471],[15.01168,56.47011],[15.01242,56.46908],[15.01214,56.46789]]]},"properties":{"objnamn":"","lan":"Blekinge","kommun":"Tingsryd, Ronneby","kategori":"Påverkansområden","underkategori":"Påverkansområde övrigt","typ":"Påverkansområde"}},{"type":"Feature","geometry":{"type":"Polygon","coordinates":[[[15.08269,56.35948],[15.09154,56.35846],[15.09506,56.35919],[15.09685,56.3584],[15.1073,56.3581],[15.11291,56.35858],[15.12353,56.35801],[15.12593,56.35847],[15.12823,56.35821],[15.13353,56.35575],[15.13516,56.35606],[15.13675,56.3555],[15.13613,56.35398],[15.13743,56.35292],[15.13813,56.34971],[15.13734,56.3489],[15.1366,56.34569],[15.13823,56.344],[15.13066,56.33523],[15.12728,56.32789],[15.12519,56.32796],[15.12373,56.32849],[15.12117,56.32785],[15.1194,56.32829],[15.11684,56.32774],[15.11638,56.32658],[15.11463,56.32654],[15.11319,56.32558],[15.11091,56.32512],[15.10892,56.32353],[15.10764,56.32171],[15.10621,56.3209],[15.10351,56.32069],[15.10009,56.3196],[15.09593,56.3202],[15.09517,56.31923],[15.0934,56.32013],[15.08874,56.32061],[15.08624,56.31936],[15.08318,56.32029],[15.07862,56.32003],[15.07715,56.32118],[15.07807,56.32341],[15.07784,56.32689],[15.07605,56.32813],[15.07539,56.32929],[15.07649,56.33036],[15.07648,56.33108],[15.07455,56.33267],[15.07498,56.33383],[15.0724,56.34274],[15.06959,56.34682],[15.07056,56.34683],[15.07087,56.34746],[15.06989,56.3479],[15.06987,56.34914],[15.0721,56.35041],[15.07143,56.35138],[15.07169,56.35469],[15.07298,56.35451],[15.07424,56.35604],[15.07261,56.35683],[15.0702,56.35717],[15.06954,56.35771],[15.07147,56.35798],[15.07257,56.35915],[15.07547,56.35899],[15.08269,56.35948]]]},"properties":{"objnamn":"","lan":"Blekinge","kommun":"Ronneby","kategori":"Påverkansområden","underkategori":"Påverkansområde övrigt","typ":"Påverkansområde"}},{"type":"Feature","geometry":{"type":"Polygon","coordinates":[[[15.48006,56.365],[15.48284,56.36392],[15.48657,56.36417],[15.4887,56.36314],[15.49322,56.36366],[15.49243,56.36029],[15.49561,56.35838],[15.49502,56.35751],[15.49636,56.35614],[15.49597,56.3542],[15.49824,56.35335],[15.5002,56.35193],[15.50063,56.34954],[15.50598,56.34784],[15.50824,56.34773],[15.50867,56.34613],[15.51597,56.34381],[15.52184,56.3428],[15.52875,56.33791],[15.53297,56.3361],[15.53544,56.33599],[15.5369,56.33194],[15.54277,56.33013],[15.54636,56.32957],[15.54719,56.32854],[15.55337,56.32599],[15.55664,56.32558],[15.56978,56.32796],[15.57225,56.3262],[15.5782,56.32512],[15.58174,56.30084],[15.58278,56.29861],[15.57632,56.2982],[15.57208,56.29733],[15.56976,56.29745],[15.56046,56.29327],[15.55836,56.29165],[15.5567,56.28727],[15.55434,56.28693],[15.55272,56.28447],[15.54986,56.2831],[15.54259,56.28148],[15.53789,56.27879],[15.53405,56.27423],[15.53213,56.27504],[15.53156,56.27476],[15.53033,56.27362],[15.53104,56.27184],[15.53045,56.27017],[15.53135,56.26972],[15.53213,56.26713],[15.53317,56.26626],[15.53058,56.26442],[15.52944,56.26238],[15.52941,56.26085],[15.52604,56.25961],[15.52563,56.25785],[15.52402,56.25647],[15.52149,56.25744],[15.51761,56.25658],[15.51206,56.25637],[15.50961,56.2537],[15.50414,56.25424],[15.49775,56.2523],[15.49622,56.25215],[15.49337,56.25074],[15.49385,56.24993],[15.49201,56.24972],[15.49155,56.24933],[15.48928,56.24947],[15.48425,56.24862],[15.4829,56.24755],[15.47898,56.2469],[15.45181,56.25412],[15.42578,56.2573],[15.42797,56.26503],[15.42977,56.26853],[15.43348,56.27301],[15.43333,56.27529],[15.43504,56.27971],[15.43694,56.28238],[15.43826,56.28281],[15.43761,56.28352],[15.43607,56.28395],[15.43445,56.28734],[15.43454,56.29634],[15.43385,56.29672],[15.43435,56.30228],[15.43589,56.30281],[15.43492,56.30564],[15.4344,56.31086],[15.43622,56.31291],[15.43599,56.31393],[15.43368,56.31445],[15.43223,56.31822],[15.43427,56.32369],[15.43033,56.32482],[15.42586,56.32874],[15.42902,56.33075],[15.42972,56.33292],[15.42927,56.33657],[15.42986,56.34056],[15.43313,56.3434],[15.43654,56.34982],[15.4385,56.35958],[15.44168,56.36004],[15.44394,56.35976],[15.45051,56.36247],[15.45171,56.36349],[15.45356,56.36384],[15.45583,56.36271],[15.45922,56.36306],[15.46171,56.36278],[15.47755,56.36731],[15.48006,56.365]]]},"properties":{"objnamn":"","lan":"Blekinge","kommun":"Karlskrona","kategori":"Påverkansområden","underkategori":"Påverkansområde övrigt","typ":"Påverkansområde"}},{"type":"Feature","geometry":{"type":"Polygon","coordinates":[[[14.84055,56.15786],[14.84258,56.15696],[14.84509,56.1573],[14.85232,56.15734],[14.85394,56.15628],[14.85346,56.15593],[14.85383,56.15558],[14.85544,56.15489],[14.86299,56.15325],[14.86497,56.15044],[14.86499,56.14616],[14.86432,56.14473],[14.859,56.14402],[14.85998,56.13673],[14.84547,56.13302],[14.83595,56.13375],[14.83492,56.13414],[14.83452,56.13379],[14.83339,56.13395],[14.83327,56.13464],[14.83224,56.13491],[14.83254,56.13532],[14.83118,56.13662],[14.83178,56.13719],[14.83074,56.13787],[14.83123,56.13861],[14.83019,56.13946],[14.82993,56.14174],[14.83082,56.1426],[14.83215,56.14278],[14.83171,56.14392],[14.83282,56.14439],[14.83843,56.14494],[14.83862,56.14529],[14.83781,56.14698],[14.83688,56.14675],[14.83507,56.14701],[14.83229,56.14829],[14.8311,56.14938],[14.83164,56.15026],[14.82883,56.14971],[14.8269,56.1518],[14.8281,56.15371],[14.8291,56.15385],[14.82895,56.15479],[14.83138,56.15547],[14.83652,56.15814],[14.84055,56.15786]]]},"properties":{"objnamn":"","lan":"Blekinge","kommun":"Karlshamn","kategori":"Påverkansområden","underkategori":"Påverkansområde övrigt","typ":"Påverkansområde"}},{"type":"Feature","geometry":{"type":"Polygon","coordinates":[[[13.81808,56.04675],[13.81394,56.04395],[13.81136,56.04453],[13.8088,56.0444],[13.80297,56.04314],[13.80165,56.04118],[13.80133,56.03941],[13.79767,56.03832],[13.79468,56.03616],[13.79157,56.03708],[13.78673,56.03603],[13.78344,56.03666],[13.77631,56.03666],[13.77474,56.03737],[13.77157,56.03578],[13.76901,56.03597],[13.76501,56.03447],[13.76385,56.03331],[13.75814,56.03345],[13.75556,56.03409],[13.75242,56.03375],[13.74851,56.03443],[13.74494,56.03437],[13.74201,56.03592],[13.73905,56.03593],[13.73534,56.03683],[13.73426,56.03796],[13.73177,56.03871],[13.72966,56.04005],[13.72964,56.04233],[13.72688,56.04407],[13.72495,56.04436],[13.71855,56.0495],[13.71965,56.05186],[13.73259,56.05949],[13.73896,56.06821],[13.74246,56.07141],[13.74542,56.07505],[13.75402,56.08227],[13.76384,56.08562],[13.7794,56.10214],[13.78552,56.0983],[13.80217,56.08614],[13.82281,56.08157],[13.84194,56.07941],[13.84174,56.0704],[13.84242,56.06916],[13.84185,56.06803],[13.83862,56.06568],[13.83565,56.06461],[13.83598,56.0593],[13.83485,56.05563],[13.83582,56.05303],[13.83383,56.05168],[13.82401,56.05027],[13.82141,56.04937],[13.81808,56.04675]]]},"properties":{"objnamn":"","lan":"Skåne","kommun":"Hässleholm","kategori":"Påverkansområden","underkategori":"Påverkansområde övrigt","typ":"Påverkansområde"}},{"type":"Feature","geometry":{"type":"Polygon","coordinates":[[[13.65556,55.92885],[13.65943,55.92492],[13.66137,55.92473],[13.66172,55.92405],[13.66447,55.92381],[13.66812,55.92205],[13.67302,55.91609],[13.67525,55.91436],[13.67883,55.91399],[13.68134,55.91324],[13.68268,55.91232],[13.68322,55.9111],[13.68494,55.91002],[13.6879,55.90961],[13.68883,55.90563],[13.6884,55.89253],[13.67735,55.89465],[13.67625,55.89059],[13.67229,55.89063],[13.66685,55.88985],[13.66457,55.88716],[13.65826,55.88542],[13.65541,55.8842],[13.65177,55.88177],[13.632,55.87766],[13.63112,55.88261],[13.62651,55.89001],[13.62057,55.89697],[13.61532,55.90001],[13.60975,55.90451],[13.60534,55.90891],[13.60249,55.91042],[13.6033,55.91433],[13.60769,55.91655],[13.60727,55.91771],[13.61239,55.91953],[13.60654,55.92416],[13.61468,55.92777],[13.62005,55.92475],[13.63035,55.92668],[13.63304,55.92809],[13.63722,55.92778],[13.65078,55.92893],[13.65556,55.92885]]]},"properties":{"objnamn":"","lan":"Skåne","kommun":"Hörby","kategori":"Påverkansområden","underkategori":"Påverkansområde övrigt","typ":"Påverkansområde"}},{"type":"Feature","geometry":{"type":"Polygon","coordinates":[[[13.45279,55.58467],[13.45435,55.5839],[13.45595,55.58399],[13.4621,55.58291],[13.47267,55.578],[13.47406,55.5776],[13.47567,55.57763],[13.47724,55.57687],[13.48163,55.57572],[13.48174,55.57399],[13.48297,55.57172],[13.4846,55.57129],[13.48889,55.56693],[13.49548,55.56277],[13.49582,55.56209],[13.49539,55.55906],[13.4912,55.55853],[13.48977,55.55878],[13.48789,55.55824],[13.48615,55.55866],[13.48456,55.55834],[13.48184,55.55846],[13.47981,55.55706],[13.47955,55.55631],[13.47833,55.55612],[13.47505,55.55405],[13.47244,55.55401],[13.46898,55.55468],[13.46679,55.55424],[13.46677,55.54945],[13.46436,55.5494],[13.46538,55.54754],[13.46674,55.54659],[13.46575,55.54464],[13.46142,55.54543],[13.4488,55.55042],[13.44602,55.55071],[13.44211,55.55045],[13.43884,55.55289],[13.43499,55.55421],[13.43488,55.55616],[13.43269,55.55984],[13.43344,55.56636],[13.43186,55.56818],[13.43309,55.56951],[13.43333,55.57091],[13.43085,55.57392],[13.43219,55.57618],[13.43146,55.57756],[13.43246,55.5799],[13.43126,55.58071],[13.42998,55.58292],[13.43186,55.58444],[13.43334,55.58657],[13.437,55.58767],[13.43865,55.58873],[13.4459,55.58704],[13.44921,55.58557],[13.45279,55.58467]]]},"properties":{"objnamn":"","lan":"Skåne","kommun":"Lund","kategori":"Påverkansområden","underkategori":"Påverkansområde övrigt","typ":"Påverkansområde"}},{"type":"Feature","geometry":{"type":"Polygon","coordinates":[[[13.28948,56.21458],[13.29403,56.21444],[13.2949,56.2152],[13.29694,56.21461],[13.29639,56.21329],[13.29798,56.21041],[13.30196,56.20747],[13.30331,56.20567],[13.30848,56.20173],[13.31199,56.20123],[13.31306,56.20045],[13.31588,56.19965],[13.31793,56.19958],[13.31905,56.19812],[13.32064,56.19724],[13.32396,56.19331],[13.32466,56.19176],[13.32694,56.19025],[13.32459,56.18362],[13.32934,56.17653],[13.32692,56.17597],[13.32569,56.17452],[13.32276,56.17326],[13.32268,56.17206],[13.32081,56.17065],[13.32078,56.1698],[13.31979,56.16916],[13.31724,56.16916],[13.31681,56.16635],[13.31519,56.16455],[13.31284,56.16439],[13.30879,56.1622],[13.30792,56.16517],[13.30454,56.16554],[13.29373,56.16583],[13.29218,56.1646],[13.26098,56.16482],[13.26088,56.16635],[13.25119,56.16752],[13.25484,56.17256],[13.24241,56.17801],[13.23846,56.18079],[13.23357,56.18325],[13.23416,56.18396],[13.2328,56.18717],[13.23383,56.18861],[13.23374,56.18987],[13.23245,56.19075],[13.23081,56.19578],[13.23147,56.19935],[13.23241,56.20045],[13.24086,56.20428],[13.24222,56.20545],[13.24192,56.20681],[13.24472,56.20778],[13.24709,56.21062],[13.25296,56.21018],[13.25475,56.2109],[13.25711,56.21089],[13.25968,56.21226],[13.26268,56.21175],[13.26661,56.21274],[13.26837,56.21243],[13.27296,56.2127],[13.27731,56.21148],[13.2815,56.21238],[13.28403,56.21241],[13.2862,56.21531],[13.28948,56.21458]]]},"properties":{"objnamn":"","lan":"Skåne","kommun":"Perstorp,  Klippan","kategori":"Påverkansområden","underkategori":"Påverkansområde övrigt","typ":"Påverkansområde"}},{"type":"Feature","geometry":{"type":"Polygon","coordinates":[[[13.90446,55.75771],[13.90593,55.75705],[13.90754,55.75829],[13.90919,55.75886],[13.91301,55.75892],[13.91339,55.75609],[13.91274,55.7546],[13.91546,55.75275],[13.91509,55.75046],[13.92089,55.7492],[13.92196,55.74679],[13.92607,55.74591],[13.92395,55.74419],[13.91882,55.74357],[13.91527,55.74183],[13.91159,55.73881],[13.90881,55.73216],[13.90176,55.73138],[13.89936,55.72999],[13.89673,55.72995],[13.89696,55.72537],[13.89286,55.71939],[13.88992,55.71784],[13.8913,55.71523],[13.88881,55.71436],[13.87429,55.71425],[13.86104,55.71753],[13.85503,55.71352],[13.85338,55.71309],[13.84829,55.71449],[13.84567,55.71445],[13.84465,55.71565],[13.84049,55.71565],[13.83824,55.71501],[13.83504,55.71672],[13.83028,55.71813],[13.82348,55.71868],[13.82358,55.72151],[13.81993,55.7228],[13.82292,55.725],[13.82119,55.72619],[13.82329,55.72717],[13.8218,55.72836],[13.8363,55.73692],[13.83723,55.73979],[13.83713,55.74182],[13.8382,55.74412],[13.83711,55.74694],[13.83724,55.7492],[13.83587,55.75019],[13.83569,55.75136],[13.83847,55.75342],[13.8408,55.75428],[13.84215,55.75605],[13.84659,55.75801],[13.85709,55.75565],[13.87619,55.75331],[13.88604,55.75333],[13.8997,55.75882],[13.90446,55.75771]]]},"properties":{"objnamn":"","lan":"Skåne","kommun":"Sjöbo","kategori":"Påverkansområden","underkategori":"Påverkansområde övrigt","typ":"Påverkansområde"}},{"type":"Feature","geometry":{"type":"Polygon","coordinates":[[[13.27673,55.56245],[13.28121,55.56174],[13.28198,55.56233],[13.2877,55.55794],[13.30005,55.5583],[13.30732,55.558],[13.31267,55.55708],[13.3155,55.55605],[13.31638,55.55835],[13.3233,55.55684],[13.32785,55.55642],[13.33031,55.55578],[13.32935,55.55502],[13.33029,55.55453],[13.33065,55.55266],[13.33239,55.55174],[13.33353,55.55045],[13.33634,55.54946],[13.34529,55.55105],[13.34834,55.55625],[13.35092,55.55534],[13.34972,55.55452],[13.34876,55.55291],[13.35078,55.55203],[13.35205,55.55083],[13.34957,55.5466],[13.34973,55.54409],[13.34798,55.54167],[13.34109,55.53632],[13.34548,55.53457],[13.35095,55.53315],[13.34854,55.52979],[13.34516,55.52755],[13.33897,55.52515],[13.33578,55.52309],[13.32522,55.50872],[13.31947,55.50944],[13.2976,55.51461],[13.29283,55.51542],[13.26224,55.51411],[13.2585,55.51443],[13.26384,55.52201],[13.26196,55.52317],[13.26474,55.52523],[13.26746,55.52825],[13.26179,55.52893],[13.25949,55.53025],[13.26347,55.53245],[13.26444,55.53458],[13.26642,55.53667],[13.26522,55.53967],[13.26575,55.54571],[13.26662,55.54609],[13.26189,55.55221],[13.25807,55.55521],[13.25493,55.56331],[13.25504,55.56479],[13.2682,55.56524],[13.27673,55.56245]]]},"properties":{"objnamn":"","lan":"Skåne","kommun":"Svedala","kategori":"Påverkansområden","underkategori":"Påverkansområde övrigt","typ":"Påverkansområde"}},{"type":"Feature","geometry":{"type":"Polygon","coordinates":[[[13.4046,55.45545],[13.39616,55.4538],[13.3948,55.4548],[13.39236,55.45527],[13.39011,55.45756],[13.388,55.45758],[13.38665,55.45824],[13.38817,55.45969],[13.3873,55.46076],[13.38273,55.4617],[13.38275,55.46295],[13.38058,55.46393],[13.37794,55.46611],[13.37617,55.46875],[13.36692,55.47045],[13.36337,55.47917],[13.36481,55.48022],[13.36457,55.48085],[13.36884,55.48829],[13.37488,55.48972],[13.38196,55.4938],[13.38529,55.49524],[13.39269,55.49099],[13.39411,55.48913],[13.39812,55.4875],[13.40052,55.48618],[13.40159,55.48506],[13.41096,55.48131],[13.41397,55.47646],[13.41905,55.47371],[13.42118,55.47175],[13.42235,55.46898],[13.43069,55.46401],[13.42894,55.463],[13.42893,55.45981],[13.41934,55.45728],[13.40815,55.45649],[13.4046,55.45545]]]},"properties":{"objnamn":"","lan":"Skåne","kommun":"Svedala, Trelleborg","kategori":"Påverkansområden","underkategori":"Påverkansområde övrigt","typ":"Påverkansområde"}},{"type":"Feature","geometry":{"type":"Polygon","coordinates":[[[12.9533,55.35432],[12.78604,55.34612],[12.83154,55.45102],[12.90101,55.4506],[12.91827,55.42686],[12.93544,55.40962],[12.94443,55.39823],[12.96978,55.37467],[12.9533,55.35432]]]},"properties":{"objnamn":"","lan":"Skåne","kommun":"Vellinge","kategori":"Påverkansområden","underkategori":"Påverkansområde övrigt","typ":"Påverkansområde"}},{"type":"Feature","geometry":{"type":"Polygon","coordinates":[[[13.24027,56.32376],[13.24167,56.32345],[13.24271,56.32381],[13.24568,56.32285],[13.25256,56.32291],[13.25567,56.32221],[13.26746,56.32202],[13.26797,56.32118],[13.26981,56.32114],[13.27484,56.31911],[13.27348,56.31645],[13.27456,56.31639],[13.27803,56.31485],[13.2817,56.31484],[13.28781,56.31351],[13.29287,56.31456],[13.30026,56.31396],[13.31039,56.31658],[13.31285,56.31301],[13.32326,56.31218],[13.32415,56.31093],[13.32029,56.3093],[13.31252,56.30407],[13.30425,56.29966],[13.29785,56.30165],[13.2948,56.30159],[13.28169,56.30328],[13.28202,56.30065],[13.27679,56.30122],[13.27244,56.29986],[13.26947,56.3009],[13.26787,56.30197],[13.26211,56.30118],[13.25729,56.30244],[13.25577,56.30232],[13.25511,56.30307],[13.25548,56.30435],[13.25293,56.30592],[13.25127,56.30563],[13.25001,56.3062],[13.24563,56.30543],[13.23854,56.30621],[13.2366,56.30549],[13.23549,56.30615],[13.23353,56.30568],[13.22266,56.31047],[13.21955,56.31126],[13.20507,56.31282],[13.19216,56.31825],[13.19253,56.31953],[13.19105,56.32103],[13.19203,56.32232],[13.19183,56.32308],[13.18796,56.32368],[13.1882,56.32529],[13.18724,56.32979],[13.19597,56.33626],[13.20002,56.33745],[13.20488,56.34027],[13.20672,56.34031],[13.20924,56.34147],[13.21417,56.33868],[13.22121,56.33645],[13.2208,56.33576],[13.23369,56.33059],[13.23568,56.32834],[13.23839,56.32669],[13.24027,56.32376]]]},"properties":{"objnamn":"","lan":"Skåne","kommun":"Örkelljunga, Laholm, Ängelholm","kategori":"Påverkansområden","underkategori":"Påverkansområde övrigt","typ":"Påverkansområde"}},{"type":"Feature","geometry":{"type":"Polygon","coordinates":[[[12.87075,56.81205],[12.87875,56.80891],[12.88105,56.80749],[12.88113,56.80647],[12.88212,56.80668],[12.90658,56.80198],[12.91777,56.80113],[12.9178,56.80067],[12.92916,56.79761],[12.92554,56.78551],[12.92353,56.78537],[12.9218,56.77932],[12.91721,56.77773],[12.91655,56.77319],[12.89589,56.77252],[12.89417,56.77304],[12.89285,56.77273],[12.88892,56.76691],[12.87837,56.76629],[12.87422,56.76767],[12.86532,56.77384],[12.86363,56.77602],[12.86266,56.782],[12.85069,56.78431],[12.85129,56.78525],[12.85275,56.78593],[12.85084,56.78671],[12.8506,56.78976],[12.84832,56.79091],[12.85306,56.7949],[12.85629,56.79877],[12.85722,56.80193],[12.85909,56.80383],[12.85974,56.80634],[12.86098,56.80766],[12.86398,56.81032],[12.86635,56.81019],[12.87075,56.81205]]]},"properties":{"objnamn":"","lan":"Halland","kommun":"Halmstad","kategori":"Påverkansområden","underkategori":"Påverkansområde övrigt","typ":"Påverkansområde"}},{"type":"Feature","geometry":{"type":"Polygon","coordinates":[[[11.46876,58.74178],[11.47186,58.74151],[11.4846,58.74222],[11.48553,58.74056],[11.48458,58.7395],[11.48531,58.73652],[11.48476,58.73509],[11.48556,58.73446],[11.4859,58.73175],[11.48483,58.73021],[11.48558,58.72704],[11.48396,58.72561],[11.48501,58.72148],[11.48599,58.72086],[11.48588,58.71738],[11.48473,58.71496],[11.48335,58.71463],[11.4813,58.71206],[11.4793,58.71096],[11.47945,58.70982],[11.47865,58.70868],[11.47739,58.70867],[11.47718,58.70775],[11.47387,58.70655],[11.47095,58.70392],[11.47102,58.70336],[11.46817,58.70259],[11.46448,58.70511],[11.45897,58.70445],[11.45566,58.70349],[11.45207,58.70478],[11.44731,58.70537],[11.44338,58.70646],[11.43994,58.70653],[11.43441,58.70747],[11.43137,58.70868],[11.42738,58.70883],[11.42219,58.70996],[11.41841,58.71275],[11.41596,58.71351],[11.41297,58.71575],[11.40878,58.71776],[11.40677,58.71803],[11.40224,58.71783],[11.40127,58.71695],[11.39983,58.7169],[11.39324,58.72898],[11.40737,58.73434],[11.40594,58.7357],[11.4077,58.73745],[11.40719,58.73866],[11.41153,58.74435],[11.42106,58.74569],[11.44472,58.74473],[11.46876,58.74178]]]},"properties":{"objnamn":"","lan":"Västra Götaland","kommun":"Tanum","kategori":"Påverkansområden","underkategori":"Påverkansområde övrigt","typ":"Påverkansområde"}},{"type":"Feature","geometry":{"type":"Polygon","coordinates":[[[11.44914,58.24591],[11.45069,58.24537],[11.45379,58.24552],[11.45845,58.24432],[11.45676,58.23508],[11.45447,58.23192],[11.45121,58.23184],[11.44722,58.2294],[11.44693,58.22773],[11.44329,58.22592],[11.44285,58.22408],[11.44203,58.22343],[11.43548,58.22524],[11.43508,58.22568],[11.43197,58.22593],[11.42423,58.22756],[11.42299,58.22849],[11.42305,58.22892],[11.42386,58.22897],[11.42456,58.22805],[11.42517,58.22899],[11.42634,58.22922],[11.42685,58.22996],[11.42568,58.23105],[11.4282,58.23357],[11.4295,58.23343],[11.4305,58.23433],[11.42967,58.2348],[11.43122,58.23548],[11.4309,58.23597],[11.42736,58.23564],[11.42647,58.23621],[11.42593,58.2381],[11.42758,58.2392],[11.42663,58.23995],[11.42703,58.24103],[11.43354,58.24516],[11.43461,58.24505],[11.43479,58.24574],[11.43757,58.24805],[11.44142,58.24852],[11.44458,58.24976],[11.44495,58.24959],[11.44378,58.24867],[11.44432,58.24745],[11.44849,58.24645],[11.44914,58.24591]]]},"properties":{"objnamn":"","lan":"Västra Götaland","kommun":"Lysekil","kategori":"Påverkansområden","underkategori":"Påverkansområde övrigt","typ":"Påverkansområde"}},{"type":"Feature","geometry":{"type":"Polygon","coordinates":[[[13.01269,57.94996],[13.0128,57.94856],[13.01478,57.94474],[13.02534,57.93748],[13.02459,57.92946],[13.02595,57.92407],[13.026,57.92077],[13.02313,57.91713],[13.02221,57.91397],[13.01973,57.90939],[13.01777,57.91024],[13.0145,57.91039],[13.01347,57.91149],[13.00984,57.91225],[13.00723,57.91202],[13.00483,57.9104],[12.9987,57.90948],[12.99725,57.90789],[12.99637,57.90574],[12.99027,57.90443],[12.99057,57.90337],[12.98972,57.90207],[12.96325,57.9139],[12.96004,57.91332],[12.94726,57.9221],[12.94157,57.92482],[12.94551,57.92558],[12.95102,57.92766],[12.94928,57.92841],[12.94869,57.93181],[12.9453,57.93346],[12.94394,57.93466],[12.9458,57.93773],[12.94671,57.93825],[12.94909,57.9387],[12.95756,57.94202],[12.96194,57.94251],[12.96586,57.94215],[12.96888,57.94244],[12.97135,57.94317],[12.97544,57.946],[12.9793,57.94782],[12.97985,57.9475],[12.98366,57.94719],[12.98734,57.94727],[12.99086,57.94657],[12.99351,57.94769],[12.99749,57.94789],[13.00282,57.94974],[13.00649,57.94859],[13.0107,57.94991],[13.01269,57.94996]]]},"properties":{"objnamn":"","lan":"Västra Götaland","kommun":"Herrljunga","kategori":"Påverkansområden","underkategori":"Påverkansområde övrigt","typ":"Påverkansområde"}},{"type":"Feature","geometry":{"type":"Polygon","coordinates":[[[13.15095,57.96621],[13.15937,57.96489],[13.16451,57.96324],[13.16851,57.96016],[13.1756,57.95338],[13.17889,57.95131],[13.18796,57.9473],[13.18935,57.94616],[13.19047,57.94309],[13.18623,57.94092],[13.18538,57.93974],[13.1788,57.93751],[13.17695,57.93489],[13.17273,57.93255],[13.17233,57.93154],[13.16845,57.93104],[13.16519,57.92847],[13.16031,57.92654],[13.15423,57.92484],[13.14589,57.92023],[13.1417,57.92173],[13.13606,57.92161],[13.1318,57.92202],[13.12921,57.92313],[13.12702,57.92517],[13.12408,57.92669],[13.12175,57.9264],[13.12023,57.92578],[13.11705,57.92646],[13.11581,57.92627],[13.1139,57.92656],[13.11256,57.92779],[13.11238,57.93012],[13.11066,57.93008],[13.10976,57.93156],[13.10921,57.93272],[13.10958,57.93411],[13.10889,57.93488],[13.10188,57.9352],[13.09951,57.93443],[13.08815,57.93536],[13.08554,57.93463],[13.08377,57.93526],[13.07877,57.93491],[13.07825,57.93556],[13.07873,57.93757],[13.07975,57.9386],[13.07877,57.93908],[13.07783,57.94114],[13.07901,57.9546],[13.08082,57.95547],[13.08348,57.9597],[13.08487,57.96006],[13.08543,57.96091],[13.08746,57.96112],[13.09067,57.9601],[13.09238,57.96021],[13.09599,57.95926],[13.09709,57.95824],[13.09924,57.95887],[13.10363,57.95896],[13.10805,57.95855],[13.10991,57.96101],[13.11501,57.96204],[13.11604,57.96289],[13.12247,57.96511],[13.12242,57.96604],[13.12726,57.96597],[13.13157,57.96721],[13.13341,57.96576],[13.13504,57.96528],[13.13788,57.96608],[13.14091,57.96625],[13.14128,57.96751],[13.14281,57.96813],[13.15095,57.96621]]]},"properties":{"objnamn":"","lan":"Västra Götaland","kommun":"Herrljunga","kategori":"Påverkansområden","underkategori":"Påverkansområde övrigt","typ":"Påverkansområde"}},{"type":"Feature","geometry":{"type":"Polygon","coordinates":[[[13.21305,58.03173],[13.21647,58.03085],[13.21983,58.03092],[13.2228,58.03003],[13.22647,58.02952],[13.23869,58.02862],[13.24434,58.02634],[13.25102,58.02459],[13.25504,58.02403],[13.25868,58.02418],[13.26254,58.02283],[13.26536,58.021],[13.26144,58.01864],[13.26241,58.01799],[13.26573,58.0173],[13.2649,58.01127],[13.2659,58.00678],[13.2666,58.00631],[13.26699,58.00395],[13.26647,58.0018],[13.26944,57.99981],[13.26553,57.99739],[13.26394,57.99708],[13.26312,57.99643],[13.26095,57.99684],[13.25697,57.99528],[13.25469,57.99575],[13.25242,57.99588],[13.25058,57.99554],[13.24896,57.99615],[13.24736,57.996],[13.23883,57.99361],[13.23643,57.98877],[13.2354,57.98881],[13.23127,57.99026],[13.23016,57.99024],[13.22931,57.98878],[13.22596,57.98735],[13.2232,57.98558],[13.21611,57.98937],[13.20523,57.99129],[13.20347,57.9909],[13.20245,57.99018],[13.20096,57.9901],[13.19866,57.99068],[13.19821,57.99245],[13.19582,57.99273],[13.19446,57.99178],[13.1913,57.99207],[13.18989,57.993],[13.18536,57.99373],[13.18269,57.99457],[13.18232,57.99525],[13.17567,57.99769],[13.17715,57.99987],[13.17504,58.00029],[13.17318,58.00122],[13.17079,58.00157],[13.16834,58.00313],[13.16829,58.00372],[13.1697,58.00468],[13.16722,58.00634],[13.16568,58.00877],[13.16582,58.00997],[13.16467,58.01042],[13.16402,58.01314],[13.16235,58.01453],[13.1618,58.01582],[13.1651,58.0197],[13.174,58.02356],[13.17847,58.02366],[13.18545,58.02618],[13.18447,58.02734],[13.19558,58.03173],[13.20595,58.03385],[13.21305,58.03173]]]},"properties":{"objnamn":"","lan":"Västra Götaland","kommun":"Herrljunga","kategori":"Påverkansområden","underkategori":"Påverkansområde övrigt","typ":"Påverkansområde"}},{"type":"Feature","geometry":{"type":"Polygon","coordinates":[[[13.14641,58.15656],[13.15504,58.15664],[13.15905,58.15746],[13.16816,58.15722],[13.17821,58.1534],[13.18202,58.15248],[13.18664,58.14975],[13.18959,58.1496],[13.19865,58.14653],[13.20345,58.14435],[13.20893,58.14115],[13.2006,58.13616],[13.20759,58.1329],[13.2034,58.13218],[13.20297,58.12927],[13.21431,58.12572],[13.21019,58.12149],[13.21435,58.1203],[13.21814,58.11699],[13.21042,58.11524],[13.20083,58.114],[13.17918,58.11543],[13.15276,58.11452],[13.13125,58.11426],[13.13281,58.12204],[13.13211,58.12279],[13.13326,58.1247],[13.13056,58.12709],[13.12873,58.12768],[13.12334,58.12701],[13.12281,58.12918],[13.12072,58.12985],[13.11963,58.13103],[13.11811,58.13083],[13.11634,58.13138],[13.11758,58.13394],[13.11619,58.13662],[13.1171,58.1389],[13.11574,58.13922],[13.11606,58.14007],[13.11879,58.14134],[13.11959,58.14334],[13.11802,58.14443],[13.11766,58.14539],[13.12298,58.1457],[13.127,58.14506],[13.13011,58.14829],[13.13046,58.14985],[13.13255,58.15313],[13.13541,58.15257],[13.14073,58.15484],[13.14309,58.15793],[13.14641,58.15656]]]},"properties":{"objnamn":"","lan":"Västra Götaland","kommun":"Vara, Herrljunga, Falköping","kategori":"Påverkansområden","underkategori":"Påverkansområde övrigt","typ":"Påverkansområde"}},{"type":"Feature","geometry":{"type":"Polygon","coordinates":[[[14.45476,59.94375],[14.45545,59.94096],[14.45416,59.93906],[14.45212,59.93887],[14.45069,59.93772],[14.45287,59.93443],[14.44816,59.9329],[14.44712,59.93352],[14.44387,59.9324],[14.44315,59.93319],[14.4418,59.93307],[14.44047,59.93208],[14.43812,59.93137],[14.43906,59.93053],[14.4372,59.9288],[14.43432,59.92734],[14.43544,59.92468],[14.43297,59.92397],[14.4326,59.92191],[14.42772,59.91639],[14.428,59.91525],[14.42464,59.91402],[14.42432,59.91132],[14.42172,59.90981],[14.41645,59.90826],[14.41119,59.90732],[14.40571,59.91023],[14.39849,59.91283],[14.39406,59.91264],[14.39205,59.91113],[14.38948,59.90795],[14.38419,59.90792],[14.37496,59.90901],[14.36673,59.91186],[14.36094,59.91837],[14.35702,59.91982],[14.36095,59.92477],[14.36088,59.92655],[14.35992,59.92803],[14.36107,59.93232],[14.35951,59.93413],[14.35481,59.9366],[14.3516,59.93581],[14.35089,59.93398],[14.34962,59.93447],[14.34921,59.93584],[14.34769,59.93682],[14.34763,59.94089],[14.34506,59.9399],[14.34288,59.94044],[14.34098,59.93974],[14.3392,59.94104],[14.34176,59.94344],[14.33875,59.9446],[14.33661,59.94606],[14.33448,59.94787],[14.33497,59.94961],[14.33162,59.95166],[14.33268,59.9527],[14.33746,59.95351],[14.33648,59.95558],[14.33728,59.96176],[14.33487,59.96475],[14.33527,59.96955],[14.33723,59.9721],[14.33951,59.9742],[14.35131,59.97616],[14.36888,59.97755],[14.3898,59.97761],[14.3959,59.97602],[14.40862,59.97466],[14.42359,59.97154],[14.43535,59.96691],[14.43663,59.96476],[14.43811,59.96472],[14.43951,59.96097],[14.44283,59.95759],[14.44657,59.95512],[14.45151,59.94822],[14.45276,59.94549],[14.45476,59.94375]]]},"properties":{"objnamn":"","lan":"Örebro","kommun":"Hällefors, Filipstad","kategori":"Påverkansområden","underkategori":"Påverkansområde övrigt","typ":"Påverkansområde"}},{"type":"Feature","geometry":{"type":"Polygon","coordinates":[[[14.80171,59.90978],[14.802,59.90902],[14.80885,59.90919],[14.82093,59.90862],[14.84027,59.91014],[14.85178,59.90464],[14.85421,59.90229],[14.85825,59.9016],[14.86449,59.89809],[14.86613,59.8955],[14.86628,59.89335],[14.86886,59.89113],[14.86995,59.88886],[14.87334,59.885],[14.87328,59.88329],[14.87153,59.88317],[14.8699,59.88258],[14.86969,59.88167],[14.86619,59.87993],[14.86776,59.87436],[14.86642,59.87174],[14.86763,59.87044],[14.86767,59.86913],[14.8658,59.86841],[14.86605,59.86793],[14.86397,59.86638],[14.85362,59.86488],[14.84918,59.86342],[14.84735,59.86127],[14.84715,59.86008],[14.82523,59.85873],[14.82053,59.8581],[14.8035,59.85904],[14.78821,59.85775],[14.78527,59.8648],[14.78316,59.86712],[14.78308,59.87052],[14.77952,59.87097],[14.77895,59.87441],[14.78011,59.87787],[14.77923,59.88047],[14.77391,59.88446],[14.75763,59.89122],[14.75762,59.89158],[14.75946,59.89302],[14.76451,59.89439],[14.76816,59.89475],[14.76968,59.89597],[14.77092,59.89621],[14.77424,59.89532],[14.78046,59.89605],[14.7818,59.89663],[14.78293,59.89866],[14.78252,59.90263],[14.78355,59.90912],[14.78348,59.91138],[14.7814,59.91328],[14.78218,59.91397],[14.78365,59.91415],[14.7862,59.91532],[14.78826,59.9155],[14.79104,59.9174],[14.7932,59.91724],[14.79705,59.91611],[14.79992,59.91273],[14.79909,59.91138],[14.80171,59.90978]]]},"properties":{"objnamn":"","lan":"Örebro","kommun":"Ljusnarsberg, Hällefors","kategori":"Påverkansområden","underkategori":"Påverkansområde övrigt","typ":"Påverkansområde"}},{"type":"Feature","geometry":{"type":"Polygon","coordinates":[[[14.85876,59.74755],[14.86105,59.74633],[14.88056,59.74715],[14.88225,59.74127],[14.88604,59.73518],[14.88854,59.73337],[14.88649,59.73094],[14.88975,59.72841],[14.88877,59.72731],[14.89208,59.724],[14.89944,59.71259],[14.89506,59.7126],[14.89388,59.71163],[14.88898,59.71187],[14.88672,59.71081],[14.88739,59.70827],[14.88684,59.70775],[14.88292,59.70871],[14.87759,59.71196],[14.87136,59.71288],[14.86864,59.71365],[14.85817,59.71065],[14.85081,59.70655],[14.84465,59.7072],[14.83969,59.70547],[14.83731,59.70398],[14.83023,59.70509],[14.82768,59.7051],[14.82363,59.70345],[14.82127,59.70599],[14.81541,59.70734],[14.81426,59.70792],[14.81026,59.71109],[14.8089,59.71286],[14.80757,59.71352],[14.81533,59.71639],[14.81636,59.72212],[14.81482,59.72358],[14.81886,59.72712],[14.82177,59.7275],[14.82306,59.72827],[14.82314,59.72932],[14.82115,59.73175],[14.82126,59.7327],[14.81533,59.73673],[14.81642,59.73686],[14.81724,59.7378],[14.81715,59.73853],[14.81589,59.73922],[14.8202,59.7413],[14.82851,59.74262],[14.83371,59.7426],[14.8391,59.74372],[14.84699,59.74418],[14.84807,59.74572],[14.8541,59.74833],[14.8557,59.7476],[14.85876,59.74755]]]},"properties":{"objnamn":"","lan":"Örebro","kommun":"Hällefors","kategori":"Påverkansområden","underkategori":"Påverkansområde övrigt","typ":"Påverkansområde"}},{"type":"Feature","geometry":{"type":"Polygon","coordinates":[[[16.7701,59.62436],[16.78954,59.62234],[16.79127,59.62048],[16.79479,59.61824],[16.7965,59.61433],[16.795,59.61251],[16.79843,59.60797],[16.77871,59.59328],[16.77604,59.59274],[16.77229,59.59299],[16.76648,59.59426],[16.7473,59.59575],[16.73282,59.5954],[16.72386,59.59468],[16.72381,59.59562],[16.72806,59.60213],[16.72756,59.60514],[16.71693,59.61205],[16.71851,59.61469],[16.71735,59.61482],[16.71646,59.61624],[16.71851,59.619],[16.72239,59.62021],[16.72185,59.62198],[16.72282,59.62339],[16.72251,59.62469],[16.73528,59.62444],[16.73834,59.62475],[16.75046,59.62968],[16.75215,59.62766],[16.7701,59.62436]]]},"properties":{"objnamn":"","lan":"Västmanland","kommun":"Västerås","kategori":"Påverkansområden","underkategori":"Påverkansområde övrigt","typ":"Påverkansområde"}},{"type":"Feature","geometry":{"type":"Polygon","coordinates":[[[16.18462,59.93016],[16.1863,59.92965],[16.18937,59.93009],[16.21056,59.92667],[16.20999,59.92467],[16.21078,59.92404],[16.21496,59.92261],[16.21847,59.92203],[16.22495,59.92229],[16.22925,59.92159],[16.23527,59.923],[16.23697,59.92259],[16.243,59.9224],[16.24637,59.91988],[16.25023,59.9197],[16.25259,59.91764],[16.2486,59.91646],[16.24916,59.91566],[16.24856,59.91372],[16.2429,59.91431],[16.24118,59.91312],[16.24058,59.91112],[16.24789,59.90705],[16.24598,59.906],[16.25472,59.90573],[16.23501,59.89399],[16.16617,59.86416],[16.16425,59.86445],[16.15052,59.87383],[16.12214,59.88217],[16.12025,59.88762],[16.1153,59.89079],[16.11093,59.89576],[16.10487,59.90471],[16.12844,59.91524],[16.13189,59.91623],[16.13336,59.91628],[16.13391,59.9144],[16.13618,59.91399],[16.13814,59.91546],[16.14216,59.91568],[16.14452,59.91544],[16.14524,59.91651],[16.15221,59.91709],[16.15211,59.91792],[16.15354,59.91874],[16.15709,59.9185],[16.15898,59.91897],[16.16704,59.92189],[16.16774,59.92354],[16.16673,59.92434],[16.16832,59.92502],[16.16777,59.92582],[16.16891,59.92673],[16.17142,59.92729],[16.17246,59.92894],[16.17692,59.92959],[16.17769,59.93001],[16.18019,59.92966],[16.18201,59.93011],[16.18462,59.93016]]]},"properties":{"objnamn":"","lan":"Västmanland","kommun":"Sala","kategori":"Påverkansområden","underkategori":"Påverkansområde övrigt","typ":"Påverkansområde"}},{"type":"Feature","geometry":{"type":"Polygon","coordinates":[[[16.47472,60.17159],[16.47671,60.17141],[16.48064,60.1729],[16.48124,60.17122],[16.48253,60.1705],[16.4951,60.16952],[16.51107,60.16243],[16.51967,60.15794],[16.53048,60.15554],[16.53465,60.15273],[16.53678,60.15034],[16.53454,60.14805],[16.53513,60.14688],[16.53452,60.14496],[16.53876,60.13737],[16.50277,60.1367],[16.49288,60.13443],[16.49285,60.13352],[16.49104,60.13351],[16.49056,60.13301],[16.48865,60.13333],[16.48871,60.1338],[16.47684,60.13217],[16.46298,60.13087],[16.45752,60.12867],[16.45139,60.13416],[16.44874,60.14006],[16.43848,60.14374],[16.42173,60.15479],[16.44696,60.16835],[16.44947,60.17044],[16.45502,60.17337],[16.4565,60.17379],[16.4646,60.17361],[16.47472,60.17159]]]},"properties":{"objnamn":"","lan":"Dalarna","kommun":"Avesta","kategori":"Påverkansområden","underkategori":"Påverkansområde övrigt","typ":"Påverkansområde"}},{"type":"Feature","geometry":{"type":"Polygon","coordinates":[[[17.75321,62.67039],[17.75855,62.66657],[17.75394,62.66615],[17.74425,62.66426],[17.72544,62.65566],[17.71222,62.65162],[17.67681,62.64665],[17.67056,62.64934],[17.66625,62.65046],[17.66261,62.65419],[17.66195,62.65598],[17.66295,62.65965],[17.65919,62.66148],[17.65988,62.66563],[17.66083,62.66672],[17.66611,62.66862],[17.67351,62.67014],[17.6765,62.66975],[17.67873,62.67111],[17.67888,62.67354],[17.6805,62.67531],[17.68339,62.67671],[17.6866,62.68009],[17.68581,62.68149],[17.68641,62.68356],[17.68804,62.68484],[17.70538,62.68532],[17.71777,62.68515],[17.72518,62.68386],[17.72842,62.68204],[17.73235,62.67878],[17.73687,62.67682],[17.74371,62.67526],[17.75321,62.67039]]]},"properties":{"objnamn":"","lan":"Västernorrland","kommun":"Härnösand","kategori":"Påverkansområden","underkategori":"Påverkansområde övrigt","typ":"Påverkansområde"}},{"type":"Feature","geometry":{"type":"Polygon","coordinates":[[[14.50279,63.22118],[14.50532,63.22058],[14.5096,63.22117],[14.51245,63.22112],[14.51224,63.22036],[14.51336,63.22004],[14.51217,63.21929],[14.51245,63.21884],[14.51495,63.21841],[14.52029,63.21875],[14.52115,63.21945],[14.5237,63.21941],[14.52449,63.21885],[14.52208,63.21727],[14.51326,63.21517],[14.51715,63.21182],[14.51614,63.21143],[14.52736,63.20571],[14.52401,63.20361],[14.52048,63.20289],[14.49372,63.19075],[14.47152,63.19942],[14.46514,63.20314],[14.45915,63.2046],[14.45252,63.20949],[14.45089,63.21181],[14.44835,63.21226],[14.44768,63.21276],[14.45091,63.21303],[14.45669,63.21582],[14.45862,63.21598],[14.46072,63.2172],[14.46693,63.2178],[14.47108,63.21913],[14.47373,63.21885],[14.47633,63.21794],[14.48008,63.21851],[14.48606,63.2209],[14.48736,63.22073],[14.48708,63.21948],[14.48974,63.21923],[14.49031,63.21964],[14.49419,63.21982],[14.49976,63.22233],[14.50246,63.22207],[14.50279,63.22118]]]},"properties":{"objnamn":"","lan":"Jämtland","kommun":"Östersund","kategori":"Påverkansområden","underkategori":"Påverkansområde övrigt","typ":"Påverkansområde"}},{"type":"Feature","geometry":{"type":"Polygon","coordinates":[[[20.98169,64.48126],[20.98409,64.48082],[20.98909,64.481],[20.9914,64.48009],[20.99181,64.47936],[20.9938,64.47965],[20.99825,64.47842],[21.00571,64.48137],[21.01181,64.47865],[21.01333,64.4736],[21.02413,64.46953],[21.02302,64.46802],[21.01737,64.46442],[21.01804,64.46213],[21.00206,64.45639],[20.95335,64.44942],[20.94872,64.45113],[20.94857,64.45328],[20.9381,64.45769],[20.9417,64.45923],[20.94906,64.47492],[20.95301,64.47394],[20.98032,64.48274],[20.98192,64.48244],[20.98169,64.48126]]]},"properties":{"objnamn":"","lan":"Västerbotten","kommun":"Skellefteå","kategori":"Påverkansområden","underkategori":"Påverkansområde övrigt","typ":"Påverkansområde"}},{"type":"Feature","geometry":{"type":"Polygon","coordinates":[[[21.1021,64.42196],[21.10577,64.42073],[21.11056,64.42056],[21.12036,64.4214],[21.12478,64.41934],[21.12655,64.41899],[21.12652,64.41745],[21.12847,64.41703],[21.12997,64.41529],[21.13179,64.41523],[21.13435,64.41424],[21.13665,64.41425],[21.13813,64.41361],[21.14012,64.41204],[21.14027,64.40926],[21.14621,64.40662],[21.14624,64.40542],[21.14891,64.40424],[21.14912,64.40326],[21.14814,64.40252],[21.15161,64.40031],[21.1395,64.39351],[21.13425,64.38774],[21.13232,64.38817],[21.13104,64.38776],[21.12922,64.38782],[21.12907,64.38704],[21.12711,64.38716],[21.12652,64.38574],[21.12538,64.38578],[21.12436,64.38641],[21.11419,64.38174],[21.09694,64.38215],[21.08805,64.37412],[21.08532,64.37022],[21.06561,64.37402],[21.05286,64.37288],[21.04396,64.37319],[21.03393,64.37756],[21.03626,64.38254],[21.03986,64.3834],[21.04069,64.38439],[21.03957,64.3855],[21.03021,64.3905],[21.02305,64.39145],[21.01955,64.39468],[21.01875,64.39656],[21.02174,64.39904],[21.01952,64.40061],[21.02514,64.4012],[21.02979,64.40034],[21.03855,64.4036],[21.04589,64.41442],[21.0487,64.41524],[21.09264,64.4253],[21.09701,64.42413],[21.1021,64.42196]]]},"properties":{"objnamn":"","lan":"Västerbotten","kommun":"Skellefteå","kategori":"Påverkansområden","underkategori":"Påverkansområde övrigt","typ":"Påverkansområde"}},{"type":"Feature","geometry":{"type":"Polygon","coordinates":[[[19.65541,63.61256],[19.66274,63.6033],[19.66361,63.60025],[19.66303,63.59878],[19.66115,63.59723],[19.6582,63.59623],[19.65552,63.59274],[19.65569,63.59203],[19.66083,63.58253],[19.66198,63.57685],[19.66667,63.56988],[19.64487,63.57116],[19.6351,63.57021],[19.63086,63.56923],[19.61961,63.56884],[19.61603,63.56796],[19.61269,63.56771],[19.60156,63.56578],[19.59145,63.55844],[19.58689,63.55417],[19.58322,63.54775],[19.57659,63.54974],[19.57458,63.55099],[19.56963,63.5526],[19.56369,63.55379],[19.55677,63.5595],[19.54865,63.56291],[19.54111,63.56493],[19.5333,63.56615],[19.53305,63.5826],[19.54822,63.59249],[19.54894,63.59592],[19.56355,63.60552],[19.56484,63.60709],[19.56867,63.60586],[19.57876,63.60548],[19.58175,63.60385],[19.58654,63.60373],[19.59087,63.60219],[19.59416,63.60281],[19.59697,63.60493],[19.60245,63.60371],[19.6016,63.60262],[19.60677,63.60331],[19.61455,63.60358],[19.6202,63.60593],[19.62748,63.60789],[19.6355,63.60849],[19.63624,63.61011],[19.65006,63.61185],[19.65324,63.61165],[19.65541,63.61256]]]},"properties":{"objnamn":"","lan":"Västerbotten","kommun":"Nordmaling","kategori":"Påverkansområden","underkategori":"Påverkansområde övrigt","typ":"Påverkansområde"}},{"type":"Feature","geometry":{"type":"Polygon","coordinates":[[[20.3363,67.86713],[20.33172,67.86665],[20.3286,67.86686],[20.32109,67.86385],[20.30558,67.8619],[20.30401,67.86028],[20.29775,67.85896],[20.29723,67.85758],[20.26119,67.86207],[20.25155,67.8685],[20.24864,67.86905],[20.251,67.87148],[20.24966,67.8727],[20.25311,67.87594],[20.25173,67.87859],[20.24964,67.87924],[20.26484,67.88941],[20.28159,67.89121],[20.31357,67.89176],[20.31591,67.89019],[20.31979,67.88969],[20.31939,67.88601],[20.32322,67.88451],[20.32286,67.88265],[20.32366,67.88197],[20.32212,67.88012],[20.32332,67.87907],[20.32832,67.87839],[20.33089,67.87702],[20.33392,67.87652],[20.33333,67.87493],[20.3379,67.87468],[20.34055,67.87318],[20.3388,67.87228],[20.34054,67.86985],[20.33864,67.86802],[20.3363,67.86713]]]},"properties":{"objnamn":"","lan":"Norrbotten","kommun":"Kiruna","kategori":"Påverkansområden","underkategori":"Påverkansområde övrigt","typ":"Påverkansområde"}},{"type":"Feature","geometry":{"type":"Polygon","coordinates":[[[21.67797,67.68991],[21.65785,67.681],[21.65828,67.67876],[21.65275,67.67817],[21.64314,67.67878],[21.64062,67.68031],[21.63991,67.68176],[21.63654,67.68162],[21.63368,67.68259],[21.63249,67.68349],[21.63311,67.68435],[21.63129,67.68516],[21.62694,67.68432],[21.62503,67.68351],[21.62535,67.68261],[21.62096,67.68107],[21.6232,67.68046],[21.6208,67.68031],[21.62053,67.67952],[21.61819,67.6799],[21.6095,67.67769],[21.5951,67.68201],[21.58274,67.68335],[21.58235,67.68422],[21.58489,67.68842],[21.59167,67.69457],[21.60022,67.70018],[21.60084,67.70169],[21.61575,67.71223],[21.63424,67.70958],[21.65746,67.70481],[21.68022,67.6962],[21.67224,67.69055],[21.67797,67.68991]]]},"properties":{"objnamn":"","lan":"Norrbotten","kommun":"Kiruna","kategori":"Påverkansområden","underkategori":"Påverkansområde övrigt","typ":"Påverkansområde"}},{"type":"Feature","geometry":{"type":"Polygon","coordinates":[[[20.00225,66.00051],[20.00122,65.99822],[19.9965,65.99723],[19.98478,65.99715],[19.97423,66.00028],[19.97024,65.99973],[19.96533,66.00053],[19.96109,65.99945],[19.9483,65.99747],[19.9369,66.00139],[19.93645,66.00411],[19.93302,66.0059],[19.91479,66.01188],[19.90561,66.01334],[19.90336,66.0157],[19.89067,66.01675],[19.88839,66.02589],[19.91392,66.04379],[19.91991,66.05113],[19.92578,66.05323],[19.92771,66.05657],[19.92661,66.06084],[19.92701,66.0631],[19.92276,66.0673],[19.92077,66.07212],[19.91816,66.07458],[19.90692,66.07818],[19.90233,66.08047],[19.89783,66.08367],[19.98452,66.09889],[20.01883,66.1008],[20.02289,66.0997],[20.03418,66.09786],[20.03613,66.09489],[20.04253,66.09184],[20.05994,66.08689],[20.06138,66.08579],[20.06582,66.085],[20.06752,66.08343],[20.07352,66.08128],[20.07212,66.07681],[20.07741,66.06852],[20.08424,66.06648],[20.09459,66.06208],[20.10118,66.05409],[20.11957,66.04204],[20.12166,66.04],[20.12389,66.03007],[20.11789,66.02924],[20.10217,66.0184],[20.08244,66.01215],[20.07819,66.00617],[20.06765,66.00348],[20.00225,66.00051]]]},"properties":{"objnamn":"","lan":"Norrbotten","kommun":"Jokkmokk","kategori":"Påverkansområden","underkategori":"Påverkansområde övrigt","typ":"Påverkansområde"}},{"type":"Feature","geometry":{"type":"Polygon","coordinates":[[[20.74115,66.10678],[20.74523,66.10533],[20.77181,66.10361],[20.77848,66.10186],[20.78255,66.10254],[20.78738,66.1022],[20.78717,66.0997],[20.78492,66.09824],[20.7855,66.09618],[20.7928,66.09412],[20.79584,66.08816],[20.79194,66.08545],[20.79127,66.08348],[20.7883,66.08119],[20.78771,66.07961],[20.77823,66.07986],[20.77605,66.07942],[20.77021,66.08335],[20.76854,66.08272],[20.76238,66.08286],[20.75812,66.08191],[20.75804,66.08009],[20.75727,66.07971],[20.75525,66.07949],[20.75115,66.08082],[20.74834,66.08011],[20.74647,66.07915],[20.74664,66.07857],[20.74494,66.07851],[20.74503,66.07896],[20.74224,66.07985],[20.74057,66.07991],[20.74048,66.07945],[20.73856,66.079],[20.73408,66.08051],[20.73033,66.08297],[20.72771,66.08323],[20.72837,66.08521],[20.72516,66.08605],[20.72475,66.08538],[20.7235,66.08616],[20.72117,66.08578],[20.72157,66.08491],[20.71941,66.08538],[20.71703,66.08471],[20.71542,66.08516],[20.71678,66.08563],[20.71588,66.08606],[20.71589,66.08686],[20.72142,66.10233],[20.73272,66.10539],[20.74115,66.10678]]]},"properties":{"objnamn":"","lan":"Norrbotten","kommun":"Boden","kategori":"Påverkansområden","underkategori":"Påverkansområde övrigt","typ":"Påverkansområde"}},{"type":"Feature","geometry":{"type":"Polygon","coordinates":[[[21.7631,66.0432],[21.76791,66.04205],[21.77334,66.03969],[21.77937,66.03574],[21.7729,66.03371],[21.76035,66.02725],[21.7642,66.02551],[21.7482,66.01551],[21.74629,66.01598],[21.74117,66.01187],[21.71761,66.01741],[21.7065,66.01656],[21.68924,66.0104],[21.6838,66.01105],[21.6789,66.01229],[21.6689,66.01567],[21.66342,66.01971],[21.66868,66.02914],[21.70948,66.04198],[21.71835,66.04586],[21.72225,66.04495],[21.73169,66.04619],[21.73284,66.04587],[21.75511,66.04483],[21.75639,66.04419],[21.7631,66.0432]]]},"properties":{"objnamn":"","lan":"Norrbotten","kommun":"Boden","kategori":"Påverkansområden","underkategori":"Påverkansområde övrigt","typ":"Påverkansområde"}},{"type":"Feature","geometry":{"type":"Polygon","coordinates":[[[21.5998,65.59398],[21.5911,65.59113],[21.56181,65.59317],[21.555,65.59819],[21.54437,65.59947],[21.53742,65.60303],[21.53789,65.60743],[21.5351,65.61036],[21.52687,65.61451],[21.56281,65.62516],[21.5624,65.62573],[21.60974,65.63967],[21.61383,65.63836],[21.61395,65.6371],[21.62449,65.63125],[21.62522,65.62905],[21.63002,65.62374],[21.63301,65.62197],[21.63081,65.61974],[21.63765,65.61657],[21.64074,65.61586],[21.62696,65.61187],[21.63907,65.60655],[21.5998,65.59398]]]},"properties":{"objnamn":"","lan":"Norrbotten","kommun":"Boden","kategori":"Påverkansområden","underkategori":"Påverkansområde övrigt","typ":"Påverkansområde"}},{"type":"Feature","geometry":{"type":"Polygon","coordinates":[[[21.73868,65.84543],[21.7423,65.84375],[21.76015,65.84394],[21.76794,65.8445],[21.78818,65.84448],[21.81795,65.81989],[21.80434,65.81508],[21.80622,65.8141],[21.80055,65.81204],[21.79931,65.81313],[21.78183,65.80665],[21.77495,65.80945],[21.7776,65.81082],[21.77101,65.81123],[21.76508,65.81311],[21.76304,65.81174],[21.75819,65.81229],[21.75162,65.81419],[21.75009,65.8162],[21.74612,65.81804],[21.74455,65.81775],[21.74263,65.81645],[21.74081,65.8171],[21.74081,65.81803],[21.73692,65.81913],[21.73644,65.81998],[21.73967,65.82262],[21.74075,65.82475],[21.73947,65.82637],[21.72491,65.83421],[21.72869,65.83695],[21.73246,65.84704],[21.73868,65.84543]]]},"properties":{"objnamn":"","lan":"Norrbotten","kommun":"Boden","kategori":"Påverkansområden","underkategori":"Påverkansområde övrigt","typ":"Påverkansområde"}},{"type":"Feature","geometry":{"type":"Polygon","coordinates":[[[22.36722,66.00591],[22.3718,65.99979],[22.37345,65.99889],[22.38649,65.99638],[22.39831,65.97929],[22.39335,65.97532],[22.38995,65.97407],[22.38946,65.9722],[22.38717,65.97091],[22.38308,65.96976],[22.37789,65.96971],[22.37782,65.96739],[22.3808,65.96273],[22.33101,65.97039],[22.32861,65.97025],[22.32404,65.97166],[22.31983,65.97478],[22.30922,65.9773],[22.293,65.98765],[22.28257,65.99537],[22.28542,65.9965],[22.29113,65.99473],[22.29626,65.99541],[22.2979,65.99646],[22.29642,65.99805],[22.29665,65.99895],[22.29827,65.99993],[22.30977,66.00227],[22.30975,66.00321],[22.30642,66.00741],[22.30962,66.00885],[22.31287,66.00885],[22.31361,66.00973],[22.31597,66.01025],[22.32312,66.00946],[22.32621,66.01017],[22.32877,66.01013],[22.33487,66.00722],[22.35063,66.01059],[22.36127,66.00672],[22.36722,66.00591]]]},"properties":{"objnamn":"","lan":"Norrbotten","kommun":"Luleå","kategori":"Påverkansområden","underkategori":"Påverkansområde övrigt","typ":"Påverkansområde"}},{"type":"Feature","geometry":{"type":"Polygon","coordinates":[[[22.14374,65.82361],[22.14182,65.81019],[22.14055,65.81029],[22.14027,65.79022],[22.12942,65.79066],[22.12031,65.79046],[22.1161,65.78972],[22.10447,65.7866],[22.08828,65.78818],[22.08331,65.78948],[22.06875,65.79602],[22.05596,65.79958],[22.05502,65.80373],[22.0612,65.80679],[22.05858,65.80817],[22.05859,65.80932],[22.0553,65.8118],[22.09993,65.83241],[22.14374,65.82361]]]},"properties":{"objnamn":"","lan":"Norrbotten","kommun":"Luleå","kategori":"Påverkansområden","underkategori":"Påverkansområde övrigt","typ":"Påverkansområde"}},{"type":"Feature","geometry":{"type":"Polygon","coordinates":[[[22.14851,65.67772],[22.14645,65.67683],[22.14047,65.67599],[22.1333,65.67353],[22.12949,65.67515],[22.12323,65.67585],[22.11776,65.67873],[22.10779,65.67822],[22.10146,65.67919],[22.10298,65.68113],[22.09351,65.68536],[22.08122,65.68777],[22.08074,65.69011],[22.08187,65.69153],[22.08706,65.69289],[22.09346,65.69755],[22.09377,65.69829],[22.09757,65.69879],[22.09894,65.69954],[22.10255,65.69983],[22.10463,65.70239],[22.10473,65.7039],[22.10239,65.70671],[22.11046,65.71119],[22.13395,65.70995],[22.16577,65.70142],[22.16436,65.69888],[22.16578,65.69719],[22.17013,65.69566],[22.17181,65.69445],[22.16674,65.69098],[22.16606,65.68982],[22.15912,65.68615],[22.15712,65.68283],[22.15322,65.68034],[22.14917,65.67883],[22.14851,65.67772]]]},"properties":{"objnamn":"","lan":"Norrbotten","kommun":"Luleå","kategori":"Påverkansområden","underkategori":"Påverkansområde övrigt","typ":"Påverkansområde"}},{"type":"Feature","geometry":{"type":"Polygon","coordinates":[[[21.97536,65.52282],[21.97486,65.52022],[21.97303,65.5198],[21.97109,65.51777],[21.9688,65.51739],[21.96248,65.51875],[21.95938,65.51904],[21.9554,65.51848],[21.9522,65.51896],[21.94622,65.5218],[21.93448,65.52259],[21.92565,65.52542],[21.92437,65.52551],[21.91308,65.5294],[21.91244,65.53066],[21.91885,65.53334],[21.91857,65.53532],[21.91395,65.53829],[21.91863,65.53957],[21.92008,65.54253],[21.92374,65.54307],[21.95427,65.55352],[21.97302,65.54722],[21.98373,65.54534],[21.98601,65.54358],[21.9854,65.54323],[21.98986,65.54239],[21.97766,65.53691],[21.97917,65.53635],[21.97704,65.53377],[21.97471,65.53274],[21.97411,65.53137],[21.9768,65.52859],[21.97724,65.52468],[21.97536,65.52282]]]},"properties":{"objnamn":"","lan":"Norrbotten","kommun":"Luleå","kategori":"Påverkansområden","underkategori":"Påverkansområde övrigt","typ":"Påverkansområde"}},{"type":"Feature","geometry":{"type":"Polygon","coordinates":[[[22.76276,65.98358],[22.71283,65.97749],[22.69128,65.97894],[22.66476,65.97822],[22.65584,66.01355],[22.65312,66.02082],[22.6707,66.02409],[22.6798,66.0263],[22.72908,66.03613],[22.73873,66.02532],[22.75818,65.99893],[22.76059,65.99703],[22.75984,65.99325],[22.76276,65.98358]]]},"properties":{"objnamn":"","lan":"Norrbotten","kommun":"Kalix","kategori":"Påverkansområden","underkategori":"Påverkansområde övrigt","typ":"Påverkansområde"}},{"type":"Feature","geometry":{"type":"Polygon","coordinates":[[[22.91999,65.90737],[22.91767,65.90533],[22.91708,65.90321],[22.92458,65.89034],[22.92429,65.88928],[22.92073,65.88802],[22.89999,65.88266],[22.8439,65.87798],[22.84056,65.88172],[22.83467,65.88258],[22.83024,65.88553],[22.82803,65.88599],[22.82739,65.88685],[22.82452,65.88699],[22.82132,65.88809],[22.80728,65.89112],[22.79892,65.90211],[22.79998,65.90278],[22.80369,65.90356],[22.80821,65.90622],[22.80902,65.90809],[22.80749,65.90994],[22.80765,65.91161],[22.81697,65.91061],[22.83536,65.9206],[22.91766,65.91089],[22.92017,65.90903],[22.91999,65.90737]]]},"properties":{"objnamn":"","lan":"Norrbotten","kommun":"Kalix","kategori":"Påverkansområden","underkategori":"Påverkansområde övrigt","typ":"Påverkansområde"}},{"type":"Feature","geometry":{"type":"Polygon","coordinates":[[[20.27888,65.51395],[20.28385,65.51293],[20.29254,65.51418],[20.3176,65.50853],[20.31864,65.5075],[20.37159,65.48493],[20.37845,65.48095],[20.3826,65.48045],[20.37629,65.47034],[20.37029,65.46713],[20.33081,65.45726],[20.3266,65.45739],[20.31973,65.45608],[20.31144,65.45708],[20.30736,65.45796],[20.30429,65.45416],[20.29671,65.45752],[20.28647,65.46122],[20.27687,65.46339],[20.2699,65.46322],[20.26292,65.4648],[20.25669,65.46549],[20.24558,65.4677],[20.23935,65.47014],[20.23958,65.47152],[20.22662,65.47529],[20.21868,65.48017],[20.21698,65.48085],[20.21313,65.48134],[20.21087,65.48228],[20.20587,65.48494],[20.20656,65.48542],[20.20523,65.48647],[20.20875,65.49302],[20.20769,65.49393],[20.21066,65.50075],[20.20911,65.50231],[20.19322,65.51219],[20.21655,65.51415],[20.21946,65.51519],[20.2446,65.5171],[20.26087,65.51662],[20.27116,65.51481],[20.27888,65.51395]]]},"properties":{"objnamn":"","lan":"Norrbotten","kommun":"Piteå","kategori":"Påverkansområden","underkategori":"Påverkansområde övrigt","typ":"Påverkansområde"}},{"type":"Feature","geometry":{"type":"Polygon","coordinates":[[[20.26538,65.42816],[20.27376,65.42676],[20.27929,65.42673],[20.28161,65.42589],[20.28268,65.42496],[20.28544,65.42129],[20.29683,65.41775],[20.28669,65.40883],[20.28162,65.40795],[20.28206,65.40691],[20.27907,65.4038],[20.27365,65.40268],[20.27366,65.3973],[20.26817,65.39579],[20.26387,65.394],[20.25311,65.38855],[20.24204,65.39029],[20.23376,65.3922],[20.22622,65.39306],[20.22065,65.39284],[20.1849,65.40515],[20.17244,65.41153],[20.17432,65.41545],[20.17113,65.42028],[20.16785,65.42089],[20.19851,65.43679],[20.22024,65.44333],[20.23022,65.44227],[20.2325,65.43938],[20.23881,65.43663],[20.24094,65.43465],[20.25164,65.43062],[20.26188,65.42929],[20.26538,65.42816]]]},"properties":{"objnamn":"","lan":"Norrbotten","kommun":"Piteå","kategori":"Påverkansområden","underkategori":"Påverkansområde övrigt","typ":"Påverkansområde"}},{"type":"Feature","geometry":{"type":"Polygon","coordinates":[[[21.22033,65.28822],[21.22269,65.28779],[21.2243,65.28801],[21.22507,65.28742],[21.23338,65.28589],[21.23494,65.28521],[21.23772,65.28534],[21.24105,65.28442],[21.24223,65.28402],[21.24412,65.28164],[21.25192,65.27857],[21.25749,65.27753],[21.26135,65.27477],[21.2308,65.2675],[21.1959,65.25825],[21.19118,65.25979],[21.18817,65.27646],[21.21576,65.28461],[21.22033,65.28822]]]},"properties":{"objnamn":"","lan":"Norrbotten","kommun":"Piteå","kategori":"Påverkansområden","underkategori":"Påverkansområde övrigt","typ":"Påverkansområde"}},{"type":"Feature","geometry":{"type":"Polygon","coordinates":[[[21.41817,65.27151],[21.4205,65.27114],[21.42417,65.27138],[21.4273,65.27057],[21.42869,65.26932],[21.43925,65.26943],[21.4417,65.26819],[21.43764,65.2647],[21.4387,65.26334],[21.4344,65.26154],[21.43602,65.25997],[21.43316,65.25781],[21.4308,65.25733],[21.43014,65.25634],[21.42775,65.25505],[21.41805,65.25188],[21.41371,65.25187],[21.41195,65.25148],[21.41091,65.25013],[21.40609,65.24936],[21.37372,65.2494],[21.34388,65.26166],[21.34137,65.25901],[21.32868,65.26268],[21.3486,65.28345],[21.35105,65.28368],[21.36068,65.28595],[21.36366,65.28833],[21.36727,65.2885],[21.36768,65.28979],[21.39064,65.28534],[21.39882,65.28269],[21.39866,65.28191],[21.40227,65.28125],[21.40148,65.2805],[21.40184,65.27926],[21.41655,65.27567],[21.41564,65.27335],[21.41817,65.27151]]]},"properties":{"objnamn":"","lan":"Norrbotten","kommun":"Piteå","kategori":"Påverkansområden","underkategori":"Påverkansområde övrigt","typ":"Påverkansområde"}},{"type":"Feature","geometry":{"type":"Polygon","coordinates":[[[20.75979,65.52088],[20.73816,65.51874],[20.72592,65.51672],[20.72259,65.51674],[20.71652,65.51323],[20.71238,65.51224],[20.71,65.50955],[20.7025,65.50945],[20.69439,65.51282],[20.68965,65.51306],[20.68287,65.51457],[20.68187,65.5159],[20.66964,65.52061],[20.66927,65.522],[20.66584,65.52142],[20.66294,65.52039],[20.65971,65.52093],[20.6537,65.52103],[20.6515,65.52154],[20.64937,65.52238],[20.64582,65.52681],[20.64336,65.5281],[20.64092,65.53068],[20.64086,65.53146],[20.63887,65.53195],[20.63825,65.53309],[20.63524,65.53371],[20.63444,65.53503],[20.61247,65.5378],[20.60913,65.53885],[20.6086,65.54051],[20.64677,65.55656],[20.67906,65.5721],[20.68208,65.5726],[20.68493,65.57225],[20.69247,65.5702],[20.74024,65.55389],[20.74502,65.55166],[20.75323,65.54552],[20.75648,65.54179],[20.7605,65.5345],[20.75972,65.53254],[20.76224,65.53047],[20.7628,65.52795],[20.7615,65.52661],[20.76229,65.52529],[20.75955,65.52184],[20.75979,65.52088]]]},"properties":{"objnamn":"","lan":"Norrbotten","kommun":"Piteå","kategori":"Påverkansområden","underkategori":"Påverkansområde övrigt","typ":"Påverkansområde"}},{"type":"Feature","geometry":{"type":"Polygon","coordinates":[[[20.2242,65.17358],[20.23202,65.17223],[20.2415,65.17279],[20.24737,65.17177],[20.25288,65.16865],[20.2601,65.16773],[20.26975,65.16927],[20.28376,65.16886],[20.30213,65.17042],[20.30797,65.16334],[20.31285,65.16051],[20.32045,65.16183],[20.3297,65.16099],[20.34719,65.14961],[20.32372,65.12593],[20.29739,65.11868],[20.28343,65.11332],[20.27416,65.11191],[20.27183,65.11],[20.26313,65.10801],[20.22931,65.12184],[20.22571,65.12237],[20.22069,65.12435],[20.21586,65.12548],[20.20939,65.12482],[20.19743,65.12743],[20.18963,65.12681],[20.1717,65.12973],[20.16062,65.12949],[20.15738,65.13015],[20.15601,65.13202],[20.18603,65.14961],[20.18926,65.15093],[20.20688,65.17226],[20.20627,65.17468],[20.2242,65.17358]]]},"properties":{"objnamn":"","lan":"Västerbotten","kommun":"Skellefteå","kategori":"Påverkansområden","underkategori":"Påverkansområde övrigt","typ":"Påverkansområde"}},{"type":"Feature","geometry":{"type":"Polygon","coordinates":[[[19.09263,57.89328],[19.09309,57.89507],[19.09251,57.89801],[19.09333,57.89994],[19.0965,57.90227],[19.10271,57.90512],[19.10894,57.90994],[19.11277,57.91148],[19.12291,57.91209],[19.13354,57.91531],[19.13732,57.91244],[19.13837,57.91031],[19.14026,57.90833],[19.14467,57.90504],[19.15024,57.90393],[19.15877,57.90029],[19.16194,57.89813],[19.1654,57.89435],[19.17015,57.89104],[19.16975,57.88606],[19.1673,57.88394],[19.1543,57.88105],[19.152,57.87878],[19.15235,57.87614],[19.15169,57.87538],[19.14895,57.87443],[19.1482,57.87343],[19.14967,57.87071],[19.14715,57.86993],[19.14489,57.87059],[19.14163,57.87036],[19.14011,57.86822],[19.14208,57.86016],[19.14043,57.85883],[19.1366,57.85749],[19.13422,57.85748],[19.13114,57.85834],[19.12837,57.85857],[19.1275,57.85774],[19.12704,57.85585],[19.12359,57.85499],[19.12188,57.85511],[19.1148,57.85723],[19.1107,57.85733],[19.10713,57.85806],[19.10399,57.86081],[19.09675,57.86487],[19.09421,57.86748],[19.08738,57.86871],[19.08631,57.86853],[19.08442,57.86956],[19.08634,57.87119],[19.08522,57.87344],[19.08546,57.87601],[19.08813,57.88213],[19.09001,57.88925],[19.09263,57.89328]]]},"properties":{"objnamn":"","lan":"Gotland","kommun":"Gotland","kategori":"Påverkansområden","underkategori":"Påverkansområde övrigt","typ":"Påverkansområde"}},{"type":"Feature","geometry":{"type":"Polygon","coordinates":[[[11.96311,57.42212],[11.96337,57.42126],[11.96614,57.42157],[11.96867,57.41878],[11.98884,57.41077],[11.98843,57.40853],[11.98963,57.40762],[11.97978,57.40244],[11.97777,57.39841],[11.97392,57.39622],[11.97131,57.39547],[11.96945,57.39383],[11.96672,57.39631],[11.96776,57.39727],[11.9672,57.39875],[11.96754,57.40018],[11.9662,57.39997],[11.96046,57.40346],[11.95935,57.40375],[11.95101,57.40336],[11.9459,57.40247],[11.94382,57.40157],[11.92419,57.40356],[11.91691,57.40576],[11.90789,57.4115],[11.90743,57.41263],[11.90907,57.41796],[11.91213,57.42118],[11.92109,57.42774],[11.92369,57.42782],[11.92915,57.42875],[11.93167,57.42779],[11.93237,57.42866],[11.93648,57.42924],[11.9375,57.43042],[11.94003,57.42994],[11.94165,57.43121],[11.9465,57.43148],[11.94794,57.43038],[11.95263,57.43],[11.95722,57.42782],[11.96168,57.42523],[11.96167,57.42423],[11.96311,57.42212]]]},"properties":{"objnamn":"","lan":"Halland","kommun":"Kungsbacka","kategori":"Påverkansområden","underkategori":"Påverkansområde övrigt","typ":"Påverkansområde"}},{"type":"Feature","geometry":{"type":"Polygon","coordinates":[[[20.40521,64.20058],[20.43803,64.20825],[20.44727,64.21326],[20.45538,64.21549],[20.46662,64.21486],[20.46826,64.21385],[20.47241,64.21334],[20.4725,64.21296],[20.4751,64.21298],[20.47574,64.21122],[20.48242,64.208],[20.48285,64.20826],[20.48484,64.20795],[20.49135,64.20603],[20.49219,64.20543],[20.49201,64.20441],[20.49431,64.20409],[20.49569,64.1997],[20.49897,64.19963],[20.50161,64.19712],[20.50145,64.19665],[20.50379,64.19565],[20.50348,64.19474],[20.50484,64.19445],[20.50426,64.19379],[20.50515,64.19352],[20.50672,64.19029],[20.50888,64.19005],[20.51071,64.18927],[20.50716,64.18581],[20.47624,64.16918],[20.4344,64.16639],[20.40521,64.20058]]]},"properties":{"objnamn":"","lan":"Västerbotten","kommun":"Robertsfors","kategori":"Påverkansområden","underkategori":"Påverkansområde övrigt","typ":"Påverkansområde"}},{"type":"Feature","geometry":{"type":"Polygon","coordinates":[[[15.85098,60.62115],[15.85221,60.62079],[15.85445,60.62095],[15.85872,60.62048],[15.86681,60.61869],[15.86815,60.61866],[15.86975,60.61922],[15.87453,60.61875],[15.88217,60.61711],[15.88784,60.61501],[15.89286,60.61527],[15.89663,60.61472],[15.9001,60.61297],[15.90234,60.6089],[15.90556,60.60651],[15.90878,60.60523],[15.91829,60.60344],[15.92217,60.60126],[15.92377,60.59933],[15.92423,60.59749],[15.92375,60.59565],[15.92238,60.59393],[15.91808,60.59149],[15.91206,60.59016],[15.90025,60.58073],[15.8921,60.58059],[15.8533,60.5769],[15.8521,60.57615],[15.84636,60.5772],[15.82297,60.57794],[15.81874,60.57861],[15.82759,60.59838],[15.85098,60.62115]]]},"properties":{"objnamn":"","lan":"Dalarna","kommun":"Falun","kategori":"Påverkansområden","underkategori":"Påverkansområde övrigt","typ":"Påverkansområde"}},{"type":"Feature","geometry":{"type":"Polygon","coordinates":[[[12.04187,57.69854],[12.04049,57.70016],[12.04466,57.70166],[12.04708,57.70218],[12.04892,57.70127],[12.04969,57.70133],[12.05052,57.70223],[12.0542,57.70204],[12.05755,57.70364],[12.0591,57.70258],[12.05985,57.70034],[12.06328,57.70036],[12.06521,57.69443],[12.06575,57.68938],[12.06452,57.68735],[12.05857,57.68727],[12.05636,57.69037],[12.05197,57.69207],[12.05124,57.69212],[12.05019,57.69145],[12.04978,57.68968],[12.04702,57.68837],[12.04473,57.6896],[12.04337,57.68942],[12.04172,57.69071],[12.04023,57.69116],[12.04163,57.69349],[12.03875,57.69523],[12.03848,57.69654],[12.03871,57.6972],[12.0419,57.69814],[12.04187,57.69854]]]},"properties":{"objnamn":"","lan":"Västra Götaland","kommun":"Göteborg","kategori":"Påverkansområden","underkategori":"Påverkansområde övrigt","typ":"Påverkansområde"}},{"type":"Feature","geometry":{"type":"Polygon","coordinates":[[[16.36125,59.12077],[16.36201,59.11889],[16.36391,59.1184],[16.37386,59.11713],[16.37752,59.11801],[16.38289,59.11685],[16.38795,59.11642],[16.39393,59.11452],[16.40785,59.11323],[16.41039,59.11371],[16.41168,59.11533],[16.4147,59.11548],[16.41849,59.11506],[16.42085,59.11423],[16.43006,59.11549],[16.43687,59.11562],[16.43779,59.11391],[16.44015,59.113],[16.4379,59.11105],[16.4355,59.10993],[16.43194,59.10532],[16.43374,59.09999],[16.44488,59.09711],[16.45952,59.09052],[16.46166,59.08766],[16.46346,59.08659],[16.46654,59.08559],[16.46835,59.084],[16.46843,59.0819],[16.46612,59.08003],[16.46221,59.07898],[16.45783,59.07902],[16.45714,59.07609],[16.45985,59.07423],[16.45496,59.07252],[16.44863,59.07222],[16.44653,59.07278],[16.44504,59.0717],[16.44458,59.07007],[16.44245,59.06878],[16.43696,59.06826],[16.42939,59.0696],[16.42748,59.06885],[16.42262,59.06811],[16.4207,59.06726],[16.41899,59.06553],[16.41602,59.06467],[16.412,59.06382],[16.40821,59.06427],[16.40546,59.06385],[16.40246,59.06115],[16.40131,59.05551],[16.39982,59.05443],[16.39283,59.05716],[16.39113,59.05978],[16.38532,59.06184],[16.38105,59.06178],[16.37771,59.06098],[16.37675,59.06017],[16.37406,59.06018],[16.3725,59.06092],[16.36411,59.06038],[16.35281,59.06613],[16.35043,59.06549],[16.33504,59.07256],[16.33521,59.07345],[16.33194,59.0764],[16.32673,59.07715],[16.32403,59.07684],[16.31884,59.07881],[16.31844,59.08395],[16.31672,59.08485],[16.31039,59.08504],[16.30755,59.08545],[16.30251,59.08694],[16.30097,59.09028],[16.30193,59.0911],[16.30575,59.09198],[16.30894,59.09376],[16.31099,59.09367],[16.31056,59.09636],[16.31152,59.09717],[16.31084,59.1045],[16.3152,59.11043],[16.32471,59.11088],[16.33185,59.11183],[16.33139,59.11305],[16.33187,59.1137],[16.33998,59.1157],[16.33874,59.11701],[16.34289,59.1196],[16.34891,59.11957],[16.35606,59.1206],[16.36125,59.12077]]]},"properties":{"objnamn":"","lan":"Södermanland","kommun":"Katrineholm","kategori":"Påverkansområden","underkategori":"Påverkansområde övrigt","typ":"Påverkansområde"}},{"type":"Feature","geometry":{"type":"Polygon","coordinates":[[[16.17441,58.4892],[16.16746,58.49009],[16.16281,58.49028],[16.15387,58.49152],[16.14094,58.49155],[16.13596,58.49105],[16.12668,58.49263],[16.11872,58.49265],[16.11173,58.48954],[16.10176,58.48731],[16.09347,58.4875],[16.05498,58.48463],[16.04768,58.48447],[16.03806,58.48327],[16.03046,58.48797],[16.01829,58.50362],[16.012,58.50641],[16.01334,58.50902],[16.01699,58.50901],[16.02098,58.51057],[16.02663,58.51108],[16.02896,58.51281],[16.02533,58.51577],[16.03107,58.53052],[16.03805,58.53259],[16.04542,58.54144],[16.04844,58.54612],[16.05511,58.55045],[16.06343,58.55113],[16.06645,58.55581],[16.08313,58.56376],[16.08808,58.5601],[16.10803,58.56128],[16.11362,58.55432],[16.12391,58.5529],[16.12521,58.54925],[16.12353,58.54717],[16.12517,58.54474],[16.13013,58.54247],[16.13443,58.54072],[16.14272,58.53931],[16.156,58.53875],[16.16727,58.53629],[16.17421,58.53314],[16.17776,58.52375],[16.1787,58.51872],[16.17436,58.51595],[16.16274,58.51546],[16.15512,58.51687],[16.15045,58.51515],[16.14975,58.5115],[16.14806,58.50751],[16.14404,58.50422],[16.14801,58.5023],[16.15462,58.50037],[16.1629,58.49896],[16.16721,58.49878],[16.16983,58.49547],[16.17313,58.4939],[16.17441,58.4892]]]},"properties":{"objnamn":"","lan":"Östergötland","kommun":"Norrköping, Söderköping","kategori":"Påverkansområden","underkategori":"Påverkansområde övrigt","typ":"Påverkansområde"}},{"type":"Feature","geometry":{"type":"Polygon","coordinates":[[[18.06301,60.54394],[18.08171,60.50389],[18.07179,60.49259],[18.07064,60.4844],[18.06002,60.48287],[18.06019,60.4819],[18.06129,60.48114],[18.05981,60.47986],[18.05943,60.47823],[18.05806,60.47789],[18.05614,60.47855],[18.04644,60.4786],[18.04458,60.47922],[18.04106,60.47937],[18.03706,60.47824],[18.03315,60.47859],[18.02906,60.47952],[18.02481,60.48164],[18.01975,60.48184],[18.01367,60.4808],[18.01134,60.47878],[18.00789,60.47736],[18.00452,60.47713],[17.9964,60.47829],[17.97978,60.47679],[17.97734,60.47649],[17.97426,60.47546],[17.96962,60.47502],[17.96555,60.47645],[17.96326,60.47672],[17.96052,60.47864],[17.95297,60.47825],[17.95105,60.4772],[17.93274,60.4763],[17.9306,60.47689],[17.93093,60.47944],[17.93224,60.4817],[17.93164,60.48437],[17.92983,60.48611],[17.92491,60.48752],[17.91882,60.48856],[17.91434,60.49308],[17.91485,60.50105],[17.91585,60.50446],[17.91522,60.50675],[17.9116,60.51023],[17.91027,60.51348],[17.90695,60.51581],[17.90558,60.51849],[17.9007,60.52047],[17.89818,60.52336],[17.89126,60.52762],[17.89058,60.53108],[17.88412,60.53251],[17.87393,60.53609],[17.87371,60.53857],[17.86992,60.53976],[17.85656,60.54187],[17.84714,60.54544],[17.84269,60.54835],[17.83614,60.5514],[17.83395,60.55531],[17.83474,60.55678],[17.83413,60.5581],[17.83092,60.56055],[17.82354,60.56294],[17.8195,60.56317],[17.81784,60.56434],[17.81818,60.56615],[17.81713,60.5697],[17.81991,60.57154],[17.81983,60.57217],[17.82119,60.57308],[17.82098,60.57575],[17.82302,60.57845],[17.82377,60.58237],[17.84404,60.58746],[17.92965,60.61484],[17.93845,60.61605],[17.98279,60.61124],[18.02147,60.59224],[18.05581,60.5551],[18.06301,60.54394]]]},"properties":{"objnamn":"","lan":"Uppsala","kommun":"Tierp","kategori":"Påverkansområden","underkategori":"Påverkansområde övrigt","typ":"Påverkansområde"}},{"type":"Feature","geometry":{"type":"Polygon","coordinates":[[[15.09974,56.17557],[15.11067,56.17501],[15.10928,56.17133],[15.11069,56.1713],[15.11245,56.17281],[15.11711,56.17273],[15.11748,56.17369],[15.1246,56.16885],[15.12509,56.16614],[15.12461,56.16414],[15.1222,56.1637],[15.11963,56.16436],[15.11599,56.15833],[15.10808,56.15428],[15.09974,56.15386],[15.09445,56.15411],[15.09227,56.1546],[15.08533,56.15784],[15.08064,56.158],[15.08209,56.1598],[15.08052,56.16182],[15.07984,56.16421],[15.07906,56.16488],[15.07386,56.16635],[15.07623,56.16858],[15.07631,56.16901],[15.0752,56.16905],[15.07511,56.16938],[15.07621,56.16972],[15.07635,56.1711],[15.08009,56.17183],[15.08439,56.17438],[15.08566,56.17443],[15.08823,56.17383],[15.08961,56.17523],[15.09382,56.17554],[15.09793,56.17471],[15.09974,56.17557]]]},"properties":{"objnamn":"","lan":"Blekinge","kommun":"Ronneby","kategori":"Påverkansområden","underkategori":"Påverkansområde övrigt","typ":"Påverkansområde"}},{"type":"Feature","geometry":{"type":"Polygon","coordinates":[[[17.56747,59.56347],[17.56706,59.56318],[17.54851,59.57151],[17.53934,59.57705],[17.52622,59.58143],[17.52052,59.58264],[17.50813,59.5861],[17.51054,59.59205],[17.51082,59.59483],[17.50698,59.60201],[17.50739,59.60337],[17.50623,59.60498],[17.50046,59.60871],[17.50039,59.6122],[17.49975,59.61506],[17.49839,59.61724],[17.4977,59.6213],[17.49439,59.62493],[17.49319,59.62557],[17.49544,59.6256],[17.49698,59.62712],[17.4987,59.62773],[17.50074,59.63026],[17.51936,59.62538],[17.5306,59.63114],[17.53509,59.63027],[17.55031,59.63008],[17.56547,59.6256],[17.56952,59.62504],[17.57077,59.62431],[17.57918,59.62366],[17.59034,59.62185],[17.6013,59.58682],[17.56747,59.56347]]]},"properties":{"objnamn":"","lan":"Stockholm","kommun":"Upplands Bro, Håbo","kategori":"Påverkansområden","underkategori":"Påverkansområde övrigt","typ":"Påverkansområde"}},{"type":"Feature","geometry":{"type":"Polygon","coordinates":[[[13.8802,56.23941],[13.8771,56.23994],[13.87333,56.24358],[13.87255,56.24379],[13.8729,56.24465],[13.86923,56.2463],[13.86533,56.24988],[13.85983,56.25229],[13.85816,56.2524],[13.85708,56.25385],[13.85204,56.25434],[13.85062,56.25907],[13.85144,56.25971],[13.85595,56.26132],[13.85526,56.26229],[13.86052,56.26816],[13.86783,56.27284],[13.8688,56.27399],[13.86795,56.27555],[13.86859,56.27798],[13.87214,56.27882],[13.87298,56.27991],[13.8762,56.27974],[13.8856,56.2806],[13.89486,56.28324],[13.89779,56.28459],[13.90349,56.28159],[13.91046,56.27896],[13.91326,56.27841],[13.92542,56.27349],[13.93144,56.27263],[13.93181,56.26943],[13.93116,56.264],[13.93202,56.26116],[13.93148,56.25961],[13.92709,56.25509],[13.924,56.25334],[13.92091,56.24941],[13.92106,56.2485],[13.91176,56.24563],[13.89657,56.23427],[13.89404,56.23623],[13.89221,56.23692],[13.8802,56.23941]]]},"properties":{"objnamn":"","lan":"Skåne","kommun":"Hässleholm","kategori":"Påverkansområden","underkategori":"Påverkansområde övrigt","typ":"Påverkansområde"}},{"type":"Feature","geometry":{"type":"Polygon","coordinates":[[[17.91261,59.23736],[17.90131,59.24016],[17.90221,59.24216],[17.89681,59.24274],[17.89385,59.2435],[17.89291,59.24331],[17.88822,59.24543],[17.88523,59.25059],[17.88197,59.25035],[17.88165,59.25359],[17.88565,59.2545],[17.88565,59.2556],[17.88904,59.25797],[17.89122,59.25856],[17.90374,59.25833],[17.90597,59.25932],[17.90792,59.25887],[17.9093,59.25962],[17.90844,59.26082],[17.91328,59.26401],[17.92096,59.26427],[17.92455,59.26501],[17.92498,59.26453],[17.92837,59.26498],[17.9296,59.26413],[17.93065,59.2642],[17.93188,59.26531],[17.93018,59.26599],[17.92886,59.26533],[17.92818,59.26555],[17.928,59.26641],[17.92946,59.26666],[17.9277,59.27069],[17.94499,59.27445],[17.94476,59.27359],[17.94349,59.27275],[17.94493,59.27264],[17.94554,59.27029],[17.94663,59.26921],[17.9433,59.26885],[17.94451,59.26771],[17.95679,59.26374],[17.95781,59.26431],[17.95878,59.264],[17.94964,59.25916],[17.95194,59.25804],[17.95282,59.25841],[17.9553,59.25778],[17.95596,59.25816],[17.95698,59.25794],[17.95864,59.25648],[17.95656,59.25538],[17.95567,59.25534],[17.95548,59.25439],[17.95251,59.25313],[17.94809,59.25194],[17.94494,59.2496],[17.93559,59.24782],[17.93507,59.24674],[17.93012,59.24355],[17.92157,59.23999],[17.91813,59.239],[17.91345,59.23835],[17.91261,59.23736]]]},"properties":{"objnamn":"","lan":"Stockholm","kommun":"Huddinge","kategori":"Påverkansområden","underkategori":"Påverkansområde övrigt","typ":"Påverkansområde"}},{"type":"Feature","geometry":{"type":"Polygon","coordinates":[[[21.41644,67.65039],[21.5155,67.65265],[21.58811,67.64651],[21.59175,67.63459],[21.60249,67.62492],[21.60806,67.61329],[21.61273,67.60563],[21.62287,67.59741],[21.60149,67.58282],[21.51963,67.5693],[21.45465,67.57122],[21.39418,67.59225],[21.37969,67.62988],[21.41644,67.65039]]]},"properties":{"objnamn":"","lan":"Norrbotten","kommun":"Kiruna","kategori":"Påverkansområden","underkategori":"Påverkansområde övrigt","typ":"Påverkansområde"}},{"type":"Feature","geometry":{"type":"Polygon","coordinates":[[[21.48804,67.14233],[21.50276,67.13466],[21.51614,67.12526],[21.53678,67.11559],[21.55638,67.09774],[21.56417,67.08424],[21.56535,67.07384],[21.55649,67.06738],[21.54471,67.05245],[21.54516,67.04279],[21.5101,67.03763],[21.49247,67.0404],[21.48158,67.04079],[21.47268,67.04575],[21.42576,67.04456],[21.41602,67.0499],[21.40974,67.05504],[21.40281,67.05933],[21.3919,67.06495],[21.38114,67.07913],[21.37791,67.09163],[21.36613,67.10679],[21.35529,67.1155],[21.3777,67.12781],[21.38942,67.13161],[21.40473,67.13167],[21.41387,67.12986],[21.42728,67.12998],[21.44325,67.1312],[21.46056,67.13327],[21.47612,67.13599],[21.48804,67.14233]]]},"properties":{"objnamn":"","lan":"Norrbotten","kommun":"Gällivare","kategori":"Påverkansområden","underkategori":"Påverkansområde övrigt","typ":"Påverkansområde"}},{"type":"Feature","geometry":{"type":"Polygon","coordinates":[[[18.38535,57.53065],[18.36619,57.52968],[18.3641,57.53008],[18.35763,57.53242],[18.35012,57.533],[18.35531,57.53896],[18.33502,57.54856],[18.33413,57.55293],[18.33665,57.55666],[18.33276,57.56186],[18.33801,57.56867],[18.35237,57.57473],[18.35816,57.57589],[18.37544,57.57255],[18.38664,57.56954],[18.39413,57.56853],[18.39007,57.56246],[18.38933,57.55424],[18.39302,57.5505],[18.39047,57.54247],[18.39005,57.53848],[18.39179,57.53518],[18.39109,57.53419],[18.38535,57.53065]]]},"properties":{"objnamn":"","lan":"Gotland","kommun":"Gotland","kategori":"Påverkansområden","underkategori":"Påverkansområde övrigt","typ":"Påverkansområde"}},{"type":"Feature","geometry":{"type":"Polygon","coordinates":[[[18.52838,57.43419],[18.5211,57.44131],[18.53161,57.46104],[18.54787,57.4617],[18.5659,57.46107],[18.57501,57.45909],[18.57992,57.45256],[18.58635,57.44867],[18.58888,57.44576],[18.59014,57.44193],[18.58971,57.43926],[18.59097,57.43698],[18.58783,57.42748],[18.5828,57.42515],[18.58011,57.42456],[18.57747,57.42313],[18.57595,57.42036],[18.57555,57.41065],[18.57482,57.40693],[18.56786,57.39832],[18.54363,57.38797],[18.53352,57.38738],[18.51374,57.38822],[18.4888,57.39171],[18.49129,57.42179],[18.51884,57.43254],[18.52838,57.43419]]]},"properties":{"objnamn":"","lan":"Gotland","kommun":"Gotland","kategori":"Påverkansområden","underkategori":"Påverkansområde övrigt","typ":"Påverkansområde"}},{"type":"Feature","geometry":{"type":"Polygon","coordinates":[[[13.582,56.78668],[13.58019,56.79164],[13.59815,56.79184],[13.60311,56.79216],[13.61428,56.79378],[13.62036,56.79353],[13.62857,56.79011],[13.63385,56.78866],[13.64733,56.78759],[13.6522,56.78577],[13.66048,56.78104],[13.65973,56.77152],[13.65484,56.7548],[13.64776,56.75004],[13.63413,56.73887],[13.63053,56.7375],[13.62053,56.7384],[13.62127,56.74055],[13.616,56.74188],[13.60332,56.74427],[13.59636,56.75235],[13.58959,56.75342],[13.584,56.76378],[13.57769,56.78081],[13.57892,56.78389],[13.582,56.78668]]]},"properties":{"objnamn":"","lan":"Kronoberg","kommun":"Ljungby","kategori":"Påverkansområden","underkategori":"Påverkansområde övrigt","typ":"Påverkansområde"}},{"type":"Feature","geometry":{"type":"Polygon","coordinates":[[[15.48986,56.17153],[15.48737,56.17376],[15.4824,56.17631],[15.48242,56.18434],[15.48572,56.18749],[15.48827,56.18778],[15.49329,56.18917],[15.50172,56.19048],[15.50683,56.19063],[15.51314,56.1905],[15.51681,56.18961],[15.51716,56.18861],[15.52262,56.18796],[15.52452,56.18435],[15.52308,56.18297],[15.52284,56.18069],[15.53056,56.17396],[15.53306,56.16969],[15.53121,56.16602],[15.52341,56.16198],[15.51703,56.15983],[15.5125,56.16243],[15.50688,56.16223],[15.50232,56.16472],[15.50207,56.16759],[15.49983,56.17053],[15.49352,56.17185],[15.48986,56.17153]]]},"properties":{"objnamn":"","lan":"Blekinge","kommun":"Karlskrona","kategori":"Påverkansområden","underkategori":"Påverkansområde övrigt","typ":"Påverkansområde"}},{"type":"Feature","geometry":{"type":"Polygon","coordinates":[[[16.27858,56.67363],[16.2761,56.6754],[16.27613,56.67652],[16.27871,56.67749],[16.278,56.67852],[16.27933,56.67923],[16.28357,56.6798],[16.28907,56.67902],[16.28849,56.67643],[16.28919,56.67523],[16.28887,56.67479],[16.28805,56.67439],[16.28212,56.67352],[16.27858,56.67363]]]},"properties":{"objnamn":"","lan":"Kalmar","kommun":"Kalmar","kategori":"Påverkansområden","underkategori":"Påverkansområde övrigt","typ":"Påverkansområde"}},{"type":"Feature","geometry":{"type":"Polygon","coordinates":[[[18.26324,57.60494],[18.26468,57.60678],[18.26704,57.60815],[18.26677,57.60867],[18.27826,57.61459],[18.28049,57.61339],[18.27992,57.61301],[18.28413,57.61136],[18.28462,57.60729],[18.28683,57.60358],[18.28463,57.60387],[18.26933,57.60404],[18.26324,57.60494]]]},"properties":{"objnamn":"","lan":"Gotland","kommun":"Gotland","kategori":"Påverkansområden","underkategori":"Påverkansområde övrigt","typ":"Påverkansområde"}},{"type":"Feature","geometry":{"type":"Polygon","coordinates":[[[14.72648,56.89737],[14.73811,56.89496],[14.73888,56.89312],[14.73824,56.89229],[14.73847,56.8908],[14.72543,56.89137],[14.72466,56.89327],[14.72648,56.89737]]]},"properties":{"objnamn":"","lan":"Kronoberg","kommun":"Växjö","kategori":"Påverkansområden","underkategori":"Påverkansområde övrigt","typ":"Påverkansområde"}},{"type":"Feature","geometry":{"type":"Polygon","coordinates":[[[12.02402,57.73233],[12.0228,57.73255],[12.02275,57.73319],[12.02391,57.73854],[12.0261,57.7419],[12.03286,57.74485],[12.03486,57.74735],[12.03803,57.74696],[12.04236,57.74699],[12.04399,57.7466],[12.0464,57.74495],[12.04632,57.74177],[12.04069,57.73479],[12.03648,57.73491],[12.0333,57.73458],[12.02628,57.73317],[12.02402,57.73233]]]},"properties":{"objnamn":"","lan":"Västra Götaland","kommun":"Göteborg","kategori":"Påverkansområden","underkategori":"Påverkansområde övrigt","typ":"Påverkansområde"}},{"type":"Feature","geometry":{"type":"Polygon","coordinates":[[[15.60006,56.18041],[15.60078,56.18192],[15.60955,56.17715],[15.60717,56.17181],[15.60469,56.16983],[15.60271,56.16898],[15.59397,56.16864],[15.5929,56.16885],[15.59039,56.17136],[15.5904,56.17234],[15.59324,56.17702],[15.59903,56.17904],[15.60006,56.18041]]]},"properties":{"objnamn":"","lan":"Blekinge","kommun":"Karlskrona","kategori":"Påverkansområden","underkategori":"Påverkansområde övrigt","typ":"Påverkansområde"}},{"type":"Feature","geometry":{"type":"Polygon","coordinates":[[[18.94936,59.81547],[18.94805,59.81722],[18.95006,59.82458],[18.95204,59.82852],[18.95149,59.83348],[18.95565,59.83507],[18.95695,59.83646],[18.9575,59.83949],[18.96663,59.83997],[18.97152,59.84135],[18.97896,59.84502],[18.98298,59.84861],[18.98839,59.84483],[18.98816,59.84294],[18.98943,59.8409],[18.98905,59.8393],[18.98654,59.83576],[18.98715,59.8345],[18.98816,59.83424],[18.98698,59.83165],[18.98811,59.83162],[18.98909,59.82995],[18.98754,59.82902],[18.98649,59.82509],[18.9842,59.82236],[18.98255,59.82253],[18.97744,59.82466],[18.97329,59.8253],[18.96956,59.82511],[18.96328,59.82295],[18.95992,59.8201],[18.95423,59.81675],[18.95124,59.81541],[18.94936,59.81547]]]},"properties":{"objnamn":"<Null>","lan":"Stockholm","kommun":"Norrtälje","kategori":"Påverkansområden","underkategori":"Påverkansområde övrigt","typ":"Påverkansområde"}},{"type":"Feature","geometry":{"type":"Polygon","coordinates":[[[18.27314,57.62384],[18.27273,57.62516],[18.27404,57.62673],[18.27428,57.62812],[18.27301,57.63184],[18.27328,57.63462],[18.2806,57.63639],[18.28515,57.63681],[18.286,57.63658],[18.29091,57.63394],[18.29151,57.6323],[18.28878,57.63149],[18.28787,57.63054],[18.28668,57.62621],[18.28327,57.62708],[18.27727,57.62192],[18.27314,57.62384]]]},"properties":{"objnamn":"<Null>","lan":"Gotland","kommun":"Gotland","kategori":"Påverkansområden","underkategori":"Påverkansområde övrigt","typ":"Påverkansområde"}},{"type":"Feature","geometry":{"type":"Polygon","coordinates":[[[12.89441,55.52282],[12.88831,55.52194],[12.88552,55.52111],[12.8845,55.522],[12.8852,55.52309],[12.88805,55.52274],[12.8893,55.52314],[12.88999,55.5243],[12.89153,55.52464],[12.89469,55.52357],[12.89441,55.52282]]]},"properties":{"objnamn":"Klagshamn","lan":"Skåne","kommun":"Malmö","kategori":"Påverkansområden","underkategori":"Påverkansområde för buller eller annan risk","typ":"Påverkansområde"}},{"type":"Feature","geometry":{"type":"Polygon","coordinates":[[[18.8072,57.71258],[18.80938,57.71348],[18.81192,57.71287],[18.81529,57.70792],[18.8175,57.70642],[18.81613,57.70559],[18.81382,57.70652],[18.8075,57.705],[18.80601,57.70539],[18.80731,57.70719],[18.80713,57.70833],[18.80654,57.70857],[18.80628,57.7125],[18.8072,57.71258]]]},"properties":{"objnamn":"Slite hamn","lan":"Gotland","kommun":"Gotland","kategori":"Påverkansområden","underkategori":"Påverkansområde för buller eller annan risk","typ":"Påverkansområde"}},{"type":"Feature","geometry":{"type":"Polygon","coordinates":[[[19.04804,57.86809],[19.04925,57.86926],[19.05239,57.8691],[19.05361,57.8726],[19.05684,57.87191],[19.05885,57.87096],[19.0602,57.86973],[19.0608,57.86799],[19.06074,57.86741],[19.0531,57.86791],[19.05238,57.86703],[19.05246,57.86587],[19.05162,57.86589],[19.05158,57.86541],[19.04766,57.86594],[19.04619,57.86664],[19.04626,57.86784],[19.04804,57.86809]]]},"properties":{"objnamn":"Fårösund hamn","lan":"Gotland","kommun":"Gotland","kategori":"Påverkansområden","underkategori":"Påverkansområde för buller eller annan risk","typ":"Påverkansområde"}},{"type":"Feature","geometry":{"type":"Polygon","coordinates":[[[18.78724,57.8488],[18.78546,57.84922],[18.78515,57.84991],[18.78782,57.84977],[18.79054,57.84869],[18.79716,57.85787],[18.79894,57.85779],[18.80077,57.85189],[18.79875,57.84137],[18.78724,57.8488]]]},"properties":{"objnamn":"Kappelshamn hamn","lan":"Gotland","kommun":"Gotland","kategori":"Påverkansområden","underkategori":"Påverkansområde för buller eller annan risk","typ":"Påverkansområde"}},{"type":"Feature","geometry":{"type":"Polygon","coordinates":[[[18.02096,59.34374],[18.02306,59.34291],[18.02537,59.34115],[18.02477,59.33936],[18.01889,59.33963],[18.01317,59.3407],[18.01279,59.34209],[18.00987,59.34326],[18.0107,59.34456],[18.01314,59.3452],[18.02096,59.34374]]]},"properties":{"objnamn":"Militärhögskolan Karlberg","lan":"Stockholm","kommun":"Stockholm","kategori":"Påverkansområden","underkategori":"Påverkansområde för buller eller annan risk","typ":"Påverkansområde"}},{"type":"Feature","geometry":{"type":"Polygon","coordinates":[[[18.08926,59.34571],[18.08729,59.34515],[18.08613,59.34589],[18.08604,59.34668],[18.09249,59.3485],[18.093,59.34676],[18.08926,59.34571]]]},"properties":{"objnamn":"Högkvarteret Lidingövägen","lan":"Stockholm","kommun":"Stockholm","kategori":"Påverkansområden","underkategori":"Påverkansområde för buller eller annan risk","typ":"Påverkansområde"}},{"type":"Feature","geometry":{"type":"Polygon","coordinates":[[[18.10524,59.341],[18.10462,59.34008],[18.10195,59.34062],[18.10095,59.33979],[18.09773,59.34044],[18.09823,59.34113],[18.09717,59.34167],[18.09945,59.34323],[18.10524,59.341]]]},"properties":{"objnamn":"Högkvarteret Banérgatan","lan":"Stockholm","kommun":"Stockholm","kategori":"Påverkansområden","underkategori":"Påverkansområde för buller eller annan risk","typ":"Påverkansområde"}},{"type":"Feature","geometry":{"type":"Polygon","coordinates":[[[18.9267,60.27809],[18.91668,60.22186],[18.91252,60.21731],[18.88709,60.20513],[18.87154,60.19364],[18.84486,60.17519],[18.82584,60.17955],[18.77171,60.19555],[18.76082,60.19708],[18.75906,60.19874],[18.75312,60.19851],[18.7514,60.19903],[18.74806,60.19903],[18.74521,60.20019],[18.74399,60.19942],[18.74056,60.19896],[18.73719,60.20024],[18.72638,60.20167],[18.72227,60.20164],[18.71276,60.19988],[18.69953,60.20057],[18.68485,60.23174],[18.68661,60.24659],[18.68898,60.24745],[18.69154,60.24785],[18.69182,60.24847],[18.69719,60.2495],[18.69823,60.24828],[18.70194,60.2474],[18.70401,60.25009],[18.70338,60.25067],[18.7049,60.25098],[18.70698,60.2551],[18.72884,60.26209],[18.75963,60.2775],[18.79615,60.29317],[18.81211,60.29885],[18.82692,60.302],[18.84262,60.30467],[18.85156,60.30516],[18.86039,60.30449],[18.87464,60.30161],[18.88821,60.29665],[18.90168,60.29052],[18.91325,60.28421],[18.9267,60.27809]]]},"properties":{"objnamn":"Rotens skjutfält","lan":"Stockholm","kommun":"Norrtälje, Östhammar","kategori":"Påverkansområden","underkategori":"Påverkansområde för buller eller annan risk","typ":"Påverkansområde"}},{"type":"Feature","geometry":{"type":"Polygon","coordinates":[[[19.29575,59.94539],[19.29395,59.90778],[19.27647,59.87381],[19.24989,59.84439],[18.95896,59.9292],[18.95201,59.92716],[18.94703,59.92626],[18.92209,59.92591],[18.92054,59.92611],[18.91937,59.9268],[18.91535,59.93066],[18.91029,59.93235],[18.90707,59.93253],[18.90108,59.9315],[18.89878,59.93037],[18.89853,59.92889],[18.88968,59.92972],[18.88803,59.93025],[18.88566,59.93216],[18.88292,59.93559],[18.87998,59.93549],[18.87853,59.93423],[18.87099,59.93119],[18.869,59.93166],[18.85372,59.93812],[18.84962,59.93941],[18.84545,59.94],[18.84321,59.94141],[18.83409,59.9437],[18.82813,59.95208],[18.83905,59.95505],[18.84179,59.95397],[18.84582,59.95612],[18.84829,59.95612],[18.84786,59.95696],[18.84893,59.9584],[18.8492,59.96123],[18.87816,59.97873],[18.90542,59.99343],[18.8795,60.13914],[18.92792,60.13801],[18.98468,60.13397],[19.03886,60.12566],[19.10204,60.11066],[19.16326,60.0876],[19.2195,60.05873],[19.2599,60.02325],[19.28484,59.9844],[19.29575,59.94539]]]},"properties":{"objnamn":"Väddö skjutfält","lan":"Stockholm","kommun":"Norrtälje","kategori":"Påverkansområden","underkategori":"Påverkansområde för buller eller annan risk","typ":"Påverkansområde"}},{"type":"Feature","geometry":{"type":"Polygon","coordinates":[[[19.17972,59.74936],[19.15241,59.7497],[19.14857,59.75038],[19.14735,59.75384],[19.13857,59.75855],[19.13963,59.76565],[19.13657,59.76769],[19.13502,59.77017],[19.13657,59.77171],[19.13853,59.7721],[19.14357,59.77564],[19.13711,59.77843],[19.13364,59.77872],[19.12944,59.78562],[19.12891,59.79585],[19.13075,59.79989],[19.12659,59.81082],[19.12392,59.81387],[19.12382,59.81666],[19.13409,59.82386],[19.15001,59.83019],[19.20553,59.83117],[19.2417,59.82518],[19.25903,59.8127],[19.26279,59.80475],[19.2637,59.79489],[19.26286,59.79113],[19.25969,59.78687],[19.25526,59.7835],[19.25302,59.77943],[19.23984,59.77372],[19.23219,59.76987],[19.22493,59.7689],[19.22096,59.76728],[19.21678,59.76459],[19.21869,59.76219],[19.21246,59.75452],[19.20226,59.75131],[19.17972,59.74936]]]},"properties":{"objnamn":"Gisslingö skjutfält","lan":"Stockholm","kommun":"Norrtälje","kategori":"Påverkansområden","underkategori":"Påverkansområde för buller eller annan risk","typ":"Påverkansområde"}},{"type":"Feature","geometry":{"type":"Polygon","coordinates":[[[19.37404,59.69819],[19.32185,59.6998],[19.31162,59.70284],[19.29833,59.7103],[19.29149,59.71601],[19.28412,59.73161],[19.28609,59.73551],[19.29086,59.73992],[19.29749,59.7435],[19.31296,59.74921],[19.33628,59.7551],[19.3522,59.75764],[19.36601,59.75864],[19.39455,59.75826],[19.41102,59.7586],[19.41875,59.7576],[19.42621,59.75423],[19.44361,59.74506],[19.44901,59.74077],[19.45229,59.73495],[19.4534,59.72721],[19.45257,59.71953],[19.44939,59.71547],[19.4422,59.71054],[19.41808,59.70074],[19.40926,59.69861],[19.38575,59.69807],[19.37404,59.69819]]]},"properties":{"objnamn":"Söderarms skjutfält","lan":"Stockholm","kommun":"Norrtälje","kategori":"Påverkansområden","underkategori":"Påverkansområde för buller eller annan risk","typ":"Påverkansområde"}},{"type":"Feature","geometry":{"type":"Polygon","coordinates":[[[19.08392,59.29107],[19.07354,59.27451],[19.06503,59.26786],[19.05393,59.26056],[19.04292,59.25669],[19.02321,59.25114],[19.00884,59.24344],[18.99485,59.23964],[18.98027,59.23692],[18.93553,59.238],[18.92182,59.23963],[18.91299,59.24174],[18.90411,59.24574],[18.89785,59.25063],[18.89938,59.25983],[18.90559,59.27223],[18.90984,59.27817],[18.91116,59.28252],[18.9133,59.28522],[18.91501,59.28617],[18.91496,59.28799],[18.91127,59.28903],[18.91123,59.29],[18.91547,59.29032],[18.91761,59.28946],[18.92033,59.28916],[18.92122,59.29127],[18.91893,59.29417],[18.92162,59.29565],[18.9265,59.29588],[18.92884,59.29867],[18.93662,59.30028],[18.93927,59.30402],[18.94328,59.30778],[18.94976,59.31214],[18.95876,59.31678],[18.97042,59.32016],[18.98826,59.32257],[19.00587,59.32261],[19.02155,59.32187],[19.03564,59.31892],[19.04867,59.31469],[19.06289,59.30841],[19.06796,59.30568],[19.07533,59.3004],[19.08217,59.29455],[19.08392,59.29107]]]},"properties":{"objnamn":"Korsö skjutfält","lan":"Stockholm","kommun":"Värmdö","kategori":"Påverkansområden","underkategori":"Påverkansområde för buller eller annan risk","typ":"Påverkansområde"}},{"type":"Feature","geometry":{"type":"Polygon","coordinates":[[[18.44216,58.95344],[18.42513,58.9541],[18.41846,58.95508],[18.40084,58.96001],[18.39691,58.96156],[18.3919,58.96476],[18.38482,58.97024],[18.38368,58.98319],[18.38616,58.98616],[18.38967,58.98904],[18.39447,58.99103],[18.42188,58.99427],[18.43472,58.99541],[18.4656,58.99695],[18.47038,58.99669],[18.47689,58.99547],[18.49285,58.98848],[18.50379,58.98446],[18.50734,58.98191],[18.5126,58.97638],[18.51328,58.97358],[18.51142,58.96897],[18.50543,58.96515],[18.49921,58.96233],[18.49285,58.9596],[18.48625,58.95765],[18.48015,58.9563],[18.47259,58.95537],[18.4516,58.9534],[18.44216,58.95344]]]},"properties":{"objnamn":"Stabbo skjutfält","lan":"Stockholm","kommun":"Haninge","kategori":"Påverkansområden","underkategori":"Påverkansområde för buller eller annan risk","typ":"Påverkansområde"}},{"type":"Feature","geometry":{"type":"Polygon","coordinates":[[[18.31503,58.96889],[18.31542,58.96786],[18.32025,58.96783],[18.32128,58.96817],[18.32256,58.96786],[18.32297,58.96581],[18.33014,58.96304],[18.33252,58.96341],[18.33341,58.96493],[18.33655,58.96415],[18.33959,58.96276],[18.34197,58.95764],[18.34426,58.94435],[18.34719,58.94312],[18.3994,58.93984],[18.67474,58.91965],[18.66575,58.89859],[18.64802,58.87397],[18.62117,58.84079],[18.58395,58.81283],[18.54613,58.79176],[18.50263,58.77454],[18.45077,58.75748],[18.40419,58.74593],[18.34336,58.73651],[18.27571,58.7322],[18.2013,58.73423],[18.1512,58.74015],[18.2326,58.9005],[18.20678,58.90032],[18.19367,58.90189],[18.17337,58.91403],[18.18031,58.91883],[18.18716,58.92221],[18.1921,58.92596],[18.18912,58.92718],[18.19686,58.93647],[18.19755,58.93946],[18.19092,58.94593],[18.21652,58.95495],[18.23719,58.95887],[18.25123,58.96246],[18.26124,58.96384],[18.27401,58.96393],[18.27936,58.96356],[18.28399,58.96437],[18.29003,58.96476],[18.29145,58.96706],[18.297,58.96613],[18.3063,58.9696],[18.31382,58.96949],[18.31503,58.96889]]]},"properties":{"objnamn":"Utö skjutfält","lan":"Stockholm","kommun":"Haninge","kategori":"Påverkansområden","underkategori":"Påverkansområde för buller eller annan risk","typ":"Påverkansområde"}},{"type":"Feature","geometry":{"type":"Polygon","coordinates":[[[18.1413,58.89363],[18.14365,58.89284],[18.1434,58.89353],[18.1533,58.89243],[18.15307,58.88954],[18.15096,58.88947],[18.14913,58.88503],[18.14599,58.88123],[18.14423,58.87294],[18.13833,58.86011],[18.13619,58.85691],[18.13266,58.85437],[18.12478,58.8514],[18.11791,58.84916],[18.11232,58.84802],[18.08766,58.84522],[18.04236,58.84589],[18.02723,58.84565],[18.0177,58.84681],[18.01332,58.8495],[18.00941,58.85603],[18.01166,58.85748],[18.01558,58.85866],[18.0382,58.86337],[18.05804,58.86937],[18.07246,58.88068],[18.08347,58.88733],[18.08656,58.8905],[18.08906,58.89195],[18.09225,58.89302],[18.09681,58.89293],[18.10348,58.89207],[18.10861,58.88974],[18.11511,58.88987],[18.11986,58.89277],[18.1238,58.89419],[18.12894,58.89559],[18.13719,58.89669],[18.1413,58.89363]]]},"properties":{"objnamn":"Mellstens skjutfält","lan":"Stockholm","kommun":"Haninge","kategori":"Påverkansområden","underkategori":"Påverkansområde för buller eller annan risk","typ":"Påverkansområde"}},{"type":"Feature","geometry":{"type":"Polygon","coordinates":[[[17.89053,59.08652],[17.89232,59.08388],[17.89381,59.08404],[17.8953,59.08281],[17.89698,59.08258],[17.90225,59.08584],[17.90953,59.08579],[17.91128,59.08458],[17.89871,59.07695],[17.89489,59.07393],[17.89645,59.07176],[17.89639,59.0708],[17.88566,59.06549],[17.88422,59.06319],[17.8775,59.05954],[17.87418,59.05832],[17.87132,59.05531],[17.87118,59.05388],[17.86777,59.05351],[17.86516,59.05377],[17.86085,59.0523],[17.85742,59.05166],[17.85042,59.04633],[17.84788,59.04552],[17.83806,59.0464],[17.83626,59.04897],[17.83127,59.05032],[17.82491,59.04814],[17.82256,59.04805],[17.8159,59.0519],[17.81588,59.05826],[17.80497,59.06403],[17.80281,59.06409],[17.79435,59.06631],[17.79065,59.06981],[17.7882,59.07093],[17.79105,59.0731],[17.78896,59.0752],[17.78959,59.07714],[17.79131,59.07771],[17.799,59.078],[17.80739,59.08349],[17.81176,59.08711],[17.81216,59.08938],[17.81474,59.09121],[17.8186,59.09231],[17.82779,59.09943],[17.82992,59.10462],[17.83222,59.10613],[17.83628,59.10647],[17.84191,59.10491],[17.85341,59.10345],[17.86931,59.09938],[17.87707,59.09638],[17.87995,59.09446],[17.88295,59.09039],[17.89053,59.08652]]]},"properties":{"objnamn":"Grindsjöns skjutfält","lan":"Stockholm","kommun":"Nynäshamn, Botkyrka","kategori":"Påverkansområden","underkategori":"Påverkansområde för buller eller annan risk","typ":"Påverkansområde"}},{"type":"Feature","geometry":{"type":"Polygon","coordinates":[[[17.43707,59.54228],[17.44564,59.53117],[17.46144,59.52918],[17.47534,59.52651],[17.48724,59.52149],[17.49213,59.51644],[17.49605,59.50594],[17.49604,59.50107],[17.49067,59.49175],[17.47356,59.47548],[17.47218,59.46716],[17.46224,59.46483],[17.45858,59.46151],[17.45654,59.46342],[17.44854,59.46166],[17.4448,59.46681],[17.43119,59.46872],[17.43109,59.4692],[17.43039,59.46928],[17.42021,59.46932],[17.42172,59.47311],[17.41576,59.47249],[17.41229,59.47511],[17.40884,59.47598],[17.40612,59.47757],[17.40193,59.47874],[17.39745,59.48286],[17.38852,59.48062],[17.37001,59.48044],[17.36791,59.48128],[17.36301,59.48604],[17.35797,59.49139],[17.35715,59.4931],[17.35357,59.49512],[17.34823,59.49692],[17.34579,59.5023],[17.34685,59.50247],[17.34742,59.50573],[17.34419,59.50539],[17.34521,59.50915],[17.34406,59.51056],[17.34918,59.51087],[17.35826,59.51424],[17.35676,59.51639],[17.35434,59.51841],[17.35197,59.51932],[17.35637,59.52418],[17.35376,59.52501],[17.35331,59.5282],[17.35507,59.52991],[17.353,59.53042],[17.35483,59.53268],[17.36427,59.53148],[17.37022,59.53427],[17.3773,59.53471],[17.38205,59.53629],[17.38829,59.53273],[17.39147,59.53361],[17.39491,59.53329],[17.40339,59.53639],[17.40621,59.53534],[17.40863,59.53618],[17.41461,59.53697],[17.41449,59.53787],[17.42049,59.53898],[17.42327,59.54096],[17.43707,59.54228]]]},"properties":{"objnamn":"Veckholms skjutfält","lan":"Uppsala","kommun":"Enköping, Håbo, Upplands Bro","kategori":"Påverkansområden","underkategori":"Påverkansområde för buller eller annan risk","typ":"Påverkansområde"}},{"type":"Feature","geometry":{"type":"Polygon","coordinates":[[[17.13875,59.70277],[17.13667,59.70008],[17.13947,59.69878],[17.13995,59.69672],[17.14436,59.69474],[17.14623,59.68944],[17.14537,59.68775],[17.14588,59.68622],[17.14888,59.68575],[17.15388,59.68325],[17.15705,59.68298],[17.16064,59.67972],[17.16234,59.6791],[17.16926,59.6712],[17.17194,59.66627],[17.17371,59.65693],[17.17036,59.65632],[17.16864,59.65409],[17.16669,59.65371],[17.16702,59.6523],[17.15853,59.65049],[17.14936,59.64923],[17.14235,59.64622],[17.13599,59.64601],[17.12967,59.64658],[17.12042,59.64554],[17.10852,59.64543],[17.10564,59.64491],[17.10499,59.64619],[17.10257,59.64704],[17.101,59.64599],[17.099,59.64598],[17.09965,59.6465],[17.09366,59.64824],[17.09473,59.65038],[17.09385,59.65061],[17.09783,59.65575],[17.08967,59.65746],[17.08405,59.65773],[17.08288,59.65956],[17.08462,59.66043],[17.0851,59.66579],[17.08865,59.67417],[17.08925,59.67718],[17.08349,59.67946],[17.08067,59.68618],[17.08059,59.68723],[17.08291,59.69197],[17.08301,59.69778],[17.08372,59.69923],[17.09291,59.70151],[17.09419,59.70156],[17.09561,59.70098],[17.09808,59.70069],[17.09996,59.70196],[17.10284,59.70239],[17.11628,59.70307],[17.12218,59.70297],[17.12711,59.70217],[17.12968,59.70294],[17.12932,59.70339],[17.13159,59.70382],[17.13875,59.70277]]]},"properties":{"objnamn":"Enköpings övningsfält med skjutbanor","lan":"Uppsala","kommun":"Enköping","kategori":"Påverkansområden","underkategori":"Påverkansområde för buller eller annan risk","typ":"Påverkansområde"}},{"type":"Feature","geometry":{"type":"Polygon","coordinates":[[[16.99691,59.35731],[17.00532,59.35157],[17.00853,59.34689],[17.01083,59.33628],[17.01532,59.32907],[17.00843,59.32169],[16.98406,59.30385],[16.98309,59.30467],[16.97709,59.30559],[16.97232,59.30507],[16.96748,59.30517],[16.9647,59.30577],[16.95408,59.30392],[16.93079,59.30778],[16.89961,59.31425],[16.89425,59.31605],[16.87684,59.32401],[16.87074,59.32785],[16.87029,59.32927],[16.87072,59.33058],[16.87148,59.3325],[16.87412,59.3348],[16.87508,59.34],[16.87363,59.34118],[16.8729,59.34306],[16.87392,59.34421],[16.87612,59.3447],[16.87747,59.34666],[16.8793,59.34725],[16.88252,59.34986],[16.88479,59.35252],[16.8923,59.3586],[16.89826,59.35855],[16.91513,59.36201],[16.93156,59.36776],[16.93565,59.36853],[16.9423,59.36903],[16.94756,59.36872],[16.97273,59.36275],[16.99113,59.35932],[16.99691,59.35731]]]},"properties":{"objnamn":"Härads skjutfält","lan":"Södermanland","kommun":"Strängnäs","kategori":"Påverkansområden","underkategori":"Påverkansområde för buller eller annan risk","typ":"Påverkansområde"}},{"type":"Feature","geometry":{"type":"Polygon","coordinates":[[[15.57258,58.42791],[15.56207,58.40846],[15.55876,58.40095],[15.55026,58.39098],[15.54566,58.38129],[15.54337,58.37845],[15.53616,58.36654],[15.53204,58.36271],[15.52589,58.35356],[15.51046,58.33607],[15.50068,58.32759],[15.4932,58.32307],[15.48622,58.32087],[15.48236,58.31868],[15.46882,58.29751],[15.45299,58.30005],[15.46599,58.32259],[15.4615,58.33049],[15.46093,58.33663],[15.46542,58.35423],[15.45445,58.36198],[15.44352,58.36522],[15.44375,58.36822],[15.4463,58.37259],[15.45143,58.37806],[15.46021,58.38313],[15.48686,58.3937],[15.48502,58.39656],[15.48604,58.39902],[15.48939,58.40148],[15.48171,58.40588],[15.47737,58.40909],[15.46616,58.4122],[15.46978,58.41439],[15.47548,58.41618],[15.49868,58.40901],[15.49969,58.41242],[15.50455,58.4213],[15.52721,58.4493],[15.53185,58.45382],[15.54039,58.46079],[15.5466,58.46476],[15.54898,58.46939],[15.55124,58.47104],[15.55696,58.47187],[15.56738,58.47162],[15.57703,58.46932],[15.57627,58.46577],[15.58058,58.45685],[15.57949,58.44746],[15.57258,58.42791]]]},"properties":{"objnamn":"Malmens flottiljflygplats","lan":"Östergötland","kommun":"Linköping","kategori":"Påverkansområden","underkategori":"Påverkansområde för buller eller annan risk","typ":"Påverkansområde"}},{"type":"Feature","geometry":{"type":"Polygon","coordinates":[[[14.84401,58.6978],[14.84123,58.69139],[14.83612,58.68441],[14.82529,58.67378],[14.82738,58.67066],[14.82727,58.66799],[14.83168,58.66689],[14.84262,58.66735],[14.85548,58.66431],[14.87855,58.65979],[14.88583,58.65645],[14.89988,58.64229],[14.90565,58.63092],[14.90664,58.62066],[14.90554,58.61361],[14.89152,58.60648],[14.87109,58.60044],[14.84664,58.5955],[14.82359,58.59486],[14.82453,58.59085],[14.82465,58.57082],[14.81999,58.55271],[14.80921,58.53151],[14.80078,58.52018],[14.78924,58.50764],[14.77424,58.49453],[14.76303,58.48931],[14.75825,58.46785],[14.75086,58.45195],[14.73948,58.43575],[14.727,58.42127],[14.71307,58.40916],[14.68145,58.38893],[14.65532,58.37753],[14.61967,58.36494],[14.60224,58.35992],[14.57562,58.35399],[14.5447,58.35028],[14.51638,58.34907],[14.47157,58.34802],[14.47304,58.39244],[14.40014,58.40571],[14.39646,58.40509],[14.38172,58.40489],[14.37351,58.40425],[14.36976,58.40358],[14.36704,58.40546],[14.3618,58.40529],[14.36108,58.40559],[14.36094,58.40744],[14.35862,58.40762],[14.3544,58.40553],[14.3495,58.40479],[14.34512,58.40517],[14.34142,58.40476],[14.33744,58.40151],[14.33691,58.40046],[14.33267,58.39955],[14.33315,58.39859],[14.33267,58.39699],[14.32797,58.39767],[14.32691,58.39715],[14.32528,58.39713],[14.32476,58.39667],[14.32671,58.39401],[14.32247,58.39162],[14.3199,58.39085],[14.31781,58.38632],[14.3097,58.38549],[14.30537,58.38766],[14.30089,58.38846],[14.29251,58.39139],[14.29078,58.3912],[14.28664,58.39301],[14.28608,58.39445],[14.2877,58.3972],[14.28795,58.39886],[14.29091,58.40284],[14.2848,58.40395],[14.28453,58.40515],[14.28294,58.40684],[14.28627,58.40762],[14.2888,58.40953],[14.28865,58.41039],[14.2914,58.41213],[14.2924,58.41414],[14.2936,58.41415],[14.29165,58.41641],[14.29168,58.41792],[14.29614,58.42085],[14.29649,58.42262],[14.29733,58.42343],[14.29704,58.42514],[14.29938,58.42642],[14.31244,58.43882],[14.31624,58.44042],[14.31248,58.44429],[14.30824,58.44662],[14.30131,58.46168],[14.29944,58.46348],[14.29928,58.46429],[14.29748,58.46479],[14.29621,58.46587],[14.296,58.46795],[14.30233,58.46935],[14.29864,58.47395],[14.29893,58.47485],[14.30641,58.48049],[14.30872,58.48608],[14.3057,58.49179],[14.29318,58.49843],[14.29583,58.5064],[14.30261,58.51354],[14.30009,58.51551],[14.29954,58.51666],[14.2983,58.5172],[14.30034,58.52092],[14.3058,58.52253],[14.30875,58.53207],[14.30823,58.54426],[14.3182,58.5421],[14.32291,58.53368],[14.32879,58.53468],[14.34359,58.54456],[14.34265,58.5469],[14.34257,58.55023],[14.34139,58.55477],[14.3438,58.55766],[14.34785,58.56094],[14.35985,58.56252],[14.37094,58.56327],[14.38281,58.56691],[14.38865,58.57224],[14.39853,58.57421],[14.40768,58.56305],[14.41621,58.5774],[14.42373,58.58395],[14.43503,58.58516],[14.4354,58.58713],[14.43845,58.58889],[14.44029,58.59205],[14.43799,58.59476],[14.43859,58.59771],[14.43785,58.59987],[14.43816,58.60098],[14.43656,58.60183],[14.43261,58.60205],[14.42205,58.61109],[14.42088,58.61247],[14.4209,58.61332],[14.42196,58.6147],[14.42185,58.61747],[14.42274,58.61919],[14.41815,58.62143],[14.41772,58.62204],[14.41824,58.62555],[14.4249,58.62852],[14.42706,58.62886],[14.42924,58.62994],[14.42458,58.63272],[14.4256,58.63773],[14.425,58.64004],[14.4424,58.65291],[14.46163,58.66579],[14.47825,58.67364],[14.49252,58.67874],[14.50895,58.68275],[14.5471,58.68801],[14.56124,58.68866],[14.5808,58.68834],[14.60645,58.6868],[14.63322,58.68452],[14.68326,58.67549],[14.72108,58.66444],[14.72624,58.68074],[14.71571,58.68716],[14.7275,58.69562],[14.72706,58.698],[14.72961,58.6983],[14.73219,58.69757],[14.74202,58.69879],[14.74633,58.70257],[14.76559,58.70948],[14.78749,58.71872],[14.8051,58.71831],[14.84401,58.6978]]]},"properties":{"objnamn":"Karlsborgsområdet","lan":"Västra Götaland","kommun":"Karlsborg, Tibro, Hjo, Vadstena, Motala, Askersund,  Ödeshög,  Laxå","kategori":"Påverkansområden","underkategori":"Påverkansområde för buller eller annan risk","typ":"Påverkansområde"}},{"type":"Feature","geometry":{"type":"Polygon","coordinates":[[[14.12334,57.48504],[14.14107,57.48503],[14.14699,57.48341],[14.14741,57.48364],[14.15099,57.48289],[14.15212,57.48184],[14.15752,57.48168],[14.15574,57.47996],[14.1562,57.47691],[14.15908,57.47657],[14.1592,57.47628],[14.16472,57.47684],[14.16544,57.4782],[14.16677,57.47793],[14.16743,57.4768],[14.16826,57.47661],[14.17828,57.47632],[14.18575,57.47706],[14.19132,57.47638],[14.20387,57.47204],[14.20786,57.46997],[14.21217,57.4651],[14.21761,57.46185],[14.21839,57.46043],[14.21447,57.45839],[14.21178,57.45369],[14.20881,57.45277],[14.20452,57.44988],[14.20192,57.44774],[14.20149,57.44657],[14.2066,57.44194],[14.21311,57.42951],[14.21261,57.4282],[14.20187,57.42317],[14.20069,57.42299],[14.1981,57.42315],[14.19456,57.42256],[14.1858,57.4233],[14.18299,57.42239],[14.17738,57.42324],[14.17501,57.42102],[14.17361,57.41795],[14.16779,57.41108],[14.16726,57.4097],[14.1638,57.4089],[14.15996,57.40532],[14.1567,57.40423],[14.15259,57.40366],[14.15328,57.39634],[14.1505,57.38917],[14.13743,57.38731],[14.13813,57.3796],[14.13419,57.37865],[14.13205,57.37686],[14.12969,57.37626],[14.12677,57.37231],[14.11273,57.37272],[14.10028,57.38695],[14.10164,57.41198],[14.10134,57.41914],[14.09818,57.41948],[14.09479,57.42652],[14.09694,57.42649],[14.09694,57.42832],[14.09998,57.42842],[14.10201,57.4278],[14.10241,57.42822],[14.10404,57.42814],[14.09877,57.44726],[14.09247,57.4491],[14.08946,57.44937],[14.08924,57.44865],[14.07921,57.44949],[14.07528,57.44571],[14.06886,57.44716],[14.06767,57.44804],[14.06447,57.45248],[14.05862,57.45383],[14.05554,57.45723],[14.05284,57.45879],[14.05109,57.46317],[14.05188,57.46791],[14.05141,57.47038],[14.05068,57.47095],[14.05154,57.47205],[14.05233,57.47192],[14.05313,57.47077],[14.05508,57.47011],[14.05851,57.471],[14.06015,57.4727],[14.06186,57.47357],[14.0639,57.47715],[14.06855,57.47787],[14.06963,57.48023],[14.06734,57.48242],[14.0681,57.48399],[14.06928,57.4847],[14.07022,57.48468],[14.07293,57.48334],[14.07689,57.48068],[14.0777,57.47911],[14.07947,57.47918],[14.08237,57.48002],[14.08587,57.48001],[14.08937,57.48056],[14.0991,57.48058],[14.10409,57.4793],[14.10735,57.47928],[14.11982,57.48559],[14.12136,57.4861],[14.12334,57.48504]]]},"properties":{"objnamn":"Skillingaryds skjut- och övningsfält","lan":"Jönköping","kommun":"Vaggeryd","kategori":"Påverkansområden","underkategori":"Påverkansområde för buller eller annan risk","typ":"Påverkansområde"}},{"type":"Feature","geometry":{"type":"Polygon","coordinates":[[[14.20364,57.32825],[14.20381,57.32784],[14.25711,57.33232],[14.27426,57.33302],[14.2848,57.33033],[14.28635,57.32865],[14.28541,57.3232],[14.27733,57.31829],[14.24672,57.30763],[14.2308,57.3029],[14.20455,57.29643],[14.16524,57.28783],[14.15766,57.28658],[14.15237,57.28459],[14.15026,57.28307],[14.1461,57.27421],[14.13601,57.26588],[14.13436,57.26385],[14.13407,57.26219],[14.13875,57.2503],[14.1413,57.23886],[14.14103,57.23531],[14.13911,57.23103],[14.13399,57.2288],[14.1252,57.22714],[14.11514,57.2265],[14.10747,57.22738],[14.10084,57.23178],[14.08579,57.24687],[14.08038,57.2538],[14.07789,57.25873],[14.07697,57.26605],[14.07854,57.27281],[14.0827,57.28176],[14.07994,57.28421],[14.08049,57.28556],[14.08491,57.28819],[14.10234,57.29553],[14.11869,57.29912],[14.12298,57.30083],[14.12473,57.30203],[14.12546,57.30511],[14.1277,57.30976],[14.13932,57.31954],[14.14585,57.32364],[14.14678,57.32375],[14.14953,57.3223],[14.15552,57.32098],[14.15928,57.3219],[14.1672,57.32237],[14.17234,57.32322],[14.17718,57.32596],[14.19778,57.34028],[14.22088,57.35547],[14.231,57.3632],[14.23351,57.36415],[14.23756,57.36501],[14.24324,57.36484],[14.24581,57.36428],[14.24697,57.3631],[14.24737,57.36131],[14.24679,57.35929],[14.24538,57.35754],[14.23346,57.34872],[14.20364,57.32825]]]},"properties":{"objnamn":"Hagshults flygbas","lan":"Jönköping","kommun":"Vaggeryd, Värnamo","kategori":"Påverkansområden","underkategori":"Påverkansområde för buller eller annan risk","typ":"Påverkansområde"}},{"type":"Feature","geometry":{"type":"Polygon","coordinates":[[[13.30274,56.7064],[13.31398,56.70431],[13.31984,56.70112],[13.32711,56.69819],[13.33469,56.69788],[13.34562,56.69837],[13.35487,56.69826],[13.35617,56.69625],[13.35393,56.69287],[13.3582,56.68953],[13.36497,56.68662],[13.36747,56.68382],[13.38913,56.68335],[13.39176,56.68046],[13.39839,56.676],[13.39909,56.65638],[13.39232,56.65154],[13.37337,56.63544],[13.37235,56.62179],[13.36602,56.60935],[13.35687,56.59659],[13.32927,56.58267],[13.29023,56.57691],[13.27219,56.5768],[13.25009,56.58055],[13.22536,56.58108],[13.21871,56.58802],[13.22156,56.59298],[13.21142,56.6112],[13.20368,56.61313],[13.19559,56.61323],[13.18626,56.61067],[13.1701,56.61647],[13.17046,56.64099],[13.17667,56.64735],[13.19023,56.64703],[13.19232,56.65666],[13.18729,56.66216],[13.18441,56.67099],[13.18428,56.67492],[13.18571,56.67844],[13.18765,56.67996],[13.19173,56.68009],[13.19775,56.68254],[13.20942,56.68554],[13.21227,56.69018],[13.21979,56.69414],[13.22453,56.69571],[13.22739,56.69875],[13.23076,56.70099],[13.23925,56.70546],[13.24453,56.70447],[13.2512,56.70608],[13.2562,56.70664],[13.26252,56.70612],[13.2685,56.70643],[13.27898,56.70488],[13.28743,56.70749],[13.30274,56.7064]]]},"properties":{"objnamn":"Mästocka skjutfält","lan":"Halland","kommun":"Laholm, Ljungby, Halmstad","kategori":"Påverkansområden","underkategori":"Påverkansområde för buller eller annan risk","typ":"Påverkansområde"}},{"type":"Feature","geometry":{"type":"Polygon","coordinates":[[[15.29482,56.36959],[15.295,56.36831],[15.3028,56.36749],[15.30675,56.36675],[15.3082,56.36588],[15.30683,56.36075],[15.30723,56.35882],[15.30852,56.35828],[15.31244,56.35943],[15.3153,56.36101],[15.32894,56.36366],[15.34097,56.36333],[15.34897,56.36428],[15.35259,56.36392],[15.35662,56.36214],[15.35979,56.35863],[15.3613,56.35456],[15.36477,56.35029],[15.37362,56.34506],[15.37787,56.3409],[15.37906,56.33868],[15.37826,56.332],[15.37011,56.32763],[15.36576,56.32599],[15.33713,56.3015],[15.32342,56.30111],[15.3206,56.30047],[15.31797,56.2992],[15.31278,56.29183],[15.31424,56.28867],[15.31401,56.28326],[15.30888,56.27712],[15.30195,56.27338],[15.29562,56.27075],[15.29165,56.25721],[15.29137,56.25139],[15.28758,56.23999],[15.28103,56.23784],[15.2737,56.2318],[15.27141,56.22879],[15.26284,56.22475],[15.25396,56.1921],[15.24522,56.16637],[15.24124,56.16527],[15.23986,56.16524],[15.23876,56.16352],[15.23689,56.16237],[15.23534,56.16364],[15.2349,56.16564],[15.2224,56.16768],[15.22187,56.16802],[15.22395,56.17588],[15.21448,56.17612],[15.20255,56.17533],[15.19968,56.17607],[15.19547,56.17542],[15.18364,56.1762],[15.16692,56.17627],[15.15893,56.17715],[15.15388,56.18217],[15.15376,56.18427],[15.15226,56.18396],[15.14649,56.18688],[15.14411,56.18711],[15.14226,56.18776],[15.14082,56.19016],[15.13767,56.19093],[15.13744,56.19189],[15.13462,56.1929],[15.13406,56.19398],[15.13264,56.19457],[15.12897,56.19491],[15.12598,56.19586],[15.12614,56.19692],[15.12873,56.20081],[15.12787,56.20207],[15.13119,56.20365],[15.13235,56.2051],[15.1342,56.20427],[15.13582,56.20428],[15.13696,56.20724],[15.13954,56.20773],[15.14038,56.209],[15.14295,56.21022],[15.14478,56.21053],[15.14604,56.21264],[15.15382,56.21262],[15.15605,56.21571],[15.16029,56.21801],[15.17136,56.21948],[15.17539,56.22091],[15.18619,56.22368],[15.19267,56.22749],[15.18422,56.23165],[15.18046,56.23439],[15.17727,56.23754],[15.1755,56.23999],[15.1737,56.2441],[15.17328,56.2505],[15.17501,56.2552],[15.17926,56.26039],[15.18707,56.26455],[15.18871,56.26517],[15.19334,56.26598],[15.19649,56.27567],[15.19601,56.27748],[15.19209,56.28185],[15.19029,56.28562],[15.18985,56.28965],[15.19039,56.29372],[15.19362,56.29947],[15.20159,56.30665],[15.22065,56.31772],[15.18847,56.30844],[15.17673,56.30639],[15.17451,56.30697],[15.1746,56.3079],[15.17909,56.31003],[15.18262,56.3125],[15.20995,56.32313],[15.2177,56.32521],[15.22893,56.32713],[15.23914,56.32689],[15.23965,56.32753],[15.2157,56.34867],[15.21106,56.3534],[15.20826,56.35748],[15.20634,56.35928],[15.20588,56.36133],[15.20767,56.36151],[15.20968,56.36082],[15.21742,56.35712],[15.22551,56.35178],[15.26756,56.31992],[15.27641,56.35012],[15.27767,56.35168],[15.27911,56.35186],[15.28426,56.36767],[15.28712,56.36865],[15.29003,56.36861],[15.29178,56.37063],[15.2939,56.37163],[15.29482,56.36959]]]},"properties":{"objnamn":"Ronneby flottiljflygplats","lan":"Blekinge","kommun":"Ronneby, Karlskrona","kategori":"Påverkansområden","underkategori":"Påverkansområde för buller eller annan risk","typ":"Påverkansområde"}},{"type":"Feature","geometry":{"type":"Polygon","coordinates":[[[14.97579,56.15939],[14.97953,56.15824],[14.98442,56.15836],[14.98892,56.15897],[14.98821,56.15744],[14.99144,56.15107],[14.99929,56.14996],[15.00581,56.15102],[15.00847,56.15082],[15.01234,56.15011],[15.01659,56.14869],[15.0221,56.14936],[15.02728,56.14468],[15.02918,56.14424],[15.03289,56.14474],[15.03622,56.14679],[15.03631,56.14902],[15.03498,56.15117],[15.03287,56.15284],[15.04038,56.15622],[15.05188,56.1533],[15.04919,56.15087],[15.04759,56.13736],[14.98547,56.10988],[14.97218,56.10671],[14.96614,56.10733],[14.959,56.11074],[14.94955,56.11936],[14.9441,56.13092],[14.94472,56.13753],[14.94856,56.14267],[14.95494,56.14413],[14.96136,56.15046],[14.96639,56.15295],[14.96867,56.15883],[14.97579,56.15939]]]},"properties":{"objnamn":"Harö skjutfält","lan":"Blekinge","kommun":"Karlshamn","kategori":"Påverkansområden","underkategori":"Påverkansområde för buller eller annan risk","typ":"Påverkansområde"}},{"type":"Feature","geometry":{"type":"Polygon","coordinates":[[[15.12037,55.83936],[15.12859,55.79947],[15.13275,55.74503],[15.12704,55.70325],[15.12022,55.66448],[15.11518,55.64691],[14.91443,55.53427],[14.63721,55.5634],[14.56223,55.57053],[14.45043,55.6226],[14.36291,55.61797],[14.30154,55.66376],[14.27712,55.67208],[14.26391,55.68144],[14.24863,55.67421],[14.24012,55.67227],[14.22818,55.67221],[14.21767,55.67313],[14.18831,55.67836],[14.17588,55.68187],[14.16729,55.68558],[14.15631,55.69159],[14.12739,55.70465],[14.12172,55.70961],[14.11933,55.71451],[14.11892,55.71974],[14.12168,55.72748],[14.12241,55.74012],[14.12171,55.74801],[14.11918,55.75178],[14.11539,55.75522],[14.11002,55.76141],[14.10607,55.76844],[14.10669,55.77522],[14.11065,55.78111],[14.11985,55.7868],[14.12966,55.79124],[14.13757,55.79434],[14.1474,55.79723],[14.15642,55.80228],[14.16024,55.80584],[14.16648,55.8091],[14.17932,55.81153],[14.18859,55.81248],[14.21121,55.81226],[14.23087,55.81339],[14.245,55.81303],[14.26379,55.82997],[14.3173,55.88975],[14.44406,55.89848],[14.52768,55.94294],[14.88536,56.00059],[15.09786,55.89429],[15.10802,55.86833],[15.12037,55.83936]]]},"properties":{"objnamn":"Ravlunda skjutfält","lan":"Skåne","kommun":"Simrishamn, Kristianstad, Tomelilla, Sölvesborg","kategori":"Påverkansområden","underkategori":"Påverkansområde för buller eller annan risk","typ":"Påverkansområde"}},{"type":"Feature","geometry":{"type":"Polygon","coordinates":[[[13.61874,55.65897],[13.62632,55.65942],[13.63232,55.65848],[13.63547,55.6539],[13.65421,55.63745],[13.61463,55.64027],[13.59846,55.64105],[13.60068,55.65116],[13.60419,55.6526],[13.61492,55.66005],[13.61502,55.66066],[13.61874,55.65897]]]},"properties":{"objnamn":"Björka övningsfält","lan":"Skåne","kommun":"Lund, Sjöbo","kategori":"Påverkansområden","underkategori":"Påverkansområde för buller eller annan risk","typ":"Påverkansområde"}},{"type":"Feature","geometry":{"type":"Polygon","coordinates":[[[13.99562,55.45298],[13.99856,55.45182],[13.99985,55.45085],[14.0046,55.45016],[14.01012,55.44707],[14.01251,55.44525],[14.0132,55.44275],[14.01719,55.4416],[14.018,55.44063],[14.02171,55.43948],[14.02485,55.438],[14.0295,55.43467],[14.03467,55.43566],[14.03984,55.43453],[14.05574,55.429],[14.06299,55.42831],[14.0823,55.42955],[14.09334,55.42835],[14.103,55.42804],[14.11304,55.42855],[14.1218,55.43005],[14.13255,55.4298],[14.13677,55.42828],[14.14151,55.42779],[14.142,55.42501],[14.14985,55.41699],[14.15337,55.40988],[14.16485,55.4004],[14.18954,55.38971],[14.19034,55.38876],[14.19311,55.38802],[14.19873,55.38479],[14.18932,55.38092],[14.18224,55.37902],[14.1706,55.37746],[14.15301,55.37644],[14.14759,55.377],[14.13056,55.37982],[14.12055,55.38203],[14.10706,55.38306],[14.10038,55.38474],[14.08997,55.38436],[14.08242,55.38534],[14.07832,55.385],[14.0689,55.38515],[14.06621,55.38465],[14.0589,55.38107],[14.05581,55.38057],[14.05234,55.38201],[14.04712,55.38589],[14.03501,55.391],[14.02562,55.38584],[14.0926,55.30426],[14.06014,55.29742],[14.02083,55.29431],[13.96113,55.29767],[13.90756,55.31256],[13.85578,55.33383],[13.81135,55.35987],[13.95539,55.42606],[13.92854,55.42971],[13.92958,55.43501],[13.93647,55.44337],[13.94262,55.44895],[13.9451,55.45011],[13.95182,55.45221],[13.95653,55.45436],[13.96108,55.45574],[13.96228,55.45466],[13.96631,55.45483],[13.96597,55.45592],[13.96874,55.4564],[13.97091,55.45523],[13.97667,55.45532],[13.97814,55.45458],[13.97887,55.4536],[13.98298,55.45202],[13.98342,55.4528],[13.98177,55.45507],[13.98191,55.45627],[13.9812,55.45713],[13.98561,55.45753],[13.98946,55.45737],[13.99221,55.4561],[13.99295,55.45469],[13.99269,55.45403],[13.99562,55.45298]]]},"properties":{"objnamn":"Kabusa skjutfält","lan":"Skåne","kommun":"Ystad","kategori":"Påverkansområden","underkategori":"Påverkansområde för buller eller annan risk","typ":"Påverkansområde"}},{"type":"Feature","geometry":{"type":"Polygon","coordinates":[[[12.81233,56.75448],[12.81397,56.75387],[12.82503,56.75403],[12.82708,56.75321],[12.83613,56.75136],[12.84254,56.75281],[12.8432,56.75367],[12.84511,56.75348],[12.8484,56.7506],[12.8547,56.7432],[12.85544,56.74096],[12.85502,56.73734],[12.8555,56.73554],[12.8566,56.73404],[12.86044,56.73094],[12.86161,56.72907],[12.86279,56.72311],[12.8626,56.71931],[12.86462,56.71345],[12.86048,56.71324],[12.85981,56.7117],[12.86,56.70931],[12.85549,56.70877],[12.85439,56.70049],[12.84854,56.70015],[12.84872,56.69652],[12.85422,56.69697],[12.86084,56.69676],[12.86736,56.69374],[12.86649,56.69109],[12.85751,56.68191],[12.85408,56.68114],[12.85247,56.68127],[12.8506,56.68249],[12.84224,56.68344],[12.84187,56.68288],[12.83956,56.68283],[12.83934,56.68236],[12.83603,56.68179],[12.83509,56.68176],[12.83464,56.68252],[12.82146,56.68029],[12.82142,56.67913],[12.82055,56.67932],[12.81885,56.67983],[12.82475,56.69731],[12.81936,56.69838],[12.81273,56.69695],[12.78194,56.7067],[12.77112,56.70157],[12.76621,56.69995],[12.76386,56.69755],[12.76348,56.69619],[12.76236,56.69553],[12.75941,56.69755],[12.75465,56.69972],[12.74594,56.70201],[12.74629,56.70298],[12.74566,56.70518],[12.74297,56.70697],[12.74182,56.70719],[12.74338,56.70975],[12.74226,56.71009],[12.74048,56.70952],[12.73874,56.70946],[12.73037,56.71227],[12.73235,56.71297],[12.73325,56.71398],[12.73495,56.71426],[12.73583,56.7185],[12.74478,56.72187],[12.75446,56.72646],[12.75647,56.72822],[12.75811,56.72778],[12.75983,56.72637],[12.76171,56.72576],[12.76506,56.72538],[12.77004,56.72694],[12.77153,56.72806],[12.77159,56.7298],[12.77411,56.73041],[12.77632,56.73403],[12.77729,56.73417],[12.77566,56.73747],[12.78001,56.73838],[12.78038,56.73659],[12.78399,56.73857],[12.78351,56.73973],[12.78393,56.74108],[12.78522,56.7422],[12.78498,56.74322],[12.78784,56.74661],[12.79124,56.74854],[12.79455,56.74927],[12.79858,56.75078],[12.80831,56.75286],[12.81233,56.75448]]]},"properties":{"objnamn":"Nyårsåsens skjutfält och Halmstads övningsfält med skjutbanor","lan":"Halland","kommun":"Halmstad","kategori":"Påverkansområden","underkategori":"Påverkansområde för buller eller annan risk","typ":"Påverkansområde"}},{"type":"Feature","geometry":{"type":"Polygon","coordinates":[[[12.62146,56.7187],[12.63077,56.71363],[12.64658,56.72013],[12.66083,56.72258],[12.66752,56.71997],[12.67536,56.71626],[12.68313,56.71346],[12.69108,56.71343],[12.69509,56.7156],[12.6976,56.71566],[12.70113,56.71345],[12.7021,56.71186],[12.70513,56.71056],[12.70923,56.71158],[12.71402,56.7094],[12.71778,56.70896],[12.72279,56.7052],[12.72377,56.70273],[12.72559,56.70094],[12.7246,56.69835],[12.72523,56.69403],[12.72604,56.69262],[12.72564,56.68906],[12.71317,56.67756],[12.70204,56.67154],[12.70203,56.61081],[12.69205,56.61037],[12.6768,56.61029],[12.65487,56.61157],[12.64684,56.61262],[12.63951,56.61403],[12.62414,56.61783],[12.61547,56.62065],[12.60819,56.6234],[12.59619,56.62889],[12.58421,56.63566],[12.57074,56.64645],[12.56235,56.65636],[12.55919,56.6617],[12.55534,56.67112],[12.55387,56.68019],[12.55458,56.68954],[12.55642,56.69713],[12.56011,56.70486],[12.56886,56.71586],[12.57381,56.7203],[12.5813,56.72585],[12.58761,56.72986],[12.59443,56.7335],[12.62146,56.7187]]]},"properties":{"objnamn":"Ringenäs skjutfält","lan":"Halland","kommun":"Halmstad","kategori":"Påverkansområden","underkategori":"Påverkansområde för buller eller annan risk","typ":"Påverkansområde"}},{"type":"Feature","geometry":{"type":"Polygon","coordinates":[[[11.90244,57.7974],[11.90373,57.79642],[11.91041,57.79676],[11.91142,57.79771],[11.91152,57.79911],[11.92021,57.79796],[11.92529,57.79387],[11.92927,57.79151],[11.92681,57.79041],[11.92734,57.78817],[11.92907,57.78742],[11.92904,57.78216],[11.92713,57.78024],[11.92747,57.77915],[11.92239,57.77617],[11.91142,57.77327],[11.90937,57.77317],[11.9042,57.77374],[11.8966,57.77697],[11.89606,57.77407],[11.89291,57.77506],[11.88758,57.77606],[11.8886,57.77688],[11.89066,57.77757],[11.89221,57.77941],[11.88437,57.78429],[11.88034,57.788],[11.88141,57.79153],[11.88597,57.79521],[11.89327,57.79815],[11.90154,57.79957],[11.90244,57.7974]]]},"properties":{"objnamn":"Säve skjutbana","lan":"Västra Götaland","kommun":"Göteborg","kategori":"Påverkansområden","underkategori":"Påverkansområde för buller eller annan risk","typ":"Påverkansområde"}},{"type":"Feature","geometry":{"type":"Polygon","coordinates":[[[11.78077,57.6545],[11.78148,57.65406],[11.78347,57.65404],[11.78297,57.65307],[11.785,57.65169],[11.78458,57.64906],[11.78544,57.64818],[11.78406,57.64781],[11.78397,57.6468],[11.78636,57.6454],[11.78676,57.64276],[11.78745,57.64202],[11.78943,57.64252],[11.79445,57.62152],[11.80001,57.62044],[11.80101,57.61968],[11.80295,57.61914],[11.81758,57.61246],[11.81873,57.61127],[11.81812,57.61073],[11.81965,57.61032],[11.81656,57.59436],[11.81506,57.59324],[11.81304,57.59311],[11.81175,57.59184],[11.81049,57.59134],[11.80977,57.59143],[11.81013,57.59179],[11.80772,57.59248],[11.80261,57.59224],[11.80157,57.59289],[11.79966,57.59321],[11.79473,57.58817],[11.78717,57.58915],[11.74246,57.58645],[11.72183,57.58474],[11.7205,57.62119],[11.71822,57.6207],[11.71411,57.62714],[11.72002,57.62873],[11.719,57.64928],[11.75883,57.65559],[11.77334,57.65629],[11.77556,57.65603],[11.77648,57.65549],[11.78077,57.6545]]]},"properties":{"objnamn":"Göteborgs skärgårdsskjutfält","lan":"Västra Götaland","kommun":"Göteborg","kategori":"Påverkansområden","underkategori":"Påverkansområde för buller eller annan risk","typ":"Påverkansområde"}},{"type":"Feature","geometry":{"type":"Polygon","coordinates":[[[12.00433,57.5964],[11.99101,57.59569],[11.97742,57.59672],[11.9732,57.59864],[11.96901,57.60124],[11.96704,57.60359],[11.96179,57.62428],[11.96873,57.62926],[11.97524,57.63105],[11.98124,57.63226],[11.98428,57.63251],[11.99211,57.63084],[11.99834,57.62845],[12.00725,57.62225],[12.01113,57.62121],[12.01892,57.61691],[12.01978,57.6078],[12.01912,57.60403],[12.00942,57.59707],[12.00433,57.5964]]]},"properties":{"objnamn":"Sisjöns skjutfält","lan":"Västra Götaland","kommun":"Göteborg, Mölndal","kategori":"Påverkansområden","underkategori":"Påverkansområde för buller eller annan risk","typ":"Påverkansområde"}},{"type":"Feature","geometry":{"type":"Polygon","coordinates":[[[12.77115,58.43395],[12.7729,58.43357],[12.77888,58.43371],[12.78119,58.43475],[12.78197,58.43567],[12.78779,58.4376],[12.80055,58.44868],[12.8049,58.44995],[12.81438,58.44934],[12.81887,58.44696],[12.82235,58.44632],[12.82745,58.44671],[12.83331,58.44837],[12.83525,58.4477],[12.83886,58.44553],[12.84633,58.44642],[12.84912,58.44577],[12.84942,58.44218],[12.8539,58.43789],[12.85752,58.4271],[12.85649,58.41899],[12.85234,58.41539],[12.85182,58.41134],[12.85412,58.40636],[12.85926,58.40432],[12.86215,58.4025],[12.86319,58.40028],[12.85922,58.3966],[12.8574,58.39577],[12.8515,58.39474],[12.84894,58.39468],[12.84094,58.39617],[12.829,58.39778],[12.81281,58.39698],[12.80265,58.39582],[12.78708,58.39581],[12.77261,58.39694],[12.7608,58.39492],[12.76635,58.39054],[12.76339,58.3848],[12.77161,58.37865],[12.7756,58.37398],[12.77613,58.36582],[12.77576,58.36024],[12.77299,58.3546],[12.76334,58.34764],[12.75585,58.34333],[12.74664,58.34113],[12.73991,58.34001],[12.72966,58.34],[12.72185,58.34137],[12.71259,58.3398],[12.7031,58.34089],[12.69721,58.33988],[12.68642,58.34128],[12.68322,58.34086],[12.68208,58.33916],[12.6667,58.33713],[12.65137,58.33657],[12.64184,58.33807],[12.63298,58.34168],[12.62826,58.3448],[12.62375,58.3493],[12.61738,58.35172],[12.60552,58.35996],[12.59419,58.3718],[12.59106,58.37801],[12.58817,58.38153],[12.5913,58.38664],[12.59264,58.39072],[12.59646,58.39387],[12.60434,58.40314],[12.60674,58.405],[12.61099,58.40537],[12.61321,58.4092],[12.62246,58.41102],[12.63206,58.41093],[12.63759,58.41409],[12.64824,58.41178],[12.65752,58.41138],[12.65837,58.41633],[12.65584,58.42076],[12.64671,58.427],[12.6405,58.43049],[12.63896,58.43259],[12.64194,58.43467],[12.64588,58.43607],[12.64304,58.44003],[12.63399,58.44514],[12.63592,58.44625],[12.64987,58.44695],[12.6599,58.4485],[12.66764,58.45052],[12.67073,58.45252],[12.67549,58.45667],[12.68043,58.46293],[12.67476,58.46491],[12.66134,58.4885],[12.65162,58.50765],[12.66014,58.51152],[12.67196,58.51498],[12.68203,58.51718],[12.69399,58.51918],[12.70419,58.51992],[12.71584,58.5202],[12.74165,58.51858],[12.75446,58.51624],[12.77215,58.51129],[12.77638,58.51064],[12.7942,58.50395],[12.7977,58.50154],[12.77448,58.48784],[12.75432,58.4646],[12.7559,58.45962],[12.75804,58.45757],[12.75916,58.45415],[12.75677,58.45384],[12.75665,58.45191],[12.75514,58.45016],[12.75995,58.44345],[12.76081,58.44122],[12.76858,58.43391],[12.77115,58.43395]]]},"properties":{"objnamn":"Såtenäs flottiljsflygplats/Råda flygbas","lan":"Västra Götaland","kommun":"Lidköping, Grästorp, Vänersborg","kategori":"Påverkansområden","underkategori":"Påverkansområde för buller eller annan risk","typ":"Påverkansområde"}},{"type":"Feature","geometry":{"type":"Polygon","coordinates":[[[13.86016,58.37439],[13.86533,58.37315],[13.8649,58.37274],[13.86801,58.37174],[13.87429,58.37313],[13.87801,58.37356],[13.88648,58.37427],[13.89175,58.37419],[13.9005,58.37331],[13.91545,58.37008],[13.92323,58.36999],[13.92348,58.3692],[13.92574,58.36929],[13.92713,58.36567],[13.93,58.36494],[13.92994,58.36417],[13.93123,58.3637],[13.93056,58.36321],[13.93206,58.3626],[13.93348,58.36034],[13.93391,58.35423],[13.93317,58.35098],[13.93332,58.3476],[13.94091,58.34565],[13.94067,58.34398],[13.94473,58.33821],[13.95077,58.33613],[13.95286,58.33427],[13.95857,58.33269],[13.97021,58.33098],[13.96978,58.33019],[13.97176,58.32993],[13.97047,58.3279],[13.97091,58.327],[13.97273,58.32597],[13.97324,58.32323],[13.97139,58.3179],[13.97421,58.31477],[13.97347,58.31114],[13.97381,58.30967],[13.97341,58.30897],[13.97065,58.30736],[13.96945,58.30541],[13.96941,58.30317],[13.97101,58.30011],[13.97008,58.2954],[13.96721,58.29317],[13.96065,58.28966],[13.95978,58.28674],[13.9577,58.2837],[13.95322,58.27912],[13.94722,58.27511],[13.93797,58.27157],[13.93062,58.2695],[13.9253,58.26458],[13.9176,58.25982],[13.89918,58.25074],[13.89608,58.2485],[13.88407,58.2477],[13.87184,58.24829],[13.86946,58.24888],[13.87041,58.25036],[13.87057,58.25269],[13.86937,58.25314],[13.86544,58.25253],[13.8623,58.25342],[13.85899,58.2522],[13.85918,58.25135],[13.85805,58.25056],[13.85076,58.24944],[13.83367,58.24507],[13.83038,58.24648],[13.82625,58.25101],[13.81897,58.25489],[13.824,58.26],[13.82407,58.26139],[13.82726,58.26788],[13.81502,58.27358],[13.8078,58.27831],[13.80536,58.28638],[13.80505,58.28952],[13.80563,58.29254],[13.80866,58.29619],[13.80843,58.29795],[13.80724,58.29917],[13.8039,58.30108],[13.80567,58.30288],[13.81759,58.30529],[13.82553,58.31012],[13.83586,58.31517],[13.83625,58.31951],[13.83549,58.32256],[13.8409,58.32624],[13.84234,58.33109],[13.84628,58.33233],[13.85105,58.33708],[13.85027,58.33943],[13.84721,58.34299],[13.84523,58.34712],[13.84265,58.34944],[13.8409,58.34884],[13.84111,58.34828],[13.84037,58.34776],[13.83547,58.3491],[13.83523,58.35019],[13.83356,58.35026],[13.83318,58.34963],[13.83179,58.34992],[13.82996,58.34964],[13.82889,58.35136],[13.83128,58.35151],[13.83139,58.35289],[13.82796,58.35449],[13.8287,58.3593],[13.8342,58.36652],[13.83705,58.36885],[13.83718,58.36967],[13.83579,58.36999],[13.83781,58.37331],[13.84907,58.38565],[13.85324,58.38507],[13.85212,58.38312],[13.85475,58.38262],[13.85346,58.37922],[13.86042,58.37791],[13.86016,58.37439]]]},"properties":{"objnamn":"Skövde övnings- och skjutfält med skjutbanor","lan":"Västra Götaland","kommun":"Skövde, Falköping","kategori":"Påverkansområden","underkategori":"Påverkansområde för buller eller annan risk","typ":"Påverkansområde"}},{"type":"Feature","geometry":{"type":"Polygon","coordinates":[[[13.84674,59.74124],[13.84947,59.74062],[13.85486,59.73711],[13.85647,59.73329],[13.85328,59.72861],[13.84599,59.72597],[13.83002,59.71175],[13.82041,59.70747],[13.81438,59.69874],[13.81029,59.69725],[13.81012,59.6955],[13.809,59.69448],[13.80684,59.69412],[13.80387,59.69468],[13.80238,59.69122],[13.79753,59.68564],[13.78255,59.68174],[13.76963,59.68092],[13.75531,59.68341],[13.74432,59.69058],[13.739,59.69836],[13.73241,59.701],[13.73186,59.70402],[13.73107,59.70493],[13.73147,59.70737],[13.7294,59.71147],[13.72389,59.7139],[13.72103,59.71445],[13.71923,59.71865],[13.70959,59.71783],[13.69492,59.72004],[13.68891,59.72195],[13.6873,59.72551],[13.68731,59.72805],[13.68823,59.73031],[13.68698,59.73202],[13.67933,59.73203],[13.67824,59.73999],[13.68598,59.73966],[13.68703,59.74247],[13.69069,59.74484],[13.68791,59.74869],[13.68909,59.75194],[13.69658,59.75653],[13.70697,59.7602],[13.71212,59.76384],[13.71412,59.77271],[13.71821,59.77671],[13.72584,59.77945],[13.73229,59.77992],[13.73983,59.78292],[13.74852,59.79117],[13.75566,59.79626],[13.7662,59.79984],[13.77619,59.80104],[13.78944,59.79985],[13.79867,59.79649],[13.80924,59.79079],[13.81356,59.78238],[13.81182,59.77379],[13.82155,59.76467],[13.8317,59.7629],[13.84006,59.75927],[13.84312,59.75433],[13.84223,59.75227],[13.8444,59.75055],[13.84832,59.74882],[13.85229,59.74635],[13.84674,59.74124]]]},"properties":{"objnamn":"Horssjöns skjutfält","lan":"Värmland","kommun":"Karlstad, Hagfors, Filipstad","kategori":"Påverkansområden","underkategori":"Påverkansområde för buller eller annan risk","typ":"Påverkansområde"}},{"type":"Feature","geometry":{"type":"Polygon","coordinates":[[[13.63363,61.80813],[13.63884,61.80548],[13.64962,61.80565],[13.6701,61.7998],[13.68579,61.7979],[13.7021,61.79792],[13.71101,61.7995],[13.7169,61.80159],[13.73415,61.80268],[13.75221,61.81031],[13.76659,61.81189],[13.77828,61.8145],[13.78978,61.81527],[13.80385,61.81511],[13.79501,61.64315],[13.82116,61.64217],[13.89801,61.63471],[13.97681,61.62193],[14.20765,61.54387],[14.13876,61.39804],[13.7671,61.27276],[13.58516,61.32998],[13.35598,61.53276],[13.42351,61.58],[13.27244,61.69059],[13.28711,61.68712],[13.29044,61.68589],[13.29188,61.68377],[13.29821,61.68281],[13.30926,61.6791],[13.31395,61.67669],[13.31892,61.67702],[13.33787,61.67451],[13.35792,61.67942],[13.37755,61.67842],[13.3863,61.68167],[13.39224,61.68237],[13.40244,61.68623],[13.40862,61.69037],[13.41895,61.69269],[13.42365,61.69657],[13.429,61.69857],[13.43624,61.70522],[13.43645,61.71224],[13.44223,61.71851],[13.43737,61.72306],[13.43547,61.73158],[13.44618,61.74209],[13.44752,61.74717],[13.44956,61.75035],[13.44948,61.75462],[13.45613,61.75949],[13.47708,61.76744],[13.48135,61.77003],[13.48171,61.77916],[13.49734,61.7881],[13.50142,61.79386],[13.50521,61.7969],[13.50685,61.80179],[13.51391,61.80464],[13.52431,61.81004],[13.54048,61.81542],[13.5568,61.81877],[13.56737,61.82191],[13.58143,61.81846],[13.58732,61.81345],[13.5977,61.81219],[13.60951,61.81203],[13.618,61.80907],[13.62756,61.80887],[13.63363,61.80813]]]},"properties":{"objnamn":"Älvdalens skjutfält","lan":"Dalarna","kommun":"Älvdalen, Härjedalen, Mora","kategori":"Påverkansområden","underkategori":"Påverkansområde för buller eller annan risk","typ":"Påverkansområde"}},{"type":"Feature","geometry":{"type":"Polygon","coordinates":[[[18.09204,62.63954],[18.06329,62.60786],[18.04985,62.6051],[18.04093,62.609],[18.03175,62.61239],[18.02231,62.61229],[18.02104,62.613],[18.01996,62.61271],[18.01911,62.61339],[18.01779,62.61333],[18.01806,62.61374],[18.02017,62.61364],[18.01755,62.61634],[18.01608,62.61732],[18.01198,62.61809],[18.01009,62.61624],[18.01452,62.61519],[18.00944,62.61332],[18.00745,62.61386],[18.00454,62.61349],[18.00381,62.61405],[18.00443,62.61441],[18.00403,62.61492],[18.00821,62.619],[17.9984,62.62142],[17.99251,62.62097],[17.9835,62.62304],[17.97545,62.62712],[17.96574,62.63096],[17.96683,62.6322],[17.96617,62.63221],[17.96622,62.63381],[17.96465,62.63382],[17.96471,62.63507],[17.96336,62.63665],[17.9642,62.63685],[17.9611,62.63864],[17.96186,62.64165],[17.96343,62.64416],[17.96754,62.647],[17.9739,62.64958],[17.97844,62.65075],[18.00231,62.6556],[18.0194,62.65363],[18.03583,62.65125],[18.04457,62.64892],[18.04749,62.64675],[18.05577,62.64442],[18.07002,62.64384],[18.0731,62.64188],[18.08022,62.64049],[18.09204,62.63954]]]},"properties":{"objnamn":"Härnöns skjutfält","lan":"Västernorrland","kommun":"Härnösand","kategori":"Påverkansområden","underkategori":"Påverkansområde för buller eller annan risk","typ":"Påverkansområde"}},{"type":"Feature","geometry":{"type":"Polygon","coordinates":[[[18.22898,62.64375],[18.2559,62.52574],[18.08952,62.44506],[17.88086,62.46361],[17.96061,62.55718],[17.95718,62.56039],[17.95707,62.56426],[17.95483,62.56579],[17.95576,62.56798],[17.9572,62.56932],[17.96206,62.56946],[17.96414,62.57051],[17.96336,62.5725],[17.96531,62.57765],[17.96661,62.579],[17.9698,62.57945],[17.97352,62.57934],[17.97661,62.57833],[17.97801,62.57694],[17.98287,62.57809],[17.98352,62.5776],[17.98523,62.57882],[17.98682,62.58108],[17.99061,62.58134],[17.99418,62.58223],[17.99673,62.58226],[17.99916,62.58183],[17.99927,62.58076],[18.00219,62.57853],[18.01004,62.57793],[18.22898,62.64375]]]},"properties":{"objnamn":"Skärsvikens skjutfält","lan":"Västernorrland","kommun":"Härnösand","kategori":"Påverkansområden","underkategori":"Påverkansområde för buller eller annan risk","typ":"Påverkansområde"}},{"type":"Feature","geometry":{"type":"Polygon","coordinates":[[[14.74717,63.21135],[14.75017,63.20859],[14.75316,63.20701],[14.75686,63.20574],[14.75785,63.20481],[14.76107,63.20376],[14.77138,63.19572],[14.75744,63.19258],[14.7265,63.18424],[14.72341,63.18365],[14.7051,63.18197],[14.69089,63.17984],[14.68856,63.18245],[14.68817,63.18425],[14.69019,63.18951],[14.68956,63.19367],[14.68102,63.20136],[14.67744,63.20247],[14.66172,63.2111],[14.65762,63.21074],[14.6557,63.21853],[14.66625,63.2208],[14.66466,63.22287],[14.66766,63.22333],[14.66694,63.22512],[14.66429,63.22781],[14.6642,63.22998],[14.66223,63.23127],[14.65922,63.23628],[14.65937,63.24273],[14.66043,63.24469],[14.66172,63.25108],[14.66399,63.25381],[14.67039,63.25873],[14.67117,63.26061],[14.67417,63.26325],[14.6789,63.26604],[14.68483,63.2683],[14.69485,63.27017],[14.70887,63.27077],[14.72185,63.27008],[14.73284,63.26787],[14.73743,63.26481],[14.74649,63.26217],[14.75123,63.25975],[14.76,63.25283],[14.7632,63.24846],[14.77252,63.24518],[14.78032,63.24185],[14.78594,63.23689],[14.77618,63.23175],[14.7715,63.22359],[14.76517,63.21953],[14.7596,63.21715],[14.7558,63.21444],[14.74717,63.21135]]]},"properties":{"objnamn":"Dagsådalens skjutfält","lan":"Jämtland","kommun":"Östersund, Krokom","kategori":"Påverkansområden","underkategori":"Påverkansområde för buller eller annan risk","typ":"Påverkansområde"}},{"type":"Feature","geometry":{"type":"Polygon","coordinates":[[[20.312,63.90871],[20.3149,63.90094],[20.3144,63.89684],[20.30736,63.88574],[20.30675,63.87866],[20.30036,63.86717],[20.30062,63.86227],[20.298,63.85715],[20.29744,63.85251],[20.29626,63.84965],[20.29557,63.84923],[20.28597,63.84778],[20.28108,63.84591],[20.27739,63.84312],[20.27323,63.83844],[20.26206,63.83215],[20.25748,63.8337],[20.24996,63.83737],[20.22684,63.84706],[20.21281,63.85362],[20.20038,63.86196],[20.19694,63.87046],[20.19468,63.87021],[20.19297,63.87113],[20.18045,63.86819],[20.17206,63.86986],[20.16837,63.86921],[20.16606,63.87163],[20.15137,63.87483],[20.15162,63.88575],[20.15674,63.8899],[20.15836,63.8958],[20.15535,63.89921],[20.15175,63.90691],[20.15496,63.90744],[20.16025,63.91148],[20.16151,63.91174],[20.16369,63.91148],[20.17234,63.91217],[20.17501,63.91369],[20.18799,63.91491],[20.19469,63.91497],[20.19782,63.91555],[20.20077,63.91881],[20.20835,63.92246],[20.22677,63.92539],[20.23684,63.92937],[20.24218,63.93041],[20.25831,63.93032],[20.27292,63.92839],[20.28258,63.92595],[20.3046,63.91895],[20.30757,63.91707],[20.312,63.90871]]]},"properties":{"objnamn":"Umeå garnisons övnings- och skjutfält samt närövningsfält med skjutbanor","lan":"Västerbotten","kommun":"Umeå","kategori":"Påverkansområden","underkategori":"Påverkansområde för buller eller annan risk","typ":"Påverkansområde"}},{"type":"Feature","geometry":{"type":"Polygon","coordinates":[[[20.27584,67.82875],[20.2862,67.82759],[20.29299,67.83067],[20.30281,67.82734],[20.30985,67.82372],[20.31601,67.81887],[20.31893,67.81485],[20.33103,67.8105],[20.34093,67.80574],[20.34861,67.8008],[20.35388,67.79607],[20.35752,67.79158],[20.35976,67.79055],[20.36272,67.79052],[20.36632,67.79171],[20.3688,67.79391],[20.3732,67.79614],[20.39538,67.80262],[20.41871,67.80587],[20.43228,67.80685],[20.45448,67.80646],[20.45855,67.80387],[20.45206,67.80107],[20.44788,67.79816],[20.44914,67.79481],[20.45826,67.79207],[20.47273,67.78959],[20.47384,67.78748],[20.4711,67.78536],[20.47259,67.78381],[20.4846,67.78005],[20.49997,67.77771],[20.51692,67.77714],[20.5794,67.7783],[20.60246,67.79489],[20.6213,67.79194],[20.63528,67.78687],[20.64115,67.78622],[20.64667,67.78451],[20.64854,67.78369],[20.64872,67.7824],[20.65444,67.78163],[20.66016,67.78197],[20.61599,67.74861],[20.61074,67.7379],[20.61256,67.73449],[20.6154,67.73265],[20.62055,67.73142],[20.62071,67.73032],[20.61444,67.72924],[20.61138,67.72621],[20.61112,67.72304],[20.6161,67.72104],[20.61893,67.72106],[20.62554,67.71881],[20.62992,67.71639],[20.62952,67.71504],[20.6251,67.71356],[20.61893,67.70913],[20.62323,67.70632],[20.62362,67.70509],[20.62751,67.704],[20.63021,67.70217],[20.63019,67.7008],[20.62811,67.69881],[20.62746,67.69503],[20.62464,67.69253],[20.61745,67.69194],[20.61985,67.67982],[20.58018,67.67528],[20.57166,67.675],[20.56806,67.67303],[20.55697,67.67531],[20.5512,67.67718],[20.52908,67.67816],[20.51975,67.67771],[20.51351,67.67535],[20.50285,67.67337],[20.4978,67.67376],[20.47857,67.68021],[20.46123,67.68489],[20.43818,67.68964],[20.38828,67.70354],[20.35865,67.71923],[20.34545,67.71884],[20.33598,67.71638],[20.32476,67.71415],[20.31473,67.71341],[20.30689,67.71406],[20.29624,67.71075],[20.26948,67.71183],[20.25959,67.71385],[20.25426,67.71687],[20.24346,67.71819],[20.21244,67.72678],[20.21227,67.73024],[20.21395,67.73138],[20.21657,67.73506],[20.21583,67.73706],[20.20773,67.74137],[20.20053,67.74341],[20.19933,67.74525],[20.20147,67.74704],[20.20082,67.74906],[20.2042,67.74994],[20.20364,67.75108],[20.1947,67.75415],[20.1943,67.75888],[20.1916,67.76096],[20.19117,67.76346],[20.19271,67.76824],[20.18914,67.7698],[20.18795,67.77169],[20.18243,67.77247],[20.17493,67.77228],[20.1713,67.77423],[20.17038,67.77688],[20.16354,67.78028],[20.16149,67.78239],[20.17169,67.78597],[20.16476,67.79578],[20.16484,67.79915],[20.1668,67.80396],[20.17098,67.80823],[20.17929,67.81305],[20.18971,67.81725],[20.19997,67.82454],[20.21646,67.83333],[20.22669,67.83633],[20.23957,67.83686],[20.25174,67.83502],[20.2542,67.83368],[20.27097,67.83093],[20.27584,67.82875]]]},"properties":{"objnamn":"Kalixfors skjutfält","lan":"Norrbotten","kommun":"Kiruna, Gällivare","kategori":"Påverkansområden","underkategori":"Påverkansområde för buller eller annan risk","typ":"Påverkansområde"}},{"type":"Feature","geometry":{"type":"Polygon","coordinates":[[[19.48817,66.55582],[19.55737,66.53827],[19.60783,66.52911],[19.67217,66.50686],[19.70839,66.48369],[19.75296,66.46349],[19.80781,66.43347],[19.82429,66.41237],[19.85511,66.3575],[19.87543,66.3363],[19.87261,66.31888],[19.86064,66.29374],[19.85656,66.2684],[19.8478,66.23841],[19.83197,66.21338],[19.79634,66.18727],[19.78942,66.16836],[19.79552,66.13621],[19.72333,66.12234],[19.65813,66.10649],[19.62425,66.08984],[19.57528,66.07674],[19.52752,66.07154],[19.48322,66.06306],[19.40775,66.0553],[19.34447,66.05041],[19.28207,66.05183],[19.21945,66.05164],[19.12153,66.0506],[19.06692,66.05177],[18.97778,66.05839],[18.88662,66.0809],[18.78058,66.11159],[18.70935,66.13996],[18.65702,66.16318],[18.58847,66.21845],[18.56374,66.24432],[18.5631,66.27452],[18.57829,66.41249],[18.56907,66.47086],[18.59616,66.49112],[18.6466,66.55064],[18.72261,66.58742],[18.79657,66.58031],[18.94538,66.56359],[18.978,66.56322],[19.03866,66.56733],[19.11977,66.57676],[19.2273,66.57445],[19.31512,66.5741],[19.48817,66.55582]]]},"properties":{"objnamn":"Vidsels skjutfält/Provplats RFN","lan":"Norrbotten","kommun":"Jokkmokk, Arjeplog, Arvidsjaur","kategori":"Påverkansområden","underkategori":"Påverkansområde för buller eller annan risk","typ":"Påverkansområde"}},{"type":"Feature","geometry":{"type":"Polygon","coordinates":[[[23.02313,66.24797],[23.0384,66.24501],[23.0566,66.2479],[23.07532,66.24402],[23.08866,66.24514],[23.09669,66.24502],[23.11831,66.23992],[23.14806,66.25118],[23.17238,66.24669],[23.19408,66.23332],[23.22035,66.21872],[23.22995,66.20925],[23.23921,66.20147],[23.26112,66.20575],[23.27613,66.19235],[23.28046,66.17913],[23.28166,66.17207],[23.27545,66.15669],[23.27276,66.13648],[23.30522,66.11822],[23.28941,66.10739],[23.27331,66.10034],[23.26235,66.09065],[23.25455,66.07979],[23.25452,66.07571],[23.24999,66.07387],[23.24827,66.07233],[23.24944,66.07045],[23.25391,66.0685],[23.25752,66.06806],[23.26413,66.06465],[23.26614,66.0647],[23.28247,66.02751],[23.28913,66.02325],[23.36437,66.0164],[23.3798,66.00741],[23.45583,65.99112],[23.46049,65.97683],[23.45968,65.97116],[23.45659,65.96387],[23.45053,65.95655],[23.43554,65.95655],[23.40391,65.96454],[23.3771,65.97344],[23.35253,65.97369],[23.35103,65.97582],[23.35152,65.98296],[23.34912,65.98591],[23.33119,65.9958],[23.31997,65.99783],[23.30013,66.00275],[23.27756,66.00626],[23.26285,66.00693],[23.23574,66.00453],[23.22525,66.00143],[23.21658,65.99962],[23.20473,65.99856],[23.19885,65.99557],[23.18121,65.99356],[23.16792,65.99788],[23.16422,66.00419],[23.15258,66.00556],[23.14676,66.00278],[23.14053,66.00553],[23.14063,66.00981],[23.14967,66.0122],[23.14914,66.0152],[23.14553,66.01594],[23.13487,66.02111],[23.13325,66.02275],[23.13164,66.02678],[23.13244,66.03438],[23.13908,66.0393],[23.13479,66.04282],[23.11313,66.04639],[23.07885,66.04756],[23.05882,66.04897],[23.0346,66.05357],[23.02509,66.05851],[23.01655,66.06731],[23.01824,66.07187],[23.01814,66.0756],[23.01935,66.07712],[23.01254,66.07919],[22.99229,66.10114],[22.97398,66.1105],[22.95042,66.1166],[22.93799,66.11842],[22.91709,66.12964],[22.89876,66.11274],[22.89219,66.12229],[22.87531,66.14131],[22.87047,66.17253],[22.87733,66.18597],[22.88807,66.21097],[22.89627,66.2181],[22.9022,66.22157],[22.92615,66.22522],[22.93578,66.23078],[22.93063,66.24102],[22.94777,66.24897],[22.96206,66.24256],[22.97799,66.24407],[22.99585,66.24149],[22.9886,66.25733],[22.998,66.27065],[23.02263,66.2635],[23.02503,66.25888],[23.02313,66.24797]]]},"properties":{"objnamn":"Lombens och Orrträsks skjutfält","lan":"Norrbotten","kommun":"Kalix, Överkalix, Övertorneå, Haparanda","kategori":"Påverkansområden","underkategori":"Påverkansområde för buller eller annan risk","typ":"Påverkansområde"}},{"type":"Feature","geometry":{"type":"Polygon","coordinates":[[[19.01224,65.62936],[19.01794,65.62852],[19.04048,65.62804],[19.04367,65.62465],[19.05731,65.62361],[19.06143,65.62127],[19.06308,65.61737],[19.0616,65.61409],[19.06319,65.60544],[19.07216,65.59887],[19.07994,65.59631],[19.09143,65.58649],[19.09568,65.58566],[19.09893,65.5861],[19.10037,65.58981],[19.1038,65.59109],[19.10728,65.59091],[19.11759,65.58631],[19.12876,65.58542],[19.13484,65.58638],[19.14384,65.5838],[19.14659,65.58461],[19.14917,65.58468],[19.15149,65.58393],[19.1544,65.58418],[19.15333,65.58736],[19.15091,65.58973],[19.15245,65.59022],[19.16015,65.58776],[19.16773,65.58405],[19.17572,65.58297],[19.18177,65.58493],[19.18613,65.58357],[19.19388,65.57995],[19.19763,65.57881],[19.2011,65.57857],[19.20439,65.57889],[19.20883,65.58062],[19.21496,65.57835],[19.21825,65.57609],[19.2194,65.57443],[19.2197,65.56949],[19.22121,65.56575],[19.22488,65.56078],[19.22848,65.55293],[19.23217,65.55017],[19.23908,65.53468],[19.24721,65.52852],[19.25054,65.52325],[19.23367,65.51629],[19.23584,65.51574],[19.23358,65.5139],[19.2381,65.50217],[19.23083,65.49489],[19.22168,65.49049],[19.19374,65.48127],[19.17514,65.47592],[19.14845,65.46634],[19.13433,65.46535],[19.10922,65.46515],[19.07952,65.46655],[19.05329,65.47183],[19.03793,65.4878],[19.02391,65.49531],[19.02589,65.51141],[19.0231,65.51817],[19.01852,65.52383],[19.01483,65.53122],[19.01979,65.54134],[19.01511,65.5545],[19.00726,65.56061],[18.99489,65.56615],[18.98738,65.57839],[18.96144,65.58983],[18.96093,65.59412],[18.95073,65.60958],[18.96641,65.61601],[18.98441,65.62455],[18.98923,65.62601],[18.99513,65.62684],[18.99993,65.62818],[19.00071,65.62929],[19.00369,65.63049],[19.01224,65.62936]]]},"properties":{"objnamn":"Arvidsjaurs övnings- och skjutfält","lan":"Norrbotten","kommun":"Arvidsjaur","kategori":"Påverkansområden","underkategori":"Påverkansområde för buller eller annan risk","typ":"Påverkansområde"}},{"type":"Feature","geometry":{"type":"Polygon","coordinates":[[[15.71646,56.02745],[15.69638,55.92843],[15.41258,55.92821],[15.41163,56.08809],[15.4541,56.08958],[15.45478,56.09152],[15.45733,56.09477],[15.4614,56.09433],[15.46277,56.09473],[15.47016,56.09937],[15.47097,56.10083],[15.47163,56.10088],[15.47141,56.1013],[15.47218,56.10139],[15.47158,56.10201],[15.47171,56.10368],[15.47262,56.10361],[15.47267,56.10423],[15.47332,56.1042],[15.47383,56.10514],[15.47455,56.10507],[15.47481,56.10576],[15.47555,56.10577],[15.47596,56.10672],[15.47733,56.10654],[15.47799,56.10789],[15.47747,56.10798],[15.47736,56.10875],[15.47981,56.10889],[15.47879,56.10954],[15.47998,56.10991],[15.47962,56.11032],[15.48134,56.11066],[15.48084,56.11169],[15.48123,56.11283],[15.48259,56.11303],[15.4823,56.11397],[15.48337,56.11473],[15.48338,56.11554],[15.48239,56.11555],[15.48228,56.11597],[15.48384,56.11599],[15.4838,56.11641],[15.48453,56.11643],[15.48494,56.11723],[15.48544,56.11724],[15.48489,56.11745],[15.48511,56.11791],[15.48654,56.11798],[15.48827,56.11926],[15.5174,56.11811],[15.51791,56.11742],[15.51924,56.1171],[15.51841,56.11102],[15.51908,56.11001],[15.51882,56.10935],[15.52104,56.10811],[15.52177,56.10701],[15.52291,56.10698],[15.52275,56.10637],[15.52602,56.1061],[15.52526,56.10465],[15.52566,56.1042],[15.5275,56.10365],[15.53283,56.10319],[15.53989,56.10137],[15.54149,56.10167],[15.54302,56.09963],[15.54274,56.09929],[15.54457,56.0984],[15.55028,56.09743],[15.57172,56.09798],[15.57579,56.10262],[15.58623,56.10981],[15.59736,56.11376],[15.60088,56.11564],[15.60376,56.11646],[15.60953,56.11721],[15.60982,56.11765],[15.61015,56.11671],[15.61244,56.11693],[15.61306,56.11586],[15.61469,56.11566],[15.61301,56.11309],[15.61529,56.113],[15.61656,56.11337],[15.61838,56.11205],[15.61762,56.11108],[15.6201,56.11078],[15.6198,56.11035],[15.6297,56.1076],[15.6363,56.10752],[15.6359,56.10484],[15.63906,56.10356],[15.64095,56.10407],[15.64172,56.10355],[15.64003,56.09917],[15.64073,56.09848],[15.64617,56.09945],[15.64667,56.09888],[15.64595,56.09672],[15.64834,56.09553],[15.64972,56.09546],[15.6511,56.09487],[15.6511,56.09251],[15.64934,56.09165],[15.64797,56.0889],[15.64674,56.08773],[15.64514,56.08715],[15.72211,56.05519],[15.71646,56.02745]]]},"properties":{"objnamn":"Södra Tjurkö och Bollö skjutfält","lan":"Blekinge","kommun":"Karlskrona","kategori":"Påverkansområden","underkategori":"Påverkansområde för buller eller annan risk","typ":"Påverkansområde"}},{"type":"Feature","geometry":{"type":"Polygon","coordinates":[[[15.71563,56.02658],[15.74112,56.05331],[15.75718,56.06506],[15.76203,56.06942],[15.77446,56.07651],[15.77893,56.07743],[15.78064,56.07813],[15.78403,56.07805],[15.78803,56.08176],[15.78894,56.09028],[15.79032,56.09531],[15.79153,56.09755],[15.79245,56.10517],[15.79525,56.10733],[15.79418,56.10852],[15.79456,56.10923],[15.79994,56.11107],[15.80053,56.11209],[15.79805,56.11572],[15.79673,56.1225],[15.79966,56.12542],[15.80069,56.12904],[15.8049,56.13244],[15.81071,56.13276],[15.81428,56.13135],[15.82275,56.13178],[15.8254,56.13239],[15.82897,56.13447],[15.8452,56.13915],[15.89669,56.13807],[15.89489,56.13697],[15.89481,56.1356],[15.89338,56.13525],[15.89404,56.13425],[15.89337,56.13367],[15.89479,56.13285],[15.89497,56.13177],[15.89696,56.1305],[15.89899,56.13135],[15.89932,56.1329],[15.89996,56.13262],[15.9005,56.13132],[15.89989,56.13119],[15.90017,56.13],[15.90083,56.12908],[15.90011,56.12726],[15.90091,56.12665],[15.90044,56.12617],[15.89917,56.12691],[15.89974,56.12765],[15.89832,56.12728],[15.89799,56.12779],[15.89657,56.12723],[15.89657,56.12689],[15.89562,56.12684],[15.8952,56.12623],[15.8952,56.12655],[15.89302,56.12589],[15.89392,56.1233],[15.8928,56.12229],[15.89113,56.12162],[15.8915,56.12111],[15.89103,56.12011],[15.89013,56.12001],[15.89065,56.11824],[15.89013,56.11753],[15.88649,56.11948],[15.88753,56.11835],[15.88824,56.11827],[15.88694,56.11742],[15.89207,56.11678],[15.95108,56.09762],[15.96129,56.07508],[15.94611,56.04142],[15.89903,56.03332],[15.84811,56.03998],[15.82339,56.05145],[15.7957,56.01037],[15.71563,56.02658]]]},"properties":{"objnamn":"Torhamns skjutfält och Öppenskärs övningsfält","lan":"Blekinge","kommun":"Karlskrona","kategori":"Påverkansområden","underkategori":"Påverkansområde för buller eller annan risk","typ":"Påverkansområde"}},{"type":"Feature","geometry":{"type":"Polygon","coordinates":[[[12.85696,56.37451],[12.86043,56.37098],[12.86557,56.37278],[12.86915,56.36996],[12.86275,56.3669],[12.86303,56.36655],[12.86529,56.36762],[12.8668,56.3668],[12.86481,56.36562],[12.86344,56.36619],[12.8623,56.36349],[12.86327,56.36275],[12.86232,56.36171],[12.86364,56.36072],[12.86185,56.35998],[12.85885,56.36025],[12.8569,56.35855],[12.85772,56.35755],[12.85642,56.3571],[12.85375,56.35855],[12.84602,56.36698],[12.84481,56.36699],[12.84476,56.36774],[12.84917,56.36887],[12.84976,56.37007],[12.84712,56.37171],[12.85507,56.37085],[12.85283,56.37322],[12.85696,56.37451]]]},"properties":{"objnamn":"Önnarps övningsfält med skjutbanor","lan":"Skåne","kommun":"Båstad","kategori":"Påverkansområden","underkategori":"Påverkansområde för buller eller annan risk","typ":"Påverkansområde"}},{"type":"Feature","geometry":{"type":"Polygon","coordinates":[[[18.49296,59.40775],[18.49576,59.40648],[18.49962,59.4086],[18.50204,59.40803],[18.50637,59.40831],[18.50883,59.41054],[18.51551,59.40824],[18.5193,59.40748],[18.52135,59.40574],[18.52386,59.40455],[18.52288,59.4041],[18.52357,59.40337],[18.51109,59.39853],[18.49911,59.39686],[18.50024,59.39136],[18.49758,59.38514],[18.49691,59.38482],[18.48797,59.38959],[18.48524,59.38769],[18.48215,59.3887],[18.48312,59.38922],[18.48197,59.39014],[18.48264,59.3916],[18.48004,59.39224],[18.47863,59.3892],[18.47985,59.38849],[18.47977,59.38761],[18.47798,59.38649],[18.47594,59.38602],[18.47074,59.38699],[18.46906,59.38812],[18.46925,59.38956],[18.46883,59.3897],[18.46823,59.38923],[18.46583,59.38956],[18.46626,59.39136],[18.46531,59.39157],[18.46471,59.39047],[18.46414,59.39159],[18.46232,59.39095],[18.46446,59.38982],[18.46272,59.38897],[18.46168,59.38963],[18.4618,59.3907],[18.45867,59.39039],[18.45605,59.39225],[18.45536,59.39337],[18.45743,59.39436],[18.45676,59.39552],[18.45555,59.39613],[18.45687,59.39718],[18.45442,59.40319],[18.4506,59.40254],[18.45253,59.40038],[18.44882,59.39629],[18.44169,59.39867],[18.44433,59.40088],[18.44191,59.40163],[18.43909,59.40094],[18.43753,59.40101],[18.43617,59.40158],[18.4351,59.40278],[18.43526,59.40368],[18.43886,59.40592],[18.44191,59.40674],[18.44419,59.40679],[18.44356,59.40788],[18.44426,59.40748],[18.4449,59.40766],[18.44473,59.4081],[18.45519,59.40991],[18.45478,59.41233],[18.46021,59.41497],[18.46517,59.41557],[18.47914,59.41397],[18.49296,59.40775]]]},"properties":{"objnamn":"Myttinge övningsfält","lan":"Stockholm","kommun":"Värmdö","kategori":"Påverkansområden","underkategori":"Påverkansområde för buller eller annan risk","typ":"Påverkansområde"}},{"type":"Feature","geometry":{"type":"Polygon","coordinates":[[[17.26649,59.82048],[17.26907,59.81985],[17.27173,59.81994],[17.27419,59.81944],[17.27998,59.82011],[17.28386,59.82],[17.28363,59.81761],[17.30394,59.79126],[17.29009,59.78857],[17.28153,59.78388],[17.2804,59.78453],[17.27947,59.78311],[17.26913,59.77899],[17.26566,59.77616],[17.26227,59.77619],[17.26036,59.77633],[17.25939,59.77742],[17.25783,59.77812],[17.25546,59.77815],[17.25125,59.78025],[17.23878,59.78221],[17.23423,59.78146],[17.22525,59.78583],[17.22181,59.78514],[17.21891,59.78499],[17.21679,59.78613],[17.21498,59.79546],[17.21213,59.79886],[17.21158,59.80619],[17.20902,59.80967],[17.20963,59.81067],[17.21077,59.81058],[17.21354,59.81221],[17.21483,59.81219],[17.23304,59.81703],[17.24007,59.8176],[17.2438,59.81745],[17.2462,59.81799],[17.25018,59.81824],[17.25216,59.81665],[17.25535,59.81834],[17.25922,59.81937],[17.26428,59.81982],[17.26649,59.82048]]]},"properties":{"objnamn":"Skogs-Tibble övningsfält","lan":"Uppsala","kommun":"Enköping","kategori":"Påverkansområden","underkategori":"Påverkansområde för buller eller annan risk","typ":"Påverkansområde"}},{"type":"Feature","geometry":{"type":"Polygon","coordinates":[[[15.10267,56.16292],[15.09311,56.1616],[15.09145,56.16442],[15.09408,56.1664],[15.09515,56.16673],[15.09974,56.16618],[15.10247,56.16534],[15.10181,56.16426],[15.10322,56.16342],[15.10267,56.16292]]]},"properties":{"objnamn":"Ryssjöns övningsfält","lan":"Blekinge","kommun":"Ronneby","kategori":"Påverkansområden","underkategori":"Påverkansområde för buller eller annan risk","typ":"Påverkansområde"}},{"type":"Feature","geometry":{"type":"MultiPolygon","coordinates":[[[[13.05652,58.5128],[13.05521,58.51247],[13.05424,58.51319],[13.05563,58.51373],[13.05652,58.5128]]],[[[13.05717,58.51283],[13.05684,58.51054],[13.05927,58.51135],[13.06313,58.50797],[13.07023,58.50586],[13.06575,58.50366],[13.06683,58.50353],[13.06653,58.50259],[13.06493,58.50297],[13.06252,58.50241],[13.06532,58.49886],[13.06281,58.49832],[13.06194,58.49941],[13.05961,58.4988],[13.06008,58.49762],[13.05931,58.4975],[13.05886,58.49559],[13.0593,58.49505],[13.05869,58.49488],[13.05868,58.49284],[13.05781,58.4912],[13.05826,58.49084],[13.05768,58.49061],[13.05651,58.48566],[13.05282,58.48423],[13.05339,58.48385],[13.05256,58.48353],[13.05208,58.4806],[13.04884,58.48076],[13.0491,58.48203],[13.04837,58.48296],[13.04928,58.48347],[13.05024,58.4886],[13.04876,58.48918],[13.05044,58.49089],[13.05155,58.49753],[13.05023,58.49825],[13.05174,58.49856],[13.05215,58.50126],[13.04893,58.50311],[13.05047,58.50364],[13.05168,58.50763],[13.05094,58.50826],[13.05214,58.50899],[13.04953,58.5109],[13.05717,58.51283]]]]},"properties":{"objnamn":"Råda flygbas","lan":"Västra Götaland","kommun":"Lidköping","kategori":"Påverkansområden","underkategori":"Påverkansområde för buller eller annan risk","typ":"Påverkansområde"}},{"type":"Feature","geometry":{"type":"Polygon","coordinates":[[[17.66939,59.9817],[17.67424,59.97556],[17.67719,59.97422],[17.67939,59.97484],[17.68295,59.97674],[17.68924,59.98077],[17.69965,59.98886],[17.70367,59.99097],[17.70881,59.99003],[17.71603,59.98776],[17.71594,59.98624],[17.67084,59.94764],[17.67139,59.94096],[17.67046,59.93391],[17.66569,59.92619],[17.65904,59.92027],[17.65216,59.91299],[17.64502,59.90876],[17.63794,59.9056],[17.63002,59.90289],[17.63037,59.90137],[17.64134,59.89838],[17.64164,59.88929],[17.63415,59.88798],[17.62216,59.88722],[17.61602,59.88642],[17.61472,59.88581],[17.6188,59.88273],[17.61126,59.87904],[17.60974,59.87733],[17.60724,59.87639],[17.60317,59.87556],[17.59171,59.87496],[17.58441,59.87646],[17.58014,59.87787],[17.56695,59.87874],[17.55904,59.87765],[17.55196,59.87717],[17.54565,59.87741],[17.52761,59.87931],[17.52183,59.88027],[17.51723,59.88148],[17.51073,59.88214],[17.50501,59.88174],[17.44209,59.87283],[17.40087,59.8677],[17.39713,59.87056],[17.39346,59.87495],[17.39525,59.87644],[17.44042,59.88283],[17.48043,59.88926],[17.4818,59.89076],[17.47545,59.89323],[17.46439,59.8964],[17.45824,59.89914],[17.44839,59.90695],[17.44694,59.90921],[17.44659,59.9118],[17.44906,59.91413],[17.45282,59.91563],[17.46374,59.91809],[17.47756,59.91814],[17.49135,59.91753],[17.54363,59.91],[17.56692,59.9096],[17.57274,59.90876],[17.57919,59.90894],[17.5832,59.9102],[17.58566,59.91208],[17.58756,59.91562],[17.58775,59.91918],[17.59385,59.92876],[17.59748,59.93196],[17.60234,59.93384],[17.60598,59.93726],[17.6109,59.94045],[17.61644,59.9549],[17.6208,59.96351],[17.63068,59.97183],[17.63484,59.97372],[17.63821,59.97799],[17.64169,59.97964],[17.6459,59.97966],[17.64683,59.979],[17.65029,59.97855],[17.64779,59.98193],[17.64821,59.98423],[17.64465,59.99275],[17.64753,59.99328],[17.65884,59.99421],[17.66138,59.9933],[17.66939,59.9817]]]},"properties":{"objnamn":"Uppsala flottiljflygplats","lan":"Uppsala","kommun":"Uppsala","kategori":"Påverkansområden","underkategori":"Påverkansområde för buller eller annan risk","typ":"Påverkansområde"}},{"type":"Feature","geometry":{"type":"Polygon","coordinates":[[[18.85064,68.3411],[18.85008,68.34021],[18.85116,68.33391],[18.85022,68.33163],[18.84781,68.33175],[18.83901,68.33865],[18.83322,68.33783],[18.83172,68.33696],[18.83136,68.33591],[18.82655,68.33624],[18.81916,68.33549],[18.81681,68.33608],[18.82154,68.33894],[18.81783,68.3408],[18.8151,68.34147],[18.8126,68.34099],[18.80239,68.33719],[18.79989,68.33665],[18.79785,68.33757],[18.80188,68.34108],[18.80867,68.34545],[18.80944,68.34723],[18.81363,68.34872],[18.81859,68.34949],[18.82343,68.34938],[18.83294,68.34777],[18.84739,68.34676],[18.8521,68.34569],[18.87366,68.34335],[18.87754,68.3424],[18.87645,68.34152],[18.87339,68.34135],[18.85396,68.34144],[18.85064,68.3411]]]},"properties":{"objnamn":"Abisko flygplats","lan":"Norrbotten","kommun":"Kiruna","kategori":"Påverkansområden","underkategori":"Påverkansområde för buller eller annan risk","typ":"Påverkansområde"}},{"type":"Feature","geometry":{"type":"Polygon","coordinates":[[[22.10643,65.57575],[22.11679,65.57355],[22.12538,65.57116],[22.13793,65.56682],[22.14977,65.562],[22.15748,65.5599],[22.16154,65.55819],[22.16702,65.55459],[22.18702,65.54422],[22.20274,65.53355],[22.20774,65.52786],[22.21843,65.52278],[22.21934,65.52071],[22.22648,65.5165],[22.22716,65.51426],[22.23293,65.51015],[22.2358,65.50722],[22.2523,65.50012],[22.292,65.48163],[22.33068,65.48657],[22.34725,65.48642],[22.37337,65.48845],[22.39239,65.48705],[22.4165,65.48254],[22.43895,65.47489],[22.447,65.4685],[22.46943,65.44667],[22.47942,65.41683],[22.49817,65.38021],[22.49875,65.3717],[22.49183,65.36079],[22.47972,65.35113],[22.45656,65.34123],[22.42173,65.33551],[22.3962,65.33519],[22.35609,65.33781],[22.32912,65.34143],[22.27949,65.35219],[22.2228,65.3723],[22.20488,65.36731],[22.19396,65.3649],[22.18022,65.36362],[22.16911,65.36323],[22.1549,65.36426],[22.08547,65.37766],[22.0734,65.38126],[22.05569,65.38907],[22.03325,65.40471],[22.0254,65.41654],[22.02133,65.42803],[22.02005,65.43487],[22.02144,65.44071],[22.02549,65.44785],[22.02939,65.45198],[22.03469,65.45628],[22.04065,65.46008],[22.04809,65.46357],[22.0586,65.46766],[22.10301,65.4825],[22.1219,65.49091],[22.12789,65.49843],[22.12658,65.506],[22.12223,65.51075],[22.04554,65.54632],[22.03512,65.54915],[22.02847,65.54963],[22.01613,65.54853],[22.00881,65.55023],[22.00488,65.554],[22.00492,65.5562],[22.00984,65.5586],[22.00979,65.5604],[21.99953,65.56394],[21.98029,65.56513],[21.967,65.56745],[21.92271,65.5777],[21.91047,65.58182],[21.90064,65.58431],[21.88069,65.58164],[21.87705,65.58259],[21.87781,65.58376],[21.88263,65.58577],[21.88314,65.58795],[21.87753,65.58877],[21.87482,65.59007],[21.81414,65.60664],[21.81198,65.61103],[21.81234,65.61487],[21.81645,65.62189],[21.82281,65.62997],[21.83305,65.6306],[21.86492,65.64825],[21.86412,65.65097],[21.88845,65.65994],[21.96878,65.6251],[22.04406,65.59067],[22.05111,65.58812],[22.05687,65.58694],[22.06362,65.58623],[22.0808,65.58216],[22.09382,65.57745],[22.10245,65.57656],[22.10643,65.57575]]]},"properties":{"objnamn":"Luleå/Kallax flottiljflygplats och Junköns skjutfält","lan":"Norrbotten","kommun":"Luleå","kategori":"Påverkansområden","underkategori":"Påverkansområde för buller eller annan risk","typ":"Påverkansområde"}},{"type":"Feature","geometry":{"type":"Polygon","coordinates":[[[15.56788,58.24805],[15.56643,58.24897],[15.5668,58.2509],[15.57003,58.25064],[15.57067,58.25118],[15.52325,58.26982],[15.4973,58.27884],[15.49738,58.28435],[15.65727,58.28344],[15.65698,58.27736],[15.63962,58.2703],[15.5974,58.25158],[15.60062,58.24848],[15.60128,58.24472],[15.59896,58.24115],[15.59444,58.23855],[15.58976,58.23727],[15.58456,58.23681],[15.57935,58.23721],[15.57461,58.23843],[15.57081,58.24036],[15.56831,58.2428],[15.56734,58.24554],[15.56788,58.24805]]]},"properties":{"objnamn":"Mätplats Lilla Gåra","lan":"Östergötland","kommun":"Linköping","kategori":"Påverkansområden","underkategori":"Påverkansområde för buller eller annan risk","typ":"Påverkansområde"}},{"type":"Feature","geometry":{"type":"Polygon","coordinates":[[[17.66625,58.78997],[17.65099,58.79945],[17.6475,58.80391],[17.6451,58.80965],[17.65153,58.81052],[17.67147,58.81767],[17.70563,58.81599],[17.73919,58.82402],[17.75542,58.83088],[17.77646,58.81182],[17.78603,58.8143],[17.78408,58.80485],[17.78661,58.8022],[17.76957,58.79742],[17.77072,58.788],[17.76649,58.77632],[17.75488,58.77273],[17.72741,58.77132],[17.70982,58.76904],[17.70227,58.76899],[17.69188,58.76949],[17.67692,58.7713],[17.68557,58.78423],[17.66625,58.78997]]]},"properties":{"objnamn":"Askö skjutfält","lan":"Södermanland","kommun":"Trosa, Nynäshamn","kategori":"Påverkansområden","underkategori":"Påverkansområde för buller eller annan risk","typ":"Påverkansområde"}},{"type":"Feature","geometry":{"type":"Polygon","coordinates":[[[15.67031,60.64555],[15.6755,60.6467],[15.67998,60.64591],[15.69187,60.64481],[15.69429,60.64563],[15.6979,60.6452],[15.70466,60.64634],[15.70823,60.64638],[15.71371,60.64858],[15.72226,60.6498],[15.72242,60.65069],[15.72381,60.65114],[15.72568,60.65119],[15.7281,60.65299],[15.72682,60.65389],[15.72726,60.65523],[15.73182,60.65703],[15.73746,60.65666],[15.7402,60.65692],[15.74437,60.65614],[15.74261,60.65569],[15.7413,60.653],[15.73666,60.65075],[15.73753,60.64896],[15.74022,60.64729],[15.7413,60.64537],[15.74467,60.64331],[15.74662,60.64415],[15.75119,60.64417],[15.75302,60.64349],[15.75602,60.64313],[15.75832,60.64178],[15.75977,60.63954],[15.759,60.6382],[15.75928,60.63685],[15.76115,60.63461],[15.76035,60.63216],[15.76223,60.63172],[15.76584,60.63004],[15.76774,60.62844],[15.7681,60.62537],[15.76545,60.61762],[15.76374,60.61581],[15.76402,60.615],[15.76826,60.61397],[15.76801,60.61307],[15.76408,60.61262],[15.76403,60.61055],[15.76533,60.60993],[15.76609,60.608],[15.76562,60.60723],[15.76441,60.60722],[15.76312,60.60628],[15.76075,60.60286],[15.75783,60.60185],[15.75491,60.6015],[15.75327,60.60005],[15.75442,60.5996],[15.75309,60.59904],[15.75218,60.59971],[15.75127,60.59942],[15.75081,60.59781],[15.7443,60.59691],[15.74009,60.59511],[15.73994,60.59421],[15.7385,60.59354],[15.73394,60.59255],[15.73121,60.59149],[15.72938,60.59135],[15.72858,60.59196],[15.7276,60.59555],[15.72933,60.60115],[15.72274,60.60129],[15.71371,60.59956],[15.70887,60.59994],[15.7064,60.5997],[15.70298,60.59908],[15.69873,60.59682],[15.69473,60.59634],[15.69281,60.59781],[15.67743,60.6017],[15.67307,60.60428],[15.66663,60.60577],[15.656,60.60935],[15.65601,60.6107],[15.65422,60.61159],[15.65456,60.61204],[15.65346,60.61249],[15.65397,60.61294],[15.65287,60.61384],[15.66359,60.61457],[15.66988,60.61565],[15.66623,60.61924],[15.66654,60.62391],[15.66495,60.62492],[15.66284,60.62897],[15.66424,60.63103],[15.66392,60.63383],[15.66038,60.6372],[15.6641,60.63813],[15.66518,60.6408],[15.67031,60.64555]]]},"properties":{"objnamn":"Falu skjutfält","lan":"Dalarna","kommun":"Falun","kategori":"Påverkansområden","underkategori":"Påverkansområde för buller eller annan risk","typ":"Påverkansområde"}},{"type":"Feature","geometry":{"type":"Polygon","coordinates":[[[18.31448,57.64024],[18.31442,57.64209],[18.31064,57.64424],[18.31076,57.64726],[18.31407,57.65168],[18.31598,57.65253],[18.3164,57.65375],[18.31946,57.65384],[18.31951,57.65433],[18.31636,57.65498],[18.31601,57.65614],[18.31712,57.65832],[18.3188,57.66],[18.32321,57.66135],[18.32597,57.66489],[18.32782,57.67],[18.3267,57.67617],[18.3285,57.68071],[18.33225,57.68667],[18.33548,57.69019],[18.34604,57.69024],[18.34851,57.68878],[18.35173,57.68395],[18.35288,57.68318],[18.35431,57.68371],[18.36089,57.69361],[18.36355,57.69592],[18.3668,57.69632],[18.37102,57.69564],[18.37238,57.69716],[18.37425,57.69752],[18.37393,57.69409],[18.37528,57.69217],[18.3776,57.69079],[18.37564,57.68773],[18.37173,57.68389],[18.36862,57.67973],[18.36903,57.67923],[18.38027,57.68171],[18.38257,57.68173],[18.38686,57.68022],[18.38983,57.67761],[18.38902,57.6755],[18.38484,57.67004],[18.38062,57.66573],[18.38223,57.66495],[18.38324,57.66327],[18.3822,57.66137],[18.37332,57.6579],[18.37104,57.6564],[18.37626,57.65331],[18.38116,57.65179],[18.393,57.64607],[18.39298,57.64418],[18.38946,57.6442],[18.38787,57.6435],[18.3881,57.64268],[18.39169,57.64184],[18.39307,57.64025],[18.39351,57.6368],[18.38783,57.63162],[18.38457,57.62778],[18.3827,57.62734],[18.3791,57.62809],[18.37491,57.62239],[18.37126,57.61929],[18.3681,57.61806],[18.36173,57.61692],[18.3595,57.61592],[18.35457,57.61203],[18.35313,57.61142],[18.35116,57.61155],[18.34041,57.61413],[18.33601,57.61441],[18.33241,57.6168],[18.32792,57.62109],[18.32788,57.62342],[18.32675,57.62497],[18.32504,57.62461],[18.32342,57.62359],[18.32102,57.62406],[18.31868,57.62519],[18.31793,57.62701],[18.3178,57.63225],[18.31482,57.63479],[18.31566,57.63731],[18.31448,57.64024]]]},"properties":{"objnamn":"Visby flygplats","lan":"Gotland","kommun":"Gotland","kategori":"Påverkansområden","underkategori":"Påverkansområde för buller eller annan risk","typ":"Påverkansområde"}},{"type":"Feature","geometry":{"type":"Polygon","coordinates":[[[20.33701,63.84781],[20.32877,63.84815],[20.32922,63.85007],[20.33435,63.85274],[20.34206,63.85266],[20.34295,63.85222],[20.34171,63.84899],[20.33911,63.84881],[20.33701,63.84781]]]},"properties":{"objnamn":"FOI:s CBRN-anläggning","lan":"Västerbotten","kommun":"Umeå","kategori":"Påverkansområden","underkategori":"Påverkansområde för buller eller annan risk","typ":"Påverkansområde"}},{"type":"Feature","geometry":{"type":"Polygon","coordinates":[[[17.94522,59.40386],[17.94419,59.4045],[17.94643,59.40537],[17.94747,59.40462],[17.94522,59.40386]]]},"properties":{"objnamn":"FOI:s huvudkontor","lan":"Stockholm","kommun":"Stockholm","kategori":"Påverkansområden","underkategori":"Påverkansområde för buller eller annan risk","typ":"Påverkansområde"}},{"type":"Feature","geometry":{"type":"Polygon","coordinates":[[[15.2078,59.30185],[15.20845,59.29972],[15.20655,59.29961],[15.20434,59.30249],[15.20751,59.3028],[15.2078,59.30185]]]},"properties":{"objnamn":"FMTIS","lan":"Örebro","kommun":"Örebro","kategori":"Påverkansområden","underkategori":"Påverkansområde för buller eller annan risk","typ":"Påverkansområde"}},{"type":"Feature","geometry":{"type":"MultiPolygon","coordinates":[[[[18.23071,59.02592],[18.23171,59.02503],[18.22918,59.02364],[18.22802,59.02365],[18.2256,59.02496],[18.23071,59.02592]]],[[[18.1981,59.03728],[18.19429,59.0354],[18.18823,59.03541],[18.18823,59.03596],[18.18506,59.03606],[18.18446,59.04005],[18.18985,59.04062],[18.19002,59.0396],[18.193,59.03942],[18.1981,59.03728]]],[[[18.21632,59.04209],[18.21298,59.04255],[18.21065,59.04359],[18.2098,59.04465],[18.20994,59.04611],[18.20897,59.0472],[18.20928,59.04885],[18.21018,59.04966],[18.21196,59.05061],[18.21378,59.05095],[18.21702,59.05087],[18.2201,59.04996],[18.22145,59.04892],[18.22326,59.04618],[18.22325,59.04535],[18.22186,59.04369],[18.21883,59.04247],[18.21632,59.04209]]],[[[18.18265,59.08713],[18.18377,59.08502],[18.18366,59.08352],[18.18234,59.08262],[18.17688,59.08084],[18.16448,59.07786],[18.17907,59.07337],[18.17914,59.07575],[18.2085,59.08898],[18.21105,59.07261],[18.21143,59.07228],[18.21621,59.07189],[18.21808,59.06858],[18.216,59.06825],[18.20747,59.06023],[18.19396,59.06088],[18.18862,59.06313],[18.18782,59.06493],[18.18862,59.06634],[18.18743,59.06688],[18.18465,59.06639],[18.1817,59.06656],[18.17904,59.06373],[18.18122,59.06232],[18.18117,59.06066],[18.17872,59.05844],[18.19018,59.05603],[18.19407,59.05648],[18.19708,59.05626],[18.19862,59.05535],[18.20403,59.05379],[18.20379,59.05193],[18.20157,59.05022],[18.20433,59.04795],[18.20443,59.04614],[18.20233,59.04443],[18.19981,59.04352],[18.19582,59.04339],[18.19224,59.04372],[18.18584,59.04233],[18.17544,59.04225],[18.17685,59.03968],[18.17491,59.03503],[18.17289,59.03403],[18.17285,59.03347],[18.17135,59.03241],[18.16882,59.03283],[18.16382,59.03231],[18.15371,59.033],[18.14537,59.03074],[18.13772,59.03046],[18.12606,59.03749],[18.09572,59.04241],[18.09393,59.04336],[18.0908,59.04713],[18.08463,59.04893],[18.07761,59.0501],[18.07406,59.0513],[18.07359,59.05248],[18.06871,59.05599],[18.068,59.05701],[18.06629,59.06509],[18.06041,59.07081],[18.06024,59.07222],[18.0584,59.07292],[18.0576,59.07504],[18.05394,59.07775],[18.05597,59.07897],[18.0585,59.08287],[18.06788,59.08678],[18.06632,59.08789],[18.06576,59.08756],[18.06437,59.08814],[18.06905,59.0915],[18.07125,59.09129],[18.07247,59.09194],[18.07399,59.09119],[18.07069,59.08936],[18.07192,59.08855],[18.07804,59.09141],[18.08942,59.09782],[18.11273,59.1074],[18.1226,59.11252],[18.12543,59.11328],[18.12737,59.11493],[18.15828,59.11689],[18.165,59.11618],[18.17273,59.11143],[18.17939,59.10997],[18.18623,59.1029],[18.1856,59.10161],[18.17942,59.09514],[18.17925,59.09355],[18.18265,59.08713]]]]},"properties":{"objnamn":"Berga skjutfält och hamn","lan":"Stockholm","kommun":"Haninge","kategori":"Påverkansområden","underkategori":"Påverkansområde för buller eller annan risk","typ":"Påverkansområde"}},{"type":"Feature","geometry":{"type":"Polygon","coordinates":[[[18.0542,59.02263],[18.06541,59.01303],[18.07065,59.01202],[18.07888,59.01445],[18.09416,59.01211],[18.09323,59.00569],[18.11282,59.00233],[18.12212,58.99347],[18.12592,58.99454],[18.12657,58.9962],[18.12723,58.99651],[18.12915,58.99688],[18.1298,58.99587],[18.135,58.9966],[18.13422,58.99762],[18.1346,58.99792],[18.13925,58.99821],[18.13845,58.99716],[18.13677,58.99661],[18.13826,58.99354],[18.13801,58.99227],[18.14106,58.99216],[18.14179,58.99146],[18.14164,58.98924],[18.14865,58.98832],[18.15388,58.99043],[18.15193,58.99533],[18.15595,58.99869],[18.15491,58.9996],[18.15845,59.00046],[18.15902,59.0022],[18.15999,59.00245],[18.1586,59.00377],[18.16502,59.00683],[18.175,59.01296],[18.17733,59.01342],[18.18134,59.01303],[18.18646,59.01363],[18.18632,59.01426],[18.18735,59.01514],[18.18996,59.01611],[18.19433,59.01544],[18.19598,59.01458],[18.19861,59.01482],[18.19995,59.01553],[18.20434,59.01537],[18.20221,59.01423],[18.19876,59.01378],[18.19673,59.01223],[18.1996,59.01233],[18.19849,59.00983],[18.20488,59.00872],[18.20645,58.99993],[18.20591,58.99554],[18.19834,58.98981],[18.19809,58.98677],[18.2,58.98484],[18.19976,58.98349],[18.19775,58.98157],[18.1942,58.97982],[18.19201,58.9768],[18.18952,58.9757],[18.18363,58.97473],[18.16954,58.97499],[18.16844,58.97045],[18.16219,58.97063],[18.15545,58.96915],[18.1471,58.9663],[18.14258,58.96559],[18.14063,58.96424],[18.14137,58.96254],[18.1411,58.9614],[18.13864,58.95987],[18.13535,58.95892],[18.1201,58.95654],[18.11812,58.95503],[18.12063,58.95238],[18.11848,58.95026],[18.11408,58.94904],[18.1076,58.9493],[18.10114,58.94675],[18.0927,58.94472],[18.09041,58.94288],[18.09234,58.94108],[18.09167,58.93755],[18.0897,58.9362],[18.08624,58.93534],[18.08298,58.93567],[18.07866,58.9376],[18.07784,58.93883],[18.07828,58.94032],[18.07657,58.94089],[18.07692,58.94338],[18.08796,58.9461],[18.08965,58.94775],[18.08952,58.95],[18.07807,58.94944],[18.08114,58.9547],[18.09255,58.95118],[18.09711,58.96601],[18.09353,58.96908],[18.07159,58.95894],[18.05666,58.96426],[18.05521,58.96454],[18.0543,58.96394],[18.05262,58.96428],[18.05188,58.96634],[18.0502,58.96605],[18.04904,58.96416],[18.04614,58.96459],[18.04491,58.96102],[18.04164,58.95788],[18.03731,58.9577],[18.03323,58.95859],[18.02934,58.95872],[18.02396,58.95718],[18.01887,58.95731],[18.01719,58.95794],[18.01898,58.96077],[18.02396,58.96667],[18.0277,58.96885],[18.02852,58.97017],[18.02257,58.97326],[18.01718,58.97076],[18.01442,58.96793],[18.01062,58.97147],[18.00607,58.97358],[18.00429,58.97303],[17.99842,58.97604],[17.99127,58.98061],[18.00103,58.98773],[17.99761,58.98892],[17.99529,58.99426],[17.99392,59.0005],[17.99552,59.00127],[17.99726,59.00536],[17.99239,59.01119],[17.99201,59.01388],[17.98936,59.01392],[17.98835,59.01548],[17.98816,59.01771],[17.98393,59.0208],[17.98608,59.02156],[17.98965,59.0207],[17.99553,59.02066],[17.99701,59.02121],[18.00021,59.02121],[18.00195,59.0203],[18.00452,59.02114],[18.01027,59.02104],[18.01224,59.02255],[18.01382,59.02297],[18.01598,59.02225],[18.01774,59.01863],[18.01986,59.0172],[18.03798,59.02691],[18.0542,59.02263]]]},"properties":{"objnamn":"Muskö örlogshamn m.m.","lan":"Stockholm","kommun":"Haninge","kategori":"Påverkansområden","underkategori":"Påverkansområde för buller eller annan risk","typ":"Påverkansområde"}},{"type":"Feature","geometry":{"type":"Polygon","coordinates":[[[14.87766,57.7166],[14.88018,57.71654],[14.88402,57.72009],[14.88972,57.72055],[14.89207,57.72241],[14.89691,57.72388],[14.89768,57.72451],[14.90174,57.724],[14.90272,57.72261],[14.90436,57.72163],[14.90808,57.72211],[14.90948,57.72197],[14.91518,57.72465],[14.91964,57.72416],[14.92608,57.7241],[14.93511,57.72273],[14.93685,57.71708],[14.94187,57.71654],[14.94879,57.70404],[14.95191,57.6995],[14.95503,57.69078],[14.96203,57.69101],[14.967,57.69185],[14.96731,57.69156],[14.96837,57.69167],[14.96988,57.69067],[14.971,57.68901],[14.97216,57.68893],[14.96944,57.68771],[14.97213,57.68392],[14.97595,57.68059],[14.97573,57.67969],[14.97488,57.67919],[14.97555,57.67916],[14.97535,57.6782],[14.97451,57.67855],[14.97043,57.67863],[14.9695,57.67635],[14.96518,57.67613],[14.96395,57.67768],[14.96495,57.68173],[14.96428,57.68288],[14.96249,57.68413],[14.95977,57.6841],[14.95914,57.68331],[14.95371,57.6816],[14.95312,57.67753],[14.95341,57.67705],[14.95693,57.67561],[14.95766,57.67064],[14.95746,57.6697],[14.95451,57.66914],[14.95554,57.66739],[14.95411,57.66717],[14.95625,57.66231],[14.95647,57.66008],[14.95316,57.6505],[14.95066,57.64813],[14.94539,57.64649],[14.9247,57.6416],[14.91405,57.63776],[14.9075,57.63587],[14.89819,57.63389],[14.8924,57.63386],[14.87382,57.6352],[14.86812,57.63834],[14.86485,57.64105],[14.85999,57.64393],[14.85068,57.64662],[14.84672,57.65472],[14.83932,57.65659],[14.83545,57.65903],[14.83267,57.66226],[14.83236,57.66393],[14.83023,57.6663],[14.82786,57.66737],[14.82229,57.6682],[14.80996,57.6737],[14.80641,57.67628],[14.80529,57.67907],[14.80764,57.68225],[14.80413,57.68334],[14.80578,57.68671],[14.80399,57.68856],[14.80288,57.69097],[14.8006,57.69785],[14.80155,57.70103],[14.8001,57.70325],[14.80694,57.70759],[14.81318,57.70876],[14.8159,57.71102],[14.81374,57.7138],[14.82082,57.72224],[14.82839,57.72565],[14.8314,57.72756],[14.83606,57.72811],[14.83985,57.72686],[14.85185,57.72556],[14.85319,57.72323],[14.85845,57.72159],[14.86675,57.72055],[14.8735,57.71891],[14.87766,57.7166]]]},"properties":{"objnamn":"Eksjö skjut- och övningsfält, garnisonsområde samt Norra fältets övningsområde","lan":"Jönköping","kommun":"Eksjö","kategori":"Påverkansområden","underkategori":"Påverkansområde för buller eller annan risk","typ":"Påverkansområde"}},{"type":"Feature","geometry":{"type":"Polygon","coordinates":[[[16.14511,58.58123],[16.14466,58.58152],[16.14519,58.58209],[16.14423,58.58271],[16.14769,58.5832],[16.15087,58.58128],[16.14798,58.58014],[16.14797,58.58083],[16.14631,58.58045],[16.14511,58.58123]]]},"properties":{"objnamn":"SMHI:s huvudkontor","lan":"Östergötland","kommun":"Norrköping","kategori":"Påverkansområden","underkategori":"Påverkansområde för buller eller annan risk","typ":"Påverkansområde"}},{"type":"Feature","geometry":{"type":"Polygon","coordinates":[[[12.89449,56.80258],[12.85466,56.73304],[12.86594,56.72902],[12.87232,56.72603],[12.88095,56.72081],[12.88786,56.7155],[12.89466,56.70659],[12.89628,56.70183],[12.89757,56.69387],[12.89499,56.68087],[12.89268,56.67553],[12.88942,56.67058],[12.88354,56.66442],[12.87956,56.66117],[12.87153,56.65668],[12.86322,56.65288],[12.85163,56.64879],[12.84208,56.64727],[12.85797,56.57393],[12.831,56.57265],[12.81601,56.57156],[12.8024,56.57304],[12.78663,56.57304],[12.77267,56.57532],[12.75949,56.57651],[12.75165,56.57822],[12.7451,56.57908],[12.78283,56.64866],[12.7729,56.65232],[12.76132,56.65765],[12.7462,56.66763],[12.74231,56.6731],[12.73824,56.68042],[12.73752,56.69654],[12.74053,56.70615],[12.74658,56.71376],[12.75951,56.72387],[12.77514,56.7314],[12.79586,56.73614],[12.78391,56.80928],[12.80869,56.81027],[12.8378,56.8097],[12.85229,56.80898],[12.87594,56.80645],[12.88476,56.80422],[12.89449,56.80258]]]},"properties":{"objnamn":"Halmstad","lan":"Halland","kommun":"Halmstad","kategori":"Påverkansområden","underkategori":"Påverkansområde civil flygplats","typ":"Påverkansområde"}},{"type":"Feature","geometry":{"type":"Polygon","coordinates":[[[16.26182,56.80697],[16.28168,56.73488],[16.29502,56.73399],[16.30315,56.73284],[16.31508,56.73023],[16.32552,56.72713],[16.33875,56.72076],[16.34401,56.71688],[16.35152,56.71003],[16.35956,56.69772],[16.36174,56.69237],[16.36275,56.68713],[16.36237,56.68018],[16.36137,56.6763],[16.35773,56.67032],[16.35329,56.66489],[16.34611,56.65842],[16.33874,56.65475],[16.41128,56.59264],[16.38802,56.58498],[16.3754,56.58038],[16.36198,56.57842],[16.3478,56.57462],[16.33344,56.5733],[16.32064,56.57118],[16.31223,56.57083],[16.30566,56.57002],[16.28436,56.6417],[16.27252,56.6426],[16.25789,56.64459],[16.23635,56.64991],[16.2285,56.65389],[16.21902,56.65949],[16.20554,56.67381],[16.20059,56.68318],[16.19995,56.69148],[16.20351,56.70368],[16.21154,56.71422],[16.22637,56.72348],[16.15714,56.78631],[16.17859,56.79318],[16.20519,56.79969],[16.21879,56.80253],[16.24205,56.80597],[16.25176,56.8061],[16.26182,56.80697]]]},"properties":{"objnamn":"Kalmar","lan":"Kalmar","kommun":"Mörbylånga, Kalmar","kategori":"Påverkansområden","underkategori":"Påverkansområde civil flygplats","typ":"Påverkansområde"}},{"type":"Feature","geometry":{"type":"Polygon","coordinates":[[[12.42723,57.75061],[12.34156,57.69395],[12.34957,57.68795],[12.35362,57.68388],[12.35829,57.67728],[12.36126,57.67096],[12.36166,57.66129],[12.35997,57.65654],[12.35576,57.64887],[12.34442,57.6373],[12.33857,57.6328],[12.33209,57.62884],[12.32227,57.6243],[12.31626,57.62208],[12.30553,57.61952],[12.295,57.61765],[12.28114,57.61618],[12.27099,57.61669],[12.23631,57.54523],[12.20967,57.54948],[12.19461,57.55148],[12.1826,57.5556],[12.16753,57.55878],[12.15573,57.56371],[12.14393,57.56747],[12.1376,57.57064],[12.13192,57.57276],[12.21532,57.62992],[12.20833,57.63532],[12.2009,57.64261],[12.19325,57.65494],[12.19326,57.66081],[12.19437,57.66845],[12.2047,57.68359],[12.21415,57.69192],[12.22513,57.69778],[12.24439,57.70458],[12.26448,57.70844],[12.28752,57.70868],[12.32627,57.77911],[12.35061,57.77504],[12.37801,57.76865],[12.39134,57.76506],[12.41218,57.75795],[12.41907,57.7541],[12.42723,57.75061]]]},"properties":{"objnamn":"Landvetter","lan":"Västra Götaland","kommun":"Kungsbacka, Härryda, Lerum, Mölndal","kategori":"Påverkansområden","underkategori":"Påverkansområde civil flygplats","typ":"Påverkansområde"}},{"type":"Feature","geometry":{"type":"Polygon","coordinates":[[[15.41398,60.52956],[15.48243,60.46499],[15.49705,60.46653],[15.50636,60.46689],[15.52063,60.46656],[15.53366,60.46549],[15.55177,60.46183],[15.55986,60.4591],[15.57227,60.45397],[15.58882,60.44377],[15.59462,60.4391],[15.59914,60.43433],[15.60329,60.42768],[15.60479,60.42384],[15.60488,60.41754],[15.60376,60.41161],[15.60045,60.40422],[15.59509,60.39943],[15.71209,60.35364],[15.6926,60.34225],[15.6823,60.33565],[15.66946,60.3314],[15.65701,60.32527],[15.64275,60.32146],[15.63066,60.31718],[15.62204,60.31534],[15.61566,60.3134],[15.54641,60.37738],[15.53337,60.37611],[15.51667,60.37538],[15.49053,60.37657],[15.47967,60.37893],[15.46602,60.38253],[15.44246,60.39366],[15.43111,60.40163],[15.42499,60.40936],[15.42072,60.42153],[15.42224,60.43292],[15.43174,60.44433],[15.31755,60.49134],[15.33557,60.50166],[15.35924,60.51257],[15.37165,60.51768],[15.39385,60.52509],[15.40398,60.52694],[15.41398,60.52956]]]},"properties":{"objnamn":"Dala","lan":"Dalarna","kommun":"Borlänge, Säter","kategori":"Påverkansområden","underkategori":"Påverkansområde civil flygplats","typ":"Påverkansområde"}},{"type":"Feature","geometry":{"type":"Polygon","coordinates":[[[14.31048,63.27402],[14.43501,63.22759],[14.44844,63.2318],[14.45752,63.23391],[14.47221,63.23633],[14.48627,63.23784],[14.50769,63.23793],[14.5182,63.23696],[14.53513,63.2346],[14.56059,63.22836],[14.57045,63.22516],[14.5791,63.22162],[14.58898,63.21629],[14.59379,63.21303],[14.59926,63.20724],[14.6032,63.20157],[14.60619,63.19411],[14.60488,63.18868],[14.76219,63.1688],[14.75219,63.15457],[14.74742,63.14651],[14.73804,63.14014],[14.73068,63.13211],[14.71951,63.12587],[14.71093,63.11961],[14.70379,63.11627],[14.69899,63.11326],[14.57454,63.15904],[14.56246,63.15538],[14.54621,63.15152],[14.51881,63.14763],[14.50584,63.14772],[14.489,63.14844],[14.45572,63.1542],[14.43747,63.15938],[14.42469,63.16533],[14.40998,63.17574],[14.40177,63.18653],[14.40159,63.19886],[14.24615,63.22037],[14.25544,63.23332],[14.26992,63.2479],[14.27803,63.25498],[14.29404,63.26605],[14.30265,63.26969],[14.31048,63.27402]]]},"properties":{"objnamn":"Östersund","lan":"Jämtland","kommun":"Krokom, Åre, Östersund","kategori":"Påverkansområden","underkategori":"Påverkansområde civil flygplats","typ":"Påverkansområde"}},{"type":"Feature","geometry":{"type":"Polygon","coordinates":[[[18.80753,63.4949],[18.92537,63.44467],[18.93952,63.44845],[18.94897,63.45027],[18.96411,63.45222],[18.97847,63.45328],[19.0,63.45269],[19.0104,63.45139],[19.02704,63.4485],[19.05164,63.44147],[19.06105,63.43797],[19.06917,63.43418],[19.07827,63.42855],[19.08259,63.42515],[19.08718,63.4192],[19.09026,63.41342],[19.0921,63.40589],[19.08992,63.40051],[19.24482,63.37573],[19.23256,63.36186],[19.22651,63.35398],[19.21611,63.34792],[19.20747,63.34015],[19.19528,63.33428],[19.1857,63.32831],[19.17801,63.3252],[19.17272,63.32235],[19.05484,63.37193],[19.04213,63.36866],[19.02522,63.36532],[18.99709,63.3623],[18.98407,63.36281],[18.96726,63.36405],[18.93473,63.37085],[18.9172,63.37658],[18.90529,63.38293],[18.89213,63.39377],[18.88556,63.40479],[18.8873,63.41709],[18.73448,63.44344],[18.74585,63.45606],[18.76267,63.47014],[18.77194,63.47695],[18.78976,63.48747],[18.79898,63.49083],[18.80753,63.4949]]]},"properties":{"objnamn":"Örnsköldsvik","lan":"Västernorrland","kommun":"Örnsköldsvik","kategori":"Påverkansområden","underkategori":"Påverkansområde civil flygplats","typ":"Påverkansområde"}},{"type":"Feature","geometry":{"type":"Polygon","coordinates":[[[20.09893,67.74519],[20.23827,67.79528],[20.22914,67.8018],[20.22489,67.80611],[20.22064,67.81297],[20.21868,67.81943],[20.22149,67.82902],[20.22553,67.83361],[20.23412,67.8409],[20.25411,67.85155],[20.26392,67.85558],[20.27444,67.85903],[20.28985,67.86282],[20.2991,67.86459],[20.3151,67.86635],[20.33059,67.86744],[20.35062,67.86789],[20.36472,67.86666],[20.4395,67.93478],[20.47559,67.92861],[20.49614,67.92551],[20.51159,67.92054],[20.53169,67.91628],[20.5465,67.91051],[20.56175,67.90591],[20.5695,67.90229],[20.57672,67.89978],[20.43823,67.8495],[20.44609,67.84364],[20.45386,67.83589],[20.46009,67.82313],[20.45793,67.81733],[20.45359,67.80986],[20.43361,67.79565],[20.41737,67.78811],[20.39988,67.78311],[20.37049,67.7778],[20.34102,67.77544],[20.30871,67.77686],[20.22987,67.70994],[20.1974,67.71568],[20.16142,67.72393],[20.14407,67.72841],[20.11744,67.7369],[20.10914,67.74118],[20.09893,67.74519]]]},"properties":{"objnamn":"Kiruna","lan":"Norrbotten","kommun":"Gällivare, Kiruna","kategori":"Påverkansområden","underkategori":"Påverkansområde civil flygplats","typ":"Påverkansområde"}},{"type":"Feature","geometry":{"type":"Polygon","coordinates":[[[14.195,57.85591],[14.12321,57.79388],[14.13261,57.78846],[14.1376,57.7847],[14.14381,57.77847],[14.14826,57.7724],[14.15095,57.76284],[14.15039,57.75801],[14.14802,57.75011],[14.13947,57.73785],[14.13472,57.73299],[14.1292,57.72863],[14.12051,57.72346],[14.11505,57.72085],[14.10498,57.71758],[14.09494,57.71501],[14.08151,57.71261],[14.07129,57.71243],[14.05362,57.63917],[14.02612,57.64158],[14.01066,57.64255],[13.99775,57.64582],[13.98201,57.64795],[13.96912,57.65204],[13.95649,57.65498],[13.94945,57.65769],[13.9433,57.6594],[14.01278,57.72178],[14.00455,57.72667],[13.99543,57.73339],[13.98491,57.74511],[13.98353,57.75094],[13.98283,57.75859],[13.98952,57.77431],[13.99694,57.78322],[14.00647,57.78979],[14.02402,57.79784],[14.04309,57.80302],[14.06596,57.80483],[14.08776,57.87733],[14.11294,57.87495],[14.14174,57.87047],[14.15585,57.8678],[14.17828,57.86216],[14.18605,57.85881],[14.195,57.85591]]]},"properties":{"objnamn":"Jönköping","lan":"Jönköping","kommun":"Habo, Vaggeryd, Jönköping","kategori":"Påverkansområden","underkategori":"Påverkansområde civil flygplats","typ":"Påverkansområde"}},{"type":"Feature","geometry":{"type":"Polygon","coordinates":[[[16.75789,59.46809],[16.73453,59.3962],[16.74766,59.39309],[16.75529,59.39062],[16.76594,59.38611],[16.77475,59.3814],[16.78445,59.3731],[16.78749,59.36851],[16.79106,59.36073],[16.79186,59.34766],[16.79085,59.3422],[16.78873,59.33705],[16.78414,59.3305],[16.78079,59.32698],[16.77345,59.32192],[16.76563,59.31751],[16.75438,59.31257],[16.74462,59.31033],[16.78158,59.23896],[16.75317,59.23562],[16.73748,59.23339],[16.72256,59.2338],[16.70575,59.23258],[16.69024,59.23377],[16.67586,59.23392],[16.66703,59.23501],[16.65982,59.23535],[16.68104,59.30714],[16.66945,59.31],[16.65565,59.31438],[16.63679,59.3231],[16.63114,59.32821],[16.62479,59.33514],[16.6196,59.35104],[16.62018,59.36079],[16.62453,59.36879],[16.63555,59.37979],[16.65015,59.38844],[16.67095,59.39474],[16.63806,59.46621],[16.66422,59.4691],[16.69544,59.47078],[16.71109,59.47118],[16.73702,59.4705],[16.74705,59.46897],[16.75789,59.46809]]]},"properties":{"objnamn":"Eskilstuna","lan":"Södermanland","kommun":"Eskilstuna, Strängnäs","kategori":"Påverkansområden","underkategori":"Påverkansområde civil flygplats","typ":"Påverkansområde"}},{"type":"Feature","geometry":{"type":"Polygon","coordinates":[[[14.14694,55.44139],[14.10527,55.28306],[13.93055,55.28306],[13.79722,55.35667],[13.88055,55.49972],[14.14694,55.44139]]]},"properties":{"objnamn":"Kabusa skjutfält","lan":"Skåne","kommun":"Tomelilla, Ystad, Simrishamn","kategori":"Påverkansområden","underkategori":"Område med särskilt behov av hinderfrihet","typ":"Påverkansområde"}},{"type":"Feature","geometry":{"type":"Polygon","coordinates":[[[13.66788,55.80662],[13.67635,55.79187],[13.67812,55.78484],[13.67369,55.77692],[13.67253,55.77259],[13.67433,55.76517],[13.67886,55.75858],[13.68615,55.75243],[13.69306,55.74879],[13.70358,55.73862],[13.69863,55.7401],[13.69735,55.73812],[13.69457,55.73807],[13.69236,55.74038],[13.66675,55.73837],[13.66378,55.7293],[13.6605,55.72572],[13.65479,55.72836],[13.63,55.72439],[13.61612,55.72415],[13.60001,55.71406],[13.55881,55.70918],[13.5297,55.70493],[13.53235,55.69518],[13.52287,55.69108],[13.51429,55.68347],[13.50721,55.67393],[13.51171,55.66813],[13.51185,55.66578],[13.51478,55.66309],[13.5167,55.6541],[13.50803,55.64806],[13.49788,55.64395],[13.45604,55.64786],[13.4376,55.65456],[13.43441,55.66156],[13.4337,55.67331],[13.42736,55.67476],[13.42168,55.677],[13.41398,55.6894],[13.39066,55.70737],[13.41084,55.74071],[13.43444,55.74116],[13.4337,55.74193],[13.44244,55.74681],[13.45827,55.74946],[13.46834,55.75554],[13.47922,55.75967],[13.4847,55.77271],[13.51171,55.77479],[13.52786,55.7841],[13.54326,55.79458],[13.55219,55.79671],[13.56327,55.7977],[13.57565,55.80027],[13.58691,55.79813],[13.59391,55.79747],[13.62652,55.79923],[13.62893,55.80593],[13.636,55.8041],[13.66171,55.80494],[13.66788,55.80662]]]},"properties":{"objnamn":"Revingeheds övningsfält med skjutbana","lan":"Skåne","kommun":"Sjöbo, Hörby, Lund, Eslöv","kategori":"Påverkansområden","underkategori":"Område med särskilt behov av hinderfrihet","typ":"Påverkansområde"}},{"type":"Feature","geometry":{"type":"Polygon","coordinates":[[[14.88536,56.00059],[15.09786,55.89429],[15.12037,55.83936],[15.12859,55.79947],[15.13275,55.74503],[15.12704,55.70325],[15.12022,55.66448],[15.11518,55.64691],[14.91443,55.53427],[14.56223,55.57053],[14.50629,55.59572],[14.46361,55.56917],[14.19611,55.72361],[14.12139,55.70111],[14.09134,55.72876],[14.06819,55.72578],[14.06562,55.76082],[14.03516,55.76324],[14.06054,55.80096],[14.0845,55.79161],[14.08136,55.78229],[14.09639,55.77556],[14.165,55.76917],[14.19555,55.76222],[14.37611,55.94139],[14.44406,55.89848],[14.52768,55.94294],[14.88536,56.00059]]]},"properties":{"objnamn":"Ravlunda skjutfält","lan":"Skåne","kommun":"Sölvesborg, Tomelilla, Kristianstad, Simrishamn","kategori":"Påverkansområden","underkategori":"Område med särskilt behov av hinderfrihet","typ":"Påverkansområde"}},{"type":"Feature","geometry":{"type":"Polygon","coordinates":[[[14.3969,55.88865],[14.37409,55.88213],[14.36361,55.89139],[14.32194,55.94139],[14.26361,55.96639],[14.28027,56.01639],[14.32194,56.01639],[14.33861,55.97472],[14.48649,55.96607],[14.48244,55.95138],[14.47462,55.93953],[14.45151,55.91784],[14.43181,55.90497],[14.3969,55.88865]]]},"properties":{"objnamn":"Rinkaby skjutfält","lan":"Skåne","kommun":"Kristianstad","kategori":"Påverkansområden","underkategori":"Område med särskilt behov av hinderfrihet","typ":"Påverkansområde"}},{"type":"Feature","geometry":{"type":"Polygon","coordinates":[[[19.26639,59.87611],[19.23222,59.84389],[19.5575,59.84617],[19.67782,59.64392],[19.19611,59.65778],[19.04639,59.78278],[19.0918,59.85121],[18.79639,59.86611],[18.64639,60.06583],[18.69492,60.15542],[18.62139,60.1825],[18.60472,60.36583],[18.99611,60.36583],[18.99469,60.13476],[19.05306,60.12444],[19.1125,60.10833],[19.16556,60.08722],[19.21056,60.06167],[19.24611,60.03306],[19.27167,60.00167],[19.28611,59.96861],[19.29039,59.94523],[19.28361,59.90889],[19.26639,59.87611]]]},"properties":{"objnamn":"Väddö skjutfält","lan":"Stockholm","kommun":"Norrtälje, Östhammar","kategori":"Påverkansområden","underkategori":"Område med särskilt behov av hinderfrihet","typ":"Påverkansområde"}},{"type":"Feature","geometry":{"type":"Polygon","coordinates":[[[12.74722,56.68861],[12.70555,56.56639],[12.55278,56.59972],[12.49722,56.66639],[12.49722,56.71639],[12.56389,56.76639],[12.69722,56.72472],[12.74722,56.68861]]]},"properties":{"objnamn":"Ringenäs skjutfält","lan":"Halland","kommun":"Halmstad","kategori":"Påverkansområden","underkategori":"Område med särskilt behov av hinderfrihet","typ":"Påverkansområde"}},{"type":"Feature","geometry":{"type":"Polygon","coordinates":[[[13.57804,56.78717],[13.59116,56.55566],[13.26389,56.54972],[13.01389,56.66083],[13.11389,56.72472],[12.81558,56.7179],[12.82305,56.77115],[13.57804,56.78717]]]},"properties":{"objnamn":"Mästocka skjutfält","lan":"Halland","kommun":"Halmstad, Laholm, Markaryd, Ljungby","kategori":"Påverkansområden","underkategori":"Område med särskilt behov av hinderfrihet","typ":"Påverkansområde"}},{"type":"Feature","geometry":{"type":"Polygon","coordinates":[[[13.87248,58.37622],[13.87947,58.37296],[13.88506,58.37539],[13.89469,58.37671],[13.90411,58.37646],[13.93489,58.38985],[13.95867,58.37498],[13.93854,58.36607],[13.94348,58.36292],[13.9351,58.35778],[13.93317,58.35485],[13.93263,58.35092],[13.92884,58.34542],[13.92377,58.34076],[13.92221,58.33722],[13.92393,58.33469],[13.92274,58.32726],[13.926,58.32127],[13.96457,58.32183],[13.96568,58.29754],[13.93295,58.29699],[13.93252,58.29384],[13.92602,58.28998],[13.92688,58.28788],[13.91949,58.27852],[13.9108,58.27392],[13.90313,58.27255],[13.9015,58.26978],[13.89325,58.26396],[13.89432,58.2456],[13.8548,58.24493],[13.85344,58.2642],[13.84239,58.26756],[13.84051,58.27192],[13.84597,58.27561],[13.84242,58.2859],[13.846,58.2938],[13.84681,58.30612],[13.85247,58.31429],[13.85989,58.3202],[13.85643,58.32352],[13.84781,58.32574],[13.84409,58.33109],[13.84452,58.334],[13.84849,58.34041],[13.83626,58.3432],[13.8233,58.34551],[13.8188,58.35399],[13.81937,58.35972],[13.82601,58.37054],[13.84289,58.39158],[13.86086,58.38801],[13.8631,58.38538],[13.86381,58.38319],[13.87229,58.37959],[13.87248,58.37622]]]},"properties":{"objnamn":"Skövde övnings- och skjutfält med skjutbanor","lan":"Västra Götaland","kommun":"Skövde, Tidaholm, Falköping","kategori":"Påverkansområden","underkategori":"Område med särskilt behov av hinderfrihet","typ":"Påverkansområde"}},{"type":"Feature","geometry":{"type":"Polygon","coordinates":[[[13.63363,61.80813],[13.63884,61.80548],[13.64962,61.80565],[13.6701,61.7998],[13.68579,61.7979],[13.7021,61.79792],[13.71101,61.7995],[13.7169,61.80159],[13.73415,61.80268],[13.75221,61.81031],[13.76659,61.81189],[13.77828,61.8145],[13.78978,61.81527],[13.80385,61.81511],[13.79972,61.73504],[13.89188,61.72569],[13.96832,61.70299],[14.05808,61.66379],[14.09224,61.63335],[14.12523,61.57183],[14.20765,61.54387],[14.13876,61.39804],[14.16124,61.37934],[14.30026,61.25466],[13.93091,61.12299],[13.43862,61.21309],[13.58516,61.32998],[13.35598,61.53276],[13.37242,61.58324],[13.27244,61.69059],[13.28711,61.68712],[13.29044,61.68589],[13.29188,61.68377],[13.29821,61.68281],[13.30926,61.6791],[13.31395,61.67669],[13.31892,61.67702],[13.33787,61.67451],[13.35792,61.67942],[13.37755,61.67842],[13.3863,61.68167],[13.39224,61.68237],[13.40244,61.68623],[13.40862,61.69037],[13.41895,61.69269],[13.42365,61.69657],[13.429,61.69857],[13.43624,61.70522],[13.43645,61.71224],[13.44223,61.71851],[13.43737,61.72306],[13.43547,61.73158],[13.44618,61.74209],[13.44752,61.74717],[13.44956,61.75035],[13.44948,61.75462],[13.45613,61.75949],[13.47708,61.76744],[13.48135,61.77003],[13.48171,61.77916],[13.49734,61.7881],[13.50142,61.79386],[13.50521,61.7969],[13.50685,61.80179],[13.51391,61.80464],[13.52431,61.81004],[13.54048,61.81542],[13.5568,61.81877],[13.56737,61.82191],[13.58143,61.81846],[13.58732,61.81345],[13.5977,61.81219],[13.60951,61.81203],[13.618,61.80907],[13.62756,61.80887],[13.63363,61.80813]]]},"properties":{"objnamn":"Älvdalens skjutfält","lan":"Dalarna, Jämtland","kommun":"Älvdalen, Härjedalen, Mora","kategori":"Påverkansområden","underkategori":"Område med särskilt behov av hinderfrihet","typ":"Påverkansområde"}},{"type":"Feature","geometry":{"type":"Polygon","coordinates":[[[22.81687,65.01765],[22.7734,64.86194],[22.70131,64.73843],[22.55385,64.61953],[22.37654,64.53615],[22.20979,64.47041],[22.05269,64.42009],[21.88611,64.38371],[21.6825,64.35664],[21.41697,64.79964],[21.33815,64.80117],[21.24489,64.8071],[21.28056,64.89861],[21.16222,64.94861],[21.2125,65.03222],[21.37889,65.04861],[21.49555,65.02083],[21.71222,65.05695],[21.7233,65.02058],[22.81667,65.11941],[22.81687,65.01765]]]},"properties":{"objnamn":"Tåme skjutfält","lan":"Västerbotten","kommun":"Skellefteå, Luleå, Piteå","kategori":"Påverkansområden","underkategori":"Område med särskilt behov av hinderfrihet","typ":"Påverkansområde"}},{"type":"Feature","geometry":{"type":"Polygon","coordinates":[[[15.49904,56.77612],[15.48291,56.77657],[15.46694,56.77789],[15.45128,56.78005],[15.43609,56.78305],[15.42149,56.78684],[15.40764,56.7914],[15.39466,56.79668],[15.38268,56.80263],[15.37182,56.80919],[15.36218,56.81631],[15.35385,56.82391],[15.34692,56.83191],[15.34144,56.84025],[15.33748,56.84885],[15.33493,56.85842],[15.33424,56.86727],[15.33514,56.87612],[15.33761,56.88488],[15.34165,56.89347],[15.3472,56.9018],[15.35421,56.90979],[15.36263,56.91736],[15.37236,56.92445],[15.38332,56.93098],[15.3954,56.9369],[15.40849,56.94213],[15.42245,56.94664],[15.43716,56.95038],[15.45247,56.95332],[15.46823,56.95541],[15.48429,56.95666],[15.5005,56.95703],[15.5167,56.95654],[15.53273,56.95518],[15.54844,56.95297],[15.56368,56.94992],[15.57829,56.94608],[15.59214,56.94146],[15.6051,56.93613],[15.61703,56.93013],[15.62783,56.92352],[15.63739,56.91636],[15.64562,56.90873],[15.65244,56.90069],[15.65779,56.89232],[15.66161,56.8837],[15.66388,56.87493],[15.66456,56.86607],[15.66366,56.85722],[15.66118,56.84846],[15.65715,56.83987],[15.6516,56.83155],[15.6446,56.82355],[15.63621,56.81598],[15.62652,56.80889],[15.6156,56.80235],[15.60358,56.79643],[15.59056,56.79118],[15.57667,56.78665],[15.56204,56.78289],[15.54682,56.77994],[15.53114,56.77781],[15.51517,56.77653],[15.49904,56.77612]]]},"properties":{"objnamn":"Kosta skjutfält","lan":"Kronoberg","kommun":"Lessebo, Uppvidinge, Nybro, Emmaboda","kategori":"Påverkansområden","underkategori":"Område med särskilt behov av hinderfrihet","typ":"Påverkansområde"}},{"type":"Feature","geometry":{"type":"Polygon","coordinates":[[[15.43506,58.66023],[15.4424,58.65628],[15.50063,58.65614],[15.50136,58.57205],[15.43679,58.57188],[15.43669,58.58104],[15.38719,58.56703],[15.37774,58.56604],[15.37037,58.5678],[15.35953,58.57284],[15.34584,58.57512],[15.31243,58.57761],[15.30084,58.57921],[15.29579,58.58344],[15.29543,58.59003],[15.29926,58.5976],[15.30456,58.60546],[15.26948,58.60559],[15.26894,58.64081],[15.28492,58.64078],[15.28575,58.64601],[15.28481,58.64814],[15.29105,58.65743],[15.29555,58.66125],[15.30009,58.66269],[15.31186,58.66868],[15.31716,58.67192],[15.31604,58.67658],[15.31717,58.68033],[15.32532,58.6844],[15.32758,58.68631],[15.3298,58.69036],[15.33477,58.69441],[15.34248,58.69777],[15.34703,58.69873],[15.37988,58.69956],[15.38611,58.70044],[15.39622,58.70674],[15.40763,58.70749],[15.42045,58.70349],[15.42374,58.69495],[15.42244,58.689],[15.43115,58.68452],[15.43213,58.67834],[15.42947,58.67097],[15.42999,58.66504],[15.43506,58.66023]]]},"properties":{"objnamn":"Prästtomta skjutfält","lan":"Östergötland","kommun":"Finspång, Linköping, Motala","kategori":"Påverkansområden","underkategori":"Område med särskilt behov av hinderfrihet","typ":"Påverkansområde"}},{"type":"Feature","geometry":{"type":"Polygon","coordinates":[[[13.83405,59.68689],[13.74433,59.68551],[13.74385,59.69569],[13.73949,59.69932],[13.73867,59.70236],[13.73449,59.70825],[13.72491,59.71388],[13.70452,59.72433],[13.70171,59.72847],[13.70123,59.73104],[13.7105,59.75595],[13.71332,59.76693],[13.71582,59.77276],[13.72707,59.77647],[13.77516,59.78285],[13.78567,59.78301],[13.79447,59.77993],[13.80111,59.77553],[13.84052,59.76149],[13.84414,59.75962],[13.8465,59.7574],[13.8477,59.75324],[13.84574,59.74855],[13.84571,59.74372],[13.84405,59.73936],[13.84557,59.7352],[13.84512,59.73198],[13.84076,59.72484],[13.84428,59.7191],[13.84836,59.70935],[13.84166,59.70411],[13.83327,59.70076],[13.83405,59.68689]]]},"properties":{"objnamn":"Horssjöns skjutfält","lan":"Värmland","kommun":"Karlstad, Hagfors, Filipstad","kategori":"Påverkansområden","underkategori":"Område med särskilt behov av hinderfrihet","typ":"Påverkansområde"}},{"type":"Feature","geometry":{"type":"Polygon","coordinates":[[[19.37945,59.29944],[19.07139,59.12444],[18.63806,59.37444],[19.01306,59.41611],[19.37945,59.29944]]]},"properties":{"objnamn":"Korsö skjutfält","lan":"Stockholm","kommun":"Värmdö","kategori":"Påverkansområden","underkategori":"Område med särskilt behov av hinderfrihet","typ":"Påverkansområde"}},{"type":"Feature","geometry":{"type":"Polygon","coordinates":[[[20.42493,67.77752],[20.47333,67.77131],[20.5225,67.77536],[20.64083,67.72297],[20.64825,67.67583],[20.58296,67.6654],[20.53979,67.66884],[20.51812,67.67252],[20.50629,67.67739],[20.49252,67.68043],[20.46509,67.68261],[20.40095,67.69371],[20.36898,67.70605],[20.35292,67.71717],[20.32955,67.72591],[20.21511,67.72381],[20.20605,67.76899],[20.22372,67.79609],[20.24499,67.80217],[20.28717,67.80577],[20.3099,67.80301],[20.32444,67.7969],[20.34868,67.79235],[20.36632,67.79171],[20.3829,67.79051],[20.39697,67.77972],[20.42493,67.77752]]]},"properties":{"objnamn":"Kalixfors skjutfält","lan":"Norrbotten","kommun":"Gällivare, Kiruna","kategori":"Påverkansområden","underkategori":"Område med särskilt behov av hinderfrihet","typ":"Påverkansområde"}},{"type":"Feature","geometry":{"type":"Polygon","coordinates":[[[18.00472,57.47472],[17.83806,57.45805],[17.84639,57.59111],[17.95472,57.68278],[18.18167,57.70139],[18.18167,57.59],[18.20889,57.575],[18.20194,57.54944],[18.12972,57.48305],[18.00472,57.47472]]]},"properties":{"objnamn":"Tofta skjutfält","lan":"Gotland","kommun":"Gotland","kategori":"Påverkansområden","underkategori":"Område med särskilt behov av hinderfrihet","typ":"Påverkansområde"}},{"type":"Feature","geometry":{"type":"Polygon","coordinates":[[[14.91083,57.65806],[14.89833,57.65639],[14.88528,57.65639],[14.87278,57.65833],[14.86167,57.66194],[14.85278,57.66694],[14.84667,57.67306],[14.84333,57.67972],[14.84361,57.68667],[14.84722,57.69333],[14.85389,57.69944],[14.86333,57.70417],[14.87472,57.7075],[14.89055,57.70944],[14.90333,57.70889],[14.91278,57.70722],[14.92389,57.70361],[14.93278,57.69861],[14.93917,57.6925],[14.94194,57.68583],[14.94194,57.67889],[14.93833,57.67222],[14.93167,57.66611],[14.92222,57.66139],[14.91083,57.65806]]]},"properties":{"objnamn":"Eksjö skjut- och övningsfält, garnisonsområde samt Norra fältets övningsområde","lan":"Jönköping","kommun":"Nässjö, Eksjö","kategori":"Påverkansområden","underkategori":"Område med särskilt behov av hinderfrihet","typ":"Påverkansområde"}},{"type":"Feature","geometry":{"type":"Polygon","coordinates":[[[14.18028,57.35778],[14.08861,57.34944],[14.08805,57.48611],[14.10278,57.51139],[14.23861,57.49111],[14.18028,57.35778]]]},"properties":{"objnamn":"Skillingaryds skjut- och övningsfält","lan":"Jönköping","kommun":"Vaggeryd","kategori":"Påverkansområden","underkategori":"Område med särskilt behov av hinderfrihet","typ":"Påverkansområde"}},{"type":"Feature","geometry":{"type":"Polygon","coordinates":[[[12.83055,56.73306],[12.81389,56.71639],[12.76389,56.72472],[12.78055,56.74972],[12.81389,56.74972],[12.83055,56.73306]]]},"properties":{"objnamn":"Nyårsåsens skjutfält och Halmstads övningsfält med skjutbanor","lan":"Halland","kommun":"Halmstad","kategori":"Påverkansområden","underkategori":"Område med särskilt behov av hinderfrihet","typ":"Påverkansområde"}},{"type":"Feature","geometry":{"type":"Polygon","coordinates":[[[23.00949,66.01209],[22.98733,66.01344],[22.96537,66.01525],[22.92489,66.01983],[22.88564,66.02594],[22.86533,66.0298],[22.84551,66.03407],[22.80986,66.04313],[22.79175,66.04851],[22.77431,66.05426],[22.74361,66.06595],[22.72837,66.07265],[22.71398,66.07965],[22.70046,66.08694],[22.68786,66.09449],[22.6668,66.1093],[22.64926,66.12485],[22.6414,66.1334],[22.63461,66.14209],[22.6289,66.15092],[22.6243,66.15985],[22.62081,66.16886],[22.61844,66.17793],[22.61705,66.19501],[22.61794,66.20413],[22.61997,66.21321],[22.62314,66.22224],[22.62742,66.2312],[22.63282,66.24005],[22.63933,66.24879],[22.65444,66.26476],[22.66402,66.27303],[22.67463,66.28109],[22.68624,66.28892],[22.69882,66.2965],[22.72492,66.31],[22.75409,66.32243],[22.77082,66.32859],[22.7883,66.33441],[22.8065,66.33986],[22.82537,66.34493],[22.84486,66.34961],[22.86491,66.35389],[22.88549,66.35776],[22.90652,66.3612],[22.94703,66.36648],[22.9691,66.36866],[22.99141,66.37039],[23.03372,66.3724],[23.07632,66.37278],[23.09902,66.37232],[23.12163,66.3714],[23.1441,66.37002],[23.16636,66.36819],[23.18835,66.3659],[23.21003,66.36317],[23.24962,66.35688],[23.27008,66.35291],[23.29,66.34854],[23.32575,66.33927],[23.34387,66.33378],[23.36127,66.32792],[23.3779,66.32173],[23.39373,66.3152],[23.42111,66.30212],[23.43441,66.29474],[23.44676,66.2871],[23.46726,66.27213],[23.47672,66.26385],[23.48513,66.25539],[23.49247,66.24676],[23.49872,66.238],[23.50386,66.22912],[23.50788,66.22015],[23.51239,66.20315],[23.5129,66.18606],[23.51155,66.17696],[23.50906,66.1679],[23.50138,66.15109],[23.4957,66.14227],[23.48893,66.13357],[23.48109,66.12503],[23.47221,66.11665],[23.45282,66.10147],[23.44106,66.0937],[23.42837,66.08618],[23.40214,66.07281],[23.38693,66.0661],[23.37091,66.05971],[23.33885,66.04864],[23.30439,66.03885],[23.28514,66.03417],[23.26534,66.02989],[23.24504,66.02603],[23.22429,66.02257],[23.18436,66.01726],[23.14339,66.01348],[23.12124,66.01211],[23.09895,66.0112],[23.07657,66.01074],[23.05416,66.01073],[23.03179,66.01118],[23.00949,66.01209]]]},"properties":{"objnamn":"Lombens och Orrträsks skjutfält","lan":"Norrbotten","kommun":"Kalix, Överkalix, Övertorneå, Haparanda","kategori":"Påverkansområden","underkategori":"Område med särskilt behov av hinderfrihet","typ":"Påverkansområde"}},{"type":"Feature","geometry":{"type":"Polygon","coordinates":[[[21.45161,65.5438],[21.42438,65.54522],[21.39473,65.5476],[21.36555,65.55083],[21.33954,65.55447],[21.31412,65.55878],[21.28698,65.56428],[21.26314,65.56993],[21.23795,65.57685],[21.21397,65.58448],[21.19331,65.59198],[21.17382,65.60001],[21.15383,65.60941],[21.13545,65.61936],[21.12021,65.62883],[21.10643,65.63868],[21.09304,65.64991],[21.08349,65.65936],[21.07525,65.66902],[21.06835,65.67886],[21.06227,65.68996],[21.0579,65.70119],[21.05544,65.71138],[21.05438,65.72161],[21.05486,65.73299],[21.05678,65.7432],[21.06056,65.75447],[21.06544,65.76451],[21.07249,65.77552],[21.08121,65.78632],[21.09047,65.79583],[21.10103,65.8051],[21.11417,65.81504],[21.09808,65.82662],[21.08391,65.83888],[21.07294,65.85048],[21.06324,65.86345],[21.05598,65.87669],[21.0515,65.88899],[21.04912,65.90138],[21.04894,65.91495],[21.05023,65.92398],[21.05264,65.93297],[21.06016,65.94965],[21.06576,65.9584],[21.07244,65.96702],[21.08784,65.98277],[21.09755,65.99091],[21.10826,65.99883],[21.13097,66.01305],[21.15692,66.02631],[21.17201,66.03296],[21.18791,66.03928],[21.21979,66.05021],[21.23781,66.05552],[21.25647,66.06045],[21.27574,66.06499],[21.29555,66.06912],[21.334,66.07573],[21.3551,66.07864],[21.37653,66.08111],[21.41745,66.08452],[21.45899,66.08633],[21.50076,66.08651],[21.52855,66.08574],[21.55891,66.08405],[21.58889,66.0815],[21.61836,66.07811],[21.64716,66.07388],[21.67516,66.06884],[21.70221,66.06302],[21.72587,66.05707],[21.75075,66.04983],[21.77431,66.0419],[21.79448,66.03412],[21.81521,66.02499],[21.83431,66.01528],[21.85018,66.006],[21.86591,65.99535],[21.87859,65.98529],[21.88966,65.97493],[21.89823,65.96537],[21.90544,65.95564],[21.91182,65.94464],[21.9161,65.93461],[21.91919,65.92338],[21.92048,65.91322],[21.92024,65.90192],[21.91825,65.89065],[21.91497,65.88056],[21.90968,65.86947],[21.90347,65.85962],[21.8959,65.84993],[21.88592,65.83939],[21.87558,65.83014],[21.86337,65.82072],[21.88016,65.8089],[21.89467,65.79661],[21.90686,65.78392],[21.91668,65.77088],[21.92406,65.75757],[21.92926,65.74294],[21.93146,65.72932],[21.93115,65.71567],[21.92955,65.70659],[21.92685,65.69756],[21.92305,65.6886],[21.91816,65.67972],[21.91219,65.67096],[21.90517,65.66233],[21.89711,65.65386],[21.88803,65.64557],[21.87795,65.63747],[21.86691,65.6296],[21.85492,65.62196],[21.84203,65.61458],[21.82648,65.60662],[21.81177,65.59985],[21.79626,65.59339],[21.77999,65.58727],[21.763,65.58149],[21.74534,65.57607],[21.72705,65.57102],[21.70817,65.56636],[21.68876,65.56209],[21.66885,65.55823],[21.64851,65.55479],[21.62778,65.55178],[21.60672,65.5492],[21.58537,65.54706],[21.56379,65.54537],[21.54204,65.54413],[21.52016,65.54333],[21.49547,65.54299],[21.47352,65.54316],[21.45161,65.5438]]]},"properties":{"objnamn":"Bodenområdet","lan":"Norrbotten","kommun":"Boden, Luleå, Älvsbyn, Piteå","kategori":"Påverkansområden","underkategori":"Område med särskilt behov av hinderfrihet","typ":"Påverkansområde"}},{"type":"Feature","geometry":{"type":"Polygon","coordinates":[[[22.2777,65.26372],[22.23773,65.26641],[22.19855,65.27067],[22.16049,65.27647],[22.14077,65.28016],[22.12152,65.28427],[22.08686,65.29305],[22.06922,65.29829],[22.05223,65.30389],[22.03594,65.30984],[22.02038,65.31612],[21.99333,65.32876],[21.9801,65.33593],[21.96775,65.34336],[21.94709,65.35796],[21.92981,65.37331],[21.92205,65.38176],[21.91532,65.39036],[21.90964,65.39909],[21.90502,65.40793],[21.89929,65.42472],[21.89742,65.44166],[21.898,65.45071],[21.89969,65.45973],[21.90248,65.4687],[21.90637,65.4776],[21.91657,65.49403],[21.9305,65.50997],[21.93941,65.51823],[21.94933,65.52628],[21.96022,65.53412],[21.97207,65.54172],[21.99675,65.55525],[22.02444,65.56774],[22.04036,65.57394],[22.05702,65.57979],[22.07439,65.58528],[22.09242,65.5904],[22.12783,65.59895],[22.14748,65.60292],[22.16761,65.60647],[22.20641,65.61197],[22.24631,65.6159],[22.26792,65.61735],[22.28967,65.61834],[22.33068,65.61896],[22.35255,65.61862],[22.37435,65.61782],[22.41484,65.61509],[22.43612,65.61298],[22.45711,65.61042],[22.49549,65.60445],[22.51535,65.60065],[22.5347,65.59643],[22.5535,65.59182],[22.57171,65.58681],[22.60407,65.57641],[22.6203,65.57036],[22.63577,65.56397],[22.66254,65.55115],[22.67557,65.54389],[22.68769,65.53637],[22.70785,65.52162],[22.71718,65.51344],[22.72549,65.50508],[22.73827,65.48898],[22.7473,65.47244],[22.75055,65.4635],[22.7527,65.4545],[22.75376,65.43755],[22.75274,65.42852],[22.75062,65.41951],[22.74741,65.41057],[22.74312,65.4017],[22.7322,65.38537],[22.71762,65.36954],[22.69951,65.35437],[22.68848,65.34658],[22.67652,65.33904],[22.65171,65.32563],[22.63727,65.31889],[22.62204,65.31246],[22.59148,65.30132],[22.55856,65.29144],[22.54013,65.28671],[22.52116,65.28238],[22.4843,65.27536],[22.46404,65.27222],[22.44343,65.26951],[22.40403,65.26562],[22.38271,65.26419],[22.36124,65.26321],[22.32079,65.2626],[22.29921,65.26293],[22.2777,65.26372]]]},"properties":{"objnamn":"Junkön skjutfält","lan":"Norrbotten","kommun":"Luleå, Piteå","kategori":"Påverkansområden","underkategori":"Område med särskilt behov av hinderfrihet","typ":"Påverkansområde"}},{"type":"Feature","geometry":{"type":"Polygon","coordinates":[[[19.10677,65.36213],[19.06623,65.3639],[19.04482,65.3655],[19.02363,65.36754],[18.98466,65.37255],[18.96439,65.37584],[18.94454,65.37956],[18.90862,65.38763],[18.89025,65.3925],[18.87248,65.39775],[18.85537,65.40336],[18.83896,65.40933],[18.8102,65.42141],[18.79602,65.4283],[18.78268,65.43548],[18.76008,65.44966],[18.74078,65.46466],[18.73191,65.47296],[18.72405,65.48143],[18.71212,65.4977],[18.70729,65.50655],[18.70354,65.5155],[18.70089,65.52451],[18.69933,65.53356],[18.6994,65.55057],[18.70103,65.55963],[18.70377,65.56863],[18.7076,65.57757],[18.71253,65.58641],[18.71853,65.59514],[18.7256,65.60373],[18.74166,65.6194],[18.75168,65.62748],[18.76269,65.63533],[18.78588,65.64939],[18.81221,65.66248],[18.82747,65.66902],[18.84351,65.67524],[18.8603,65.6811],[18.8778,65.68661],[18.91236,65.69592],[18.94892,65.70383],[18.96913,65.70744],[18.98976,65.71064],[19.01076,65.71339],[19.03208,65.7157],[19.0727,65.71881],[19.09461,65.71982],[19.11662,65.72036],[19.15794,65.72013],[19.19902,65.71828],[19.2207,65.71663],[19.24214,65.71453],[19.2633,65.71199],[19.28411,65.709],[19.32202,65.70225],[19.34154,65.69804],[19.36051,65.69344],[19.39444,65.68375],[19.42597,65.67278],[19.4417,65.66643],[19.45662,65.65976],[19.4823,65.64646],[19.4947,65.63897],[19.50616,65.63122],[19.51665,65.62325],[19.52615,65.61507],[19.54118,65.59923],[19.54769,65.59057],[19.55313,65.58177],[19.56039,65.56503],[19.56378,65.54808],[19.564,65.539],[19.56311,65.52994],[19.55847,65.51303],[19.55442,65.50411],[19.54929,65.49529],[19.5431,65.48659],[19.53587,65.47803],[19.51954,65.46243],[19.49976,65.44754],[19.48785,65.43993],[19.47504,65.43259],[19.44871,65.41958],[19.4335,65.41308],[19.41753,65.40691],[19.40083,65.40108],[19.38346,65.39561],[19.34921,65.38637],[19.33013,65.382],[19.31056,65.37803],[19.27268,65.37173],[19.23356,65.36694],[19.2123,65.36502],[19.19084,65.36355],[19.15025,65.36201],[19.12851,65.36184],[19.10677,65.36213]]]},"properties":{"objnamn":"Arvidsjaurs övnings- och skjutfält","lan":"Norrbotten","kommun":"Arvidsjaur","kategori":"Påverkansområden","underkategori":"Område med särskilt behov av hinderfrihet","typ":"Påverkansområde"}},{"type":"Feature","geometry":{"type":"Polygon","coordinates":[[[14.77722,59.14469],[14.74409,59.14529],[14.7265,59.14626],[14.70903,59.14769],[14.67674,59.15157],[14.65985,59.15427],[14.64325,59.15741],[14.62697,59.16097],[14.61106,59.16495],[14.58235,59.17349],[14.56772,59.17861],[14.55361,59.1841],[14.52866,59.19534],[14.50588,59.20773],[14.4947,59.21478],[14.48421,59.22211],[14.47446,59.2297],[14.46546,59.23753],[14.45071,59.25279],[14.43884,59.26871],[14.43373,59.27741],[14.42947,59.28623],[14.42609,59.29515],[14.4236,59.30415],[14.422,59.3132],[14.42129,59.32228],[14.42239,59.3393],[14.42426,59.34834],[14.42703,59.35731],[14.43069,59.36621],[14.43522,59.37499],[14.44605,59.39111],[14.45304,59.39947],[14.46086,59.40763],[14.47765,59.42236],[14.49713,59.4362],[14.50855,59.44318],[14.52065,59.44986],[14.53341,59.45622],[14.54678,59.46224],[14.57341,59.47256],[14.58837,59.47752],[14.60381,59.48209],[14.63391,59.48956],[14.66527,59.49554],[14.68242,59.4981],[14.6998,59.50022],[14.73287,59.50296],[14.75067,59.50376],[14.76853,59.50411],[14.78641,59.50399],[14.80425,59.50341],[14.822,59.50237],[14.83963,59.50087],[14.85709,59.49892],[14.87433,59.49653],[14.90591,59.49084],[14.92227,59.48719],[14.93825,59.48312],[14.96701,59.47441],[14.99401,59.46434],[15.00761,59.45845],[15.02059,59.45222],[15.03294,59.44565],[15.04461,59.43878],[15.06459,59.42512],[15.07417,59.41746],[15.08298,59.40956],[15.09732,59.39417],[15.10378,59.3857],[15.10938,59.37708],[15.11756,59.36056],[15.12065,59.35161],[15.12285,59.34259],[15.12456,59.32558],[15.12418,59.3165],[15.12291,59.30743],[15.11811,59.29057],[15.11022,59.27403],[15.10477,59.26538],[15.09848,59.25688],[15.09136,59.24855],[15.08343,59.24042],[15.06646,59.22578],[15.05633,59.21832],[15.04548,59.21113],[15.0233,59.19845],[15.01055,59.19214],[14.9972,59.18617],[14.97066,59.17594],[14.94238,59.16704],[14.92666,59.16286],[14.91055,59.15909],[14.87945,59.15317],[14.86247,59.15064],[14.84525,59.14854],[14.82785,59.1469],[14.81032,59.1457],[14.77722,59.14469]]]},"properties":{"objnamn":"Villingsbergs skjutfält","lan":"Örebro","kommun":"Lekeberg, Degerfors, Hällefors, Örebro, Karlskoga, Nora","kategori":"Påverkansområden","underkategori":"Område med särskilt behov av hinderfrihet","typ":"Påverkansområde"}},{"type":"Feature","geometry":{"type":"Polygon","coordinates":[[[14.51861,58.08136],[14.1932,58.05321],[14.16389,58.24306],[14.08248,58.30804],[14.28559,58.39978],[14.30436,58.40118],[14.31806,58.47833],[14.39833,58.65861],[14.79528,58.75222],[14.98278,58.74667],[14.9775,58.54222],[14.82611,58.47639],[14.80083,58.47056],[14.77389,58.45917],[14.76833,58.42833],[14.75667,58.42806],[14.69722,58.39528],[14.6625,58.375],[14.65556,58.36194],[14.65306,58.34694],[14.70528,58.28278],[14.70528,58.21611],[14.60465,58.20525],[14.51861,58.08136]]]},"properties":{"objnamn":"Karlsborgsområdet","lan":"Västra Götaland","kommun":"Karlsborg, Tibro, Hjo, Tidaholm, Laxå, Askersund, Ödeshög, Motala, Vadstena, Habo, Jönköping","kategori":"Påverkansområden","underkategori":"Område med särskilt behov av hinderfrihet","typ":"Påverkansområde"}},{"type":"Feature","geometry":{"type":"Polygon","coordinates":[[[18.2557,62.52575],[18.08933,62.44506],[17.88066,62.46361],[17.94621,62.54057],[17.87953,62.56556],[17.96286,62.59889],[18.07922,62.59889],[18.22878,62.64376],[18.2557,62.52575]]]},"properties":{"objnamn":"Skärsvikens skjutfält","lan":"Västernorrland","kommun":"Härnösand","kategori":"Påverkansområden","underkategori":"Område med särskilt behov av hinderfrihet","typ":"Påverkansområde"}},{"type":"Feature","geometry":{"type":"Polygon","coordinates":[[[16.99667,59.31222],[16.92167,59.31222],[16.90222,59.34111],[16.905,59.35778],[16.96333,59.36611],[16.99113,59.35932],[16.99767,59.35686],[17.00265,59.35383],[17.00729,59.3487],[17.00893,59.3454],[17.01174,59.33394],[17.0144,59.33115],[16.99667,59.31222]]]},"properties":{"objnamn":"Härads skjutfält","lan":"Södermanland","kommun":"Strängnäs","kategori":"Påverkansområden","underkategori":"Område med särskilt behov av hinderfrihet","typ":"Påverkansområde"}},{"type":"Feature","geometry":{"type":"Polygon","coordinates":[[[16.14511,58.58123],[16.14466,58.58152],[16.14519,58.58209],[16.14423,58.58271],[16.14769,58.5832],[16.15087,58.58128],[16.14798,58.58014],[16.14797,58.58083],[16.14631,58.58045],[16.14511,58.58123]]]},"properties":{"objnamn":"SMHI:s huvudkontor","lan":"Östergötland","kommun":"Norrköping","kategori":"Öppna områden av betydelse 3 kap 9 § första stycket MB","underkategori":"Område av betydelse på land","typ":"Riksintresse"}},{"type":"Feature","geometry":{"type":"Polygon","coordinates":[[[19.04804,57.86809],[19.04925,57.86926],[19.05239,57.8691],[19.05361,57.8726],[19.05684,57.87191],[19.05885,57.87096],[19.0602,57.86973],[19.0608,57.86799],[19.06074,57.86741],[19.0531,57.86791],[19.05238,57.86703],[19.05246,57.86587],[19.05162,57.86589],[19.05158,57.86541],[19.04766,57.86594],[19.04619,57.86664],[19.04626,57.86784],[19.04804,57.86809]]]},"properties":{"objnamn":"Fårösund hamn","lan":"Gotland","kommun":"Gotland","kategori":"Öppna områden av betydelse 3 kap 9 § första stycket MB","underkategori":"Område av betydelse på land","typ":"Riksintresse"}},{"type":"Feature","geometry":{"type":"Polygon","coordinates":[[[18.78724,57.8488],[18.78546,57.84922],[18.78515,57.84991],[18.78782,57.84977],[18.79054,57.84869],[18.79716,57.85787],[18.79894,57.85779],[18.80077,57.85189],[18.79875,57.84137],[18.78724,57.8488]]]},"properties":{"objnamn":"Kappelshamn hamn","lan":"Gotland","kommun":"Gotland","kategori":"Öppna områden av betydelse 3 kap 9 § första stycket MB","underkategori":"Område av betydelse på land","typ":"Riksintresse"}},{"type":"Feature","geometry":{"type":"Polygon","coordinates":[[[18.8072,57.71258],[18.80938,57.71348],[18.81192,57.71287],[18.81529,57.70792],[18.8175,57.70642],[18.81613,57.70559],[18.81382,57.70652],[18.8075,57.705],[18.80601,57.70539],[18.80731,57.70719],[18.80713,57.70833],[18.80654,57.70857],[18.80628,57.7125],[18.8072,57.71258]]]},"properties":{"objnamn":"Slite hamn","lan":"Gotland","kommun":"Gotland","kategori":"Öppna områden av betydelse 3 kap 9 § första stycket MB","underkategori":"Område av betydelse på land","typ":"Riksintresse"}},{"type":"Feature","geometry":{"type":"Polygon","coordinates":[[[14.52484,58.60664],[14.52862,58.60476],[14.52731,58.60357],[14.51599,58.59721],[14.50954,58.59271],[14.5086,58.59557],[14.50241,58.59518],[14.50365,58.59058],[14.49129,58.58952],[14.49114,58.59006],[14.48177,58.59286],[14.48268,58.59355],[14.49187,58.59384],[14.49126,58.59553],[14.4882,58.59485],[14.4783,58.59495],[14.47178,58.59557],[14.46654,58.59558],[14.46516,58.59545],[14.46501,58.5943],[14.46368,58.59494],[14.4637,58.59394],[14.46266,58.59342],[14.45551,58.59329],[14.45437,58.59296],[14.45469,58.59357],[14.44586,58.59538],[14.44391,58.59827],[14.44119,58.59868],[14.44384,58.60226],[14.44505,58.60249],[14.45169,58.60682],[14.45057,58.60793],[14.45139,58.60834],[14.44164,58.60761],[14.43573,58.61818],[14.43455,58.62324],[14.43535,58.62455],[14.44583,58.62483],[14.44755,58.61959],[14.44697,58.6189],[14.45325,58.6132],[14.45253,58.61262],[14.45373,58.61149],[14.45217,58.60929],[14.45483,58.61143],[14.45692,58.61125],[14.4627,58.6265],[14.47469,58.62935],[14.48143,58.6266],[14.47824,58.62466],[14.48066,58.62344],[14.48119,58.61535],[14.48429,58.61365],[14.48519,58.61181],[14.48684,58.61064],[14.48737,58.60963],[14.49249,58.61019],[14.49635,58.6156],[14.49625,58.61926],[14.50319,58.61822],[14.5045,58.61229],[14.51093,58.6116],[14.51756,58.61017],[14.52315,58.60746],[14.52323,58.60655],[14.52484,58.60664]]]},"properties":{"objnamn":"Karlsborgsområdet","lan":"Västra Götaland","kommun":"Karlsborg","kategori":"Öppna områden av betydelse 3 kap 9 § första stycket MB","underkategori":"Område av betydelse på land","typ":"Riksintresse"}},{"type":"Feature","geometry":{"type":"Polygon","coordinates":[[[14.51346,58.58981],[14.51397,58.59129],[14.50975,58.59097],[14.50954,58.59271],[14.51599,58.59721],[14.52731,58.60357],[14.52862,58.60476],[14.53309,58.60384],[14.52855,58.59936],[14.52493,58.59783],[14.51998,58.59692],[14.51802,58.59566],[14.52068,58.59397],[14.52325,58.59372],[14.52566,58.59181],[14.52506,58.59209],[14.52356,58.59179],[14.52096,58.59073],[14.52092,58.58954],[14.5218,58.5886],[14.51981,58.5856],[14.52146,58.58363],[14.52377,58.58367],[14.52436,58.58304],[14.52487,58.58018],[14.52329,58.57775],[14.52113,58.57685],[14.51954,58.5753],[14.51577,58.57025],[14.51719,58.56967],[14.51689,58.56616],[14.518,58.56481],[14.52051,58.56368],[14.52533,58.56444],[14.52584,58.56306],[14.52513,58.56056],[14.52549,58.55951],[14.52487,58.55819],[14.52245,58.55615],[14.51868,58.55542],[14.5162,58.55584],[14.5126,58.5576],[14.51005,58.55712],[14.50991,58.55657],[14.50642,58.55817],[14.5067,58.56032],[14.50463,58.56111],[14.50338,58.56077],[14.5016,58.56151],[14.50034,58.56113],[14.49774,58.56602],[14.4995,58.56736],[14.50565,58.5653],[14.50545,58.57103],[14.50703,58.57193],[14.51086,58.58271],[14.50267,58.58212],[14.502,58.58485],[14.50597,58.58509],[14.50558,58.58661],[14.5065,58.58376],[14.51336,58.58304],[14.51568,58.58407],[14.51545,58.58599],[14.51433,58.58719],[14.51105,58.58891],[14.50917,58.58815],[14.50651,58.58774],[14.50992,58.59011],[14.51346,58.58981]]]},"properties":{"objnamn":"Karlsborgsområdet","lan":"Västra Götaland","kommun":"Karlsborg","kategori":"Öppna områden av betydelse 3 kap 9 § första stycket MB","underkategori":"Område av betydelse på land","typ":"Riksintresse"}},{"type":"Feature","geometry":{"type":"Polygon","coordinates":[[[14.45547,58.5278],[14.44906,58.52762],[14.44758,58.52639],[14.4374,58.52512],[14.43079,58.5255],[14.43049,58.52627],[14.42821,58.52618],[14.42272,58.52513],[14.42218,58.52697],[14.42363,58.5278],[14.42345,58.53055],[14.4255,58.53305],[14.42698,58.53689],[14.42691,58.53864],[14.42961,58.53987],[14.43003,58.5418],[14.43361,58.5442],[14.43421,58.54641],[14.43555,58.54754],[14.43941,58.54716],[14.43995,58.5486],[14.4423,58.54903],[14.44758,58.54786],[14.45546,58.55054],[14.45953,58.54898],[14.46879,58.53987],[14.46881,58.53851],[14.46517,58.53736],[14.46287,58.53739],[14.45724,58.52877],[14.45547,58.5278]]]},"properties":{"objnamn":"Karlsborgsområdet","lan":"Västra Götaland","kommun":"Karlsborg","kategori":"Öppna områden av betydelse 3 kap 9 § första stycket MB","underkategori":"Område av betydelse på land","typ":"Riksintresse"}},{"type":"Feature","geometry":{"type":"Polygon","coordinates":[[[15.77855,56.07726],[15.77824,56.07696],[15.77886,56.07684],[15.77782,56.076],[15.7789,56.07549],[15.78191,56.07638],[15.78495,56.07588],[15.78791,56.07618],[15.79028,56.07587],[15.79037,56.07503],[15.79213,56.07493],[15.7917,56.07411],[15.79216,56.07367],[15.78716,56.0728],[15.78703,56.07253],[15.78907,56.0723],[15.78905,56.07196],[15.78786,56.0714],[15.78767,56.07019],[15.78396,56.06912],[15.78327,56.06856],[15.78431,56.06831],[15.78407,56.06808],[15.78068,56.06812],[15.77813,56.06719],[15.77506,56.06712],[15.77372,56.06793],[15.77382,56.0688],[15.77476,56.06949],[15.7739,56.07041],[15.77655,56.07231],[15.77657,56.07282],[15.7754,56.07342],[15.77653,56.07437],[15.77391,56.07596],[15.77608,56.07681],[15.77612,56.07715],[15.77728,56.07695],[15.77855,56.07726]]]},"properties":{"objnamn":"Öppenskärs övningsfält","lan":"Blekinge","kommun":"Karlskrona","kategori":"Öppna områden av betydelse 3 kap 9 § första stycket MB","underkategori":"Område av betydelse på land","typ":"Riksintresse"}},{"type":"Feature","geometry":{"type":"Polygon","coordinates":[[[11.92699,58.44349],[11.92762,58.44191],[11.92502,58.43808],[11.92533,58.43768],[11.92783,58.43708],[11.92917,58.43589],[11.929,58.43218],[11.92811,58.43045],[11.92156,58.42949],[11.91761,58.43174],[11.915,58.42996],[11.91492,58.42822],[11.91057,58.4277],[11.90463,58.42457],[11.90284,58.42446],[11.92108,58.4135],[11.92588,58.41211],[11.9242,58.41172],[11.92355,58.41036],[11.91747,58.40744],[11.91642,58.4061],[11.90888,58.40156],[11.90796,58.40358],[11.90236,58.40696],[11.90277,58.40759],[11.87664,58.4155],[11.87814,58.41674],[11.87763,58.417],[11.87861,58.41853],[11.88546,58.42527],[11.88555,58.42676],[11.88715,58.42903],[11.88523,58.43221],[11.87905,58.43589],[11.88334,58.43798],[11.88264,58.4385],[11.88376,58.43913],[11.88815,58.43835],[11.89402,58.44213],[11.89402,58.44152],[11.89615,58.44076],[11.89711,58.44078],[11.897,58.43819],[11.90098,58.43843],[11.90391,58.43509],[11.90544,58.43823],[11.91438,58.43497],[11.92219,58.43906],[11.92303,58.44093],[11.92467,58.44165],[11.9253,58.44155],[11.92498,58.4429],[11.92699,58.44349]]]},"properties":{"objnamn":"Säterbo övningsfält","lan":"Västra Götaland","kommun":"Uddevalla, Färgelanda, Munkedal","kategori":"Öppna områden av betydelse 3 kap 9 § första stycket MB","underkategori":"Område av betydelse på land","typ":"Riksintresse"}},{"type":"Feature","geometry":{"type":"Polygon","coordinates":[[[18.47919,59.41394],[18.4958,59.40645],[18.49966,59.40857],[18.50208,59.408],[18.50473,59.40821],[18.50469,59.40778],[18.50629,59.40719],[18.50664,59.40777],[18.50826,59.40806],[18.50891,59.40957],[18.50985,59.40976],[18.51077,59.40884],[18.51322,59.40815],[18.51357,59.40722],[18.51653,59.40734],[18.51832,59.40693],[18.52056,59.40493],[18.52351,59.40438],[18.52283,59.40409],[18.5236,59.40336],[18.51108,59.39851],[18.49911,59.39686],[18.50021,59.39131],[18.4976,59.38512],[18.49693,59.3848],[18.488,59.38957],[18.48527,59.38767],[18.48218,59.38867],[18.48316,59.38919],[18.48212,59.38965],[18.4828,59.38983],[18.48239,59.39002],[18.48345,59.39094],[18.48353,59.39182],[18.48007,59.39273],[18.47862,59.39385],[18.4783,59.3934],[18.47965,59.39184],[18.47805,59.38932],[18.47944,59.38774],[18.47725,59.38656],[18.47577,59.38629],[18.4711,59.38714],[18.4691,59.38863],[18.4693,59.38954],[18.4659,59.3897],[18.4663,59.39134],[18.46534,59.39155],[18.46474,59.39046],[18.46419,59.39157],[18.46234,59.39092],[18.46398,59.39005],[18.46326,59.38937],[18.46214,59.38914],[18.46184,59.39068],[18.45975,59.39044],[18.45615,59.39301],[18.45597,59.39361],[18.45749,59.39432],[18.45686,59.39541],[18.45562,59.39608],[18.45684,59.39736],[18.45787,59.3971],[18.45682,59.3974],[18.45447,59.40317],[18.45064,59.40251],[18.45258,59.40035],[18.44908,59.39645],[18.44717,59.39747],[18.44527,59.39775],[18.44215,59.39895],[18.44438,59.40085],[18.44195,59.4016],[18.43913,59.40091],[18.43843,59.40104],[18.43691,59.40166],[18.43575,59.40283],[18.43663,59.404],[18.43756,59.40419],[18.4391,59.40543],[18.44423,59.40676],[18.44361,59.40785],[18.44431,59.40746],[18.44494,59.40764],[18.44478,59.40807],[18.45524,59.40988],[18.45482,59.41231],[18.46026,59.41494],[18.46521,59.41553],[18.47919,59.41394]]]},"properties":{"objnamn":"Myttinge övningsfält","lan":"Stockholm","kommun":"Värmdö","kategori":"Öppna områden av betydelse 3 kap 9 § första stycket MB","underkategori":"Område av betydelse på land","typ":"Riksintresse"}},{"type":"Feature","geometry":{"type":"Polygon","coordinates":[[[17.28253,59.81991],[17.28379,59.81999],[17.28355,59.81761],[17.30385,59.79125],[17.29004,59.78857],[17.28147,59.78387],[17.2803,59.78456],[17.27942,59.78311],[17.26102,59.7833],[17.24258,59.78646],[17.24415,59.78822],[17.24278,59.7959],[17.24543,59.79843],[17.24677,59.80168],[17.24016,59.80636],[17.2414,59.80768],[17.25382,59.81118],[17.25539,59.81062],[17.25869,59.81169],[17.26803,59.8137],[17.27545,59.81606],[17.27429,59.81831],[17.27996,59.82011],[17.28253,59.81991]]]},"properties":{"objnamn":"Skogs-Tibble övningsfält","lan":"Uppsala","kommun":"Uppsala, Enköping","kategori":"Öppna områden av betydelse 3 kap 9 § första stycket MB","underkategori":"Område av betydelse på land","typ":"Riksintresse"}},{"type":"Feature","geometry":{"type":"Polygon","coordinates":[[[15.0942,56.16175],[15.0931,56.1616],[15.09143,56.16442],[15.09408,56.16639],[15.09515,56.16673],[15.09974,56.16618],[15.10247,56.16534],[15.10181,56.16426],[15.10322,56.16342],[15.10267,56.16292],[15.0942,56.16175]]]},"properties":{"objnamn":"Ryssjöns övningsfält","lan":"Blekinge","kommun":"Ronneby","kategori":"Öppna områden av betydelse 3 kap 9 § första stycket MB","underkategori":"Område av betydelse på land","typ":"Riksintresse"}},{"type":"Feature","geometry":{"type":"Polygon","coordinates":[[[12.86019,56.37122],[12.86042,56.37098],[12.86558,56.37278],[12.86916,56.36996],[12.86275,56.36689],[12.86303,56.36655],[12.86528,56.36763],[12.86684,56.36679],[12.8648,56.36563],[12.86344,56.3662],[12.8623,56.36349],[12.86327,56.36275],[12.86232,56.36171],[12.86374,56.36081],[12.86185,56.35998],[12.85887,56.36026],[12.8569,56.35855],[12.85773,56.35755],[12.85644,56.3571],[12.85374,56.35857],[12.84602,56.36698],[12.8448,56.36699],[12.84476,56.36774],[12.84917,56.36887],[12.84977,56.37007],[12.8471,56.37171],[12.85512,56.37087],[12.85283,56.37322],[12.85696,56.37452],[12.86019,56.37122]]]},"properties":{"objnamn":"Önnarps övningsfält med skjutbanor","lan":"Skåne","kommun":"Båstad","kategori":"Öppna områden av betydelse 3 kap 9 § första stycket MB","underkategori":"Område av betydelse på land","typ":"Riksintresse"}},{"type":"Feature","geometry":{"type":"Polygon","coordinates":[[[12.95696,58.05874],[12.95796,58.05834],[12.95815,58.06009],[12.95987,58.06006],[12.96104,58.05908],[12.97,58.06123],[12.98098,58.06293],[12.98717,58.05618],[12.99096,58.05706],[12.99414,58.05494],[12.98722,58.05051],[12.98598,58.0503],[12.99103,58.04249],[12.98807,58.04211],[13.00116,58.03516],[12.99304,58.03134],[12.99277,58.03012],[12.98994,58.02882],[12.98877,58.02847],[12.98701,58.02908],[12.97405,58.02377],[12.97423,58.02021],[12.97293,58.01868],[12.97776,58.01819],[12.97674,58.01706],[12.97753,58.01451],[12.97555,58.01401],[12.97163,58.01436],[12.97082,58.01415],[12.97074,58.01246],[12.96899,58.01254],[12.96953,58.01193],[12.96835,58.01174],[12.96691,58.0123],[12.95642,58.01431],[12.94416,58.00755],[12.93572,58.00551],[12.93433,58.00777],[12.93143,58.00762],[12.92697,58.01349],[12.92815,58.01711],[12.92953,58.01776],[12.92753,58.01835],[12.92614,58.0219],[12.91706,58.0245],[12.91786,58.02585],[12.91631,58.02715],[12.91767,58.02903],[12.91609,58.02936],[12.91773,58.03222],[12.91629,58.03231],[12.91642,58.03506],[12.91351,58.03526],[12.91268,58.0358],[12.91378,58.03893],[12.91568,58.03897],[12.91634,58.04037],[12.91556,58.04106],[12.91884,58.04139],[12.91815,58.04502],[12.92555,58.04797],[12.96223,58.05538],[12.96036,58.05709],[12.95696,58.05874]]]},"properties":{"objnamn":"Remmene skjutfält","lan":"Västra Götaland","kommun":"Herrljunga, Vårgårda","kategori":"Öppna riksintressen 3 kap 9 § andra stycket MB","underkategori":"Riksintresse på land","typ":"Riksintresse"}},{"type":"Feature","geometry":{"type":"Polygon","coordinates":[[[15.90284,59.40416],[15.89606,59.40304],[15.89559,59.40445],[15.89634,59.40528],[15.8957,59.40775],[15.89878,59.40894],[15.90284,59.40416]]]},"properties":{"objnamn":"Centrallagret Arboga","lan":"Västmanland","kommun":"Arboga","kategori":"Öppna områden av betydelse 3 kap 9 § första stycket MB","underkategori":"Område av betydelse på land","typ":"Riksintresse"}},{"type":"Feature","geometry":{"type":"Polygon","coordinates":[[[18.0117,59.34261],[18.00987,59.34326],[18.01006,59.34398],[18.01099,59.34472],[18.01271,59.34517],[18.01444,59.34513],[18.02154,59.34369],[18.02537,59.34115],[18.02477,59.33936],[18.01889,59.33963],[18.01317,59.3407],[18.01306,59.34182],[18.0117,59.34261]]]},"properties":{"objnamn":"Militärhögskolan Karlberg","lan":"Stockholm","kommun":"Stockholm","kategori":"Öppna områden av betydelse 3 kap 9 § första stycket MB","underkategori":"Område av betydelse på land","typ":"Riksintresse"}},{"type":"Feature","geometry":{"type":"Polygon","coordinates":[[[18.08926,59.34571],[18.08729,59.34515],[18.08613,59.34589],[18.08604,59.34668],[18.09249,59.3485],[18.093,59.34676],[18.08926,59.34571]]]},"properties":{"objnamn":"Högkvarteret Lidingövägen","lan":"Stockholm","kommun":"Stockholm","kategori":"Öppna områden av betydelse 3 kap 9 § första stycket MB","underkategori":"Område av betydelse på land","typ":"Riksintresse"}},{"type":"Feature","geometry":{"type":"Polygon","coordinates":[[[18.09773,59.34044],[18.09823,59.34113],[18.09717,59.34167],[18.09945,59.34323],[18.10524,59.341],[18.10462,59.34008],[18.10195,59.34062],[18.10095,59.33979],[18.09773,59.34044]]]},"properties":{"objnamn":"Högkvarteret Banérgatan","lan":"Stockholm","kommun":"Stockholm","kategori":"Öppna områden av betydelse 3 kap 9 § första stycket MB","underkategori":"Område av betydelse på land","typ":"Riksintresse"}},{"type":"Feature","geometry":{"type":"Polygon","coordinates":[[[17.94522,59.40386],[17.94419,59.4045],[17.94643,59.40537],[17.94747,59.40462],[17.94522,59.40386]]]},"properties":{"objnamn":"FOI:s huvudkontor","lan":"Stockholm","kommun":"Stockholm","kategori":"Öppna områden av betydelse 3 kap 9 § första stycket MB","underkategori":"Område av betydelse på land","typ":"Riksintresse"}},{"type":"Feature","geometry":{"type":"Polygon","coordinates":[[[15.2078,59.30185],[15.20845,59.29972],[15.20655,59.29961],[15.20434,59.30249],[15.20751,59.3028],[15.2078,59.30185]]]},"properties":{"objnamn":"FMTIS","lan":"Örebro","kommun":"Örebro","kategori":"Öppna områden av betydelse 3 kap 9 § första stycket MB","underkategori":"Område av betydelse på land","typ":"Riksintresse"}},{"type":"Feature","geometry":{"type":"Polygon","coordinates":[[[12.89441,55.52282],[12.88831,55.52194],[12.88552,55.52111],[12.8845,55.522],[12.8852,55.52309],[12.88805,55.52274],[12.8893,55.52314],[12.88999,55.5243],[12.89153,55.52464],[12.89469,55.52357],[12.89441,55.52282]]]},"properties":{"objnamn":"Klagshamn","lan":"Skåne","kommun":"Malmö","kategori":"Öppna områden av betydelse 3 kap 9 § första stycket MB","underkategori":"Område av betydelse på land","typ":"Riksintresse"}},{"type":"Feature","geometry":{"type":"Polygon","coordinates":[[[15.26864,58.63499],[15.28733,58.59536],[15.29846,58.55497],[15.30194,58.5142],[15.29777,58.47345],[15.28601,58.43311],[15.2668,58.39357],[15.24036,58.3552],[15.20695,58.31836],[15.16691,58.28342],[15.12064,58.25069],[15.0686,58.22049],[15.01128,58.1931],[14.94924,58.16878],[14.88306,58.14776],[14.81338,58.13023],[14.74084,58.11635],[14.66612,58.10626],[14.58993,58.10005],[14.51297,58.09778],[14.43596,58.09946],[14.3596,58.10509],[14.28463,58.11461],[14.21172,58.12793],[14.14157,58.14492],[14.07484,58.16544],[14.01214,58.18928],[13.95409,58.21623],[13.90123,58.24602],[13.85407,58.27839],[13.81308,58.31302],[13.77866,58.3496],[13.75116,58.38776],[13.73086,58.42715],[13.71798,58.46739],[13.71267,58.5081],[13.71501,58.54889],[13.72499,58.58936],[13.74256,58.62912],[13.76756,58.66779],[13.79978,58.70499],[13.83892,58.74035],[13.88462,58.77353],[13.93645,58.80421],[13.99392,58.83207],[14.05646,58.85686],[14.12348,58.87831],[14.19431,58.89622],[14.26825,58.9104],[14.34457,58.92073],[14.42252,58.92709],[14.50131,58.92942],[14.58016,58.9277],[14.65829,58.92194],[14.7349,58.9122],[14.80925,58.89859],[14.8806,58.88123],[14.94823,58.86029],[15.01149,58.83599],[15.06975,58.80857],[15.12247,58.7783],[15.16912,58.74547],[15.20927,58.71041],[15.24254,58.67346],[15.26864,58.63499]]]},"properties":{"objnamn":"Karlsborgsområdet","lan":"Västra Götaland, Östergötland, Örebro, Jönköping","kommun":"Karlsborg, Gullspång, Tibro, Töreboda, Mariestad, Skara, Skövde, Hjo, Tidaholm, Falköping, Laxå, Askersund, Ödeshög, Boxholm, Linköping, Motala, Vadstena, Mjölby, Habo, Jönköping","kategori":"Påverkansområden","underkategori":"MSA-område","typ":"Påverkansområde"}},{"type":"Feature","geometry":{"type":"Polygon","coordinates":[[[15.33466,55.8525],[15.26216,55.85067],[15.18969,55.85281],[15.11791,55.85889],[15.04751,55.86886],[14.97914,55.88262],[14.91344,55.90004],[14.85104,55.92097],[14.79251,55.94521],[14.73842,55.97252],[14.68929,56.00266],[14.64559,56.03533],[14.60775,56.07023],[14.57614,56.10703],[14.55108,56.14538],[14.53283,56.18491],[14.52159,56.22525],[14.51748,56.26601],[14.52057,56.3068],[14.53085,56.34722],[14.54824,56.38688],[14.5726,56.4254],[14.60371,56.46241],[14.64129,56.49754],[14.68498,56.53044],[14.73438,56.56081],[14.789,56.58832],[14.84832,56.61273],[14.91177,56.63377],[14.97872,56.65126],[15.04851,56.665],[15.12045,56.67487],[15.19383,56.68077],[15.26791,56.68263],[15.34197,56.68045],[15.41526,56.67424],[15.48706,56.66406],[15.55665,56.65001],[15.62334,56.63224],[15.68649,56.61093],[15.74546,56.58627],[15.79969,56.55852],[15.84865,56.52795],[15.89187,56.49485],[15.92895,56.45957],[15.95954,56.42243],[15.98336,56.3838],[16.0002,56.34407],[16.00992,56.30361],[16.01244,56.26281],[16.00777,56.22207],[15.99598,56.18178],[15.97719,56.14233],[15.95161,56.10409],[15.9195,56.06743],[15.88119,56.03269],[15.83705,56.00021],[15.78751,55.97028],[15.73306,55.9432],[15.67421,55.91922],[15.61153,55.89856],[15.5456,55.88141],[15.47705,55.86794],[15.40652,55.85827],[15.33466,55.8525]]]},"properties":{"objnamn":"Ronneby flottiljflygplats","lan":"Blekinge","kommun":"Olofström, Karlskrona, Ronneby, Karlshamn, Sölvesborg, Bromölla, Lessebo, Tingsryd, Växjö, Torsås, Emmaboda, Kalmar","kategori":"Påverkansområden","underkategori":"MSA-område","typ":"Påverkansområde"}},{"type":"Feature","geometry":{"type":"Polygon","coordinates":[[[13.4642,58.5603],[13.48488,58.52095],[13.49804,58.48074],[13.5036,58.44004],[13.50151,58.39925],[13.49183,58.35876],[13.47468,58.31896],[13.45024,58.28024],[13.41877,58.24295],[13.38059,58.20747],[13.33609,58.17411],[13.28569,58.1432],[13.22989,58.11502],[13.16923,58.08985],[13.10428,58.06791],[13.03566,58.04942],[12.96401,58.03454],[12.89001,58.02342],[12.81434,58.01615],[12.73771,58.01281],[12.66084,58.01342],[12.58444,58.01798],[12.50922,58.02645],[12.43588,58.03875],[12.3651,58.05476],[12.29756,58.07434],[12.23388,58.09729],[12.17467,58.12341],[12.1205,58.15246],[12.07188,58.18415],[12.02929,58.21819],[11.99315,58.25426],[11.96382,58.29201],[11.94161,58.33109],[11.92674,58.37113],[11.91938,58.41174],[11.91963,58.45253],[11.92752,58.49311],[11.943,58.53309],[11.96593,58.57209],[11.99613,58.60971],[12.03331,58.6456],[12.07715,58.6794],[12.12721,58.71078],[12.18304,58.73943],[12.2441,58.76507],[12.30978,58.78745],[12.37944,58.80634],[12.45241,58.82155],[12.52795,58.83294],[12.60532,58.84039],[12.68375,58.84382],[12.76246,58.84321],[12.84065,58.83855],[12.91755,58.8299],[12.9924,58.81733],[13.06444,58.80098],[13.13298,58.78101],[13.19733,58.75761],[13.25686,58.73102],[13.31101,58.7015],[13.35924,58.66934],[13.40109,58.63486],[13.43619,58.59839],[13.4642,58.5603]]]},"properties":{"objnamn":"Såtenäs flottiljflygplats","lan":"Västra Götaland, Värmland","kommun":"Färgelanda, Ale, Vårgårda, Grästorp, Essunga, Mellerud, Lilla Edet, Herrljunga, Vara, Götene, Uddevalla, Vänersborg, Trollhättan, Alingsås, Åmål, Lidköping, Skara, Falköping, Säffle","kategori":"Påverkansområden","underkategori":"MSA-område","typ":"Påverkansområde"}},{"type":"Feature","geometry":{"type":"Polygon","coordinates":[[[18.39548,60.00281],[18.41117,59.9628],[18.41893,59.9222],[18.41872,59.88142],[18.41058,59.84084],[18.3946,59.80086],[18.37096,59.76186],[18.33993,59.72421],[18.30181,59.68826],[18.257,59.65436],[18.20592,59.62282],[18.14909,59.59394],[18.08703,59.568],[18.02036,59.54524],[17.94969,59.52586],[17.8757,59.51005],[17.79907,59.49796],[17.72051,59.4897],[17.64077,59.48535],[17.56058,59.48494],[17.48068,59.48848],[17.40182,59.49595],[17.32473,59.50726],[17.25013,59.52231],[17.17871,59.54097],[17.11115,59.56306],[17.04809,59.58838],[16.99012,59.61668],[16.93781,59.64771],[16.89167,59.68116],[16.85214,59.71673],[16.81963,59.75408],[16.79446,59.79285],[16.7769,59.83267],[16.76715,59.87317],[16.76533,59.91395],[16.77149,59.95463],[16.78559,59.99481],[16.80753,60.0341],[16.83712,60.07211],[16.8741,60.10848],[16.91813,60.14286],[16.96879,60.17489],[17.02561,60.20427],[17.08805,60.23071],[17.15549,60.25395],[17.22727,60.27374],[17.30269,60.28991],[17.381,60.30227],[17.46142,60.31073],[17.54315,60.31518],[17.62536,60.31558],[17.70725,60.31193],[17.78799,60.30427],[17.86678,60.29268],[17.94283,60.27726],[18.01538,60.25818],[18.08373,60.23562],[18.1472,60.2098],[18.20518,60.18099],[18.2571,60.14947],[18.30249,60.11555],[18.3409,60.07956],[18.37199,60.04186],[18.39548,60.00281]]]},"properties":{"objnamn":"Uppsala flottiljflygplats","lan":"Uppsala, Stockholm, Västmanland","kommun":"Upplandss Väsby, Vallentuna, Järfälla, Upplands Bro, Norrtälje, Sigtuna, Sala, Håbo, Knivsta, Heby, Tierp, Uppsala, Enköping, Östhammar","kategori":"Påverkansområden","underkategori":"MSA-område","typ":"Påverkansområde"}},{"type":"Feature","geometry":{"type":"Polygon","coordinates":[[[21.12054,65.99906],[21.14486,65.95956],[21.1595,65.91928],[21.16439,65.8786],[21.1595,65.83793],[21.14495,65.79764],[21.1209,65.75813],[21.08764,65.71977],[21.04552,65.68293],[20.99496,65.64794],[20.93649,65.61515],[20.87067,65.58486],[20.79814,65.55734],[20.71959,65.53286],[20.63577,65.51164],[20.54746,65.49389],[20.45549,65.47975],[20.36071,65.46937],[20.26398,65.46284],[20.16621,65.46021],[20.06828,65.46153],[19.9711,65.46676],[19.87556,65.47587],[19.78254,65.48877],[19.6929,65.50534],[19.60748,65.52543],[19.52707,65.54886],[19.45243,65.5754],[19.38428,65.60481],[19.32328,65.63683],[19.27002,65.67113],[19.22504,65.70742],[19.18879,65.74534],[19.16166,65.78453],[19.14395,65.82462],[19.13587,65.86523],[19.13755,65.90598],[19.14901,65.94645],[19.17019,65.98627],[19.20094,66.02505],[19.24098,66.0624],[19.28997,66.09796],[19.34746,66.13139],[19.41292,66.16234],[19.48571,66.19051],[19.56514,66.21561],[19.65043,66.23741],[19.74074,66.25568],[19.83517,66.27023],[19.93277,66.28092],[20.03256,66.28764],[20.13353,66.29033],[20.23467,66.28895],[20.33494,66.28353],[20.43334,66.27411],[20.52889,66.26079],[20.62061,66.24371],[20.70759,66.22304],[20.78898,66.19899],[20.86398,66.17179],[20.93187,66.14172],[20.99198,66.10908],[21.04377,66.07419],[21.08675,66.0374],[21.12054,65.99906]]]},"properties":{"objnamn":"Vidsel flygbas","lan":"Norrbotten","kommun":"Arvidsjaur, Jokkmokk, Älvsbyn, Piteå, Boden","kategori":"Påverkansområden","underkategori":"MSA-område","typ":"Påverkansområde"}},{"type":"Feature","geometry":{"type":"Polygon","coordinates":[[[19.0792,57.80056],[19.10054,57.7614],[19.11455,57.72131],[19.12113,57.68068],[19.12024,57.6399],[19.11191,57.59936],[19.09625,57.55946],[19.07343,57.52056],[19.04369,57.48305],[19.00733,57.44728],[18.96472,57.41358],[18.91627,57.38228],[18.86246,57.35368],[18.8038,57.32803],[18.74085,57.30559],[18.67421,57.28655],[18.6045,57.2711],[18.53238,57.25939],[18.45853,57.25152],[18.38362,57.24757],[18.30836,57.24757],[18.23345,57.25153],[18.15959,57.2594],[18.08746,57.27112],[18.01774,57.28657],[17.95109,57.30562],[17.88813,57.32807],[17.82947,57.35373],[17.77565,57.38236],[17.7272,57.41367],[17.68459,57.44739],[17.64824,57.48318],[17.61851,57.52071],[17.59571,57.55963],[17.58008,57.59956],[17.57179,57.64012],[17.57094,57.68092],[17.57756,57.72156],[17.59163,57.76167],[17.61302,57.80083],[17.64156,57.83869],[17.67697,57.87486],[17.71895,57.90899],[17.76709,57.94074],[17.82094,57.96981],[17.87997,57.99591],[17.94362,58.01878],[18.01126,58.03819],[18.08222,58.05395],[18.15581,58.0659],[18.23129,58.07393],[18.30791,58.07796],[18.38491,58.07794],[18.46152,58.07387],[18.53698,58.0658],[18.61054,58.05381],[18.68146,58.03802],[18.74905,58.01858],[18.81264,57.99569],[18.87161,57.96957],[18.92539,57.94048],[18.97347,57.90871],[19.01538,57.87458],[19.05073,57.83841],[19.0792,57.80056]]]},"properties":{"objnamn":"Visby flygplats","lan":"Gotland","kommun":"Gotland","kategori":"Påverkansområden","underkategori":"MSA-område","typ":"Påverkansområde"}},{"type":"Feature","geometry":{"type":"Polygon","coordinates":[[[16.28501,58.51313],[16.30249,58.47336],[16.31242,58.43289],[16.31471,58.3921],[16.30939,58.35139],[16.29652,58.31115],[16.27626,58.27176],[16.24882,58.2336],[16.21449,58.19704],[16.17361,58.16241],[16.12658,58.13005],[16.07387,58.10027],[16.01598,58.07333],[15.95348,58.0495],[15.88694,58.029],[15.817,58.01202],[15.74433,57.99872],[15.66958,57.98922],[15.59347,57.98361],[15.51671,57.98194],[15.44,57.98423],[15.36406,57.99046],[15.28959,58.00057],[15.2173,58.01446],[15.14785,58.03201],[15.08191,58.05305],[15.02009,58.07738],[14.96298,58.10479],[14.91113,58.135],[14.86505,58.16774],[14.82517,58.20269],[14.7919,58.23954],[14.76558,58.27792],[14.74647,58.31747],[14.73479,58.35781],[14.73067,58.39856],[14.73418,58.43933],[14.7453,58.47972],[14.76397,58.51934],[14.79002,58.55781],[14.82322,58.59475],[14.86327,58.6298],[14.9098,58.66262],[14.96236,58.69288],[15.02046,58.72029],[15.08353,58.74457],[15.15096,58.76549],[15.22208,58.78283],[15.29619,58.79643],[15.37256,58.80615],[15.45043,58.81189],[15.52902,58.81359],[15.60755,58.81124],[15.68523,58.80487],[15.76129,58.79452],[15.83497,58.78032],[15.90555,58.7624],[15.97233,58.74093],[16.03465,58.71613],[16.0919,58.68825],[16.14353,58.65757],[16.18906,58.62438],[16.22804,58.589],[16.26012,58.5518],[16.28501,58.51313]]]},"properties":{"objnamn":"Linköping/Malmens flottiljflygplats","lan":"Östergötland, Jönköping, Örebro","kommun":"Hallsberg, Askersund, Ödeshög, Kinda, Boxholm, Åtvidaberg, Finspång, Valdemarsvik, Linköping, Norrköping, Söderköping, Motala, Vadstena, Mjölby, Tranås, Västervik","kategori":"Påverkansområden","underkategori":"MSA-område","typ":"Påverkansområde"}},{"type":"Feature","geometry":{"type":"Polygon","coordinates":[[[14.87165,57.41585],[14.89014,57.37628],[14.90134,57.33591],[14.90515,57.29515],[14.90156,57.25438],[14.89063,57.21399],[14.87248,57.17438],[14.84733,57.13592],[14.81541,57.09898],[14.77707,57.06391],[14.73267,57.03104],[14.68266,57.00068],[14.62751,56.97311],[14.56776,56.94861],[14.50398,56.92738],[14.43676,56.90965],[14.36675,56.89556],[14.29459,56.88526],[14.22096,56.87883],[14.14655,56.87634],[14.07205,56.87781],[13.99816,56.88323],[13.92556,56.89255],[13.85493,56.90567],[13.78694,56.92248],[13.72221,56.94283],[13.66137,56.96651],[13.605,56.99331],[13.55362,57.02297],[13.50774,57.05522],[13.4678,57.08976],[13.4342,57.12624],[13.40727,57.16434],[13.3873,57.20369],[13.3745,57.2439],[13.36901,57.28461],[13.3709,57.3254],[13.38019,57.3659],[13.39681,57.40572],[13.42062,57.44445],[13.45142,57.48174],[13.48892,57.5172],[13.53277,57.55051],[13.58257,57.58132],[13.63783,57.60934],[13.69802,57.63429],[13.76256,57.65593],[13.83081,57.67403],[13.90211,57.68842],[13.97574,57.69895],[14.05098,57.70553],[14.12707,57.70808],[14.20327,57.70658],[14.2788,57.70104],[14.35292,57.69152],[14.4249,57.67812],[14.49401,57.66097],[14.55958,57.64023],[14.62096,57.61611],[14.67756,57.58886],[14.72882,57.55874],[14.77426,57.52605],[14.81344,57.4911],[14.846,57.45425],[14.87165,57.41585]]]},"properties":{"objnamn":"Hagshults flygbas","lan":"Jönköping, Kronoberg, Västra Götaland, Halland","kommun":"Hylte, Tranemo, Gnosjö, Gislaved, Vaggeryd, Jönköping, Nässjö, Värnamo, Sävsjö, Vetlanda, Alvesta, Växjö, Ljungby","kategori":"Påverkansområden","underkategori":"MSA-område","typ":"Påverkansområde"}},{"type":"Feature","geometry":{"type":"Polygon","coordinates":[[[21.14245,66.62022],[21.16729,66.58071],[21.18222,66.54042],[21.18714,66.49975],[21.18205,66.45907],[21.16705,66.41879],[21.14233,66.37929],[21.10817,66.34095],[21.06493,66.30412],[21.01307,66.26915],[20.95309,66.23638],[20.8856,66.2061],[20.81124,66.17861],[20.73074,66.15415],[20.64483,66.13296],[20.55434,66.11522],[20.46011,66.1011],[20.363,66.09074],[20.2639,66.08423],[20.16374,66.08162],[20.06343,66.08295],[19.96388,66.08819],[19.86601,66.09731],[19.77072,66.11021],[19.6789,66.12679],[19.59139,66.14689],[19.50902,66.17031],[19.43256,66.19686],[19.36274,66.22627],[19.30023,66.25828],[19.24566,66.29259],[19.19956,66.32887],[19.16241,66.36678],[19.1346,66.40597],[19.11643,66.44606],[19.10814,66.48667],[19.10985,66.52741],[19.12158,66.56788],[19.14328,66.6077],[19.17478,66.64648],[19.21582,66.68383],[19.26604,66.71939],[19.32497,66.75281],[19.39208,66.78376],[19.46671,66.81193],[19.54815,66.83704],[19.63561,66.85883],[19.72821,66.87709],[19.82503,66.89163],[19.92512,66.90232],[20.02744,66.90903],[20.13098,66.9117],[20.23468,66.91031],[20.3375,66.90487],[20.43839,66.89543],[20.53633,66.8821],[20.63035,66.865],[20.71951,66.8443],[20.80292,66.82023],[20.87977,66.79301],[20.94931,66.76293],[21.01088,66.73027],[21.0639,66.69537],[21.10789,66.65856],[21.14245,66.62022]]]},"properties":{"objnamn":"Jokkmokks flygbas","lan":"Norrbotten","kommun":"Jokkmokk, Gällivare, Boden","kategori":"Påverkansområden","underkategori":"MSA-område","typ":"Påverkansområde"}},{"type":"Feature","geometry":{"type":"Polygon","coordinates":[[[23.0593,65.69336],[23.08971,65.65464],[23.1107,65.61488],[23.12212,65.57446],[23.12389,65.53377],[23.11605,65.4932],[23.09872,65.45315],[23.07209,65.41399],[23.03648,65.37609],[22.99225,65.33982],[22.93985,65.30552],[22.8798,65.27351],[22.8127,65.24408],[22.73918,65.21751],[22.65995,65.19406],[22.57576,65.17393],[22.48739,65.15731],[22.39566,65.14435],[22.30142,65.13519],[22.20555,65.12989],[22.10892,65.12851],[22.01242,65.13107],[21.91693,65.13753],[21.82334,65.14785],[21.73251,65.16192],[21.64528,65.17962],[21.56247,65.20078],[21.48485,65.22521],[21.41316,65.25269],[21.34809,65.28294],[21.29027,65.3157],[21.24027,65.35066],[21.19858,65.38749],[21.16566,65.42583],[21.14183,65.46533],[21.12738,65.50562],[21.12248,65.54629],[21.12723,65.58697],[21.14162,65.62726],[21.16557,65.66677],[21.19887,65.70511],[21.24125,65.74191],[21.29232,65.77681],[21.35162,65.80945],[21.41859,65.83953],[21.49257,65.86673],[21.57287,65.8908],[21.65868,65.91147],[21.74917,65.92856],[21.84341,65.94189],[21.94048,65.95131],[22.0394,65.95675],[22.13916,65.95814],[22.23875,65.95547],[22.33718,65.94877],[22.43345,65.93811],[22.52659,65.92359],[22.61567,65.90536],[22.69981,65.8836],[22.77817,65.85854],[22.85,65.83042],[22.9146,65.79952],[22.97135,65.76616],[23.01974,65.73065],[23.0593,65.69336]]]},"properties":{"objnamn":"Luleå/Kallax flottiljflygplats","lan":"Norrbotten","kommun":"Kalix, Älvsbyn, Luleå, Piteå, Boden","kategori":"Påverkansområden","underkategori":"MSA-område","typ":"Påverkansområde"}},{"type":"Feature","geometry":{"type":"Polygon","coordinates":[[[13.81061,58.62801],[13.83094,58.58861],[13.84373,58.54835],[13.8489,58.50764],[13.84641,58.46685],[13.83632,58.42639],[13.81874,58.38664],[13.79388,58.34798],[13.76199,58.31078],[13.7234,58.27539],[13.67848,58.24215],[13.62769,58.21138],[13.57152,58.18335],[13.51049,58.15834],[13.44521,58.13657],[13.37628,58.11826],[13.30434,58.10358],[13.23009,58.09265],[13.1542,58.08558],[13.07739,58.08244],[13.00038,58.08326],[12.92386,58.08803],[12.84857,58.0967],[12.7752,58.10919],[12.70443,58.12539],[12.63693,58.14514],[12.57334,58.16827],[12.51426,58.19455],[12.46025,58.22374],[12.41183,58.25556],[12.36948,58.28971],[12.33361,58.32588],[12.30458,58.36371],[12.28269,58.40286],[12.26817,58.44294],[12.26119,58.48357],[12.26184,58.52436],[12.27014,58.56493],[12.28603,58.60487],[12.3094,58.6438],[12.34002,58.68134],[12.37764,58.71713],[12.4219,58.75082],[12.47238,58.78207],[12.52861,58.81058],[12.59005,58.83606],[12.65609,58.85826],[12.72609,58.87696],[12.79936,58.89198],[12.87517,58.90317],[12.95278,58.91041],[13.0314,58.91364],[13.11026,58.91281],[13.18857,58.90794],[13.26554,58.89908],[13.34042,58.88631],[13.41245,58.86977],[13.48092,58.84961],[13.54517,58.82604],[13.60455,58.79929],[13.65851,58.76962],[13.70651,58.73733],[13.74811,58.70273],[13.78292,58.66617],[13.81061,58.62801]]]},"properties":{"objnamn":"Råda flygbas","lan":"Västra Götaland, Värmland","kommun":"Vårgårda, Grästorp, Essunga, Mellerud, Herrljunga, Vara, Götene, Vänersborg, Trollhättan, Alingsås, Åmål, Mariestad, Lidköping, Skara, Skövde, Falköping, Säffle","kategori":"Påverkansområden","underkategori":"MSA-område","typ":"Påverkansområde"}},{"type":"Feature","geometry":{"type":"Polygon","coordinates":[[[15.10205,58.11491],[15.11693,58.10816],[15.11826,58.10459],[15.14248,58.09886],[15.15503,58.09362],[15.16175,58.09147],[15.16801,58.08743],[15.18371,58.08598],[15.20475,58.07692],[15.20696,58.07192],[15.21501,58.06858],[15.22035,58.0612],[15.23868,58.05333],[15.2485,58.04642],[15.2498,58.04047],[15.25649,58.03595],[15.26902,58.03354],[15.27753,58.03353],[15.28603,58.03137],[15.29007,58.0335],[15.29322,58.0342],[15.29363,58.02945],[15.29764,58.0273],[15.30972,58.02608],[15.32765,58.02675],[15.34156,58.02909],[15.35366,58.03025],[15.37293,58.03043],[15.38325,58.03159],[15.40546,58.0232],[15.41442,58.0227],[15.4198,58.02315],[15.42687,58.01505],[15.43136,58.01622],[15.43448,58.01479],[15.44295,58.01238],[15.44792,58.01522],[15.45063,58.01758],[15.45913,58.01636],[15.46715,58.01372],[15.47783,58.00845],[15.48363,58.007],[15.49033,58.00603],[15.50009,57.99957],[15.50847,57.99099],[15.51652,57.99],[15.52452,57.98688],[15.53117,57.98234],[15.54236,57.98253],[15.54867,57.98559],[15.58755,57.98256],[15.61216,57.98292],[15.6278,57.98166],[15.64253,57.97992],[15.64509,57.97302],[15.65618,57.96773],[15.65958,57.95797],[15.65996,57.95464],[15.66525,57.95034],[15.67038,57.93296],[15.67777,57.92246],[15.68523,57.91529],[15.70114,57.90689],[15.72747,57.88392],[15.73578,57.87556],[15.74573,57.861],[15.74873,57.85504],[15.7453,57.84009],[15.74738,57.83295],[15.74995,57.8277],[15.75564,57.82316],[15.75471,57.79987],[15.76421,57.78579],[15.76784,57.76842],[15.7734,57.75769],[15.77517,57.73676],[15.78426,57.72554],[15.79209,57.71812],[15.802,57.70427],[15.80634,57.69973],[15.81686,57.69372],[15.84121,57.66789],[15.84155,57.66361],[15.8432,57.65813],[15.83994,57.65126],[15.82841,57.6511],[15.81596,57.64976],[15.80888,57.65004],[15.76927,57.64316],[15.76212,57.64035],[15.75493,57.63564],[15.74205,57.63381],[15.72921,57.6346],[15.72522,57.63439],[15.71589,57.63301],[15.70483,57.63426],[15.69912,57.63691],[15.693,57.64098],[15.68636,57.64173],[15.67083,57.64039],[15.66105,57.63902],[15.65081,57.63645],[15.64722,57.6341],[15.6357,57.63368],[15.62597,57.63515],[15.62242,57.63493],[15.61927,57.6321],[15.61879,57.62949],[15.61742,57.62759],[15.60098,57.62434],[15.59074,57.62154],[15.58715,57.61823],[15.56675,57.61666],[15.56101,57.61763],[15.55392,57.61743],[15.5335,57.6149],[15.52821,57.61611],[15.5238,57.61779],[15.51717,57.6183],[15.50171,57.62192],[15.49561,57.62242],[15.48319,57.62128],[15.47566,57.62107],[15.46548,57.62182],[15.45443,57.62377],[15.44385,57.62856],[15.43812,57.63048],[15.4178,57.63578],[15.41381,57.63603],[15.40582,57.63486],[15.39785,57.6356],[15.36949,57.63474],[15.35387,57.63336],[15.34279,57.63315],[15.33262,57.63508],[15.32377,57.63629],[15.31183,57.63917],[15.29943,57.63991],[15.28881,57.64184],[15.28127,57.64186],[15.27375,57.6433],[15.26489,57.64356],[15.2561,57.64286],[15.24501,57.64027],[15.23747,57.64028],[15.2047,57.64486],[15.19494,57.64344],[15.18785,57.64298],[15.17855,57.64394],[15.16482,57.6461],[15.15621,57.64492],[15.14866,57.64066],[15.14599,57.63804],[15.12959,57.63616],[15.11008,57.63285],[15.10609,57.63357],[15.09813,57.63785],[15.08572,57.63953],[15.08041,57.64191],[15.06756,57.64381],[15.05914,57.64596],[15.0494,57.65048],[15.04275,57.65072],[15.033,57.65025],[14.93792,57.72296],[14.93657,57.73318],[14.93389,57.73959],[14.92632,57.74767],[14.92497,57.75527],[14.92229,57.75836],[14.91251,57.76121],[14.90404,57.76809],[14.88667,57.7745],[14.88665,57.78115],[14.88063,57.78596],[14.87505,57.79249],[14.86835,57.79842],[14.86387,57.80495],[14.8633,57.8103],[14.85938,57.81535],[14.85988,57.82961],[14.86264,57.83644],[14.86088,57.85872],[14.86588,57.86467],[14.86809,57.86913],[14.87086,57.87299],[14.87753,57.87894],[14.8803,57.88518],[14.88085,57.88934],[14.88863,57.89737],[14.89808,57.90926],[14.90197,57.9155],[14.9081,57.91937],[14.91696,57.94997],[14.9175,57.95799],[14.91301,57.9672],[14.91298,57.97819],[14.91464,57.9871],[14.91854,57.99186],[14.92076,57.99988],[14.92523,58.00582],[14.9437,58.00346],[14.96944,58.00376],[14.99014,58.00792],[15.00973,58.01535],[15.02093,58.02337],[15.10205,58.11491]]]},"properties":{"objnamn":"Småländska höglandet","lan":"Östergötland, Jönköping, Kalmar","kommun":"Ydre, Kinda, Boxholm, Aneby, Nässjö, Eksjö, Tranås, Vimmerby","kategori":"Öppna områden av betydelse 3 kap 9 § första stycket MB","underkategori":"Lågflygningsområde med påverkansområde","typ":"Riksintresse"}},{"type":"Feature","geometry":{"type":"Polygon","coordinates":[[[13.11062,59.12908],[12.98261,62.23855],[14.71377,62.25291],[14.14177,59.21484],[13.11062,59.12908]]]},"properties":{"objnamn":"Värmland upp till Älvdalen","lan":"Värmland, Dalarna, Jämtland","kommun":"Kil, Torsby, Storfors, Hammarö, Munkfors, Forshaga, Grums, Sunne, Karlstad, Kristinehamn, Filipstad, Hagfors, Arvika, Säffle, Vansbro, Malung-Sälen, Leksand, Orsa, Älvdalen, Mora, Ludvika, Ljusdal, Härjedalen","kategori":"Öppna områden av betydelse 3 kap 9 § första stycket MB","underkategori":"Lågflygningsområde med påverkansområde","typ":"Riksintresse"}},{"type":"Feature","geometry":{"type":"Polygon","coordinates":[[[15.56198,55.90847],[15.64333,56.19444],[15.75806,56.245],[15.62722,56.43333],[15.55972,56.4333],[15.59361,56.60444],[15.1125,56.63333],[15.06361,56.43083],[14.88278,56.46667],[14.86833,56.36194],[15.05056,56.254],[15.05056,56.14899],[14.83583,56.15],[14.81368,55.97003],[14.75,56.15],[14.76667,56.26667],[14.66667,56.4],[15.0025,57.11778],[15.9275,56.97889],[15.84167,56.65833],[16.09139,56.38583],[16.04667,56.24972],[15.56361,55.90833],[15.56198,55.90847]]]},"properties":{"objnamn":"Norra Blekinge - Södra Småland","lan":"Blekinge, Kronoberg, Kalmar","kommun":"Olofström, Karlskrona, Ronneby, Karlshamn, Sölvesborg, Uppvidinge, Lessebo, Tingsryd, Växjö, Torsås, Emmaboda, Kalmar, Nybro","kategori":"Öppna områden av betydelse 3 kap 9 § första stycket MB","underkategori":"Lågflygningsområde med påverkansområde","typ":"Riksintresse"}},{"type":"Feature","geometry":{"type":"Polygon","coordinates":[[[22.10314,65.68908],[22.0498,65.68796],[22.01539,65.68483],[21.93216,65.70929],[21.78749,65.80304],[21.70302,65.875],[21.67646,65.86961],[21.6362,65.85955],[21.59563,65.84852],[21.55992,65.83778],[21.51581,65.82176],[21.47953,65.80758],[21.44788,65.79362],[21.41221,65.7756],[21.37163,65.75185],[21.34165,65.73258],[21.7494,65.61928],[21.77028,65.60417],[21.11222,65.56556],[20.9441,65.72578],[20.95998,65.73835],[20.97515,65.75538],[20.98402,65.7702],[20.9957,65.78432],[21.008,65.80144],[21.01592,65.81871],[21.02007,65.83188],[21.02385,65.8505],[21.02935,65.86301],[21.09556,65.91528],[21.01562,65.93393],[21.00929,65.94167],[21.00164,65.96882],[20.98283,65.99311],[20.96512,66.01358],[20.93947,66.03379],[20.90971,66.05595],[20.88274,66.07741],[20.84031,66.09634],[20.8015,66.11876],[20.74237,66.14175],[20.70496,66.15423],[20.66127,66.16528],[20.62943,66.17596],[20.58918,66.18446],[20.62059,66.19235],[20.71543,66.2184],[20.76502,66.23697],[20.79997,66.25197],[20.84631,66.27361],[20.88879,66.29561],[20.93232,66.3224],[20.9595,66.34731],[21.00667,66.38106],[21.02134,66.41282],[21.04611,66.47329],[21.05015,66.49251],[21.04869,66.51433],[21.03035,66.56172],[21.02099,66.58461],[21.00708,66.60524],[20.99012,66.62112],[20.97834,66.64248],[20.95797,66.6617],[20.93285,66.67784],[20.90197,66.69578],[20.86514,66.71471],[20.83772,66.7301],[20.79981,66.74421],[20.77605,66.75786],[20.73539,66.76882],[20.705,66.78024],[20.6663,66.79112],[20.6335,66.80099],[20.59461,66.80701],[20.55942,66.81533],[20.51231,66.82561],[20.47065,66.83249],[20.42673,66.83893],[20.37685,66.84468],[20.24029,66.8543],[20.17509,66.85612],[20.04703,66.85244],[19.98084,66.84848],[19.92538,66.84312],[19.88026,66.83945],[19.80657,66.82986],[19.77352,66.82465],[19.74172,66.81759],[19.71003,66.81113],[19.67979,66.80402],[19.65243,66.79563],[19.62009,66.78856],[19.55623,66.77137],[19.53684,66.76458],[19.51719,66.75598],[19.49451,66.74746],[19.47157,66.73712],[19.4517,66.72671],[19.43542,66.71984],[19.41727,66.71059],[18.57917,66.915],[19.82917,67.74861],[20.03889,67.85694],[20.07972,67.985],[20.39889,68.16194],[20.275,68.2125],[22.83278,68.2],[23.0925,66.91083],[23.22944,66.17222],[23.68694,65.86972],[22.76528,65.59528],[22.26763,65.88182],[22.26222,65.84889],[22.10314,65.68908]]]},"properties":{"objnamn":"Norrbotten","lan":"Norrbotten","kommun":"Jokkmokk, Överkalix, Kalix, Övertorneå, Pajala, Gällivare, Älvsbyn, Luleå, Piteå, Boden, Haparanda, Kiruna","kategori":"Öppna områden av betydelse 3 kap 9 § första stycket MB","underkategori":"Lågflygningsområde med påverkansområde","typ":"Riksintresse"}},{"type":"Feature","geometry":{"type":"Polygon","coordinates":[[[14.62372,62.06463],[14.60156,62.06876],[14.59714,62.068],[14.5874,62.06308],[14.55646,62.05853],[14.51163,62.05333],[14.46936,62.04664],[14.40265,62.04592],[14.35621,62.04438],[14.32017,62.04951],[14.29873,62.0576],[14.27354,62.06353],[14.26869,62.07562],[14.25795,62.07983],[14.2517,62.08693],[14.23477,62.09538],[14.21133,62.10152],[14.22196,62.11283],[14.2343,62.12425],[14.24639,62.13399],[14.25911,62.14289],[14.27351,62.15156],[14.28734,62.15862],[14.3016,62.16475],[14.31624,62.16992],[14.32867,62.17347],[14.34002,62.17608],[14.35148,62.17811],[14.36304,62.17957],[14.37594,62.18052],[14.38887,62.18074],[14.4018,62.18026],[14.41468,62.17905],[14.43131,62.18368],[14.44726,62.18638],[14.46341,62.18749],[14.47204,62.18742],[14.48066,62.18689],[14.49244,62.18541],[14.50513,62.18282],[14.51654,62.17956],[14.52868,62.17507],[14.53947,62.17011],[14.55079,62.16382],[14.56157,62.15664],[14.57174,62.14863],[14.58124,62.13983],[14.59,62.1303],[14.59798,62.1201],[14.60456,62.11022],[14.61089,62.09893],[14.61589,62.08816],[14.62042,62.07603],[14.62372,62.06463]]]},"properties":{"objnamn":"Sveg","lan":"Jämtland","kommun":"Härjedalen","kategori":"Öppna områden av betydelse 3 kap 9 § första stycket MB","underkategori":"Lågflygningsområde med påverkansområde","typ":"Riksintresse"}},{"type":"Feature","geometry":{"type":"Polygon","coordinates":[[[15.89227,59.39389],[15.88779,59.39357],[15.88499,59.39403],[15.88512,59.39546],[15.88828,59.40016],[15.88752,59.40364],[15.89603,59.40457],[15.8957,59.40777],[15.89878,59.40894],[15.90161,59.4061],[15.90662,59.40397],[15.91778,59.40195],[15.92043,59.40179],[15.92572,59.40251],[15.93122,59.40258],[15.93309,59.40122],[15.91908,59.39802],[15.89227,59.39389]]]},"properties":{"objnamn":"Centrallagret Arboga","lan":"Västmanland","kommun":"Arboga","kategori":"Påverkansområden","underkategori":"Påverkansområde för buller eller annan risk","typ":"Påverkansområde"}},{"type":"Feature","geometry":{"type":"Polygon","coordinates":[[[11.64729,58.41775],[11.65205,58.41954],[11.65186,58.42039],[11.65569,58.42129],[11.65911,58.42303],[11.66599,58.42732],[11.67752,58.43202],[11.68393,58.43213],[11.6887,58.43122],[11.69573,58.43163],[11.69933,58.42801],[11.69437,58.42754],[11.69368,58.42336],[11.69238,58.42207],[11.68584,58.41876],[11.68514,58.41692],[11.68177,58.41466],[11.68129,58.4133],[11.67766,58.41027],[11.68108,58.41029],[11.67319,58.39811],[11.66699,58.39901],[11.6616,58.39782],[11.6623,58.39557],[11.66383,58.39601],[11.66476,58.3951],[11.66328,58.39399],[11.66438,58.39337],[11.65877,58.39023],[11.654,58.38898],[11.6519,58.38719],[11.64308,58.38851],[11.64017,58.38771],[11.64172,58.38596],[11.63938,58.38476],[11.63705,58.38434],[11.63866,58.38408],[11.63951,58.38267],[11.64107,58.3818],[11.63896,58.38083],[11.63637,58.38118],[11.63551,58.38199],[11.63365,58.38122],[11.63251,58.38155],[11.63209,58.38258],[11.63062,58.38311],[11.63093,58.38412],[11.63189,58.38435],[11.6306,58.38551],[11.62971,58.39103],[11.62894,58.39191],[11.62723,58.39248],[11.61909,58.39324],[11.61434,58.39247],[11.60727,58.39273],[11.60267,58.3945],[11.59997,58.3961],[11.60497,58.39927],[11.60955,58.39842],[11.61913,58.3949],[11.62175,58.39645],[11.62076,58.40157],[11.62569,58.4094],[11.62953,58.41252],[11.63164,58.41219],[11.63282,58.41141],[11.64729,58.41775]]]},"properties":{"objnamn":"Örlogshamn Skredsvik samt övningsfält med skjutbana","lan":"Västra Götaland","kommun":"Uddevalla, Munkedal","kategori":"Påverkansområden","underkategori":"Påverkansområde för buller eller annan risk","typ":"Påverkansområde"}},{"type":"Feature","geometry":{"type":"Polygon","coordinates":[[[12.90683,57.69325],[12.91424,57.6927],[12.91602,57.69517],[12.91825,57.6953],[12.91844,57.69454],[12.91991,57.69451],[12.92386,57.68917],[12.92825,57.68601],[12.92854,57.68484],[12.91381,57.67757],[12.90748,57.67849],[12.90287,57.6822],[12.90678,57.68707],[12.9074,57.68956],[12.90683,57.69325]]]},"properties":{"objnamn":"Bråt övningsfält med skjutbanor","lan":"Västra Götaland","kommun":"Borås","kategori":"Öppna riksintressen 3 kap 9 § andra stycket MB","underkategori":"Riksintresse på land","typ":"Riksintresse"}},{"type":"Feature","geometry":{"type":"Polygon","coordinates":[[[12.90648,57.69326],[12.91424,57.6927],[12.91602,57.69517],[12.91825,57.6953],[12.91844,57.69454],[12.91991,57.69451],[12.92448,57.68858],[12.92826,57.686],[12.92853,57.68484],[12.91942,57.68034],[12.918,57.67887],[12.91499,57.67722],[12.90742,57.67829],[12.90043,57.68089],[12.9047,57.68591],[12.90658,57.69145],[12.90648,57.69326]]]},"properties":{"objnamn":"Bråt övningsfält med skjutbanor","lan":"Västra Götaland","kommun":"Borås","kategori":"Påverkansområden","underkategori":"Påverkansområde för buller eller annan risk","typ":"Påverkansområde"}},{"type":"Feature","geometry":{"type":"Polygon","coordinates":[[[18.24954,57.61407],[18.25216,57.61365],[18.26459,57.60398],[18.263,57.60252],[18.26009,57.60124],[18.25759,57.59852],[18.25784,57.5968],[18.26081,57.59587],[18.25814,57.5913],[18.26037,57.58803],[18.2585,57.58637],[18.26107,57.58395],[18.26063,57.56869],[18.25453,57.55986],[18.24795,57.5576],[18.24174,57.5533],[18.23808,57.54801],[18.23595,57.54343],[18.22436,57.53485],[18.22071,57.52851],[18.2217,57.52623],[18.2197,57.52416],[18.21819,57.52102],[18.21898,57.51719],[18.21768,57.51595],[18.21511,57.51514],[18.21158,57.51129],[18.20955,57.5073],[18.20759,57.50524],[18.20964,57.50272],[18.20894,57.50061],[18.20493,57.49446],[18.2014,57.4938],[18.1997,57.49268],[18.19928,57.49052],[18.19747,57.48897],[18.17283,57.47825],[18.16401,57.4759],[18.15477,57.47471],[18.14944,57.47427],[18.13911,57.47424],[18.13211,57.47198],[18.12062,57.46714],[18.12343,57.47677],[18.12889,57.48798],[18.1278,57.49072],[18.12463,57.49417],[18.12205,57.49636],[18.11625,57.49971],[18.11478,57.5012],[18.11175,57.50296],[18.11141,57.50441],[18.11217,57.5059],[18.10964,57.51294],[18.10997,57.51377],[18.10663,57.51365],[18.06715,57.50456],[17.85873,57.45951],[17.84903,57.47548],[17.84222,57.49418],[17.8396,57.50736],[17.83962,57.54212],[17.85608,57.58453],[17.90087,57.62785],[17.96317,57.66156],[18.02219,57.68153],[18.08143,57.69391],[18.16926,57.70021],[18.16815,57.60707],[18.16899,57.59069],[18.17661,57.58698],[18.17882,57.58849],[18.18572,57.59122],[18.19837,57.59911],[18.20129,57.60021],[18.21216,57.60019],[18.22298,57.60533],[18.2286,57.60733],[18.23715,57.60925],[18.24523,57.61197],[18.24954,57.61407]]]},"properties":{"objnamn":"Tofta skjutfält","lan":"Gotland","kommun":"Gotland","kategori":"Påverkansområden","underkategori":"Påverkansområde för buller eller annan risk","typ":"Påverkansområde"}},{"type":"Feature","geometry":{"type":"Polygon","coordinates":[[[14.83257,63.10421],[14.8299,63.10613],[14.84395,63.10993],[14.83478,63.11009],[14.82657,63.11305],[14.83343,63.1158],[14.83075,63.1175],[14.81062,63.11071],[14.80636,63.11361],[14.82832,63.12108],[14.84487,63.12452],[14.86843,63.13083],[14.86438,63.1468],[14.88892,63.15231],[14.92083,63.16551],[14.95633,63.15842],[14.96826,63.14858],[14.97015,63.14779],[15.01502,63.15681],[15.01673,63.15488],[15.00674,63.15292],[15.01083,63.14867],[15.02074,63.15061],[15.02378,63.15486],[15.0291,63.1526],[14.99885,63.1366],[15.03788,63.12093],[15.04986,63.11382],[15.04962,63.1097],[15.04216,63.11468],[15.04091,63.11336],[14.94502,63.11187],[14.94068,63.11379],[14.8897,63.11604],[14.87113,63.11153],[14.86894,63.11328],[14.83257,63.10421]]]},"properties":{"objnamn":"Grytans skjutfält","lan":"Jämtland","kommun":"Östersund","kategori":"Öppna riksintressen 3 kap 9 § andra stycket MB","underkategori":"Riksintresse på land","typ":"Riksintresse"}},{"type":"Feature","geometry":{"type":"Polygon","coordinates":[[[14.83228,63.10414],[14.8299,63.10613],[14.84395,63.10993],[14.83478,63.11009],[14.82657,63.11305],[14.83343,63.1158],[14.83075,63.1175],[14.81062,63.11071],[14.80636,63.11361],[14.82832,63.12108],[14.84487,63.12452],[14.86843,63.13083],[14.86438,63.1468],[14.88892,63.15231],[14.92083,63.16551],[14.95633,63.15842],[14.96826,63.14858],[14.97015,63.14779],[15.01502,63.15681],[15.01673,63.15488],[15.00674,63.15292],[15.01083,63.14867],[15.02074,63.15061],[15.02378,63.15486],[15.0291,63.1526],[14.99885,63.1366],[15.03788,63.12093],[15.04986,63.11382],[15.04962,63.1097],[15.04216,63.11468],[15.04091,63.11336],[14.94502,63.11187],[14.94068,63.11379],[14.8897,63.11604],[14.87113,63.11153],[14.86894,63.11328],[14.83228,63.10414]]]},"properties":{"objnamn":"Grytans skjutfält","lan":"Jämtland","kommun":"Östersund","kategori":"Påverkansområden","underkategori":"Påverkansområde för buller eller annan risk","typ":"Påverkansområde"}},{"type":"Feature","geometry":{"type":"Polygon","coordinates":[[[15.47888,58.60861],[15.47742,58.60839],[15.47783,58.60786],[15.47693,58.60708],[15.47777,58.60513],[15.47583,58.60466],[15.47036,58.60098],[15.46526,58.59982],[15.461,58.59692],[15.46175,58.59484],[15.46106,58.59369],[15.46268,58.59101],[15.46073,58.58761],[15.4618,58.58435],[15.45782,58.58184],[15.45743,58.57963],[15.46051,58.57919],[15.46326,58.5805],[15.45921,58.57799],[15.45726,58.57793],[15.45533,58.57726],[15.44905,58.57702],[15.44841,58.57583],[15.45114,58.57309],[15.45101,58.57185],[15.44601,58.5716],[15.44211,58.57221],[15.43726,58.57459],[15.43186,58.57474],[15.42972,58.57435],[15.42867,58.57586],[15.42744,58.57573],[15.42626,58.57921],[15.42473,58.5797],[15.42219,58.57866],[15.42139,58.57679],[15.41507,58.57744],[15.41409,58.5771],[15.41283,58.57512],[15.40998,58.57517],[15.40553,58.57448],[15.39835,58.57177],[15.39484,58.57438],[15.39281,58.57365],[15.38518,58.57426],[15.38389,58.57636],[15.37955,58.57616],[15.37213,58.57993],[15.37056,58.58151],[15.37116,58.58251],[15.36829,58.584],[15.36878,58.58458],[15.36569,58.58535],[15.36355,58.58487],[15.35974,58.58278],[15.34296,58.58534],[15.31239,58.58705],[15.32039,58.5996],[15.3229,58.60207],[15.32502,58.60315],[15.32644,58.60508],[15.3289,58.60592],[15.33193,58.61056],[15.33228,58.61312],[15.33073,58.6168],[15.329,58.6182],[15.32895,58.62018],[15.32624,58.6236],[15.32625,58.62435],[15.32422,58.62554],[15.32548,58.62726],[15.32048,58.62832],[15.31783,58.62582],[15.31516,58.62434],[15.31479,58.62375],[15.32017,58.62249],[15.32122,58.62312],[15.32359,58.62246],[15.31843,58.61745],[15.30617,58.62037],[15.3114,58.62409],[15.30811,58.6231],[15.30742,58.62437],[15.31371,58.62883],[15.3114,58.63041],[15.30987,58.6305],[15.31212,58.63211],[15.31159,58.63233],[15.31198,58.63348],[15.31262,58.63351],[15.3124,58.63396],[15.3097,58.63353],[15.30962,58.63802],[15.30856,58.63917],[15.30527,58.64037],[15.30407,58.64136],[15.30566,58.64564],[15.30515,58.64917],[15.30884,58.65355],[15.32104,58.65535],[15.31788,58.65905],[15.32189,58.65892],[15.32327,58.66089],[15.32656,58.66038],[15.32971,58.66045],[15.34212,58.65939],[15.35007,58.65788],[15.34969,58.65945],[15.35019,58.66092],[15.34848,58.66194],[15.34887,58.66402],[15.34827,58.66458],[15.34686,58.66434],[15.34638,58.6646],[15.34744,58.66675],[15.35172,58.6685],[15.35194,58.6694],[15.35298,58.66919],[15.35454,58.66994],[15.35352,58.67038],[15.35433,58.67109],[15.35561,58.67112],[15.36004,58.673],[15.35446,58.67376],[15.34423,58.67204],[15.33519,58.67291],[15.33505,58.67385],[15.33584,58.67386],[15.33582,58.67456],[15.33495,58.67456],[15.33469,58.67545],[15.33715,58.67536],[15.34012,58.6764],[15.34197,58.67793],[15.34263,58.67954],[15.34664,58.68163],[15.35012,58.68847],[15.3594,58.68889],[15.36018,58.68978],[15.36198,58.68932],[15.36219,58.68855],[15.36801,58.68906],[15.37067,58.68884],[15.37315,58.68806],[15.37498,58.68847],[15.37609,58.68788],[15.37721,58.688],[15.37965,58.68934],[15.38348,58.68927],[15.38597,58.68977],[15.3929,58.68966],[15.39563,58.68882],[15.3968,58.68888],[15.39821,58.68932],[15.40133,58.69146],[15.40139,58.69209],[15.39994,58.69362],[15.4002,58.69471],[15.40305,58.6958],[15.40428,58.69719],[15.40579,58.69752],[15.40489,58.6964],[15.40545,58.69507],[15.40387,58.68972],[15.40594,58.68721],[15.40583,58.6859],[15.40691,58.68436],[15.41024,58.68142],[15.41325,58.67995],[15.41363,58.67901],[15.41201,58.6783],[15.41129,58.67704],[15.41305,58.67684],[15.40968,58.67159],[15.41011,58.67118],[15.40945,58.67127],[15.40645,58.6671],[15.40638,58.66529],[15.4317,58.64504],[15.43478,58.64674],[15.43598,58.64589],[15.43703,58.64409],[15.43723,58.64431],[15.43854,58.64361],[15.43942,58.64548],[15.44206,58.6484],[15.45463,58.63594],[15.45575,58.63314],[15.45031,58.63503],[15.45077,58.63292],[15.45194,58.63138],[15.45357,58.63055],[15.45412,58.62927],[15.4595,58.6242],[15.46068,58.62408],[15.4732,58.61451],[15.47888,58.60861]]]},"properties":{"objnamn":"Prästtomta skjutfält","lan":"Östergötland","kommun":"Linköping, Motala","kategori":"Öppna riksintressen 3 kap 9 § andra stycket MB","underkategori":"Riksintresse på land","typ":"Riksintresse"}},{"type":"Feature","geometry":{"type":"Polygon","coordinates":[[[15.52451,58.59424],[15.51973,58.59145],[15.51889,58.59163],[15.51802,58.59109],[15.51458,58.59067],[15.51288,58.58978],[15.50858,58.58896],[15.50602,58.58896],[15.50515,58.58822],[15.50429,58.58814],[15.5017,58.58895],[15.49999,58.58845],[15.49828,58.58895],[15.49656,58.58875],[15.49508,58.58766],[15.49666,58.58723],[15.49608,58.58677],[15.49744,58.58487],[15.49572,58.58482],[15.48973,58.58336],[15.48715,58.58334],[15.48685,58.58451],[15.48542,58.58487],[15.48283,58.58437],[15.48193,58.58359],[15.48094,58.58405],[15.48071,58.58493],[15.47872,58.58583],[15.47757,58.58731],[15.475,58.58591],[15.46952,58.58471],[15.46487,58.58078],[15.46929,58.57509],[15.46584,58.57421],[15.46771,58.56706],[15.45876,58.56876],[15.45141,58.5718],[15.44429,58.57056],[15.43656,58.57023],[15.43401,58.56966],[15.42883,58.5702],[15.42711,58.57006],[15.41852,58.57154],[15.41249,58.57427],[15.41138,58.5744],[15.40429,58.57333],[15.40282,58.57037],[15.40063,58.56832],[15.39499,58.56527],[15.3916,58.56408],[15.38431,58.56262],[15.37521,58.56137],[15.37337,58.56162],[15.37213,58.56243],[15.37082,58.56262],[15.36487,58.56708],[15.36271,58.56806],[15.36181,58.56999],[15.35925,58.56984],[15.35732,58.57021],[15.35751,58.57133],[15.35428,58.57244],[15.35611,58.57379],[15.35474,58.57468],[15.35439,58.57603],[15.35313,58.57676],[15.34737,58.57785],[15.34279,58.58343],[15.34045,58.58534],[15.31239,58.58705],[15.34045,58.58534],[15.3124,58.58706],[15.30744,58.5909],[15.30385,58.59746],[15.30331,58.60128],[15.30396,58.6054],[15.2951,58.60856],[15.29292,58.61017],[15.29101,58.6127],[15.29152,58.61773],[15.28178,58.62094],[15.27369,58.61841],[15.26823,58.62064],[15.26148,58.62412],[15.26409,58.62906],[15.25816,58.63093],[15.25912,58.63446],[15.26034,58.63542],[15.25893,58.63636],[15.26032,58.63682],[15.26137,58.63802],[15.2582,58.63805],[15.25818,58.63939],[15.25705,58.64028],[15.25717,58.64118],[15.259,58.6421],[15.2593,58.64285],[15.26014,58.6427],[15.26872,58.64584],[15.27446,58.64553],[15.28215,58.6476],[15.28468,58.65079],[15.28995,58.65009],[15.2926,58.65256],[15.29407,58.65497],[15.2934,58.6567],[15.29468,58.65705],[15.29587,58.65666],[15.29829,58.66031],[15.29762,58.66243],[15.29656,58.66289],[15.29655,58.66379],[15.29532,58.66424],[15.29567,58.66603],[15.29468,58.66648],[15.29441,58.66738],[15.29477,58.67008],[15.29376,58.67097],[15.29827,58.67318],[15.29774,58.67413],[15.29811,58.67503],[15.29712,58.67546],[15.29687,58.67636],[15.29719,58.6804],[15.29836,58.68049],[15.29898,58.68131],[15.29717,58.68176],[15.29716,58.6822],[15.29918,58.68231],[15.29977,58.68311],[15.29915,58.68386],[15.29675,58.684],[15.29721,58.68444],[15.29685,58.68669],[15.29802,58.68803],[15.29766,58.68938],[15.2989,58.69028],[15.29851,58.69118],[15.30023,58.69298],[15.30019,58.69434],[15.30213,58.69523],[15.30188,58.69569],[15.30505,58.69474],[15.31459,58.69074],[15.31631,58.69091],[15.31715,58.69165],[15.31975,58.69149],[15.32145,58.692],[15.32318,58.69197],[15.32406,58.69149],[15.32579,58.69166],[15.32752,58.69136],[15.33183,58.69142],[15.33527,58.69206],[15.33873,58.69112],[15.34218,58.69107],[15.34423,58.69225],[15.3459,58.69496],[15.34478,58.69675],[15.34509,58.69765],[15.35018,58.7026],[15.3503,58.7044],[15.35201,58.7053],[15.35178,58.70574],[15.35919,58.70927],[15.36264,58.70904],[15.3635,58.7097],[15.36608,58.71006],[15.36949,58.71186],[15.37122,58.71194],[15.37295,58.71132],[15.37383,58.71149],[15.37556,58.71106],[15.38074,58.70914],[15.38246,58.70928],[15.38419,58.70883],[15.38595,58.70782],[15.38852,58.70749],[15.38941,58.70694],[15.39285,58.70784],[15.39543,58.7067],[15.3967,58.70455],[15.39807,58.70375],[15.39893,58.70394],[15.39979,58.70335],[15.40151,58.70312],[15.4024,58.70244],[15.40325,58.70262],[15.40392,58.70232],[15.40461,58.69964],[15.40813,58.69731],[15.41122,58.69733],[15.41468,58.6968],[15.41726,58.69692],[15.4196,58.6955],[15.43125,58.69212],[15.43314,58.69074],[15.43699,58.68966],[15.442,58.6865],[15.44024,58.68353],[15.44018,58.67777],[15.43879,58.67455],[15.43753,58.67367],[15.43764,58.67279],[15.43611,58.67085],[15.43392,58.66912],[15.43534,58.66735],[15.43875,58.66553],[15.44404,58.66442],[15.44878,58.66265],[15.4533,58.66175],[15.46194,58.66157],[15.46904,58.66076],[15.48451,58.66271],[15.49293,58.65857],[15.49877,58.65185],[15.49654,58.64989],[15.50631,58.64233],[15.50693,58.63848],[15.50273,58.63389],[15.50116,58.63361],[15.50124,58.62703],[15.50206,58.62658],[15.50131,58.62478],[15.50831,58.62445],[15.51155,58.62265],[15.51073,58.62147],[15.51599,58.62029],[15.51961,58.61877],[15.52951,58.61189],[15.53065,58.60936],[15.52999,58.60633],[15.53319,58.60554],[15.53597,58.60282],[15.53545,58.60119],[15.53308,58.59889],[15.52451,58.59424]]]},"properties":{"objnamn":"Prästtomta skjutfält","lan":"Östergötland","kommun":"Motala, Linköping, Finspång","kategori":"Påverkansområden","underkategori":"Påverkansområde för buller eller annan risk","typ":"Påverkansområde"}},{"type":"Feature","geometry":{"type":"MultiPolygon","coordinates":[[[[20.25801,63.84145],[20.26248,63.84131],[20.26278,63.83967],[20.26218,63.83965],[20.26225,63.83863],[20.25557,63.83731],[20.25725,63.83656],[20.25588,63.83581],[20.2539,63.83683],[20.25269,63.83662],[20.25342,63.83687],[20.25158,63.83743],[20.24993,63.83951],[20.2493,63.83969],[20.24904,63.83936],[20.24721,63.83981],[20.24727,63.84239],[20.23458,63.85162],[20.23302,63.85426],[20.23503,63.85539],[20.23896,63.8562],[20.2511,63.85656],[20.25776,63.84981],[20.2586,63.84484],[20.25801,63.84145]]],[[[20.29486,63.91091],[20.29952,63.90259],[20.3013,63.90255],[20.29887,63.90024],[20.30063,63.89924],[20.30138,63.89672],[20.30388,63.89501],[20.30896,63.88871],[20.30661,63.88415],[20.30606,63.87692],[20.3023,63.87123],[20.29266,63.87396],[20.25685,63.87648],[20.22498,63.8716],[20.22404,63.87396],[20.21693,63.87903],[20.21079,63.88431],[20.21258,63.88707],[20.21164,63.88856],[20.20164,63.89235],[20.20714,63.89919],[20.21048,63.90143],[20.21479,63.90309],[20.21687,63.90454],[20.25612,63.915],[20.29205,63.91596],[20.29486,63.91091]]]]},"properties":{"objnamn":"Umeå garnisons övnings- och skjutfält samt närövningsfält med skjutbanor","lan":"Västerbotten","kommun":"Umeå","kategori":"Öppna riksintressen 3 kap 9 § andra stycket MB","underkategori":"Riksintresse på land","typ":"Riksintresse"}},{"type":"Feature","geometry":{"type":"Polygon","coordinates":[[[11.86989,58.4247],[11.86877,58.42748],[11.87067,58.43085],[11.86978,58.43666],[11.87153,58.44031],[11.87203,58.4442],[11.87099,58.4473],[11.87388,58.45189],[11.87637,58.45416],[11.88093,58.45249],[11.8841,58.45528],[11.8862,58.45832],[11.88972,58.46085],[11.89478,58.46941],[11.89566,58.46467],[11.89898,58.46331],[11.90738,58.46235],[11.91824,58.46205],[11.92641,58.46575],[11.92985,58.4658],[11.93535,58.47309],[11.93699,58.47845],[11.93907,58.48212],[11.94259,58.48255],[11.94831,58.47737],[11.95455,58.47815],[11.95431,58.48129],[11.95684,58.48175],[11.96285,58.47885],[11.96619,58.48031],[11.9684,58.48191],[11.97356,58.48007],[11.96997,58.47676],[11.9713,58.4754],[11.98692,58.47162],[11.98882,58.46996],[11.98903,58.468],[11.99299,58.46694],[11.99819,58.46616],[12.00964,58.47161],[12.01715,58.4737],[12.02155,58.47256],[12.02336,58.4732],[12.02534,58.46937],[12.0301,58.468],[12.03174,58.46633],[12.03527,58.4646],[12.0406,58.46569],[12.04304,58.46573],[12.04696,58.46697],[12.04865,58.46657],[12.04877,58.46023],[12.05063,58.45494],[12.04603,58.4505],[12.04225,58.44544],[12.03285,58.43959],[12.02896,58.43858],[12.02702,58.43988],[12.02174,58.44057],[12.01909,58.43829],[12.01995,58.43523],[12.01937,58.43222],[12.02002,58.42946],[12.01875,58.41831],[12.01561,58.4147],[11.99768,58.40397],[11.99232,58.40361],[11.98732,58.40174],[11.97209,58.39894],[11.95569,58.3975],[11.94477,58.39828],[11.93736,58.3974],[11.93493,58.39608],[11.92939,58.39579],[11.92524,58.39697],[11.92741,58.398],[11.92161,58.39874],[11.91633,58.40002],[11.91705,58.4069],[11.91642,58.4061],[11.90888,58.40156],[11.90796,58.40358],[11.90236,58.40696],[11.90277,58.40759],[11.87664,58.4155],[11.87814,58.41674],[11.87763,58.417],[11.878,58.41784],[11.88215,58.42206],[11.87856,58.42316],[11.86989,58.4247]]]},"properties":{"objnamn":"Sågebackens skjutfält och Säterbo övningsfält","lan":"Västra Götaland","kommun":"Uddevalla, Färgelanda, Munkedal","kategori":"Påverkansområden","underkategori":"Påverkansområde för buller eller annan risk","typ":"Påverkansområde"}},{"type":"Feature","geometry":{"type":"Polygon","coordinates":[[[15.5779,58.38885],[15.57484,58.38862],[15.57161,58.38905],[15.56897,58.39012],[15.56731,58.39168],[15.56695,58.39323],[15.5678,58.39491],[15.56983,58.39628],[15.5727,58.39712],[15.57531,58.39733],[15.57798,58.39708],[15.58039,58.39639],[15.58216,58.39537],[15.58333,58.39393],[15.58345,58.39237],[15.58251,58.39088],[15.58033,58.38936],[15.59551,58.37872],[15.58879,58.37674],[15.5779,58.38885]]]},"properties":{"objnamn":"FOI:s verksamhetsområde","lan":"Östergötland","kommun":"Linköping","kategori":"Påverkansområden","underkategori":"Påverkansområde för buller eller annan risk","typ":"Påverkansområde"}},{"type":"Feature","geometry":{"type":"Polygon","coordinates":[[[22.81585,65.11934],[22.81667,65.11941],[22.81687,65.01765],[22.7734,64.86194],[22.70131,64.73843],[22.55385,64.61953],[22.37654,64.53615],[22.20979,64.47041],[22.05269,64.42009],[21.88611,64.38371],[21.6825,64.35664],[21.41697,64.79964],[21.38263,64.7987],[21.33815,64.80117],[21.27385,64.80644],[21.30788,64.8898],[21.27518,64.89489],[21.26317,64.89771],[21.26303,64.90121],[21.25812,64.90604],[21.24916,64.90854],[21.24343,64.91771],[21.24507,64.91859],[21.24636,64.92096],[21.243,64.92181],[21.2365,64.92445],[21.23395,64.92834],[21.22576,64.93083],[21.21825,64.93651],[21.21989,64.94127],[21.22716,64.94318],[21.23448,64.94424],[21.23981,64.94673],[21.23686,64.95095],[21.23862,64.95275],[21.24092,64.95304],[21.24181,64.9538],[21.23628,64.9576],[21.24034,64.95835],[21.23881,64.95885],[21.24021,64.95926],[21.23956,64.95972],[21.24064,64.96014],[21.2404,64.96149],[21.24242,64.96231],[21.24213,64.96278],[21.23965,64.96331],[21.23922,64.96423],[21.24272,64.96546],[21.24213,64.96592],[21.24643,64.96666],[21.24598,64.96749],[21.24369,64.96856],[21.24779,64.97118],[21.24975,64.9715],[21.24938,64.97241],[21.25063,64.97281],[21.25074,64.97416],[21.25162,64.97435],[21.25577,64.97386],[21.25719,64.97437],[21.25543,64.97623],[21.25571,64.97668],[21.2546,64.97716],[21.25465,64.97806],[21.25624,64.97846],[21.25701,64.97995],[21.26002,64.97904],[21.26291,64.98001],[21.25963,64.98236],[21.25918,64.98329],[21.26324,64.98444],[21.26291,64.98675],[21.26355,64.98719],[21.26625,64.98709],[21.26667,64.98841],[21.26595,64.9898],[21.26757,64.99002],[21.2707,64.9897],[21.27311,64.99113],[21.27871,64.99253],[21.27953,64.9929],[21.27909,64.99335],[21.28104,64.99353],[21.28376,64.99318],[21.28047,64.9951],[21.28251,64.99593],[21.28076,64.99689],[21.28392,64.99677],[21.28472,64.99592],[21.28782,64.99512],[21.29523,64.99531],[21.29839,64.99517],[21.30041,64.99468],[21.30305,64.99563],[21.30565,64.99597],[21.30567,64.99687],[21.30853,64.99795],[21.31103,64.99803],[21.31275,64.99887],[21.31241,64.99978],[21.32102,65.00152],[21.32729,65.00131],[21.3285,65.00098],[21.32767,65.00056],[21.32817,65.00042],[21.33762,64.99985],[21.33876,65.00024],[21.34088,65.0002],[21.3432,65.00112],[21.34782,65.00117],[21.34697,65.0021],[21.34742,65.00252],[21.34513,65.00307],[21.34579,65.00336],[21.35412,65.00252],[21.35494,65.0036],[21.35653,65.0039],[21.36069,65.00346],[21.36145,65.0038],[21.36064,65.00473],[21.36253,65.00512],[21.36093,65.00562],[21.36436,65.00572],[21.36721,65.00718],[21.37301,65.00845],[21.37524,65.00848],[21.3783,65.01008],[21.38478,65.00997],[21.38961,65.0105],[21.40579,65.01789],[21.40752,65.01783],[21.41016,65.01623],[21.41619,65.01456],[21.42223,65.01637],[21.42382,65.01765],[21.42872,65.01847],[21.43605,65.0179],[21.4401,65.01696],[21.4466,65.0175],[21.45073,65.01689],[21.45403,65.01561],[21.45573,65.0154],[21.45724,65.01549],[21.45811,65.01659],[21.46508,65.01435],[21.47885,65.01407],[21.48427,65.01453],[21.48948,65.01401],[21.49326,65.01188],[21.49634,65.01129],[21.49854,65.01163],[21.50024,65.0125],[21.50105,65.01382],[21.49974,65.01523],[21.50279,65.0166],[21.50387,65.01666],[21.50782,65.01522],[21.5104,65.01616],[21.51033,65.01702],[21.5072,65.01728],[21.50675,65.01766],[21.5081,65.01941],[21.50815,65.02075],[21.50682,65.0217],[21.50783,65.02302],[21.51202,65.0224],[21.51531,65.02039],[21.5185,65.02039],[21.52159,65.0199],[21.52731,65.02177],[21.52835,65.02165],[21.53012,65.01997],[21.53132,65.02063],[21.53237,65.02057],[21.53415,65.01895],[21.53633,65.01916],[21.53919,65.01822],[21.53914,65.01737],[21.54026,65.01767],[21.54202,65.01726],[21.70596,65.04475],[21.72885,65.02102],[22.81585,65.11934]]]},"properties":{"objnamn":"Tåme skjutfält","lan":"Västerbotten","kommun":"Skellefteå, Luleå, Piteå","kategori":"Påverkansområden","underkategori":"Påverkansområde för buller eller annan risk","typ":"Påverkansområde"}},{"type":"Feature","geometry":{"type":"Polygon","coordinates":[[[14.80111,59.42572],[14.85606,59.45207],[14.90701,59.45332],[14.97579,59.45108],[14.99667,59.44221],[15.0,59.43996],[15.01041,59.41517],[14.99979,59.38925],[14.97872,59.37843],[14.95278,59.36683],[14.94758,59.3267],[14.93493,59.32482],[14.91478,59.30727],[14.91328,59.30647],[14.91408,59.3041],[14.92238,59.29896],[14.90301,59.28797],[14.87853,59.27892],[14.84256,59.26862],[14.81631,59.26469],[14.78743,59.25916],[14.76405,59.25782],[14.76789,59.24076],[14.76559,59.23617],[14.76862,59.22692],[14.76095,59.21236],[14.75498,59.2066],[14.73165,59.20947],[14.71911,59.20979],[14.69348,59.20782],[14.6742,59.2122],[14.66416,59.21554],[14.61235,59.22915],[14.59521,59.23583],[14.57853,59.24557],[14.57869,59.25156],[14.57075,59.25165],[14.56618,59.25587],[14.55529,59.27233],[14.55448,59.28667],[14.57279,59.30078],[14.57593,59.30409],[14.59373,59.3161],[14.59478,59.3174],[14.59381,59.32219],[14.59415,59.32342],[14.59797,59.3265],[14.60022,59.32956],[14.6017,59.33054],[14.60217,59.33261],[14.60349,59.33256],[14.60401,59.33579],[14.60545,59.33799],[14.61047,59.3404],[14.61339,59.34302],[14.62049,59.34394],[14.6301,59.34378],[14.63523,59.34985],[14.63874,59.35122],[14.6398,59.35554],[14.64601,59.36235],[14.65393,59.36832],[14.66469,59.3708],[14.71261,59.38554],[14.74112,59.39327],[14.76184,59.39964],[14.77077,59.39406],[14.79603,59.40218],[14.78894,59.41517],[14.80111,59.42572]]]},"properties":{"objnamn":"Villingsbergs skjutfält","lan":"Örebro","kommun":"Örebro, Lekeberg, Karlskoga","kategori":"Påverkansområden","underkategori":"Påverkansområde för buller eller annan risk","typ":"Påverkansområde"}},{"type":"Feature","geometry":{"type":"Polygon","coordinates":[[[17.80427,59.35625],[17.81522,59.35743],[17.81802,59.35675],[17.82357,59.35117],[17.84864,59.34888],[17.86255,59.34317],[17.87051,59.33913],[17.8747,59.33862],[17.87822,59.33659],[17.88333,59.33541],[17.8862,59.33418],[17.89335,59.32764],[17.8939,59.32221],[17.88845,59.31721],[17.89081,59.31178],[17.89534,59.30905],[17.88226,59.30522],[17.87575,59.3013],[17.86389,59.29885],[17.82188,59.30329],[17.80427,59.30913],[17.80017,59.31863],[17.78885,59.32564],[17.78808,59.3322],[17.78228,59.33709],[17.79021,59.3448],[17.79592,59.34883],[17.79656,59.35513],[17.80427,59.35625]]]},"properties":{"objnamn":"","lan":"Stockholm","kommun":"Ekerö, Stockholm","kategori":"Påverkansområden","underkategori":"Påverkansområde övrigt","typ":"Påverkansområde"}},{"type":"Feature","geometry":{"type":"MultiPolygon","coordinates":[[[[21.77282,65.78371],[21.7731,65.78254],[21.78281,65.78296],[21.78288,65.78264],[21.77894,65.7824],[21.794,65.77519],[21.80183,65.77618],[21.80606,65.77124],[21.81282,65.7721],[21.81398,65.77073],[21.78371,65.76719],[21.77665,65.76714],[21.76289,65.77684],[21.7756,65.77794],[21.76113,65.78486],[21.77091,65.78623],[21.77578,65.78391],[21.77282,65.78371]]],[[[21.858,65.818],[21.85955,65.81703],[21.86067,65.81741],[21.86689,65.81421],[21.86525,65.81402],[21.8662,65.81353],[21.8641,65.81243],[21.85116,65.81089],[21.84889,65.81237],[21.84587,65.81192],[21.84427,65.81292],[21.858,65.818]]],[[[21.80462,65.84885],[21.80645,65.84822],[21.80715,65.84859],[21.81349,65.84651],[21.81451,65.84718],[21.82089,65.84621],[21.82289,65.84432],[21.81564,65.84045],[21.79887,65.84572],[21.76977,65.84131],[21.76911,65.8438],[21.79435,65.84736],[21.78503,65.85003],[21.78099,65.85212],[21.78589,65.85477],[21.79251,65.85341],[21.79192,65.85294],[21.80521,65.8492],[21.80462,65.84885]]],[[[21.52636,65.95628],[21.56242,65.94794],[21.6074,65.95154],[21.63131,65.94743],[21.63583,65.94221],[21.61251,65.90134],[21.61632,65.89876],[21.61502,65.89288],[21.65226,65.89319],[21.65842,65.88987],[21.65868,65.88864],[21.66247,65.88579],[21.66894,65.88463],[21.67067,65.88195],[21.66652,65.88086],[21.66449,65.87311],[21.66904,65.87019],[21.67621,65.85939],[21.68906,65.84304],[21.68982,65.84171],[21.68879,65.83954],[21.69231,65.83546],[21.67551,65.83064],[21.66302,65.82827],[21.66226,65.82691],[21.66315,65.82581],[21.66531,65.82529],[21.66206,65.82264],[21.6577,65.82111],[21.66572,65.81866],[21.66732,65.81865],[21.66789,65.81839],[21.66686,65.81789],[21.67432,65.81505],[21.67404,65.81259],[21.67225,65.81155],[21.67214,65.80711],[21.66657,65.80179],[21.66835,65.80014],[21.67066,65.80003],[21.67417,65.79894],[21.67685,65.79714],[21.68544,65.79465],[21.6847,65.79187],[21.69023,65.78098],[21.68997,65.77891],[21.69108,65.77592],[21.6939,65.77352],[21.69883,65.76605],[21.69817,65.76429],[21.68166,65.75548],[21.65764,65.73318],[21.62847,65.70441],[21.54475,65.66521],[21.4942,65.65441],[21.41526,65.65626],[21.40448,65.65419],[21.3855,65.64744],[21.3554,65.63578],[21.34645,65.6395],[21.33098,65.64154],[21.30191,65.64314],[21.25808,65.6463],[21.2507,65.64783],[21.23042,65.66127],[21.2088,65.68069],[21.18616,65.68732],[21.17928,65.69897],[21.16969,65.70771],[21.16131,65.7169],[21.15883,65.73966],[21.1847,65.74765],[21.20991,65.75481],[21.24747,65.7789],[21.26883,65.79445],[21.27186,65.79901],[21.27095,65.80201],[21.25952,65.80899],[21.2609,65.81762],[21.26731,65.8294],[21.27778,65.83652],[21.28452,65.83903],[21.30352,65.84322],[21.3186,65.84723],[21.37794,65.84052],[21.39843,65.8394],[21.4076,65.84869],[21.41727,65.85244],[21.42594,65.85424],[21.44821,65.8496],[21.47325,65.84728],[21.48978,65.8376],[21.50328,65.83233],[21.50219,65.82937],[21.49855,65.79898],[21.51229,65.80065],[21.57794,65.80668],[21.60528,65.80966],[21.60809,65.81226],[21.61675,65.81513],[21.62451,65.81508],[21.62538,65.81447],[21.62996,65.81475],[21.63037,65.8153],[21.6287,65.8156],[21.62818,65.81763],[21.63221,65.81816],[21.63329,65.81869],[21.63033,65.82006],[21.62912,65.82012],[21.6269,65.82148],[21.63012,65.82296],[21.63069,65.82393],[21.62439,65.82733],[21.62443,65.82828],[21.62308,65.82939],[21.61417,65.83311],[21.61225,65.83474],[21.61276,65.83507],[21.60992,65.83888],[21.60631,65.84134],[21.59785,65.84568],[21.59857,65.8472],[21.5946,65.85138],[21.59947,65.85808],[21.6146,65.85926],[21.61526,65.86278],[21.58894,65.87097],[21.58034,65.86572],[21.53776,65.85432],[21.53029,65.85566],[21.51961,65.86115],[21.51105,65.86322],[21.49856,65.86348],[21.48469,65.85433],[21.4657,65.85849],[21.43674,65.86062],[21.42551,65.86227],[21.41709,65.86526],[21.40713,65.87739],[21.37852,65.89852],[21.37764,65.90273],[21.37782,65.9091],[21.38314,65.9215],[21.39154,65.93339],[21.40715,65.94855],[21.41371,65.95078],[21.42137,65.95614],[21.43545,65.95523],[21.45805,65.95521],[21.46756,65.95825],[21.47351,65.96164],[21.48522,65.9629],[21.50242,65.96311],[21.513,65.96146],[21.52636,65.95628]]]]},"properties":{"objnamn":"Bodenområdet","lan":"Norrbotten","kommun":"Boden, Älvsbyn, Piteå, Luleå","kategori":"Påverkansområden","underkategori":"Påverkansområde för buller eller annan risk","typ":"Påverkansområde"}},{"type":"Feature","geometry":{"type":"Polygon","coordinates":[[[17.80923,59.50045],[17.80271,59.50198],[17.79779,59.50384],[17.789,59.5051],[17.77676,59.50537],[17.76547,59.50736],[17.75548,59.51015],[17.74905,59.51328],[17.74442,59.51125],[17.73722,59.5105],[17.73534,59.50936],[17.73133,59.50996],[17.72695,59.51441],[17.71404,59.51696],[17.69773,59.52217],[17.69006,59.5262],[17.68172,59.52734],[17.68317,59.52881],[17.68278,59.53413],[17.68662,59.53682],[17.67765,59.53959],[17.67837,59.54559],[17.68044,59.55269],[17.68489,59.55565],[17.68472,59.55611],[17.67842,59.5603],[17.6759,59.56122],[17.67438,59.561],[17.67363,59.56237],[17.6724,59.56227],[17.66779,59.56342],[17.66567,59.56519],[17.66279,59.56901],[17.65575,59.57094],[17.6546,59.57049],[17.65081,59.57152],[17.64704,59.57194],[17.64797,59.57414],[17.65294,59.57892],[17.64955,59.58004],[17.63926,59.59178],[17.63636,59.60796],[17.63869,59.61055],[17.65159,59.60997],[17.66658,59.61025],[17.67085,59.60976],[17.67568,59.61056],[17.67619,59.61088],[17.67593,59.6131],[17.67696,59.61407],[17.68035,59.61542],[17.68664,59.61313],[17.69148,59.61381],[17.70607,59.60663],[17.72234,59.6049],[17.732,59.6002],[17.74108,59.60643],[17.74443,59.61141],[17.7464,59.61133],[17.74661,59.6131],[17.74797,59.61287],[17.74866,59.61366],[17.75244,59.61544],[17.75256,59.6187],[17.75393,59.62089],[17.7581,59.6205],[17.75885,59.62219],[17.76181,59.62255],[17.76708,59.6185],[17.77,59.6171],[17.77487,59.61779],[17.78521,59.61789],[17.79525,59.61563],[17.80192,59.61569],[17.80208,59.61497],[17.80595,59.6127],[17.809,59.61179],[17.80919,59.6115],[17.80608,59.61041],[17.80629,59.60995],[17.80891,59.60962],[17.81142,59.61026],[17.8139,59.60933],[17.8125,59.60877],[17.81361,59.60669],[17.81465,59.60627],[17.81581,59.60612],[17.81637,59.60663],[17.81536,59.60695],[17.81657,59.60773],[17.81822,59.60745],[17.81898,59.60774],[17.82057,59.6076],[17.82304,59.60855],[17.82726,59.60716],[17.84239,59.61144],[17.8467,59.61113],[17.8519,59.61024],[17.85497,59.61044],[17.86245,59.60735],[17.87084,59.60128],[17.86953,59.59995],[17.87018,59.59825],[17.86968,59.59737],[17.87053,59.59569],[17.8693,59.59469],[17.87057,59.59383],[17.87007,59.59317],[17.86888,59.59305],[17.86903,59.59244],[17.86856,59.59339],[17.86805,59.59327],[17.86718,59.59226],[17.86661,59.59226],[17.86707,59.59047],[17.85918,59.58924],[17.85891,59.58835],[17.85929,59.58735],[17.86054,59.58654],[17.86422,59.58714],[17.86598,59.5853],[17.86634,59.58096],[17.86212,59.57988],[17.85841,59.57672],[17.85599,59.57221],[17.86152,59.56703],[17.8631,59.55762],[17.85573,59.55428],[17.85509,59.54762],[17.85146,59.54083],[17.84496,59.53803],[17.84361,59.53538],[17.84225,59.53455],[17.84345,59.53284],[17.84225,59.53027],[17.84336,59.52814],[17.84315,59.52377],[17.8453,59.52109],[17.84824,59.51942],[17.85074,59.51907],[17.85136,59.51806],[17.85397,59.51644],[17.84975,59.51456],[17.84645,59.51406],[17.84648,59.51312],[17.84373,59.51251],[17.83722,59.51216],[17.82878,59.50924],[17.81795,59.5053],[17.81568,59.50268],[17.80923,59.50045]]]},"properties":{"objnamn":"Kungsängens övnings- och skjutfält/Rosersbergs övningsfält","lan":"Stockholm","kommun":"Upplands Bro, Sigtuna, Upplands Väsby","kategori":"Påverkansområden","underkategori":"Påverkansområde för buller eller annan risk","typ":"Påverkansområde"}},{"type":"Feature","geometry":{"type":"Polygon","coordinates":[[[17.68058,59.22796],[17.67612,59.22718],[17.66618,59.22732],[17.65639,59.22818],[17.65206,59.22985],[17.64477,59.23052],[17.64098,59.23283],[17.63922,59.23732],[17.6351,59.23638],[17.63582,59.23469],[17.63318,59.23381],[17.63123,59.23367],[17.62693,59.23898],[17.62674,59.24124],[17.62369,59.24551],[17.61931,59.24646],[17.61737,59.24787],[17.61528,59.24834],[17.61543,59.25291],[17.61778,59.25567],[17.61738,59.2568],[17.62326,59.25612],[17.63091,59.25679],[17.63377,59.25647],[17.63491,59.25584],[17.63914,59.25491],[17.64038,59.26295],[17.6348,59.26884],[17.63751,59.27156],[17.64237,59.27321],[17.64348,59.27619],[17.63263,59.27893],[17.63049,59.27725],[17.62879,59.277],[17.62745,59.27602],[17.62466,59.27621],[17.61784,59.27845],[17.61527,59.28068],[17.62552,59.29004],[17.64452,59.29411],[17.64776,59.29333],[17.64934,59.29121],[17.65864,59.2884],[17.66268,59.28751],[17.67157,59.28676],[17.68739,59.2836],[17.69661,59.28239],[17.70556,59.28025],[17.70236,59.27745],[17.70164,59.2751],[17.70235,59.27523],[17.70247,59.27453],[17.70498,59.2738],[17.7061,59.2739],[17.70613,59.27472],[17.71007,59.27415],[17.71004,59.2727],[17.71181,59.27263],[17.71501,59.2742],[17.71705,59.27411],[17.72158,59.27181],[17.72193,59.27114],[17.71808,59.27046],[17.7162,59.26845],[17.71774,59.26394],[17.71905,59.26309],[17.72135,59.26257],[17.72399,59.25475],[17.72409,59.24819],[17.72675,59.24582],[17.72587,59.24464],[17.72276,59.24362],[17.724,59.24184],[17.72348,59.24098],[17.71863,59.24049],[17.71056,59.23771],[17.70695,59.23985],[17.70368,59.24372],[17.69837,59.24666],[17.69106,59.24807],[17.68995,59.24916],[17.68769,59.24717],[17.68777,59.24544],[17.68704,59.245],[17.68934,59.24236],[17.68493,59.23929],[17.68496,59.23676],[17.68405,59.23398],[17.68058,59.22796]]]},"properties":{"objnamn":"Vällinge skjutfält","lan":"Stockholm","kommun":"Salem, Södertälje, Ekerö","kategori":"Påverkansområden","underkategori":"Påverkansområde för buller eller annan risk","typ":"Påverkansområde"}},{"type":"Feature","geometry":{"type":"Polygon","coordinates":[[[17.42312,60.46171],[17.42777,60.47269],[17.42121,60.47282],[17.42255,60.48119],[17.42243,60.4824],[17.42039,60.48484],[17.41694,60.48618],[17.39166,60.48813],[17.38675,60.49011],[17.38427,60.49346],[17.39,60.49754],[17.39059,60.49979],[17.38969,60.50608],[17.38761,60.50788],[17.38433,60.51456],[17.38448,60.51764],[17.39505,60.5321],[17.39637,60.53568],[17.40435,60.53839],[17.40729,60.54012],[17.41355,60.5423],[17.42139,60.54917],[17.42729,60.55236],[17.43141,60.55535],[17.43112,60.55839],[17.43592,60.55943],[17.43624,60.55977],[17.44092,60.56011],[17.44165,60.56151],[17.4449,60.56135],[17.4467,60.56019],[17.45061,60.55991],[17.45299,60.56117],[17.46169,60.56037],[17.46507,60.56339],[17.46708,60.56733],[17.47702,60.56652],[17.48176,60.56429],[17.48517,60.56186],[17.50104,60.56144],[17.51313,60.55629],[17.5263,60.55481],[17.53603,60.55512],[17.55047,60.55276],[17.56051,60.55067],[17.56858,60.54491],[17.57841,60.53891],[17.58161,60.533],[17.58121,60.52562],[17.57866,60.51935],[17.57839,60.50631],[17.57631,60.50047],[17.57389,60.49659],[17.56747,60.49189],[17.5532,60.48882],[17.54774,60.48563],[17.54238,60.48417],[17.52166,60.48379],[17.49523,60.48391],[17.48374,60.48319],[17.47493,60.48308],[17.46488,60.48344],[17.43396,60.46488],[17.42939,60.46272],[17.42312,60.46171]]]},"properties":{"objnamn":"Marma skjutfält","lan":"Uppsala","kommun":"Älvkarleby, Tierp","kategori":"Påverkansområden","underkategori":"Påverkansområde för buller eller annan risk","typ":"Påverkansområde"}},{"type":"Feature","geometry":{"type":"MultiPolygon","coordinates":[[[[17.60628,59.90762],[17.60916,59.90696],[17.61702,59.89045],[17.61717,59.88947],[17.61481,59.88927],[17.61558,59.88648],[17.61899,59.88568],[17.6156,59.88635],[17.6154,59.88507],[17.61222,59.88475],[17.60816,59.88351],[17.61198,59.88067],[17.60478,59.87668],[17.59636,59.88123],[17.58908,59.8828],[17.58063,59.88612],[17.57762,59.88691],[17.57485,59.8869],[17.57314,59.8875],[17.57011,59.88935],[17.56675,59.89039],[17.565,59.89146],[17.56384,59.89507],[17.56562,59.8959],[17.56951,59.89632],[17.57261,59.89812],[17.57029,59.89845],[17.57001,59.89892],[17.5757,59.9061],[17.57791,59.90596],[17.58314,59.90465],[17.58605,59.90781],[17.58934,59.9099],[17.59246,59.90862],[17.5987,59.90733],[17.60278,59.91009],[17.60464,59.90931],[17.60671,59.90903],[17.60628,59.90762]]],[[[17.60856,59.91191],[17.60724,59.91132],[17.6068,59.91226],[17.6127,59.91478],[17.61359,59.91414],[17.60856,59.91191]]]]},"properties":{"objnamn":"Uppsala flottiljflygplats","lan":"Uppsala","kommun":"Uppsala","kategori":"Öppna riksintressen 3 kap 9 § andra stycket MB","underkategori":"Riksintresse på land","typ":"Riksintresse"}},{"type":"Feature","geometry":{"type":"Polygon","coordinates":[[[15.46372,56.81882],[15.46187,56.82161],[15.46038,56.82539],[15.45855,56.82698],[15.44687,56.83154],[15.43658,56.83296],[15.43056,56.83431],[15.41793,56.8363],[15.41338,56.84177],[15.41573,56.85092],[15.40581,56.86077],[15.40885,56.87576],[15.40889,56.87862],[15.41542,56.88348],[15.42305,56.88549],[15.423,56.88968],[15.42516,56.89208],[15.4317,56.89469],[15.42984,56.89767],[15.43745,56.90208],[15.44141,56.90728],[15.44102,56.90987],[15.44247,56.91067],[15.44575,56.91028],[15.4505,56.9091],[15.45451,56.90951],[15.4607,56.90953],[15.46834,56.91074],[15.47454,56.91096],[15.48035,56.91277],[15.4869,56.91378],[15.50113,56.91262],[15.51096,56.91404],[15.52517,56.91447],[15.53317,56.91589],[15.54085,56.91311],[15.55036,56.90815],[15.55766,56.90591],[15.57409,56.90155],[15.57955,56.90053],[15.58868,56.89973],[15.59196,56.8972],[15.59707,56.89541],[15.6,56.89223],[15.6095,56.88786],[15.60988,56.88487],[15.6128,56.88248],[15.61573,56.8791],[15.61393,56.8769],[15.61285,56.87431],[15.60995,56.87131],[15.60417,56.86333],[15.6009,56.86093],[15.59546,56.85793],[15.59184,56.85434],[15.58822,56.85174],[15.58423,56.84994],[15.58535,56.84516],[15.58719,56.84097],[15.58576,56.83778],[15.57849,56.83577],[15.5738,56.83018],[15.568,56.82778],[15.56074,56.82577],[15.55493,56.82476],[15.55058,56.82256],[15.5506,56.81943],[15.54843,56.81763],[15.54152,56.81742],[15.53352,56.8182],[15.51608,56.81716],[15.5099,56.81735],[15.50115,56.81992],[15.4946,56.8213],[15.4917,56.8195],[15.48482,56.81729],[15.47682,56.81687],[15.46372,56.81882]]]},"properties":{"objnamn":"Kosta skjutfält","lan":"Kronoberg","kommun":"Lessebo, Uppvidinge, Nybro, Emmaboda","kategori":"Påverkansområden","underkategori":"Påverkansområde för buller eller annan risk","typ":"Påverkansområde"}},{"type":"Feature","geometry":{"type":"Polygon","coordinates":[[[18.3448,57.66798],[18.34272,57.66881],[18.34465,57.67007],[18.33963,57.67171],[18.34276,57.67316],[18.34157,57.67365],[18.34258,57.67635],[18.34383,57.67666],[18.34271,57.67721],[18.34392,57.67672],[18.34648,57.67853],[18.3532,57.67564],[18.35269,57.6753],[18.35829,57.67263],[18.35703,57.67184],[18.35589,57.67205],[18.35175,57.66631],[18.35021,57.66565],[18.3448,57.66798]]]},"properties":{"objnamn":"Visby flygplats","lan":"Gotland","kommun":"Gotland","kategori":"Öppna riksintressen 3 kap 9 § andra stycket MB","underkategori":"Riksintresse på land","typ":"Riksintresse"}},{"type":"Feature","geometry":{"type":"Polygon","coordinates":[[[15.57213,56.23846],[15.57372,56.24042],[15.57354,56.24146],[15.5745,56.24388],[15.57749,56.24598],[15.57974,56.24666],[15.58168,56.24895],[15.58487,56.24979],[15.5855,56.25145],[15.58522,56.25271],[15.58886,56.25414],[15.59984,56.25693],[15.60791,56.25769],[15.6124,56.25705],[15.61379,56.25738],[15.61449,56.2563],[15.61701,56.25645],[15.61692,56.2556],[15.61964,56.25511],[15.6194,56.25461],[15.62033,56.25447],[15.6205,56.25385],[15.62619,56.25108],[15.62927,56.24838],[15.6337,56.24354],[15.63453,56.24034],[15.6386,56.23948],[15.64002,56.23764],[15.63764,56.23708],[15.64551,56.23066],[15.64747,56.22593],[15.64693,56.2229],[15.64757,56.22099],[15.64667,56.21973],[15.6427,56.21966],[15.64242,56.21521],[15.64068,56.21483],[15.64249,56.21089],[15.6416,56.20617],[15.63318,56.20616],[15.63192,56.20427],[15.62379,56.2012],[15.62196,56.19995],[15.61382,56.20272],[15.60747,56.20375],[15.60484,56.20363],[15.60267,56.20789],[15.60144,56.20914],[15.60033,56.20906],[15.60043,56.20811],[15.59853,56.20718],[15.59634,56.20843],[15.59751,56.211],[15.59441,56.21236],[15.58819,56.21357],[15.58535,56.21365],[15.58524,56.21486],[15.58652,56.21761],[15.58464,56.21867],[15.58245,56.22329],[15.58334,56.22526],[15.58462,56.22631],[15.5843,56.22714],[15.58372,56.22762],[15.5809,56.22773],[15.57931,56.2284],[15.57864,56.23013],[15.57737,56.2303],[15.57523,56.23288],[15.57411,56.23492],[15.57416,56.23682],[15.5732,56.23808],[15.57213,56.23846]]]},"properties":{"objnamn":"Rosenholms övningsfält med skjutbanor","lan":"Blekinge","kommun":"Karlskrona","kategori":"Påverkansområden","underkategori":"Påverkansområde för buller eller annan risk","typ":"Påverkansområde"}},{"type":"Feature","geometry":{"type":"MultiPolygon","coordinates":[[[[15.59891,56.20725],[15.59634,56.20843],[15.59737,56.21079],[15.60117,56.20912],[15.60032,56.20906],[15.60043,56.20811],[15.59891,56.20725]]],[[[15.6156,56.24033],[15.61664,56.24007],[15.62205,56.23662],[15.6243,56.23453],[15.6254,56.23417],[15.62594,56.23223],[15.62758,56.23034],[15.62484,56.22724],[15.62232,56.22674],[15.62212,56.22285],[15.62372,56.22188],[15.62983,56.22167],[15.63134,56.22061],[15.63142,56.21806],[15.62654,56.21827],[15.62624,56.21714],[15.63231,56.21459],[15.62581,56.21205],[15.63307,56.20918],[15.63277,56.20823],[15.63191,56.2083],[15.63157,56.2072],[15.63243,56.20711],[15.63167,56.20588],[15.63115,56.2062],[15.62478,56.20679],[15.61751,56.20879],[15.61281,56.20967],[15.60887,56.20994],[15.60283,56.21135],[15.60184,56.21263],[15.60321,56.21452],[15.60378,56.21447],[15.60595,56.21586],[15.60647,56.21558],[15.60736,56.21608],[15.60949,56.2161],[15.61198,56.21682],[15.61191,56.21745],[15.60908,56.21953],[15.60497,56.22061],[15.60139,56.22247],[15.6034,56.22293],[15.60158,56.22469],[15.58712,56.22481],[15.58978,56.23658],[15.59095,56.23627],[15.60254,56.23798],[15.60738,56.23764],[15.60899,56.23862],[15.6098,56.23986],[15.61457,56.24026],[15.6145,56.24091],[15.6156,56.24033]]]]},"properties":{"objnamn":"Rosenholms övningsfält med skjutbanor","lan":"Blekinge","kommun":"Karlskrona","kategori":"Öppna riksintressen 3 kap 9 § andra stycket MB","underkategori":"Riksintresse på land","typ":"Riksintresse"}},{"type":"Feature","geometry":{"type":"Polygon","coordinates":[[[15.67626,56.14686],[15.6749,56.14448],[15.67303,56.14332],[15.6691,56.14209],[15.63316,56.14081],[15.60716,56.14638],[15.6056,56.1449],[15.60249,56.14329],[15.6,56.14312],[15.59835,56.14343],[15.59512,56.1449],[15.59821,56.14869],[15.59963,56.1497],[15.59846,56.14969],[15.59734,56.14926],[15.59281,56.14889],[15.59068,56.14764],[15.59027,56.14641],[15.58902,56.1465],[15.58557,56.1459],[15.58456,56.14361],[15.58579,56.14155],[15.58527,56.13907],[15.58221,56.1376],[15.58055,56.13741],[15.57821,56.13743],[15.57538,56.13853],[15.57051,56.13896],[15.56709,56.14092],[15.56533,56.14143],[15.55796,56.14228],[15.55489,56.14184],[15.55014,56.13817],[15.5462,56.13783],[15.5447,56.13805],[15.54024,56.14013],[15.54016,56.1453],[15.53828,56.14728],[15.54215,56.14893],[15.5463,56.15304],[15.5514,56.1549],[15.55205,56.15546],[15.55297,56.15307],[15.55856,56.15366],[15.56218,56.15363],[15.56279,56.15612],[15.56155,56.15756],[15.57059,56.15795],[15.56915,56.15919],[15.56954,56.161],[15.57379,56.16076],[15.57459,56.16124],[15.57615,56.16128],[15.57858,56.15993],[15.57891,56.15779],[15.58058,56.15769],[15.58056,56.15706],[15.58164,56.15726],[15.58167,56.15758],[15.58356,56.15756],[15.58374,56.1567],[15.58504,56.15663],[15.58509,56.15727],[15.58667,56.15722],[15.58723,56.15814],[15.59298,56.15781],[15.59342,56.15702],[15.60268,56.1571],[15.60191,56.16213],[15.60953,56.16234],[15.61085,56.16379],[15.61371,56.16348],[15.61379,56.16935],[15.61546,56.16959],[15.61726,56.16865],[15.61862,56.16842],[15.61927,56.16783],[15.62341,56.16173],[15.62547,56.15762],[15.63656,56.15545],[15.64048,56.15564],[15.64765,56.15204],[15.67626,56.14686]]]},"properties":{"objnamn":"Karlskrona örlogshamn","lan":"Blekinge","kommun":"Karlskrona","kategori":"Påverkansområden","underkategori":"Påverkansområde för buller eller annan risk","typ":"Påverkansområde"}},{"type":"Feature","geometry":{"type":"MultiPolygon","coordinates":[[[[15.25159,56.25583],[15.25116,56.25563],[15.25123,56.25613],[15.25177,56.2561],[15.25159,56.25583]]],[[[15.25104,56.25647],[15.25022,56.2564],[15.25026,56.25672],[15.25104,56.25647]]],[[[15.25112,56.25708],[15.25107,56.25674],[15.25043,56.25676],[15.25047,56.2571],[15.25112,56.25708]]],[[[15.27503,56.27718],[15.27685,56.27525],[15.27688,56.27416],[15.2802,56.27297],[15.28406,56.27258],[15.28413,56.27121],[15.283,56.27126],[15.28477,56.26948],[15.28362,56.26951],[15.28439,56.26912],[15.28381,56.2682],[15.28554,56.26817],[15.28614,56.26718],[15.2834,56.26719],[15.28027,56.26623],[15.28485,56.26613],[15.28483,56.2659],[15.28684,56.26609],[15.2872,56.26544],[15.28646,56.26307],[15.28763,56.26302],[15.28758,56.2627],[15.28616,56.26274],[15.28595,56.25995],[15.28663,56.25802],[15.28607,56.25661],[15.28545,56.25669],[15.28527,56.25625],[15.2859,56.25617],[15.28553,56.25525],[15.2827,56.25572],[15.28444,56.2554],[15.28422,56.25501],[15.28478,56.2549],[15.28501,56.25529],[15.28557,56.25519],[15.28445,56.25237],[15.28174,56.25267],[15.28138,56.25219],[15.2798,56.2532],[15.27666,56.25419],[15.27523,56.25243],[15.26853,56.25353],[15.26819,56.25252],[15.26135,56.25318],[15.25711,56.25249],[15.25799,56.25464],[15.26183,56.25428],[15.25533,56.25554],[15.25176,56.25582],[15.25209,56.25687],[15.252,56.25721],[15.25137,56.25722],[15.25099,56.25986],[15.25296,56.26024],[15.25292,56.26095],[15.2543,56.2618],[15.25313,56.26249],[15.25057,56.26136],[15.25031,56.26317],[15.25138,56.26334],[15.25156,56.26291],[15.25143,56.26378],[15.25023,56.26369],[15.2502,56.26393],[15.25229,56.26419],[15.25273,56.2653],[15.24984,56.26588],[15.25285,56.26533],[15.25315,56.26625],[15.25232,56.26641],[15.25198,56.26607],[15.25312,56.26759],[15.25193,56.26787],[15.25317,56.26764],[15.25431,56.26883],[15.25327,56.26915],[15.25735,56.2721],[15.25666,56.27696],[15.259,56.27893],[15.26329,56.27948],[15.26428,56.28421],[15.26314,56.283],[15.26199,56.28298],[15.26323,56.28473],[15.2644,56.28469],[15.26491,56.28796],[15.26765,56.28996],[15.2681,56.29405],[15.27419,56.2938],[15.27318,56.29243],[15.27471,56.29254],[15.2748,56.29313],[15.28713,56.29347],[15.29093,56.29401],[15.29405,56.29116],[15.29497,56.28827],[15.29357,56.2881],[15.29427,56.28697],[15.29575,56.28656],[15.29591,56.28487],[15.29764,56.28302],[15.29614,56.28175],[15.29439,56.27876],[15.29262,56.27738],[15.2877,56.2756],[15.2874,56.27482],[15.28646,56.27501],[15.28591,56.27467],[15.2852,56.27541],[15.2846,56.27498],[15.27503,56.27718]],[[15.25984,56.26778],[15.2617,56.26886],[15.25908,56.26923],[15.25847,56.26838],[15.25984,56.26778]],[[15.25388,56.26509],[15.25292,56.2641],[15.25346,56.26403],[15.25363,56.26439],[15.25429,56.26416],[15.25506,56.26484],[15.25388,56.26509]],[[15.25466,56.26436],[15.25391,56.26379],[15.25467,56.26331],[15.2532,56.26258],[15.25435,56.26183],[15.25729,56.26397],[15.25524,56.26483],[15.25466,56.26436]],[[15.28612,56.2642],[15.28594,56.2638],[15.28664,56.26376],[15.28682,56.26413],[15.28612,56.2642]],[[15.2586,56.26375],[15.25753,56.26417],[15.25557,56.26256],[15.2568,56.26196],[15.2586,56.26375]],[[15.25254,56.26273],[15.25158,56.26279],[15.25171,56.26197],[15.25296,56.26246],[15.25254,56.26273]],[[15.25387,56.26391],[15.2522,56.26413],[15.25229,56.2635],[15.25293,56.26338],[15.25387,56.26391]]]]},"properties":{"objnamn":"Ronneby flottiljflygplats","lan":"Blekinge","kommun":"Ronneby","kategori":"Öppna riksintressen 3 kap 9 § andra stycket MB","underkategori":"Riksintresse på land","typ":"Riksintresse"}},{"type":"Feature","geometry":{"type":"Polygon","coordinates":[[[13.50518,55.64145],[13.49232,55.64479],[13.45815,55.64763],[13.45301,55.64911],[13.44581,55.65212],[13.43859,55.6533],[13.43902,55.65553],[13.43792,55.65801],[13.43375,55.66318],[13.43434,55.6702],[13.42919,55.67057],[13.42452,55.67628],[13.42178,55.67652],[13.41839,55.68233],[13.41335,55.68548],[13.41283,55.68997],[13.41178,55.6931],[13.38999,55.70568],[13.39431,55.71096],[13.39714,55.71592],[13.39882,55.71663],[13.40726,55.73215],[13.41253,55.74024],[13.41905,55.73945],[13.41973,55.73667],[13.42209,55.73603],[13.42455,55.73446],[13.42648,55.73464],[13.43134,55.73431],[13.43537,55.73277],[13.43806,55.73583],[13.44624,55.73431],[13.44652,55.73499],[13.45288,55.734],[13.455,55.7347],[13.45802,55.7369],[13.4773,55.73869],[13.49084,55.73776],[13.49936,55.73614],[13.50407,55.7348],[13.51927,55.73413],[13.52807,55.7328],[13.53755,55.73023],[13.54155,55.72851],[13.54739,55.73124],[13.54508,55.73516],[13.55722,55.73691],[13.56392,55.73918],[13.57074,55.73962],[13.5779,55.73944],[13.58004,55.73885],[13.59136,55.73997],[13.59683,55.74012],[13.59684,55.73911],[13.60434,55.73826],[13.61446,55.73579],[13.61369,55.73465],[13.63141,55.73808],[13.63326,55.7173],[13.6303,55.70383],[13.63015,55.69272],[13.6256,55.69214],[13.60575,55.69092],[13.59906,55.69438],[13.59639,55.69443],[13.59344,55.69647],[13.58911,55.69637],[13.58497,55.69582],[13.58073,55.69716],[13.57103,55.68889],[13.56517,55.69595],[13.56018,55.69653],[13.55565,55.69763],[13.55337,55.69759],[13.55375,55.68542],[13.53744,55.67376],[13.53087,55.66999],[13.51752,55.66615],[13.51995,55.66359],[13.51749,55.6602],[13.5224,55.65292],[13.51635,55.64823],[13.50518,55.64145]]]},"properties":{"objnamn":"Revingeheds övningsfält med skjutbana","lan":"Skåne","kommun":"Lund, Eslöv, Sjöbo","kategori":"Påverkansområde","underkategori":"Påverkansområde för buller eller annan risk","typ":"Påverkansområde"}},{"type":"Feature","geometry":{"type":"Polygon","coordinates":[[[14.413,55.89635],[14.3646,55.89302],[14.33475,55.92729],[14.32846,55.9278],[14.31281,55.92688],[14.30979,55.92736],[14.30259,55.92719],[14.2968,55.92836],[14.29355,55.9305],[14.28261,55.96017],[14.27975,55.96053],[14.25972,55.96635],[14.26037,55.96726],[14.25998,55.96745],[14.26348,55.97176],[14.26737,55.9854],[14.26784,55.98566],[14.27032,55.98552],[14.2717,55.98623],[14.27167,55.98694],[14.27962,55.99051],[14.28178,55.99202],[14.28266,55.99427],[14.28309,55.99395],[14.28477,55.99389],[14.28445,55.99664],[14.28352,55.99666],[14.28359,55.99736],[14.28422,55.99762],[14.28359,55.99763],[14.28369,55.99899],[14.28718,56.01192],[14.28651,56.01412],[14.29947,56.01522],[14.29948,56.01707],[14.30474,56.01713],[14.3051,56.01418],[14.30762,56.01421],[14.30786,56.01375],[14.31066,56.01362],[14.31574,56.01366],[14.31802,56.01407],[14.31824,56.01164],[14.32414,56.0103],[14.32813,55.99929],[14.32746,55.99447],[14.31608,55.98629],[14.33186,55.98344],[14.33446,55.98807],[14.34019,55.98724],[14.33994,55.98676],[14.34332,55.98624],[14.34361,55.98677],[14.35367,55.98539],[14.37119,55.98453],[14.37838,55.98522],[14.38258,55.98075],[14.39824,55.97673],[14.40356,55.96549],[14.48573,55.96377],[14.48244,55.95138],[14.47462,55.93953],[14.46541,55.92975],[14.45151,55.91784],[14.43181,55.90497],[14.413,55.89635]]]},"properties":{"objnamn":"Rinkaby skjutfält","lan":"Skåne","kommun":"Kristianstad","kategori":"Påverkansområden","underkategori":"Påverkansområde för buller eller annan risk","typ":"Påverkansområde"}},{"type":"Feature","geometry":{"type":"Polygon","coordinates":[[[11.84766,57.67249],[11.84717,57.67999],[11.85181,57.68008],[11.85154,57.68035],[11.8537,57.68207],[11.85603,57.68306],[11.85899,57.68317],[11.86477,57.68201],[11.86683,57.68362],[11.87112,57.68457],[11.87421,57.68023],[11.8711,57.67936],[11.87105,57.67894],[11.86986,57.6787],[11.86928,57.67793],[11.86883,57.67817],[11.86812,57.67737],[11.86829,57.67597],[11.8715,57.67565],[11.87235,57.67513],[11.87114,57.67442],[11.87146,57.67329],[11.87022,57.67287],[11.86919,57.6719],[11.86764,57.67237],[11.868,57.6725],[11.8655,57.67404],[11.86423,57.67391],[11.86408,57.67421],[11.86005,57.67375],[11.85981,57.67517],[11.8557,57.67383],[11.85497,57.67399],[11.84766,57.67249]]]},"properties":{"objnamn":"Örlogshamn Göteborg och skjutbanor på Käringberget","lan":"Västra Götaland","kommun":"Göteborg","kategori":"Påverkansområden","underkategori":"Påverkansområde för buller eller annan risk","typ":"Påverkansområde"}},{"type":"Feature","geometry":{"type":"Polygon","coordinates":[[[20.28406,66.41123],[20.27525,66.4111],[20.26627,66.41402],[20.25405,66.42151],[20.24511,66.42871],[20.23463,66.42996],[20.22808,66.42786],[20.20757,66.42616],[20.1967,66.42789],[20.19025,66.43179],[20.18966,66.44199],[20.18867,66.44449],[20.17988,66.44997],[20.17109,66.45822],[20.15196,66.46456],[20.1368,66.45665],[20.12356,66.46147],[20.08756,66.48208],[20.06399,66.48324],[20.0643,66.48453],[20.06817,66.48625],[20.06758,66.48827],[20.06886,66.49097],[20.06883,66.49677],[20.08559,66.50247],[20.08026,66.50757],[20.06498,66.51446],[20.05271,66.52221],[20.0484,66.52776],[20.04357,66.52965],[20.032,66.52652],[20.00146,66.52746],[19.99093,66.52877],[19.97606,66.52885],[19.9652,66.53012],[19.95761,66.52899],[19.92316,66.53443],[19.90843,66.55017],[19.92411,66.55709],[19.93284,66.55935],[19.93434,66.56122],[19.94464,66.56856],[19.96154,66.5703],[19.97814,66.56799],[19.98302,66.56645],[19.98663,66.56684],[19.99333,66.57118],[19.99063,66.57309],[19.99667,66.57768],[20.00764,66.57891],[20.01229,66.57812],[20.01612,66.57535],[20.04166,66.56381],[20.06773,66.55958],[20.07561,66.5568],[20.13344,66.53045],[20.14909,66.53872],[20.1606,66.53483],[20.1796,66.53033],[20.20268,66.52404],[20.19867,66.52207],[20.18374,66.51848],[20.17903,66.51676],[20.1749,66.51379],[20.17301,66.5102],[20.20341,66.5074],[20.19746,66.49914],[20.19793,66.4993],[20.19853,66.49446],[20.21211,66.48962],[20.2214,66.48422],[20.22659,66.47988],[20.23919,66.47305],[20.24679,66.47026],[20.2722,66.46316],[20.28277,66.46105],[20.29234,66.45735],[20.2962,66.45362],[20.28464,66.44624],[20.27078,66.44331],[20.25827,66.44252],[20.25606,66.44078],[20.27105,66.43016],[20.27877,66.4228],[20.29295,66.4144],[20.28406,66.41123]]]},"properties":{"objnamn":"Jokkmokks flygbas","lan":"Norrbotten","kommun":"Jokkmokk","kategori":"Påverkansområden","underkategori":"Påverkansområde för buller eller annan risk","typ":"Påverkansområde"}},{"type":"Feature","geometry":{"type":"Polygon","coordinates":[[[20.16818,65.81564],[20.16397,65.81853],[20.16413,65.82144],[20.16769,65.82349],[20.17477,65.82475],[20.18541,65.82476],[20.19472,65.82618],[20.20466,65.83009],[20.20913,65.8341],[20.21001,65.83924],[20.19978,65.84573],[20.1935,65.84741],[20.18507,65.84822],[20.15985,65.85566],[20.14314,65.8613],[20.12375,65.85761],[20.11745,65.85814],[20.10734,65.85498],[20.07311,65.86556],[20.0717,65.86929],[20.06785,65.87058],[20.06124,65.871],[20.06204,65.87241],[20.05614,65.87513],[20.04746,65.87419],[20.04001,65.8709],[20.03899,65.86473],[20.04433,65.85773],[20.05265,65.85193],[20.05353,65.84979],[20.05251,65.84731],[20.04589,65.84543],[20.02547,65.84652],[20.00866,65.84903],[19.99921,65.85226],[19.9946,65.85562],[19.99063,65.85972],[19.98963,65.86348],[19.9934,65.88506],[19.99663,65.88911],[20.00427,65.89286],[20.00627,65.89706],[20.00179,65.90001],[19.99085,65.9022],[19.97265,65.90683],[19.95192,65.91153],[19.94133,65.9125],[19.93477,65.91355],[19.93313,65.91415],[19.92841,65.91473],[19.92735,65.91531],[19.91754,65.91676],[19.91584,65.91794],[19.91064,65.91873],[19.90689,65.91886],[19.90267,65.91954],[19.898,65.91948],[19.88625,65.9203],[19.87998,65.92028],[19.87964,65.91996],[19.87011,65.9194],[19.86335,65.92113],[19.85194,65.92166],[19.85001,65.92223],[19.85031,65.92291],[19.84948,65.92343],[19.84731,65.92392],[19.84797,65.9247],[19.84451,65.92504],[19.83256,65.9239],[19.82528,65.92205],[19.82329,65.92189],[19.81964,65.92247],[19.81778,65.9222],[19.8144,65.92288],[19.8084,65.92267],[19.80672,65.92298],[19.80579,65.92474],[19.88461,65.92951],[19.931,65.92305],[19.93264,65.92339],[19.94633,65.92198],[19.95234,65.92007],[19.9993,65.91884],[20.04043,65.94698],[20.0463,65.95357],[20.0498,65.95468],[20.05734,65.95469],[20.06472,65.95366],[20.0682,65.95139],[20.07268,65.94592],[20.07177,65.93869],[20.07837,65.92685],[20.08906,65.92327],[20.09299,65.91821],[20.09588,65.91066],[20.10231,65.91029],[20.10801,65.91141],[20.11141,65.91281],[20.1101,65.92008],[20.10465,65.93627],[20.10679,65.94349],[20.11147,65.94508],[20.11627,65.94412],[20.11969,65.93944],[20.1177,65.92761],[20.11759,65.92142],[20.11961,65.90897],[20.12475,65.90718],[20.15101,65.90144],[20.16387,65.90352],[20.18927,65.90234],[20.20948,65.90228],[20.2384,65.90144],[20.25935,65.90318],[20.28537,65.90266],[20.3024,65.89775],[20.31222,65.88999],[20.31476,65.88522],[20.31571,65.88009],[20.31476,65.8723],[20.31037,65.86551],[20.30277,65.86045],[20.30187,65.85883],[20.30281,65.85711],[20.30655,65.85552],[20.34891,65.84758],[20.36479,65.84379],[20.38361,65.83837],[20.39765,65.83217],[20.4307,65.82549],[20.478,65.81527],[20.48183,65.81239],[20.48187,65.80977],[20.48064,65.80698],[20.47362,65.80407],[20.46333,65.80383],[20.44918,65.80549],[20.40013,65.8166],[20.37848,65.82241],[20.36297,65.82425],[20.34489,65.82509],[20.32523,65.82753],[20.29495,65.8347],[20.28669,65.83567],[20.28044,65.831],[20.27095,65.82714],[20.26248,65.82202],[20.2543,65.81833],[20.24391,65.81656],[20.21966,65.81468],[20.20194,65.81416],[20.17311,65.81498],[20.16818,65.81564]]]},"properties":{"objnamn":"Vidsels flygbas","lan":"Norrbotten","kommun":"Arvidsjaur, Älvsbyn, Jokkmokk","kategori":"Påverkansområden","underkategori":"Påverkansområde för buller eller annan risk","typ":"Påverkansområde"}},{"type":"Feature","geometry":{"type":"Polygon","coordinates":[[[14.71035,59.47618],[14.72315,59.45625],[14.71102,59.43774],[14.70554,59.42291],[14.70636,59.41987],[14.70374,59.41551],[14.70217,59.41458],[14.70077,59.41267],[14.70178,59.40937],[14.70706,59.40477],[14.69142,59.396],[14.65751,59.38685],[14.63501,59.38554],[14.61228,59.38903],[14.58893,59.40225],[14.58504,59.40899],[14.58771,59.41047],[14.59409,59.41932],[14.59948,59.42351],[14.5996,59.42522],[14.60143,59.42797],[14.60138,59.42916],[14.60429,59.43308],[14.603,59.43426],[14.60137,59.43828],[14.6009,59.44346],[14.60456,59.45727],[14.60754,59.46009],[14.60775,59.46477],[14.61157,59.46772],[14.61475,59.47187],[14.61718,59.47304],[14.62604,59.48366],[14.62798,59.48869],[14.63304,59.49357],[14.65672,59.47175],[14.66825,59.4718],[14.67247,59.47669],[14.67281,59.46718],[14.71035,59.47618]]]},"properties":{"objnamn":"","lan":"Örebro","kommun":"Karlskoga, Nora","kategori":"Påverkansområden","underkategori":"Påverkansområde övrigt","typ":"Påverkansområde"}},{"type":"Feature","geometry":{"type":"Polygon","coordinates":[[[16.91957,63.01481],[16.94731,63.04545],[16.94935,63.04401],[16.95333,63.04427],[16.95776,63.04527],[16.96246,63.04761],[16.9699,63.04527],[16.97308,63.04648],[16.97664,63.04645],[16.97897,63.04719],[16.97965,63.04851],[16.98279,63.04849],[16.98634,63.0491],[16.98828,63.04907],[16.99111,63.04898],[16.99219,63.04822],[16.99068,63.047],[16.99291,63.04517],[16.99582,63.04468],[17.00258,63.04662],[17.00275,63.04806],[17.00139,63.04949],[17.0028,63.04985],[17.00555,63.05215],[17.00676,63.05235],[17.00861,63.05369],[17.00918,63.05495],[17.01111,63.05588],[17.01455,63.05503],[17.01636,63.05394],[17.01948,63.05346],[17.01907,63.05049],[17.01498,63.04896],[17.01421,63.04822],[17.01793,63.04689],[17.01779,63.04522],[17.0186,63.04429],[17.02169,63.04313],[17.0224,63.03999],[17.02525,63.03825],[17.02242,63.03562],[17.02191,63.03334],[17.02517,63.03123],[17.02744,63.03064],[17.02636,63.0296],[17.02835,63.0274],[17.0327,63.02641],[17.03287,63.02537],[17.03745,63.02504],[17.0382,63.02295],[17.03463,63.02241],[17.03103,63.0213],[17.02504,63.01822],[17.02395,63.01699],[17.02163,63.01663],[17.01623,63.01725],[17.01451,63.01612],[17.00964,63.01474],[17.00813,63.01342],[16.97652,63.00685],[16.96701,63.00418],[16.96323,63.00364],[16.94556,63.00587],[16.9398,63.00829],[16.93604,63.00823],[16.91957,63.01481]]]},"properties":{"objnamn":"","lan":"Västernorrland","kommun":"Sollefteå","kategori":"Påverkansområden","underkategori":"Påverkansområde övrigt","typ":"Påverkansområde"}},{"type":"Feature","geometry":{"type":"Polygon","coordinates":[[[18.15017,62.69587],[18.13716,62.6943],[18.12692,62.68459],[18.1173,62.68444],[18.09548,62.68253],[18.05972,62.68515],[18.03996,62.68761],[18.03595,62.69542],[18.03656,62.70099],[18.0309,62.70473],[18.03251,62.70874],[18.04003,62.71289],[18.03797,62.72127],[18.02841,62.72634],[18.02765,62.72966],[18.02264,62.72948],[18.02112,62.73002],[18.02097,62.73144],[18.02376,62.7321],[18.02901,62.73443],[18.02325,62.73829],[18.02153,62.74076],[18.02415,62.74083],[18.02641,62.75271],[18.02815,62.75274],[18.03092,62.75048],[18.03332,62.75209],[18.04349,62.75666],[18.0421,62.75772],[18.04545,62.75788],[18.05185,62.76028],[18.0634,62.75967],[18.07205,62.75878],[18.07723,62.75719],[18.08065,62.75516],[18.10067,62.75854],[18.12292,62.75645],[18.15364,62.75829],[18.166,62.74941],[18.16287,62.70736],[18.15017,62.69587]]]},"properties":{"objnamn":"","lan":"Västernorrland","kommun":"Härnösand","kategori":"Påverkansområden","underkategori":"Påverkansområde övrigt","typ":"Påverkansområde"}},{"type":"Feature","geometry":{"type":"Polygon","coordinates":[[[19.75798,63.74832],[19.7543,63.75038],[19.74629,63.75148],[19.72151,63.77322],[19.71626,63.77526],[19.71099,63.78017],[19.71226,63.78276],[19.71808,63.78726],[19.73419,63.79177],[19.74393,63.7916],[19.76514,63.79278],[19.78825,63.79616],[19.7951,63.79655],[19.80125,63.79601],[19.80744,63.79289],[19.80558,63.78483],[19.79802,63.77445],[19.80057,63.76948],[19.80294,63.76783],[19.80235,63.76597],[19.80297,63.76343],[19.79863,63.75808],[19.79839,63.75636],[19.79639,63.75483],[19.75798,63.74832]]]},"properties":{"objnamn":"","lan":"Västerbotten","kommun":"Umeå, Nordmaling","kategori":"Påverkansområden","underkategori":"Påverkansområde övrigt","typ":"Påverkansområde"}},{"type":"Feature","geometry":{"type":"Polygon","coordinates":[[[16.12157,58.59538],[16.11329,58.59566],[16.11103,58.59529],[16.11036,58.59643],[16.10905,58.59637],[16.09977,58.59837],[16.08717,58.60407],[16.08145,58.60982],[16.07534,58.61358],[16.06061,58.62547],[16.07956,58.63251],[16.10245,58.63424],[16.10591,58.634],[16.10911,58.63218],[16.11715,58.62585],[16.12013,58.62185],[16.12827,58.61503],[16.1337,58.61154],[16.134,58.61066],[16.12948,58.60679],[16.1256,58.6007],[16.12656,58.59757],[16.12157,58.59538]]]},"properties":{"objnamn":"","lan":"Östergötland","kommun":"Norrköping","kategori":"Påverkansområden","underkategori":"Påverkansområde övrigt","typ":"Påverkansområde"}},{"type":"Feature","geometry":{"type":"Polygon","coordinates":[[[14.1401,59.30379],[14.14346,59.31041],[14.14826,59.31266],[14.15024,59.31219],[14.15159,59.31382],[14.15771,59.31385],[14.15831,59.31446],[14.16666,59.31271],[14.19793,59.31054],[14.20767,59.31074],[14.21379,59.31135],[14.21354,59.306],[14.20232,59.30247],[14.20377,59.27702],[14.18758,59.27945],[14.19351,59.28159],[14.19408,59.28521],[14.19364,59.28591],[14.19189,59.28632],[14.17916,59.28318],[14.17908,59.28707],[14.17859,59.28736],[14.16729,59.28744],[14.16756,59.29495],[14.16184,59.29493],[14.14691,59.29375],[14.14394,59.30246],[14.14002,59.30136],[14.13912,59.30311],[14.1401,59.30379]]]},"properties":{"objnamn":"Kristinehamns garnison och Harbergets övningsfält med skjutbanor","lan":"Värmland","kommun":"Kristinehamn","kategori":"Öppna riksintressen 3 kap 9 § andra stycket MB","underkategori":"Riksintresse på land","typ":"Riksintresse"}},{"type":"Feature","geometry":{"type":"MultiPolygon","coordinates":[[[[17.71777,64.96784],[17.71616,64.96724],[17.71467,64.96733],[17.71257,64.96689],[17.71216,64.96648],[17.71367,64.96584],[17.7125,64.96492],[17.70963,64.96646],[17.71058,64.96739],[17.71546,64.96931],[17.71777,64.96784]]],[[[17.7113,64.97742],[17.71313,64.97626],[17.7104,64.97553],[17.70705,64.97701],[17.70384,64.9759],[17.70017,64.9785],[17.70656,64.98036],[17.7113,64.97742]]],[[[17.68825,64.97404],[17.68797,64.97315],[17.68656,64.9732],[17.68753,64.97083],[17.69381,64.96567],[17.70526,64.96961],[17.71,64.96566],[17.7144,64.96371],[17.73571,64.95707],[17.74893,64.95344],[17.73071,64.94382],[17.73425,64.941],[17.72545,64.94071],[17.72255,64.94131],[17.71862,64.94287],[17.71364,64.94347],[17.71199,64.9442],[17.71169,64.94617],[17.71,64.94672],[17.70744,64.94667],[17.70323,64.94735],[17.69669,64.9478],[17.67526,64.94739],[17.67085,64.94777],[17.65349,64.95164],[17.68603,64.96298],[17.68167,64.96654],[17.67422,64.97035],[17.676,64.97095],[17.67003,64.97562],[17.67276,64.97822],[17.67981,64.98127],[17.6808,64.9759],[17.68825,64.97404]]]]},"properties":{"objnamn":"Storumans flygplats","lan":"Västerbotten","kommun":"Storuman","kategori":"Öppna riksintressen 3 kap 9 § andra stycket MB","underkategori":"Riksintresse på land","typ":"Riksintresse"}},{"type":"Feature","geometry":{"type":"Polygon","coordinates":[[[18.68479,64.93994],[18.67608,64.90374],[18.66,64.868],[18.63671,64.83299],[18.60641,64.79897],[18.56936,64.7662],[18.52585,64.73491],[18.47623,64.70535],[18.42088,64.67773],[18.36023,64.65225],[18.29475,64.62911],[18.22491,64.60847],[18.15125,64.59048],[18.07431,64.57528],[17.99465,64.56298],[17.91286,64.55366],[17.82954,64.5474],[17.74529,64.54424],[17.66072,64.5442],[17.57645,64.54729],[17.49309,64.55348],[17.41125,64.56272],[17.33153,64.57496],[17.25451,64.59009],[17.18075,64.60802],[17.11081,64.6286],[17.04521,64.65169],[16.98443,64.67712],[16.92894,64.7047],[16.87918,64.73423],[16.83552,64.76548],[16.79831,64.79824],[16.76785,64.83224],[16.7444,64.86725],[16.72816,64.90298],[16.71929,64.93918],[16.71788,64.97557],[16.72397,65.01188],[16.73754,65.04782],[16.75852,65.08312],[16.78679,65.11751],[16.82214,65.15073],[16.86433,65.1825],[16.91306,65.2126],[16.96796,65.24078],[17.02863,65.26682],[17.0946,65.29052],[17.16536,65.31168],[17.24037,65.33015],[17.31905,65.34578],[17.40077,65.35844],[17.48488,65.36803],[17.57072,65.37447],[17.65761,65.37772],[17.74485,65.37775],[17.83175,65.37456],[17.91761,65.36817],[18.00176,65.35863],[18.08352,65.34603],[18.16224,65.33045],[18.23731,65.31204],[18.30815,65.29092],[18.3742,65.26727],[18.43495,65.24128],[18.48995,65.21314],[18.53879,65.18309],[18.5811,65.15135],[18.61657,65.11817],[18.64497,65.08381],[18.66609,65.04853],[18.67981,65.01261],[18.68605,64.97632],[18.68479,64.93994]]]},"properties":{"objnamn":"Storumans flygplats","lan":"Västerbotten","kommun":"Storuman, Vilhelmina, Malå, Lycksele, Sorsele","kategori":"Påverkansområden","underkategori":"MSA-område","typ":"Påverkansområde"}},{"type":"Feature","geometry":{"type":"Polygon","coordinates":[[[18.93101,57.93878],[18.94712,57.94375],[18.96389,57.94729],[18.98146,57.9495],[18.99945,57.95033],[19.01747,57.94975],[19.03514,57.94779],[19.05209,57.94448],[19.06804,57.93989],[19.02142,57.91381],[19.02235,57.91353],[19.02191,57.91319],[19.02289,57.91159],[19.02203,57.91041],[19.02346,57.90921],[19.02343,57.90863],[19.0256,57.90839],[19.02595,57.90873],[19.02769,57.90831],[19.02838,57.90752],[19.02432,57.90689],[19.02243,57.90287],[19.02229,57.90117],[19.0076,57.90036],[18.99507,57.89885],[18.98822,57.89641],[18.98495,57.89575],[18.95608,57.9122],[18.95773,57.91373],[18.96468,57.91429],[18.96511,57.91482],[18.96613,57.91502],[18.96836,57.91488],[18.96911,57.91354],[18.97204,57.91327],[18.97652,57.91389],[18.98163,57.91561],[18.93101,57.93878]]]},"properties":{"objnamn":"Trelge övnings- och skjutfält","lan":"Gotland","kommun":"Gotland","kategori":"Påverkansområden","underkategori":"Påverkansområde för buller eller annan risk","typ":"Påverkansområde"}},{"type":"Feature","geometry":{"type":"Polygon","coordinates":[[[15.57755,58.39352],[15.57763,58.3919],[15.5748,58.39165],[15.57256,58.39186],[15.57254,58.39228],[15.57085,58.3923],[15.57086,58.39334],[15.57294,58.39373],[15.57754,58.3938],[15.57755,58.39352]]]},"properties":{"objnamn":"FOI:s verksamhetsområde","lan":"Östergötland","kommun":"Linköping","kategori":"Öppna riksintressen 3 kap 9 § andra stycket MB","underkategori":"Riksintresse på land","typ":"Riksintresse"}},{"type":"Feature","geometry":{"type":"Polygon","coordinates":[[[19.00688,57.90295],[19.01027,57.90402],[19.0134,57.90587],[19.01179,57.90649],[19.01104,57.90624],[19.01066,57.9071],[18.99404,57.9029],[18.98568,57.90646],[18.98164,57.91561],[18.98375,57.91621],[18.98554,57.91552],[18.98571,57.91601],[18.98714,57.9165],[18.99016,57.91586],[18.99274,57.91611],[18.99945,57.91552],[19.00444,57.91562],[19.00541,57.91609],[19.00432,57.91747],[19.00655,57.92004],[19.00836,57.92118],[19.01007,57.92149],[19.0124,57.92083],[19.01454,57.91941],[19.01521,57.91804],[19.01506,57.9164],[19.01668,57.91449],[19.02021,57.91417],[19.0211,57.9144],[19.02121,57.91381],[19.02227,57.91363],[19.0218,57.91305],[19.02289,57.9115],[19.02199,57.91025],[19.02342,57.90927],[19.02353,57.90854],[19.0251,57.90812],[19.02622,57.90873],[19.02682,57.90811],[19.02769,57.90831],[19.0284,57.90755],[19.02427,57.90684],[19.02388,57.90496],[19.02259,57.90404],[19.0228,57.9026],[19.0219,57.90107],[19.0076,57.90036],[19.00688,57.90295]],[[19.01691,57.90697],[19.01776,57.90545],[19.01896,57.9055],[19.01972,57.90662],[19.01938,57.90713],[19.01858,57.90733],[19.01691,57.90697]]]},"properties":{"objnamn":"Trelge övnings- och skjutfält","lan":"Gotland","kommun":"Gotland","kategori":"Öppna riksintressen 3 kap 9 § andra stycket MB","underkategori":"Riksintresse på land","typ":"Riksintresse"}},{"type":"Feature","geometry":{"type":"Polygon","coordinates":[[[17.29695,63.15431],[17.29302,63.15386],[17.29257,63.14923],[17.28843,63.14951],[17.28836,63.14925],[17.29032,63.14722],[17.29266,63.14717],[17.30038,63.14594],[17.30142,63.14838],[17.30324,63.14789],[17.30334,63.14819],[17.29959,63.15275],[17.29673,63.15216],[17.29634,63.15361],[17.29786,63.15379],[17.29695,63.15431],[17.29781,63.15714],[17.30212,63.1566],[17.30793,63.15504],[17.31002,63.15502],[17.31058,63.15579],[17.31015,63.15678],[17.30684,63.15767],[17.30094,63.15817],[17.30061,63.15924],[17.31029,63.15923],[17.31354,63.1589],[17.31618,63.15821],[17.31587,63.15697],[17.32652,63.15396],[17.32739,63.15501],[17.32653,63.15537],[17.31583,63.1585],[17.32631,63.15564],[17.33231,63.15279],[17.33118,63.15175],[17.3333,63.12916],[17.33002,63.12915],[17.33037,63.12997],[17.32962,63.13013],[17.32959,63.12989],[17.32815,63.12994],[17.32812,63.12922],[17.32329,63.12863],[17.32311,63.12824],[17.32459,63.12774],[17.32322,63.12767],[17.32312,63.12614],[17.32127,63.12492],[17.32727,63.1248],[17.32967,63.12434],[17.33035,63.12477],[17.32852,63.12519],[17.32858,63.12591],[17.32957,63.12593],[17.33019,63.12644],[17.33305,63.12614],[17.33019,63.08543],[17.3483,63.08729],[17.33725,63.06534],[17.36407,63.07247],[17.36935,63.05785],[17.35344,63.04443],[17.3243,63.06218],[17.32168,63.06154],[17.34464,63.0471],[17.33257,63.04773],[17.31548,63.06002],[17.31064,63.05885],[17.32381,63.04835],[17.31171,63.04921],[17.32397,63.03644],[17.32205,63.03615],[17.32021,63.03648],[17.319,63.03623],[17.3177,63.03678],[17.30675,63.04953],[17.30471,63.04979],[17.30695,63.04671],[17.30498,63.04637],[17.30471,63.04685],[17.30285,63.04745],[17.30008,63.04636],[17.29767,63.04661],[17.29828,63.04743],[17.29754,63.04807],[17.29506,63.04871],[17.29404,63.04923],[17.29434,63.04976],[17.2926,63.05051],[17.28898,63.05161],[17.28742,63.05163],[17.28464,63.05058],[17.28232,63.05165],[17.28407,63.0521],[17.28291,63.05283],[17.28117,63.05233],[17.27993,63.05325],[17.27316,63.05194],[17.27116,63.05065],[17.26906,63.05064],[17.26909,63.04963],[17.26829,63.04908],[17.26425,63.04974],[17.26163,63.04915],[17.26117,63.04867],[17.26218,63.04824],[17.26322,63.04855],[17.26419,63.04821],[17.26469,63.04703],[17.26081,63.04747],[17.25801,63.04871],[17.2582,63.04939],[17.26097,63.04942],[17.26076,63.05001],[17.25925,63.05056],[17.24025,63.04553],[17.24623,63.07687],[17.25183,63.09674],[17.25263,63.09675],[17.25304,63.09731],[17.2522,63.09745],[17.25739,63.11483],[17.25223,63.11582],[17.25687,63.12921],[17.25736,63.12899],[17.26204,63.1303],[17.27103,63.15061],[17.27343,63.15023],[17.27328,63.14966],[17.2763,63.14768],[17.27856,63.15015],[17.28081,63.15012],[17.28234,63.14952],[17.2823,63.14831],[17.28485,63.14835],[17.28372,63.14573],[17.28508,63.14889],[17.28794,63.14851],[17.2896,63.15393],[17.29056,63.15393],[17.29047,63.15727],[17.29137,63.1581],[17.28995,63.1592],[17.29862,63.15946],[17.29686,63.15487],[17.29541,63.15705],[17.29418,63.15634],[17.29448,63.1558],[17.29526,63.15589],[17.29525,63.15441],[17.29695,63.15431]],[[17.27813,63.14812],[17.27846,63.14842],[17.2774,63.1486],[17.27656,63.14756],[17.27734,63.14737],[17.27813,63.14812]]]},"properties":{"objnamn":"Tjärnmyrans övnings- och skjutfält","lan":"Västernorrland","kommun":"Sollefteå, Kramfors","kategori":"Öppna riksintressen 3 kap 9 § andra stycket MB","underkategori":"Riksintresse på land","typ":"Riksintresse"}},{"type":"Feature","geometry":{"type":"MultiPolygon","coordinates":[[[[17.71777,64.96784],[17.71616,64.96724],[17.71467,64.96733],[17.71257,64.96689],[17.71216,64.96648],[17.71367,64.96584],[17.7125,64.96492],[17.70963,64.96646],[17.71058,64.96739],[17.71546,64.96931],[17.71777,64.96784]]],[[[17.7113,64.97742],[17.71313,64.97626],[17.7104,64.97553],[17.70705,64.97701],[17.70384,64.9759],[17.70017,64.9785],[17.70656,64.98036],[17.7113,64.97742]]],[[[17.68825,64.97404],[17.68797,64.97315],[17.68656,64.9732],[17.68753,64.97083],[17.69381,64.96567],[17.70526,64.96961],[17.71,64.96566],[17.7144,64.96371],[17.73571,64.95707],[17.74893,64.95344],[17.73071,64.94382],[17.73425,64.941],[17.72545,64.94071],[17.72255,64.94131],[17.71862,64.94287],[17.71364,64.94347],[17.71199,64.9442],[17.71169,64.94617],[17.71,64.94672],[17.70744,64.94667],[17.70323,64.94735],[17.69669,64.9478],[17.67526,64.94739],[17.67085,64.94777],[17.65349,64.95164],[17.68603,64.96298],[17.68167,64.96654],[17.67422,64.97035],[17.676,64.97095],[17.67003,64.97562],[17.67276,64.97822],[17.67981,64.98127],[17.6808,64.9759],[17.68825,64.97404]]]]},"properties":{"objnamn":"Storumans flygplats","lan":"Västerbotten","kommun":"Storuman","kategori":"Påverkansområden","underkategori":"Påverkansområde för buller eller annan risk","typ":"Påverkansområde"}},{"type":"Feature","geometry":{"type":"Polygon","coordinates":[[[14.16208,59.31352],[14.16713,59.31802],[14.17173,59.32027],[14.17866,59.3223],[14.18843,59.32356],[14.19582,59.32339],[14.20041,59.32288],[14.20574,59.32172],[14.21353,59.3193],[14.22017,59.31616],[14.22073,59.31509],[14.22047,59.3097],[14.21911,59.30608],[14.21705,59.30319],[14.21072,59.29788],[14.20727,59.2961],[14.20277,59.29458],[14.20377,59.27702],[14.18758,59.27945],[14.19351,59.28159],[14.19408,59.28521],[14.19364,59.28591],[14.19189,59.28632],[14.17916,59.28318],[14.17908,59.28707],[14.17859,59.28736],[14.16729,59.28744],[14.16756,59.29495],[14.16184,59.29493],[14.14691,59.29375],[14.14394,59.30246],[14.14002,59.30136],[14.13912,59.30311],[14.14087,59.30454],[14.14256,59.30939],[14.14464,59.31111],[14.14826,59.31266],[14.15024,59.31219],[14.15159,59.31382],[14.15771,59.31385],[14.15831,59.31446],[14.16208,59.31352]]]},"properties":{"objnamn":"Kristinehamns garnison och Habergets övningsfält med skjutbanor","lan":"Värmland","kommun":"Kristinehamn","kategori":"Påverkansområden","underkategori":"Påverkansområde för buller eller annan risk","typ":"Påverkansområde"}},{"type":"Feature","geometry":{"type":"MultiPolygon","coordinates":[[[[17.27296,63.14999],[17.27217,63.15043],[17.27343,63.15023],[17.27296,63.14999]]],[[[17.27217,63.15043],[17.27316,63.14978],[17.27742,63.14882],[17.28154,63.15245],[17.28337,63.15253],[17.28501,63.15241],[17.28502,63.15136],[17.28617,63.15076],[17.28867,63.15064],[17.29008,63.15515],[17.29064,63.1552],[17.29047,63.15727],[17.29135,63.15781],[17.28995,63.1592],[17.29872,63.15945],[17.2984,63.15923],[17.31238,63.15912],[17.35389,63.16669],[17.36131,63.16207],[17.38351,63.16143],[17.38978,63.1601],[17.39638,63.15791],[17.39808,63.15435],[17.39567,63.15041],[17.39241,63.14741],[17.39733,63.14069],[17.39593,63.1326],[17.39786,63.12825],[17.39883,63.12305],[17.39408,63.11916],[17.38549,63.11272],[17.37896,63.10978],[17.36802,63.10847],[17.36646,63.10429],[17.35969,63.10449],[17.35464,63.10692],[17.34763,63.11136],[17.3316,63.10167],[17.33019,63.08543],[17.3483,63.08729],[17.33725,63.06534],[17.36407,63.07247],[17.36935,63.05785],[17.35344,63.04443],[17.3243,63.06218],[17.32168,63.06154],[17.34464,63.0471],[17.33257,63.04773],[17.31548,63.06002],[17.31064,63.05885],[17.32381,63.04835],[17.31171,63.04921],[17.32397,63.03644],[17.3231,63.03623],[17.32021,63.03648],[17.319,63.03623],[17.3177,63.03678],[17.30675,63.04953],[17.30471,63.04979],[17.30695,63.04671],[17.30498,63.04637],[17.30471,63.04685],[17.30285,63.04745],[17.30008,63.04636],[17.29767,63.04661],[17.29828,63.04743],[17.29754,63.04807],[17.29506,63.04871],[17.29404,63.04923],[17.29434,63.04976],[17.2926,63.05051],[17.28898,63.05161],[17.28742,63.05163],[17.28464,63.05058],[17.28232,63.05165],[17.28407,63.0521],[17.28291,63.05283],[17.28117,63.05233],[17.27993,63.05325],[17.27316,63.05194],[17.27116,63.05065],[17.26906,63.05064],[17.26909,63.04963],[17.26829,63.04908],[17.26425,63.04974],[17.26163,63.04915],[17.26117,63.04867],[17.26218,63.04824],[17.26322,63.04855],[17.26419,63.04821],[17.26469,63.04703],[17.26081,63.04747],[17.25801,63.04871],[17.2582,63.04939],[17.26097,63.04942],[17.25969,63.05044],[17.24025,63.04553],[17.24623,63.07687],[17.25183,63.09674],[17.25263,63.09675],[17.25304,63.09731],[17.2522,63.09745],[17.25567,63.10885],[17.24851,63.10777],[17.2376,63.10929],[17.23368,63.11121],[17.23114,63.11383],[17.23219,63.11581],[17.22641,63.11811],[17.22749,63.12056],[17.25107,63.12307],[17.25062,63.12563],[17.2467,63.12793],[17.23813,63.12994],[17.23325,63.13191],[17.21613,63.13399],[17.21596,63.13495],[17.22043,63.13687],[17.22828,63.13735],[17.23136,63.13846],[17.23796,63.13931],[17.24152,63.14117],[17.24269,63.14274],[17.24269,63.14564],[17.24147,63.14788],[17.23383,63.14947],[17.23041,63.15064],[17.23,63.15213],[17.23533,63.15536],[17.23489,63.15901],[17.23342,63.16037],[17.23325,63.16729],[17.23721,63.16941],[17.25001,63.16546],[17.25919,63.16202],[17.25943,63.1604],[17.26153,63.15834],[17.26121,63.15648],[17.26524,63.15605],[17.26805,63.15527],[17.26973,63.15285],[17.2721,63.15122],[17.27217,63.15043]]]]},"properties":{"objnamn":"Tjärnmyrans övnings- och skjutfält","lan":"Västernorrland","kommun":"Sollefteå, Kramfors","kategori":"Påverkansområden","underkategori":"Påverkansområde för buller eller annan risk","typ":"Påverkansområde"}},{"type":"Feature","geometry":{"type":"Polygon","coordinates":[[[13.01984,58.01712],[13.01932,58.0166],[13.01968,58.01303],[13.0121,58.00785],[13.00214,58.00535],[12.99709,58.00498],[12.99042,58.0037],[12.98062,57.99934],[12.97639,57.995],[12.96008,57.99015],[12.95459,57.98624],[12.94624,57.98481],[12.93777,57.98507],[12.93109,57.98395],[12.92599,57.98422],[12.92073,57.98664],[12.91561,57.9872],[12.91393,57.98706],[12.91044,57.9883],[12.90849,57.98987],[12.90648,57.99543],[12.90439,57.99607],[12.90087,57.99869],[12.8999,58.00135],[12.89163,58.00835],[12.89624,58.01116],[12.89683,58.01386],[12.89574,58.01833],[12.89556,58.02583],[12.89272,58.02634],[12.89599,58.03091],[12.89371,58.03536],[12.89379,58.04254],[12.89875,58.04536],[12.90291,58.04993],[12.90285,58.05174],[12.90448,58.05356],[12.90966,58.05639],[12.90938,58.06176],[12.91801,58.06239],[12.9221,58.06564],[12.92322,58.06746],[12.93216,58.07037],[12.93858,58.0741],[12.94244,58.07477],[12.94634,58.07427],[12.95675,58.07451],[12.95935,58.07537],[12.96605,58.07637],[12.97294,58.07522],[12.97643,58.07372],[12.98662,58.07354],[12.99247,58.07262],[12.99928,58.07277],[13.00022,58.07308],[13.00532,58.07292],[13.00728,58.06974],[13.01055,58.06851],[13.00962,58.0676],[13.00821,58.06307],[13.0183,58.0589],[13.02518,58.05735],[13.02897,58.05216],[13.02901,58.05163],[13.02079,58.0484],[13.01507,58.04167],[13.01431,58.03895],[13.01685,58.03382],[13.02106,58.03192],[13.02505,58.03111],[13.02726,58.02577],[13.02333,58.02208],[13.02263,58.01938],[13.01984,58.01712]]]},"properties":{"objnamn":"Remmene skjutfält","lan":"Västra Götaland","kommun":"Herrljunga, Vårgårda","kategori":"Påverkansområden","underkategori":"Påverkansområde för buller eller annan risk","typ":"Påverkansområde"}}]}