{
 "type": "FeatureCollection",
 "features": [
  {
   "type": "Feature",
   "geometry": {
    "type": "Point",
    "coordinates": [
     14.854538888822205,
     56.17177576359443
    ]
   },
   "properties": {
    "diarienummer": "738-2026",
    "status": "Handläggning",
    "indatum": "2026-02-08",
    "rubrik": "Anmälan enligt 11 kap 9 a § Miljöbalken om vattenverksamhet, återställande av brygga, Vettekulla, Karlshamns kommun",
    "avsandare": "Personuppgift",
    "postort": "Karlshamn",
    "kommun": "",
    "beslutsdatum": "",
    "case_id": "5392379",
    "lansstyrelse": "Lansstyrelsen i Blekinges lan",
    "geocoded_from": "postort:Karlshamn"
   }
  },
  {
   "type": "Feature",
   "geometry": {
    "type": "Point",
    "coordinates": [
     15.589567324646941,
     56.15951038773807
    ]
   },
   "properties": {
    "diarienummer": "998-2026",
    "status": "Handläggning",
    "indatum": "2026-02-23",
    "rubrik": "Tillsyn av vattenverksamhet brygga, Karlskrona kommun",
    "avsandare": "Personuppgift",
    "postort": "",
    "kommun": "Karlskrona",
    "beslutsdatum": "",
    "case_id": "5407908",
    "lansstyrelse": "Lansstyrelsen i Blekinges lan",
    "geocoded_from": "kommun:Karlskrona"
   }
  },
  {
   "type": "Feature",
   "geometry": {
    "type": "Point",
    "coordinates": [
     14.53184254665039,
     56.26955669487728
    ]
   },
   "properties": {
    "diarienummer": "1107-2026",
    "status": "Handläggning",
    "indatum": "2026-03-01",
    "rubrik": "Anmälan enligt 11 kap 9 a § Miljöbalken om vattenverksamhet, Sjön Halen, Olofström kommun",
    "avsandare": "Personuppgift",
    "postort": "Olofström",
    "kommun": "Olofström",
    "beslutsdatum": "",
    "case_id": "5414361",
    "lansstyrelse": "Lansstyrelsen i Blekinges lan",
    "geocoded_from": "kommun:Olofström"
   }
  },
  {
   "type": "Feature",
   "geometry": {
    "type": "Point",
    "coordinates": [
     15.283572109828015,
     56.20076380461101
    ]
   },
   "properties": {
    "diarienummer": "1189-2026",
    "status": "Handläggning",
    "indatum": "2026-03-05",
    "rubrik": "Anmälan enligt 11 kap 9 a § Miljöbalken om vattenverksamhet, Ronnebyfjärden, Ronneby kommun",
    "avsandare": "Personuppgift",
    "postort": "Listerby",
    "kommun": "Ronneby",
    "beslutsdatum": "",
    "case_id": "5419884",
    "lansstyrelse": "Lansstyrelsen i Blekinges lan",
    "geocoded_from": "kommun:Ronneby"
   }
  },
  {
   "type": "Feature",
   "geometry": {
    "type": "Point",
    "coordinates": [
     14.809443687074076,
     56.877883383958476
    ]
   },
   "properties": {
    "diarienummer": "1228-2026",
    "status": "Handläggning",
    "indatum": "2026-03-09",
    "rubrik": "Remiss om ansökan om omprövning för moderna miljövillkor alternativt tillstånd för befintlig vattenverksamhet på fastigheten Bälganet, Ronneby kommun",
    "avsandare": "Mark- och miljödomstolen, Växjö tingsrätt",
    "postort": "Växjö",
    "kommun": "",
    "beslutsdatum": "",
    "case_id": "5422677",
    "lansstyrelse": "Lansstyrelsen i Blekinges lan",
    "geocoded_from": "postort:Växjö"
   }
  },
  {
   "type": "Feature",
   "geometry": {
    "type": "Point",
    "coordinates": [
     14.8051079392352,
     56.87580960912826
    ]
   },
   "properties": {
    "diarienummer": "1235-2026",
    "status": "Handläggning",
    "indatum": "2026-03-09",
    "rubrik": "Remiss om ansökan om omprövning för moderna miljövillkor alternativt tillstånd för befintlig vattenverksamhet på fastigheten Knällsberg, Tingsryds kommun",
    "avsandare": "Mark- och miljödomstolen, Växjö tingsrätt",
    "postort": "Växjö",
    "kommun": "",
    "beslutsdatum": "",
    "case_id": "5423002",
    "lansstyrelse": "Lansstyrelsen i Blekinges lan",
    "geocoded_from": "postort:Växjö"
   }
  },
  {
   "type": "Feature",
   "geometry": {
    "type": "Point",
    "coordinates": [
     15.591460206190247,
     56.163448202918794
    ]
   },
   "properties": {
    "diarienummer": "1252-2026",
    "status": "Handläggning",
    "indatum": "2026-03-10",
    "rubrik": "Anmälan enligt 11 kap 9 a § Miljöbalken om vattenverksamhet, Damm i Bjärby, Karlskrona kommun",
    "avsandare": "Trafikverket",
    "postort": "Karlskrona",
    "kommun": "Karlskrona",
    "beslutsdatum": "",
    "case_id": "5424397",
    "lansstyrelse": "Lansstyrelsen i Blekinges lan",
    "geocoded_from": "kommun:Karlskrona"
   }
  },
  {
   "type": "Feature",
   "geometry": {
    "type": "Point",
    "coordinates": [
     14.583020856654137,
     56.0475518234141
    ]
   },
   "properties": {
    "diarienummer": "1315-2026",
    "status": "Handläggning",
    "indatum": "2026-03-12",
    "rubrik": "Anmälan enligt 11 kap 9 a § Miljöbalken om vattenverksamhet, Västra Näs Hamn, Sölvesborgs kommun, Sölvesborg kommun",
    "avsandare": "Västra Näs Byalag och Hamnförening",
    "postort": "Sölvesborg",
    "kommun": "",
    "beslutsdatum": "",
    "case_id": "5428286",
    "lansstyrelse": "Lansstyrelsen i Blekinges lan",
    "geocoded_from": "postort:Sölvesborg"
   }
  },
  {
   "type": "Feature",
   "geometry": {
    "type": "Point",
    "coordinates": [
     15.589185455366174,
     56.16332191683696
    ]
   },
   "properties": {
    "diarienummer": "1317-2026",
    "status": "Handläggning",
    "indatum": "2026-03-13",
    "rubrik": "Anmälan enligt 11 kap 9 a § Miljöbalken om vattenverksamhet, Karlskrona skärgård, Karlskrona kommun",
    "avsandare": "Affärsverken AB Karlskrona",
    "postort": "Karlskrona",
    "kommun": "Karlskrona",
    "beslutsdatum": "",
    "case_id": "5428416",
    "lansstyrelse": "Lansstyrelsen i Blekinges lan",
    "geocoded_from": "kommun:Karlskrona"
   }
  },
  {
   "type": "Feature",
   "geometry": {
    "type": "Point",
    "coordinates": [
     15.586081166195243,
     56.159943272970764
    ]
   },
   "properties": {
    "diarienummer": "1343-2026",
    "status": "Handläggning",
    "indatum": "2026-03-14",
    "rubrik": "Anmälan enligt 11 kap 9 a § Miljöbalken om vattenverksamhet, Flagen, Karlskrona kommun",
    "avsandare": "Personuppgift",
    "postort": "Sturkö",
    "kommun": "Karlskrona",
    "beslutsdatum": "",
    "case_id": "5429699",
    "lansstyrelse": "Lansstyrelsen i Blekinges lan",
    "geocoded_from": "kommun:Karlskrona"
   }
  },
  {
   "type": "Feature",
   "geometry": {
    "type": "Point",
    "coordinates": [
     15.584018978418252,
     56.159644061551525
    ]
   },
   "properties": {
    "diarienummer": "1597-2026",
    "status": "Handläggning",
    "indatum": "2026-03-26",
    "rubrik": "Tillsyn av vattenverksamhet vattenuttag",
    "avsandare": "Personuppgift",
    "postort": "",
    "kommun": "Karlskrona",
    "beslutsdatum": "",
    "case_id": "5442972",
    "lansstyrelse": "Lansstyrelsen i Blekinges lan",
    "geocoded_from": "kommun:Karlskrona"
   }
  },
  {
   "type": "Feature",
   "geometry": {
    "type": "Point",
    "coordinates": [
     15.28194518219475,
     56.19733280584369
    ]
   },
   "properties": {
    "diarienummer": "1678-2026",
    "status": "Handläggning",
    "indatum": "2026-03-30",
    "rubrik": "Anmälan enligt 11 kap 9 a § Miljöbalken om vattenverksamhet, Bräkneån, Ronneby kommun",
    "avsandare": "Mörtströmmen fiskevårdsområdesförening",
    "postort": "Ronneby",
    "kommun": "Ronneby",
    "beslutsdatum": "",
    "case_id": "5447641",
    "lansstyrelse": "Lansstyrelsen i Blekinges lan",
    "geocoded_from": "kommun:Ronneby"
   }
  },
  {
   "type": "Feature",
   "geometry": {
    "type": "Point",
    "coordinates": [
     12.81874680794448,
     56.15211025703313
    ]
   },
   "properties": {
    "diarienummer": "1684-2026",
    "status": "Handläggning",
    "indatum": "2026-03-30",
    "rubrik": "Anmälan enligt 11 kap 9 a § Miljöbalken om vattenverksamhet, Karlskrona kommun",
    "avsandare": "Personuppgift",
    "postort": "Kattarp",
    "kommun": "",
    "beslutsdatum": "",
    "case_id": "5448348",
    "lansstyrelse": "Lansstyrelsen i Blekinges lan",
    "geocoded_from": "postort:Kattarp"
   }
  },
  {
   "type": "Feature",
   "geometry": {
    "type": "Point",
    "coordinates": [
     15.58350959945168,
     56.16293265515415
    ]
   },
   "properties": {
    "diarienummer": "1710-2026",
    "status": "Handläggning",
    "indatum": "2026-03-31",
    "rubrik": "Anmälan enligt 11 kap 9 a § Miljöbalken om vattenverksamhet, Bollösund, Karlskrona kommun",
    "avsandare": "Karlskrona kommun",
    "postort": "KARLSKRONA",
    "kommun": "",
    "beslutsdatum": "",
    "case_id": "5449743",
    "lansstyrelse": "Lansstyrelsen i Blekinges lan",
    "geocoded_from": "postort:KARLSKRONA"
   }
  },
  {
   "type": "Feature",
   "geometry": {
    "type": "Point",
    "coordinates": [
     14.84898683974997,
     56.172023780707015
    ]
   },
   "properties": {
    "diarienummer": "1801-2026",
    "status": "Handläggning",
    "indatum": "2026-04-07",
    "rubrik": "Anmälan enligt 11 kap 9 a § Miljöbalken om vattenverksamhet",
    "avsandare": "Karlshamns Energi Vatten AB",
    "postort": "Karlshamn",
    "kommun": "",
    "beslutsdatum": "",
    "case_id": "5455556",
    "lansstyrelse": "Lansstyrelsen i Blekinges lan",
    "geocoded_from": "postort:Karlshamn"
   }
  },
  {
   "type": "Feature",
   "geometry": {
    "type": "Point",
    "coordinates": [
     15.584385630746,
     56.16401672744315
    ]
   },
   "properties": {
    "diarienummer": "1853-2026",
    "status": "Handläggning",
    "indatum": "2026-04-09",
    "rubrik": "Anmälan enligt 11 kap 9 a § Miljöbalken om vattenverksamhet, Sundet / kanalen mellan Saltö och Ekholmen, omedelbart norr om gång- och cykelbro på Ekholmssidan, Karlskrona kommun",
    "avsandare": "Personuppgift",
    "postort": "Karlskrona",
    "kommun": "",
    "beslutsdatum": "",
    "case_id": "5458459",
    "lansstyrelse": "Lansstyrelsen i Blekinges lan",
    "geocoded_from": "postort:Karlskrona"
   }
  },
  {
   "type": "Feature",
   "geometry": {
    "type": "Point",
    "coordinates": [
     14.588231357953093,
     56.05113959353185
    ]
   },
   "properties": {
    "diarienummer": "1877-2026",
    "status": "Handläggning",
    "indatum": "2026-04-10",
    "rubrik": "Anmälan enligt 11 kap 9 a § Miljöbalken om vattenverksamhet, Sölvesborg Norje, Sölvesborg kommun",
    "avsandare": "Personuppgift",
    "postort": "Jönköping",
    "kommun": "Sölvesborg",
    "beslutsdatum": "",
    "case_id": "5459626",
    "lansstyrelse": "Lansstyrelsen i Blekinges lan",
    "geocoded_from": "kommun:Sölvesborg"
   }
  },
  {
   "type": "Feature",
   "geometry": {
    "type": "Point",
    "coordinates": [
     15.27927589162626,
     56.19802986327679
    ]
   },
   "properties": {
    "diarienummer": "1879-2026",
    "status": "Handläggning",
    "indatum": "2026-04-10",
    "rubrik": "Anmälan enligt 11 kap 9 a § Miljöbalken om vattenverksamhet, Vatten utanför Saxemara båtvarv, fastigheten Ronneby Saxemara, Ronneby kommun",
    "avsandare": "Saxemara samhällsförening",
    "postort": "Ronneby",
    "kommun": "",
    "beslutsdatum": "",
    "case_id": "5459918",
    "lansstyrelse": "Lansstyrelsen i Blekinges lan",
    "geocoded_from": "postort:Ronneby"
   }
  },
  {
   "type": "Feature",
   "geometry": {
    "type": "Point",
    "coordinates": [
     15.28565349173539,
     56.202656274662914
    ]
   },
   "properties": {
    "diarienummer": "1909-2026",
    "status": "Handläggning",
    "indatum": "2026-04-14",
    "rubrik": "Anmälan enligt 11 kap 9 a § Miljöbalken om vattenverksamhet, Ronneby kommun",
    "avsandare": "Personuppgift",
    "postort": "Stocksund",
    "kommun": "Ronneby",
    "beslutsdatum": "",
    "case_id": "5462181",
    "lansstyrelse": "Lansstyrelsen i Blekinges lan",
    "geocoded_from": "kommun:Ronneby"
   }
  },
  {
   "type": "Feature",
   "geometry": {
    "type": "Point",
    "coordinates": [
     14.854034960797314,
     56.16951070873706
    ]
   },
   "properties": {
    "diarienummer": "1928-2026",
    "status": "Handläggning",
    "indatum": "2026-04-14",
    "rubrik": "Anmälan enligt 11 kap 9 a § Miljöbalken om vattenverksamhet, Mörrumsån, Karlshamn kommun",
    "avsandare": "Lilla Rösjö Gård AB",
    "postort": "Olofström",
    "kommun": "Karlshamn",
    "beslutsdatum": "",
    "case_id": "5463520",
    "lansstyrelse": "Lansstyrelsen i Blekinges lan",
    "geocoded_from": "kommun:Karlshamn"
   }
  },
  {
   "type": "Feature",
   "geometry": {
    "type": "Point",
    "coordinates": [
     14.847008534998224,
     56.16783761737407
    ]
   },
   "properties": {
    "diarienummer": "2002-2026",
    "status": "Handläggning",
    "indatum": "2026-04-17",
    "rubrik": "Anmälan enligt 11 kap 9 a § Miljöbalken om vattenverksamhet, Gåsaviken, Karlshamn kommun",
    "avsandare": "Personuppgift",
    "postort": "Karlshamn",
    "kommun": "Karlshamn",
    "beslutsdatum": "",
    "case_id": "5467866",
    "lansstyrelse": "Lansstyrelsen i Blekinges lan",
    "geocoded_from": "kommun:Karlshamn"
   }
  },
  {
   "type": "Feature",
   "geometry": {
    "type": "Point",
    "coordinates": [
     15.285741636511405,
     56.200044831998824
    ]
   },
   "properties": {
    "diarienummer": "2004-2026",
    "status": "Handläggning",
    "indatum": "2026-04-19",
    "rubrik": "Anmälan enligt 11 kap 9 a § Miljöbalken om vattenverksamhet, Ronnebyfjärden/Angelskogsviken, Ronneby kommun",
    "avsandare": "Personuppgift",
    "postort": "Lund",
    "kommun": "Ronneby",
    "beslutsdatum": "",
    "case_id": "5467943",
    "lansstyrelse": "Lansstyrelsen i Blekinges lan",
    "geocoded_from": "kommun:Ronneby"
   }
  },
  {
   "type": "Feature",
   "geometry": {
    "type": "Point",
    "coordinates": [
     14.53377089989077,
     56.26907600946196
    ]
   },
   "properties": {
    "diarienummer": "2006-2026",
    "status": "Handläggning",
    "indatum": "2026-04-19",
    "rubrik": "Anmälan enligt 11 kap 9 a § Miljöbalken om vattenverksamhet, Västra Orlundsån, Sölvesborg kommun",
    "avsandare": "Lilla Rösjö Gård AB",
    "postort": "Olofström",
    "kommun": "Olofström",
    "beslutsdatum": "",
    "case_id": "5467962",
    "lansstyrelse": "Lansstyrelsen i Blekinges lan",
    "geocoded_from": "kommun:Olofström"
   }
  },
  {
   "type": "Feature",
   "geometry": {
    "type": "Point",
    "coordinates": [
     15.588459654175432,
     56.16274798269476
    ]
   },
   "properties": {
    "diarienummer": "2254-2026",
    "status": "Handläggning",
    "indatum": "2026-04-22",
    "rubrik": "Anmälan enligt 11 kap 9 a § Miljöbalken om vattenverksamhet, Borgmästarefjärden, Karlskrona kommun",
    "avsandare": "Personuppgift",
    "postort": "Karlskrona",
    "kommun": "",
    "beslutsdatum": "",
    "case_id": "5481244",
    "lansstyrelse": "Lansstyrelsen i Blekinges lan",
    "geocoded_from": "postort:Karlskrona"
   }
  },
  {
   "type": "Feature",
   "geometry": {
    "type": "Point",
    "coordinates": [
     15.286262647622403,
     56.19938898641734
    ]
   },
   "properties": {
    "diarienummer": "2108-2026",
    "status": "Handläggning",
    "indatum": "2026-04-23",
    "rubrik": "Tillsyn av vattenverksamhet, Ronneby kommun",
    "avsandare": "Personuppgift",
    "postort": "",
    "kommun": "Ronneby",
    "beslutsdatum": "",
    "case_id": "5472590",
    "lansstyrelse": "Lansstyrelsen i Blekinges lan",
    "kommun_kalla": "rubrik",
    "geocoded_from": "kommun:Ronneby"
   }
  },
  {
   "type": "Feature",
   "geometry": {
    "type": "Point",
    "coordinates": [
     14.579251837883453,
     56.05253078388971
    ]
   },
   "properties": {
    "diarienummer": "2205-2026",
    "status": "Handläggning",
    "indatum": "2026-04-29",
    "rubrik": "Anmälan enligt 11 kap 9 a § Miljöbalken om vattenverksamhet, Valjeviken, Sölvesborg kommun",
    "avsandare": "Stiftelsen Valjeviken",
    "postort": "Sölvesborg",
    "kommun": "Sölvesborg",
    "beslutsdatum": "",
    "case_id": "5479096",
    "lansstyrelse": "Lansstyrelsen i Blekinges lan",
    "geocoded_from": "kommun:Sölvesborg"
   }
  },
  {
   "type": "Feature",
   "geometry": {
    "type": "Point",
    "coordinates": [
     15.5866208884514,
     56.16392867361784
    ]
   },
   "properties": {
    "diarienummer": "2231-2026",
    "status": "Handläggning",
    "indatum": "2026-04-29",
    "rubrik": "Anmälan enligt 11 kap 9 a § Miljöbalken om vattenverksamhet, Rönnfjärden, Karlskrona kommun",
    "avsandare": "Karlskrona kommun",
    "postort": "Karlskrona",
    "kommun": "Karlskrona",
    "beslutsdatum": "",
    "case_id": "5479826",
    "lansstyrelse": "Lansstyrelsen i Blekinges lan",
    "geocoded_from": "kommun:Karlskrona"
   }
  },
  {
   "type": "Feature",
   "geometry": {
    "type": "Point",
    "coordinates": [
     15.588974025039722,
     56.159951397560484
    ]
   },
   "properties": {
    "diarienummer": "2245-2026",
    "status": "Handläggning",
    "indatum": "2026-04-30",
    "rubrik": "Anmälan enligt 11 kap 9 a § Miljöbalken om vattenverksamhet, Herrgårdsviken Tjurkö, Karlskrona kommun",
    "avsandare": "Personuppgift",
    "postort": "Tjurkö",
    "kommun": "Karlskrona",
    "beslutsdatum": "",
    "case_id": "5480913",
    "lansstyrelse": "Lansstyrelsen i Blekinges lan",
    "geocoded_from": "kommun:Karlskrona"
   }
  },
  {
   "type": "Feature",
   "geometry": {
    "type": "Point",
    "coordinates": [
     15.591278386402747,
     56.16402674614914
    ]
   },
   "properties": {
    "diarienummer": "2280-2026",
    "status": "Handläggning",
    "indatum": "2026-05-05",
    "rubrik": "Anmälan enligt 11 kap 9 a § Miljöbalken om vattenverksamhet",
    "avsandare": "Personuppgift",
    "postort": "Karlskrona",
    "kommun": "Karlskrona",
    "beslutsdatum": "",
    "case_id": "5483801",
    "lansstyrelse": "Lansstyrelsen i Blekinges lan",
    "geocoded_from": "kommun:Karlskrona"
   }
  },
  {
   "type": "Feature",
   "geometry": {
    "type": "Point",
    "coordinates": [
     15.591010709094794,
     56.16301470159169
    ]
   },
   "properties": {
    "diarienummer": "2305-2026",
    "status": "Handläggning",
    "indatum": "2026-05-05",
    "rubrik": "Begäran om tillsyn av vattenverksamhet gällande utsläpp av dagvatten och spillvatten, Karlskrona kommun",
    "avsandare": "Personuppgift",
    "postort": "",
    "kommun": "Karlskrona",
    "beslutsdatum": "",
    "case_id": "5484996",
    "lansstyrelse": "Lansstyrelsen i Blekinges lan",
    "kommun_kalla": "rubrik",
    "geocoded_from": "kommun:Karlskrona"
   }
  },
  {
   "type": "Feature",
   "geometry": {
    "type": "Point",
    "coordinates": [
     14.582665602328879,
     56.05171057257747
    ]
   },
   "properties": {
    "diarienummer": "2307-2026",
    "status": "Handläggning",
    "indatum": "2026-05-05",
    "rubrik": "Anmälan enligt 11 kap 9 a § Miljöbalken om vattenverksamhet, Sölvesborg Stiby Badplats, Sölvesborg kommun",
    "avsandare": "Grönslätts Intresseförening",
    "postort": "Sölvesborg",
    "kommun": "",
    "beslutsdatum": "",
    "case_id": "5485128",
    "lansstyrelse": "Lansstyrelsen i Blekinges lan",
    "geocoded_from": "postort:Sölvesborg"
   }
  },
  {
   "type": "Feature",
   "geometry": {
    "type": "Point",
    "coordinates": [
     15.584614453725438,
     56.159664129006195
    ]
   },
   "properties": {
    "diarienummer": "2344-2026",
    "status": "Handläggning",
    "indatum": "2026-05-07",
    "rubrik": "Anmälan enligt 11 kap 9 a § Miljöbalken om vattenverksamhet, Vämöviken, Karlskrona kommun",
    "avsandare": "Karlskrona kommun",
    "postort": "Karlskrona",
    "kommun": "Karlskrona",
    "beslutsdatum": "",
    "case_id": "5487896",
    "lansstyrelse": "Lansstyrelsen i Blekinges lan",
    "geocoded_from": "kommun:Karlskrona"
   }
  },
  {
   "type": "Feature",
   "geometry": {
    "type": "Point",
    "coordinates": [
     13.802054102587142,
     56.19931627303716
    ]
   },
   "properties": {
    "diarienummer": "2374-2026",
    "status": "Handläggning",
    "indatum": "2026-05-08",
    "rubrik": "Anmälan enligt 11 kap 9 a § Miljöbalken om vattenverksamhet för renovering av brygga, Karlshamns kommun",
    "avsandare": "Personuppgift",
    "postort": "Vankiva",
    "kommun": "",
    "beslutsdatum": "",
    "case_id": "5489460",
    "lansstyrelse": "Lansstyrelsen i Blekinges lan",
    "geocoded_from": "postort:Vankiva"
   }
  },
  {
   "type": "Feature",
   "geometry": {
    "type": "Point",
    "coordinates": [
     15.588264893583105,
     56.160460112954894
    ]
   },
   "properties": {
    "diarienummer": "2494-2026",
    "status": "Handläggning",
    "indatum": "2026-05-18",
    "rubrik": "Anmälan enligt 11 kap 9 a § Miljöbalken om vattenverksamhet, Östra fjärden (Östersjön), Karlskrona kommun",
    "avsandare": "Personuppgift",
    "postort": "Karlskrona",
    "kommun": "Karlskrona",
    "beslutsdatum": "",
    "case_id": "5497855",
    "lansstyrelse": "Lansstyrelsen i Blekinges lan",
    "geocoded_from": "kommun:Karlskrona"
   }
  },
  {
   "type": "Feature",
   "geometry": {
    "type": "Point",
    "coordinates": [
     16.549439087191214,
     59.61067814595247
    ]
   },
   "properties": {
    "diarienummer": "2510-2026",
    "status": "Handläggning",
    "indatum": "2026-05-19",
    "rubrik": "Begäran om tillsyn av vattenverksamhet och överklagande, Hälleviks hamn, Sölvesborgs kommun",
    "avsandare": "Personuppgift",
    "postort": "Västerås",
    "kommun": "",
    "beslutsdatum": "",
    "case_id": "5499003",
    "lansstyrelse": "Lansstyrelsen i Blekinges lan",
    "geocoded_from": "postort:Västerås"
   }
  },
  {
   "type": "Feature",
   "geometry": {
    "type": "Point",
    "coordinates": [
     14.851318120482299,
     56.167062561372916
    ]
   },
   "properties": {
    "diarienummer": "2512-2026",
    "status": "Handläggning",
    "indatum": "2026-05-19",
    "rubrik": "Överklagande av Länsstyrelsens beslut den 1 april 2026 om att inte bevilja strandskyddsdispens och förbud mot vattenverksamhet  för fastigheten Sandvik, Karlshamns kommun",
    "avsandare": "Personuppgift",
    "postort": "Karlshamn",
    "kommun": "",
    "beslutsdatum": "",
    "case_id": "5499546",
    "lansstyrelse": "Lansstyrelsen i Blekinges lan",
    "geocoded_from": "postort:Karlshamn"
   }
  },
  {
   "type": "Feature",
   "geometry": {
    "type": "Point",
    "coordinates": [
     14.853239710969484,
     56.17155502241871
    ]
   },
   "properties": {
    "diarienummer": "2558-2026",
    "status": "Handläggning",
    "indatum": "2026-05-21",
    "rubrik": "Anmälan enligt 11 kap 9 a § Miljöbalken om vattenverksamhet, Karlshamnsfjorden, Karlshamn kommun",
    "avsandare": "Stärnö Vindhamns Båtklubb",
    "postort": "Karlshamn",
    "kommun": "Karlshamn",
    "beslutsdatum": "",
    "case_id": "5502464",
    "lansstyrelse": "Lansstyrelsen i Blekinges lan",
    "geocoded_from": "kommun:Karlshamn"
   }
  },
  {
   "type": "Feature",
   "geometry": {
    "type": "Point",
    "coordinates": [
     15.754784339101231,
     60.34993984135997
    ]
   },
   "properties": {
    "diarienummer": "3782-2026",
    "status": "Handläggning",
    "indatum": "2026-04-23",
    "rubrik": "Anmälan enligt 11 kap 9 a § Miljöbalken om vattenverksamhet, Våbäcke 38:1, Säter kommun",
    "avsandare": "Personuppgift",
    "postort": "Leksand",
    "kommun": "Säter",
    "beslutsdatum": "",
    "case_id": "5473145",
    "lansstyrelse": "Lansstyrelsen i Dalarnas lan",
    "geocoded_from": "kommun:Säter"
   }
  },
  {
   "type": "Feature",
   "geometry": {
    "type": "Point",
    "coordinates": [
     15.186583178832322,
     60.150642439082404
    ]
   },
   "properties": {
    "diarienummer": "3893-2026",
    "status": "Handläggning",
    "indatum": "2026-04-27",
    "rubrik": "Förfrågan om otillåten vattenverksamhet, Ludvika kommun",
    "avsandare": "Ludvika kommun",
    "postort": "",
    "kommun": "Ludvika",
    "beslutsdatum": "",
    "case_id": "5477108",
    "lansstyrelse": "Lansstyrelsen i Dalarnas lan",
    "geocoded_from": "kommun:Ludvika"
   }
  },
  {
   "type": "Feature",
   "geometry": {
    "type": "Point",
    "coordinates": [
     15.630768523822166,
     60.60016995350204
    ]
   },
   "properties": {
    "diarienummer": "3960-2026",
    "status": "Handläggning",
    "indatum": "2026-04-28",
    "rubrik": "Begäran om tillsyn av vattenverksamhet, Falu kommun",
    "avsandare": "Falu kommun",
    "postort": "",
    "kommun": "Falun",
    "beslutsdatum": "",
    "case_id": "5479107",
    "lansstyrelse": "Lansstyrelsen i Dalarnas lan",
    "geocoded_from": "kommun:Falun"
   }
  },
  {
   "type": "Feature",
   "geometry": {
    "type": "Point",
    "coordinates": [
     15.190752351359713,
     60.148376664571046
    ]
   },
   "properties": {
    "diarienummer": "4429-2026",
    "status": "Handläggning",
    "indatum": "2026-05-13",
    "rubrik": "Anmälan enligt 11 kap 9 a § Miljöbalken om vattenverksamhet, Vasselsjön, Den gamla kanalen till Enkullens Kraftstation, Ludvika kommun",
    "avsandare": "Personuppgift",
    "postort": "Täby",
    "kommun": "Ludvika",
    "beslutsdatum": "",
    "case_id": "5494394",
    "lansstyrelse": "Lansstyrelsen i Dalarnas lan",
    "geocoded_from": "kommun:Ludvika"
   }
  },
  {
   "type": "Feature",
   "geometry": {
    "type": "Point",
    "coordinates": [
     16.16393598599313,
     60.148936155693406
    ]
   },
   "properties": {
    "diarienummer": "4469-2026",
    "status": "Handläggning",
    "indatum": "2026-05-13",
    "rubrik": "Anmälan enligt 11 kap 9 a § Miljöbalken om vattenverksamhet, Kvarnbäcken, Avesta kommun",
    "avsandare": "Personuppgift",
    "postort": "Borlänge",
    "kommun": "Avesta",
    "beslutsdatum": "",
    "case_id": "5495092",
    "lansstyrelse": "Lansstyrelsen i Dalarnas lan",
    "geocoded_from": "kommun:Avesta"
   }
  },
  {
   "type": "Feature",
   "geometry": {
    "type": "Point",
    "coordinates": [
     15.637221396631187,
     60.60235805572498
    ]
   },
   "properties": {
    "diarienummer": "4700-2026",
    "status": "Handläggning",
    "indatum": "2026-05-22",
    "rubrik": "Anmälan enligt 11 kap 9 a § Miljöbalken om vattenverksamhet, Namnlös bäck (VISS), i kartan Österbobäcken, Falun kommun",
    "avsandare": "Personuppgift",
    "postort": "Borlänge",
    "kommun": "Falun",
    "beslutsdatum": "",
    "case_id": "5504073",
    "lansstyrelse": "Lansstyrelsen i Dalarnas lan",
    "geocoded_from": "kommun:Falun"
   }
  },
  {
   "type": "Feature",
   "geometry": {
    "type": "Point",
    "coordinates": [
     15.633651804424268,
     60.59988109713218
    ]
   },
   "properties": {
    "diarienummer": "4586-2026",
    "status": "Handläggning",
    "indatum": "2026-05-20",
    "rubrik": "Anmälan enligt 11 kap 9 a § Miljöbalken om vattenverksamhet, Hoovers Damm- Bengtsarvs dammen, Falun kommun",
    "avsandare": "Personuppgift",
    "postort": "Falun",
    "kommun": "Falun",
    "beslutsdatum": "",
    "case_id": "5499753",
    "lansstyrelse": "Lansstyrelsen i Dalarnas lan",
    "geocoded_from": "kommun:Falun"
   }
  },
  {
   "type": "Feature",
   "geometry": {
    "type": "Point",
    "coordinates": [
     14.218425847798866,
     60.51958046969591
    ]
   },
   "properties": {
    "diarienummer": "3933-2026",
    "status": "Handläggning",
    "indatum": "2026-04-28",
    "rubrik": "Anmälan enligt 11 kap 9 a § Miljöbalken om vattenverksamhet, Vanån, Vansbro kommun",
    "avsandare": "Personuppgift",
    "postort": "Leksand",
    "kommun": "Vansbro",
    "beslutsdatum": "",
    "case_id": "5478298",
    "lansstyrelse": "Lansstyrelsen i Dalarnas lan",
    "geocoded_from": "kommun:Vansbro"
   }
  },
  {
   "type": "Feature",
   "geometry": {
    "type": "Point",
    "coordinates": [
     13.736809682475297,
     60.68173312648244
    ]
   },
   "properties": {
    "diarienummer": "4239-2026",
    "status": "Handläggning",
    "indatum": "2026-05-07",
    "rubrik": "Anmälan enligt 11 kap 9 a § Miljöbalken om vattenverksamhet, utbyte av vägtrummor, Malung-Sälen kommun",
    "avsandare": "Personuppgift",
    "postort": "Borlänge",
    "kommun": "Malung-Sälen",
    "beslutsdatum": "",
    "case_id": "5488230",
    "lansstyrelse": "Lansstyrelsen i Dalarnas lan",
    "geocoded_from": "kommun:Malung-Sälen"
   }
  },
  {
   "type": "Feature",
   "geometry": {
    "type": "Point",
    "coordinates": [
     15.746557685594759,
     60.35079351315192
    ]
   },
   "properties": {
    "diarienummer": "4315-2026",
    "status": "Handläggning",
    "indatum": "2026-05-08",
    "rubrik": "Anmälan enligt 11 kap 9 a § Miljöbalken om vattenverksamhet, Rämen, Säter kommun",
    "avsandare": "Personuppgift",
    "postort": "Borlänge",
    "kommun": "Säter",
    "beslutsdatum": "",
    "case_id": "5489889",
    "lansstyrelse": "Lansstyrelsen i Dalarnas lan",
    "geocoded_from": "kommun:Säter"
   }
  },
  {
   "type": "Feature",
   "geometry": {
    "type": "Point",
    "coordinates": [
     15.630353461951037,
     60.59755561042642
    ]
   },
   "properties": {
    "diarienummer": "4488-2026",
    "status": "Handläggning",
    "indatum": "2026-05-18",
    "rubrik": "Anmälan enligt 11 kap 9 a § Miljöbalken om vattenverksamhet, flytt av vägtrumma, Sörskog, Falu kommun",
    "avsandare": "Personuppgift",
    "postort": "Borlänge",
    "kommun": "Falun",
    "beslutsdatum": "",
    "case_id": "5496363",
    "lansstyrelse": "Lansstyrelsen i Dalarnas lan",
    "geocoded_from": "kommun:Falun"
   }
  },
  {
   "type": "Feature",
   "geometry": {
    "type": "Point",
    "coordinates": [
     15.117191870396558,
     60.88226461497387
    ]
   },
   "properties": {
    "diarienummer": "4636-2026",
    "status": "Handläggning",
    "indatum": "2026-05-20",
    "rubrik": "Anmälan enligt 11 kap 9 a § Miljöbalken om vattenverksamhet, Byte av trumma väg\n888, Rättviks kommun",
    "avsandare": "Trafikverket",
    "postort": "",
    "kommun": "Rättvik",
    "beslutsdatum": "",
    "case_id": "5501465",
    "lansstyrelse": "Lansstyrelsen i Dalarnas lan",
    "kommun_kalla": "rubrik",
    "geocoded_from": "kommun:Rättvik"
   }
  },
  {
   "type": "Feature",
   "geometry": {
    "type": "Point",
    "coordinates": [
     15.41920676544992,
     60.1486044081082
    ]
   },
   "properties": {
    "diarienummer": "4660-2026",
    "status": "Handläggning",
    "indatum": "2026-05-21",
    "rubrik": "Anmälan enligt 11 kap 9 a § Miljöbalken om vattenverksamhet, Övre Hillen, Smedjebacken kommun",
    "avsandare": "Högbergskyrkans Församling",
    "postort": "Ludvika",
    "kommun": "Smedjebacken",
    "beslutsdatum": "",
    "case_id": "5502567",
    "lansstyrelse": "Lansstyrelsen i Dalarnas lan",
    "geocoded_from": "kommun:Smedjebacken"
   }
  },
  {
   "type": "Feature",
   "geometry": {
    "type": "Point",
    "coordinates": [
     15.41271142516955,
     60.150015676268985
    ]
   },
   "properties": {
    "diarienummer": "4575-2026",
    "status": "Handläggning",
    "indatum": "2026-05-19",
    "rubrik": "Anmälan enligt 11 kap 9 a § Miljöbalken om vattenverksamhet, byte av vägtrummor, Holmsjöbäcken, Smedjebacken kommun",
    "avsandare": "Jutbovägens Samfällighetsförening",
    "postort": "Ludvika",
    "kommun": "Smedjebacken",
    "beslutsdatum": "",
    "case_id": "5499402",
    "lansstyrelse": "Lansstyrelsen i Dalarnas lan",
    "geocoded_from": "kommun:Smedjebacken"
   }
  },
  {
   "type": "Feature",
   "geometry": {
    "type": "Point",
    "coordinates": [
     15.112981181048795,
     60.8850279614853
    ]
   },
   "properties": {
    "diarienummer": "4635-2026",
    "status": "Handläggning",
    "indatum": "2026-05-20",
    "rubrik": "Anmälan enligt 11 kap 9 a § Miljöbalken om vattenverksamhet, byte av trumma, väg\n888, Rättviks kommun",
    "avsandare": "Trafikverket",
    "postort": "",
    "kommun": "Rättvik",
    "beslutsdatum": "",
    "case_id": "5501454",
    "lansstyrelse": "Lansstyrelsen i Dalarnas lan",
    "kommun_kalla": "rubrik",
    "geocoded_from": "kommun:Rättvik"
   }
  },
  {
   "type": "Feature",
   "geometry": {
    "type": "Point",
    "coordinates": [
     14.530417044540009,
     61.0016990443749
    ]
   },
   "properties": {
    "diarienummer": "1596-2026",
    "status": "Handläggning",
    "indatum": "2026-02-19",
    "rubrik": "Anmälan enligt 11 kap 9 a § Miljöbalken om vattenverksamhet, återskapning av naturlig fördelning av vatten, Mora kommun",
    "avsandare": "Personuppgift",
    "postort": "",
    "kommun": "Mora",
    "beslutsdatum": "",
    "case_id": "5405175",
    "lansstyrelse": "Lansstyrelsen i Dalarnas lan",
    "kommun_kalla": "rubrik",
    "geocoded_from": "kommun:Mora"
   }
  },
  {
   "type": "Feature",
   "geometry": {
    "type": "Point",
    "coordinates": [
     15.190528504232754,
     60.14901489683858
    ]
   },
   "properties": {
    "diarienummer": "1769-2026",
    "status": "Handläggning",
    "indatum": "2026-02-25",
    "rubrik": "Anmälan enligt 11 kap 9 a § Miljöbalken om vattenverksamhet, Hyttsjön (WA11936183), vid Strömsdal i Ludvika kommun, Ludvika kommun",
    "avsandare": "Personuppgift",
    "postort": "Karlskoga",
    "kommun": "Ludvika",
    "beslutsdatum": "",
    "case_id": "5411024",
    "lansstyrelse": "Lansstyrelsen i Dalarnas lan",
    "geocoded_from": "kommun:Ludvika"
   }
  },
  {
   "type": "Feature",
   "geometry": {
    "type": "Point",
    "coordinates": [
     15.014896192510903,
     60.731422899504416
    ]
   },
   "properties": {
    "diarienummer": "1781-2026",
    "status": "Handläggning",
    "indatum": "2026-02-25",
    "rubrik": "Anmälan enligt 11 kap 9 a § Miljöbalken om vattenverksamhet, Insjön, Leksand kommun",
    "avsandare": "Personuppgift",
    "postort": "insjön",
    "kommun": "Leksand",
    "beslutsdatum": "",
    "case_id": "5411412",
    "lansstyrelse": "Lansstyrelsen i Dalarnas lan",
    "geocoded_from": "kommun:Leksand"
   }
  },
  {
   "type": "Feature",
   "geometry": {
    "type": "Point",
    "coordinates": [
     14.536938814138086,
     61.00014280251876
    ]
   },
   "properties": {
    "diarienummer": "1915-2026",
    "status": "Handläggning",
    "indatum": "2026-03-03",
    "rubrik": "Anmälan enligt 11 kap 9 a § Miljöbalken om vattenverksamhet, Venjanssjön, Mora kommun",
    "avsandare": "Personuppgift",
    "postort": "Mora",
    "kommun": "Mora",
    "beslutsdatum": "",
    "case_id": "5416601",
    "lansstyrelse": "Lansstyrelsen i Dalarnas lan",
    "geocoded_from": "kommun:Mora"
   }
  },
  {
   "type": "Feature",
   "geometry": {
    "type": "Point",
    "coordinates": [
     14.53018636345663,
     61.002402699599635
    ]
   },
   "properties": {
    "diarienummer": "3073-2026",
    "status": "Handläggning",
    "indatum": "2026-04-01",
    "rubrik": "Anmälan enligt 11 kap 9 a § Miljöbalken om vattenverksamhet, Våmån, Mora kommun",
    "avsandare": "Personuppgift",
    "postort": "Karlstad",
    "kommun": "Mora",
    "beslutsdatum": "",
    "case_id": "5451741",
    "lansstyrelse": "Lansstyrelsen i Dalarnas lan",
    "geocoded_from": "kommun:Mora"
   }
  },
  {
   "type": "Feature",
   "geometry": {
    "type": "Point",
    "coordinates": [
     15.982094222380471,
     60.280672577544
    ]
   },
   "properties": {
    "diarienummer": "3437-2026",
    "status": "Handläggning",
    "indatum": "2026-04-15",
    "rubrik": "Anmälan enligt 11 kap 9 a § Miljöbalken om vattenverksamhet, Jälken, rensning av dike Hedemora kommun",
    "avsandare": "Personuppgift",
    "postort": "Avesta",
    "kommun": "Hedemora",
    "beslutsdatum": "",
    "case_id": "5464447",
    "lansstyrelse": "Lansstyrelsen i Dalarnas lan",
    "geocoded_from": "kommun:Hedemora"
   }
  },
  {
   "type": "Feature",
   "geometry": {
    "type": "Point",
    "coordinates": [
     15.185194963565346,
     60.15289939268584
    ]
   },
   "properties": {
    "diarienummer": "3770-2026",
    "status": "Handläggning",
    "indatum": "2026-04-23",
    "rubrik": "Anmälan enligt 11 kap 9 a § Miljöbalken om vattenverksamhet, Södra barken, Smedjebacken kommun",
    "avsandare": "Personuppgift",
    "postort": "Ludvika",
    "kommun": "",
    "beslutsdatum": "",
    "case_id": "5472612",
    "lansstyrelse": "Lansstyrelsen i Dalarnas lan",
    "geocoded_from": "postort:Ludvika"
   }
  },
  {
   "type": "Feature",
   "geometry": {
    "type": "Point",
    "coordinates": [
     15.193868262562479,
     60.14798058988903
    ]
   },
   "properties": {
    "diarienummer": "3842-2026",
    "status": "Handläggning",
    "indatum": "2026-04-24",
    "rubrik": "Anmälan enligt 11 kap 9 a § Miljöbalken om vattenverksamhet för utrivning av befintlig uttjänt bro och anläggande av ny bro över Låsån, Ludvika kommun",
    "avsandare": "Personuppgift",
    "postort": "Falun",
    "kommun": "Ludvika",
    "beslutsdatum": "",
    "case_id": "5475069",
    "lansstyrelse": "Lansstyrelsen i Dalarnas lan",
    "geocoded_from": "kommun:Ludvika"
   }
  },
  {
   "type": "Feature",
   "geometry": {
    "type": "Point",
    "coordinates": [
     16.163624270160604,
     60.15204669181507
    ]
   },
   "properties": {
    "diarienummer": "1622-2026",
    "status": "Handläggning",
    "indatum": "2026-02-19",
    "rubrik": "Anmälan enligt 11 kap 9 a § Miljöbalken om vattenverksamhet, rivning av bro och anläggande av rörbro över Kärrsjöns utlopp vid Brovallen, Avesta kommun",
    "avsandare": "Personuppgift",
    "postort": "Karlstad",
    "kommun": "Avesta",
    "beslutsdatum": "",
    "case_id": "5406030",
    "lansstyrelse": "Lansstyrelsen i Dalarnas lan",
    "geocoded_from": "kommun:Avesta"
   }
  },
  {
   "type": "Feature",
   "geometry": {
    "type": "Point",
    "coordinates": [
     15.020339924810187,
     60.73555272623475
    ]
   },
   "properties": {
    "diarienummer": "2035-2026",
    "status": "Handläggning",
    "indatum": "2026-03-05",
    "rubrik": "Tillsyn av vattenverksamhet gällande återställning av strand i Finnäsviken i Grytnäs By, Leksands kommun",
    "avsandare": "Personuppgift",
    "postort": "",
    "kommun": "Leksand",
    "beslutsdatum": "",
    "case_id": "5419993",
    "lansstyrelse": "Lansstyrelsen i Dalarnas lan",
    "geocoded_from": "kommun:Leksand"
   }
  },
  {
   "type": "Feature",
   "geometry": {
    "type": "Point",
    "coordinates": [
     14.61785711453346,
     61.13391816156125
    ]
   },
   "properties": {
    "diarienummer": "2944-2026",
    "status": "Handläggning",
    "indatum": "2026-03-30",
    "rubrik": "Anmälan enligt 11 kap 9 a § Miljöbalken om vattenverksamhet, Orsasjön, Orsa kommun",
    "avsandare": "Personuppgift",
    "postort": "Orsa",
    "kommun": "Orsa",
    "beslutsdatum": "",
    "case_id": "5448128",
    "lansstyrelse": "Lansstyrelsen i Dalarnas lan",
    "geocoded_from": "kommun:Orsa"
   }
  },
  {
   "type": "Feature",
   "geometry": {
    "type": "Point",
    "coordinates": [
     18.283075285865166,
     57.630451728789446
    ]
   },
   "properties": {
    "diarienummer": "582-2026",
    "status": "Handläggning",
    "indatum": "2026-02-10",
    "rubrik": "Förslag på kontrollprogram för ianspråktagande av tillstånd för täkt- och vattenverksamhet i Bro",
    "avsandare": "Personuppgift",
    "postort": "Visby",
    "kommun": "Gotland",
    "beslutsdatum": "",
    "case_id": "5395230",
    "lansstyrelse": "Lansstyrelsen i Gotlands lan",
    "geocoded_from": "kommun:Gotland"
   }
  },
  {
   "type": "Feature",
   "geometry": {
    "type": "Point",
    "coordinates": [
     16.181486847646042,
     58.60006486630842
    ]
   },
   "properties": {
    "diarienummer": "1696-2026",
    "status": "Handläggning",
    "indatum": "2026-04-16",
    "rubrik": "Anmälan enligt 11 kap 9 a § Miljöbalken om vattenverksamhet",
    "avsandare": "SMHI",
    "postort": "Norrköping",
    "kommun": "",
    "beslutsdatum": "",
    "case_id": "5465910",
    "lansstyrelse": "Lansstyrelsen i Gotlands lan",
    "geocoded_from": "postort:Norrköping"
   }
  },
  {
   "type": "Feature",
   "geometry": {
    "type": "Point",
    "coordinates": [
     18.285567554684786,
     57.633290320019505
    ]
   },
   "properties": {
    "diarienummer": "1939-2026",
    "status": "Handläggning",
    "indatum": "2026-05-04",
    "rubrik": "Anmälan enligt 11 kap 9 a § Miljöbalken om vattenverksamhet, Östersjön, Burgsviken., Gotland kommun",
    "avsandare": "Personuppgift",
    "postort": "Visby",
    "kommun": "Gotland",
    "beslutsdatum": "",
    "case_id": "5482372",
    "lansstyrelse": "Lansstyrelsen i Gotlands lan",
    "geocoded_from": "kommun:Gotland"
   }
  },
  {
   "type": "Feature",
   "geometry": {
    "type": "Point",
    "coordinates": [
     18.28643518131357,
     57.63455418777867
    ]
   },
   "properties": {
    "diarienummer": "1739-2026",
    "status": "Handläggning",
    "indatum": "2026-04-20",
    "rubrik": "Anmälan enligt 11 kap 9 a § Miljöbalken om vattenverksamhet, Lummelundaån, Gotland kommun",
    "avsandare": "Personuppgift",
    "postort": "Sundbyberg",
    "kommun": "Gotland",
    "beslutsdatum": "",
    "case_id": "5468554",
    "lansstyrelse": "Lansstyrelsen i Gotlands lan",
    "geocoded_from": "kommun:Gotland"
   }
  },
  {
   "type": "Feature",
   "geometry": {
    "type": "Point",
    "coordinates": [
     17.14071505201995,
     60.67668706672883
    ]
   },
   "properties": {
    "diarienummer": "2235-2026",
    "status": "Handläggning",
    "indatum": "2026-03-23",
    "rubrik": "Anmälan enligt 11 kap 9 a § Miljöbalken om vattenverksamhet, Eskösundet, Gävle kommun",
    "avsandare": "Personuppgift",
    "postort": "Gävle",
    "kommun": "Gävle",
    "beslutsdatum": "",
    "case_id": "5437862",
    "lansstyrelse": "Lansstyrelsen i Gavleborgs lan",
    "geocoded_from": "kommun:Gävle"
   }
  },
  {
   "type": "Feature",
   "geometry": {
    "type": "Point",
    "coordinates": [
     17.136936429457503,
     60.67565058193691
    ]
   },
   "properties": {
    "diarienummer": "2387-2026",
    "status": "Handläggning",
    "indatum": "2026-03-26",
    "rubrik": "Anmälan enligt 11 kap 9 a § Miljöbalken om vattenverksamhet, Utnoraviken, Gävle kommun",
    "avsandare": "Björke Byamäns Samfällighetsförening",
    "postort": "Gävle",
    "kommun": "Gävle",
    "beslutsdatum": "",
    "case_id": "5442869",
    "lansstyrelse": "Lansstyrelsen i Gavleborgs lan",
    "geocoded_from": "kommun:Gävle"
   }
  },
  {
   "type": "Feature",
   "geometry": {
    "type": "Point",
    "coordinates": [
     16.780379925068498,
     60.61788627415612
    ]
   },
   "properties": {
    "diarienummer": "2776-2026",
    "status": "Handläggning",
    "indatum": "2026-04-03",
    "rubrik": "Begäran om tillsyn av vattenverksamhet, låg vattennivån i Jädraån uppströms Kungsfors kraftverk, Sandvikens kommun",
    "avsandare": "Personuppgift",
    "postort": "",
    "kommun": "Sandviken",
    "beslutsdatum": "",
    "case_id": "5455052",
    "lansstyrelse": "Lansstyrelsen i Gavleborgs lan",
    "kommun_kalla": "rubrik",
    "geocoded_from": "kommun:Sandviken"
   }
  },
  {
   "type": "Feature",
   "geometry": {
    "type": "Point",
    "coordinates": [
     17.098422285186036,
     61.73083951427471
    ]
   },
   "properties": {
    "diarienummer": "2785-2026",
    "status": "Handläggning",
    "indatum": "2026-04-07",
    "rubrik": "Begäran om tillsyn av vattenverksamhet, Hudiksvalls kommun",
    "avsandare": "Hudiksvalls kommun",
    "postort": "Hudiksvall",
    "kommun": "",
    "beslutsdatum": "",
    "case_id": "5455182",
    "lansstyrelse": "Lansstyrelsen i Gavleborgs lan",
    "geocoded_from": "postort:Hudiksvall"
   }
  },
  {
   "type": "Feature",
   "geometry": {
    "type": "Point",
    "coordinates": [
     17.070964428839662,
     61.301131378644655
    ]
   },
   "properties": {
    "diarienummer": "3084-2026",
    "status": "Handläggning",
    "indatum": "2026-04-16",
    "rubrik": "Anmälan enligt 11 kap 9 a § Miljöbalken om vattenverksamhet, havet utanför källviks området i Söderhamns kommun, Söderhamn kommun",
    "avsandare": "Personuppgift",
    "postort": "Sandarne",
    "kommun": "Söderhamn",
    "beslutsdatum": "",
    "case_id": "5465553",
    "lansstyrelse": "Lansstyrelsen i Gavleborgs lan",
    "geocoded_from": "kommun:Söderhamn"
   }
  },
  {
   "type": "Feature",
   "geometry": {
    "type": "Point",
    "coordinates": [
     16.08340498626623,
     61.830748441312046
    ]
   },
   "properties": {
    "diarienummer": "3389-2026",
    "status": "Handläggning",
    "indatum": "2026-04-27",
    "rubrik": "Anmälan enligt 11 kap 9 a § Miljöbalken om vattenverksamhet, Leån, Ljusdal kommun",
    "avsandare": "Ljusdals kommun",
    "postort": "Ljusdal",
    "kommun": "Ljusdal",
    "beslutsdatum": "",
    "case_id": "5476053",
    "lansstyrelse": "Lansstyrelsen i Gavleborgs lan",
    "geocoded_from": "kommun:Ljusdal"
   }
  },
  {
   "type": "Feature",
   "geometry": {
    "type": "Point",
    "coordinates": [
     16.079321111574686,
     61.83470739443776
    ]
   },
   "properties": {
    "diarienummer": "3459-2026",
    "status": "Handläggning",
    "indatum": "2026-04-28",
    "rubrik": "Anmälan enligt 11 kap 9 a § Miljöbalken om vattenverksamhet, Stenbäcken, Ljusdals kommun",
    "avsandare": "Ellevio AB",
    "postort": "Stockholm",
    "kommun": "Ljusdal",
    "beslutsdatum": "",
    "case_id": "5478376",
    "lansstyrelse": "Lansstyrelsen i Gavleborgs lan",
    "geocoded_from": "kommun:Ljusdal"
   }
  },
  {
   "type": "Feature",
   "geometry": {
    "type": "Point",
    "coordinates": [
     17.136940595505816,
     60.672163564522265
    ]
   },
   "properties": {
    "diarienummer": "3769-2026",
    "status": "Handläggning",
    "indatum": "2026-05-07",
    "rubrik": "Anmälan enligt 11 kap 9 a § Miljöbalken om vattenverksamhet, Skärgårdsviken, Gävle kommun",
    "avsandare": "Personuppgift",
    "postort": "Gävle",
    "kommun": "Gävle",
    "beslutsdatum": "",
    "case_id": "5488279",
    "lansstyrelse": "Lansstyrelsen i Gavleborgs lan",
    "geocoded_from": "kommun:Gävle"
   }
  },
  {
   "type": "Feature",
   "geometry": {
    "type": "Point",
    "coordinates": [
     17.145645923965645,
     60.6765850775488
    ]
   },
   "properties": {
    "diarienummer": "1730-2026",
    "status": "Handläggning",
    "indatum": "2026-03-05",
    "rubrik": "Förslag till kontrollprogram för vattenverksamhet samt åtgärdsplan för område Norra stambanan inom stax25, Gävle kommun, Ockelbos kommun",
    "avsandare": "Trafikverket",
    "postort": "",
    "kommun": "Gävle",
    "beslutsdatum": "",
    "case_id": "5419956",
    "lansstyrelse": "Lansstyrelsen i Gavleborgs lan",
    "geocoded_from": "kommun:Gävle"
   }
  },
  {
   "type": "Feature",
   "geometry": {
    "type": "Point",
    "coordinates": [
     17.064704773978754,
     61.30059810029339
    ]
   },
   "properties": {
    "diarienummer": "2341-2026",
    "status": "Handläggning",
    "indatum": "2026-03-23",
    "rubrik": "Begäran om tillsyn av vattenverksamhet - fördämning i utloppet ur Kastviken vid Jonskär i Söderhamns kommun",
    "avsandare": "Personuppgift",
    "postort": "",
    "kommun": "Söderhamn",
    "beslutsdatum": "",
    "case_id": "5441727",
    "lansstyrelse": "Lansstyrelsen i Gavleborgs lan",
    "geocoded_from": "kommun:Söderhamn"
   }
  },
  {
   "type": "Feature",
   "geometry": {
    "type": "Point",
    "coordinates": [
     17.10134147515183,
     61.73579539787066
    ]
   },
   "properties": {
    "diarienummer": "2676-2026",
    "status": "Handläggning",
    "indatum": "2026-04-01",
    "rubrik": "Anmälan enligt 11 kap 9 a § Miljöbalken om vattenverksamhet, Bodtjärnsbäcken, Hudiksvall kommun",
    "avsandare": "Trafikverket",
    "postort": "Karlstad",
    "kommun": "Hudiksvall",
    "beslutsdatum": "",
    "case_id": "5451831",
    "lansstyrelse": "Lansstyrelsen i Gavleborgs lan",
    "geocoded_from": "kommun:Hudiksvall"
   }
  },
  {
   "type": "Feature",
   "geometry": {
    "type": "Point",
    "coordinates": [
     16.71644152395597,
     60.88493016947777
    ]
   },
   "properties": {
    "diarienummer": "2774-2026",
    "status": "Handläggning",
    "indatum": "2026-03-30",
    "rubrik": "Begäran om tillsyn av vattenverksamhet, Ockelbos kommun",
    "avsandare": "Personuppgift",
    "postort": "",
    "kommun": "Ockelbo",
    "beslutsdatum": "",
    "case_id": "5454981",
    "lansstyrelse": "Lansstyrelsen i Gavleborgs lan",
    "geocoded_from": "kommun:Ockelbo"
   }
  },
  {
   "type": "Feature",
   "geometry": {
    "type": "Point",
    "coordinates": [
     17.10229887238119,
     61.73095606909197
    ]
   },
   "properties": {
    "diarienummer": "3051-2026",
    "status": "Handläggning",
    "indatum": "2026-04-15",
    "rubrik": "Anmälan enligt 11 kap 9 a § Miljöbalken om vattenverksamhet, Hudiksvalls kommun",
    "avsandare": "Personuppgift",
    "postort": "Hudiksvall",
    "kommun": "Hudiksvall",
    "beslutsdatum": "",
    "case_id": "5464509",
    "lansstyrelse": "Lansstyrelsen i Gavleborgs lan",
    "geocoded_from": "kommun:Hudiksvall"
   }
  },
  {
   "type": "Feature",
   "geometry": {
    "type": "Point",
    "coordinates": [
     17.14049422238047,
     60.672372577544
    ]
   },
   "properties": {
    "diarienummer": "3437-2026",
    "status": "Handläggning",
    "indatum": "2026-04-28",
    "rubrik": "Anmälan enligt 11 kap 9 a § Miljöbalken om vattenverksamhet, Eskösundet, Gävle kommun",
    "avsandare": "Personuppgift",
    "postort": "Gävle",
    "kommun": "Gävle",
    "beslutsdatum": "",
    "case_id": "5477704",
    "lansstyrelse": "Lansstyrelsen i Gavleborgs lan",
    "geocoded_from": "kommun:Gävle"
   }
  },
  {
   "type": "Feature",
   "geometry": {
    "type": "Point",
    "coordinates": [
     17.13915614973113,
     60.67273751806447
    ]
   },
   "properties": {
    "diarienummer": "3573-2026",
    "status": "Handläggning",
    "indatum": "2026-04-24",
    "rubrik": "Anmälan enligt 11 kap 9 a § Miljöbalken om vattenverksamhet, utbyte av brygga, Gävle kommun",
    "avsandare": "Norrsundets Motorbåtsklubb",
    "postort": "",
    "kommun": "Gävle",
    "beslutsdatum": "",
    "case_id": "5482136",
    "lansstyrelse": "Lansstyrelsen i Gavleborgs lan",
    "geocoded_from": "kommun:Gävle"
   }
  },
  {
   "type": "Feature",
   "geometry": {
    "type": "Point",
    "coordinates": [
     17.102558829339056,
     61.73125747423417
    ]
   },
   "properties": {
    "diarienummer": "3904-2026",
    "status": "Handläggning",
    "indatum": "2026-05-13",
    "rubrik": "Begäran om tillsyn av vattenverksamhet, Hudiksvalls kommun",
    "avsandare": "Anonym",
    "postort": "",
    "kommun": "Hudiksvall",
    "beslutsdatum": "",
    "case_id": "5494325",
    "lansstyrelse": "Lansstyrelsen i Gavleborgs lan",
    "geocoded_from": "kommun:Hudiksvall"
   }
  },
  {
   "type": "Feature",
   "geometry": {
    "type": "Point",
    "coordinates": [
     16.28599700525746,
     60.54712129603131
    ]
   },
   "properties": {
    "diarienummer": "4029-2026",
    "status": "Handläggning",
    "indatum": "2026-05-13",
    "rubrik": "Begäran om tillsyn av vattenverksamhet vid Hyns regleringsdamm i Hofors kommun",
    "avsandare": "Hofors Fiskevårdsområdesförening",
    "postort": "",
    "kommun": "Hofors",
    "beslutsdatum": "",
    "case_id": "5498361",
    "lansstyrelse": "Lansstyrelsen i Gavleborgs lan",
    "geocoded_from": "kommun:Hofors"
   }
  },
  {
   "type": "Feature",
   "geometry": {
    "type": "Point",
    "coordinates": [
     16.39986590682956,
     61.34879370451448
    ]
   },
   "properties": {
    "diarienummer": "3820-2026",
    "status": "Handläggning",
    "indatum": "2026-05-11",
    "rubrik": "Anmälan enligt 11 kap 9 a § Miljöbalken om vattenverksamhet, rorån, Bollnäs kommun",
    "avsandare": "Rorvägens Samfällighetsförening",
    "postort": "Vallsta",
    "kommun": "Bollnäs",
    "beslutsdatum": "",
    "case_id": "5490282",
    "lansstyrelse": "Lansstyrelsen i Gavleborgs lan",
    "geocoded_from": "kommun:Bollnäs"
   }
  },
  {
   "type": "Feature",
   "geometry": {
    "type": "Point",
    "coordinates": [
     17.14691525748839,
     62.05284231774725
    ]
   },
   "properties": {
    "diarienummer": "4122-2026",
    "status": "Handläggning",
    "indatum": "2026-05-21",
    "rubrik": "Anmälan enligt 11 kap 9 a § Miljöbalken om vattenverksamhet, skutviken, Nordanstig kommun",
    "avsandare": "Personuppgift",
    "postort": "Strömsbruk",
    "kommun": "Nordanstig",
    "beslutsdatum": "",
    "case_id": "5501567",
    "lansstyrelse": "Lansstyrelsen i Gavleborgs lan",
    "geocoded_from": "kommun:Nordanstig"
   }
  },
  {
   "type": "Feature",
   "geometry": {
    "type": "Point",
    "coordinates": [
     17.138594131332354,
     60.67212685598088
    ]
   },
   "properties": {
    "diarienummer": "4051-2026",
    "status": "Handläggning",
    "indatum": "2026-05-19",
    "rubrik": "Anmälan enligt 11 kap 9 a § Miljöbalken om vattenverksamhet - Forsbacka avfallsanläggning, Gävle kommun",
    "avsandare": "PreZero Recycling AB",
    "postort": "",
    "kommun": "Gävle",
    "beslutsdatum": "",
    "case_id": "5499531",
    "lansstyrelse": "Lansstyrelsen i Gavleborgs lan",
    "geocoded_from": "kommun:Gävle"
   }
  },
  {
   "type": "Feature",
   "geometry": {
    "type": "Point",
    "coordinates": [
     17.14494354824064,
     60.673963142056046
    ]
   },
   "properties": {
    "diarienummer": "37-2026",
    "status": "Handläggning",
    "indatum": "2026-01-07",
    "rubrik": "Tillsyn av vattenverksamhet - hög vattennivå vid Bergby kraftverk, Gävle kommun",
    "avsandare": "Länsstyrelsen",
    "postort": "",
    "kommun": "Gävle",
    "beslutsdatum": "",
    "case_id": "5357458",
    "lansstyrelse": "Lansstyrelsen i Gavleborgs lan",
    "kommun_kalla": "rubrik",
    "geocoded_from": "kommun:Gävle"
   }
  },
  {
   "type": "Feature",
   "geometry": {
    "type": "Point",
    "coordinates": [
     12.06547916756707,
     57.48241611163474
    ]
   },
   "properties": {
    "diarienummer": "302-2026",
    "status": "Handläggning",
    "indatum": "2026-01-13",
    "rubrik": "Förfrågan om handlingarna behöver kompletteras gällande ansökan om vattenverksamhet vid Kvarndammens \n(Bergets) vattenkraftverk, Kungsbacka kommun",
    "avsandare": "Mark- och Miljödomstolen vid Vänersborgs Tingsrätt",
    "postort": "",
    "kommun": "Kungsbacka",
    "beslutsdatum": "",
    "case_id": "5367001",
    "lansstyrelse": "Lansstyrelsen i Hallands lan",
    "kommun_kalla": "rubrik",
    "geocoded_from": "kommun:Kungsbacka"
   }
  },
  {
   "type": "Feature",
   "geometry": {
    "type": "Point",
    "coordinates": [
     12.067332542476652,
     57.484379387264404
    ]
   },
   "properties": {
    "diarienummer": "2903-2026",
    "status": "Handläggning",
    "indatum": "2026-04-20",
    "rubrik": "Anmälan enligt 11 kap 9 a § Miljöbalken om vattenverksamhet, Söderå, Kungsbacka kommun",
    "avsandare": "Kungsbacka kommun",
    "postort": "Kungsbacka",
    "kommun": "Kungsbacka",
    "beslutsdatum": "",
    "case_id": "5469112",
    "lansstyrelse": "Lansstyrelsen i Hallands lan",
    "geocoded_from": "kommun:Kungsbacka"
   }
  },
  {
   "type": "Feature",
   "geometry": {
    "type": "Point",
    "coordinates": [
     12.862519441737367,
     56.67440431898275
    ]
   },
   "properties": {
    "diarienummer": "3198-2026",
    "status": "Handläggning",
    "indatum": "2026-04-30",
    "rubrik": "Anmälan enligt 11 kap 9 a § Miljöbalken om vattenverksamhet, Nissan, Halmstad kommun",
    "avsandare": "Laholmsbuktens VA AB",
    "postort": "Halmstad",
    "kommun": "Halmstad",
    "beslutsdatum": "",
    "case_id": "5481241",
    "lansstyrelse": "Lansstyrelsen i Hallands lan",
    "geocoded_from": "kommun:Halmstad"
   }
  },
  {
   "type": "Feature",
   "geometry": {
    "type": "Point",
    "coordinates": [
     12.07112795625811,
     57.48126048411682
    ]
   },
   "properties": {
    "diarienummer": "3256-2026",
    "status": "Handläggning",
    "indatum": "2026-05-05",
    "rubrik": "Anmälan enligt 11 kap 9 a § Miljöbalken om vattenverksamhet, dike, Kungsbacka kommun",
    "avsandare": "Personuppgift",
    "postort": "Vallda",
    "kommun": "Kungsbacka",
    "beslutsdatum": "",
    "case_id": "5485146",
    "lansstyrelse": "Lansstyrelsen i Hallands lan",
    "geocoded_from": "kommun:Kungsbacka"
   }
  },
  {
   "type": "Feature",
   "geometry": {
    "type": "Point",
    "coordinates": [
     12.86174816185169,
     56.67132897610699
    ]
   },
   "properties": {
    "diarienummer": "3444-2026",
    "status": "Handläggning",
    "indatum": "2026-05-12",
    "rubrik": "Kompletterande yttrande ansökan om frivilligt tillstånd till miljöfarlig verksamhet och vattenverksamhet för solcellsanläggning Bjernared, Falkenbergs och Halmstads kommun",
    "avsandare": "Miljöprövningsdelegationen",
    "postort": "",
    "kommun": "Halmstad",
    "beslutsdatum": "",
    "case_id": "5493665",
    "lansstyrelse": "Lansstyrelsen i Hallands lan",
    "kommun_kalla": "rubrik",
    "geocoded_from": "kommun:Halmstad"
   }
  },
  {
   "type": "Feature",
   "geometry": {
    "type": "Point",
    "coordinates": [
     12.070108926668896,
     57.48187371212278
    ]
   },
   "properties": {
    "diarienummer": "3508-2026",
    "status": "Handläggning",
    "indatum": "2026-05-15",
    "rubrik": "Anmälan enligt 11 kap 9 a § Miljöbalken om vattenverksamhet, Rolfsån, Kungsbacka kommun",
    "avsandare": "Trafikverket",
    "postort": "Trollhättan",
    "kommun": "Kungsbacka",
    "beslutsdatum": "",
    "case_id": "5495807",
    "lansstyrelse": "Lansstyrelsen i Hallands lan",
    "geocoded_from": "kommun:Kungsbacka"
   }
  },
  {
   "type": "Feature",
   "geometry": {
    "type": "Point",
    "coordinates": [
     12.862582747617191,
     56.67228300371975
    ]
   },
   "properties": {
    "diarienummer": "3519-2026",
    "status": "Handläggning",
    "indatum": "2026-05-15",
    "rubrik": "Begäran om yttrande över ansökan om tillstånd till vattenverksamhet, Halmstads hamn i Halmstads kommun",
    "avsandare": "Vänersborgs tingsrätt, Mark- och miljödomstolen",
    "postort": "",
    "kommun": "Halmstad",
    "beslutsdatum": "",
    "case_id": "5496412",
    "lansstyrelse": "Lansstyrelsen i Hallands lan",
    "geocoded_from": "kommun:Halmstad"
   }
  },
  {
   "type": "Feature",
   "geometry": {
    "type": "Point",
    "coordinates": [
     14.634208014284232,
     63.18149109339744
    ]
   },
   "properties": {
    "diarienummer": "3628-2026",
    "status": "Handläggning",
    "indatum": "2026-05-21",
    "rubrik": "Anmälan om vattenverksamhet enligt 11 kap. 9a§ Miljöbalken",
    "avsandare": "Östersunds kommun",
    "postort": "Östersund",
    "kommun": "",
    "beslutsdatum": "",
    "case_id": "5501742",
    "lansstyrelse": "Lansstyrelsen i Jamtlands lan",
    "geocoded_from": "postort:Östersund"
   }
  },
  {
   "type": "Feature",
   "geometry": {
    "type": "Point",
    "coordinates": [
     13.846018347667368,
     62.048126713529804
    ]
   },
   "properties": {
    "diarienummer": "2301-2026",
    "status": "Handläggning",
    "indatum": "2026-03-26",
    "rubrik": "Anmälan enligt 11 kap 9 a § Miljöbalken om vattenverksamhet, anläggning av dricks- och spillvattenledning, Ramundberget – Kåvan, Etapp 2 Bruksvallarna, Härjedalens kommun",
    "avsandare": "Vatten & Miljöresurs Mitt AB",
    "postort": "",
    "kommun": "Härjedalen",
    "beslutsdatum": "",
    "case_id": "5445283",
    "lansstyrelse": "Lansstyrelsen i Jamtlands lan",
    "geocoded_from": "kommun:Härjedalen"
   }
  },
  {
   "type": "Feature",
   "geometry": {
    "type": "Point",
    "coordinates": [
     13.852428305912152,
     62.04952872858087
    ]
   },
   "properties": {
    "diarienummer": "2675-2026",
    "status": "Handläggning",
    "indatum": "2026-04-13",
    "rubrik": "Anmälan enligt 11 kap 9 a § Miljöbalken om vattenverksamhet, fyllning eller pålning, Ljusnan, Härjedalens kommun",
    "avsandare": "GRK Sverige AB",
    "postort": "Boden",
    "kommun": "Härjedalen",
    "beslutsdatum": "",
    "case_id": "5460657",
    "lansstyrelse": "Lansstyrelsen i Jamtlands lan",
    "geocoded_from": "kommun:Härjedalen"
   }
  },
  {
   "type": "Feature",
   "geometry": {
    "type": "Point",
    "coordinates": [
     14.633745858022825,
     63.1819660230573
    ]
   },
   "properties": {
    "diarienummer": "3025-2026",
    "status": "Handläggning",
    "indatum": "2026-04-24",
    "rubrik": "Begäran om tillsyn av vattenverksamhet, fällning av träd, grävning mot sjö m.m., Östersunds kommun",
    "avsandare": "Östersunds kommun",
    "postort": "",
    "kommun": "Östersund",
    "beslutsdatum": "",
    "case_id": "5475261",
    "lansstyrelse": "Lansstyrelsen i Jamtlands lan",
    "geocoded_from": "kommun:Östersund"
   }
  },
  {
   "type": "Feature",
   "geometry": {
    "type": "Point",
    "coordinates": [
     13.853552236177947,
     62.0508497922993
    ]
   },
   "properties": {
    "diarienummer": "3185-2026",
    "status": "Handläggning",
    "indatum": "2026-04-30",
    "rubrik": "Anmälan enligt 11 kap 9 a § Miljöbalken om vattenverksamhet, Hittar inget namn på detta vattendrag, Härjedalens kommun",
    "avsandare": "Axavia Sverige AB",
    "postort": "Sveg",
    "kommun": "Härjedalen",
    "beslutsdatum": "",
    "case_id": "5481349",
    "lansstyrelse": "Lansstyrelsen i Jamtlands lan",
    "geocoded_from": "kommun:Härjedalen"
   }
  },
  {
   "type": "Feature",
   "geometry": {
    "type": "Point",
    "coordinates": [
     15.419484983807193,
     62.74809683694142
    ]
   },
   "properties": {
    "diarienummer": "3207-2026",
    "status": "Handläggning",
    "indatum": "2026-05-04",
    "rubrik": "Anmälan enligt 11 kap 9 a § Miljöbalken om vattenverksamhet, nedläggning av kabel, rör eller ledning, Revsundssjön, Bräcke kommun",
    "avsandare": "Vatten och miljöresurs",
    "postort": "Bräcke",
    "kommun": "Bräcke",
    "beslutsdatum": "",
    "case_id": "5482096",
    "lansstyrelse": "Lansstyrelsen i Jamtlands lan",
    "geocoded_from": "kommun:Bräcke"
   }
  },
  {
   "type": "Feature",
   "geometry": {
    "type": "Point",
    "coordinates": [
     13.084313727622247,
     63.399134151795664
    ]
   },
   "properties": {
    "diarienummer": "3262-2026",
    "status": "Handläggning",
    "indatum": "2026-05-05",
    "rubrik": "Anmälan enligt 11 kap 9 a § Miljöbalken om vattenverksamhet, nedläggning av trumma, Natura 2000-område, Åre kommun",
    "avsandare": "Jämtkraft AB",
    "postort": "Östersund",
    "kommun": "Åre",
    "beslutsdatum": "",
    "case_id": "5484638",
    "lansstyrelse": "Lansstyrelsen i Jamtlands lan",
    "geocoded_from": "kommun:Åre"
   }
  },
  {
   "type": "Feature",
   "geometry": {
    "type": "Point",
    "coordinates": [
     13.852392675853228,
     62.05073471087431
    ]
   },
   "properties": {
    "diarienummer": "3356-2026",
    "status": "Handläggning",
    "indatum": "2026-05-07",
    "rubrik": "Samråd inför tillståndsansökan för täkt av torv samt vattenverksamhet, Rössjeflyet och Digerflon, inbjudan , Härjedalens kommun",
    "avsandare": "Härjedalens miljöbränsle AB",
    "postort": "",
    "kommun": "Härjedalen",
    "beslutsdatum": "",
    "case_id": "5488911",
    "lansstyrelse": "Lansstyrelsen i Jamtlands lan",
    "geocoded_from": "kommun:Härjedalen"
   }
  },
  {
   "type": "Feature",
   "geometry": {
    "type": "Point",
    "coordinates": [
     14.237671858276558,
     63.34968951756491
    ]
   },
   "properties": {
    "diarienummer": "207-2026",
    "status": "Handläggning",
    "indatum": "2026-01-13",
    "rubrik": "Förfrågan om tillstånd för vattenverksamhet, Krokoms kommun",
    "avsandare": "Personuppgift",
    "postort": "Nälden",
    "kommun": "",
    "beslutsdatum": "",
    "case_id": "5364280",
    "lansstyrelse": "Lansstyrelsen i Jamtlands lan",
    "geocoded_from": "postort:Nälden"
   }
  },
  {
   "type": "Feature",
   "geometry": {
    "type": "Point",
    "coordinates": [
     13.083480355814817,
     63.39942337445888
    ]
   },
   "properties": {
    "diarienummer": "2559-2026",
    "status": "Handläggning",
    "indatum": "2026-04-07",
    "rubrik": "Anmälan enligt 11 kap 9 a § Miljöbalken om vattenverksamhet, fyllning, pålning samt förstärkning av fast brygga och stenpir i Storsjön, Åre kommun",
    "avsandare": "Föreningen Vällvikens brygga",
    "postort": "Hallen",
    "kommun": "Åre",
    "beslutsdatum": "",
    "case_id": "5455394",
    "lansstyrelse": "Lansstyrelsen i Jamtlands lan",
    "geocoded_from": "kommun:Åre"
   }
  },
  {
   "type": "Feature",
   "geometry": {
    "type": "Point",
    "coordinates": [
     15.418944071315822,
     62.74796156970501
    ]
   },
   "properties": {
    "diarienummer": "2586-2026",
    "status": "Handläggning",
    "indatum": "2026-04-08",
    "rubrik": "Anmälan enligt 11 kap 9 a § Miljöbalken om vattenverksamhet, byte av trummor inom Gimåns vattensystem, Bräcke kommun",
    "avsandare": "Trafikverket",
    "postort": "SUNDSVALL",
    "kommun": "Bräcke",
    "beslutsdatum": "",
    "case_id": "5455956",
    "lansstyrelse": "Lansstyrelsen i Jamtlands lan",
    "geocoded_from": "kommun:Bräcke"
   }
  },
  {
   "type": "Feature",
   "geometry": {
    "type": "Point",
    "coordinates": [
     14.483041523955972,
     63.33493016947777
    ]
   },
   "properties": {
    "diarienummer": "2774-2026",
    "status": "Handläggning",
    "indatum": "2026-04-15",
    "rubrik": "Tillsyn av dammsäkerhet och vattenverksamhet vid Åflo kvarns dammanläggning i Krokoms kommun",
    "avsandare": "Personuppgift",
    "postort": "",
    "kommun": "Krokom",
    "beslutsdatum": "",
    "case_id": "5464533",
    "lansstyrelse": "Lansstyrelsen i Jamtlands lan",
    "kommun_kalla": "rubrik",
    "geocoded_from": "kommun:Krokom"
   }
  },
  {
   "type": "Feature",
   "geometry": {
    "type": "Point",
    "coordinates": [
     13.854175337052155,
     62.05076257187194
    ]
   },
   "properties": {
    "diarienummer": "2912-2026",
    "status": "Handläggning",
    "indatum": "2026-04-21",
    "rubrik": "Anmälan enligt 11 kap 9 a § Miljöbalken om vattenverksamhet, nedläggning av kablar i bäckar kring Orrmosjön, Härjedalens kommun",
    "avsandare": "Härjeåns Nät AB",
    "postort": "Sveg",
    "kommun": "Härjedalen",
    "beslutsdatum": "",
    "case_id": "5470875",
    "lansstyrelse": "Lansstyrelsen i Jamtlands lan",
    "geocoded_from": "kommun:Härjedalen"
   }
  },
  {
   "type": "Feature",
   "geometry": {
    "type": "Point",
    "coordinates": [
     14.483461437286524,
     63.330648062703744
    ]
   },
   "properties": {
    "diarienummer": "3164-2026",
    "status": "Handläggning",
    "indatum": "2026-04-30",
    "rubrik": "Anmälan enligt 11 kap 9 a § Miljöbalken om vattenverksamhet, byte av trumma i bäck från Ålviktjärnen, Krokoms kommun",
    "avsandare": "Lövhöjdens VSF",
    "postort": "Föllinge",
    "kommun": "Krokom",
    "beslutsdatum": "",
    "case_id": "5480709",
    "lansstyrelse": "Lansstyrelsen i Jamtlands lan",
    "geocoded_from": "kommun:Krokom"
   }
  },
  {
   "type": "Feature",
   "geometry": {
    "type": "Point",
    "coordinates": [
     13.851329014879614,
     62.05286933256364
    ]
   },
   "properties": {
    "diarienummer": "3173-2026",
    "status": "Handläggning",
    "indatum": "2026-04-30",
    "rubrik": "Samråd inför tillståndsansökan för övrig vattenverksamhet, anläggande av skogsbilväg,  Härjedalens kommun",
    "avsandare": "Personuppgift",
    "postort": "Lofsdalen",
    "kommun": "Härjedalen",
    "beslutsdatum": "",
    "case_id": "5481075",
    "lansstyrelse": "Lansstyrelsen i Jamtlands lan",
    "geocoded_from": "kommun:Härjedalen"
   }
  },
  {
   "type": "Feature",
   "geometry": {
    "type": "Point",
    "coordinates": [
     14.479422932854352,
     63.33110274586396
    ]
   },
   "properties": {
    "diarienummer": "3366-2026",
    "status": "Handläggning",
    "indatum": "2026-05-08",
    "rubrik": "Anmälan enligt 11 kap 9 a § Miljöbalken om vattenverksamhet, grävning och nedläggning av kabel i vattendrag, Krokoms kommun",
    "avsandare": "Jämtkraft Elnät",
    "postort": "Östersund",
    "kommun": "Krokom",
    "beslutsdatum": "",
    "case_id": "5489414",
    "lansstyrelse": "Lansstyrelsen i Jamtlands lan",
    "geocoded_from": "kommun:Krokom"
   }
  },
  {
   "type": "Feature",
   "geometry": {
    "type": "Point",
    "coordinates": [
     14.400741660572045,
     63.082159435861314
    ]
   },
   "properties": {
    "diarienummer": "3533-2026",
    "status": "Handläggning",
    "indatum": "2026-05-18",
    "rubrik": "Anmälan om eventuell olovlig vattenverksamhet, Bergs kommun",
    "avsandare": "Bergs kommun",
    "postort": "",
    "kommun": "Berg",
    "beslutsdatum": "",
    "case_id": "5496839",
    "lansstyrelse": "Lansstyrelsen i Jamtlands lan",
    "kommun_kalla": "rubrik",
    "geocoded_from": "kommun:Berg"
   }
  },
  {
   "type": "Feature",
   "geometry": {
    "type": "Point",
    "coordinates": [
     14.633811865529514,
     63.18277719150906
    ]
   },
   "properties": {
    "diarienummer": "3638-2026",
    "status": "Handläggning",
    "indatum": "2026-05-21",
    "rubrik": "Anmälan enligt 11 kap 9 a § Miljöbalken om vattenverksamhet, trumbyte, Östersunds kommun [FIHM2026-734]",
    "avsandare": "Försvarsinspektören för hälsa och miljö",
    "postort": "",
    "kommun": "Östersund",
    "beslutsdatum": "",
    "case_id": "5501996",
    "lansstyrelse": "Lansstyrelsen i Jamtlands lan",
    "geocoded_from": "kommun:Östersund"
   }
  },
  {
   "type": "Feature",
   "geometry": {
    "type": "Point",
    "coordinates": [
     14.63042860884195,
     63.183694851362
    ]
   },
   "properties": {
    "diarienummer": "3639-2026",
    "status": "Handläggning",
    "indatum": "2026-05-21",
    "rubrik": "Anmälan enligt 11 kap 9 a § Miljöbalken om vattenverksamhet, trumbyte, Östersunds kommun [FIHM2026-733]",
    "avsandare": "Försvarsinspektören för hälsa och miljö",
    "postort": "",
    "kommun": "Östersund",
    "beslutsdatum": "",
    "case_id": "5502000",
    "lansstyrelse": "Lansstyrelsen i Jamtlands lan",
    "kommun_kalla": "rubrik",
    "geocoded_from": "kommun:Östersund"
   }
  },
  {
   "type": "Feature",
   "geometry": {
    "type": "Point",
    "coordinates": [
     14.164274683653172,
     57.78127148432001
    ]
   },
   "properties": {
    "diarienummer": "4233-2026",
    "status": "Handläggning",
    "indatum": "2026-05-20",
    "rubrik": "Anmälan enligt 11 kap 9 a § Miljöbalken om vattenverksamhet, Sågån, Jönköping kommun",
    "avsandare": "Personuppgift",
    "postort": "Bromma",
    "kommun": "Jönköping",
    "beslutsdatum": "",
    "case_id": "5499970",
    "lansstyrelse": "Lansstyrelsen i Jonkopings lan",
    "geocoded_from": "kommun:Jönköping"
   }
  },
  {
   "type": "Feature",
   "geometry": {
    "type": "Point",
    "coordinates": [
     14.168985630075985,
     57.78395443287984
    ]
   },
   "properties": {
    "diarienummer": "879-2026",
    "status": "Handläggning",
    "indatum": "2026-02-02",
    "rubrik": "Anmälan om tillsyn av vattenverksamhet, bebyggt i vatten, Jönköpings kommun",
    "avsandare": "Jönköpings kommun",
    "postort": "",
    "kommun": "Jönköping",
    "beslutsdatum": "",
    "case_id": "5387467",
    "lansstyrelse": "Lansstyrelsen i Jonkopings lan",
    "geocoded_from": "kommun:Jönköping"
   }
  },
  {
   "type": "Feature",
   "geometry": {
    "type": "Point",
    "coordinates": [
     14.667497181462853,
     57.400453376371054
    ]
   },
   "properties": {
    "diarienummer": "1306-2026",
    "status": "Handläggning",
    "indatum": "2026-02-17",
    "rubrik": "Anmälan enligt 11 kap 9 a § Miljöbalken om vattenverksamhet, Ljungaån, Sävsjö kommun",
    "avsandare": "Personuppgift",
    "postort": "Borlänge",
    "kommun": "Sävsjö",
    "beslutsdatum": "",
    "case_id": "5401687",
    "lansstyrelse": "Lansstyrelsen i Jonkopings lan",
    "geocoded_from": "kommun:Sävsjö"
   }
  },
  {
   "type": "Feature",
   "geometry": {
    "type": "Point",
    "coordinates": [
     14.181528035728194,
     57.919695532510666
    ]
   },
   "properties": {
    "diarienummer": "1731-2026",
    "status": "Handläggning",
    "indatum": "2026-03-02",
    "rubrik": "Anmälan enligt 11 kap 9 a § Miljöbalken om vattenverksamhet, Hökesån, Habo kommun",
    "avsandare": "Personuppgift",
    "postort": "Habo",
    "kommun": "Habo",
    "beslutsdatum": "",
    "case_id": "5414722",
    "lansstyrelse": "Lansstyrelsen i Jonkopings lan",
    "geocoded_from": "kommun:Habo"
   }
  },
  {
   "type": "Feature",
   "geometry": {
    "type": "Point",
    "coordinates": [
     14.182791703826293,
     57.91443019846551
    ]
   },
   "properties": {
    "diarienummer": "1732-2026",
    "status": "Handläggning",
    "indatum": "2026-03-02",
    "rubrik": "Anmälan enligt 11 kap 9 a § Miljöbalken om vattenverksamhet, Hökesån, Habo kommun",
    "avsandare": "Personuppgift",
    "postort": "HABO",
    "kommun": "Habo",
    "beslutsdatum": "",
    "case_id": "5414746",
    "lansstyrelse": "Lansstyrelsen i Jonkopings lan",
    "geocoded_from": "kommun:Habo"
   }
  },
  {
   "type": "Feature",
   "geometry": {
    "type": "Point",
    "coordinates": [
     14.182643455817578,
     57.91950598722198
    ]
   },
   "properties": {
    "diarienummer": "1734-2026",
    "status": "Handläggning",
    "indatum": "2026-03-02",
    "rubrik": "Anmälan enligt 11 kap 9 a § Miljöbalken om vattenverksamhet, Hökesån, Habo kommun",
    "avsandare": "Personuppgift",
    "postort": "HABO",
    "kommun": "Habo",
    "beslutsdatum": "",
    "case_id": "5414752",
    "lansstyrelse": "Lansstyrelsen i Jonkopings lan",
    "geocoded_from": "kommun:Habo"
   }
  },
  {
   "type": "Feature",
   "geometry": {
    "type": "Point",
    "coordinates": [
     14.148738144016493,
     57.49893838550082
    ]
   },
   "properties": {
    "diarienummer": "1963-2026",
    "status": "Handläggning",
    "indatum": "2026-03-09",
    "rubrik": "Anmälan enligt 11 kap 9 a § Miljöbalken om vattenverksamhet, brobyte i vattendrag, Vaggeryds kommun",
    "avsandare": "Personuppgift",
    "postort": "Vaggeryd",
    "kommun": "Vaggeryd",
    "beslutsdatum": "",
    "case_id": "5422679",
    "lansstyrelse": "Lansstyrelsen i Jonkopings lan",
    "geocoded_from": "kommun:Vaggeryd"
   }
  },
  {
   "type": "Feature",
   "geometry": {
    "type": "Point",
    "coordinates": [
     14.962029274968915,
     57.66921324484421
    ]
   },
   "properties": {
    "diarienummer": "2077-2026",
    "status": "Handläggning",
    "indatum": "2026-03-10",
    "rubrik": "Tillsyn av vattenverksamhet, Eksjö kommun",
    "avsandare": "Personuppgift",
    "postort": "",
    "kommun": "Eksjö",
    "beslutsdatum": "",
    "case_id": "5425443",
    "lansstyrelse": "Lansstyrelsen i Jonkopings lan",
    "kommun_kalla": "rubrik",
    "geocoded_from": "kommun:Eksjö"
   }
  },
  {
   "type": "Feature",
   "geometry": {
    "type": "Point",
    "coordinates": [
     13.55091796531142,
     57.29772209511247
    ]
   },
   "properties": {
    "diarienummer": "2267-2026",
    "status": "Handläggning",
    "indatum": "2026-03-17",
    "rubrik": "Anmälan enligt 11 kap 9 a § Miljöbalken om vattenverksamhet, Nissan, Gislaved kommun",
    "avsandare": "Gislaveds kommun",
    "postort": "Gislaved",
    "kommun": "Gislaved",
    "beslutsdatum": "",
    "case_id": "5431746",
    "lansstyrelse": "Lansstyrelsen i Jonkopings lan",
    "geocoded_from": "kommun:Gislaved"
   }
  },
  {
   "type": "Feature",
   "geometry": {
    "type": "Point",
    "coordinates": [
     14.114600151475994,
     57.849184981565905
    ]
   },
   "properties": {
    "diarienummer": "2373-2026",
    "status": "Handläggning",
    "indatum": "2026-03-19",
    "rubrik": "Tillsyn av vattenverksamhet, grävning i vattenområden, Habo kommun",
    "avsandare": "Personuppgift",
    "postort": "Bankeryd",
    "kommun": "",
    "beslutsdatum": "",
    "case_id": "5434736",
    "lansstyrelse": "Lansstyrelsen i Jonkopings lan",
    "geocoded_from": "postort:Bankeryd"
   }
  },
  {
   "type": "Feature",
   "geometry": {
    "type": "Point",
    "coordinates": [
     14.702129521730976,
     57.651945101944506
    ]
   },
   "properties": {
    "diarienummer": "2764-2026",
    "status": "Handläggning",
    "indatum": "2026-03-30",
    "rubrik": "Anmälan enligt 11 kap 9 a § Miljöbalken om vattenverksamhet, Spinkabo bäcken som ansluter till Malmbäcksån, Nässjö kommun",
    "avsandare": "Personuppgift",
    "postort": "Malmbäck",
    "kommun": "Nässjö",
    "beslutsdatum": "",
    "case_id": "5447003",
    "lansstyrelse": "Lansstyrelsen i Jonkopings lan",
    "geocoded_from": "kommun:Nässjö"
   }
  },
  {
   "type": "Feature",
   "geometry": {
    "type": "Point",
    "coordinates": [
     14.982821167530968,
     58.03406428835934
    ]
   },
   "properties": {
    "diarienummer": "347-2026",
    "status": "Handläggning",
    "indatum": "2026-01-16",
    "rubrik": "Tillsyn av vattenverksamhet, Tranås kommun",
    "avsandare": "Personuppgift",
    "postort": "Tranås",
    "kommun": "",
    "beslutsdatum": "",
    "case_id": "5367796",
    "lansstyrelse": "Lansstyrelsen i Jonkopings lan",
    "geocoded_from": "postort:Tranås"
   }
  },
  {
   "type": "Feature",
   "geometry": {
    "type": "Point",
    "coordinates": [
     14.162517530485564,
     57.780796323193144
    ]
   },
   "properties": {
    "diarienummer": "407-2026",
    "status": "Handläggning",
    "indatum": "2026-01-16",
    "rubrik": "Anmälan enligt 11 kap 9 a § Miljöbalken om vattenverksamhet, Kanal Ödestugu, Jönköpings kommun",
    "avsandare": "Personuppgift",
    "postort": "Tenhult",
    "kommun": "Jönköping",
    "beslutsdatum": "",
    "case_id": "5368531",
    "lansstyrelse": "Lansstyrelsen i Jonkopings lan",
    "geocoded_from": "kommun:Jönköping"
   }
  },
  {
   "type": "Feature",
   "geometry": {
    "type": "Point",
    "coordinates": [
     14.166672542215524,
     57.7843611898056
    ]
   },
   "properties": {
    "diarienummer": "1279-2026",
    "status": "Handläggning",
    "indatum": "2026-02-16",
    "rubrik": "Anmälan enligt 11 kap 9 a § Miljöbalken om vattenverksamhet, Strömsbergsbäcken, Jönköping kommun",
    "avsandare": "Jönköpings Kommun",
    "postort": "Jönköping",
    "kommun": "Jönköping",
    "beslutsdatum": "",
    "case_id": "5400270",
    "lansstyrelse": "Lansstyrelsen i Jonkopings lan",
    "geocoded_from": "kommun:Jönköping"
   }
  },
  {
   "type": "Feature",
   "geometry": {
    "type": "Point",
    "coordinates": [
     14.166133371185762,
     57.785188371978705
    ]
   },
   "properties": {
    "diarienummer": "1318-2026",
    "status": "Handläggning",
    "indatum": "2026-02-17",
    "rubrik": "Anmälan enligt 11 kap 9 a § Miljöbalken om vattenverksamhet, Vättern, Jönköping kommun",
    "avsandare": "Personuppgift",
    "postort": "Huskvarna",
    "kommun": "Jönköping",
    "beslutsdatum": "",
    "case_id": "5402362",
    "lansstyrelse": "Lansstyrelsen i Jonkopings lan",
    "geocoded_from": "kommun:Jönköping"
   }
  },
  {
   "type": "Feature",
   "geometry": {
    "type": "Point",
    "coordinates": [
     13.55159386354461,
     57.30244140329185
    ]
   },
   "properties": {
    "diarienummer": "1436-2026",
    "status": "Handläggning",
    "indatum": "2026-02-20",
    "rubrik": "Anmälan enligt 11 kap 9 a § Miljöbalken om vattenverksamhet, Vikaresjön (WA75045253), Gislaved kommun",
    "avsandare": "Personuppgift",
    "postort": "Hestra",
    "kommun": "Gislaved",
    "beslutsdatum": "",
    "case_id": "5405762",
    "lansstyrelse": "Lansstyrelsen i Jonkopings lan",
    "geocoded_from": "kommun:Gislaved"
   }
  },
  {
   "type": "Feature",
   "geometry": {
    "type": "Point",
    "coordinates": [
     14.165918863789676,
     57.78295096278754
    ]
   },
   "properties": {
    "diarienummer": "1474-2026",
    "status": "Handläggning",
    "indatum": "2026-02-21",
    "rubrik": "Anmälan enligt 11 kap 9 a § Miljöbalken om vattenverksamhet, Jönköping kommun",
    "avsandare": "Personuppgift",
    "postort": "Jönköping",
    "kommun": "Jönköping",
    "beslutsdatum": "",
    "case_id": "5406844",
    "lansstyrelse": "Lansstyrelsen i Jonkopings lan",
    "geocoded_from": "kommun:Jönköping"
   }
  },
  {
   "type": "Feature",
   "geometry": {
    "type": "Point",
    "coordinates": [
     14.15261824063597,
     57.49815389588856
    ]
   },
   "properties": {
    "diarienummer": "1910-2026",
    "status": "Handläggning",
    "indatum": "2026-03-04",
    "rubrik": "Tillsyn av vattenverksamhet, trumma, Vaggeryds kommun",
    "avsandare": "Personuppgift",
    "postort": "",
    "kommun": "Vaggeryd",
    "beslutsdatum": "",
    "case_id": "5421052",
    "lansstyrelse": "Lansstyrelsen i Jonkopings lan",
    "kommun_kalla": "rubrik",
    "geocoded_from": "kommun:Vaggeryd"
   }
  },
  {
   "type": "Feature",
   "geometry": {
    "type": "Point",
    "coordinates": [
     14.169141636511405,
     57.78334483199882
    ]
   },
   "properties": {
    "diarienummer": "2004-2026",
    "status": "Handläggning",
    "indatum": "2026-03-10",
    "rubrik": "Anmälan enligt 11 kap 9 a § Miljöbalken om vattenverksamhet, Bäck som leder ut i Lovsjön, Jönköping kommun",
    "avsandare": "Personuppgift",
    "postort": "Jönköping",
    "kommun": "Jönköping",
    "beslutsdatum": "",
    "case_id": "5424319",
    "lansstyrelse": "Lansstyrelsen i Jonkopings lan",
    "geocoded_from": "kommun:Jönköping"
   }
  },
  {
   "type": "Feature",
   "geometry": {
    "type": "Point",
    "coordinates": [
     14.167487037113395,
     57.78544840877085
    ]
   },
   "properties": {
    "diarienummer": "2322-2026",
    "status": "Handläggning",
    "indatum": "2026-03-18",
    "rubrik": "Anmälan enligt 11 kap 9 a § Miljöbalken om vattenverksamhet, Dike, Jönköping kommun",
    "avsandare": "Personuppgift",
    "postort": "Jönköping",
    "kommun": "Jönköping",
    "beslutsdatum": "",
    "case_id": "5433781",
    "lansstyrelse": "Lansstyrelsen i Jonkopings lan",
    "geocoded_from": "kommun:Jönköping"
   }
  },
  {
   "type": "Feature",
   "geometry": {
    "type": "Point",
    "coordinates": [
     14.971488574398965,
     57.66930858922186
    ]
   },
   "properties": {
    "diarienummer": "2556-2026",
    "status": "Handläggning",
    "indatum": "2026-03-24",
    "rubrik": "Anmälan enligt 11 kap 9 a § Miljöbalken om vattenverksamhet, Eksjö ån, Eksjö kommun",
    "avsandare": "Personuppgift",
    "postort": "Eksjö",
    "kommun": "Eksjö",
    "beslutsdatum": "",
    "case_id": "5440645",
    "lansstyrelse": "Lansstyrelsen i Jonkopings lan",
    "geocoded_from": "kommun:Eksjö"
   }
  },
  {
   "type": "Feature",
   "geometry": {
    "type": "Point",
    "coordinates": [
     14.8028298345182,
     57.85298745186317
    ]
   },
   "properties": {
    "diarienummer": "2984-2026",
    "status": "Handläggning",
    "indatum": "2026-04-06",
    "rubrik": "Anmälan enligt 11 kap 9 a § Miljöbalken om vattenverksamhet, Försjön, Aneby kommun",
    "avsandare": "Personuppgift",
    "postort": "Sturefors",
    "kommun": "Aneby",
    "beslutsdatum": "",
    "case_id": "5453469",
    "lansstyrelse": "Lansstyrelsen i Jonkopings lan",
    "geocoded_from": "kommun:Aneby"
   }
  },
  {
   "type": "Feature",
   "geometry": {
    "type": "Point",
    "coordinates": [
     14.032280782361038,
     57.18511282183555
    ]
   },
   "properties": {
    "diarienummer": "3113-2026",
    "status": "Handläggning",
    "indatum": "2026-04-09",
    "rubrik": "Anmälan enligt 11 kap 9 a § Miljöbalken om vattenverksamhet, Vidöstern och Lagan, Värnamo kommun",
    "avsandare": "Personuppgift",
    "postort": "Värnamo",
    "kommun": "Värnamo",
    "beslutsdatum": "",
    "case_id": "5457982",
    "lansstyrelse": "Lansstyrelsen i Jonkopings lan",
    "geocoded_from": "kommun:Värnamo"
   }
  },
  {
   "type": "Feature",
   "geometry": {
    "type": "Point",
    "coordinates": [
     14.153333368151284,
     57.49959211492051
    ]
   },
   "properties": {
    "diarienummer": "2841-2026",
    "status": "Handläggning",
    "indatum": "2026-03-30",
    "rubrik": "Anmälan enligt 11 kap 9 a § Miljöbalken om vattenverksamhet, Vaggeryds kommun",
    "avsandare": "Personuppgift",
    "postort": "",
    "kommun": "Vaggeryd",
    "beslutsdatum": "",
    "case_id": "5448999",
    "lansstyrelse": "Lansstyrelsen i Jonkopings lan",
    "geocoded_from": "kommun:Vaggeryd"
   }
  },
  {
   "type": "Feature",
   "geometry": {
    "type": "Point",
    "coordinates": [
     14.034390214463253,
     57.182022584348466
    ]
   },
   "properties": {
    "diarienummer": "3008-2026",
    "status": "Handläggning",
    "indatum": "2026-04-07",
    "rubrik": "Anmälan enligt 11 kap 9 a § Miljöbalken om vattenverksamhet, Diken vid Nöbbele, Värnamo kommun",
    "avsandare": "Personuppgift",
    "postort": "Värnamo",
    "kommun": "Värnamo",
    "beslutsdatum": "",
    "case_id": "5454586",
    "lansstyrelse": "Lansstyrelsen i Jonkopings lan",
    "geocoded_from": "kommun:Värnamo"
   }
  },
  {
   "type": "Feature",
   "geometry": {
    "type": "Point",
    "coordinates": [
     14.037414271626226,
     57.18069157565108
    ]
   },
   "properties": {
    "diarienummer": "3158-2026",
    "status": "Handläggning",
    "indatum": "2026-04-10",
    "rubrik": "Anmälan enligt 11 kap 9 a § Miljöbalken om vattenverksamhet, Vidöstern, Värnamo kommun",
    "avsandare": "Personuppgift",
    "postort": "Värnamo",
    "kommun": "",
    "beslutsdatum": "",
    "case_id": "5459740",
    "lansstyrelse": "Lansstyrelsen i Jonkopings lan",
    "geocoded_from": "postort:Värnamo"
   }
  },
  {
   "type": "Feature",
   "geometry": {
    "type": "Point",
    "coordinates": [
     13.553585758556768,
     57.30221330260031
    ]
   },
   "properties": {
    "diarienummer": "3750-2026",
    "status": "Handläggning",
    "indatum": "2026-04-29",
    "rubrik": "Föreläggande om 2026-04-29, M 7000-25, ansökan om tillstånd till vattenverksamhet,  Gislaveds kommun, yttrande senast 2026-05-29",
    "avsandare": "Växjö Tingsrätt",
    "postort": "",
    "kommun": "Gislaved",
    "beslutsdatum": "",
    "case_id": "5481245",
    "lansstyrelse": "Lansstyrelsen i Jonkopings lan",
    "kommun_kalla": "rubrik",
    "geocoded_from": "kommun:Gislaved"
   }
  },
  {
   "type": "Feature",
   "geometry": {
    "type": "Point",
    "coordinates": [
     14.148930014054299,
     57.49941319399862
    ]
   },
   "properties": {
    "diarienummer": "3754-2026",
    "status": "Handläggning",
    "indatum": "2026-04-30",
    "rubrik": "Anmälan enligt 11 kap 9 a § Miljöbalken om vattenverksamhet, Dike som leds ut i Linnesjön, Vaggeryd kommun",
    "avsandare": "Personuppgift",
    "postort": "Skillingaryd",
    "kommun": "Vaggeryd",
    "beslutsdatum": "",
    "case_id": "5481381",
    "lansstyrelse": "Lansstyrelsen i Jonkopings lan",
    "geocoded_from": "kommun:Vaggeryd"
   }
  },
  {
   "type": "Feature",
   "geometry": {
    "type": "Point",
    "coordinates": [
     16.18331681220151,
     58.60198325260809
    ]
   },
   "properties": {
    "diarienummer": "3788-2026",
    "status": "Handläggning",
    "indatum": "2026-04-30",
    "rubrik": "Anmälan enligt 11 kap 9 a § Miljöbalken om vattenverksamhet, restaurering i vattenområde på fastighet, Norrköpings kommun",
    "avsandare": "Personuppgift",
    "postort": "",
    "kommun": "Norrköping",
    "beslutsdatum": "",
    "case_id": "5482353",
    "lansstyrelse": "Lansstyrelsen i Jonkopings lan",
    "kommun_kalla": "rubrik",
    "geocoded_from": "kommun:Norrköping"
   }
  },
  {
   "type": "Feature",
   "geometry": {
    "type": "Point",
    "coordinates": [
     14.152772867006838,
     57.49734005086227
    ]
   },
   "properties": {
    "diarienummer": "3944-2026",
    "status": "Handläggning",
    "indatum": "2026-05-07",
    "rubrik": "Anmälan enligt 11 kap 9 a § Miljöbalken om vattenverksamhet, Vaggeryd kommun",
    "avsandare": "Personuppgift",
    "postort": "Växjö",
    "kommun": "Vaggeryd",
    "beslutsdatum": "",
    "case_id": "5487624",
    "lansstyrelse": "Lansstyrelsen i Jonkopings lan",
    "geocoded_from": "kommun:Vaggeryd"
   }
  },
  {
   "type": "Feature",
   "geometry": {
    "type": "Point",
    "coordinates": [
     14.170986420363887,
     57.78446846579051
    ]
   },
   "properties": {
    "diarienummer": "3976-2026",
    "status": "Handläggning",
    "indatum": "2026-05-08",
    "rubrik": "Anmälan enligt 11 kap 9 a § Miljöbalken om vattenverksamhet, bäck från Hårlanda, Jönköpings kommun",
    "avsandare": "Personuppgift",
    "postort": "Jönköping",
    "kommun": "Jönköping",
    "beslutsdatum": "",
    "case_id": "5489012",
    "lansstyrelse": "Lansstyrelsen i Jonkopings lan",
    "geocoded_from": "kommun:Jönköping"
   }
  },
  {
   "type": "Feature",
   "geometry": {
    "type": "Point",
    "coordinates": [
     14.150097510481336,
     57.498546254995006
    ]
   },
   "properties": {
    "diarienummer": "4013-2026",
    "status": "Handläggning",
    "indatum": "2026-05-11",
    "rubrik": "Anmälan enligt 11 kap 9 a § Miljöbalken om vattenverksamhet, Gärahov 2:1, Vaggeryd kommun",
    "avsandare": "Personuppgift",
    "postort": "Skillingaryd",
    "kommun": "Vaggeryd",
    "beslutsdatum": "",
    "case_id": "5491086",
    "lansstyrelse": "Lansstyrelsen i Jonkopings lan",
    "geocoded_from": "kommun:Vaggeryd"
   }
  },
  {
   "type": "Feature",
   "geometry": {
    "type": "Point",
    "coordinates": [
     14.178336190034143,
     57.91893901870584
    ]
   },
   "properties": {
    "diarienummer": "4144-2026",
    "status": "Handläggning",
    "indatum": "2026-05-17",
    "rubrik": "Anmälan enligt 11 kap 9 a § Miljöbalken om vattenverksamhet, Svedån, Habo kommun",
    "avsandare": "Personuppgift",
    "postort": "Habo",
    "kommun": "Habo",
    "beslutsdatum": "",
    "case_id": "5496130",
    "lansstyrelse": "Lansstyrelsen i Jonkopings lan",
    "geocoded_from": "kommun:Habo"
   }
  },
  {
   "type": "Feature",
   "geometry": {
    "type": "Point",
    "coordinates": [
     13.554185195486376,
     57.30220966683091
    ]
   },
   "properties": {
    "diarienummer": "3129-2026",
    "status": "Handläggning",
    "indatum": "2026-04-10",
    "rubrik": "Anmälan enligt 11 kap 9 a § Miljöbalken om vattenverksamhet, Örbäcken, Gislaved kommun",
    "avsandare": "Personuppgift",
    "postort": "Gislaved",
    "kommun": "Gislaved",
    "beslutsdatum": "",
    "case_id": "5458596",
    "lansstyrelse": "Lansstyrelsen i Jonkopings lan",
    "geocoded_from": "kommun:Gislaved"
   }
  },
  {
   "type": "Feature",
   "geometry": {
    "type": "Point",
    "coordinates": [
     14.668210197239077,
     57.39991786750027
    ]
   },
   "properties": {
    "diarienummer": "3729-2026",
    "status": "Handläggning",
    "indatum": "2026-04-30",
    "rubrik": "Anmälan enligt 11 kap 9 a § Miljöbalken om vattenverksamhet, Målasjön, Sävsjö kommun",
    "avsandare": "Personuppgift",
    "postort": "Osby",
    "kommun": "Sävsjö",
    "beslutsdatum": "",
    "case_id": "5480751",
    "lansstyrelse": "Lansstyrelsen i Jonkopings lan",
    "geocoded_from": "kommun:Sävsjö"
   }
  },
  {
   "type": "Feature",
   "geometry": {
    "type": "Point",
    "coordinates": [
     14.669440138464552,
     57.40101118796145
    ]
   },
   "properties": {
    "diarienummer": "3733-2026",
    "status": "Handläggning",
    "indatum": "2026-04-30",
    "rubrik": "Anmälan enligt 11 kap 9 a § Miljöbalken om vattenverksamhet, Kullasjön, Sävsjö kommun",
    "avsandare": "Personuppgift",
    "postort": "Osby",
    "kommun": "Sävsjö",
    "beslutsdatum": "",
    "case_id": "5480928",
    "lansstyrelse": "Lansstyrelsen i Jonkopings lan",
    "geocoded_from": "kommun:Sävsjö"
   }
  },
  {
   "type": "Feature",
   "geometry": {
    "type": "Point",
    "coordinates": [
     14.162761951686345,
     57.78118115244956
    ]
   },
   "properties": {
    "diarienummer": "3809-2026",
    "status": "Handläggning",
    "indatum": "2026-05-04",
    "rubrik": "Anmälan enligt 11 kap 9 a § Miljöbalken om vattenverksamhet, Rogbergasjön, Jönköpings kommun",
    "avsandare": "Region Jönköpings län",
    "postort": "Tenhult",
    "kommun": "Jönköping",
    "beslutsdatum": "",
    "case_id": "5483092",
    "lansstyrelse": "Lansstyrelsen i Jonkopings lan",
    "geocoded_from": "kommun:Jönköping"
   }
  },
  {
   "type": "Feature",
   "geometry": {
    "type": "Point",
    "coordinates": [
     14.028937524250344,
     57.18480287215348
    ]
   },
   "properties": {
    "diarienummer": "3819-2026",
    "status": "Handläggning",
    "indatum": "2026-05-04",
    "rubrik": "Anmälan enligt 11 kap 9 a § Miljöbalken om vattenverksamhet, Värnamo kommun",
    "avsandare": "Värnamo kommun",
    "postort": "Värnamo",
    "kommun": "Värnamo",
    "beslutsdatum": "",
    "case_id": "5483238",
    "lansstyrelse": "Lansstyrelsen i Jonkopings lan",
    "geocoded_from": "kommun:Värnamo"
   }
  },
  {
   "type": "Feature",
   "geometry": {
    "type": "Point",
    "coordinates": [
     14.980483402257617,
     58.034161477533644
    ]
   },
   "properties": {
    "diarienummer": "3957-2026",
    "status": "Handläggning",
    "indatum": "2026-05-07",
    "rubrik": "Anmälan enligt 11 kap 9 a § Miljöbalken om vattenverksamhet, Sommen, Tranås kommun",
    "avsandare": "Tranås Energi AB",
    "postort": "Tranås",
    "kommun": "Tranås",
    "beslutsdatum": "",
    "case_id": "5488111",
    "lansstyrelse": "Lansstyrelsen i Jonkopings lan",
    "geocoded_from": "kommun:Tranås"
   }
  },
  {
   "type": "Feature",
   "geometry": {
    "type": "Point",
    "coordinates": [
     13.553730638248894,
     57.301544320671944
    ]
   },
   "properties": {
    "diarienummer": "3997-2026",
    "status": "Handläggning",
    "indatum": "2026-05-10",
    "rubrik": "Anmälan enligt 11 kap 9 a § Miljöbalken om vattenverksamhet, Vattendrag  Nissan, Gislaved kommun",
    "avsandare": "Personuppgift",
    "postort": "Uddevalla",
    "kommun": "Gislaved",
    "beslutsdatum": "",
    "case_id": "5489990",
    "lansstyrelse": "Lansstyrelsen i Jonkopings lan",
    "geocoded_from": "kommun:Gislaved"
   }
  },
  {
   "type": "Feature",
   "geometry": {
    "type": "Point",
    "coordinates": [
     14.963948173460016,
     57.66956897898463
    ]
   },
   "properties": {
    "diarienummer": "4130-2026",
    "status": "Handläggning",
    "indatum": "2026-05-14",
    "rubrik": "Anmälan enligt 11 kap 9 a § Miljöbalken om vattenverksamhet, Har inget namn. Är bäck och dike mellan Svartsjön och Bruzaån., Eksjö kommun",
    "avsandare": "Personuppgift",
    "postort": "Mariannelund",
    "kommun": "Eksjö",
    "beslutsdatum": "",
    "case_id": "5495292",
    "lansstyrelse": "Lansstyrelsen i Jonkopings lan",
    "geocoded_from": "kommun:Eksjö"
   }
  },
  {
   "type": "Feature",
   "geometry": {
    "type": "Point",
    "coordinates": [
     15.066052429612162,
     57.43161456173186
    ]
   },
   "properties": {
    "diarienummer": "4132-2026",
    "status": "Handläggning",
    "indatum": "2026-05-14",
    "rubrik": "Anmälan enligt 11 kap 9 a § Miljöbalken om vattenverksamhet, Skärbäcks kanal, Vetlanda kommun",
    "avsandare": "Personuppgift",
    "postort": "Ramkvilla",
    "kommun": "Vetlanda",
    "beslutsdatum": "",
    "case_id": "5495315",
    "lansstyrelse": "Lansstyrelsen i Jonkopings lan",
    "geocoded_from": "kommun:Vetlanda"
   }
  },
  {
   "type": "Feature",
   "geometry": {
    "type": "Point",
    "coordinates": [
     13.88718564716746,
     57.917317786998034
    ]
   },
   "properties": {
    "diarienummer": "3372-2026",
    "status": "Handläggning",
    "indatum": "2026-04-20",
    "rubrik": "Anmälan enligt 11 kap 9 a § Miljöbalken om vattenverksamhet, Kanalsystemet i Sandhem till Sandhemssjön, Mullsjö kommun",
    "avsandare": "Sandhems Idrottsförening",
    "postort": "Sandhem",
    "kommun": "Mullsjö",
    "beslutsdatum": "",
    "case_id": "5468655",
    "lansstyrelse": "Lansstyrelsen i Jonkopings lan",
    "geocoded_from": "kommun:Mullsjö"
   }
  },
  {
   "type": "Feature",
   "geometry": {
    "type": "Point",
    "coordinates": [
     13.547332781748464,
     57.3028390139049
    ]
   },
   "properties": {
    "diarienummer": "3555-2026",
    "status": "Handläggning",
    "indatum": "2026-04-26",
    "rubrik": "Anmälan enligt 11 kap 9 a § Miljöbalken om vattenverksamhet, Västerån som ingår i Nissans avrinningsområde., Gislaved kommun",
    "avsandare": "Personuppgift",
    "postort": "Broaryd",
    "kommun": "Gislaved",
    "beslutsdatum": "",
    "case_id": "5475462",
    "lansstyrelse": "Lansstyrelsen i Jonkopings lan",
    "geocoded_from": "kommun:Gislaved"
   }
  },
  {
   "type": "Feature",
   "geometry": {
    "type": "Point",
    "coordinates": [
     13.552882866954066,
     57.30297152118509
    ]
   },
   "properties": {
    "diarienummer": "3675-2026",
    "status": "Handläggning",
    "indatum": "2026-04-29",
    "rubrik": "Förfrågan om handlingarna behöver kompletteras, ansökan om bergtäktverksamhet samt vattenverksamhet, Gislaveds kommun, M 2060-26. Svar senast 2026-05-22",
    "avsandare": "Mark- och miljödomstolen vid Växjö tingsrätt",
    "postort": "",
    "kommun": "Gislaved",
    "beslutsdatum": "",
    "case_id": "5479307",
    "lansstyrelse": "Lansstyrelsen i Jonkopings lan",
    "geocoded_from": "kommun:Gislaved"
   }
  },
  {
   "type": "Feature",
   "geometry": {
    "type": "Point",
    "coordinates": [
     13.55391969836198,
     57.301421972629036
    ]
   },
   "properties": {
    "diarienummer": "3367-2026",
    "status": "Handläggning",
    "indatum": "2026-04-17",
    "rubrik": "Samråd inför tillståndsansökan för täkt av torv samt vattenverksamhet enligt 9 och 11 kap. miljöbalken, Hylte och Gislaveds kommuner",
    "avsandare": "Neova AB",
    "postort": "",
    "kommun": "Gislaved",
    "beslutsdatum": "",
    "case_id": "5468256",
    "lansstyrelse": "Lansstyrelsen i Jonkopings lan",
    "geocoded_from": "kommun:Gislaved"
   }
  },
  {
   "type": "Feature",
   "geometry": {
    "type": "Point",
    "coordinates": [
     16.03012526831182,
     57.16619370074795
    ]
   },
   "properties": {
    "diarienummer": "4568-2026",
    "status": "Handläggning",
    "indatum": "2026-05-22",
    "rubrik": "Anmälan enligt 11 kap 9 a § Miljöbalken om vattenverksamhet, Morån, Trånshult, Högsby kommun",
    "avsandare": "Personuppgift",
    "postort": "HÖGSBY",
    "kommun": "",
    "beslutsdatum": "",
    "case_id": "5503416",
    "lansstyrelse": "Lansstyrelsen i Kalmars lan",
    "geocoded_from": "postort:HÖGSBY"
   }
  },
  {
   "type": "Feature",
   "geometry": {
    "type": "Point",
    "coordinates": [
     16.362213154156134,
     56.66685190188479
    ]
   },
   "properties": {
    "diarienummer": "446-2026",
    "status": "Handläggning",
    "indatum": "2026-01-16",
    "rubrik": "Samråd gällande vattenverksamhet för ny bro över Hagbyån mellan Påryd och Tväskog, Kalmar kommun, svar senast 2026-02-19",
    "avsandare": "Trafikverket",
    "postort": "",
    "kommun": "Kalmar",
    "beslutsdatum": "",
    "case_id": "5367718",
    "lansstyrelse": "Lansstyrelsen i Kalmars lan",
    "geocoded_from": "kommun:Kalmar"
   }
  },
  {
   "type": "Feature",
   "geometry": {
    "type": "Point",
    "coordinates": [
     16.453148727100192,
     57.050237200428356
    ]
   },
   "properties": {
    "diarienummer": "4473-2026",
    "status": "Handläggning",
    "indatum": "2026-05-20",
    "rubrik": "Anmälan enligt 11 kap 9 a § Miljöbalken om vattenverksamhet, Alsterån, Mönsterås kommun",
    "avsandare": "Personuppgift",
    "postort": "Borlänge",
    "kommun": "Mönsterås",
    "beslutsdatum": "",
    "case_id": "5500007",
    "lansstyrelse": "Lansstyrelsen i Kalmars lan",
    "geocoded_from": "kommun:Mönsterås"
   }
  },
  {
   "type": "Feature",
   "geometry": {
    "type": "Point",
    "coordinates": [
     13.817194873374962,
     55.425997097998554
    ]
   },
   "properties": {
    "diarienummer": "1661-2026",
    "status": "Handläggning",
    "indatum": "2026-02-19",
    "rubrik": "Anmälan enligt 11 kap 9 a § Miljöbalken om vattenverksamhet, Ystad kommun",
    "avsandare": "Länsstyrelsen Skåne län",
    "postort": "",
    "kommun": "Ystad",
    "beslutsdatum": "",
    "case_id": "5405060",
    "lansstyrelse": "Lansstyrelsen i Kalmars lan",
    "kommun_kalla": "rubrik",
    "geocoded_from": "kommun:Ystad"
   }
  },
  {
   "type": "Feature",
   "geometry": {
    "type": "Point",
    "coordinates": [
     16.452675160542526,
     57.05021880126757
    ]
   },
   "properties": {
    "diarienummer": "1820-2026",
    "status": "Handläggning",
    "indatum": "2026-02-25",
    "rubrik": "Anmälan enligt 11 kap 9 a § Miljöbalken om vattenverksamhet, 14 våtmarker och ett vattendrag. Se bilaga för läge och utbredning av planerad verksamhet, Högsby kommun",
    "avsandare": "Svenska kraftnät",
    "postort": "Sundbyberg",
    "kommun": "Mönsterås",
    "beslutsdatum": "",
    "case_id": "5410463",
    "lansstyrelse": "Lansstyrelsen i Kalmars lan",
    "geocoded_from": "kommun:Mönsterås"
   }
  },
  {
   "type": "Feature",
   "geometry": {
    "type": "Point",
    "coordinates": [
     15.06514449485733,
     57.43595265874829
    ]
   },
   "properties": {
    "diarienummer": "1885-2026",
    "status": "Handläggning",
    "indatum": "2026-02-26",
    "rubrik": "Samråd inför tillståndsansökan vattenverksamhet, restaureringsåtgärder Emån, Mönsterås och Oskarshamns kommun",
    "avsandare": "Emåförbundet",
    "postort": "Vetlanda",
    "kommun": "",
    "beslutsdatum": "",
    "case_id": "5412847",
    "lansstyrelse": "Lansstyrelsen i Kalmars lan",
    "geocoded_from": "postort:Vetlanda"
   }
  },
  {
   "type": "Feature",
   "geometry": {
    "type": "Point",
    "coordinates": [
     16.43074828498994,
     57.26402277875774
    ]
   },
   "properties": {
    "diarienummer": "2117-2026",
    "status": "Handläggning",
    "indatum": "2026-03-06",
    "rubrik": "Anmälan enligt 11 kap 9 a § Miljöbalken om vattenverksamhet, 21 våtmarker och 6 vattendrag, se bilaga, Oskarshamn kommun",
    "avsandare": "Svenska kraftnät",
    "postort": "Sundbyberg",
    "kommun": "Oskarshamn",
    "beslutsdatum": "",
    "case_id": "5421160",
    "lansstyrelse": "Lansstyrelsen i Kalmars lan",
    "geocoded_from": "kommun:Oskarshamn"
   }
  },
  {
   "type": "Feature",
   "geometry": {
    "type": "Point",
    "coordinates": [
     16.032840206435136,
     56.600747734090675
    ]
   },
   "properties": {
    "diarienummer": "2193-2026",
    "status": "Handläggning",
    "indatum": "2026-03-09",
    "rubrik": "Begäran om samråd gällande ansökan om tillstånd för vattenverksamhet, Hörtingerum, Västerviks kommun",
    "avsandare": "GEBA Betong i Vimmerby AB",
    "postort": "Påryd",
    "kommun": "",
    "beslutsdatum": "",
    "case_id": "5423310",
    "lansstyrelse": "Lansstyrelsen i Kalmars lan",
    "geocoded_from": "postort:Påryd"
   }
  },
  {
   "type": "Feature",
   "geometry": {
    "type": "Point",
    "coordinates": [
     16.03471443809736,
     57.167079085423005
    ]
   },
   "properties": {
    "diarienummer": "2216-2026",
    "status": "Handläggning",
    "indatum": "2026-03-10",
    "rubrik": "Anmälan enligt 11 kap 9 a § Miljöbalken om vattenverksamhet, Mossekärr, Högsby kommun",
    "avsandare": "Sveaskog Förvaltnings AB",
    "postort": "Vimmerby",
    "kommun": "Högsby",
    "beslutsdatum": "",
    "case_id": "5424245",
    "lansstyrelse": "Lansstyrelsen i Kalmars lan",
    "geocoded_from": "kommun:Högsby"
   }
  },
  {
   "type": "Feature",
   "geometry": {
    "type": "Point",
    "coordinates": [
     16.647493058523587,
     57.74811162566377
    ]
   },
   "properties": {
    "diarienummer": "2733-2026",
    "status": "Handläggning",
    "indatum": "2026-03-24",
    "rubrik": "Tillsyn av vattenverksamhet, åtgärder i Gamlebyån, Västerviks kommun",
    "avsandare": "Västervik kommun",
    "postort": "Västervik",
    "kommun": "Västervik",
    "beslutsdatum": "",
    "case_id": "5440838",
    "lansstyrelse": "Lansstyrelsen i Kalmars lan",
    "geocoded_from": "kommun:Västervik"
   }
  },
  {
   "type": "Feature",
   "geometry": {
    "type": "Point",
    "coordinates": [
     16.437891535139077,
     57.26949055558813
    ]
   },
   "properties": {
    "diarienummer": "2737-2026",
    "status": "Handläggning",
    "indatum": "2026-03-24",
    "rubrik": "Anmälan enligt 11 kap 9 a § Miljöbalken om vattenverksamhet, Utlångöbron, Utterströmmen, Badberget. Se kartor och fastighetsbeteckningar i Bilaga 2., Oskarshamn kommun",
    "avsandare": "Kråkelunds Byalag",
    "postort": "Kalmar",
    "kommun": "Oskarshamn",
    "beslutsdatum": "",
    "case_id": "5440991",
    "lansstyrelse": "Lansstyrelsen i Kalmars lan",
    "geocoded_from": "kommun:Oskarshamn"
   }
  },
  {
   "type": "Feature",
   "geometry": {
    "type": "Point",
    "coordinates": [
     16.370883807559288,
     56.66762887097986
    ]
   },
   "properties": {
    "diarienummer": "2805-2026",
    "status": "Handläggning",
    "indatum": "2026-03-26",
    "rubrik": "Anmälan enligt 11 kap 9 a § Miljöbalken om vattenverksamhet, Hagbyån, Kalmar kommun",
    "avsandare": "Kalmar vatten AB",
    "postort": "Kalmar",
    "kommun": "Kalmar",
    "beslutsdatum": "",
    "case_id": "5442741",
    "lansstyrelse": "Lansstyrelsen i Kalmars lan",
    "geocoded_from": "kommun:Kalmar"
   }
  },
  {
   "type": "Feature",
   "geometry": {
    "type": "Point",
    "coordinates": [
     15.902882597793548,
     56.751542510752785
    ]
   },
   "properties": {
    "diarienummer": "2806-2026",
    "status": "Handläggning",
    "indatum": "2026-03-26",
    "rubrik": "Anmälan enligt 11 kap 9 a § Miljöbalken om vattenverksamhet, Ljungbyån (Orrefors – Smedsfors), Nybro kommun",
    "avsandare": "Ljusnefors Camping AB",
    "postort": "Ljusne/Schweden",
    "kommun": "Nybro",
    "beslutsdatum": "",
    "case_id": "5442841",
    "lansstyrelse": "Lansstyrelsen i Kalmars lan",
    "geocoded_from": "kommun:Nybro"
   }
  },
  {
   "type": "Feature",
   "geometry": {
    "type": "Point",
    "coordinates": [
     16.64827188876229,
     56.88533571346047
    ]
   },
   "properties": {
    "diarienummer": "3116-2026",
    "status": "Handläggning",
    "indatum": "2026-04-07",
    "rubrik": "Anmälan enligt 11 kap 9 a § Miljöbalken om vattenverksamhet, restaurering av våtmerk, Borgholm kommun",
    "avsandare": "Sveaskog förvaltnings AB",
    "postort": "Jönköping",
    "kommun": "Borgholm",
    "beslutsdatum": "",
    "case_id": "5454633",
    "lansstyrelse": "Lansstyrelsen i Kalmars lan",
    "geocoded_from": "kommun:Borgholm"
   }
  },
  {
   "type": "Feature",
   "geometry": {
    "type": "Point",
    "coordinates": [
     16.65077992741596,
     56.88175654151514
    ]
   },
   "properties": {
    "diarienummer": "643-2026",
    "status": "Handläggning",
    "indatum": "2026-01-22",
    "rubrik": "Tillsyn av vattenverksamhet, Alböke, Borgholms kommun",
    "avsandare": "Personuppgift",
    "postort": "",
    "kommun": "Borgholm",
    "beslutsdatum": "",
    "case_id": "5373067",
    "lansstyrelse": "Lansstyrelsen i Kalmars lan",
    "kommun_kalla": "rubrik",
    "geocoded_from": "kommun:Borgholm"
   }
  },
  {
   "type": "Feature",
   "geometry": {
    "type": "Point",
    "coordinates": [
     16.653141854410535,
     57.75073138301117
    ]
   },
   "properties": {
    "diarienummer": "1720-2026",
    "status": "Handläggning",
    "indatum": "2026-02-20",
    "rubrik": "Anmälan enligt 11 kap 9 a § Miljöbalken om vattenverksamhet, Vattenskyddsområde NVR-ID 2011731, Ytterby, Stora Askö, Västerviks kommun, Ytterby 1:171 (2), Västervik kommun",
    "avsandare": "Personuppgift",
    "postort": "Ljungsbro",
    "kommun": "Västervik",
    "beslutsdatum": "",
    "case_id": "5406830",
    "lansstyrelse": "Lansstyrelsen i Kalmars lan",
    "geocoded_from": "kommun:Västervik"
   }
  },
  {
   "type": "Feature",
   "geometry": {
    "type": "Point",
    "coordinates": [
     15.902101286440468,
     56.752120717705594
    ]
   },
   "properties": {
    "diarienummer": "1869-2026",
    "status": "Handläggning",
    "indatum": "2026-02-26",
    "rubrik": "Anmälan enligt 11 kap 9 a § Miljöbalken om vattenverksamhet, 24 våtmarker och 8 vattendrag berörs, se bilaga., Nybro kommun",
    "avsandare": "Svenska kraftnät",
    "postort": "Sundbyberg",
    "kommun": "Nybro",
    "beslutsdatum": "",
    "case_id": "5412247",
    "lansstyrelse": "Lansstyrelsen i Kalmars lan",
    "geocoded_from": "kommun:Nybro"
   }
  },
  {
   "type": "Feature",
   "geometry": {
    "type": "Point",
    "coordinates": [
     16.370885195486377,
     56.66890966683091
    ]
   },
   "properties": {
    "diarienummer": "3129-2026",
    "status": "Handläggning",
    "indatum": "2026-04-07",
    "rubrik": "Anmälan enligt 11 kap 9 a § Miljöbalken om vattenverksamhet, Snärjebäcken, Kalmar kommun",
    "avsandare": "Personuppgift",
    "postort": "KALMAR",
    "kommun": "Kalmar",
    "beslutsdatum": "",
    "case_id": "5455199",
    "lansstyrelse": "Lansstyrelsen i Kalmars lan",
    "geocoded_from": "kommun:Kalmar"
   }
  },
  {
   "type": "Feature",
   "geometry": {
    "type": "Point",
    "coordinates": [
     16.36258792451721,
     56.66491665424503
    ]
   },
   "properties": {
    "diarienummer": "3345-2026",
    "status": "Handläggning",
    "indatum": "2026-04-14",
    "rubrik": "Anmälan enligt 11 kap 9 a § Miljöbalken om vattenverksamhet, Åbyån, Kalmar kommun",
    "avsandare": "Kalmar Kommun",
    "postort": "Kalmar",
    "kommun": "Kalmar",
    "beslutsdatum": "",
    "case_id": "5462302",
    "lansstyrelse": "Lansstyrelsen i Kalmars lan",
    "geocoded_from": "kommun:Kalmar"
   }
  },
  {
   "type": "Feature",
   "geometry": {
    "type": "Point",
    "coordinates": [
     16.03223910528196,
     57.16556725133933
    ]
   },
   "properties": {
    "diarienummer": "3355-2026",
    "status": "Handläggning",
    "indatum": "2026-04-14",
    "rubrik": "Anmälan enligt 11 kap 9 a § Miljöbalken om vattenverksamhet, Naturreservatet Getebro, Högsby kommun",
    "avsandare": "SMHI",
    "postort": "",
    "kommun": "Högsby",
    "beslutsdatum": "",
    "case_id": "5462468",
    "lansstyrelse": "Lansstyrelsen i Kalmars lan",
    "kommun_kalla": "rubrik",
    "geocoded_from": "kommun:Högsby"
   }
  },
  {
   "type": "Feature",
   "geometry": {
    "type": "Point",
    "coordinates": [
     16.16681739272087,
     56.64708697315066
    ]
   },
   "properties": {
    "diarienummer": "3464-2026",
    "status": "Handläggning",
    "indatum": "2026-04-16",
    "rubrik": "Begäran om tillsyn av vattenverksamhet, Ölvingstorp, Kalmar kommun",
    "avsandare": "Personuppgift",
    "postort": "Ljungbyholm",
    "kommun": "",
    "beslutsdatum": "",
    "case_id": "5465744",
    "lansstyrelse": "Lansstyrelsen i Kalmars lan",
    "geocoded_from": "postort:Ljungbyholm"
   }
  },
  {
   "type": "Feature",
   "geometry": {
    "type": "Point",
    "coordinates": [
     16.36282492701355,
     56.66936473795021
    ]
   },
   "properties": {
    "diarienummer": "3530-2026",
    "status": "Handläggning",
    "indatum": "2026-04-17",
    "rubrik": "Tillsyn av vattenverksamhet, Mortorp, Kalmar kommun",
    "avsandare": "Länsstyrelsen Kalmar län",
    "postort": "",
    "kommun": "Kalmar",
    "beslutsdatum": "",
    "case_id": "5468174",
    "lansstyrelse": "Lansstyrelsen i Kalmars lan",
    "kommun_kalla": "rubrik",
    "geocoded_from": "kommun:Kalmar"
   }
  },
  {
   "type": "Feature",
   "geometry": {
    "type": "Point",
    "coordinates": [
     16.433425856552226,
     57.26817044126154
    ]
   },
   "properties": {
    "diarienummer": "3641-2026",
    "status": "Handläggning",
    "indatum": "2026-04-22",
    "rubrik": "Anmälan enligt 11 kap 9 a § Miljöbalken om vattenverksamhet, Maren, Oskarshamn kommun",
    "avsandare": "Föreningen Folkets hus Blankaholm",
    "postort": "Blankaholm",
    "kommun": "Oskarshamn",
    "beslutsdatum": "",
    "case_id": "5471327",
    "lansstyrelse": "Lansstyrelsen i Kalmars lan",
    "geocoded_from": "kommun:Oskarshamn"
   }
  },
  {
   "type": "Feature",
   "geometry": {
    "type": "Point",
    "coordinates": [
     16.653529587855363,
     56.8818563708787
    ]
   },
   "properties": {
    "diarienummer": "3168-2026",
    "status": "Handläggning",
    "indatum": "2026-04-08",
    "rubrik": "Anmälan enligt 11 kap 9 a § Miljöbalken om vattenverksamhet, restaurering våtmark, Borgholm kommun",
    "avsandare": "Sveaskog förvaltnings AB",
    "postort": "Jönköping",
    "kommun": "Borgholm",
    "beslutsdatum": "",
    "case_id": "5456494",
    "lansstyrelse": "Lansstyrelsen i Kalmars lan",
    "geocoded_from": "kommun:Borgholm"
   }
  },
  {
   "type": "Feature",
   "geometry": {
    "type": "Point",
    "coordinates": [
     16.42991056530408,
     57.26442903695888
    ]
   },
   "properties": {
    "diarienummer": "4486-2026",
    "status": "Handläggning",
    "indatum": "2026-05-20",
    "rubrik": "Anmälan enligt 11 kap 9 a § Miljöbalken om vattenverksamhet, Fågelöfjärden, WA32815758, Oskarshamn kommun",
    "avsandare": "Personuppgift",
    "postort": "Oskarshamn",
    "kommun": "Oskarshamn",
    "beslutsdatum": "",
    "case_id": "5500250",
    "lansstyrelse": "Lansstyrelsen i Kalmars lan",
    "geocoded_from": "kommun:Oskarshamn"
   }
  },
  {
   "type": "Feature",
   "geometry": {
    "type": "Point",
    "coordinates": [
     16.033279218740393,
     57.16442840972926
    ]
   },
   "properties": {
    "diarienummer": "3390-2026",
    "status": "Handläggning",
    "indatum": "2026-04-13",
    "rubrik": "Begäran om tillsyn av vattenverksamhet, Släthult, Högsby kommun",
    "avsandare": "Personuppgift",
    "postort": "",
    "kommun": "Högsby",
    "beslutsdatum": "",
    "case_id": "5463615",
    "lansstyrelse": "Lansstyrelsen i Kalmars lan",
    "geocoded_from": "kommun:Högsby"
   }
  },
  {
   "type": "Feature",
   "geometry": {
    "type": "Point",
    "coordinates": [
     16.650972733909583,
     56.88551598781344
    ]
   },
   "properties": {
    "diarienummer": "3406-2026",
    "status": "Handläggning",
    "indatum": "2026-04-15",
    "rubrik": "Anmälan enligt 11 kap 9 a § Miljöbalken om vattenverksamhet, restaurering av våtmark, Borgholm kommun",
    "avsandare": "Sveaskog förvaltnings AB",
    "postort": "Jönköping",
    "kommun": "Borgholm",
    "beslutsdatum": "",
    "case_id": "5464157",
    "lansstyrelse": "Lansstyrelsen i Kalmars lan",
    "geocoded_from": "kommun:Borgholm"
   }
  },
  {
   "type": "Feature",
   "geometry": {
    "type": "Point",
    "coordinates": [
     15.896328488601037,
     56.751858346028044
    ]
   },
   "properties": {
    "diarienummer": "3411-2026",
    "status": "Handläggning",
    "indatum": "2026-04-15",
    "rubrik": "Anmälan enligt 11 kap 9 a § Miljöbalken om vattenverksamhet, Vapenbäckån Orrefors, Nybro kommun",
    "avsandare": "EON Energidistribution AB",
    "postort": "Kalmar",
    "kommun": "Nybro",
    "beslutsdatum": "",
    "case_id": "5464265",
    "lansstyrelse": "Lansstyrelsen i Kalmars lan",
    "geocoded_from": "kommun:Nybro"
   }
  },
  {
   "type": "Feature",
   "geometry": {
    "type": "Point",
    "coordinates": [
     16.65100385629597,
     57.74703250129238
    ]
   },
   "properties": {
    "diarienummer": "3683-2026",
    "status": "Handläggning",
    "indatum": "2026-04-22",
    "rubrik": "Anmälan enligt 11 kap 9 a § Miljöbalken om vattenverksamhet, Metaviken, Västervik kommun",
    "avsandare": "Personuppgift",
    "postort": "LOFTAHAMMAR",
    "kommun": "Västervik",
    "beslutsdatum": "",
    "case_id": "5472527",
    "lansstyrelse": "Lansstyrelsen i Kalmars lan",
    "geocoded_from": "kommun:Västervik"
   }
  },
  {
   "type": "Feature",
   "geometry": {
    "type": "Point",
    "coordinates": [
     16.369441949857343,
     56.66623648667613
    ]
   },
   "properties": {
    "diarienummer": "3887-2026",
    "status": "Handläggning",
    "indatum": "2026-04-29",
    "rubrik": "Anmälan enligt 11 kap 9 a § Miljöbalken om vattenverksamhet, Smedstorpsån/ Ljungbyån, Kalmar kommun",
    "avsandare": "Södra Skogsägarna",
    "postort": "Mönsterås",
    "kommun": "Kalmar",
    "beslutsdatum": "",
    "case_id": "5479524",
    "lansstyrelse": "Lansstyrelsen i Kalmars lan",
    "geocoded_from": "kommun:Kalmar"
   }
  },
  {
   "type": "Feature",
   "geometry": {
    "type": "Point",
    "coordinates": [
     16.646583178832323,
     56.8839424390824
    ]
   },
   "properties": {
    "diarienummer": "3893-2026",
    "status": "Handläggning",
    "indatum": "2026-04-23",
    "rubrik": "Anmälan enligt 11 kap 9 a § Miljöbalken om vattenverksamhet och ansökan om strandskydds- och biotopskyddsdispens, Borgholms kommun",
    "avsandare": "Borgholm Energi AB",
    "postort": "Borgholm",
    "kommun": "",
    "beslutsdatum": "",
    "case_id": "5479682",
    "lansstyrelse": "Lansstyrelsen i Kalmars lan",
    "geocoded_from": "postort:Borgholm"
   }
  },
  {
   "type": "Feature",
   "geometry": {
    "type": "Point",
    "coordinates": [
     15.830869832246654,
     57.48319386028928
    ]
   },
   "properties": {
    "diarienummer": "3963-2026",
    "status": "Handläggning",
    "indatum": "2026-05-02",
    "rubrik": "Anmälan enligt 11 kap 9 a § Miljöbalken om vattenverksamhet, Tigerstads kanalföretag, Hultsfred kommun",
    "avsandare": "Personuppgift",
    "postort": "Mörlunda",
    "kommun": "Hultsfred",
    "beslutsdatum": "",
    "case_id": "5481507",
    "lansstyrelse": "Lansstyrelsen i Kalmars lan",
    "geocoded_from": "kommun:Hultsfred"
   }
  },
  {
   "type": "Feature",
   "geometry": {
    "type": "Point",
    "coordinates": [
     16.451298105801815,
     57.050099591374945
    ]
   },
   "properties": {
    "diarienummer": "3965-2026",
    "status": "Handläggning",
    "indatum": "2026-05-03",
    "rubrik": "Anmälan enligt 11 kap 9 a § Miljöbalken om vattenverksamhet, Emån, Mönsterås kommun",
    "avsandare": "Personuppgift",
    "postort": "Påskallavik",
    "kommun": "Mönsterås",
    "beslutsdatum": "",
    "case_id": "5481574",
    "lansstyrelse": "Lansstyrelsen i Kalmars lan",
    "geocoded_from": "kommun:Mönsterås"
   }
  },
  {
   "type": "Feature",
   "geometry": {
    "type": "Point",
    "coordinates": [
     16.645934538233732,
     56.88311964577422
    ]
   },
   "properties": {
    "diarienummer": "4084-2026",
    "status": "Handläggning",
    "indatum": "2026-05-06",
    "rubrik": "Anmälan enligt 11 kap 9 a § Miljöbalken om vattenverksamhet, Strömmen, Borgholm kommun",
    "avsandare": "Personuppgift",
    "postort": "Borgholm",
    "kommun": "Borgholm",
    "beslutsdatum": "",
    "case_id": "5485805",
    "lansstyrelse": "Lansstyrelsen i Kalmars lan",
    "geocoded_from": "kommun:Borgholm"
   }
  },
  {
   "type": "Feature",
   "geometry": {
    "type": "Point",
    "coordinates": [
     16.433974734898303,
     57.26762422283768
    ]
   },
   "properties": {
    "diarienummer": "4158-2026",
    "status": "Handläggning",
    "indatum": "2026-05-07",
    "rubrik": "Anmälan enligt 11 kap 9 a § Miljöbalken om vattenverksamhet, Grönemålabäcken samt myrmark, Oskarshamn kommun",
    "avsandare": "Personuppgift",
    "postort": "Fårbo",
    "kommun": "Oskarshamn",
    "beslutsdatum": "",
    "case_id": "5488236",
    "lansstyrelse": "Lansstyrelsen i Kalmars lan",
    "geocoded_from": "kommun:Oskarshamn"
   }
  },
  {
   "type": "Feature",
   "geometry": {
    "type": "Point",
    "coordinates": [
     15.59999701553038,
     58.00066574230518
    ]
   },
   "properties": {
    "diarienummer": "4252-2026",
    "status": "Handläggning",
    "indatum": "2026-05-11",
    "rubrik": "Beslut om överlämnande av ärende enligt 25 § länsstyrelseinstruktionen rörande ansökan om tillstånd för vattenverksamhet Kölefors och Torp, Kinda kommun",
    "avsandare": "Länsstyrelsen Östergötland",
    "postort": "",
    "kommun": "Kinda",
    "beslutsdatum": "",
    "case_id": "5490782",
    "lansstyrelse": "Lansstyrelsen i Kalmars lan",
    "kommun_kalla": "rubrik",
    "geocoded_from": "kommun:Kinda"
   }
  },
  {
   "type": "Feature",
   "geometry": {
    "type": "Point",
    "coordinates": [
     16.361930106620576,
     56.666900728817666
    ]
   },
   "properties": {
    "diarienummer": "4270-2026",
    "status": "Handläggning",
    "indatum": "2026-05-11",
    "rubrik": "Anmälan enligt 11 kap 9 a § Miljöbalken om vattenverksamhet, Långviken, Kalmar kommun",
    "avsandare": "Personuppgift",
    "postort": "Kalmar",
    "kommun": "Kalmar",
    "beslutsdatum": "",
    "case_id": "5491196",
    "lansstyrelse": "Lansstyrelsen i Kalmars lan",
    "geocoded_from": "kommun:Kalmar"
   }
  },
  {
   "type": "Feature",
   "geometry": {
    "type": "Point",
    "coordinates": [
     13.229732925972314,
     55.50993936720121
    ]
   },
   "properties": {
    "diarienummer": "4312-2026",
    "status": "Handläggning",
    "indatum": "2026-05-12",
    "rubrik": "Anmälan enligt 11 kap 9 a § Miljöbalken om vattenverksamhet, grävning schaktning, muddring, Svedala kommun, Skåne län, beslut om överlämnande av ärende",
    "avsandare": "Länsstyrelsen Skåne",
    "postort": "",
    "kommun": "Svedala",
    "beslutsdatum": "",
    "case_id": "5493781",
    "lansstyrelse": "Lansstyrelsen i Kalmars lan",
    "kommun_kalla": "rubrik",
    "geocoded_from": "kommun:Svedala"
   }
  },
  {
   "type": "Feature",
   "geometry": {
    "type": "Point",
    "coordinates": [
     16.37099541665592,
     56.66714173818504
    ]
   },
   "properties": {
    "diarienummer": "4316-2026",
    "status": "Handläggning",
    "indatum": "2026-05-13",
    "rubrik": "Anmälan enligt 11 kap 9 a § Miljöbalken om vattenverksamhet, Törnebybäcken, Kalmar kommun",
    "avsandare": "Personuppgift",
    "postort": "Kalmar",
    "kommun": "Kalmar",
    "beslutsdatum": "",
    "case_id": "5493910",
    "lansstyrelse": "Lansstyrelsen i Kalmars lan",
    "geocoded_from": "kommun:Kalmar"
   }
  },
  {
   "type": "Feature",
   "geometry": {
    "type": "Point",
    "coordinates": [
     16.646838282492514,
     57.74872810153407
    ]
   },
   "properties": {
    "diarienummer": "4493-2026",
    "status": "Handläggning",
    "indatum": "2026-05-20",
    "rubrik": "Anmälan enligt 11 kap 9 a § Miljöbalken om vattenverksamhet, Hav utanför Kalvholmarna / Stora Kalvö, Västervik kommun",
    "avsandare": "Vattenfall Services Nordic AB",
    "postort": "Trollhättan",
    "kommun": "Västervik",
    "beslutsdatum": "",
    "case_id": "5500377",
    "lansstyrelse": "Lansstyrelsen i Kalmars lan",
    "geocoded_from": "kommun:Västervik"
   }
  },
  {
   "type": "Feature",
   "geometry": {
    "type": "Point",
    "coordinates": [
     16.645693373643876,
     57.74720333066016
    ]
   },
   "properties": {
    "diarienummer": "3660-2026",
    "status": "Handläggning",
    "indatum": "2026-04-22",
    "rubrik": "Anmälan enligt 11 kap 9 a § Miljöbalken om vattenverksamhet, Rummen, Västervik kommun",
    "avsandare": "Trafikverket",
    "postort": "Borlänge",
    "kommun": "Västervik",
    "beslutsdatum": "",
    "case_id": "5471716",
    "lansstyrelse": "Lansstyrelsen i Kalmars lan",
    "geocoded_from": "kommun:Västervik"
   }
  },
  {
   "type": "Feature",
   "geometry": {
    "type": "Point",
    "coordinates": [
     15.999235767194971,
     56.41386755402907
    ]
   },
   "properties": {
    "diarienummer": "3920-2026",
    "status": "Handläggning",
    "indatum": "2026-04-29",
    "rubrik": "Begäran om tillsyn av vattenverksamhet, Bruatorpsån, Ekaryd, Torsås kommun",
    "avsandare": "Personuppgift",
    "postort": "",
    "kommun": "Torsås",
    "beslutsdatum": "",
    "case_id": "5480373",
    "lansstyrelse": "Lansstyrelsen i Kalmars lan",
    "geocoded_from": "kommun:Torsås"
   }
  },
  {
   "type": "Feature",
   "geometry": {
    "type": "Point",
    "coordinates": [
     16.64883085699958,
     57.74780340125126
    ]
   },
   "properties": {
    "diarienummer": "4003-2026",
    "status": "Handläggning",
    "indatum": "2026-05-04",
    "rubrik": "Anmälan enligt 11 kap 9 a § Miljöbalken om vattenverksamhet, vattendraget har inget namn, Västervik kommun",
    "avsandare": "Personuppgift",
    "postort": "Gamleby",
    "kommun": "Västervik",
    "beslutsdatum": "",
    "case_id": "5482915",
    "lansstyrelse": "Lansstyrelsen i Kalmars lan",
    "geocoded_from": "kommun:Västervik"
   }
  },
  {
   "type": "Feature",
   "geometry": {
    "type": "Point",
    "coordinates": [
     16.36939700525746,
     56.66382129603131
    ]
   },
   "properties": {
    "diarienummer": "4029-2026",
    "status": "Handläggning",
    "indatum": "2026-05-05",
    "rubrik": "Begäran om tillsyn av vattenverksamhet i Bondebäcken i Halltorp, Kalmar kommun",
    "avsandare": "Personuppgift",
    "postort": "",
    "kommun": "Kalmar",
    "beslutsdatum": "",
    "case_id": "5484151",
    "lansstyrelse": "Lansstyrelsen i Kalmars lan",
    "kommun_kalla": "rubrik",
    "geocoded_from": "kommun:Kalmar"
   }
  },
  {
   "type": "Feature",
   "geometry": {
    "type": "Point",
    "coordinates": [
     16.37080238016223,
     56.666636222572514
    ]
   },
   "properties": {
    "diarienummer": "4104-2026",
    "status": "Handläggning",
    "indatum": "2026-05-06",
    "rubrik": "Anmälan enligt 11 kap 9 a § Miljöbalken om vattenverksamhet och ansökan om strandskyddsdispens, Åbyån/Läckebyån, Kalmar kommun",
    "avsandare": "Personuppgift",
    "postort": "Kalmar",
    "kommun": "Kalmar",
    "beslutsdatum": "",
    "case_id": "5486622",
    "lansstyrelse": "Lansstyrelsen i Kalmars lan",
    "geocoded_from": "kommun:Kalmar"
   }
  },
  {
   "type": "Feature",
   "geometry": {
    "type": "Point",
    "coordinates": [
     16.6523691785291,
     57.75295547528942
    ]
   },
   "properties": {
    "diarienummer": "4187-2026",
    "status": "Handläggning",
    "indatum": "2026-05-08",
    "rubrik": "Anmälan enligt 11 kap 9 a § Miljöbalken om vattenverksamhet, Rummen, Västervik kommun",
    "avsandare": "Personuppgift",
    "postort": "Borlänge",
    "kommun": "Västervik",
    "beslutsdatum": "",
    "case_id": "5488826",
    "lansstyrelse": "Lansstyrelsen i Kalmars lan",
    "geocoded_from": "kommun:Västervik"
   }
  },
  {
   "type": "Feature",
   "geometry": {
    "type": "Point",
    "coordinates": [
     16.43539330038278,
     57.26544594334255
    ]
   },
   "properties": {
    "diarienummer": "4246-2026",
    "status": "Handläggning",
    "indatum": "2026-05-11",
    "rubrik": "Anmälan enligt 11 kap 9 a § Miljöbalken om vattenverksamhet, Östersjön, Oskarshamn kommun",
    "avsandare": "Personuppgift",
    "postort": "Oskarshamn",
    "kommun": "Oskarshamn",
    "beslutsdatum": "",
    "case_id": "5490663",
    "lansstyrelse": "Lansstyrelsen i Kalmars lan",
    "geocoded_from": "kommun:Oskarshamn"
   }
  },
  {
   "type": "Feature",
   "geometry": {
    "type": "Point",
    "coordinates": [
     13.597586421802758,
     56.44724498221903
    ]
   },
   "properties": {
    "diarienummer": "575-2026",
    "status": "Handläggning",
    "indatum": "2026-01-27",
    "rubrik": "Anmälan enligt 11 kap 9 a § Miljöbalken om vattenverksamhet, Grytån, Markaryd kommun",
    "avsandare": "Personuppgift",
    "postort": "Borlänge",
    "kommun": "Markaryd",
    "beslutsdatum": "",
    "case_id": "5379708",
    "lansstyrelse": "Lansstyrelsen i Kronobergs lan",
    "geocoded_from": "kommun:Markaryd"
   }
  },
  {
   "type": "Feature",
   "geometry": {
    "type": "Point",
    "coordinates": [
     14.987401040117959,
     56.53238385015709
    ]
   },
   "properties": {
    "diarienummer": "1652-2026",
    "status": "Handläggning",
    "indatum": "2026-03-09",
    "rubrik": "Begäran om yttrande över ansökan om omprövning för moderna miljövillkor alternativt tillstånd för befintlig vattenverksamhet m.m. Knällsbergs kraftverk, Tingsryds kommun, svar 2026-04-13,M 3489-24",
    "avsandare": "Mark- och miljödomstolen, Växjö tingsrätt",
    "postort": "",
    "kommun": "Tingsryd",
    "beslutsdatum": "",
    "case_id": "5422729",
    "lansstyrelse": "Lansstyrelsen i Kronobergs lan",
    "kommun_kalla": "rubrik",
    "geocoded_from": "kommun:Tingsryd"
   }
  },
  {
   "type": "Feature",
   "geometry": {
    "type": "Point",
    "coordinates": [
     14.980759789845782,
     56.531419297557505
    ]
   },
   "properties": {
    "diarienummer": "1955-2026",
    "status": "Handläggning",
    "indatum": "2026-03-19",
    "rubrik": "Begäran om tillsyn av vattenverksamhet, vattenuttag, nedskräpning och byggnation på Kurrebo båthus, sjön Åsnen, Tingsryds kommun",
    "avsandare": "Tingsryds kommun",
    "postort": "",
    "kommun": "Tingsryd",
    "beslutsdatum": "",
    "case_id": "5435451",
    "lansstyrelse": "Lansstyrelsen i Kronobergs lan",
    "kommun_kalla": "rubrik",
    "geocoded_from": "kommun:Tingsryd"
   }
  },
  {
   "type": "Feature",
   "geometry": {
    "type": "Point",
    "coordinates": [
     13.004707384648581,
     55.59860365640134
    ]
   },
   "properties": {
    "diarienummer": "3121-2026",
    "status": "Handläggning",
    "indatum": "2026-05-11",
    "rubrik": "Samråd inför tillståndsansökan för ansökan om tillstånd enligt miljöbalken för moderna miljövillkor, vattenverksamhet, Vetlanda kommun, svar senast  2026-06-07",
    "avsandare": "Personuppgift",
    "postort": "Malmö",
    "kommun": "",
    "beslutsdatum": "",
    "case_id": "5491641",
    "lansstyrelse": "Lansstyrelsen i Kronobergs lan",
    "geocoded_from": "postort:Malmö"
   }
  },
  {
   "type": "Feature",
   "geometry": {
    "type": "Point",
    "coordinates": [
     15.534591325414464,
     57.017200643104964
    ]
   },
   "properties": {
    "diarienummer": "2047-2026",
    "status": "Handläggning",
    "indatum": "2026-03-24",
    "rubrik": "Anmälan enligt 11 kap 9 a § Miljöbalken om vattenverksamhet, trivselåtgärd hundbadplats Lenhovdasjön, Uppvidinge kommun",
    "avsandare": "Personuppgift",
    "postort": "Åseda",
    "kommun": "Uppvidinge",
    "beslutsdatum": "",
    "case_id": "5440497",
    "lansstyrelse": "Lansstyrelsen i Kronobergs lan",
    "geocoded_from": "kommun:Uppvidinge"
   }
  },
  {
   "type": "Feature",
   "geometry": {
    "type": "Point",
    "coordinates": [
     13.733105986230196,
     57.347032825279605
    ]
   },
   "properties": {
    "diarienummer": "2087-2026",
    "status": "Handläggning",
    "indatum": "2026-03-18",
    "rubrik": "Anmälan om driftstörning gällande vattenverksamhet, Gnosjö kommun",
    "avsandare": "Länsstyrelsen Jönköping",
    "postort": "",
    "kommun": "Gnosjö",
    "beslutsdatum": "",
    "case_id": "5441827",
    "lansstyrelse": "Lansstyrelsen i Kronobergs lan",
    "kommun_kalla": "rubrik",
    "geocoded_from": "kommun:Gnosjö"
   }
  },
  {
   "type": "Feature",
   "geometry": {
    "type": "Point",
    "coordinates": [
     15.5367948597049,
     57.0189414609959
    ]
   },
   "properties": {
    "diarienummer": "2952-2026",
    "status": "Handläggning",
    "indatum": "2026-05-04",
    "rubrik": "Anmälan enligt 11 kap 9 a § Miljöbalken om vattenverksamhet, Mörrumsån: WA84010209 Änghultasjön -Boskvarnasjön, Uppvidinge kommun",
    "avsandare": "Personuppgift",
    "postort": "Växjö",
    "kommun": "Uppvidinge",
    "beslutsdatum": "",
    "case_id": "5483534",
    "lansstyrelse": "Lansstyrelsen i Kronobergs lan",
    "geocoded_from": "kommun:Uppvidinge"
   }
  },
  {
   "type": "Feature",
   "geometry": {
    "type": "Point",
    "coordinates": [
     14.801748202882568,
     56.87546893090538
    ]
   },
   "properties": {
    "diarienummer": "2953-2026",
    "status": "Handläggning",
    "indatum": "2026-05-04",
    "rubrik": "Anmälan enligt 11 kap 9 a § Miljöbalken om vattenverksamhet, MÖRRUMSÅN WA56284955  Övrasjö-Örken, Växjö kommun",
    "avsandare": "Personuppgift",
    "postort": "Växjö",
    "kommun": "Växjö",
    "beslutsdatum": "",
    "case_id": "5483543",
    "lansstyrelse": "Lansstyrelsen i Kronobergs lan",
    "geocoded_from": "kommun:Växjö"
   }
  },
  {
   "type": "Feature",
   "geometry": {
    "type": "Point",
    "coordinates": [
     14.986765838556243,
     56.53378429649516
    ]
   },
   "properties": {
    "diarienummer": "2957-2026",
    "status": "Handläggning",
    "indatum": "2026-05-05",
    "rubrik": "Anmälan enligt 11 kap 9 a § Miljöbalken om vattenverksamhet, Mörrumsån: Hönshyltefjorden – Åsnen WA 14508202, Tingsryd kommun",
    "avsandare": "Personuppgift",
    "postort": "Växjö",
    "kommun": "Tingsryd",
    "beslutsdatum": "",
    "case_id": "5483731",
    "lansstyrelse": "Lansstyrelsen i Kronobergs lan",
    "geocoded_from": "kommun:Tingsryd"
   }
  },
  {
   "type": "Feature",
   "geometry": {
    "type": "Point",
    "coordinates": [
     13.935996856120871,
     56.83334576505919
    ]
   },
   "properties": {
    "diarienummer": "3083-2026",
    "status": "Handläggning",
    "indatum": "2026-05-08",
    "rubrik": "Samråd inför tillståndsansökan för Ansökan om tillstånd för täkt av torv samt vatten och vattenverksamhet vid Grytåsamossen i Ljungby kommun",
    "avsandare": "Personuppgift",
    "postort": "Ljungby",
    "kommun": "Ljungby",
    "beslutsdatum": "",
    "case_id": "5489690",
    "lansstyrelse": "Lansstyrelsen i Kronobergs lan",
    "geocoded_from": "kommun:Ljungby"
   }
  },
  {
   "type": "Feature",
   "geometry": {
    "type": "Point",
    "coordinates": [
     14.982722907149894,
     56.53220885438287
    ]
   },
   "properties": {
    "diarienummer": "21-2026",
    "status": "Handläggning",
    "indatum": "2026-01-04",
    "rubrik": "Anmälan enligt 11 kap 9 a § Miljöbalken om vattenverksamhet för anläggande av damm i Tingsryds kommun",
    "avsandare": "Personuppgift",
    "postort": "Tingsryd",
    "kommun": "",
    "beslutsdatum": "",
    "case_id": "5356328",
    "lansstyrelse": "Lansstyrelsen i Kronobergs lan",
    "geocoded_from": "postort:Tingsryd"
   }
  },
  {
   "type": "Feature",
   "geometry": {
    "type": "Point",
    "coordinates": [
     13.603781689952756,
     56.45053769300834
    ]
   },
   "properties": {
    "diarienummer": "3027-2026",
    "status": "Handläggning",
    "indatum": "2026-05-06",
    "rubrik": "Anmälan enligt 11 kap 9 a § Miljöbalken om vattenverksamhet, WA60288163 Vänneån, Markaryd kommun",
    "avsandare": "Personuppgift",
    "postort": "Ljungby",
    "kommun": "Markaryd",
    "beslutsdatum": "",
    "case_id": "5486564",
    "lansstyrelse": "Lansstyrelsen i Kronobergs lan",
    "geocoded_from": "kommun:Markaryd"
   }
  },
  {
   "type": "Feature",
   "geometry": {
    "type": "Point",
    "coordinates": [
     15.434265966896618,
     60.482137051164315
    ]
   },
   "properties": {
    "diarienummer": "3075-2026",
    "status": "Handläggning",
    "indatum": "2026-05-08",
    "rubrik": "Anmälan enligt 11 kap 9 a § Miljöbalken om vattenverksamhet, Arnanäs 2*1198. Grundat 1931. Verkar vara ett dikningsföretag. Arbete pågår med att få kontakt., Älmhult kommun",
    "avsandare": "Personuppgift",
    "postort": "Borlänge",
    "kommun": "Älmhult",
    "beslutsdatum": "",
    "case_id": "5489387",
    "lansstyrelse": "Lansstyrelsen i Kronobergs lan",
    "geocoded_from": "postort:Borlänge"
   }
  },
  {
   "type": "Feature",
   "geometry": {
    "type": "Point",
    "coordinates": [
     14.809302052377317,
     56.87679391685131
    ]
   },
   "properties": {
    "diarienummer": "3178-2026",
    "status": "Handläggning",
    "indatum": "2026-05-13",
    "rubrik": "Begäran om tillsyn av vattenverksamhet vid Braås vattenverk, Växjö kommun",
    "avsandare": "Personuppgift",
    "postort": "",
    "kommun": "Växjö",
    "beslutsdatum": "",
    "case_id": "5494246",
    "lansstyrelse": "Lansstyrelsen i Kronobergs lan",
    "kommun_kalla": "rubrik",
    "geocoded_from": "kommun:Växjö"
   }
  },
  {
   "type": "Feature",
   "geometry": {
    "type": "Point",
    "coordinates": [
     22.14635297249256,
     65.58502211474325
    ]
   },
   "properties": {
    "diarienummer": "7230-2026",
    "status": "Handläggning",
    "indatum": "2026-04-29",
    "rubrik": "Anmälan enligt 11 kap 9 a § Miljöbalken om vattenverksamhet, Sandöfjärden, Luleå kommun",
    "avsandare": "Personuppgift",
    "postort": "Luleå",
    "kommun": "Luleå",
    "beslutsdatum": "",
    "case_id": "5480075",
    "lansstyrelse": "Lansstyrelsen i Norrbottens lan",
    "geocoded_from": "kommun:Luleå"
   }
  },
  {
   "type": "Feature",
   "geometry": {
    "type": "Point",
    "coordinates": [
     21.682932692093488,
     65.8322086334658
    ]
   },
   "properties": {
    "diarienummer": "7840-2026",
    "status": "Handläggning",
    "indatum": "2026-05-08",
    "rubrik": "Anmälan enligt 11 kap 9 a § Miljöbalken om vattenverksamhet, Svartbyträsket, Boden kommun",
    "avsandare": "Personuppgift",
    "postort": "Luleå",
    "kommun": "Boden",
    "beslutsdatum": "",
    "case_id": "5489676",
    "lansstyrelse": "Lansstyrelsen i Norrbottens lan",
    "geocoded_from": "kommun:Boden"
   }
  },
  {
   "type": "Feature",
   "geometry": {
    "type": "Point",
    "coordinates": [
     22.154784056977434,
     65.5825959491246
    ]
   },
   "properties": {
    "diarienummer": "8276-2026",
    "status": "Handläggning",
    "indatum": "2026-05-13",
    "rubrik": "Begäran om yttrande i mål M 4315-25 om överklagande av Länsstyrelsens beslut 2025-11-13, 13490-2025 om anmälan om vattenverksamhet för renovering av pir samt muddring",
    "avsandare": "Mark- och miljödomstolen",
    "postort": "",
    "kommun": "Luleå",
    "beslutsdatum": "",
    "case_id": "5494939",
    "lansstyrelse": "Lansstyrelsen i Norrbottens lan",
    "geocoded_from": "kommun:Luleå"
   }
  },
  {
   "type": "Feature",
   "geometry": {
    "type": "Point",
    "coordinates": [
     21.688121265616825,
     65.8326586149621
    ]
   },
   "properties": {
    "diarienummer": "8337-2026",
    "status": "Handläggning",
    "indatum": "2026-05-17",
    "rubrik": "Anmälan enligt 11 kap 9 a § Miljöbalken om vattenverksamhet, Skogså ån, Boden kommun",
    "avsandare": "Personuppgift",
    "postort": "Boden",
    "kommun": "Boden",
    "beslutsdatum": "",
    "case_id": "5496175",
    "lansstyrelse": "Lansstyrelsen i Norrbottens lan",
    "geocoded_from": "kommun:Boden"
   }
  },
  {
   "type": "Feature",
   "geometry": {
    "type": "Point",
    "coordinates": [
     21.679016930505597,
     65.83279414091714
    ]
   },
   "properties": {
    "diarienummer": "8454-2026",
    "status": "Handläggning",
    "indatum": "2026-05-18",
    "rubrik": "Anmälan enligt 11 kap 9 a § Miljöbalken om vattenverksamhet, stabilitetshöjande åtgärder för Svedjebergsleden längs Svartbyträsket, Bodens kommun",
    "avsandare": "Personuppgift",
    "postort": "",
    "kommun": "Boden",
    "beslutsdatum": "",
    "case_id": "5497533",
    "lansstyrelse": "Lansstyrelsen i Norrbottens lan",
    "geocoded_from": "kommun:Boden"
   }
  },
  {
   "type": "Feature",
   "geometry": {
    "type": "Point",
    "coordinates": [
     22.15279500569796,
     65.58338961092116
    ]
   },
   "properties": {
    "diarienummer": "6769-2026",
    "status": "Handläggning",
    "indatum": "2026-04-23",
    "rubrik": "Begäran om yttrande i mål M 544-26 om överklagande av Länsstyrelsens beslut 2026-01-27, 535-15874-2023 gällande begäran om tillsyn av vattenverksamhet",
    "avsandare": "Mark- och mijlödomstolen",
    "postort": "",
    "kommun": "Luleå",
    "beslutsdatum": "",
    "case_id": "5472879",
    "lansstyrelse": "Lansstyrelsen i Norrbottens lan",
    "geocoded_from": "kommun:Luleå"
   }
  },
  {
   "type": "Feature",
   "geometry": {
    "type": "Point",
    "coordinates": [
     13.319837399340926,
     59.49720584231551
    ]
   },
   "properties": {
    "diarienummer": "6988-2026",
    "status": "Handläggning",
    "indatum": "2026-04-02",
    "rubrik": "Anmälan enligt 11 kap 9 a § Miljöbalken om vattenverksamhet för anläggande av våtmark",
    "avsandare": "Personuppgift",
    "postort": "KIL",
    "kommun": "",
    "beslutsdatum": "",
    "case_id": "5476016",
    "lansstyrelse": "Lansstyrelsen i Norrbottens lan",
    "geocoded_from": "postort:KIL"
   }
  },
  {
   "type": "Feature",
   "geometry": {
    "type": "Point",
    "coordinates": [
     23.145992892413723,
     65.84775718294243
    ]
   },
   "properties": {
    "diarienummer": "7317-2026",
    "status": "Handläggning",
    "indatum": "2026-05-01",
    "rubrik": "Anmälan enligt 11 kap 9 a § Miljöbalken om vattenverksamhet, Hamnbassäng på fastigheten YTTERBYN 50:2, Kalix kommun",
    "avsandare": "Personuppgift",
    "postort": "Kalix",
    "kommun": "Kalix",
    "beslutsdatum": "",
    "case_id": "5481452",
    "lansstyrelse": "Lansstyrelsen i Norrbottens lan",
    "geocoded_from": "kommun:Kalix"
   }
  },
  {
   "type": "Feature",
   "geometry": {
    "type": "Point",
    "coordinates": [
     19.186782597703303,
     65.58563929692734
    ]
   },
   "properties": {
    "diarienummer": "8402-2026",
    "status": "Handläggning",
    "indatum": "2026-05-11",
    "rubrik": "Förfrågan om vattenverksamhet för trumbyte vid väg 12854 i Rönnlidbäcken, Arvidsjaurs kommun",
    "avsandare": "Arvidsjaurs Allmänningsförvaltning",
    "postort": "",
    "kommun": "Arvidsjaur",
    "beslutsdatum": "",
    "case_id": "5496787",
    "lansstyrelse": "Lansstyrelsen i Norrbottens lan",
    "geocoded_from": "kommun:Arvidsjaur"
   }
  },
  {
   "type": "Feature",
   "geometry": {
    "type": "Point",
    "coordinates": [
     21.68749719638042,
     65.83390634649541
    ]
   },
   "properties": {
    "diarienummer": "8413-2026",
    "status": "Handläggning",
    "indatum": "2026-05-18",
    "rubrik": "Anmälan enligt 11 kap 9 a § Miljöbalken om vattenverksamhet, Luleälven, Boden kommun",
    "avsandare": "Personuppgift",
    "postort": "Boden",
    "kommun": "Boden",
    "beslutsdatum": "",
    "case_id": "5496929",
    "lansstyrelse": "Lansstyrelsen i Norrbottens lan",
    "geocoded_from": "kommun:Boden"
   }
  },
  {
   "type": "Feature",
   "geometry": {
    "type": "Point",
    "coordinates": [
     24.132941718145005,
     65.83314754979612
    ]
   },
   "properties": {
    "diarienummer": "43-2026",
    "status": "Handläggning",
    "indatum": "2026-01-02",
    "rubrik": "Anmälan enligt 11 kap 9 a § Miljöbalken om vattenverksamhet samt deponering av icke-farliga muddermassor, Nikkala Haparanda kommun",
    "avsandare": "Personuppgift",
    "postort": "Karungi",
    "kommun": "Haparanda",
    "beslutsdatum": "",
    "case_id": "5356045",
    "lansstyrelse": "Lansstyrelsen i Norrbottens lan",
    "geocoded_from": "kommun:Haparanda"
   }
  },
  {
   "type": "Feature",
   "geometry": {
    "type": "Point",
    "coordinates": [
     23.15448477939287,
     65.85197768514419
    ]
   },
   "properties": {
    "diarienummer": "529-2026",
    "status": "Handläggning",
    "indatum": "2026-01-14",
    "rubrik": "Anmälan enligt 11 kap 9 a § Miljöbalken om vattenverksamhet, Baltiska havet vid ön Granholmen utanför Sören, Kalix kommun",
    "avsandare": "Personuppgift",
    "postort": "Luleå",
    "kommun": "Kalix",
    "beslutsdatum": "",
    "case_id": "5365583",
    "lansstyrelse": "Lansstyrelsen i Norrbottens lan",
    "geocoded_from": "kommun:Kalix"
   }
  },
  {
   "type": "Feature",
   "geometry": {
    "type": "Point",
    "coordinates": [
     24.13796290766524,
     65.8325440082912
    ]
   },
   "properties": {
    "diarienummer": "8639-2026",
    "status": "Handläggning",
    "indatum": "2026-05-20",
    "rubrik": "Anmälan enligt 11 kap 9 a § Miljöbalken om vattenverksamhet, Haparanda kommun",
    "avsandare": "Personuppgift",
    "postort": "Haparanda",
    "kommun": "Haparanda",
    "beslutsdatum": "",
    "case_id": "5499998",
    "lansstyrelse": "Lansstyrelsen i Norrbottens lan",
    "geocoded_from": "kommun:Haparanda"
   }
  },
  {
   "type": "Feature",
   "geometry": {
    "type": "Point",
    "coordinates": [
     23.36372038554467,
     67.19878572155844
    ]
   },
   "properties": {
    "diarienummer": "783-2026",
    "status": "Handläggning",
    "indatum": "2026-01-19",
    "rubrik": "Anmälan enligt 11 kap 9 a § Miljöbalken om vattenverksamhet, byggande av dikespluggar, dikesområde nära Torisenoja, Pajala kommun",
    "avsandare": "Länsstyrelsen i Norrbotten",
    "postort": "Luleå",
    "kommun": "Pajala",
    "beslutsdatum": "",
    "case_id": "5369577",
    "lansstyrelse": "Lansstyrelsen i Norrbottens lan",
    "geocoded_from": "kommun:Pajala"
   }
  },
  {
   "type": "Feature",
   "geometry": {
    "type": "Point",
    "coordinates": [
     19.829351413249952,
     66.5971507031161
    ]
   },
   "properties": {
    "diarienummer": "1983-2026",
    "status": "Handläggning",
    "indatum": "2026-02-04",
    "rubrik": "Anmälan enligt 11 kap 9 a § Miljöbalken om vattenverksamhet för anläggande av ny järnvägsbro över Finnstabäcken, Malmbanan, Murjek 100:2 och Murjek 6:10, Jokkmokks kommun",
    "avsandare": "Trafikverket",
    "postort": "",
    "kommun": "Jokkmokk",
    "beslutsdatum": "",
    "case_id": "5389898",
    "lansstyrelse": "Lansstyrelsen i Norrbottens lan",
    "geocoded_from": "kommun:Jokkmokk"
   }
  },
  {
   "type": "Feature",
   "geometry": {
    "type": "Point",
    "coordinates": [
     22.14615335841891,
     65.584388821082
    ]
   },
   "properties": {
    "diarienummer": "2081-2026",
    "status": "Handläggning",
    "indatum": "2026-02-06",
    "rubrik": "Anmälan enligt 11 kap 9 a § Miljöbalken om vattenverksamhet samt deponering av icke-farliga muddermassor, Bottenviken, Luleå kommun",
    "avsandare": "Personuppgift",
    "postort": "Luleå",
    "kommun": "Luleå",
    "beslutsdatum": "",
    "case_id": "5391812",
    "lansstyrelse": "Lansstyrelsen i Norrbottens lan",
    "geocoded_from": "kommun:Luleå"
   }
  },
  {
   "type": "Feature",
   "geometry": {
    "type": "Point",
    "coordinates": [
     22.151797639780714,
     65.5828455160213
    ]
   },
   "properties": {
    "diarienummer": "2218-2026",
    "status": "Handläggning",
    "indatum": "2026-02-09",
    "rubrik": "Anmälan enligt 11 kap 9 a § Miljöbalken om vattenverksamhet för återställning av pir, Luleå kommun",
    "avsandare": "Personuppgift",
    "postort": "Uppsala",
    "kommun": "Luleå",
    "beslutsdatum": "",
    "case_id": "5393959",
    "lansstyrelse": "Lansstyrelsen i Norrbottens lan",
    "geocoded_from": "kommun:Luleå"
   }
  },
  {
   "type": "Feature",
   "geometry": {
    "type": "Point",
    "coordinates": [
     23.151716202323634,
     65.84723399565264
    ]
   },
   "properties": {
    "diarienummer": "2475-2026",
    "status": "Handläggning",
    "indatum": "2026-02-14",
    "rubrik": "Anmälan enligt 11 kap 9 a § Miljöbalken om vattenverksamhet, Törefjärden, Kalix kommun",
    "avsandare": "Personuppgift",
    "postort": "Luleå",
    "kommun": "Kalix",
    "beslutsdatum": "",
    "case_id": "5399423",
    "lansstyrelse": "Lansstyrelsen i Norrbottens lan",
    "geocoded_from": "kommun:Kalix"
   }
  },
  {
   "type": "Feature",
   "geometry": {
    "type": "Point",
    "coordinates": [
     22.152992436592687,
     65.58527643862016
    ]
   },
   "properties": {
    "diarienummer": "3131-2026",
    "status": "Handläggning",
    "indatum": "2026-02-26",
    "rubrik": "Anmälan enligt 11 kap 9 a § Miljöbalken om vattenverksamhet, Ettans Båthamn , Stadsfjärden i Luleå Kommun. Se bif karta., Luleå kommun",
    "avsandare": "Personuppgift",
    "postort": "Luleå",
    "kommun": "Luleå",
    "beslutsdatum": "",
    "case_id": "5412295",
    "lansstyrelse": "Lansstyrelsen i Norrbottens lan",
    "geocoded_from": "kommun:Luleå"
   }
  },
  {
   "type": "Feature",
   "geometry": {
    "type": "Point",
    "coordinates": [
     22.148927320883598,
     65.58093032924508
    ]
   },
   "properties": {
    "diarienummer": "83-2026",
    "status": "Handläggning",
    "indatum": "2026-01-05",
    "rubrik": "Anmälan enligt 11 kap 9 a § Miljöbalken om vattenverksamhet  grävning, schaktning, muddring eller sprängning,, Norrisundet, Hindersön 2:33 i Luleå kommun",
    "avsandare": "Personuppgift",
    "postort": "Stockholm",
    "kommun": "Luleå",
    "beslutsdatum": "",
    "case_id": "5356689",
    "lansstyrelse": "Lansstyrelsen i Norrbottens lan",
    "geocoded_from": "kommun:Luleå"
   }
  },
  {
   "type": "Feature",
   "geometry": {
    "type": "Point",
    "coordinates": [
     22.15318124894492,
     65.58226592095932
    ]
   },
   "properties": {
    "diarienummer": "106-2026",
    "status": "Handläggning",
    "indatum": "2026-01-06",
    "rubrik": "Anmälan enligt 11 kap 9 a § Miljöbalken om vattenverksamhet  grävning, schaktning, muddring eller sprängning, Rånefjärden, Luleå kommun",
    "avsandare": "Personuppgift",
    "postort": "Luleå",
    "kommun": "Luleå",
    "beslutsdatum": "",
    "case_id": "5357034",
    "lansstyrelse": "Lansstyrelsen i Norrbottens lan",
    "geocoded_from": "kommun:Luleå"
   }
  },
  {
   "type": "Feature",
   "geometry": {
    "type": "Point",
    "coordinates": [
     23.646906545201162,
     66.38295310523849
    ]
   },
   "properties": {
    "diarienummer": "1102-2026",
    "status": "Handläggning",
    "indatum": "2026-01-22",
    "rubrik": "Anmälan enligt 11 kap 9 a § Miljöbalken om vattenverksamhet, Diken längs Juojoki, Luleå kommun",
    "avsandare": "Personuppgift",
    "postort": "Luleå",
    "kommun": "Övertorneå",
    "beslutsdatum": "",
    "case_id": "5374003",
    "lansstyrelse": "Lansstyrelsen i Norrbottens lan",
    "geocoded_from": "kommun:Övertorneå"
   }
  },
  {
   "type": "Feature",
   "geometry": {
    "type": "Point",
    "coordinates": [
     23.14562581420347,
     65.84740575245506
    ]
   },
   "properties": {
    "diarienummer": "1534-2026",
    "status": "Handläggning",
    "indatum": "2026-01-29",
    "rubrik": "Anmälan enligt 11 kap 9 a § Miljöbalken om vattenverksamhet, Vattendraget som mynnar ut från Stordjupbäckstjärnen., Kalix kommun",
    "avsandare": "Personuppgift",
    "postort": "Luleå",
    "kommun": "Kalix",
    "beslutsdatum": "",
    "case_id": "5381536",
    "lansstyrelse": "Lansstyrelsen i Norrbottens lan",
    "geocoded_from": "kommun:Kalix"
   }
  },
  {
   "type": "Feature",
   "geometry": {
    "type": "Point",
    "coordinates": [
     20.652581994532873,
     67.13237956028811
    ]
   },
   "properties": {
    "diarienummer": "2725-2026",
    "status": "Handläggning",
    "indatum": "2026-02-16",
    "rubrik": "Anmälan enligt 11 kap 9 a § Miljöbalken om vattenverksamhet, anlägga trösklar och tillföra bottenmaterial i trumma i Tsåkesjåkka, Gällivare kommun",
    "avsandare": "Personuppgift",
    "postort": "",
    "kommun": "Gällivare",
    "beslutsdatum": "",
    "case_id": "5404950",
    "lansstyrelse": "Lansstyrelsen i Norrbottens lan",
    "geocoded_from": "kommun:Gällivare"
   }
  },
  {
   "type": "Feature",
   "geometry": {
    "type": "Point",
    "coordinates": [
     21.682164171258023,
     65.83122383607322
    ]
   },
   "properties": {
    "diarienummer": "3478-2026",
    "status": "Handläggning",
    "indatum": "2026-02-27",
    "rubrik": "Begäran om tillsyn av vattenverksamhet, anläggande av bro, Bodens kommun",
    "avsandare": "Personuppgift",
    "postort": "",
    "kommun": "Boden",
    "beslutsdatum": "",
    "case_id": "5419049",
    "lansstyrelse": "Lansstyrelsen i Norrbottens lan",
    "geocoded_from": "kommun:Boden"
   }
  },
  {
   "type": "Feature",
   "geometry": {
    "type": "Point",
    "coordinates": [
     20.21808789794415,
     67.84844228438602
    ]
   },
   "properties": {
    "diarienummer": "4605-2026",
    "status": "Handläggning",
    "indatum": "2026-03-18",
    "rubrik": "Begäran om församråd gällande planerad vattenverksamhet genom bortledning av grundvatten för ventilationsschakt, Kiruna kommun",
    "avsandare": "LKAB",
    "postort": "",
    "kommun": "Kiruna",
    "beslutsdatum": "",
    "case_id": "5436886",
    "lansstyrelse": "Lansstyrelsen i Norrbottens lan",
    "geocoded_from": "kommun:Kiruna"
   }
  },
  {
   "type": "Feature",
   "geometry": {
    "type": "Point",
    "coordinates": [
     23.151354987398744,
     65.84888913867196
    ]
   },
   "properties": {
    "diarienummer": "5516-2026",
    "status": "Handläggning",
    "indatum": "2026-04-02",
    "rubrik": "Anmälan enligt 11 kap 9 a § Miljöbalken om vattenverksamhet, Sangis älv vid Hällforsen, Kalix kommun",
    "avsandare": "Personuppgift",
    "postort": "Kalix",
    "kommun": "",
    "beslutsdatum": "",
    "case_id": "5453015",
    "lansstyrelse": "Lansstyrelsen i Norrbottens lan",
    "geocoded_from": "postort:Kalix"
   }
  },
  {
   "type": "Feature",
   "geometry": {
    "type": "Point",
    "coordinates": [
     19.482334946662213,
     63.56427772605189
    ]
   },
   "properties": {
    "diarienummer": "5532-2026",
    "status": "Handläggning",
    "indatum": "2026-04-04",
    "rubrik": "Anmälan enligt 11 kap 9 a § Miljöbalken om vattenverksamhet, Jorolahti viken, Haparanda kommun",
    "avsandare": "Personuppgift",
    "postort": "Nordmaling",
    "kommun": "",
    "beslutsdatum": "",
    "case_id": "5453364",
    "lansstyrelse": "Lansstyrelsen i Norrbottens lan",
    "geocoded_from": "postort:Nordmaling"
   }
  },
  {
   "type": "Feature",
   "geometry": {
    "type": "Point",
    "coordinates": [
     23.653295984472525,
     66.38094953123833
    ]
   },
   "properties": {
    "diarienummer": "5748-2026",
    "status": "Handläggning",
    "indatum": "2026-04-09",
    "rubrik": "Anmälan enligt 11 kap 9 a § Miljöbalken om vattenverksamhet, Kivinjärven oja, Övertorneå kommun",
    "avsandare": "Personuppgift",
    "postort": "övertorneå",
    "kommun": "Övertorneå",
    "beslutsdatum": "",
    "case_id": "5457487",
    "lansstyrelse": "Lansstyrelsen i Norrbottens lan",
    "geocoded_from": "kommun:Övertorneå"
   }
  },
  {
   "type": "Feature",
   "geometry": {
    "type": "Point",
    "coordinates": [
     20.648919806311362,
     67.13452424613396
    ]
   },
   "properties": {
    "diarienummer": "6364-2026",
    "status": "Handläggning",
    "indatum": "2026-04-16",
    "rubrik": "Anmälan enligt 11 kap 9 a § Miljöbalken om vattenverksamhet, En liten bäck, känner inte till namnet., Gällivare kommun",
    "avsandare": "Personuppgift",
    "postort": "Boliden",
    "kommun": "Gällivare",
    "beslutsdatum": "",
    "case_id": "5466354",
    "lansstyrelse": "Lansstyrelsen i Norrbottens lan",
    "geocoded_from": "kommun:Gällivare"
   }
  },
  {
   "type": "Feature",
   "geometry": {
    "type": "Point",
    "coordinates": [
     21.487171019067745,
     65.31829061956203
    ]
   },
   "properties": {
    "diarienummer": "5381-2026",
    "status": "Handläggning",
    "indatum": "2026-04-01",
    "rubrik": "Anmälan enligt 11 kap 9 a § Miljöbalken om vattenverksamhet, Bottenviken, Piteå kommun",
    "avsandare": "Personuppgift",
    "postort": "PITEÅ",
    "kommun": "Piteå",
    "beslutsdatum": "",
    "case_id": "5451132",
    "lansstyrelse": "Lansstyrelsen i Norrbottens lan",
    "geocoded_from": "kommun:Piteå"
   }
  },
  {
   "type": "Feature",
   "geometry": {
    "type": "Point",
    "coordinates": [
     24.138184765853644,
     65.8324342292951
    ]
   },
   "properties": {
    "diarienummer": "5401-2026",
    "status": "Handläggning",
    "indatum": "2026-04-01",
    "rubrik": "Anmälan enligt 11 kap 9 a § Miljöbalken om vattenverksamhet, Bottenviken, Haparanda kommun",
    "avsandare": "Personuppgift",
    "postort": "haparanda",
    "kommun": "Haparanda",
    "beslutsdatum": "",
    "case_id": "5451676",
    "lansstyrelse": "Lansstyrelsen i Norrbottens lan",
    "geocoded_from": "kommun:Haparanda"
   }
  },
  {
   "type": "Feature",
   "geometry": {
    "type": "Point",
    "coordinates": [
     21.480840903332943,
     65.3171275358427
    ]
   },
   "properties": {
    "diarienummer": "6306-2026",
    "status": "Handläggning",
    "indatum": "2026-04-16",
    "rubrik": "Begäran om tillsyn av vattenverksamhet i Rosvik, Piteå kommun",
    "avsandare": "Personuppgift",
    "postort": "",
    "kommun": "Piteå",
    "beslutsdatum": "",
    "case_id": "5465530",
    "lansstyrelse": "Lansstyrelsen i Norrbottens lan",
    "kommun_kalla": "rubrik",
    "geocoded_from": "kommun:Piteå"
   }
  },
  {
   "type": "Feature",
   "geometry": {
    "type": "Point",
    "coordinates": [
     12.865667723451585,
     56.240722150119396
    ]
   },
   "properties": {
    "diarienummer": "15710-2026",
    "status": "Handläggning",
    "indatum": "2026-05-22",
    "rubrik": "Anmälan enligt 11 kap 9 a § Miljöbalken om vattenverksamhet, Rönne å, Ängelholm kommun",
    "avsandare": "Personuppgift",
    "postort": "Ängelholm",
    "kommun": "Ängelholm",
    "beslutsdatum": "",
    "case_id": "5503943",
    "lansstyrelse": "Lansstyrelsen i Skanes lan",
    "geocoded_from": "kommun:Ängelholm"
   }
  },
  {
   "type": "Feature",
   "geometry": {
    "type": "Point",
    "coordinates": [
     14.146895067913732,
     56.03129061513058
    ]
   },
   "properties": {
    "diarienummer": "15122-2026",
    "status": "Handläggning",
    "indatum": "2026-05-13",
    "rubrik": "Anmälan om vattenverksamhet enligt 11 kap 9 § miljöbalken, förlängning av befintligt vägtrumma i korsningen Rambrobäcken och väg 2000, Kristianstads kommun",
    "avsandare": "Trafikverket",
    "postort": "Kristianstad",
    "kommun": "Kristianstad",
    "beslutsdatum": "",
    "case_id": "5499048",
    "lansstyrelse": "Lansstyrelsen i Skanes lan",
    "geocoded_from": "kommun:Kristianstad"
   }
  },
  {
   "type": "Feature",
   "geometry": {
    "type": "Point",
    "coordinates": [
     14.345971553279671,
     55.54713710548341
    ]
   },
   "properties": {
    "diarienummer": "710-2026",
    "status": "Handläggning",
    "indatum": "2026-01-12",
    "rubrik": "Anmälan enligt 11 kap 9 a § Miljöbalken om vattenverksamhet, anläggande av marina kolonilotter för odling av tång, Hanöbukten, Simrishamn kommun",
    "avsandare": "Föreningen Kivik Tång",
    "postort": "Kivik",
    "kommun": "Simrishamn",
    "beslutsdatum": "",
    "case_id": "5361856",
    "lansstyrelse": "Lansstyrelsen i Skanes lan",
    "geocoded_from": "kommun:Simrishamn"
   }
  },
  {
   "type": "Feature",
   "geometry": {
    "type": "Point",
    "coordinates": [
     14.148930223912163,
     56.03408185459345
    ]
   },
   "properties": {
    "diarienummer": "893-2026",
    "status": "Handläggning",
    "indatum": "2026-01-12",
    "rubrik": "Förslag till kontrollprogram för vattenverksamhet, Kristianstads kommun",
    "avsandare": "Personuppgift",
    "postort": "Kristianstad",
    "kommun": "Kristianstad",
    "beslutsdatum": "",
    "case_id": "5363607",
    "lansstyrelse": "Lansstyrelsen i Skanes lan",
    "geocoded_from": "kommun:Kristianstad"
   }
  },
  {
   "type": "Feature",
   "geometry": {
    "type": "Point",
    "coordinates": [
     13.145052345498232,
     55.37636651999154
    ]
   },
   "properties": {
    "diarienummer": "1448-2026",
    "status": "Handläggning",
    "indatum": "2026-01-15",
    "rubrik": "Begäran om tillsyn av vattenverksamhet, dagvattenbrunn belägen i Västra Alstad i Trelleborgs kommun",
    "avsandare": "Personuppgift",
    "postort": "",
    "kommun": "Trelleborg",
    "beslutsdatum": "",
    "case_id": "5368509",
    "lansstyrelse": "Lansstyrelsen i Skanes lan",
    "geocoded_from": "kommun:Trelleborg"
   }
  },
  {
   "type": "Feature",
   "geometry": {
    "type": "Point",
    "coordinates": [
     13.766975742191077,
     56.155628366910925
    ]
   },
   "properties": {
    "diarienummer": "15236-2026",
    "status": "Handläggning",
    "indatum": "2026-05-20",
    "rubrik": "Samråd inför tillståndsansökan för bortledande av ytvatten och övrig vattenverksamhet i Hässleholm kommun",
    "avsandare": "Personuppgift",
    "postort": "Vinslöv",
    "kommun": "Hässleholm",
    "beslutsdatum": "",
    "case_id": "5499883",
    "lansstyrelse": "Lansstyrelsen i Skanes lan",
    "geocoded_from": "kommun:Hässleholm"
   }
  },
  {
   "type": "Feature",
   "geometry": {
    "type": "Point",
    "coordinates": [
     12.995331439787211,
     55.599758148095795
    ]
   },
   "properties": {
    "diarienummer": "1632-2026",
    "status": "Handläggning",
    "indatum": "2026-01-20",
    "rubrik": "Anmälan enligt 11 kap 9 a § Miljöbalken om vattenverksamhet, Sege Å, Malmö kommun",
    "avsandare": "Personuppgift",
    "postort": "Mölndal",
    "kommun": "Malmö",
    "beslutsdatum": "",
    "case_id": "5370262",
    "lansstyrelse": "Lansstyrelsen i Skanes lan",
    "geocoded_from": "kommun:Malmö"
   }
  },
  {
   "type": "Feature",
   "geometry": {
    "type": "Point",
    "coordinates": [
     12.550322392487224,
     56.20113237776486
    ]
   },
   "properties": {
    "diarienummer": "2001-2026",
    "status": "Handläggning",
    "indatum": "2026-01-22",
    "rubrik": "Samråd inför tillståndsansökan för övrig vattenverksamhet i Höganäs kommun",
    "avsandare": "Personuppgift",
    "postort": "Jonstorp",
    "kommun": "Höganäs",
    "beslutsdatum": "",
    "case_id": "5373889",
    "lansstyrelse": "Lansstyrelsen i Skanes lan",
    "geocoded_from": "kommun:Höganäs"
   }
  },
  {
   "type": "Feature",
   "geometry": {
    "type": "Point",
    "coordinates": [
     14.148532983364296,
     56.031316198649385
    ]
   },
   "properties": {
    "diarienummer": "2228-2026",
    "status": "Handläggning",
    "indatum": "2026-01-26",
    "rubrik": "Anmälan enligt 11 kap 9 a § Miljöbalken om vattenverksamhet, Helge Å, Kristianstad kommun",
    "avsandare": "Personuppgift",
    "postort": "Åhus",
    "kommun": "Kristianstad",
    "beslutsdatum": "",
    "case_id": "5375890",
    "lansstyrelse": "Lansstyrelsen i Skanes lan",
    "geocoded_from": "kommun:Kristianstad"
   }
  },
  {
   "type": "Feature",
   "geometry": {
    "type": "Point",
    "coordinates": [
     13.10087279309593,
     55.782204666349095
    ]
   },
   "properties": {
    "diarienummer": "2929-2026",
    "status": "Handläggning",
    "indatum": "2026-01-30",
    "rubrik": "Anmälan enligt 11 kap 9 a § Miljöbalken om vattenverksamhet, Ej namngiven bäck som mynnar i Lundåkrabukten., Kävlinge kommun",
    "avsandare": "Personuppgift",
    "postort": "Löddeköpinge",
    "kommun": "Kävlinge",
    "beslutsdatum": "",
    "case_id": "5384055",
    "lansstyrelse": "Lansstyrelsen i Skanes lan",
    "geocoded_from": "kommun:Kävlinge"
   }
  },
  {
   "type": "Feature",
   "geometry": {
    "type": "Point",
    "coordinates": [
     13.216679218740392,
     55.63102840972926
    ]
   },
   "properties": {
    "diarienummer": "3390-2026",
    "status": "Handläggning",
    "indatum": "2026-02-04",
    "rubrik": "Anmälan enligt 11 kap 9 a § Miljöbalken om vattenverksamhet, Alnarpsån, Staffanstorp kommun",
    "avsandare": "Personuppgift",
    "postort": "Staffanstorp",
    "kommun": "Staffanstorp",
    "beslutsdatum": "",
    "case_id": "5388466",
    "lansstyrelse": "Lansstyrelsen i Skanes lan",
    "geocoded_from": "kommun:Staffanstorp"
   }
  },
  {
   "type": "Feature",
   "geometry": {
    "type": "Point",
    "coordinates": [
     13.098666611253257,
     55.78081517137792
    ]
   },
   "properties": {
    "diarienummer": "3473-2026",
    "status": "Handläggning",
    "indatum": "2026-02-05",
    "rubrik": "Anmälan enligt 11 kap 9 a § Miljöbalken om vattenverksamhet, Saxåns vattenområde, Kävlinge kommun",
    "avsandare": "Personuppgift",
    "postort": "Kävlinge",
    "kommun": "Kävlinge",
    "beslutsdatum": "",
    "case_id": "5389357",
    "lansstyrelse": "Lansstyrelsen i Skanes lan",
    "geocoded_from": "kommun:Kävlinge"
   }
  },
  {
   "type": "Feature",
   "geometry": {
    "type": "Point",
    "coordinates": [
     13.504472738671243,
     55.48485639382082
    ]
   },
   "properties": {
    "diarienummer": "4385-2026",
    "status": "Handläggning",
    "indatum": "2026-02-10",
    "rubrik": "Begäran om tillsyn av vattenverksamhet - dagvattenhantering i Skurups kommun",
    "avsandare": "Personuppgift",
    "postort": "Skurup",
    "kommun": "Skurup",
    "beslutsdatum": "",
    "case_id": "5397228",
    "lansstyrelse": "Lansstyrelsen i Skanes lan",
    "geocoded_from": "kommun:Skurup"
   }
  },
  {
   "type": "Feature",
   "geometry": {
    "type": "Point",
    "coordinates": [
     13.000160840968405,
     55.60207257880809
    ]
   },
   "properties": {
    "diarienummer": "4821-2026",
    "status": "Handläggning",
    "indatum": "2026-02-13",
    "rubrik": "Anmälan enligt 11 kap 9 a § Miljöbalken om vattenverksamhet anläggande av spontvägg för att ersätta havererande släntstöd. Malmö kommun",
    "avsandare": "Malmö kommun",
    "postort": "",
    "kommun": "Malmö",
    "beslutsdatum": "",
    "case_id": "5400862",
    "lansstyrelse": "Lansstyrelsen i Skanes lan",
    "kommun_kalla": "rubrik",
    "geocoded_from": "kommun:Malmö"
   }
  },
  {
   "type": "Feature",
   "geometry": {
    "type": "Point",
    "coordinates": [
     13.531203172199247,
     55.930369035555856
    ]
   },
   "properties": {
    "diarienummer": "5892-2026",
    "status": "Handläggning",
    "indatum": "2026-02-25",
    "rubrik": "Anmälan enligt 11 kap 9 a § Miljöbalken om vattenverksamhet, Bäck vid Misseröd 1:2, Höör kommun",
    "avsandare": "Personuppgift",
    "postort": "Önnestad",
    "kommun": "Höör",
    "beslutsdatum": "",
    "case_id": "5411161",
    "lansstyrelse": "Lansstyrelsen i Skanes lan",
    "geocoded_from": "kommun:Höör"
   }
  },
  {
   "type": "Feature",
   "geometry": {
    "type": "Point",
    "coordinates": [
     13.021514340679293,
     55.46401513343394
    ]
   },
   "properties": {
    "diarienummer": "5911-2026",
    "status": "Handläggning",
    "indatum": "2026-02-24",
    "rubrik": "Begäran om tillsyn av vattenverksamhet gällande Vellingevallen i Vellinge kommun",
    "avsandare": "Personuppgift",
    "postort": "",
    "kommun": "Vellinge",
    "beslutsdatum": "",
    "case_id": "5411378",
    "lansstyrelse": "Lansstyrelsen i Skanes lan",
    "geocoded_from": "kommun:Vellinge"
   }
  },
  {
   "type": "Feature",
   "geometry": {
    "type": "Point",
    "coordinates": [
     12.863965255252198,
     56.24066018333799
    ]
   },
   "properties": {
    "diarienummer": "6002-2026",
    "status": "Handläggning",
    "indatum": "2026-02-26",
    "rubrik": "Anmälan enligt 11 kap 9 a § Miljöbalken om vattenverksamhet, Rönne å, Ängelholms stad, Ängelholm kommun",
    "avsandare": "Personuppgift",
    "postort": "Ängelholm",
    "kommun": "Ängelholm",
    "beslutsdatum": "",
    "case_id": "5412743",
    "lansstyrelse": "Lansstyrelsen i Skanes lan",
    "geocoded_from": "kommun:Ängelholm"
   }
  },
  {
   "type": "Feature",
   "geometry": {
    "type": "Point",
    "coordinates": [
     12.863833035630945,
     56.24016661040934
    ]
   },
   "properties": {
    "diarienummer": "6958-2026",
    "status": "Handläggning",
    "indatum": "2026-03-05",
    "rubrik": "Tillsyn av vattenverksamhet, bortledande av grundvatten, Ängelholms kommun",
    "avsandare": "Länsstyrelsen",
    "postort": "",
    "kommun": "Ängelholm",
    "beslutsdatum": "",
    "case_id": "5420836",
    "lansstyrelse": "Lansstyrelsen i Skanes lan",
    "kommun_kalla": "rubrik",
    "geocoded_from": "kommun:Ängelholm"
   }
  },
  {
   "type": "Feature",
   "geometry": {
    "type": "Point",
    "coordinates": [
     13.000030252208985,
     55.602625778245724
    ]
   },
   "properties": {
    "diarienummer": "7443-2026",
    "status": "Handläggning",
    "indatum": "2026-03-09",
    "rubrik": "Förslag till kontrollprogram för  vattenverksamhet för anläggande av järnvägsbro m m över Sege å vid utbyggnad av spår 58, Malmö godsbangård, inom järnvägsplan spår 58, Malmö kommun,  TRV 2022/146110",
    "avsandare": "Personuppgift",
    "postort": "Malmö",
    "kommun": "Malmö",
    "beslutsdatum": "",
    "case_id": "5425335",
    "lansstyrelse": "Lansstyrelsen i Skanes lan",
    "geocoded_from": "kommun:Malmö"
   }
  },
  {
   "type": "Feature",
   "geometry": {
    "type": "Point",
    "coordinates": [
     12.854203882806141,
     56.42301113493638
    ]
   },
   "properties": {
    "diarienummer": "7740-2026",
    "status": "Handläggning",
    "indatum": "2026-03-12",
    "rubrik": "Anmälan enligt 11 kap 9 a § Miljöbalken om vattenverksamhet, Örebäcken, Båstad kommun",
    "avsandare": "Personuppgift",
    "postort": "Båstad",
    "kommun": "Båstad",
    "beslutsdatum": "",
    "case_id": "5428087",
    "lansstyrelse": "Lansstyrelsen i Skanes lan",
    "geocoded_from": "kommun:Båstad"
   }
  },
  {
   "type": "Feature",
   "geometry": {
    "type": "Point",
    "coordinates": [
     13.497052591781593,
     55.48494979888483
    ]
   },
   "properties": {
    "diarienummer": "8549-2026",
    "status": "Handläggning",
    "indatum": "2026-03-19",
    "rubrik": "Anmälan enligt 11 kap 9 a § Miljöbalken om vattenverksamhet, Sjörup SE614941-135861 och SV Skånes kalkstenar SE615989-133409, Skurup kommun",
    "avsandare": "Personuppgift",
    "postort": "Skurup",
    "kommun": "Skurup",
    "beslutsdatum": "",
    "case_id": "5435941",
    "lansstyrelse": "Lansstyrelsen i Skanes lan",
    "geocoded_from": "kommun:Skurup"
   }
  },
  {
   "type": "Feature",
   "geometry": {
    "type": "Point",
    "coordinates": [
     13.085338134966616,
     55.684720555683235
    ]
   },
   "properties": {
    "diarienummer": "8813-2026",
    "status": "Handläggning",
    "indatum": "2026-03-20",
    "rubrik": "Förslag till kontrollprogram för vattenverksamheter för utjämning av\nsandbankar, lokal sandåterföring, strandfodring, tångrensning, rensmuddring av hamninlopp med mera, Lomma kommun. Mål nr M 3894-25",
    "avsandare": "Lomma kommun",
    "postort": "",
    "kommun": "Lomma",
    "beslutsdatum": "",
    "case_id": "5438029",
    "lansstyrelse": "Lansstyrelsen i Skanes lan",
    "geocoded_from": "kommun:Lomma"
   }
  },
  {
   "type": "Feature",
   "geometry": {
    "type": "Point",
    "coordinates": [
     12.852803742935738,
     56.42731185711194
    ]
   },
   "properties": {
    "diarienummer": "8902-2026",
    "status": "Handläggning",
    "indatum": "2026-03-23",
    "rubrik": "Anmälan enligt 11 kap 9 a § Miljöbalken om vattenverksamhet, Vadebäcken, Båstad kommun",
    "avsandare": "Personuppgift",
    "postort": "Båstad",
    "kommun": "Båstad",
    "beslutsdatum": "",
    "case_id": "5438839",
    "lansstyrelse": "Lansstyrelsen i Skanes lan",
    "geocoded_from": "kommun:Båstad"
   }
  },
  {
   "type": "Feature",
   "geometry": {
    "type": "Point",
    "coordinates": [
     12.69146722140856,
     56.046172297849395
    ]
   },
   "properties": {
    "diarienummer": "9251-2026",
    "status": "Handläggning",
    "indatum": "2026-03-25",
    "rubrik": "Anmälan enligt 11 kap 9 a § Miljöbalken om vattenverksamhet, Råån, Helsingborg kommun",
    "avsandare": "Personuppgift",
    "postort": "Malmö",
    "kommun": "Helsingborg",
    "beslutsdatum": "",
    "case_id": "5442067",
    "lansstyrelse": "Lansstyrelsen i Skanes lan",
    "geocoded_from": "kommun:Helsingborg"
   }
  },
  {
   "type": "Feature",
   "geometry": {
    "type": "Point",
    "coordinates": [
     13.762274780470875,
     56.15816976740176
    ]
   },
   "properties": {
    "diarienummer": "9576-2026",
    "status": "Handläggning",
    "indatum": "2026-03-27",
    "rubrik": "Anmälan enligt 11 kap 9 a § Miljöbalken om vattenverksamhet, Diken, Hässleholm kommun",
    "avsandare": "Personuppgift",
    "postort": "Hästveda",
    "kommun": "Hässleholm",
    "beslutsdatum": "",
    "case_id": "5445336",
    "lansstyrelse": "Lansstyrelsen i Skanes lan",
    "geocoded_from": "kommun:Hässleholm"
   }
  },
  {
   "type": "Feature",
   "geometry": {
    "type": "Point",
    "coordinates": [
     13.116901740181124,
     55.91432998816927
    ]
   },
   "properties": {
    "diarienummer": "10122-2026",
    "status": "Handläggning",
    "indatum": "2026-03-31",
    "rubrik": "Anmälan enligt 11 kap 9 a § Miljöbalken om vattenverksamhet, Hittar inget namn på vattendraget, Svalöv kommun",
    "avsandare": "Personuppgift",
    "postort": "Malmö",
    "kommun": "Svalöv",
    "beslutsdatum": "",
    "case_id": "5450200",
    "lansstyrelse": "Lansstyrelsen i Skanes lan",
    "geocoded_from": "kommun:Svalöv"
   }
  },
  {
   "type": "Feature",
   "geometry": {
    "type": "Point",
    "coordinates": [
     14.151944393520294,
     56.034926851463034
    ]
   },
   "properties": {
    "diarienummer": "10449-2026",
    "status": "Handläggning",
    "indatum": "2026-04-02",
    "rubrik": "Anmälan enligt 11 kap 9 a § Miljöbalken om vattenverksamhet, Vittskövle 103:1, Kristianstad kommun",
    "avsandare": "Personuppgift",
    "postort": "Vittskövle",
    "kommun": "Kristianstad",
    "beslutsdatum": "",
    "case_id": "5453187",
    "lansstyrelse": "Lansstyrelsen i Skanes lan",
    "geocoded_from": "kommun:Kristianstad"
   }
  },
  {
   "type": "Feature",
   "geometry": {
    "type": "Point",
    "coordinates": [
     14.465663471832094,
     56.083522285184614
    ]
   },
   "properties": {
    "diarienummer": "10494-2026",
    "status": "Handläggning",
    "indatum": "2026-04-06",
    "rubrik": "Anmälan enligt 11 kap 9 a § Miljöbalken om vattenverksamhet, Ivösjön, Bromölla kommun",
    "avsandare": "Personuppgift",
    "postort": "Bromölla",
    "kommun": "Bromölla",
    "beslutsdatum": "",
    "case_id": "5453502",
    "lansstyrelse": "Lansstyrelsen i Skanes lan",
    "geocoded_from": "kommun:Bromölla"
   }
  },
  {
   "type": "Feature",
   "geometry": {
    "type": "Point",
    "coordinates": [
     13.194122426775442,
     55.704624538216244
    ]
   },
   "properties": {
    "diarienummer": "10678-2026",
    "status": "Handläggning",
    "indatum": "2026-04-07",
    "rubrik": "Anmälan enligt 11 kap 9 a § Miljöbalken om vattenverksamhet, UB-dammarna, Lund kommun",
    "avsandare": "Personuppgift",
    "postort": "Lund",
    "kommun": "Lund",
    "beslutsdatum": "",
    "case_id": "5455350",
    "lansstyrelse": "Lansstyrelsen i Skanes lan",
    "geocoded_from": "kommun:Lund"
   }
  },
  {
   "type": "Feature",
   "geometry": {
    "type": "Point",
    "coordinates": [
     13.234570408154884,
     55.50707036774908
    ]
   },
   "properties": {
    "diarienummer": "11133-2026",
    "status": "Handläggning",
    "indatum": "2026-04-10",
    "rubrik": "Samråd inför tillståndsansökan för utrivning av vattenverksamhet i Svedala kommun",
    "avsandare": "Personuppgift",
    "postort": "Eslöv",
    "kommun": "Svedala",
    "beslutsdatum": "",
    "case_id": "5459826",
    "lansstyrelse": "Lansstyrelsen i Skanes lan",
    "geocoded_from": "kommun:Svedala"
   }
  },
  {
   "type": "Feature",
   "geometry": {
    "type": "Point",
    "coordinates": [
     13.49608671034838,
     55.482334389243874
    ]
   },
   "properties": {
    "diarienummer": "15060-2026",
    "status": "Handläggning",
    "indatum": "2026-05-13",
    "rubrik": "Begäran om tillsyn av vattenverksamhet gällande grävning i bäck i Skurups kommun",
    "avsandare": "Personuppgift",
    "postort": "Skurup",
    "kommun": "",
    "beslutsdatum": "",
    "case_id": "5498482",
    "lansstyrelse": "Lansstyrelsen i Skanes lan",
    "geocoded_from": "postort:Skurup"
   }
  },
  {
   "type": "Feature",
   "geometry": {
    "type": "Point",
    "coordinates": [
     13.148415309927701,
     55.37299109914631
    ]
   },
   "properties": {
    "diarienummer": "11400-2026",
    "status": "Handläggning",
    "indatum": "2026-04-14",
    "rubrik": "Anmälan enligt 11 kap 9 a § Miljöbalken om vattenverksamhet, Ståstorpsån, Trelleborg kommun",
    "avsandare": "Personuppgift",
    "postort": "Trelleborg",
    "kommun": "Trelleborg",
    "beslutsdatum": "",
    "case_id": "5462164",
    "lansstyrelse": "Lansstyrelsen i Skanes lan",
    "geocoded_from": "kommun:Trelleborg"
   }
  },
  {
   "type": "Feature",
   "geometry": {
    "type": "Point",
    "coordinates": [
     13.816234822391678,
     55.42730359200794
    ]
   },
   "properties": {
    "diarienummer": "11619-2026",
    "status": "Handläggning",
    "indatum": "2026-04-15",
    "rubrik": "Begäran om tillsyn av vattenverksamhet, utsläpp av vatten från damm, Ystads kommun.",
    "avsandare": "Personuppgift",
    "postort": "Ystad",
    "kommun": "Ystad",
    "beslutsdatum": "",
    "case_id": "5464237",
    "lansstyrelse": "Lansstyrelsen i Skanes lan",
    "geocoded_from": "kommun:Ystad"
   }
  },
  {
   "type": "Feature",
   "geometry": {
    "type": "Point",
    "coordinates": [
     12.84695814194723,
     56.427444905559824
    ]
   },
   "properties": {
    "diarienummer": "12130-2026",
    "status": "Handläggning",
    "indatum": "2026-04-20",
    "rubrik": "Anmälan enligt 11 kap 9 a § Miljöbalken om vattenverksamhet, Malens Havsbad, Båstad kommun",
    "avsandare": "Personuppgift",
    "postort": "Båstad",
    "kommun": "Båstad",
    "beslutsdatum": "",
    "case_id": "5469064",
    "lansstyrelse": "Lansstyrelsen i Skanes lan",
    "geocoded_from": "kommun:Båstad"
   }
  },
  {
   "type": "Feature",
   "geometry": {
    "type": "Point",
    "coordinates": [
     13.01281806058723,
     55.46498180969068
    ]
   },
   "properties": {
    "diarienummer": "12300-2026",
    "status": "Handläggning",
    "indatum": "2026-04-21",
    "rubrik": "Anmälan enligt 11 kap 9 a § Miljöbalken om vattenverksamhet, Flommen Skanör 2:1, Vellinge kommun",
    "avsandare": "Personuppgift",
    "postort": "Vellinge",
    "kommun": "Vellinge",
    "beslutsdatum": "",
    "case_id": "5470670",
    "lansstyrelse": "Lansstyrelsen i Skanes lan",
    "geocoded_from": "kommun:Vellinge"
   }
  },
  {
   "type": "Feature",
   "geometry": {
    "type": "Point",
    "coordinates": [
     13.120116101189945,
     55.917913549646386
    ]
   },
   "properties": {
    "diarienummer": "15346-2026",
    "status": "Handläggning",
    "indatum": "2026-05-20",
    "rubrik": "Anmälan enligt 11 kap 9 a § Miljöbalken om vattenverksamhet, Svalövssjön, Svalöv kommun",
    "avsandare": "Personuppgift",
    "postort": "Svalöv",
    "kommun": "Svalöv",
    "beslutsdatum": "",
    "case_id": "5500882",
    "lansstyrelse": "Lansstyrelsen i Skanes lan",
    "geocoded_from": "kommun:Svalöv"
   }
  },
  {
   "type": "Feature",
   "geometry": {
    "type": "Point",
    "coordinates": [
     13.762564296246353,
     56.157381049307254
    ]
   },
   "properties": {
    "diarienummer": "12792-2026",
    "status": "Handläggning",
    "indatum": "2026-04-26",
    "rubrik": "Anmälan enligt 11 kap 9 a § Miljöbalken om vattenverksamhet, Hörlingeån, Hässleholm kommun",
    "avsandare": "Personuppgift",
    "postort": "Bjärnum",
    "kommun": "Hässleholm",
    "beslutsdatum": "",
    "case_id": "5475436",
    "lansstyrelse": "Lansstyrelsen i Skanes lan",
    "geocoded_from": "kommun:Hässleholm"
   }
  },
  {
   "type": "Feature",
   "geometry": {
    "type": "Point",
    "coordinates": [
     13.193547925283392,
     55.70693844964037
    ]
   },
   "properties": {
    "diarienummer": "12952-2026",
    "status": "Handläggning",
    "indatum": "2026-04-28",
    "rubrik": "Anmälan enligt 11 kap 9 a § Miljöbalken om vattenverksamhet, STORA RÅBY S:22, Lund kommun",
    "avsandare": "Personuppgift",
    "postort": "Lund",
    "kommun": "Lund",
    "beslutsdatum": "",
    "case_id": "5477342",
    "lansstyrelse": "Lansstyrelsen i Skanes lan",
    "geocoded_from": "kommun:Lund"
   }
  },
  {
   "type": "Feature",
   "geometry": {
    "type": "Point",
    "coordinates": [
     13.949597489355117,
     55.551531063727666
    ]
   },
   "properties": {
    "diarienummer": "13007-2026",
    "status": "Handläggning",
    "indatum": "2026-04-28",
    "rubrik": "Anmälan enligt 11 kap 9 a § Miljöbalken om vattenverksamhet, Damm inom Tomelilla Golfklubb, Tomelilla kommun",
    "avsandare": "Personuppgift",
    "postort": "Tomelilla",
    "kommun": "Tomelilla",
    "beslutsdatum": "",
    "case_id": "5477709",
    "lansstyrelse": "Lansstyrelsen i Skanes lan",
    "geocoded_from": "kommun:Tomelilla"
   }
  },
  {
   "type": "Feature",
   "geometry": {
    "type": "Point",
    "coordinates": [
     13.948120029056948,
     55.55053564429302
    ]
   },
   "properties": {
    "diarienummer": "13772-2026",
    "status": "Handläggning",
    "indatum": "2026-05-04",
    "rubrik": "Begäran om tillsyn av vattenverksamhet, lågt vattenflöde i bäcken i Brösarp, Tomelilla kommun",
    "avsandare": "Personuppgift",
    "postort": "",
    "kommun": "Tomelilla",
    "beslutsdatum": "",
    "case_id": "5485059",
    "lansstyrelse": "Lansstyrelsen i Skanes lan",
    "geocoded_from": "kommun:Tomelilla"
   }
  },
  {
   "type": "Feature",
   "geometry": {
    "type": "Point",
    "coordinates": [
     12.828709304755373,
     55.86626655371388
    ]
   },
   "properties": {
    "diarienummer": "13930-2026",
    "status": "Handläggning",
    "indatum": "2026-05-05",
    "rubrik": "Anmälan enligt 11 kap 9 a § Miljöbalken om vattenverksamhet, förlängning av trumma, Landskrona kommun",
    "avsandare": "Landskrona stad",
    "postort": "Landskrona",
    "kommun": "Landskrona",
    "beslutsdatum": "",
    "case_id": "5486547",
    "lansstyrelse": "Lansstyrelsen i Skanes lan",
    "geocoded_from": "kommun:Landskrona"
   }
  },
  {
   "type": "Feature",
   "geometry": {
    "type": "Point",
    "coordinates": [
     14.145303223158162,
     56.0309237632849
    ]
   },
   "properties": {
    "diarienummer": "14148-2026",
    "status": "Handläggning",
    "indatum": "2026-05-08",
    "rubrik": "Anmälan enligt 11 kap 9 a § Miljöbalken om vattenverksamhet, Råbelövskanalen, Kristianstad kommun",
    "avsandare": "Personuppgift",
    "postort": "Kristianstad",
    "kommun": "Kristianstad",
    "beslutsdatum": "",
    "case_id": "5488751",
    "lansstyrelse": "Lansstyrelsen i Skanes lan",
    "geocoded_from": "kommun:Kristianstad"
   }
  },
  {
   "type": "Feature",
   "geometry": {
    "type": "Point",
    "coordinates": [
     13.012152757921664,
     55.46420498880181
    ]
   },
   "properties": {
    "diarienummer": "15299-2026",
    "status": "Handläggning",
    "indatum": "2026-05-20",
    "rubrik": "Anmälan enligt 11 kap 9 a § Miljöbalken om vattenverksamhet, Gessiebäcken, Vellinge kommun",
    "avsandare": "Personuppgift",
    "postort": "Kristianstad",
    "kommun": "Vellinge",
    "beslutsdatum": "",
    "case_id": "5500476",
    "lansstyrelse": "Lansstyrelsen i Skanes lan",
    "geocoded_from": "kommun:Vellinge"
   }
  },
  {
   "type": "Feature",
   "geometry": {
    "type": "Point",
    "coordinates": [
     13.978958693694876,
     56.384597705747346
    ]
   },
   "properties": {
    "diarienummer": "14317-2026",
    "status": "Handläggning",
    "indatum": "2026-05-11",
    "rubrik": "Anmälan enligt 11 kap 9 a § Miljöbalken om vattenverksamhet, bäcken har inget namn, Osby kommun",
    "avsandare": "Personuppgift",
    "postort": "Hässleholm",
    "kommun": "Osby",
    "beslutsdatum": "",
    "case_id": "5490482",
    "lansstyrelse": "Lansstyrelsen i Skanes lan",
    "geocoded_from": "kommun:Osby"
   }
  },
  {
   "type": "Feature",
   "geometry": {
    "type": "Point",
    "coordinates": [
     14.149519274759646,
     56.033548472802735
    ]
   },
   "properties": {
    "diarienummer": "14429-2026",
    "status": "Handläggning",
    "indatum": "2026-05-08",
    "rubrik": "Begäran om tillsyn av vattenverksamhet gällande vattenupptag vid Graften i Härnestad, Kristianstads kommun",
    "avsandare": "Personuppgift",
    "postort": "",
    "kommun": "Kristianstad",
    "beslutsdatum": "",
    "case_id": "5491623",
    "lansstyrelse": "Lansstyrelsen i Skanes lan",
    "geocoded_from": "kommun:Kristianstad"
   }
  },
  {
   "type": "Feature",
   "geometry": {
    "type": "Point",
    "coordinates": [
     12.866215783623742,
     56.240200565357085
    ]
   },
   "properties": {
    "diarienummer": "14636-2026",
    "status": "Handläggning",
    "indatum": "2026-05-12",
    "rubrik": "Anmälan enligt 11 kap 9 a § Miljöbalken om vattenverksamhet, Rönne å, Ängelholm kommun",
    "avsandare": "Personuppgift",
    "postort": "Ängelholm",
    "kommun": "Ängelholm",
    "beslutsdatum": "",
    "case_id": "5493638",
    "lansstyrelse": "Lansstyrelsen i Skanes lan",
    "geocoded_from": "kommun:Ängelholm"
   }
  },
  {
   "type": "Feature",
   "geometry": {
    "type": "Point",
    "coordinates": [
     13.947148374154645,
     55.547930861837685
    ]
   },
   "properties": {
    "diarienummer": "14727-2026",
    "status": "Handläggning",
    "indatum": "2026-05-11",
    "rubrik": "Begäran om tillsyn av vattenverksamhet gällande vattenuttag, Tomelilla kommun",
    "avsandare": "Personuppgift",
    "postort": "",
    "kommun": "Tomelilla",
    "beslutsdatum": "",
    "case_id": "5494878",
    "lansstyrelse": "Lansstyrelsen i Skanes lan",
    "geocoded_from": "kommun:Tomelilla"
   }
  },
  {
   "type": "Feature",
   "geometry": {
    "type": "Point",
    "coordinates": [
     13.088273299632212,
     55.681578880892054
    ]
   },
   "properties": {
    "diarienummer": "15631-2026",
    "status": "Handläggning",
    "indatum": "2026-05-22",
    "rubrik": "Anmälan enligt 11 kap 9 a § Miljöbalken om vattenverksamhet, Bredbäcksdiket, Lomma kommun",
    "avsandare": "Personuppgift",
    "postort": "Lund",
    "kommun": "Lomma",
    "beslutsdatum": "",
    "case_id": "5503345",
    "lansstyrelse": "Lansstyrelsen i Skanes lan",
    "geocoded_from": "kommun:Lomma"
   }
  },
  {
   "type": "Feature",
   "geometry": {
    "type": "Point",
    "coordinates": [
     13.099435987254955,
     55.7845333791146
    ]
   },
   "properties": {
    "diarienummer": "15491-2026",
    "status": "Handläggning",
    "indatum": "2026-05-21",
    "rubrik": "Anmälan enligt 11 kap 9 a § Miljöbalken om vattenverksamhet, Ej namngiven bäck som mynnar i Lundåkrabukten., Kävlinge kommun",
    "avsandare": "Personuppgift",
    "postort": "Löddeköpinge",
    "kommun": "Kävlinge",
    "beslutsdatum": "",
    "case_id": "5502218",
    "lansstyrelse": "Lansstyrelsen i Skanes lan",
    "geocoded_from": "kommun:Kävlinge"
   }
  },
  {
   "type": "Feature",
   "geometry": {
    "type": "Point",
    "coordinates": [
     14.153702882288288,
     56.03216501167915
    ]
   },
   "properties": {
    "diarienummer": "15205-2026",
    "status": "Handläggning",
    "indatum": "2026-05-18",
    "rubrik": "Anmälan enligt 11 kap 9 a § Miljöbalken om vattenverksamhet, förlängning av befintlig vägtrumma i korsningen Ängamöllebäcken och väg 2000 samt utökning av damm, Kristianstads kommun",
    "avsandare": "Trafikverket",
    "postort": "Kristianstad",
    "kommun": "Kristianstad",
    "beslutsdatum": "",
    "case_id": "5499692",
    "lansstyrelse": "Lansstyrelsen i Skanes lan",
    "geocoded_from": "kommun:Kristianstad"
   }
  },
  {
   "type": "Feature",
   "geometry": {
    "type": "Point",
    "coordinates": [
     16.38338018286659,
     56.55102161122617
    ]
   },
   "properties": {
    "diarienummer": "15475-2026",
    "status": "Handläggning",
    "indatum": "2026-05-20",
    "rubrik": "Anmälan om vattenverksamhet och ansökan om strandskyddsdispens för restaurering av våtmarken Södra utmossen inom Natura 2000 området Stora Alvaret, Mörbylånga kommun",
    "avsandare": "Personuppgift",
    "postort": "",
    "kommun": "Mörbylånga",
    "beslutsdatum": "",
    "case_id": "5501956",
    "lansstyrelse": "Lansstyrelsen i Skanes lan",
    "geocoded_from": "kommun:Mörbylånga"
   }
  },
  {
   "type": "Feature",
   "geometry": {
    "type": "Point",
    "coordinates": [
     12.85209801621184,
     56.42663418680819
    ]
   },
   "properties": {
    "diarienummer": "14486-2026",
    "status": "Handläggning",
    "indatum": "2026-05-08",
    "rubrik": "Anmälan enligt 11 kap 9 a § Miljöbalken om vattenverksamhet, anläggande av våtmark, Båstads kommun",
    "avsandare": "Personuppgift",
    "postort": "",
    "kommun": "Båstad",
    "beslutsdatum": "",
    "case_id": "5492170",
    "lansstyrelse": "Lansstyrelsen i Skanes lan",
    "geocoded_from": "kommun:Båstad"
   }
  },
  {
   "type": "Feature",
   "geometry": {
    "type": "Point",
    "coordinates": [
     13.664307443423336,
     55.84995744137478
    ]
   },
   "properties": {
    "diarienummer": "13149-2026",
    "status": "Handläggning",
    "indatum": "2026-04-29",
    "rubrik": "Anmälan enligt 11 kap 9 a § Miljöbalken om vattenverksamhet, Inget vattenområde berörs, Hörby kommun",
    "avsandare": "Personuppgift",
    "postort": "Hörby",
    "kommun": "Hörby",
    "beslutsdatum": "",
    "case_id": "5479200",
    "lansstyrelse": "Lansstyrelsen i Skanes lan",
    "geocoded_from": "kommun:Hörby"
   }
  },
  {
   "type": "Feature",
   "geometry": {
    "type": "Point",
    "coordinates": [
     13.39958316587306,
     56.135007400472475
    ]
   },
   "properties": {
    "diarienummer": "12410-2026",
    "status": "Handläggning",
    "indatum": "2026-04-22",
    "rubrik": "Anmälan enligt 11 kap 9 a § Miljöbalken om vattenverksamhet, Perstorps kommun",
    "avsandare": "Skogsstyrelsen",
    "postort": "jönköping",
    "kommun": "Perstorp",
    "beslutsdatum": "",
    "case_id": "5471855",
    "lansstyrelse": "Lansstyrelsen i Skanes lan",
    "geocoded_from": "kommun:Perstorp"
   }
  },
  {
   "type": "Feature",
   "geometry": {
    "type": "Point",
    "coordinates": [
     13.600210354852633,
     55.41446474581363
    ]
   },
   "properties": {
    "diarienummer": "6091-2026",
    "status": "Handläggning",
    "indatum": "2026-02-27",
    "rubrik": "Anmälan enligt 11 kap 9 a § Miljöbalken om vattenverksamhet korrigering av befintlig damm, Skurups kommun",
    "avsandare": "Personuppgift",
    "postort": "Abbekås",
    "kommun": "",
    "beslutsdatum": "",
    "case_id": "5413291",
    "lansstyrelse": "Lansstyrelsen i Skanes lan",
    "geocoded_from": "postort:Abbekås"
   }
  },
  {
   "type": "Feature",
   "geometry": {
    "type": "Point",
    "coordinates": [
     16.430652518094316,
     57.26941425688515
    ]
   },
   "properties": {
    "diarienummer": "3184-2026",
    "status": "Handläggning",
    "indatum": "2026-02-02",
    "rubrik": "Anmälan enligt 11 kap 9 a § Miljöbalken om vattenverksamhet, igenläggning av dike i Emåns vattensystem, Oskarshamns kommun",
    "avsandare": "Personuppgift",
    "postort": "Kalmar",
    "kommun": "Oskarshamn",
    "beslutsdatum": "",
    "case_id": "5386529",
    "lansstyrelse": "Lansstyrelsen i Skanes lan",
    "geocoded_from": "kommun:Oskarshamn"
   }
  },
  {
   "type": "Feature",
   "geometry": {
    "type": "Point",
    "coordinates": [
     17.931812217672245,
     58.8984181029216
    ]
   },
   "properties": {
    "diarienummer": "24563-2026",
    "status": "Handläggning",
    "indatum": "2026-05-19",
    "rubrik": "Tillsyn av vattenverksamhet avseende Muskans reglerdamm i Muskån, Nynäshamns kommun",
    "avsandare": "Personuppgift",
    "postort": "",
    "kommun": "Nynäshamn",
    "beslutsdatum": "",
    "case_id": "5498564",
    "lansstyrelse": "Lansstyrelsen i Stockholms lan",
    "geocoded_from": "kommun:Nynäshamn"
   }
  },
  {
   "type": "Feature",
   "geometry": {
    "type": "Point",
    "coordinates": [
     17.652888971191608,
     59.516445002396836
    ]
   },
   "properties": {
    "diarienummer": "23110-2026",
    "status": "Handläggning",
    "indatum": "2026-05-08",
    "rubrik": "Samråd inför tillståndsansökan, kompletterande, angående miljöfarlig verksamhet och vattenverksamhet, Högbytorp, Upplands-Bro kommun",
    "avsandare": "Ragn-Sells Treatment & Detox AB",
    "postort": "",
    "kommun": "Upplands-Bro",
    "beslutsdatum": "",
    "case_id": "5490682",
    "lansstyrelse": "Lansstyrelsen i Stockholms lan",
    "geocoded_from": "kommun:Upplands-Bro"
   }
  },
  {
   "type": "Feature",
   "geometry": {
    "type": "Point",
    "coordinates": [
     18.167807778195453,
     59.30013774061064
    ]
   },
   "properties": {
    "diarienummer": "6737-2026",
    "status": "Handläggning",
    "indatum": "2026-02-13",
    "rubrik": "Samråd inför tillståndsansökan för Ändring av tillstånd för Koviks Bergtäkt och Återv och vattenverksamhet vid Koviks Bertäkt och Återvinning i Nacka kommun",
    "avsandare": "Frentab Återvinning AB",
    "postort": "Gustavsberg",
    "kommun": "Nacka",
    "beslutsdatum": "",
    "case_id": "5398547",
    "lansstyrelse": "Lansstyrelsen i Stockholms lan",
    "geocoded_from": "kommun:Nacka"
   }
  },
  {
   "type": "Feature",
   "geometry": {
    "type": "Point",
    "coordinates": [
     17.731528035728193,
     59.61969553251067
    ]
   },
   "properties": {
    "diarienummer": "1731-2026",
    "status": "Handläggning",
    "indatum": "2026-01-13",
    "rubrik": "Begäran om yttrande över tillstånd att vid Stockholm Arlanda Airport bedriva flygplatsverksamhet på tre rullbanor samt vattenverksamhet, Mål nr 2284-11",
    "avsandare": "Mark- och miljödomstolen vid Nacka tingsrätt",
    "postort": "Nacka",
    "kommun": "Sigtuna",
    "beslutsdatum": "",
    "case_id": "5364665",
    "lansstyrelse": "Lansstyrelsen i Stockholms lan",
    "geocoded_from": "kommun:Sigtuna"
   }
  },
  {
   "type": "Feature",
   "geometry": {
    "type": "Point",
    "coordinates": [
     18.45332765003724,
     59.31589409750847
    ]
   },
   "properties": {
    "diarienummer": "24838-2026",
    "status": "Handläggning",
    "indatum": "2026-05-19",
    "rubrik": "Anmälan enligt 11 kap 9 a § Miljöbalken om vattenverksamhet, brygga, Östersjön, Värmdö kommun",
    "avsandare": "Skärgårdsstiftelsen i Stockholms län",
    "postort": "Stockholm",
    "kommun": "Värmdö",
    "beslutsdatum": "",
    "case_id": "5500019",
    "lansstyrelse": "Lansstyrelsen i Stockholms lan",
    "geocoded_from": "kommun:Värmdö"
   }
  },
  {
   "type": "Feature",
   "geometry": {
    "type": "Point",
    "coordinates": [
     18.00390262332175,
     59.368196909716254
    ]
   },
   "properties": {
    "diarienummer": "2971-2026",
    "status": "Handläggning",
    "indatum": "2026-01-22",
    "rubrik": "Tillsyn av tillståndsgiven vattenverksamhet för tunnelbanelinje Odenplan-Arenastaden, M 598–17 Stockholms kommun och Solna kommun",
    "avsandare": "Personuppgift",
    "postort": "",
    "kommun": "Solna",
    "beslutsdatum": "",
    "case_id": "5373138",
    "lansstyrelse": "Lansstyrelsen i Stockholms lan",
    "geocoded_from": "kommun:Solna"
   }
  },
  {
   "type": "Feature",
   "geometry": {
    "type": "Point",
    "coordinates": [
     18.002938559399382,
     59.366132519327294
    ]
   },
   "properties": {
    "diarienummer": "4998-2026",
    "status": "Handläggning",
    "indatum": "2026-02-03",
    "rubrik": "Anmälan enligt 11 kap 9 a § Miljöbalken om vattenverksamhet, renovering av damm, Näckrosdammen, Solna kommun",
    "avsandare": "Solna kommun",
    "postort": "Solna",
    "kommun": "Solna",
    "beslutsdatum": "",
    "case_id": "5387729",
    "lansstyrelse": "Lansstyrelsen i Stockholms lan",
    "geocoded_from": "kommun:Solna"
   }
  },
  {
   "type": "Feature",
   "geometry": {
    "type": "Point",
    "coordinates": [
     18.697604842274647,
     59.76933850714985
    ]
   },
   "properties": {
    "diarienummer": "5583-2026",
    "status": "Handläggning",
    "indatum": "2026-02-06",
    "rubrik": "Återförvisat för ny handläggning, 2026-02-06, Mål nr M 9525-25 - Tillsyn av vattenverksamhet, uppföljning av föreläggande om dikesrensning, Norrtälje kommun",
    "avsandare": "Personuppgift",
    "postort": "Hallstavik",
    "kommun": "Norrtälje",
    "beslutsdatum": "",
    "case_id": "5391291",
    "lansstyrelse": "Lansstyrelsen i Stockholms lan",
    "geocoded_from": "kommun:Norrtälje"
   }
  },
  {
   "type": "Feature",
   "geometry": {
    "type": "Point",
    "coordinates": [
     17.56326960350947,
     59.031334920250714
    ]
   },
   "properties": {
    "diarienummer": "5999-2026",
    "status": "Handläggning",
    "indatum": "2026-02-09",
    "rubrik": "Anmälan enligt 11 kap 9 a § Miljöbalken om vattenverksamhet, Stavbofjärden, Södertälje kommun",
    "avsandare": "Jenny Jansson",
    "postort": "HÖLÖ",
    "kommun": "",
    "beslutsdatum": "",
    "case_id": "5393699",
    "lansstyrelse": "Lansstyrelsen i Stockholms lan",
    "geocoded_from": "postort:HÖLÖ"
   }
  },
  {
   "type": "Feature",
   "geometry": {
    "type": "Point",
    "coordinates": [
     17.928696201948974,
     58.9011330606407
    ]
   },
   "properties": {
    "diarienummer": "6098-2026",
    "status": "Handläggning",
    "indatum": "2026-02-10",
    "rubrik": "Anmälan enligt 11 kap 9 a § Miljöbalken om vattenverksamhet, Östersjön, Nynäshamns skärgård, Nynäshamn kommun",
    "avsandare": "Sjöfartsverket",
    "postort": "Norrköping",
    "kommun": "Nynäshamn",
    "beslutsdatum": "",
    "case_id": "5394351",
    "lansstyrelse": "Lansstyrelsen i Stockholms lan",
    "geocoded_from": "kommun:Nynäshamn"
   }
  },
  {
   "type": "Feature",
   "geometry": {
    "type": "Point",
    "coordinates": [
     17.936468328978904,
     58.900471899448675
    ]
   },
   "properties": {
    "diarienummer": "6270-2026",
    "status": "Handläggning",
    "indatum": "2026-02-10",
    "rubrik": "Anmälan enligt 11 kap 9 a § Miljöbalken om vattenverksamhet, nybyggnation v fyr, Östersjön, Stockholms skärgård och kustvatten, Nynäshamns kommun",
    "avsandare": "Sjöfartsverket",
    "postort": "Norrköping",
    "kommun": "Nynäshamn",
    "beslutsdatum": "",
    "case_id": "5395120",
    "lansstyrelse": "Lansstyrelsen i Stockholms lan",
    "geocoded_from": "kommun:Nynäshamn"
   }
  },
  {
   "type": "Feature",
   "geometry": {
    "type": "Point",
    "coordinates": [
     18.149361601455865,
     59.166651759996036
    ]
   },
   "properties": {
    "diarienummer": "6463-2026",
    "status": "Handläggning",
    "indatum": "2026-02-11",
    "rubrik": "Anmälan enligt 11 kap 9 a § Miljöbalken om vattenverksamhet, Östersjön, Mysingens vattenområde, Haninge kommun",
    "avsandare": "Sjöfartsverket",
    "postort": "Norrköping",
    "kommun": "Haninge",
    "beslutsdatum": "",
    "case_id": "5396440",
    "lansstyrelse": "Lansstyrelsen i Stockholms lan",
    "geocoded_from": "kommun:Haninge"
   }
  },
  {
   "type": "Feature",
   "geometry": {
    "type": "Point",
    "coordinates": [
     17.900870088909166,
     59.51478178176346
    ]
   },
   "properties": {
    "diarienummer": "6560-2026",
    "status": "Handläggning",
    "indatum": "2026-02-06",
    "rubrik": "Anmälan enligt 11 kap 9 a § Miljöbalken om vattenverksamhet med anledning av ledningsåtgärder i Upplands Väsby kommun, Stockholms län",
    "avsandare": "Personuppgift",
    "postort": "Sundbyberg",
    "kommun": "Upplands Väsby",
    "beslutsdatum": "",
    "case_id": "5397249",
    "lansstyrelse": "Lansstyrelsen i Stockholms lan",
    "geocoded_from": "kommun:Upplands Väsby"
   }
  },
  {
   "type": "Feature",
   "geometry": {
    "type": "Point",
    "coordinates": [
     18.065805197078674,
     59.32882143882778
    ]
   },
   "properties": {
    "diarienummer": "19482-2026",
    "status": "Handläggning",
    "indatum": "2026-04-21",
    "rubrik": "Anmälan enligt 11 kap 9 a § Miljöbalken om vattenverksamhet, Djurgårdsbron/Strandvägen i Stockholm, Av/påstigning till båt, Stockholm kommun",
    "avsandare": "Bjerborn och Runnsjö Rederi AB",
    "postort": "Göteborg",
    "kommun": "Stockholm",
    "beslutsdatum": "",
    "case_id": "5471071",
    "lansstyrelse": "Lansstyrelsen i Stockholms lan",
    "geocoded_from": "kommun:Stockholm"
   }
  },
  {
   "type": "Feature",
   "geometry": {
    "type": "Point",
    "coordinates": [
     17.828851426401545,
     59.4068664541963
    ]
   },
   "properties": {
    "diarienummer": "19608-2026",
    "status": "Handläggning",
    "indatum": "2026-04-22",
    "rubrik": "Tillsyn över tillståndsgiven vattenverksamhet Barkarbystaden II, Järfälla kommun",
    "avsandare": "Järfälla kommun",
    "postort": "",
    "kommun": "Järfälla",
    "beslutsdatum": "",
    "case_id": "5471842",
    "lansstyrelse": "Lansstyrelsen i Stockholms lan",
    "geocoded_from": "kommun:Järfälla"
   }
  },
  {
   "type": "Feature",
   "geometry": {
    "type": "Point",
    "coordinates": [
     18.346916353124687,
     59.39944606651293
    ]
   },
   "properties": {
    "diarienummer": "20201-2026",
    "status": "Handläggning",
    "indatum": "2026-04-24",
    "rubrik": "Anmälan enligt 11 kap 9 a § Miljöbalken om vattenverksamhet, muddring, Trälhavet utanför Resarö, Vaxholms kommun",
    "avsandare": "Personuppgift",
    "postort": "Vaxholm",
    "kommun": "Vaxholm",
    "beslutsdatum": "",
    "case_id": "5475157",
    "lansstyrelse": "Lansstyrelsen i Stockholms lan",
    "geocoded_from": "kommun:Vaxholm"
   }
  },
  {
   "type": "Feature",
   "geometry": {
    "type": "Point",
    "coordinates": [
     18.454011476553692,
     59.31943185865359
    ]
   },
   "properties": {
    "diarienummer": "20206-2026",
    "status": "Handläggning",
    "indatum": "2026-04-24",
    "rubrik": "Tillsyn av vattenverksamhet, pir vid strandkant, Värmdö kommun",
    "avsandare": "Personuppgift",
    "postort": "",
    "kommun": "Värmdö",
    "beslutsdatum": "",
    "case_id": "5475185",
    "lansstyrelse": "Lansstyrelsen i Stockholms lan",
    "geocoded_from": "kommun:Värmdö"
   }
  },
  {
   "type": "Feature",
   "geometry": {
    "type": "Point",
    "coordinates": [
     17.737128682200503,
     59.61390794550407
    ]
   },
   "properties": {
    "diarienummer": "20485-2026",
    "status": "Handläggning",
    "indatum": "2026-04-27",
    "rubrik": "Anmälan enligt 11 kap 9 a § Miljöbalken om vattenverksamhet, ledningsåtgärder, Sigtuna kommun",
    "avsandare": "Svenska kraftnät",
    "postort": "Sundbyberg",
    "kommun": "Sigtuna",
    "beslutsdatum": "",
    "case_id": "5476723",
    "lansstyrelse": "Lansstyrelsen i Stockholms lan",
    "geocoded_from": "kommun:Sigtuna"
   }
  },
  {
   "type": "Feature",
   "geometry": {
    "type": "Point",
    "coordinates": [
     17.93369610195839,
     58.89830005078996
    ]
   },
   "properties": {
    "diarienummer": "20578-2026",
    "status": "Handläggning",
    "indatum": "2026-04-27",
    "rubrik": "Anmälan enligt 11 kap 9 a § Miljöbalken om vattenverksamhet, Hamnbassängen mellan Nynäshamn och Bedarön, Nynäshamn kommun",
    "avsandare": "Personuppgift",
    "postort": "Stockholm",
    "kommun": "Nynäshamn",
    "beslutsdatum": "",
    "case_id": "5477075",
    "lansstyrelse": "Lansstyrelsen i Stockholms lan",
    "geocoded_from": "kommun:Nynäshamn"
   }
  },
  {
   "type": "Feature",
   "geometry": {
    "type": "Point",
    "coordinates": [
     18.23789596927531,
     59.231748312225555
    ]
   },
   "properties": {
    "diarienummer": "20739-2026",
    "status": "Handläggning",
    "indatum": "2026-04-28",
    "rubrik": "Anmälan enligt 11 kap 9 a § Miljöbalken om vattenverksamhet, Tyresån Follbrinkströmmen, Tyresö kommun",
    "avsandare": "Tyresö kommun",
    "postort": "Tyresö",
    "kommun": "Tyresö",
    "beslutsdatum": "",
    "case_id": "5478175",
    "lansstyrelse": "Lansstyrelsen i Stockholms lan",
    "geocoded_from": "kommun:Tyresö"
   }
  },
  {
   "type": "Feature",
   "geometry": {
    "type": "Point",
    "coordinates": [
     17.419933116863252,
     59.18342871427189
    ]
   },
   "properties": {
    "diarienummer": "15990-2026",
    "status": "Handläggning",
    "indatum": "2026-04-02",
    "rubrik": "Anmälan enligt 11 kap 9 a § Miljöbalken om vattenverksamhet, renovering av vägtrummor, Vällingen, Nykvarns och Södertälje kommun",
    "avsandare": "Trafikverket",
    "postort": "Borlänge",
    "kommun": "Nykvarn",
    "beslutsdatum": "",
    "case_id": "5453179",
    "lansstyrelse": "Lansstyrelsen i Stockholms lan",
    "geocoded_from": "kommun:Nykvarn"
   }
  },
  {
   "type": "Feature",
   "geometry": {
    "type": "Point",
    "coordinates": [
     18.171597237894865,
     59.29835193426817
    ]
   },
   "properties": {
    "diarienummer": "16108-2026",
    "status": "Handläggning",
    "indatum": "2026-04-07",
    "rubrik": "Anmälan enligt 11 kap 9 a § Miljöbalken om vattenverksamhet, nedläggning av ledning, Myrsjön, Nacka kommun",
    "avsandare": "Personuppgift",
    "postort": "Saltsjö-Duvnäs",
    "kommun": "Nacka",
    "beslutsdatum": "",
    "case_id": "5453717",
    "lansstyrelse": "Lansstyrelsen i Stockholms lan",
    "geocoded_from": "kommun:Nacka"
   }
  },
  {
   "type": "Feature",
   "geometry": {
    "type": "Point",
    "coordinates": [
     18.066867785591555,
     59.33137254842055
    ]
   },
   "properties": {
    "diarienummer": "16287-2026",
    "status": "Handläggning",
    "indatum": "2026-04-07",
    "rubrik": "Tillsyn av vattenverksamhet vid genomförande av detaljplan för Bergholmsbacken, Stockholms kommun",
    "avsandare": "Personuppgift",
    "postort": "Skarpnäck",
    "kommun": "Stockholm",
    "beslutsdatum": "",
    "case_id": "5454583",
    "lansstyrelse": "Lansstyrelsen i Stockholms lan",
    "geocoded_from": "kommun:Stockholm"
   }
  },
  {
   "type": "Feature",
   "geometry": {
    "type": "Point",
    "coordinates": [
     18.033575009632155,
     59.400967527516734
    ]
   },
   "properties": {
    "diarienummer": "16310-2026",
    "status": "Handläggning",
    "indatum": "2026-04-02",
    "rubrik": "Anmälan enligt 11 kap 9 a § Miljöbalken om vattenverksamhet, nedläggning av ledning, Danderyds och Lidingö kommuner",
    "avsandare": "Personuppgift",
    "postort": "Djursholm",
    "kommun": "Danderyd",
    "beslutsdatum": "",
    "case_id": "5454670",
    "lansstyrelse": "Lansstyrelsen i Stockholms lan",
    "geocoded_from": "kommun:Danderyd"
   }
  },
  {
   "type": "Feature",
   "geometry": {
    "type": "Point",
    "coordinates": [
     18.16984223943504,
     59.29721555128365
    ]
   },
   "properties": {
    "diarienummer": "17276-2026",
    "status": "Handläggning",
    "indatum": "2026-04-10",
    "rubrik": "Anmälan enligt 11 kap 9 a § Miljöbalken om vattenverksamhet, Neglingeviken, Nacka kommun",
    "avsandare": "Personuppgift",
    "postort": "Nacka kommun",
    "kommun": "Nacka",
    "beslutsdatum": "",
    "case_id": "5459649",
    "lansstyrelse": "Lansstyrelsen i Stockholms lan",
    "geocoded_from": "kommun:Nacka"
   }
  },
  {
   "type": "Feature",
   "geometry": {
    "type": "Point",
    "coordinates": [
     17.620870729233843,
     59.1843150566434
    ]
   },
   "properties": {
    "diarienummer": "17337-2026",
    "status": "Handläggning",
    "indatum": "2026-04-10",
    "rubrik": "Anmälan enligt 11 kap 9 a § Miljöbalken om vattenverksamhet, reparation av betongkaj, Södertälje kommun",
    "avsandare": "Söderenergi AB",
    "postort": "Södertälje",
    "kommun": "Södertälje",
    "beslutsdatum": "",
    "case_id": "5459923",
    "lansstyrelse": "Lansstyrelsen i Stockholms lan",
    "geocoded_from": "kommun:Södertälje"
   }
  },
  {
   "type": "Feature",
   "geometry": {
    "type": "Point",
    "coordinates": [
     18.346821875825437,
     59.39969893281159
    ]
   },
   "properties": {
    "diarienummer": "17554-2026",
    "status": "Handläggning",
    "indatum": "2026-04-13",
    "rubrik": "Tillsyn av vattenverksamhet, Vaxholms kommun",
    "avsandare": "Personuppgift",
    "postort": "Vaxholm",
    "kommun": "Vaxholm",
    "beslutsdatum": "",
    "case_id": "5461093",
    "lansstyrelse": "Lansstyrelsen i Stockholms lan",
    "geocoded_from": "kommun:Vaxholm"
   }
  },
  {
   "type": "Feature",
   "geometry": {
    "type": "Point",
    "coordinates": [
     18.0639256173951,
     59.32994426475338
    ]
   },
   "properties": {
    "diarienummer": "17765-2026",
    "status": "Handläggning",
    "indatum": "2026-04-14",
    "rubrik": "Anmälan enligt 11 kap 9 a § Miljöbalken om vattenverksamhet, anläggande av flytbrygga,  Årstaviken, Stockholmskommun",
    "avsandare": "Södermalms stadsdelsförvaltning",
    "postort": "Stockholm",
    "kommun": "Stockholm",
    "beslutsdatum": "",
    "case_id": "5462072",
    "lansstyrelse": "Lansstyrelsen i Stockholms lan",
    "geocoded_from": "kommun:Stockholm"
   }
  },
  {
   "type": "Feature",
   "geometry": {
    "type": "Point",
    "coordinates": [
     18.700455872249197,
     59.768035324913164
    ]
   },
   "properties": {
    "diarienummer": "17854-2026",
    "status": "Handläggning",
    "indatum": "2026-04-14",
    "rubrik": "Anmälan enligt 11 kap 9 a § Miljöbalken om vattenverksamhet, ersättande av båthus, Rotholmviken, Norrtälje kommun",
    "avsandare": "Personuppgift",
    "postort": "Stockholm",
    "kommun": "Norrtälje",
    "beslutsdatum": "",
    "case_id": "5462479",
    "lansstyrelse": "Lansstyrelsen i Stockholms lan",
    "geocoded_from": "kommun:Norrtälje"
   }
  },
  {
   "type": "Feature",
   "geometry": {
    "type": "Point",
    "coordinates": [
     18.70478351754865,
     59.76464381927348
    ]
   },
   "properties": {
    "diarienummer": "18102-2026",
    "status": "Handläggning",
    "indatum": "2026-04-06",
    "rubrik": "Tillsyn av vattenverksamhet, uppföljning föreläggande om rivning av brygga, Norrtälje kommun",
    "avsandare": "Personuppgift",
    "postort": "",
    "kommun": "Norrtälje",
    "beslutsdatum": "",
    "case_id": "5463140",
    "lansstyrelse": "Lansstyrelsen i Stockholms lan",
    "kommun_kalla": "rubrik",
    "geocoded_from": "kommun:Norrtälje"
   }
  },
  {
   "type": "Feature",
   "geometry": {
    "type": "Point",
    "coordinates": [
     18.170172329451738,
     59.30055393186963
    ]
   },
   "properties": {
    "diarienummer": "18216-2026",
    "status": "Handläggning",
    "indatum": "2026-04-15",
    "rubrik": "Anmälan enligt 11 kap 9 a § Miljöbalken om vattenverksamhet, Baggensfjärden, Nacka kommun",
    "avsandare": "Personuppgift",
    "postort": "STOCKHOLM",
    "kommun": "Nacka",
    "beslutsdatum": "",
    "case_id": "5463892",
    "lansstyrelse": "Lansstyrelsen i Stockholms lan",
    "geocoded_from": "kommun:Nacka"
   }
  },
  {
   "type": "Feature",
   "geometry": {
    "type": "Point",
    "coordinates": [
     18.1502153381854,
     59.16815901974173
    ]
   },
   "properties": {
    "diarienummer": "18300-2026",
    "status": "Handläggning",
    "indatum": "2026-04-15",
    "rubrik": "Anmälan enligt 11 kap 9 a § Miljöbalken om vattenverksamhet, Genbötsdjupet, Haninge kommun",
    "avsandare": "Personuppgift",
    "postort": "STOCKHOLM",
    "kommun": "Haninge",
    "beslutsdatum": "",
    "case_id": "5464361",
    "lansstyrelse": "Lansstyrelsen i Stockholms lan",
    "geocoded_from": "kommun:Haninge"
   }
  },
  {
   "type": "Feature",
   "geometry": {
    "type": "Point",
    "coordinates": [
     18.152619580756625,
     59.16487785390859
    ]
   },
   "properties": {
    "diarienummer": "18305-2026",
    "status": "Handläggning",
    "indatum": "2026-04-15",
    "rubrik": "Anmälan enligt 11 kap 9 a § Miljöbalken om vattenverksamhet, huvudskär, Haninge kommun",
    "avsandare": "Personuppgift",
    "postort": "STOCKHOLM",
    "kommun": "Haninge",
    "beslutsdatum": "",
    "case_id": "5464433",
    "lansstyrelse": "Lansstyrelsen i Stockholms lan",
    "geocoded_from": "kommun:Haninge"
   }
  },
  {
   "type": "Feature",
   "geometry": {
    "type": "Point",
    "coordinates": [
     18.14937939327827,
     59.16758693189301
    ]
   },
   "properties": {
    "diarienummer": "18341-2026",
    "status": "Handläggning",
    "indatum": "2026-04-15",
    "rubrik": "Anmälan enligt 11 kap 9 a § Miljöbalken om vattenverksamhet, Nåttarö 1:239 skifte 1, Nynäshamn kommun",
    "avsandare": "Personuppgift",
    "postort": "Stockholm",
    "kommun": "Haninge",
    "beslutsdatum": "",
    "case_id": "5464784",
    "lansstyrelse": "Lansstyrelsen i Stockholms lan",
    "geocoded_from": "kommun:Haninge"
   }
  },
  {
   "type": "Feature",
   "geometry": {
    "type": "Point",
    "coordinates": [
     17.79887354016835,
     59.28179542108225
    ]
   },
   "properties": {
    "diarienummer": "18384-2026",
    "status": "Handläggning",
    "indatum": "2026-03-23",
    "rubrik": "Tillsyn av vattenverksamhet enligt M2245-24, Ekerö kommun",
    "avsandare": "Personuppgift",
    "postort": "",
    "kommun": "Ekerö",
    "beslutsdatum": "",
    "case_id": "5465079",
    "lansstyrelse": "Lansstyrelsen i Stockholms lan",
    "geocoded_from": "kommun:Ekerö"
   }
  },
  {
   "type": "Feature",
   "geometry": {
    "type": "Point",
    "coordinates": [
     17.412611835580154,
     59.18572748667358
    ]
   },
   "properties": {
    "diarienummer": "18627-2026",
    "status": "Handläggning",
    "indatum": "2026-04-16",
    "rubrik": "Anmälan enligt 11 kap 9 a § Miljöbalken om vattenverksamhet, Turingens avrinningsområde, Nykvarn kommun",
    "avsandare": "Personuppgift",
    "postort": "Vallentuna",
    "kommun": "Nykvarn",
    "beslutsdatum": "",
    "case_id": "5466302",
    "lansstyrelse": "Lansstyrelsen i Stockholms lan",
    "geocoded_from": "kommun:Nykvarn"
   }
  },
  {
   "type": "Feature",
   "geometry": {
    "type": "Point",
    "coordinates": [
     18.0711768462515,
     59.3268914109204
    ]
   },
   "properties": {
    "diarienummer": "6774-2026",
    "status": "Handläggning",
    "indatum": "2026-02-13",
    "rubrik": "Anmälan enligt 11 kap 9 a § Miljöbalken om vattenverksamhet, kabeldragning, Nälstadiket, Stockholms kommun",
    "avsandare": "Affärsverket svenska kraftnät",
    "postort": "Sundbyberg",
    "kommun": "Stockholm",
    "beslutsdatum": "",
    "case_id": "5398862",
    "lansstyrelse": "Lansstyrelsen i Stockholms lan",
    "geocoded_from": "kommun:Stockholm"
   }
  },
  {
   "type": "Feature",
   "geometry": {
    "type": "Point",
    "coordinates": [
     18.69884425396231,
     59.76646125815905
    ]
   },
   "properties": {
    "diarienummer": "7356-2026",
    "status": "Handläggning",
    "indatum": "2026-02-17",
    "rubrik": "Tillsyn av vattenverksamhet, gällande anläggande av bryggor, muddring och utfyllnad i Norrtälje kommun",
    "avsandare": "Länsstyrelsen i Stockholm",
    "postort": "",
    "kommun": "Norrtälje",
    "beslutsdatum": "",
    "case_id": "5402366",
    "lansstyrelse": "Lansstyrelsen i Stockholms lan",
    "geocoded_from": "kommun:Norrtälje"
   }
  },
  {
   "type": "Feature",
   "geometry": {
    "type": "Point",
    "coordinates": [
     18.701628558402366,
     59.769456949690756
    ]
   },
   "properties": {
    "diarienummer": "7359-2026",
    "status": "Handläggning",
    "indatum": "2026-02-17",
    "rubrik": "Tillsyn av vattenverksamhet, gällande anläggande av bryggor, muddring och utfyllnad i Norrtälje kommun",
    "avsandare": "Länsstyrelsen i Stockholm",
    "postort": "",
    "kommun": "Norrtälje",
    "beslutsdatum": "",
    "case_id": "5402381",
    "lansstyrelse": "Lansstyrelsen i Stockholms lan",
    "geocoded_from": "kommun:Norrtälje"
   }
  },
  {
   "type": "Feature",
   "geometry": {
    "type": "Point",
    "coordinates": [
     17.79913472589579,
     59.284807362765214
    ]
   },
   "properties": {
    "diarienummer": "7890-2026",
    "status": "Handläggning",
    "indatum": "2026-02-19",
    "rubrik": "Anmälan enligt 11 kap 9 a § Miljöbalken om vattenverksamhet, nedläggning av ledning, Mälaren, Ekerö kommun",
    "avsandare": "Ellevio",
    "postort": "Stockholm",
    "kommun": "Ekerö",
    "beslutsdatum": "",
    "case_id": "5405384",
    "lansstyrelse": "Lansstyrelsen i Stockholms lan",
    "geocoded_from": "kommun:Ekerö"
   }
  },
  {
   "type": "Feature",
   "geometry": {
    "type": "Point",
    "coordinates": [
     18.073377004925494,
     59.327184345791295
    ]
   },
   "properties": {
    "diarienummer": "8118-2026",
    "status": "Handläggning",
    "indatum": "2026-02-20",
    "rubrik": "Begäran om tillsyn av vattenverksamhet, grundvattensänkning på Skeppsholmen, Stockholms kommun",
    "avsandare": "Statens fastighetsverk",
    "postort": "",
    "kommun": "Stockholm",
    "beslutsdatum": "",
    "case_id": "5406655",
    "lansstyrelse": "Lansstyrelsen i Stockholms lan",
    "geocoded_from": "kommun:Stockholm"
   }
  },
  {
   "type": "Feature",
   "geometry": {
    "type": "Point",
    "coordinates": [
     17.786077051322675,
     59.18106568770243
    ]
   },
   "properties": {
    "diarienummer": "8250-2026",
    "status": "Handläggning",
    "indatum": "2026-02-23",
    "rubrik": "Tillsyn av vattenverksamhet gällande anläggande av brygga i Botkyrka kommun",
    "avsandare": "Länsstyrelsen i Stockholm",
    "postort": "",
    "kommun": "Botkyrka",
    "beslutsdatum": "",
    "case_id": "5407492",
    "lansstyrelse": "Lansstyrelsen i Stockholms lan",
    "geocoded_from": "kommun:Botkyrka"
   }
  },
  {
   "type": "Feature",
   "geometry": {
    "type": "Point",
    "coordinates": [
     17.931246073751595,
     58.89802473652966
    ]
   },
   "properties": {
    "diarienummer": "8335-2026",
    "status": "Handläggning",
    "indatum": "2026-02-23",
    "rubrik": "Tillsyn av vattenverksamhet, gällande anläggande av brygga i Nynäshamns kommun",
    "avsandare": "Länsstyrelsen i Stockholm",
    "postort": "",
    "kommun": "Nynäshamn",
    "beslutsdatum": "",
    "case_id": "5407925",
    "lansstyrelse": "Lansstyrelsen i Stockholms lan",
    "geocoded_from": "kommun:Nynäshamn"
   }
  },
  {
   "type": "Feature",
   "geometry": {
    "type": "Point",
    "coordinates": [
     17.78341735569085,
     59.18459128311992
    ]
   },
   "properties": {
    "diarienummer": "8353-2026",
    "status": "Handläggning",
    "indatum": "2026-02-23",
    "rubrik": "Tillsyn av vattenverksamhet, gällande anläggande av brygga i Botkyrka kommun",
    "avsandare": "Länsstyrelsen i Stockholm",
    "postort": "",
    "kommun": "Botkyrka",
    "beslutsdatum": "",
    "case_id": "5408043",
    "lansstyrelse": "Lansstyrelsen i Stockholms lan",
    "geocoded_from": "kommun:Botkyrka"
   }
  },
  {
   "type": "Feature",
   "geometry": {
    "type": "Point",
    "coordinates": [
     17.93636689144281,
     58.90034636612584
    ]
   },
   "properties": {
    "diarienummer": "8357-2026",
    "status": "Handläggning",
    "indatum": "2026-02-23",
    "rubrik": "Tillsyn av vattenverksamhet, uppföljning av föreläggande gällande anläggande av brygga i Nynäshamn kommun",
    "avsandare": "Länsstyrelsen i Stockholm",
    "postort": "",
    "kommun": "Nynäshamn",
    "beslutsdatum": "",
    "case_id": "5408078",
    "lansstyrelse": "Lansstyrelsen i Stockholms lan",
    "geocoded_from": "kommun:Nynäshamn"
   }
  },
  {
   "type": "Feature",
   "geometry": {
    "type": "Point",
    "coordinates": [
     18.70425085823131,
     59.76729680604246
    ]
   },
   "properties": {
    "diarienummer": "8439-2026",
    "status": "Handläggning",
    "indatum": "2026-02-23",
    "rubrik": "Anmälan enligt 11 kap 9 a § Miljöbalken om vattenverksamhet, Närdingen, Norrtälje kommun",
    "avsandare": "Personuppgift",
    "postort": "Stockholm",
    "kommun": "Norrtälje",
    "beslutsdatum": "",
    "case_id": "5408422",
    "lansstyrelse": "Lansstyrelsen i Stockholms lan",
    "geocoded_from": "kommun:Norrtälje"
   }
  },
  {
   "type": "Feature",
   "geometry": {
    "type": "Point",
    "coordinates": [
     18.03147237668041,
     59.399313395150536
    ]
   },
   "properties": {
    "diarienummer": "8661-2026",
    "status": "Handläggning",
    "indatum": "2026-02-24",
    "rubrik": "Anmälan enligt 11 kap 9 a § Miljöbalken om vattenverksamhet, Lissviken, Blidö, Norrtälje kommun",
    "avsandare": "Anna-Brita Krakenberger",
    "postort": "Danderyd",
    "kommun": "",
    "beslutsdatum": "",
    "case_id": "5409980",
    "lansstyrelse": "Lansstyrelsen i Stockholms lan",
    "geocoded_from": "postort:Danderyd"
   }
  },
  {
   "type": "Feature",
   "geometry": {
    "type": "Point",
    "coordinates": [
     17.800649045738272,
     59.28330585968696
    ]
   },
   "properties": {
    "diarienummer": "8904-2026",
    "status": "Handläggning",
    "indatum": "2026-02-25",
    "rubrik": "Anmälan enligt 11 kap 9 a § Miljöbalken om vattenverksamhet, nedläggning av ledningar, rör, annan kabel, Svartsjö, Färingsö, Ekerö kommun",
    "avsandare": "Ellevio AB",
    "postort": "Stockholm",
    "kommun": "Ekerö",
    "beslutsdatum": "",
    "case_id": "5411174",
    "lansstyrelse": "Lansstyrelsen i Stockholms lan",
    "geocoded_from": "kommun:Ekerö"
   }
  },
  {
   "type": "Feature",
   "geometry": {
    "type": "Point",
    "coordinates": [
     17.930569788542606,
     58.902250956916305
    ]
   },
   "properties": {
    "diarienummer": "9435-2026",
    "status": "Handläggning",
    "indatum": "2026-03-02",
    "rubrik": "Tillsyn av vattenverksamhet anläggande av brygga, Nynäshamn kommun",
    "avsandare": "Personuppgift",
    "postort": "",
    "kommun": "Nynäshamn",
    "beslutsdatum": "",
    "case_id": "5414666",
    "lansstyrelse": "Lansstyrelsen i Stockholms lan",
    "geocoded_from": "kommun:Nynäshamn"
   }
  },
  {
   "type": "Feature",
   "geometry": {
    "type": "Point",
    "coordinates": [
     18.696601243966196,
     59.76448393975617
    ]
   },
   "properties": {
    "diarienummer": "9475-2026",
    "status": "Handläggning",
    "indatum": "2026-03-02",
    "rubrik": "Begäran om tillsyn av vattenverksamhet, Norrtälje kommun",
    "avsandare": "Anonym",
    "postort": "",
    "kommun": "Norrtälje",
    "beslutsdatum": "",
    "case_id": "5414951",
    "lansstyrelse": "Lansstyrelsen i Stockholms lan",
    "kommun_kalla": "rubrik",
    "geocoded_from": "kommun:Norrtälje"
   }
  },
  {
   "type": "Feature",
   "geometry": {
    "type": "Point",
    "coordinates": [
     18.072881637117295,
     59.32960627314846
    ]
   },
   "properties": {
    "diarienummer": "9983-2026",
    "status": "Handläggning",
    "indatum": "2026-03-01",
    "rubrik": "Anmälan om tillsyn av vattenverksamhet, grävt i stranden anlagt en stenramp och ska förstärka med stålplattor, Stockholms kommun",
    "avsandare": "Ocean Bus Stockholm AB",
    "postort": "Stockholm",
    "kommun": "Stockholm",
    "beslutsdatum": "",
    "case_id": "5417901",
    "lansstyrelse": "Lansstyrelsen i Stockholms lan",
    "geocoded_from": "kommun:Stockholm"
   }
  },
  {
   "type": "Feature",
   "geometry": {
    "type": "Point",
    "coordinates": [
     18.070808973862167,
     59.32736984170561
    ]
   },
   "properties": {
    "diarienummer": "10382-2026",
    "status": "Handläggning",
    "indatum": "2026-03-05",
    "rubrik": "Tillsyn av Utbyggd depå för T-bana i Högdalen. Fortsatt tillsyn av vattenverksamhet mha kontrollprogram, enligt dom M 4713-19, Stockholm",
    "avsandare": "Region Stockholm",
    "postort": "",
    "kommun": "Stockholm",
    "beslutsdatum": "",
    "case_id": "5420347",
    "lansstyrelse": "Lansstyrelsen i Stockholms lan",
    "geocoded_from": "kommun:Stockholm"
   }
  },
  {
   "type": "Feature",
   "geometry": {
    "type": "Point",
    "coordinates": [
     17.83530613481724,
     59.40798337335236
    ]
   },
   "properties": {
    "diarienummer": "10385-2026",
    "status": "Handläggning",
    "indatum": "2026-03-05",
    "rubrik": "Tillsyn av arbeten för tillståndspliktig vattenverksamhet, utbyggnad av tunnelbana från Akalla till Barkarby M 7039-15, Järfälla kommun",
    "avsandare": "Region Stockholm",
    "postort": "",
    "kommun": "Järfälla",
    "beslutsdatum": "",
    "case_id": "5420365",
    "lansstyrelse": "Lansstyrelsen i Stockholms lan",
    "kommun_kalla": "rubrik",
    "geocoded_from": "kommun:Järfälla"
   }
  },
  {
   "type": "Feature",
   "geometry": {
    "type": "Point",
    "coordinates": [
     18.146032339087014,
     59.16885515618873
    ]
   },
   "properties": {
    "diarienummer": "11044-2026",
    "status": "Handläggning",
    "indatum": "2026-03-10",
    "rubrik": "Anmälan enligt 11 kap 9 a § Miljöbalken om vattenverksamhet, rasering av stolpar och luftledning, Alsumpskog, Norra Sjödalsholmen, Haninge kommun",
    "avsandare": "Vattenfall Eldistribution AB, Ombud: Vattenfall Services Nordic AB",
    "postort": "Umeå",
    "kommun": "Haninge",
    "beslutsdatum": "",
    "case_id": "5424783",
    "lansstyrelse": "Lansstyrelsen i Stockholms lan",
    "geocoded_from": "kommun:Haninge"
   }
  },
  {
   "type": "Feature",
   "geometry": {
    "type": "Point",
    "coordinates": [
     17.73697253736362,
     59.61738971248765
    ]
   },
   "properties": {
    "diarienummer": "11225-2026",
    "status": "Handläggning",
    "indatum": "2026-03-10",
    "rubrik": "Årsrapport för tillsyn vattenverksamhet vid Trosta bergtäkt enligt kontrollprogram, Sigtuna kommun",
    "avsandare": "Swerock AB",
    "postort": "",
    "kommun": "Sigtuna",
    "beslutsdatum": "",
    "case_id": "5426043",
    "lansstyrelse": "Lansstyrelsen i Stockholms lan",
    "geocoded_from": "kommun:Sigtuna"
   }
  },
  {
   "type": "Feature",
   "geometry": {
    "type": "Point",
    "coordinates": [
     18.06721277140047,
     59.328841007698074
    ]
   },
   "properties": {
    "diarienummer": "11308-2026",
    "status": "Handläggning",
    "indatum": "2026-03-10",
    "rubrik": "Årsrapport för år 2025, kontrollprogram vattenverksamhet gällande Kista Science city VA-tunnel",
    "avsandare": "Stockholm vatten och avfall",
    "postort": "Stockholm",
    "kommun": "Stockholm",
    "beslutsdatum": "",
    "case_id": "5426387",
    "lansstyrelse": "Lansstyrelsen i Stockholms lan",
    "geocoded_from": "kommun:Stockholm"
   }
  },
  {
   "type": "Feature",
   "geometry": {
    "type": "Point",
    "coordinates": [
     18.071949852523293,
     59.329883080818384
    ]
   },
   "properties": {
    "diarienummer": "11669-2026",
    "status": "Handläggning",
    "indatum": "2026-03-11",
    "rubrik": "Anmälan enligt 11 kap 9 a § Miljöbalken om vattenverksamhet, muddring, Ladugårdsgärdet 1:1, Stockholms kommun",
    "avsandare": "Föreningen för Kanotidrott (FKI)",
    "postort": "Stockholm",
    "kommun": "Stockholm",
    "beslutsdatum": "",
    "case_id": "5428581",
    "lansstyrelse": "Lansstyrelsen i Stockholms lan",
    "geocoded_from": "kommun:Stockholm"
   }
  },
  {
   "type": "Feature",
   "geometry": {
    "type": "Point",
    "coordinates": [
     17.735888711235077,
     59.61419741754291
    ]
   },
   "properties": {
    "diarienummer": "11684-2026",
    "status": "Handläggning",
    "indatum": "2026-03-13",
    "rubrik": "Anmälan enligt 11 kap 9 a § Miljöbalken om vattenverksamhet, Dike, Sigtuna kommun",
    "avsandare": "Vattenfall Eldistribution AB",
    "postort": "Solna",
    "kommun": "Sigtuna",
    "beslutsdatum": "",
    "case_id": "5428639",
    "lansstyrelse": "Lansstyrelsen i Stockholms lan",
    "geocoded_from": "kommun:Sigtuna"
   }
  },
  {
   "type": "Feature",
   "geometry": {
    "type": "Point",
    "coordinates": [
     18.702458745816077,
     59.76584155197396
    ]
   },
   "properties": {
    "diarienummer": "12175-2026",
    "status": "Handläggning",
    "indatum": "2026-03-16",
    "rubrik": "Anmälan enligt 11 kap 9 a § miljöbalken om vattenverksamhet, nedläggning av kabel, rör eller ledning, Rörviksfjärden, Norrtälje kommun",
    "avsandare": "BRS Networks AB",
    "postort": "Visby",
    "kommun": "Norrtälje",
    "beslutsdatum": "",
    "case_id": "5431522",
    "lansstyrelse": "Lansstyrelsen i Stockholms lan",
    "geocoded_from": "kommun:Norrtälje"
   }
  },
  {
   "type": "Feature",
   "geometry": {
    "type": "Point",
    "coordinates": [
     17.80206735145844,
     59.28360299367412
    ]
   },
   "properties": {
    "diarienummer": "13264-2026",
    "status": "Handläggning",
    "indatum": "2026-03-20",
    "rubrik": "Anmälan om vattenverksamhet, Ekerö kommun",
    "avsandare": "Personuppgift",
    "postort": "",
    "kommun": "Ekerö",
    "beslutsdatum": "",
    "case_id": "5437249",
    "lansstyrelse": "Lansstyrelsen i Stockholms lan",
    "geocoded_from": "kommun:Ekerö"
   }
  },
  {
   "type": "Feature",
   "geometry": {
    "type": "Point",
    "coordinates": [
     18.697486433642002,
     59.765877463667756
    ]
   },
   "properties": {
    "diarienummer": "13712-2026",
    "status": "Handläggning",
    "indatum": "2026-03-21",
    "rubrik": "Begäran om tillsyn av vattenverksamhet, Sjön Närdingen, Norrtälje kommun",
    "avsandare": "Personuppgift",
    "postort": "",
    "kommun": "Norrtälje",
    "beslutsdatum": "",
    "case_id": "5439700",
    "lansstyrelse": "Lansstyrelsen i Stockholms lan",
    "geocoded_from": "kommun:Norrtälje"
   }
  },
  {
   "type": "Feature",
   "geometry": {
    "type": "Point",
    "coordinates": [
     18.696333485547026,
     59.76544947550727
    ]
   },
   "properties": {
    "diarienummer": "13755-2026",
    "status": "Handläggning",
    "indatum": "2026-03-24",
    "rubrik": "Anmälan enligt 11 kap 9 a § Miljöbalken om vattenverksamhet, Östersjön, Norrtälje kommun",
    "avsandare": "Personuppgift",
    "postort": "Stocksund",
    "kommun": "Norrtälje",
    "beslutsdatum": "",
    "case_id": "5439893",
    "lansstyrelse": "Lansstyrelsen i Stockholms lan",
    "geocoded_from": "kommun:Norrtälje"
   }
  },
  {
   "type": "Feature",
   "geometry": {
    "type": "Point",
    "coordinates": [
     17.901502438294948,
     59.51672271803779
    ]
   },
   "properties": {
    "diarienummer": "14423-2026",
    "status": "Handläggning",
    "indatum": "2026-03-26",
    "rubrik": "Anmälan enligt 11 kap 9 a § Miljöbalken om vattenverksamhet, Oxundasjöns vattenavrinningsområde, Upplands-Väsby kommun",
    "avsandare": "Personuppgift",
    "postort": "Täby",
    "kommun": "Upplands Väsby",
    "beslutsdatum": "",
    "case_id": "5443958",
    "lansstyrelse": "Lansstyrelsen i Stockholms lan",
    "geocoded_from": "kommun:Upplands Väsby"
   }
  },
  {
   "type": "Feature",
   "geometry": {
    "type": "Point",
    "coordinates": [
     17.95214256022728,
     59.43343290437681
    ]
   },
   "properties": {
    "diarienummer": "14613-2026",
    "status": "Handläggning",
    "indatum": "2026-03-27",
    "rubrik": "Anmälan enligt 11 kap 9 a § Miljöbalken om vattenverksamhet, Ravalen, Sollentuna kommun",
    "avsandare": "Affärsverket Svenska kraftnät",
    "postort": "Sundbyberg",
    "kommun": "Sollentuna",
    "beslutsdatum": "",
    "case_id": "5445137",
    "lansstyrelse": "Lansstyrelsen i Stockholms lan",
    "geocoded_from": "kommun:Sollentuna"
   }
  },
  {
   "type": "Feature",
   "geometry": {
    "type": "Point",
    "coordinates": [
     18.236985241004003,
     59.23559393237368
    ]
   },
   "properties": {
    "diarienummer": "14631-2026",
    "status": "Handläggning",
    "indatum": "2026-03-27",
    "rubrik": "Anmälan enligt 11 kap 9 a § Miljöbalken om vattenverksamhet, Tyresån, Tyresö kommun",
    "avsandare": "Tyresö kommun",
    "postort": "Tyresö",
    "kommun": "Tyresö",
    "beslutsdatum": "",
    "case_id": "5445274",
    "lansstyrelse": "Lansstyrelsen i Stockholms lan",
    "geocoded_from": "kommun:Tyresö"
   }
  },
  {
   "type": "Feature",
   "geometry": {
    "type": "Point",
    "coordinates": [
     18.354883230884298,
     59.39700317037827
    ]
   },
   "properties": {
    "diarienummer": "14742-2026",
    "status": "Handläggning",
    "indatum": "2026-03-29",
    "rubrik": "Anmälan enligt 11 kap 9 a § Miljöbalken om vattenverksamhet, Anläggande av Flytbrygga, Östersjön, Vaxholm kommun",
    "avsandare": "Personuppgift",
    "postort": "Skarpnäck",
    "kommun": "Vaxholm",
    "beslutsdatum": "",
    "case_id": "5445970",
    "lansstyrelse": "Lansstyrelsen i Stockholms lan",
    "geocoded_from": "kommun:Vaxholm"
   }
  },
  {
   "type": "Feature",
   "geometry": {
    "type": "Point",
    "coordinates": [
     18.07167185972059,
     59.32844602415148
    ]
   },
   "properties": {
    "diarienummer": "15720-2026",
    "status": "Handläggning",
    "indatum": "2026-04-01",
    "rubrik": "Anmälan enligt 11 kap 9 a § Miljöbalken om vattenverksamhet, serviceplattform för bastubåtar, Stockholms kommun",
    "avsandare": "Fastighets AB Ludvigsberg 3",
    "postort": "Stockholm",
    "kommun": "Stockholm",
    "beslutsdatum": "",
    "case_id": "5451590",
    "lansstyrelse": "Lansstyrelsen i Stockholms lan",
    "geocoded_from": "kommun:Stockholm"
   }
  },
  {
   "type": "Feature",
   "geometry": {
    "type": "Point",
    "coordinates": [
     18.44965136192727,
     59.31593454505784
    ]
   },
   "properties": {
    "diarienummer": "15826-2026",
    "status": "Handläggning",
    "indatum": "2026-04-01",
    "rubrik": "Samråd inför tillståndsansökan för  vattenverksamhet, grundvattenbortledning, Mölnvik-Ålstäket (väg 222), Värmdö kommun",
    "avsandare": "Personuppgift",
    "postort": "Uppsala",
    "kommun": "Värmdö",
    "beslutsdatum": "",
    "case_id": "5452126",
    "lansstyrelse": "Lansstyrelsen i Stockholms lan",
    "geocoded_from": "kommun:Värmdö"
   }
  },
  {
   "type": "Feature",
   "geometry": {
    "type": "Point",
    "coordinates": [
     18.071326679595348,
     59.32850245479204
    ]
   },
   "properties": {
    "diarienummer": "15868-2026",
    "status": "Handläggning",
    "indatum": "2026-04-01",
    "rubrik": "Anmälan enligt 11 kap 9 a § Miljöbalken om vattenverksamhet, anläggande av brygga, Stockholms kommun",
    "avsandare": "Personuppgift",
    "postort": "Stockholm",
    "kommun": "Stockholm",
    "beslutsdatum": "",
    "case_id": "5452363",
    "lansstyrelse": "Lansstyrelsen i Stockholms lan",
    "geocoded_from": "kommun:Stockholm"
   }
  },
  {
   "type": "Feature",
   "geometry": {
    "type": "Point",
    "coordinates": [
     17.782689741892405,
     59.18095455683681
    ]
   },
   "properties": {
    "diarienummer": "23654-2026",
    "status": "Handläggning",
    "indatum": "2026-05-11",
    "rubrik": "Tillsyn av vattenverksamhet, grundvattenbortledning, Botkyrka kommun",
    "avsandare": "Botkyrka kommun",
    "postort": "",
    "kommun": "Botkyrka",
    "beslutsdatum": "",
    "case_id": "5493498",
    "lansstyrelse": "Lansstyrelsen i Stockholms lan",
    "geocoded_from": "kommun:Botkyrka"
   }
  },
  {
   "type": "Feature",
   "geometry": {
    "type": "Point",
    "coordinates": [
     18.281474120636013,
     57.634800245157756
    ]
   },
   "properties": {
    "diarienummer": "23854-2026",
    "status": "Handläggning",
    "indatum": "2026-05-13",
    "rubrik": "Anmälan enligt 11 kap 9 a § Miljöbalken om vattenverksamhet, Norrtälje Skärgård Tjockö till Arholma, Norrtälje kommun",
    "avsandare": "BRS Networks AB",
    "postort": "Visby",
    "kommun": "",
    "beslutsdatum": "",
    "case_id": "5494766",
    "lansstyrelse": "Lansstyrelsen i Stockholms lan",
    "geocoded_from": "postort:Visby"
   }
  },
  {
   "type": "Feature",
   "geometry": {
    "type": "Point",
    "coordinates": [
     18.696343176543245,
     59.76593799927723
    ]
   },
   "properties": {
    "diarienummer": "24542-2026",
    "status": "Handläggning",
    "indatum": "2026-05-19",
    "rubrik": "Anmälan om tillsyn av vattenverksamhet, Norrtälje kommun",
    "avsandare": "Personuppgift",
    "postort": "Norrtälje",
    "kommun": "Norrtälje",
    "beslutsdatum": "",
    "case_id": "5498433",
    "lansstyrelse": "Lansstyrelsen i Stockholms lan",
    "geocoded_from": "kommun:Norrtälje"
   }
  },
  {
   "type": "Feature",
   "geometry": {
    "type": "Point",
    "coordinates": [
     18.14576527351897,
     59.16798142752588
    ]
   },
   "properties": {
    "diarienummer": "21144-2026",
    "status": "Handläggning",
    "indatum": "2026-04-30",
    "rubrik": "Anmälan enligt 11 kap 9 a § Miljöbalken om vattenverksamhet, Östersjön, Haninge kommun",
    "avsandare": "Trafikverket",
    "postort": "Sundbyberg",
    "kommun": "Haninge",
    "beslutsdatum": "",
    "case_id": "5480568",
    "lansstyrelse": "Lansstyrelsen i Stockholms lan",
    "geocoded_from": "kommun:Haninge"
   }
  },
  {
   "type": "Feature",
   "geometry": {
    "type": "Point",
    "coordinates": [
     17.94611553103306,
     59.436119670781935
    ]
   },
   "properties": {
    "diarienummer": "21454-2026",
    "status": "Handläggning",
    "indatum": "2026-05-04",
    "rubrik": "Anmälan enligt 11 kap 9 a § Miljöbalken om vattenverksamhet, 800 M SÖDER SVARTINGE, Sollentuna kommun",
    "avsandare": "Affärsverket Svenska kraftnät (Svenska kraftnät)",
    "postort": "Sundbyberg",
    "kommun": "Sollentuna",
    "beslutsdatum": "",
    "case_id": "5482503",
    "lansstyrelse": "Lansstyrelsen i Stockholms lan",
    "geocoded_from": "kommun:Sollentuna"
   }
  },
  {
   "type": "Feature",
   "geometry": {
    "type": "Point",
    "coordinates": [
     18.065441235670498,
     59.45268733821293
    ]
   },
   "properties": {
    "diarienummer": "21607-2026",
    "status": "Handläggning",
    "indatum": "2026-05-04",
    "rubrik": "Anmälan enligt 11 kap 9 a § Miljöbalken om vattenverksamhet, uppförande av träspångskonstruktion, Vallentunasjön, Täby kommun",
    "avsandare": "TÄBY KOMMUN",
    "postort": "Täby",
    "kommun": "Täby",
    "beslutsdatum": "",
    "case_id": "5483161",
    "lansstyrelse": "Lansstyrelsen i Stockholms lan",
    "geocoded_from": "kommun:Täby"
   }
  },
  {
   "type": "Feature",
   "geometry": {
    "type": "Point",
    "coordinates": [
     17.62430320095615,
     59.18532234615143
    ]
   },
   "properties": {
    "diarienummer": "22516-2026",
    "status": "Handläggning",
    "indatum": "2026-05-05",
    "rubrik": "Tillsyn av vattenverksamhet (löpande), Mälarprojektet, Södertälje kommun",
    "avsandare": "Sjöfartsverket och Trafikverket",
    "postort": "",
    "kommun": "Södertälje",
    "beslutsdatum": "",
    "case_id": "5487686",
    "lansstyrelse": "Lansstyrelsen i Stockholms lan",
    "kommun_kalla": "rubrik",
    "geocoded_from": "kommun:Södertälje"
   }
  },
  {
   "type": "Feature",
   "geometry": {
    "type": "Point",
    "coordinates": [
     17.652910058901444,
     59.51759277657655
    ]
   },
   "properties": {
    "diarienummer": "24253-2026",
    "status": "Handläggning",
    "indatum": "2026-05-15",
    "rubrik": "Begäran om yttrande över vattenverksamhet, resning och byte av vägtrummor, Kungsängens övningsfält, Upplands-Bro kommun",
    "avsandare": "FÖRSVARSINSPEKTÖREN FÖR HÄLSA OCH MILJÖ",
    "postort": "Stockholm",
    "kommun": "Upplands-Bro",
    "beslutsdatum": "",
    "case_id": "5497027",
    "lansstyrelse": "Lansstyrelsen i Stockholms lan",
    "geocoded_from": "kommun:Upplands-Bro"
   }
  },
  {
   "type": "Feature",
   "geometry": {
    "type": "Point",
    "coordinates": [
     18.696350290817573,
     59.76389763626445
    ]
   },
   "properties": {
    "diarienummer": "24673-2026",
    "status": "Handläggning",
    "indatum": "2026-05-19",
    "rubrik": "Anmälan enligt 11 kap 9 a § Miljöbalken om vattenverksamhet, muddring ,Norrtälje kommun",
    "avsandare": "Personuppgift",
    "postort": "Norrtälje",
    "kommun": "Norrtälje",
    "beslutsdatum": "",
    "case_id": "5499082",
    "lansstyrelse": "Lansstyrelsen i Stockholms lan",
    "geocoded_from": "kommun:Norrtälje"
   }
  },
  {
   "type": "Feature",
   "geometry": {
    "type": "Point",
    "coordinates": [
     18.066408435426048,
     59.33110765793073
    ]
   },
   "properties": {
    "diarienummer": "25594-2026",
    "status": "Handläggning",
    "indatum": "2026-05-22",
    "rubrik": "Anmälan enligt 11 kap 9 a § Miljöbalken om vattenverksamhet, Mälaren - Årstaviken, Stockholm kommun",
    "avsandare": "Personuppgift",
    "postort": "Stockholm",
    "kommun": "Stockholm",
    "beslutsdatum": "",
    "case_id": "5504079",
    "lansstyrelse": "Lansstyrelsen i Stockholms lan",
    "geocoded_from": "kommun:Stockholm"
   }
  },
  {
   "type": "Feature",
   "geometry": {
    "type": "Point",
    "coordinates": [
     18.06950893801729,
     59.33028542159076
    ]
   },
   "properties": {
    "diarienummer": "25350-2026",
    "status": "Handläggning",
    "indatum": "2026-05-21",
    "rubrik": "Årsrapport för år 2025 för vattenverksamhet Citybanan, Stockholms kommun",
    "avsandare": "Bjerking",
    "postort": "Stockholm",
    "kommun": "Stockholm",
    "beslutsdatum": "",
    "case_id": "5502922",
    "lansstyrelse": "Lansstyrelsen i Stockholms lan",
    "geocoded_from": "kommun:Stockholm"
   }
  },
  {
   "type": "Feature",
   "geometry": {
    "type": "Point",
    "coordinates": [
     17.627883318108147,
     59.185794075278324
    ]
   },
   "properties": {
    "diarienummer": "24788-2026",
    "status": "Handläggning",
    "indatum": "2026-05-20",
    "rubrik": "Anmälan enligt 11 kap 9 a § Miljöbalken om vattenverksamhet, grävning, fyllning, utrivning, Maren/Igelstaviken, Södertälje kommun",
    "avsandare": "SÖDERTÄLJE KOMMUN",
    "postort": "Södertälje",
    "kommun": "Södertälje",
    "beslutsdatum": "",
    "case_id": "5499732",
    "lansstyrelse": "Lansstyrelsen i Stockholms lan",
    "geocoded_from": "kommun:Södertälje"
   }
  },
  {
   "type": "Feature",
   "geometry": {
    "type": "Point",
    "coordinates": [
     18.066785450766595,
     59.32951935630705
    ]
   },
   "properties": {
    "diarienummer": "24833-2026",
    "status": "Handläggning",
    "indatum": "2026-05-19",
    "rubrik": "Anmälan enligt 11 kap 9 a § Miljöbalken om vattenverksamhet, brygga, Östersjön, Österåkers kommun",
    "avsandare": "Skärgårdsstiftelsen i Stockholms län",
    "postort": "Stockholm",
    "kommun": "Österåker",
    "beslutsdatum": "",
    "case_id": "5499995",
    "lansstyrelse": "Lansstyrelsen i Stockholms lan",
    "geocoded_from": "postort:Stockholm"
   }
  },
  {
   "type": "Feature",
   "geometry": {
    "type": "Point",
    "coordinates": [
     18.154080326914837,
     59.16745243033962
    ]
   },
   "properties": {
    "diarienummer": "23102-2026",
    "status": "Handläggning",
    "indatum": "2026-05-10",
    "rubrik": "Överklagande av Länsstyrelsens beslut 2026-04-20 gällande vattenverksamhet för nedläggning av ledning, Haninge kommun",
    "avsandare": "Personuppgift",
    "postort": "Ornö",
    "kommun": "Haninge",
    "beslutsdatum": "",
    "case_id": "5490642",
    "lansstyrelse": "Lansstyrelsen i Stockholms lan",
    "geocoded_from": "kommun:Haninge"
   }
  },
  {
   "type": "Feature",
   "geometry": {
    "type": "Point",
    "coordinates": [
     18.06836424552257,
     59.32780208012379
    ]
   },
   "properties": {
    "diarienummer": "24783-2026",
    "status": "Handläggning",
    "indatum": "2026-05-20",
    "rubrik": "Beslut om tillsynsavgift för tillsyn av vattenverksamhet vid Sandhagen 2, Stockholms kommun",
    "avsandare": "Atrium Ljungberg AB",
    "postort": "",
    "kommun": "Stockholm",
    "beslutsdatum": "",
    "case_id": "5499711",
    "lansstyrelse": "Lansstyrelsen i Stockholms lan",
    "geocoded_from": "kommun:Stockholm"
   }
  },
  {
   "type": "Feature",
   "geometry": {
    "type": "Point",
    "coordinates": [
     17.828799846258555,
     59.410722055675414
    ]
   },
   "properties": {
    "diarienummer": "10505-2026",
    "status": "Handläggning",
    "indatum": "2026-03-06",
    "rubrik": "Beslut om tillsynsavgift för tillsyn av vattenverksamhet i samband med utbyggnad av tunnelbana från Akalla till Barkarby, Järfälla kommun",
    "avsandare": "Region Stockholm",
    "postort": "",
    "kommun": "Järfälla",
    "beslutsdatum": "",
    "case_id": "5421233",
    "lansstyrelse": "Lansstyrelsen i Stockholms lan",
    "geocoded_from": "kommun:Järfälla"
   }
  },
  {
   "type": "Feature",
   "geometry": {
    "type": "Point",
    "coordinates": [
     18.072948232939687,
     59.32834762993215
    ]
   },
   "properties": {
    "diarienummer": "10509-2026",
    "status": "Handläggning",
    "indatum": "2026-03-06",
    "rubrik": "Beslut om tillsynsavgift för tillsyn av vattenverksamhet vattenverksamhet i samband med utbyggnad av tunnelbanedepå i Högdalen, Stockholms kommun",
    "avsandare": "Region Stockholm",
    "postort": "",
    "kommun": "Stockholm",
    "beslutsdatum": "",
    "case_id": "5421255",
    "lansstyrelse": "Lansstyrelsen i Stockholms lan",
    "geocoded_from": "kommun:Stockholm"
   }
  },
  {
   "type": "Feature",
   "geometry": {
    "type": "Point",
    "coordinates": [
     18.071184090924664,
     59.328138391133194
    ]
   },
   "properties": {
    "diarienummer": "10541-2026",
    "status": "Handläggning",
    "indatum": "2026-03-06",
    "rubrik": "Beslut om tillsynsavgift för tillsyn av vattenverksamhet i samband med utbyggnad Mässtunneln, Stockholms kommun",
    "avsandare": "Stockholm Vatten och Avfall AB",
    "postort": "",
    "kommun": "Stockholm",
    "beslutsdatum": "",
    "case_id": "5421447",
    "lansstyrelse": "Lansstyrelsen i Stockholms lan",
    "geocoded_from": "kommun:Stockholm"
   }
  },
  {
   "type": "Feature",
   "geometry": {
    "type": "Point",
    "coordinates": [
     18.16295868166514,
     59.30062488209827
    ]
   },
   "properties": {
    "diarienummer": "10719-2026",
    "status": "Handläggning",
    "indatum": "2026-03-09",
    "rubrik": "Beslut om tillsynsavgift för tillsyn av vattenverksamhet i samband med utbyggnad av Nya Östbergatunneln, Stockholm och Nacka kommun",
    "avsandare": "Stockholm Vatten och avfall AB",
    "postort": "",
    "kommun": "Nacka",
    "beslutsdatum": "",
    "case_id": "5422432",
    "lansstyrelse": "Lansstyrelsen i Stockholms lan",
    "geocoded_from": "kommun:Nacka"
   }
  },
  {
   "type": "Feature",
   "geometry": {
    "type": "Point",
    "coordinates": [
     17.795634153941975,
     59.28526032884789
    ]
   },
   "properties": {
    "diarienummer": "20227-2026",
    "status": "Handläggning",
    "indatum": "2026-04-24",
    "rubrik": "Beslut om tillsynsavgift för tillsyn av vattenverksamhet",
    "avsandare": "Enviri AB",
    "postort": "",
    "kommun": "Ekerö",
    "beslutsdatum": "",
    "case_id": "5475281",
    "lansstyrelse": "Lansstyrelsen i Stockholms lan",
    "geocoded_from": "kommun:Ekerö"
   }
  },
  {
   "type": "Feature",
   "geometry": {
    "type": "Point",
    "coordinates": [
     18.698503808927583,
     59.76445214090929
    ]
   },
   "properties": {
    "diarienummer": "4649-2026",
    "status": "Handläggning",
    "indatum": "2026-02-02",
    "rubrik": "Beslut om tillsynsavgift för tillsyn av vattenverksamhet",
    "avsandare": "Personuppgift",
    "postort": "Norrtälje",
    "kommun": "Norrtälje",
    "beslutsdatum": "",
    "case_id": "5385602",
    "lansstyrelse": "Lansstyrelsen i Stockholms lan",
    "geocoded_from": "kommun:Norrtälje"
   }
  },
  {
   "type": "Feature",
   "geometry": {
    "type": "Point",
    "coordinates": [
     17.111987573776027,
     58.66628713553961
    ]
   },
   "properties": {
    "diarienummer": "300-2026",
    "status": "Handläggning",
    "indatum": "2026-01-13",
    "rubrik": "Anmälan enligt 11 kap 9 a § Miljöbalken om vattenverksamhet, Vivesta viken, del av Östersjön, Oxelösunds kommun",
    "avsandare": "Personuppgift",
    "postort": "Älta",
    "kommun": "Oxelösund",
    "beslutsdatum": "",
    "case_id": "5364334",
    "lansstyrelse": "Lansstyrelsen i Sodermanlands lan",
    "geocoded_from": "kommun:Oxelösund"
   }
  },
  {
   "type": "Feature",
   "geometry": {
    "type": "Point",
    "coordinates": [
     17.547124831840872,
     58.88417868229892
    ]
   },
   "properties": {
    "diarienummer": "531-2026",
    "status": "Handläggning",
    "indatum": "2026-01-20",
    "rubrik": "Anmälan enligt 11 kap 9 a § Miljöbalken om vattenverksamhet, förläggning av ny sjökabel, Trosa kommun",
    "avsandare": "SEA, Sjö- Entreprenad & Anläggning AB",
    "postort": "Olofström",
    "kommun": "Trosa",
    "beslutsdatum": "",
    "case_id": "5372334",
    "lansstyrelse": "Lansstyrelsen i Sodermanlands lan",
    "geocoded_from": "kommun:Trosa"
   }
  },
  {
   "type": "Feature",
   "geometry": {
    "type": "Point",
    "coordinates": [
     16.201666887714495,
     59.00153593603204
    ]
   },
   "properties": {
    "diarienummer": "627-2026",
    "status": "Handläggning",
    "indatum": "2026-01-23",
    "rubrik": "Samråd inför tillståndsansökan för övrig vattenverksamhet i Katrineholms kommun",
    "avsandare": "Personuppgift",
    "postort": "Björkvik",
    "kommun": "Katrineholm",
    "beslutsdatum": "",
    "case_id": "5375167",
    "lansstyrelse": "Lansstyrelsen i Sodermanlands lan",
    "geocoded_from": "kommun:Katrineholm"
   }
  },
  {
   "type": "Feature",
   "geometry": {
    "type": "Point",
    "coordinates": [
     17.036125465322566,
     59.382041640224465
    ]
   },
   "properties": {
    "diarienummer": "767-2026",
    "status": "Handläggning",
    "indatum": "2026-01-29",
    "rubrik": "Anmälan enligt 11 kap 9 a § Miljöbalken om vattenverksamhet, Mälaren, Strängnäs kommun",
    "avsandare": "Personuppgift",
    "postort": "Stallarholmen",
    "kommun": "Strängnäs",
    "beslutsdatum": "",
    "case_id": "5381895",
    "lansstyrelse": "Lansstyrelsen i Sodermanlands lan",
    "geocoded_from": "kommun:Strängnäs"
   }
  },
  {
   "type": "Feature",
   "geometry": {
    "type": "Point",
    "coordinates": [
     17.5467029982009,
     58.882992531628034
    ]
   },
   "properties": {
    "diarienummer": "1127-2026",
    "status": "Handläggning",
    "indatum": "2026-02-10",
    "rubrik": "Anmälan enligt 11 kap 9 a § Miljöbalken om vattenverksamhet, muddring, Trosa kommun",
    "avsandare": "Personuppgift",
    "postort": "Trosa",
    "kommun": "Trosa",
    "beslutsdatum": "",
    "case_id": "5394897",
    "lansstyrelse": "Lansstyrelsen i Sodermanlands lan",
    "geocoded_from": "kommun:Trosa"
   }
  },
  {
   "type": "Feature",
   "geometry": {
    "type": "Point",
    "coordinates": [
     16.50709985386419,
     59.3680026561788
    ]
   },
   "properties": {
    "diarienummer": "1968-2026",
    "status": "Handläggning",
    "indatum": "2026-03-05",
    "rubrik": "Anmälan enligt 11 kap 9 a § Miljöbalken om vattenverksamhet, anläggande av temporär fångdamm vid Holmendammen, Eskilstuna kommun",
    "avsandare": "Småkraft AB",
    "postort": "Gävle",
    "kommun": "Eskilstuna",
    "beslutsdatum": "",
    "case_id": "5426257",
    "lansstyrelse": "Lansstyrelsen i Sodermanlands lan",
    "geocoded_from": "kommun:Eskilstuna"
   }
  },
  {
   "type": "Feature",
   "geometry": {
    "type": "Point",
    "coordinates": [
     15.864436648767185,
     59.030774549781334
    ]
   },
   "properties": {
    "diarienummer": "2073-2026",
    "status": "Handläggning",
    "indatum": "2026-03-14",
    "rubrik": "Anmälan enligt 11 kap 9 a § Miljöbalken om vattenverksamhet, grävning och byte av trumma i Målkaån, Vingåkers kommun",
    "avsandare": "Målka Haga vägsamfällighet",
    "postort": "Katrineholm",
    "kommun": "Vingåker",
    "beslutsdatum": "",
    "case_id": "5429660",
    "lansstyrelse": "Lansstyrelsen i Sodermanlands lan",
    "geocoded_from": "kommun:Vingåker"
   }
  },
  {
   "type": "Feature",
   "geometry": {
    "type": "Point",
    "coordinates": [
     16.19706162122825,
     58.99809876543098
    ]
   },
   "properties": {
    "diarienummer": "2249-2026",
    "status": "Handläggning",
    "indatum": "2026-03-20",
    "rubrik": "Anmälan enligt 11 kap 9 a § Miljöbalken om vattenverksamhet, grävning, schaktning,             muddring eller sprängning, Klubbetorp Klubbviken Yngaren Björkvik, Katrineholms kommun",
    "avsandare": "Klubbetorpsområdets sommarvattenförening",
    "postort": "Björkvik",
    "kommun": "Katrineholm",
    "beslutsdatum": "",
    "case_id": "5437052",
    "lansstyrelse": "Lansstyrelsen i Sodermanlands lan",
    "geocoded_from": "kommun:Katrineholm"
   }
  },
  {
   "type": "Feature",
   "geometry": {
    "type": "Point",
    "coordinates": [
     17.003682736394527,
     58.75285814733559
    ]
   },
   "properties": {
    "diarienummer": "2588-2026",
    "status": "Handläggning",
    "indatum": "2026-04-01",
    "rubrik": "Anmälan enligt 11 kap 9 a § Miljöbalken om vattenverksamhet, Hallbosjön, Nyköpings kommun",
    "avsandare": "Personuppgift",
    "postort": "VRENA",
    "kommun": "Nyköping",
    "beslutsdatum": "",
    "case_id": "5451301",
    "lansstyrelse": "Lansstyrelsen i Sodermanlands lan",
    "geocoded_from": "kommun:Nyköping"
   }
  },
  {
   "type": "Feature",
   "geometry": {
    "type": "Point",
    "coordinates": [
     17.54511268876558,
     58.88462121455547
    ]
   },
   "properties": {
    "diarienummer": "1246-2026",
    "status": "Handläggning",
    "indatum": "2026-02-13",
    "rubrik": "Anmälan enligt 11 kap 9 a § Miljöbalken om vattenverksamhet, Trosa Kommun Yttervik, Trosa kommun",
    "avsandare": "Personuppgift",
    "postort": "Solna",
    "kommun": "Trosa",
    "beslutsdatum": "",
    "case_id": "5398741",
    "lansstyrelse": "Lansstyrelsen i Sodermanlands lan",
    "geocoded_from": "kommun:Trosa"
   }
  },
  {
   "type": "Feature",
   "geometry": {
    "type": "Point",
    "coordinates": [
     16.20128098034759,
     59.00216586920702
    ]
   },
   "properties": {
    "diarienummer": "1247-2026",
    "status": "Handläggning",
    "indatum": "2026-02-13",
    "rubrik": "Anmälan enligt 11 kap 9 a § Miljöbalken om vattenverksamhet, Hjälmaren, Katrineholms kommun",
    "avsandare": "Personuppgift",
    "postort": "Julita",
    "kommun": "Katrineholm",
    "beslutsdatum": "",
    "case_id": "5398762",
    "lansstyrelse": "Lansstyrelsen i Sodermanlands lan",
    "geocoded_from": "kommun:Katrineholm"
   }
  },
  {
   "type": "Feature",
   "geometry": {
    "type": "Point",
    "coordinates": [
     17.297038075516245,
     59.048038222892
    ]
   },
   "properties": {
    "diarienummer": "1815-2026",
    "status": "Handläggning",
    "indatum": "2026-03-05",
    "rubrik": "Anmälan enligt 11 kap 9 a § Miljöbalken om vattenverksamhet, Klämmingen, Gnesta kommun",
    "avsandare": "Personuppgift",
    "postort": "Gnesta",
    "kommun": "Gnesta",
    "beslutsdatum": "",
    "case_id": "5419872",
    "lansstyrelse": "Lansstyrelsen i Sodermanlands lan",
    "geocoded_from": "kommun:Gnesta"
   }
  },
  {
   "type": "Feature",
   "geometry": {
    "type": "Point",
    "coordinates": [
     17.548226772908,
     58.88511397420986
    ]
   },
   "properties": {
    "diarienummer": "2196-2026",
    "status": "Handläggning",
    "indatum": "2026-03-18",
    "rubrik": "Anmälan enligt 11 kap 9 a § Miljöbalken om vattenverksamhet, grävning, schaktning, muddring eller sprängning, Östersjön-kustvatten Trosa skärgård, Trosa kommun",
    "avsandare": "Personuppgift",
    "postort": "Nykvarn",
    "kommun": "Trosa",
    "beslutsdatum": "",
    "case_id": "5434202",
    "lansstyrelse": "Lansstyrelsen i Sodermanlands lan",
    "geocoded_from": "kommun:Trosa"
   }
  },
  {
   "type": "Feature",
   "geometry": {
    "type": "Point",
    "coordinates": [
     17.115232983364297,
     58.66471619864939
    ]
   },
   "properties": {
    "diarienummer": "2228-2026",
    "status": "Handläggning",
    "indatum": "2026-03-16",
    "rubrik": "Överklagande av Länsstyrelsens beslut 8264-2025, 2026-03-04 om vattenverksamhet, Oxelösunds kommun",
    "avsandare": "Kruthusvikens VA-förening",
    "postort": "",
    "kommun": "Oxelösund",
    "beslutsdatum": "",
    "case_id": "5436110",
    "lansstyrelse": "Lansstyrelsen i Sodermanlands lan",
    "geocoded_from": "kommun:Oxelösund"
   }
  },
  {
   "type": "Feature",
   "geometry": {
    "type": "Point",
    "coordinates": [
     17.008515550131044,
     58.74999991007644
    ]
   },
   "properties": {
    "diarienummer": "2472-2026",
    "status": "Handläggning",
    "indatum": "2026-03-26",
    "rubrik": "Anmälan enligt 11 kap 9 a § Miljöbalken om vattenverksamhet, renovering/utbyte av befintliga stenkistor,  Nyköpings kommun",
    "avsandare": "Personuppgift",
    "postort": "Stockholm",
    "kommun": "Nyköping",
    "beslutsdatum": "",
    "case_id": "5446635",
    "lansstyrelse": "Lansstyrelsen i Sodermanlands lan",
    "geocoded_from": "kommun:Nyköping"
   }
  },
  {
   "type": "Feature",
   "geometry": {
    "type": "Point",
    "coordinates": [
     17.011182597793546,
     58.751542510752785
    ]
   },
   "properties": {
    "diarienummer": "2806-2026",
    "status": "Handläggning",
    "indatum": "2026-04-10",
    "rubrik": "Anmälan enligt 11 kap 9 a § Miljöbalken om vattenverksamhet, underhåll av järnvägsbro, Vrenaån, Nyköpings kommun",
    "avsandare": "Trafikverket",
    "postort": "Västerås",
    "kommun": "Nyköping",
    "beslutsdatum": "",
    "case_id": "5459723",
    "lansstyrelse": "Lansstyrelsen i Sodermanlands lan",
    "geocoded_from": "kommun:Nyköping"
   }
  },
  {
   "type": "Feature",
   "geometry": {
    "type": "Point",
    "coordinates": [
     17.037144165372872,
     59.38451415721941
    ]
   },
   "properties": {
    "diarienummer": "2836-2026",
    "status": "Handläggning",
    "indatum": "2026-04-13",
    "rubrik": "Anmälan enligt 11 kap 9 a § Miljöbalken om vattenverksamhet, grävning, schaktning, muddring eller sprängning,  Mälaren, Strängnäs kommun",
    "avsandare": "Personuppgift",
    "postort": "Nykvarn",
    "kommun": "Strängnäs",
    "beslutsdatum": "",
    "case_id": "5461359",
    "lansstyrelse": "Lansstyrelsen i Sodermanlands lan",
    "geocoded_from": "kommun:Strängnäs"
   }
  },
  {
   "type": "Feature",
   "geometry": {
    "type": "Point",
    "coordinates": [
     16.585221128350568,
     59.05199209255172
    ]
   },
   "properties": {
    "diarienummer": "2837-2026",
    "status": "Handläggning",
    "indatum": "2026-04-13",
    "rubrik": "Begäran om tillsyn av vattenverksamhet, dämning, Flens kommun",
    "avsandare": "Personuppgift",
    "postort": "Flen",
    "kommun": "Flen",
    "beslutsdatum": "",
    "case_id": "5461374",
    "lansstyrelse": "Lansstyrelsen i Sodermanlands lan",
    "geocoded_from": "kommun:Flen"
   }
  },
  {
   "type": "Feature",
   "geometry": {
    "type": "Point",
    "coordinates": [
     16.187429708792024,
     58.599569550073426
    ]
   },
   "properties": {
    "diarienummer": "3368-2026",
    "status": "Handläggning",
    "indatum": "2026-05-04",
    "rubrik": "Anmälan enligt 11 kap 9 a § Miljöbalken om vattenverksamhet, utrivning av mätdamm, Acksjön",
    "avsandare": "SMHI",
    "postort": "Norrköping",
    "kommun": "",
    "beslutsdatum": "",
    "case_id": "5482923",
    "lansstyrelse": "Lansstyrelsen i Sodermanlands lan",
    "geocoded_from": "postort:Norrköping"
   }
  },
  {
   "type": "Feature",
   "geometry": {
    "type": "Point",
    "coordinates": [
     16.509433013095748,
     59.366839839525575
    ]
   },
   "properties": {
    "diarienummer": "3231-2026",
    "status": "Handläggning",
    "indatum": "2026-04-27",
    "rubrik": "Anmälan enligt 11 kap 9 a § Miljöbalken om vattenverksamhet, Mälaren, Eskilstuna kommun",
    "avsandare": "Personuppgift",
    "postort": "Torshälla",
    "kommun": "Eskilstuna",
    "beslutsdatum": "",
    "case_id": "5477036",
    "lansstyrelse": "Lansstyrelsen i Sodermanlands lan",
    "geocoded_from": "kommun:Eskilstuna"
   }
  },
  {
   "type": "Feature",
   "geometry": {
    "type": "Point",
    "coordinates": [
     16.19997761493502,
     58.99896156841112
    ]
   },
   "properties": {
    "diarienummer": "3410-2026",
    "status": "Handläggning",
    "indatum": "2026-04-27",
    "rubrik": "Anmälan enligt 11 kap 9 a § Miljöbalken om vattenverksamhet, renovering av mätstation, Värnaån, Katrineholms kommun",
    "avsandare": "SMHI",
    "postort": "Norrköping",
    "kommun": "Katrineholm",
    "beslutsdatum": "",
    "case_id": "5484522",
    "lansstyrelse": "Lansstyrelsen i Sodermanlands lan",
    "geocoded_from": "kommun:Katrineholm"
   }
  },
  {
   "type": "Feature",
   "geometry": {
    "type": "Point",
    "coordinates": [
     16.588092672619325,
     59.04922145968286
    ]
   },
   "properties": {
    "diarienummer": "3415-2026",
    "status": "Handläggning",
    "indatum": "2026-05-05",
    "rubrik": "Anmälan enligt 11 kap 9 a § Miljöbalken om vattenverksamhet, nedläggning av vattenledning, Mellösasjön, Flenskommun",
    "avsandare": "Flen Vatten och Avfall AB",
    "postort": "Katrineholm",
    "kommun": "Flen",
    "beslutsdatum": "",
    "case_id": "5484742",
    "lansstyrelse": "Lansstyrelsen i Sodermanlands lan",
    "geocoded_from": "kommun:Flen"
   }
  },
  {
   "type": "Feature",
   "geometry": {
    "type": "Point",
    "coordinates": [
     17.553931160851214,
     58.88275954526728
    ]
   },
   "properties": {
    "diarienummer": "3416-2026",
    "status": "Handläggning",
    "indatum": "2026-05-05",
    "rubrik": "Anmälan enligt 11 kap 9 a § Miljöbalken om vattenverksamhet, Käftudden, renovering av stenkista, Trosa kommun",
    "avsandare": "Hard Mix Fastighets AB",
    "postort": "Trosa",
    "kommun": "Trosa",
    "beslutsdatum": "",
    "case_id": "5484752",
    "lansstyrelse": "Lansstyrelsen i Sodermanlands lan",
    "geocoded_from": "kommun:Trosa"
   }
  },
  {
   "type": "Feature",
   "geometry": {
    "type": "Point",
    "coordinates": [
     17.037191496925498,
     59.38590463826554
    ]
   },
   "properties": {
    "diarienummer": "3510-2026",
    "status": "Handläggning",
    "indatum": "2026-05-10",
    "rubrik": "Anmälan enligt 11 kap 9 a § Miljöbalken om vattenverksamhet, Mälaren, Strängnäs kommun",
    "avsandare": "Personuppgift",
    "postort": "Strängnäs",
    "kommun": "Strängnäs",
    "beslutsdatum": "",
    "case_id": "5489967",
    "lansstyrelse": "Lansstyrelsen i Sodermanlands lan",
    "geocoded_from": "kommun:Strängnäs"
   }
  },
  {
   "type": "Feature",
   "geometry": {
    "type": "Point",
    "coordinates": [
     17.549127697773876,
     58.88256121659514
    ]
   },
   "properties": {
    "diarienummer": "3715-2026",
    "status": "Handläggning",
    "indatum": "2026-05-15",
    "rubrik": "Begäran om yttrande över överklagan om vattenverksamhet, anläggande av brygga, Trosa kommun, M 1521-26, svar senast 2026-05-29",
    "avsandare": "Nacka tingsrätt, Mark- och miljödomstolen",
    "postort": "",
    "kommun": "Trosa",
    "beslutsdatum": "",
    "case_id": "5498366",
    "lansstyrelse": "Lansstyrelsen i Sodermanlands lan",
    "geocoded_from": "kommun:Trosa"
   }
  },
  {
   "type": "Feature",
   "geometry": {
    "type": "Point",
    "coordinates": [
     16.201465894359757,
     58.99850796963433
    ]
   },
   "properties": {
    "diarienummer": "3764-2026",
    "status": "Handläggning",
    "indatum": "2026-05-12",
    "rubrik": "Förslag till kontrollprogram och kvartalsrapport för vattenverksamhet, förbigångsspår Järna - Katrineholm",
    "avsandare": "Trafikverket",
    "postort": "",
    "kommun": "Katrineholm",
    "beslutsdatum": "",
    "case_id": "5500771",
    "lansstyrelse": "Lansstyrelsen i Sodermanlands lan",
    "geocoded_from": "kommun:Katrineholm"
   }
  },
  {
   "type": "Feature",
   "geometry": {
    "type": "Point",
    "coordinates": [
     17.035794507856483,
     59.3819805934179
    ]
   },
   "properties": {
    "diarienummer": "3787-2026",
    "status": "Handläggning",
    "indatum": "2026-05-21",
    "rubrik": "Anmälan enligt 11 kap 9 a § Miljöbalken om vattenverksamhet för nedläggning av ledning, rör, kabel, Mälaren, Strängnäs kommun",
    "avsandare": "SEVAB Strängnäs Energi AB",
    "postort": "Eskilstuna",
    "kommun": "Strängnäs",
    "beslutsdatum": "",
    "case_id": "5502391",
    "lansstyrelse": "Lansstyrelsen i Sodermanlands lan",
    "geocoded_from": "kommun:Strängnäs"
   }
  },
  {
   "type": "Feature",
   "geometry": {
    "type": "Point",
    "coordinates": [
     17.553943432596277,
     58.88226379932557
    ]
   },
   "properties": {
    "diarienummer": "3586-2026",
    "status": "Handläggning",
    "indatum": "2026-05-12",
    "rubrik": "Anmälan enligt 11 kap 9 a § Miljöbalken om vattenverksamhet, underhållsmuddring, Östersjön, Trosa kommun",
    "avsandare": "Personuppgift",
    "postort": "Trosa",
    "kommun": "Trosa",
    "beslutsdatum": "",
    "case_id": "5493651",
    "lansstyrelse": "Lansstyrelsen i Sodermanlands lan",
    "geocoded_from": "kommun:Trosa"
   }
  },
  {
   "type": "Feature",
   "geometry": {
    "type": "Point",
    "coordinates": [
     17.641463047074396,
     59.85846127889994
    ]
   },
   "properties": {
    "diarienummer": "971-2026",
    "status": "Handläggning",
    "indatum": "2026-02-08",
    "rubrik": "Samråd inför tillståndsansökan för Återvinning, bergtäkt och deponi och vattenverksamhet vid Nya Vedyxatippen i Uppsala kommun",
    "avsandare": "Personuppgift",
    "postort": "UPPSALA",
    "kommun": "Uppsala",
    "beslutsdatum": "",
    "case_id": "5392107",
    "lansstyrelse": "Lansstyrelsen i Uppsalas lan",
    "geocoded_from": "kommun:Uppsala"
   }
  },
  {
   "type": "Feature",
   "geometry": {
    "type": "Point",
    "coordinates": [
     17.63451755516487,
     59.858247140571336
    ]
   },
   "properties": {
    "diarienummer": "1114-2026",
    "status": "Handläggning",
    "indatum": "2026-01-19",
    "rubrik": "Begäran om samråd om kontrollprogram för vattenverksamheten i samband med pålningsarbeten inom vattenområdet vid uppförandet av gång- och cykelbro, Uppsala kommun",
    "avsandare": "Uppsala kommun",
    "postort": "",
    "kommun": "Uppsala",
    "beslutsdatum": "",
    "case_id": "5396922",
    "lansstyrelse": "Lansstyrelsen i Uppsalas lan",
    "kommun_kalla": "rubrik",
    "geocoded_from": "kommun:Uppsala"
   }
  },
  {
   "type": "Feature",
   "geometry": {
    "type": "Point",
    "coordinates": [
     17.642677510964994,
     59.85560504915213
    ]
   },
   "properties": {
    "diarienummer": "1794-2026",
    "status": "Handläggning",
    "indatum": "2026-03-03",
    "rubrik": "Tillsyn av vattenverksamhet, Ulva Kvarn, Uppsala kommun",
    "avsandare": "Uppsala kommun arenor och fastigheter AB",
    "postort": "",
    "kommun": "Uppsala",
    "beslutsdatum": "",
    "case_id": "5418424",
    "lansstyrelse": "Lansstyrelsen i Uppsalas lan",
    "kommun_kalla": "rubrik",
    "geocoded_from": "kommun:Uppsala"
   }
  },
  {
   "type": "Feature",
   "geometry": {
    "type": "Point",
    "coordinates": [
     17.641060532330137,
     59.858583951636135
    ]
   },
   "properties": {
    "diarienummer": "1902-2026",
    "status": "Handläggning",
    "indatum": "2026-03-05",
    "rubrik": "Begäran om yttrande om tillstånd till vattenverksamhet för bortledande av grundvatten och uppförande av anläggning i vattenområde m.m. vid Fyrisån, Uppsala kommun, M 15991-25, svar senast 2026-03-19",
    "avsandare": "Personuppgift",
    "postort": "",
    "kommun": "Uppsala",
    "beslutsdatum": "",
    "case_id": "5421752",
    "lansstyrelse": "Lansstyrelsen i Uppsalas lan",
    "kommun_kalla": "rubrik",
    "geocoded_from": "kommun:Uppsala"
   }
  },
  {
   "type": "Feature",
   "geometry": {
    "type": "Point",
    "coordinates": [
     17.517022343184145,
     60.34394429879223
    ]
   },
   "properties": {
    "diarienummer": "2102-2026",
    "status": "Handläggning",
    "indatum": "2026-03-13",
    "rubrik": "Anmälan enligt 11 kap 9 a § Miljöbalken om vattenverksamhet, Siggebobäcken, Tierp kommun",
    "avsandare": "Personuppgift",
    "postort": "Tierp",
    "kommun": "Tierp",
    "beslutsdatum": "",
    "case_id": "5429088",
    "lansstyrelse": "Lansstyrelsen i Uppsalas lan",
    "geocoded_from": "kommun:Tierp"
   }
  },
  {
   "type": "Feature",
   "geometry": {
    "type": "Point",
    "coordinates": [
     17.643548776791704,
     59.85711139402711
    ]
   },
   "properties": {
    "diarienummer": "2388-2026",
    "status": "Handläggning",
    "indatum": "2026-03-23",
    "rubrik": "Anmälan enligt 11 kap 9 a § Miljöbalken om vattenverksamhet, Se Bilaga Uppgifter om verksamhet och miljöpåverkan., Uppsala kommun",
    "avsandare": "Personuppgift",
    "postort": "Sundbyberg",
    "kommun": "Uppsala",
    "beslutsdatum": "",
    "case_id": "5438380",
    "lansstyrelse": "Lansstyrelsen i Uppsalas lan",
    "geocoded_from": "kommun:Uppsala"
   }
  },
  {
   "type": "Feature",
   "geometry": {
    "type": "Point",
    "coordinates": [
     17.781081038257117,
     59.71703912795617
    ]
   },
   "properties": {
    "diarienummer": "2446-2026",
    "status": "Handläggning",
    "indatum": "2026-03-24",
    "rubrik": "Anmälan enligt 11 kap 9 a § Miljöbalken om vattenverksamhet, Vattendrag i jordbruksmark, Knivsta kommun",
    "avsandare": "Personuppgift",
    "postort": "Sundbyberg",
    "kommun": "Knivsta",
    "beslutsdatum": "",
    "case_id": "5440459",
    "lansstyrelse": "Lansstyrelsen i Uppsalas lan",
    "geocoded_from": "kommun:Knivsta"
   }
  },
  {
   "type": "Feature",
   "geometry": {
    "type": "Point",
    "coordinates": [
     17.519821484084364,
     60.343070318768774
    ]
   },
   "properties": {
    "diarienummer": "2452-2026",
    "status": "Handläggning",
    "indatum": "2026-03-24",
    "rubrik": "Anmälan enligt 11 kap 9 a § Miljöbalken om vattenverksamhet, Vattenverksamheten är belägen inom huvudavrinningsområde 52 Tämnarån,, Tierp kommun",
    "avsandare": "Personuppgift",
    "postort": "Sundbyberg",
    "kommun": "Tierp",
    "beslutsdatum": "",
    "case_id": "5440708",
    "lansstyrelse": "Lansstyrelsen i Uppsalas lan",
    "geocoded_from": "kommun:Tierp"
   }
  },
  {
   "type": "Feature",
   "geometry": {
    "type": "Point",
    "coordinates": [
     18.362889117047594,
     60.26824020169175
    ]
   },
   "properties": {
    "diarienummer": "2690-2026",
    "status": "Handläggning",
    "indatum": "2026-03-31",
    "rubrik": "Anmälan enligt 11 kap 9 a § Miljöbalken om vattenverksamhet, Okänt, Östhammar kommun",
    "avsandare": "Personuppgift",
    "postort": "Umeå",
    "kommun": "Östhammar",
    "beslutsdatum": "",
    "case_id": "5449598",
    "lansstyrelse": "Lansstyrelsen i Uppsalas lan",
    "geocoded_from": "kommun:Östhammar"
   }
  },
  {
   "type": "Feature",
   "geometry": {
    "type": "Point",
    "coordinates": [
     17.637726679068678,
     59.855992618341006
    ]
   },
   "properties": {
    "diarienummer": "2860-2026",
    "status": "Handläggning",
    "indatum": "2026-04-08",
    "rubrik": "Anmälan enligt 11 kap 9 a § Miljöbalken om vattenverksamhet, Sunnanöviken, Östhammar kommun",
    "avsandare": "Personuppgift",
    "postort": "Uppsala",
    "kommun": "",
    "beslutsdatum": "",
    "case_id": "5456643",
    "lansstyrelse": "Lansstyrelsen i Uppsalas lan",
    "geocoded_from": "postort:Uppsala"
   }
  },
  {
   "type": "Feature",
   "geometry": {
    "type": "Point",
    "coordinates": [
     18.364441419261958,
     60.26445722144767
    ]
   },
   "properties": {
    "diarienummer": "3169-2026",
    "status": "Handläggning",
    "indatum": "2026-04-20",
    "rubrik": "Anmälan enligt 11 kap 9 a § Miljöbalken om vattenverksamhet, Öppet vatten som en del av Hunsaren plus ett på senare decennier uppkommet vassbälte., Östhammar kommun",
    "avsandare": "Personuppgift",
    "postort": "Östhammar",
    "kommun": "Östhammar",
    "beslutsdatum": "",
    "case_id": "5468987",
    "lansstyrelse": "Lansstyrelsen i Uppsalas lan",
    "geocoded_from": "kommun:Östhammar"
   }
  },
  {
   "type": "Feature",
   "geometry": {
    "type": "Point",
    "coordinates": [
     17.781518583371035,
     59.71963548639441
    ]
   },
   "properties": {
    "diarienummer": "3534-2026",
    "status": "Handläggning",
    "indatum": "2026-05-04",
    "rubrik": "Anmälan enligt 11 kap 9 a § Miljöbalken om vattenverksamhet, två diken, Knivsta kommun",
    "avsandare": "Personuppgift",
    "postort": "Solna",
    "kommun": "Knivsta",
    "beslutsdatum": "",
    "case_id": "5482340",
    "lansstyrelse": "Lansstyrelsen i Uppsalas lan",
    "geocoded_from": "kommun:Knivsta"
   }
  },
  {
   "type": "Feature",
   "geometry": {
    "type": "Point",
    "coordinates": [
     18.366277937905483,
     60.26614276116882
    ]
   },
   "properties": {
    "diarienummer": "411-2026",
    "status": "Handläggning",
    "indatum": "2026-01-20",
    "rubrik": "Anmälan enligt 11 kap 9 a § Miljöbalken om vattenverksamhet, Östersjö, Östhammar kommun",
    "avsandare": "Personuppgift",
    "postort": "Stockholm",
    "kommun": "Östhammar",
    "beslutsdatum": "",
    "case_id": "5371385",
    "lansstyrelse": "Lansstyrelsen i Uppsalas lan",
    "geocoded_from": "kommun:Östhammar"
   }
  },
  {
   "type": "Feature",
   "geometry": {
    "type": "Point",
    "coordinates": [
     17.516892046116247,
     60.34146417596241
    ]
   },
   "properties": {
    "diarienummer": "1370-2026",
    "status": "Handläggning",
    "indatum": "2026-02-16",
    "rubrik": "Anmälan enligt 11 kap 9 a § Miljöbalken om vattenverksamhet grävning, schaktning, muddring eller sprängning, Gudinge, Tierp kommun",
    "avsandare": "Personuppgift",
    "postort": "",
    "kommun": "Tierp",
    "beslutsdatum": "",
    "case_id": "5402692",
    "lansstyrelse": "Lansstyrelsen i Uppsalas lan",
    "kommun_kalla": "rubrik",
    "geocoded_from": "kommun:Tierp"
   }
  },
  {
   "type": "Feature",
   "geometry": {
    "type": "Point",
    "coordinates": [
     17.78467289996708,
     59.717050070218264
    ]
   },
   "properties": {
    "diarienummer": "2163-2026",
    "status": "Handläggning",
    "indatum": "2026-03-16",
    "rubrik": "Anmälan enligt 11 kap 9 a § Miljöbalken om vattenverksamhet, Alasjön, Knivsta kommun",
    "avsandare": "Personuppgift",
    "postort": "Uppsala",
    "kommun": "Knivsta",
    "beslutsdatum": "",
    "case_id": "5431247",
    "lansstyrelse": "Lansstyrelsen i Uppsalas lan",
    "geocoded_from": "kommun:Knivsta"
   }
  },
  {
   "type": "Feature",
   "geometry": {
    "type": "Point",
    "coordinates": [
     17.6388208884514,
     59.86132867361784
    ]
   },
   "properties": {
    "diarienummer": "2231-2026",
    "status": "Handläggning",
    "indatum": "2026-03-18",
    "rubrik": "Anmälan enligt 11 kap 9 a § Miljöbalken om vattenverksamhet, Oraån, Uppsala kommun",
    "avsandare": "Personuppgift",
    "postort": "Malung",
    "kommun": "Uppsala",
    "beslutsdatum": "",
    "case_id": "5433305",
    "lansstyrelse": "Lansstyrelsen i Uppsalas lan",
    "geocoded_from": "kommun:Uppsala"
   }
  },
  {
   "type": "Feature",
   "geometry": {
    "type": "Point",
    "coordinates": [
     17.78761797762463,
     59.71501511396296
    ]
   },
   "properties": {
    "diarienummer": "2427-2026",
    "status": "Handläggning",
    "indatum": "2026-03-24",
    "rubrik": "Anmälan enligt 11 kap 9 a § Miljöbalken om vattenverksamhet, Se Bilaga Uppgifter om verksamhet och miljöpåverkan., Tierp kommun",
    "avsandare": "Personuppgift",
    "postort": "Sundbyberg",
    "kommun": "Knivsta",
    "beslutsdatum": "",
    "case_id": "5439761",
    "lansstyrelse": "Lansstyrelsen i Uppsalas lan",
    "geocoded_from": "kommun:Knivsta"
   }
  },
  {
   "type": "Feature",
   "geometry": {
    "type": "Point",
    "coordinates": [
     17.784269160565845,
     59.71492462527992
    ]
   },
   "properties": {
    "diarienummer": "2499-2026",
    "status": "Handläggning",
    "indatum": "2026-03-25",
    "rubrik": "Anmälan enligt 11 kap 9 a § Miljöbalken om vattenverksamhet, dike, Knivsta kommun",
    "avsandare": "Personuppgift",
    "postort": "Solna",
    "kommun": "Knivsta",
    "beslutsdatum": "",
    "case_id": "5442114",
    "lansstyrelse": "Lansstyrelsen i Uppsalas lan",
    "geocoded_from": "kommun:Knivsta"
   }
  },
  {
   "type": "Feature",
   "geometry": {
    "type": "Point",
    "coordinates": [
     18.364538421449478,
     60.2681278600689
    ]
   },
   "properties": {
    "diarienummer": "3763-2026",
    "status": "Handläggning",
    "indatum": "2026-05-11",
    "rubrik": "Anmälan enligt 11 kap 9 a § Miljöbalken om vattenverksamhet, Galtfjärden, Östhammar kommun",
    "avsandare": "Personuppgift",
    "postort": "Trollhättan",
    "kommun": "Östhammar",
    "beslutsdatum": "",
    "case_id": "5490943",
    "lansstyrelse": "Lansstyrelsen i Uppsalas lan",
    "geocoded_from": "kommun:Östhammar"
   }
  },
  {
   "type": "Feature",
   "geometry": {
    "type": "Point",
    "coordinates": [
     17.639489532488515,
     59.8603671438334
    ]
   },
   "properties": {
    "diarienummer": "3847-2026",
    "status": "Handläggning",
    "indatum": "2026-05-13",
    "rubrik": "Anmälan enligt 11 kap 9 a § Miljöbalken om vattenverksamhet, Dike, Uppsala kommun",
    "avsandare": "Personuppgift",
    "postort": "Uppsala",
    "kommun": "Uppsala",
    "beslutsdatum": "",
    "case_id": "5494472",
    "lansstyrelse": "Lansstyrelsen i Uppsalas lan",
    "geocoded_from": "kommun:Uppsala"
   }
  },
  {
   "type": "Feature",
   "geometry": {
    "type": "Point",
    "coordinates": [
     12.28629133236991,
     59.88603739549001
    ]
   },
   "properties": {
    "diarienummer": "1095-2026",
    "status": "Handläggning",
    "indatum": "2026-02-02",
    "rubrik": "Ansökan om tillstånd till vattenverksamhet avseende biotopvårdsåtgärder i Billan, Eda kommun",
    "avsandare": "Vänersborgs tingsrätt, Mark- och miljödomstolen",
    "postort": "",
    "kommun": "Eda",
    "beslutsdatum": "",
    "case_id": "5384558",
    "lansstyrelse": "Lansstyrelsen i Varmlands lan",
    "kommun_kalla": "rubrik",
    "geocoded_from": "kommun:Eda"
   }
  },
  {
   "type": "Feature",
   "geometry": {
    "type": "Point",
    "coordinates": [
     13.68213522697147,
     60.03243729251455
    ]
   },
   "properties": {
    "diarienummer": "1944-2026",
    "status": "Handläggning",
    "indatum": "2026-02-19",
    "rubrik": "Anmälan enligt 11 kap 9 a § Miljöbalken om vattenverksamhet, Framsjön, Hagfors kommun",
    "avsandare": "Personuppgift",
    "postort": "Karlstad",
    "kommun": "Hagfors",
    "beslutsdatum": "",
    "case_id": "5405416",
    "lansstyrelse": "Lansstyrelsen i Varmlands lan",
    "geocoded_from": "kommun:Hagfors"
   }
  },
  {
   "type": "Feature",
   "geometry": {
    "type": "Point",
    "coordinates": [
     14.121624921900981,
     59.29957271948801
    ]
   },
   "properties": {
    "diarienummer": "2948-2026",
    "status": "Handläggning",
    "indatum": "2026-03-12",
    "rubrik": "Anmälan enligt 11 kap 9 a § Miljöbalken om vattenverksamhet, Ölmeviken i Vänern, Kristinehamn kommun, Västra Sunnäs",
    "avsandare": "Personuppgift",
    "postort": "Kristinehamn",
    "kommun": "Kristinehamn",
    "beslutsdatum": "",
    "case_id": "5427471",
    "lansstyrelse": "Lansstyrelsen i Varmlands lan",
    "geocoded_from": "kommun:Kristinehamn"
   }
  },
  {
   "type": "Feature",
   "geometry": {
    "type": "Point",
    "coordinates": [
     13.498467000995348,
     59.38523309981067
    ]
   },
   "properties": {
    "diarienummer": "3945-2026",
    "status": "Handläggning",
    "indatum": "2026-04-07",
    "rubrik": "Anmälan enligt 11 kap 9 a § Miljöbalken om vattenverksamhet för installation av temporär flytande mekaniskt system nedströms av Edsvalla kraftstation, Karlstads kommun",
    "avsandare": "Personuppgift",
    "postort": "",
    "kommun": "Karlstad",
    "beslutsdatum": "",
    "case_id": "5456762",
    "lansstyrelse": "Lansstyrelsen i Varmlands lan",
    "geocoded_from": "kommun:Karlstad"
   }
  },
  {
   "type": "Feature",
   "geometry": {
    "type": "Point",
    "coordinates": [
     13.504545998395383,
     59.38330064511987
    ]
   },
   "properties": {
    "diarienummer": "4137-2026",
    "status": "Handläggning",
    "indatum": "2026-04-13",
    "rubrik": "Anmälan enligt 11 kap 9 a § Miljöbalken om vattenverksamhet, Inre hamnen, VIKEN 2:1, Karlstad kommun",
    "avsandare": "Personuppgift",
    "postort": "Karlstad",
    "kommun": "Karlstad",
    "beslutsdatum": "",
    "case_id": "5461849",
    "lansstyrelse": "Lansstyrelsen i Varmlands lan",
    "geocoded_from": "kommun:Karlstad"
   }
  },
  {
   "type": "Feature",
   "geometry": {
    "type": "Point",
    "coordinates": [
     13.315281216445719,
     59.50229461715946
    ]
   },
   "properties": {
    "diarienummer": "4277-2026",
    "status": "Handläggning",
    "indatum": "2026-04-17",
    "rubrik": "Anmälan enligt 11 kap 9 a § Miljöbalken om vattenverksamhet, reperationsåtgärder på kaj Kil kommun",
    "avsandare": "Personuppgift",
    "postort": "Kil",
    "kommun": "Kil",
    "beslutsdatum": "",
    "case_id": "5467628",
    "lansstyrelse": "Lansstyrelsen i Varmlands lan",
    "geocoded_from": "kommun:Kil"
   }
  },
  {
   "type": "Feature",
   "geometry": {
    "type": "Point",
    "coordinates": [
     12.583450993165396,
     59.64994268377692
    ]
   },
   "properties": {
    "diarienummer": "4400-2026",
    "status": "Handläggning",
    "indatum": "2026-04-21",
    "rubrik": "Anmälan enligt 11 kap 9 a § Miljöbalken om vattenverksamhet avseende reparation av bro över Finnebäcksbäcken, Arvika kommun",
    "avsandare": "Trafikverket",
    "postort": "Karlstad",
    "kommun": "Arvika",
    "beslutsdatum": "",
    "case_id": "5471871",
    "lansstyrelse": "Lansstyrelsen i Varmlands lan",
    "geocoded_from": "kommun:Arvika"
   }
  },
  {
   "type": "Feature",
   "geometry": {
    "type": "Point",
    "coordinates": [
     12.132650550258615,
     59.38504467834454
    ]
   },
   "properties": {
    "diarienummer": "4426-2026",
    "status": "Handläggning",
    "indatum": "2026-04-23",
    "rubrik": "Anmälan enligt 11 kap 9 a § Miljöbalken om vattenverksamhet, ersätta luftledning med ny markkabel i Kroksjön/Pikstadsån, Årjäng kommun, Kroken, Pikstad och Hög",
    "avsandare": "Ellevio AB",
    "postort": "Arvika",
    "kommun": "Årjäng",
    "beslutsdatum": "",
    "case_id": "5472585",
    "lansstyrelse": "Lansstyrelsen i Varmlands lan",
    "geocoded_from": "kommun:Årjäng"
   }
  },
  {
   "type": "Feature",
   "geometry": {
    "type": "Point",
    "coordinates": [
     12.581972093189744,
     59.65110343059174
    ]
   },
   "properties": {
    "diarienummer": "4510-2026",
    "status": "Handläggning",
    "indatum": "2026-04-23",
    "rubrik": "Begäran om yttrande över kungörelse, M 291-26 gällande ansökan om tillstånd till vattenverksamhet och lagligförklaring av Mangskogs dricksvattentäkt i Arvika kommun, Arvika Västra Takene, svar 30/5-26",
    "avsandare": "Vänersborg Mark- och miljödomstolen",
    "postort": "",
    "kommun": "Arvika",
    "beslutsdatum": "",
    "case_id": "5474952",
    "lansstyrelse": "Lansstyrelsen i Varmlands lan",
    "kommun_kalla": "rubrik",
    "geocoded_from": "kommun:Arvika"
   }
  },
  {
   "type": "Feature",
   "geometry": {
    "type": "Point",
    "coordinates": [
     13.154312262056699,
     59.83587079378633
    ]
   },
   "properties": {
    "diarienummer": "4596-2026",
    "status": "Handläggning",
    "indatum": "2026-04-28",
    "rubrik": "Anmälan enligt 11 kap 9 a § Miljöbalken om vattenverksamhet, Medskogsbäcken, Sunne kommun",
    "avsandare": "Trafikverket",
    "postort": "Karlstad",
    "kommun": "Sunne",
    "beslutsdatum": "",
    "case_id": "5477554",
    "lansstyrelse": "Lansstyrelsen i Varmlands lan",
    "geocoded_from": "kommun:Sunne"
   }
  },
  {
   "type": "Feature",
   "geometry": {
    "type": "Point",
    "coordinates": [
     12.935488897042935,
     59.13175847437477
    ]
   },
   "properties": {
    "diarienummer": "5189-2026",
    "status": "Handläggning",
    "indatum": "2026-05-13",
    "rubrik": "Anmälan enligt 11 kap 9 a § Miljöbalken om vattenverksamhet, Säffle kommun",
    "avsandare": "Personuppgift",
    "postort": "",
    "kommun": "Säffle",
    "beslutsdatum": "",
    "case_id": "5495120",
    "lansstyrelse": "Lansstyrelsen i Varmlands lan",
    "geocoded_from": "kommun:Säffle"
   }
  },
  {
   "type": "Feature",
   "geometry": {
    "type": "Point",
    "coordinates": [
     12.586579375876916,
     59.64970099129979
    ]
   },
   "properties": {
    "diarienummer": "5354-2026",
    "status": "Handläggning",
    "indatum": "2026-05-20",
    "rubrik": "Anmälan enligt 11 kap 9 a § Miljöbalken om vattenverksamhet, Årtjärn, Arvika kommun",
    "avsandare": "Värmlands läns kalkningsförbund",
    "postort": "Charlottenberg",
    "kommun": "Arvika",
    "beslutsdatum": "",
    "case_id": "5500054",
    "lansstyrelse": "Lansstyrelsen i Varmlands lan",
    "geocoded_from": "kommun:Arvika"
   }
  },
  {
   "type": "Feature",
   "geometry": {
    "type": "Point",
    "coordinates": [
     13.50360550062882,
     59.38463920293833
    ]
   },
   "properties": {
    "diarienummer": "5324-2026",
    "status": "Handläggning",
    "indatum": "2026-05-19",
    "rubrik": "Anmälan enligt 11 kap 9 a § Miljöbalken om vattenverksamhet, Svinbäcken, Karlstad kommun",
    "avsandare": "Karlstads kommun",
    "postort": "Karlstad",
    "kommun": "Karlstad",
    "beslutsdatum": "",
    "case_id": "5499035",
    "lansstyrelse": "Lansstyrelsen i Varmlands lan",
    "geocoded_from": "kommun:Karlstad"
   }
  },
  {
   "type": "Feature",
   "geometry": {
    "type": "Point",
    "coordinates": [
     12.930717364701144,
     59.13095116261508
    ]
   },
   "properties": {
    "diarienummer": "5343-2026",
    "status": "Handläggning",
    "indatum": "2026-05-19",
    "rubrik": "Anmälan enligt 11 kap 9 a § Miljöbalken om vattenverksamhet, Vänern.   Lurö skärgård. Norra Hökön. Lillebohamn, Säffle kommun",
    "avsandare": "Luröskärgårdens Natur o Kulturforening.",
    "postort": "Lidköping",
    "kommun": "Säffle",
    "beslutsdatum": "",
    "case_id": "5499460",
    "lansstyrelse": "Lansstyrelsen i Varmlands lan",
    "geocoded_from": "kommun:Säffle"
   }
  },
  {
   "type": "Feature",
   "geometry": {
    "type": "Point",
    "coordinates": [
     13.148962100639682,
     59.834877825237044
    ]
   },
   "properties": {
    "diarienummer": "4441-2026",
    "status": "Handläggning",
    "indatum": "2026-04-23",
    "rubrik": "Anmälan enligt 11 kap 9 a § Miljöbalken om vattenverksamhet, vägtrumma, Sunne kommun",
    "avsandare": "Trafikverket",
    "postort": "Karlstad",
    "kommun": "Sunne",
    "beslutsdatum": "",
    "case_id": "5472899",
    "lansstyrelse": "Lansstyrelsen i Varmlands lan",
    "geocoded_from": "kommun:Sunne"
   }
  },
  {
   "type": "Feature",
   "geometry": {
    "type": "Point",
    "coordinates": [
     14.117224281522851,
     59.299182713375906
    ]
   },
   "properties": {
    "diarienummer": "4462-2026",
    "status": "Handläggning",
    "indatum": "2026-04-23",
    "rubrik": "Anmälan enligt 11 kap 9 a § Miljöbalken om vattenverksamhet, sjökabelförläggning över sjö i skogsmark, Ullvettern, Kristinehamns och Storfors kommuner, Kristinehamn Bergsjö och Storfors Ökna",
    "avsandare": "Ellevio Sverige AB",
    "postort": "Karlstad",
    "kommun": "Kristinehamn",
    "beslutsdatum": "",
    "case_id": "5473431",
    "lansstyrelse": "Lansstyrelsen i Varmlands lan",
    "geocoded_from": "kommun:Kristinehamn"
   }
  },
  {
   "type": "Feature",
   "geometry": {
    "type": "Point",
    "coordinates": [
     14.169843107334815,
     59.71903739564662
    ]
   },
   "properties": {
    "diarienummer": "4737-2026",
    "status": "Handläggning",
    "indatum": "2026-05-03",
    "rubrik": "Anmälan enligt 11 kap 9 a § Miljöbalken om vattenverksamhet, Hyttdammen och Holmtjärnen, Filipstad kommun",
    "avsandare": "Personuppgift",
    "postort": "Filipstad",
    "kommun": "Filipstad",
    "beslutsdatum": "",
    "case_id": "5481547",
    "lansstyrelse": "Lansstyrelsen i Varmlands lan",
    "geocoded_from": "kommun:Filipstad"
   }
  },
  {
   "type": "Feature",
   "geometry": {
    "type": "Point",
    "coordinates": [
     13.146594627097864,
     59.8342175542825
    ]
   },
   "properties": {
    "diarienummer": "4747-2026",
    "status": "Handläggning",
    "indatum": "2026-05-04",
    "rubrik": "Anmälan enligt 11 kap 9 a § Miljöbalken om vattenverksamhet, Mellan-Fryken, Sunne kommun",
    "avsandare": "Personuppgift",
    "postort": "Sunne",
    "kommun": "Sunne",
    "beslutsdatum": "",
    "case_id": "5481777",
    "lansstyrelse": "Lansstyrelsen i Varmlands lan",
    "geocoded_from": "kommun:Sunne"
   }
  },
  {
   "type": "Feature",
   "geometry": {
    "type": "Point",
    "coordinates": [
     13.501731074308315,
     59.3816295217945
    ]
   },
   "properties": {
    "diarienummer": "4752-2026",
    "status": "Handläggning",
    "indatum": "2026-05-04",
    "rubrik": "Anmälan enligt 11 kap 9 a § Miljöbalken om vattenverksamhet, Vänern, Karlstad kommun",
    "avsandare": "Personuppgift",
    "postort": "Karlstad",
    "kommun": "Karlstad",
    "beslutsdatum": "",
    "case_id": "5482063",
    "lansstyrelse": "Lansstyrelsen i Varmlands lan",
    "geocoded_from": "kommun:Karlstad"
   }
  },
  {
   "type": "Feature",
   "geometry": {
    "type": "Point",
    "coordinates": [
     14.168451332036346,
     59.71641265483361
    ]
   },
   "properties": {
    "diarienummer": "4764-2026",
    "status": "Handläggning",
    "indatum": "2026-05-04",
    "rubrik": "Anmälan enligt 11 kap 9 a § Miljöbalken om vattenverksamhet, Yngen, Filipstad kommun",
    "avsandare": "Personuppgift",
    "postort": "Filipstad",
    "kommun": "Filipstad",
    "beslutsdatum": "",
    "case_id": "5482344",
    "lansstyrelse": "Lansstyrelsen i Varmlands lan",
    "geocoded_from": "kommun:Filipstad"
   }
  },
  {
   "type": "Feature",
   "geometry": {
    "type": "Point",
    "coordinates": [
     12.135602709574743,
     59.38318652587533
    ]
   },
   "properties": {
    "diarienummer": "4894-2026",
    "status": "Handläggning",
    "indatum": "2026-05-07",
    "rubrik": "Anmälan enligt 11 kap 9 a § Miljöbalken om vattenverksamhet, Bilterudtjärnet, Årjäng kommun",
    "avsandare": "Personuppgift",
    "postort": "ÅRJÄNG",
    "kommun": "Årjäng",
    "beslutsdatum": "",
    "case_id": "5486923",
    "lansstyrelse": "Lansstyrelsen i Varmlands lan",
    "geocoded_from": "kommun:Årjäng"
   }
  },
  {
   "type": "Feature",
   "geometry": {
    "type": "Point",
    "coordinates": [
     14.11532078952946,
     59.30245523324019
    ]
   },
   "properties": {
    "diarienummer": "5131-2026",
    "status": "Handläggning",
    "indatum": "2026-05-12",
    "rubrik": "Meddelande om skrivelse om avgränsning av anmäld vattenverksamhet och ändrat utförande inom Södra Dye, Kristinehamns kommun",
    "avsandare": "Personuppgift",
    "postort": "Kristinehamn",
    "kommun": "",
    "beslutsdatum": "",
    "case_id": "5493422",
    "lansstyrelse": "Lansstyrelsen i Varmlands lan",
    "geocoded_from": "postort:Kristinehamn"
   }
  },
  {
   "type": "Feature",
   "geometry": {
    "type": "Point",
    "coordinates": [
     14.163061939123033,
     59.716505283890925
    ]
   },
   "properties": {
    "diarienummer": "5467-2026",
    "status": "Handläggning",
    "indatum": "2026-05-22",
    "rubrik": "Anmälan enligt 11 kap 9 a § Miljöbalken om vattenverksamhet, Springsjön, Filipstad kommun",
    "avsandare": "Personuppgift",
    "postort": "Charlottenberg",
    "kommun": "Filipstad",
    "beslutsdatum": "",
    "case_id": "5502920",
    "lansstyrelse": "Lansstyrelsen i Varmlands lan",
    "geocoded_from": "kommun:Filipstad"
   }
  },
  {
   "type": "Feature",
   "geometry": {
    "type": "Point",
    "coordinates": [
     12.999887637230701,
     60.13497080184746
    ]
   },
   "properties": {
    "diarienummer": "5344-2026",
    "status": "Handläggning",
    "indatum": "2026-05-18",
    "rubrik": "Begäran om tillsyn av vattenverksamhet, bristfällig dikesrensning, Torsby kommun, Torsby Transtrand",
    "avsandare": "Personuppgift",
    "postort": "",
    "kommun": "Torsby",
    "beslutsdatum": "",
    "case_id": "5499657",
    "lansstyrelse": "Lansstyrelsen i Varmlands lan",
    "geocoded_from": "kommun:Torsby"
   }
  },
  {
   "type": "Feature",
   "geometry": {
    "type": "Point",
    "coordinates": [
     14.121419644052079,
     59.29903293743529
    ]
   },
   "properties": {
    "diarienummer": "595-2026",
    "status": "Handläggning",
    "indatum": "2026-01-21",
    "rubrik": "Anmälan enligt 11 kap 9 a § Miljöbalken om vattenverksamhet, utdrivning av pir, Vänern Lunnerviken, Kristinehamn kommun",
    "avsandare": "Personuppgift",
    "postort": "Kristinehamn",
    "kommun": "Kristinehamn",
    "beslutsdatum": "",
    "case_id": "5372117",
    "lansstyrelse": "Lansstyrelsen i Varmlands lan",
    "geocoded_from": "kommun:Kristinehamn"
   }
  },
  {
   "type": "Feature",
   "geometry": {
    "type": "Point",
    "coordinates": [
     13.14810898712192,
     59.83410965023426
    ]
   },
   "properties": {
    "diarienummer": "2973-2026",
    "status": "Handläggning",
    "indatum": "2026-03-12",
    "rubrik": "Anmälan enligt 11 kap 9 a § Miljöbalken om vattenverksamhet, gällande anläggande av brunn och vattenuttag, Sunne Herresta",
    "avsandare": "Sunne pastorat",
    "postort": "SUNNE",
    "kommun": "Sunne",
    "beslutsdatum": "",
    "case_id": "5428188",
    "lansstyrelse": "Lansstyrelsen i Varmlands lan",
    "geocoded_from": "kommun:Sunne"
   }
  },
  {
   "type": "Feature",
   "geometry": {
    "type": "Point",
    "coordinates": [
     12.580474826196388,
     59.647878909517054
    ]
   },
   "properties": {
    "diarienummer": "3199-2026",
    "status": "Handläggning",
    "indatum": "2026-03-18",
    "rubrik": "Begäran om tillsyn av vattenverksamhet, Arvika kommun, Arvika Västra Hungvik",
    "avsandare": "Personuppgift",
    "postort": "",
    "kommun": "Arvika",
    "beslutsdatum": "",
    "case_id": "5435524",
    "lansstyrelse": "Lansstyrelsen i Varmlands lan",
    "geocoded_from": "kommun:Arvika"
   }
  },
  {
   "type": "Feature",
   "geometry": {
    "type": "Point",
    "coordinates": [
     13.152728942785448,
     59.83328044355712
    ]
   },
   "properties": {
    "diarienummer": "3214-2026",
    "status": "Handläggning",
    "indatum": "2026-03-19",
    "rubrik": "Anmälan enligt 11 kap 9 a § Miljöbalken om vattenverksamhet, Björken, Sunne kommun",
    "avsandare": "Personuppgift",
    "postort": "Torsby",
    "kommun": "Sunne",
    "beslutsdatum": "",
    "case_id": "5435974",
    "lansstyrelse": "Lansstyrelsen i Varmlands lan",
    "geocoded_from": "kommun:Sunne"
   }
  },
  {
   "type": "Feature",
   "geometry": {
    "type": "Point",
    "coordinates": [
     14.165082114244624,
     59.71852537813883
    ]
   },
   "properties": {
    "diarienummer": "3514-2026",
    "status": "Handläggning",
    "indatum": "2026-03-26",
    "rubrik": "Gustavsström Ne: Begäran om yttrande över kungörelse av ansökan om omprövning av vattenverksamhet i Stora Laggen vid Gustavsström Nedre Kraftverk, Filipstads kommun, M 402-26, svar senast 2026-04-3",
    "avsandare": "Mark- och miljödomstolen vid Vänersborgs tingsrätt",
    "postort": "VÄNERSBORG",
    "kommun": "Filipstad",
    "beslutsdatum": "",
    "case_id": "5443731",
    "lansstyrelse": "Lansstyrelsen i Varmlands lan",
    "geocoded_from": "kommun:Filipstad"
   }
  },
  {
   "type": "Feature",
   "geometry": {
    "type": "Point",
    "coordinates": [
     14.170895471912884,
     59.71379584302726
    ]
   },
   "properties": {
    "diarienummer": "3549-2026",
    "status": "Handläggning",
    "indatum": "2026-03-27",
    "rubrik": "Gustavsström Övre: Begäran om yttrande över kungörelse av ansökan om omprövning av vattenverksamhet i Stora Laggen vid Gustavsström Övre kraftverk, Filipstads kommun, M 403-26, svar senast 2026-05-04",
    "avsandare": "Mark- och miljödomstolen vid Vänersborgs tingsrätt",
    "postort": "VÄNERSBORG",
    "kommun": "Filipstad",
    "beslutsdatum": "",
    "case_id": "5444416",
    "lansstyrelse": "Lansstyrelsen i Varmlands lan",
    "geocoded_from": "kommun:Filipstad"
   }
  },
  {
   "type": "Feature",
   "geometry": {
    "type": "Point",
    "coordinates": [
     12.587415634252597,
     59.64961878922394
    ]
   },
   "properties": {
    "diarienummer": "3856-2026",
    "status": "Handläggning",
    "indatum": "2026-04-04",
    "rubrik": "Anmälan enligt 11 kap 9 a § Miljöbalken om vattenverksamhet, Dottjärnet / Arvika speke s:4, Arvika kommun",
    "avsandare": "Personuppgift",
    "postort": "Arvika",
    "kommun": "Arvika",
    "beslutsdatum": "",
    "case_id": "5453369",
    "lansstyrelse": "Lansstyrelsen i Varmlands lan",
    "geocoded_from": "kommun:Arvika"
   }
  },
  {
   "type": "Feature",
   "geometry": {
    "type": "Point",
    "coordinates": [
     12.133210435280077,
     59.38603973587016
    ]
   },
   "properties": {
    "diarienummer": "5332-2026",
    "status": "Handläggning",
    "indatum": "2026-05-19",
    "rubrik": "Anmälan enligt 11 kap 9 a § Miljöbalken om vattenverksamhet, flytbrygga, Halleforsen, norra sidan av ön i Dalslands Kanal, Årjängs kommun, Årjäng Ekenäs",
    "avsandare": "Personuppgift",
    "postort": "",
    "kommun": "Årjäng",
    "beslutsdatum": "",
    "case_id": "5499249",
    "lansstyrelse": "Lansstyrelsen i Varmlands lan",
    "kommun_kalla": "rubrik",
    "geocoded_from": "kommun:Årjäng"
   }
  },
  {
   "type": "Feature",
   "geometry": {
    "type": "Point",
    "coordinates": [
     12.997894345914963,
     60.13612726596754
    ]
   },
   "properties": {
    "diarienummer": "5388-2026",
    "status": "Handläggning",
    "indatum": "2026-05-20",
    "rubrik": "Anmälan enligt 11 kap 9 a § Miljöbalken om vattenverksamhet, Kvarntjärnen samt delar av bäcken från Ämtsjön, Torsby kommun",
    "avsandare": "Bergslagets Egendomar",
    "postort": "Falun",
    "kommun": "Torsby",
    "beslutsdatum": "",
    "case_id": "5500981",
    "lansstyrelse": "Lansstyrelsen i Varmlands lan",
    "geocoded_from": "kommun:Torsby"
   }
  },
  {
   "type": "Feature",
   "geometry": {
    "type": "Point",
    "coordinates": [
     12.296768161974061,
     59.884563019473624
    ]
   },
   "properties": {
    "diarienummer": "5404-2026",
    "status": "Handläggning",
    "indatum": "2026-05-21",
    "rubrik": "Anmälan enligt 11 kap 9 a § Miljöbalken om vattenverksamhet, Stora Smalsjön, Filipstad kommun",
    "avsandare": "Värmlands läns kalkningsförbund",
    "postort": "Charlottenberg",
    "kommun": "",
    "beslutsdatum": "",
    "case_id": "5501318",
    "lansstyrelse": "Lansstyrelsen i Varmlands lan",
    "geocoded_from": "postort:Charlottenberg"
   }
  },
  {
   "type": "Feature",
   "geometry": {
    "type": "Point",
    "coordinates": [
     12.578678146127963,
     59.65249433923426
    ]
   },
   "properties": {
    "diarienummer": "771-2026",
    "status": "Handläggning",
    "indatum": "2026-01-24",
    "rubrik": "Anmälan enligt 11 kap 9 a § Miljöbalken om vattenverksamhet, anläggande av vägtrumma,  Arvika kommun",
    "avsandare": "Personuppgift",
    "postort": "Glava",
    "kommun": "Arvika",
    "beslutsdatum": "",
    "case_id": "5375574",
    "lansstyrelse": "Lansstyrelsen i Varmlands lan",
    "geocoded_from": "kommun:Arvika"
   }
  },
  {
   "type": "Feature",
   "geometry": {
    "type": "Point",
    "coordinates": [
     20.264208673411783,
     63.82556859203141
    ]
   },
   "properties": {
    "diarienummer": "2070-2026",
    "status": "Handläggning",
    "indatum": "2026-03-03",
    "rubrik": "Samråd inför tillståndsansökan för vattenverksamhet (avgränsningssamråd) för grundvattenbortledning m.m., Klockarbäckens industriområde, Umeå kommun",
    "avsandare": "Umeå kommun",
    "postort": "Umeå",
    "kommun": "Umeå",
    "beslutsdatum": "",
    "case_id": "5417795",
    "lansstyrelse": "Lansstyrelsen i Vasterbottens lan",
    "geocoded_from": "kommun:Umeå"
   }
  },
  {
   "type": "Feature",
   "geometry": {
    "type": "Point",
    "coordinates": [
     19.50028812970489,
     65.01672689391856
    ]
   },
   "properties": {
    "diarienummer": "470-2026",
    "status": "Handläggning",
    "indatum": "2026-01-15",
    "rubrik": "Anmälan om driftstörning, vattenverksamhet i recipient Lilltistermyrbäcken, Maurlidengruvan, Norsjö kommun",
    "avsandare": "Boliden Mineral AB",
    "postort": "Boliden",
    "kommun": "Norsjö",
    "beslutsdatum": "",
    "case_id": "5367719",
    "lansstyrelse": "Lansstyrelsen i Vasterbottens lan",
    "geocoded_from": "kommun:Norsjö"
   }
  },
  {
   "type": "Feature",
   "geometry": {
    "type": "Point",
    "coordinates": [
     20.26710104011796,
     63.82488385015709
    ]
   },
   "properties": {
    "diarienummer": "1652-2026",
    "status": "Handläggning",
    "indatum": "2026-02-18",
    "rubrik": "Begäran om yttrande om tillstånd enligt till vattenverksamhet vid Storsjödammen, M 4239-25, Umeå kommun. Svar senast: 2026-03-16.",
    "avsandare": "Umeå tingsrätt, Mark- och miljödomstolen",
    "postort": "Umeå",
    "kommun": "Umeå",
    "beslutsdatum": "",
    "case_id": "5403500",
    "lansstyrelse": "Lansstyrelsen i Vasterbottens lan",
    "geocoded_from": "kommun:Umeå"
   }
  },
  {
   "type": "Feature",
   "geometry": {
    "type": "Point",
    "coordinates": [
     20.261841765298055,
     63.825338499194785
    ]
   },
   "properties": {
    "diarienummer": "1840-2026",
    "status": "Handläggning",
    "indatum": "2026-02-24",
    "rubrik": "Samråd inför tillståndsansökan för vattenverksamhet, planerad restaurering i Öreälvens övre avrinningsområde – Örån, Norrån och Granån",
    "avsandare": "Länsstyrelsen Västerbotten, Miljöanalysenheten",
    "postort": "Umeå",
    "kommun": "",
    "beslutsdatum": "",
    "case_id": "5410329",
    "lansstyrelse": "Lansstyrelsen i Vasterbottens lan",
    "geocoded_from": "postort:Umeå"
   }
  },
  {
   "type": "Feature",
   "geometry": {
    "type": "Point",
    "coordinates": [
     16.646450156274565,
     64.63623741795658
    ]
   },
   "properties": {
    "diarienummer": "2182-2026",
    "status": "Handläggning",
    "indatum": "2026-03-09",
    "rubrik": "Begäran om tillsyn av vattenverksamhet, Vilhelmina kommun",
    "avsandare": "Personuppgift",
    "postort": "Vilhelmina",
    "kommun": "",
    "beslutsdatum": "",
    "case_id": "5422516",
    "lansstyrelse": "Lansstyrelsen i Vasterbottens lan",
    "geocoded_from": "postort:Vilhelmina"
   }
  },
  {
   "type": "Feature",
   "geometry": {
    "type": "Point",
    "coordinates": [
     20.264938382018826,
     63.82611422424632
    ]
   },
   "properties": {
    "diarienummer": "2981-2026",
    "status": "Handläggning",
    "indatum": "2026-03-30",
    "rubrik": "Information om beslut om vattenverksamhet inom Umeå kommun för år 2026 (samlingsärende)",
    "avsandare": "Umeå kommun",
    "postort": "Umeå",
    "kommun": "Umeå",
    "beslutsdatum": "",
    "case_id": "5447929",
    "lansstyrelse": "Lansstyrelsen i Vasterbottens lan",
    "geocoded_from": "kommun:Umeå"
   }
  },
  {
   "type": "Feature",
   "geometry": {
    "type": "Point",
    "coordinates": [
     20.264410632674267,
     63.823515315259336
    ]
   },
   "properties": {
    "diarienummer": "3122-2026",
    "status": "Handläggning",
    "indatum": "2026-04-01",
    "rubrik": "Samråd inför tillståndsansökan för täkt- och vattenverksamhet, Umeå kommun",
    "avsandare": "Swerock AB",
    "postort": "Umeå",
    "kommun": "Umeå",
    "beslutsdatum": "",
    "case_id": "5451409",
    "lansstyrelse": "Lansstyrelsen i Vasterbottens lan",
    "geocoded_from": "kommun:Umeå"
   }
  },
  {
   "type": "Feature",
   "geometry": {
    "type": "Point",
    "coordinates": [
     20.95147314123615,
     64.75193697667171
    ]
   },
   "properties": {
    "diarienummer": "3897-2026",
    "status": "Handläggning",
    "indatum": "2026-04-24",
    "rubrik": "Anmälan enligt 11 kap 9 a § Miljöbalken om vattenverksamhet för Rönnskärs nya mottagningsstation för elkraft, Skellefteå kommun",
    "avsandare": "Boliden Rönnskär",
    "postort": "Skelleftehamn",
    "kommun": "Skellefteå",
    "beslutsdatum": "",
    "case_id": "5475512",
    "lansstyrelse": "Lansstyrelsen i Vasterbottens lan",
    "geocoded_from": "kommun:Skellefteå"
   }
  },
  {
   "type": "Feature",
   "geometry": {
    "type": "Point",
    "coordinates": [
     19.485344942926684,
     63.56604326384266
    ]
   },
   "properties": {
    "diarienummer": "3922-2026",
    "status": "Handläggning",
    "indatum": "2026-04-27",
    "rubrik": "Redovisning av vattenverksamhet för byte av vägtrumma i Klubbsjöbäcken, väg 533, Nordmalings kommun",
    "avsandare": "Trafikverket",
    "postort": "",
    "kommun": "Nordmaling",
    "beslutsdatum": "",
    "case_id": "5476309",
    "lansstyrelse": "Lansstyrelsen i Vasterbottens lan",
    "geocoded_from": "kommun:Nordmaling"
   }
  },
  {
   "type": "Feature",
   "geometry": {
    "type": "Point",
    "coordinates": [
     20.265852476831743,
     63.828553082086636
    ]
   },
   "properties": {
    "diarienummer": "3322-2026",
    "status": "Handläggning",
    "indatum": "2026-04-09",
    "rubrik": "Begäran om yttrande över mål nr M 396-26, ansökan om vattenverksamhet inom Umeå Hamn, farlederna 730, 731 och 733, Umeå kommun. Svar senast 2026-05-13.",
    "avsandare": "Umeå Tingsrätt, Mark- och miljödomstolen",
    "postort": "UMEÅ",
    "kommun": "",
    "beslutsdatum": "",
    "case_id": "5457609",
    "lansstyrelse": "Lansstyrelsen i Vasterbottens lan",
    "geocoded_from": "postort:UMEÅ"
   }
  },
  {
   "type": "Feature",
   "geometry": {
    "type": "Point",
    "coordinates": [
     20.952211012024893,
     64.75135827447632
    ]
   },
   "properties": {
    "diarienummer": "4018-2026",
    "status": "Handläggning",
    "indatum": "2026-04-29",
    "rubrik": "Anmälan enligt 11 kap 9 a § Miljöbalken om vattenverksamhet för brobyte vid Tvärån, Skellefteå kommun",
    "avsandare": "Trafikverket",
    "postort": "Umeå",
    "kommun": "Skellefteå",
    "beslutsdatum": "",
    "case_id": "5479670",
    "lansstyrelse": "Lansstyrelsen i Vasterbottens lan",
    "geocoded_from": "kommun:Skellefteå"
   }
  },
  {
   "type": "Feature",
   "geometry": {
    "type": "Point",
    "coordinates": [
     19.71395645313392,
     64.19996079159708
    ]
   },
   "properties": {
    "diarienummer": "3925-2026",
    "status": "Handläggning",
    "indatum": "2026-04-27",
    "rubrik": "Redovisning av vattenverksamhet för byte av vägtrumma i Storbrobäcken, väg 673, Vindelns kommun",
    "avsandare": "Trafikverket",
    "postort": "",
    "kommun": "Vindeln",
    "beslutsdatum": "",
    "case_id": "5476323",
    "lansstyrelse": "Lansstyrelsen i Vasterbottens lan",
    "geocoded_from": "kommun:Vindeln"
   }
  },
  {
   "type": "Feature",
   "geometry": {
    "type": "Point",
    "coordinates": [
     20.853976446485593,
     64.19806357466985
    ]
   },
   "properties": {
    "diarienummer": "4625-2026",
    "status": "Handläggning",
    "indatum": "2026-05-20",
    "rubrik": "Anmälan enligt 11 kap 9 a § Miljöbalken om vattenverksamhet, Dike längs tomtgränsen, Robertsfors kommun",
    "avsandare": "Personuppgift",
    "postort": "Robertsfors",
    "kommun": "Robertsfors",
    "beslutsdatum": "",
    "case_id": "5501039",
    "lansstyrelse": "Lansstyrelsen i Vasterbottens lan",
    "geocoded_from": "kommun:Robertsfors"
   }
  },
  {
   "type": "Feature",
   "geometry": {
    "type": "Point",
    "coordinates": [
     20.953151453316924,
     64.747354483072
    ]
   },
   "properties": {
    "diarienummer": "777-2026",
    "status": "Handläggning",
    "indatum": "2026-01-25",
    "rubrik": "Begäran om yttrande om ansökan om tillstånd till vattenverksamhet m.m. för ny bro över Mångbyån vid ombyggnation av E4, sträckan Broänge-Daglösten, M 4261-25, Skellefteå kommun",
    "avsandare": "Umeå tingsrätt, Mark- och miljödomstolen",
    "postort": "Umeå",
    "kommun": "Skellefteå",
    "beslutsdatum": "",
    "case_id": "5376113",
    "lansstyrelse": "Lansstyrelsen i Vasterbottens lan",
    "geocoded_from": "kommun:Skellefteå"
   }
  },
  {
   "type": "Feature",
   "geometry": {
    "type": "Point",
    "coordinates": [
     20.948912596274226,
     64.74843425404094
    ]
   },
   "properties": {
    "diarienummer": "1791-2026",
    "status": "Handläggning",
    "indatum": "2026-02-23",
    "rubrik": "Samråd inför tillståndsansökan för vattenverksamhet, GC-port vid Övre bäck, projekt E4 Daglösten - Ljusvattnet, Skellefteå kommun. Svar senast 2026-03-16.",
    "avsandare": "Trafikverket",
    "postort": "Luleå",
    "kommun": "Skellefteå",
    "beslutsdatum": "",
    "case_id": "5409168",
    "lansstyrelse": "Lansstyrelsen i Vasterbottens lan",
    "geocoded_from": "kommun:Skellefteå"
   }
  },
  {
   "type": "Feature",
   "geometry": {
    "type": "Point",
    "coordinates": [
     20.954820362490725,
     64.74951974517444
    ]
   },
   "properties": {
    "diarienummer": "1800-2026",
    "status": "Handläggning",
    "indatum": "2026-02-23",
    "rubrik": "Samråd inför tillståndsansökan för vattenverksamhet, skärningar på sträckan 16/400 till 18/400 i projekt E4 Daglösten - Ljusvattnet, Skellefteå kommun. Svar senast 2026-03-16.",
    "avsandare": "Trafikverket",
    "postort": "Luleå",
    "kommun": "Skellefteå",
    "beslutsdatum": "",
    "case_id": "5409347",
    "lansstyrelse": "Lansstyrelsen i Vasterbottens lan",
    "geocoded_from": "kommun:Skellefteå"
   }
  },
  {
   "type": "Feature",
   "geometry": {
    "type": "Point",
    "coordinates": [
     20.259652937903414,
     63.827430794050095
    ]
   },
   "properties": {
    "diarienummer": "2051-2026",
    "status": "Handläggning",
    "indatum": "2026-03-03",
    "rubrik": "Överklagande av kommuns beslut enligt miljöbalken 2026-02-27, dnr 2025-4639, om att avsluta klagomålsärende, misstänkt överträdelse av strandskydd och misstänkt otillåten vattenverksamhet, Umeå kommun",
    "avsandare": "Personuppgift",
    "postort": "Håknäs",
    "kommun": "Umeå",
    "beslutsdatum": "",
    "case_id": "5417350",
    "lansstyrelse": "Lansstyrelsen i Vasterbottens lan",
    "geocoded_from": "kommun:Umeå"
   }
  },
  {
   "type": "Feature",
   "geometry": {
    "type": "Point",
    "coordinates": [
     18.71998970960289,
     63.290790111518746
    ]
   },
   "properties": {
    "diarienummer": "1746-2026",
    "status": "Handläggning",
    "indatum": "2026-03-06",
    "rubrik": "Tillsyn av vattenverksamhet, Örnsköldsvik 8:28, Örnsköldsvik kommun",
    "avsandare": "NCC Sverige AB",
    "postort": "",
    "kommun": "Örnsköldsvik",
    "beslutsdatum": "",
    "case_id": "5421739",
    "lansstyrelse": "Lansstyrelsen i Vasternorrlands lan",
    "kommun_kalla": "rubrik",
    "geocoded_from": "kommun:Örnsköldsvik"
   }
  },
  {
   "type": "Feature",
   "geometry": {
    "type": "Point",
    "coordinates": [
     17.312896526738477,
     62.38053925263851
    ]
   },
   "properties": {
    "diarienummer": "2159-2026",
    "status": "Handläggning",
    "indatum": "2026-03-23",
    "rubrik": "Förslag till kontrollprogram för vattenverksamhet, uppförande av ny gång- och cykelbro över Sättnaån, väg 86, Sundsvalls kommun",
    "avsandare": "Trafikverket",
    "postort": "",
    "kommun": "Sundsvall",
    "beslutsdatum": "",
    "case_id": "5438458",
    "lansstyrelse": "Lansstyrelsen i Vasternorrlands lan",
    "kommun_kalla": "rubrik",
    "geocoded_from": "kommun:Sundsvall"
   }
  },
  {
   "type": "Feature",
   "geometry": {
    "type": "Point",
    "coordinates": [
     18.71961912870986,
     63.292080345102654
    ]
   },
   "properties": {
    "diarienummer": "132-2026",
    "status": "Handläggning",
    "indatum": "2026-01-02",
    "rubrik": "Begäran om tillsyn av vattenverksamhet, nyanlagd vägtrumma (dubbeltrumma), Mosjö, Örnsköldsviks kommun",
    "avsandare": "Personuppgift",
    "postort": "",
    "kommun": "Örnsköldsvik",
    "beslutsdatum": "",
    "case_id": "5359838",
    "lansstyrelse": "Lansstyrelsen i Vasternorrlands lan",
    "kommun_kalla": "rubrik",
    "geocoded_from": "kommun:Örnsköldsvik"
   }
  },
  {
   "type": "Feature",
   "geometry": {
    "type": "Point",
    "coordinates": [
     18.717665966896618,
     63.288837051164315
    ]
   },
   "properties": {
    "diarienummer": "3075-2026",
    "status": "Handläggning",
    "indatum": "2026-04-23",
    "rubrik": "Begäran om tillsyn av vattenverksamhet, klagomål på dike med bristande funktion, Billsta, Örnsköldsviks kommun",
    "avsandare": "Personuppgift",
    "postort": "",
    "kommun": "Örnsköldsvik",
    "beslutsdatum": "",
    "case_id": "5474550",
    "lansstyrelse": "Lansstyrelsen i Vasternorrlands lan",
    "kommun_kalla": "rubrik",
    "geocoded_from": "kommun:Örnsköldsvik"
   }
  },
  {
   "type": "Feature",
   "geometry": {
    "type": "Point",
    "coordinates": [
     17.316633599264826,
     62.38440685693228
    ]
   },
   "properties": {
    "diarienummer": "683-2026",
    "status": "Handläggning",
    "indatum": "2026-01-29",
    "rubrik": "Anmälan enligt 11 kap 9 a § Miljöbalken om vattenverksamhet, Svarttjärnsbäcken, Sundsvall kommun",
    "avsandare": "Personuppgift",
    "postort": "Sundsvall",
    "kommun": "Sundsvall",
    "beslutsdatum": "",
    "case_id": "5381544",
    "lansstyrelse": "Lansstyrelsen i Vasternorrlands lan",
    "geocoded_from": "kommun:Sundsvall"
   }
  },
  {
   "type": "Feature",
   "geometry": {
    "type": "Point",
    "coordinates": [
     18.71510864550556,
     63.289763319029696
    ]
   },
   "properties": {
    "diarienummer": "1666-2026",
    "status": "Handläggning",
    "indatum": "2026-03-04",
    "rubrik": "Anmälan enligt 11 kap 9 a § Miljöbalken om vattenverksamhet, Gäddvatsån, Örnsköldsvik kommun",
    "avsandare": "Personuppgift",
    "postort": "Åsele",
    "kommun": "Örnsköldsvik",
    "beslutsdatum": "",
    "case_id": "5418161",
    "lansstyrelse": "Lansstyrelsen i Vasternorrlands lan",
    "geocoded_from": "kommun:Örnsköldsvik"
   }
  },
  {
   "type": "Feature",
   "geometry": {
    "type": "Point",
    "coordinates": [
     18.720976617616113,
     63.29030581818704
    ]
   },
   "properties": {
    "diarienummer": "1671-2026",
    "status": "Handläggning",
    "indatum": "2026-03-04",
    "rubrik": "Anmälan enligt 11 kap 9 a § Miljöbalken om vattenverksamhet, Selsån, Örnsköldsvik kommun",
    "avsandare": "Personuppgift",
    "postort": "Åsele",
    "kommun": "Örnsköldsvik",
    "beslutsdatum": "",
    "case_id": "5418270",
    "lansstyrelse": "Lansstyrelsen i Vasternorrlands lan",
    "geocoded_from": "kommun:Örnsköldsvik"
   }
  },
  {
   "type": "Feature",
   "geometry": {
    "type": "Point",
    "coordinates": [
     17.929261601476686,
     62.63060713435407
    ]
   },
   "properties": {
    "diarienummer": "1683-2026",
    "status": "Handläggning",
    "indatum": "2026-03-04",
    "rubrik": "Anmälan enligt 11 kap 9 a § Miljöbalken om vattenverksamhet, Svenskärssundet, Härnösand kommun",
    "avsandare": "Personuppgift",
    "postort": "Härnösand",
    "kommun": "Härnösand",
    "beslutsdatum": "",
    "case_id": "5419015",
    "lansstyrelse": "Lansstyrelsen i Vasternorrlands lan",
    "geocoded_from": "kommun:Härnösand"
   }
  },
  {
   "type": "Feature",
   "geometry": {
    "type": "Point",
    "coordinates": [
     18.713109488429147,
     63.287148622835105
    ]
   },
   "properties": {
    "diarienummer": "1773-2026",
    "status": "Handläggning",
    "indatum": "2026-03-09",
    "rubrik": "Anmälan enligt 11 kap 9 a § Miljöbalken om vattenverksamhet, Nipbäcken, Örnsköldsvik kommun",
    "avsandare": "Personuppgift",
    "postort": "Åsele",
    "kommun": "Örnsköldsvik",
    "beslutsdatum": "",
    "case_id": "5422935",
    "lansstyrelse": "Lansstyrelsen i Vasternorrlands lan",
    "geocoded_from": "kommun:Örnsköldsvik"
   }
  },
  {
   "type": "Feature",
   "geometry": {
    "type": "Point",
    "coordinates": [
     18.717846225889005,
     63.28703623081081
    ]
   },
   "properties": {
    "diarienummer": "1777-2026",
    "status": "Handläggning",
    "indatum": "2026-03-09",
    "rubrik": "Anmälan enligt 11 kap 9 a § Miljöbalken om vattenverksamhet, Avrinningsområde Moälven, Örnsköldsvik kommun",
    "avsandare": "Personuppgift",
    "postort": "Örnsköldsvik",
    "kommun": "Örnsköldsvik",
    "beslutsdatum": "",
    "case_id": "5422958",
    "lansstyrelse": "Lansstyrelsen i Vasternorrlands lan",
    "geocoded_from": "kommun:Örnsköldsvik"
   }
  },
  {
   "type": "Feature",
   "geometry": {
    "type": "Point",
    "coordinates": [
     17.26468313397346,
     63.16827661114478
    ]
   },
   "properties": {
    "diarienummer": "1946-2026",
    "status": "Handläggning",
    "indatum": "2026-03-16",
    "rubrik": "Anmälan enligt 11 kap 9 a § Miljöbalken om vattenverksamhet, Lillterrsjön, Sollefteå kommun",
    "avsandare": "Personuppgift",
    "postort": "SUNDSVALL",
    "kommun": "Sollefteå",
    "beslutsdatum": "",
    "case_id": "5430151",
    "lansstyrelse": "Lansstyrelsen i Vasternorrlands lan",
    "geocoded_from": "kommun:Sollefteå"
   }
  },
  {
   "type": "Feature",
   "geometry": {
    "type": "Point",
    "coordinates": [
     17.99611966630163,
     59.36581239983377
    ]
   },
   "properties": {
    "diarienummer": "2014-2026",
    "status": "Handläggning",
    "indatum": "2026-03-17",
    "rubrik": "Länsstyrelsen överklagar beslut från högre instans  angående ansökan om tillstånd till täktverksamhet, vattenverksamhet m m inom fastigheterna Järsta, Härnösands kommun, M 4753-26",
    "avsandare": "Mark- och miljööverdomstolen Östersunds tingsrätt",
    "postort": "Solna",
    "kommun": "",
    "beslutsdatum": "",
    "case_id": "5433206",
    "lansstyrelse": "Lansstyrelsen i Vasternorrlands lan",
    "geocoded_from": "postort:Solna"
   }
  },
  {
   "type": "Feature",
   "geometry": {
    "type": "Point",
    "coordinates": [
     15.649711593257269,
     62.5189049159704
    ]
   },
   "properties": {
    "diarienummer": "2085-2026",
    "status": "Handläggning",
    "indatum": "2026-03-19",
    "rubrik": "Anmälan enligt 11 kap 9 a § Miljöbalken om vattenverksamhet, Ljungan, Ånge kommun",
    "avsandare": "Personuppgift",
    "postort": "Ånge",
    "kommun": "Ånge",
    "beslutsdatum": "",
    "case_id": "5435859",
    "lansstyrelse": "Lansstyrelsen i Vasternorrlands lan",
    "geocoded_from": "kommun:Ånge"
   }
  },
  {
   "type": "Feature",
   "geometry": {
    "type": "Point",
    "coordinates": [
     17.31230982675859,
     62.382474597487196
    ]
   },
   "properties": {
    "diarienummer": "1883-2026",
    "status": "Handläggning",
    "indatum": "2026-03-12",
    "rubrik": "Anmälan enligt 11 kap 9 a § Miljöbalken om vattenverksamhet, Bäck vid utloppet Lill-Hällsjön, Sundsvall kommun",
    "avsandare": "Personuppgift",
    "postort": "Östersund",
    "kommun": "Sundsvall",
    "beslutsdatum": "",
    "case_id": "5427845",
    "lansstyrelse": "Lansstyrelsen i Vasternorrlands lan",
    "geocoded_from": "kommun:Sundsvall"
   }
  },
  {
   "type": "Feature",
   "geometry": {
    "type": "Point",
    "coordinates": [
     17.31596664312525,
     62.38399125963379
    ]
   },
   "properties": {
    "diarienummer": "2428-2026",
    "status": "Handläggning",
    "indatum": "2026-03-31",
    "rubrik": "Anmälan enligt 11 kap 9 a § Miljöbalken om vattenverksamhet, Svartviksfjärden, Sundsvall kommun",
    "avsandare": "Personuppgift",
    "postort": "Sundsvall",
    "kommun": "Sundsvall",
    "beslutsdatum": "",
    "case_id": "5448820",
    "lansstyrelse": "Lansstyrelsen i Vasternorrlands lan",
    "geocoded_from": "kommun:Sundsvall"
   }
  },
  {
   "type": "Feature",
   "geometry": {
    "type": "Point",
    "coordinates": [
     15.654035154345026,
     62.51388663122298
    ]
   },
   "properties": {
    "diarienummer": "3796-2026",
    "status": "Handläggning",
    "indatum": "2026-05-22",
    "rubrik": "Anmälan enligt 11 kap 9 a § Miljöbalken om vattenverksamhet, Bjursjöbäcken, Ånge kommun",
    "avsandare": "Personuppgift",
    "postort": "Borlänge",
    "kommun": "Ånge",
    "beslutsdatum": "",
    "case_id": "5503849",
    "lansstyrelse": "Lansstyrelsen i Vasternorrlands lan",
    "geocoded_from": "kommun:Ånge"
   }
  },
  {
   "type": "Feature",
   "geometry": {
    "type": "Point",
    "coordinates": [
     18.72164677982535,
     63.29247542203503
    ]
   },
   "properties": {
    "diarienummer": "2742-2026",
    "status": "Handläggning",
    "indatum": "2026-04-13",
    "rubrik": "Anmälan enligt 11 kap 9 a § Miljöbalken om vattenverksamhet, grävning, kabel, Lill-Bergösundet, Örnsköldsvik kommun",
    "avsandare": "Personuppgift",
    "postort": "Solna",
    "kommun": "Örnsköldsvik",
    "beslutsdatum": "",
    "case_id": "5461252",
    "lansstyrelse": "Lansstyrelsen i Vasternorrlands lan",
    "geocoded_from": "kommun:Örnsköldsvik"
   }
  },
  {
   "type": "Feature",
   "geometry": {
    "type": "Point",
    "coordinates": [
     15.647762399337578,
     62.517538238105196
    ]
   },
   "properties": {
    "diarienummer": "2799-2026",
    "status": "Handläggning",
    "indatum": "2026-04-15",
    "rubrik": "Anmälan enligt 11 kap 9 a § Miljöbalken om vattenverksamhet, Holmsjön, Ånge kommun",
    "avsandare": "Personuppgift",
    "postort": "Östavall",
    "kommun": "Ånge",
    "beslutsdatum": "",
    "case_id": "5463746",
    "lansstyrelse": "Lansstyrelsen i Vasternorrlands lan",
    "geocoded_from": "kommun:Ånge"
   }
  },
  {
   "type": "Feature",
   "geometry": {
    "type": "Point",
    "coordinates": [
     17.31850611323745,
     62.385556133782416
    ]
   },
   "properties": {
    "diarienummer": "2825-2026",
    "status": "Handläggning",
    "indatum": "2026-04-15",
    "rubrik": "Anmälan enligt 11 kap 9 a § Miljöbalken om vattenverksamhet, Vapelbäcken, Sundsvall kommun",
    "avsandare": "Personuppgift",
    "postort": "Sundbyberg",
    "kommun": "Sundsvall",
    "beslutsdatum": "",
    "case_id": "5464511",
    "lansstyrelse": "Lansstyrelsen i Vasternorrlands lan",
    "geocoded_from": "kommun:Sundsvall"
   }
  },
  {
   "type": "Feature",
   "geometry": {
    "type": "Point",
    "coordinates": [
     17.932126679068677,
     62.630692618341
    ]
   },
   "properties": {
    "diarienummer": "2860-2026",
    "status": "Handläggning",
    "indatum": "2026-04-16",
    "rubrik": "Anmälan enligt 11 kap 9 a § Miljöbalken om vattenverksamhet för brygga, Södra Sundet, Härnösand kommun",
    "avsandare": "Personuppgift",
    "postort": "Härnösand",
    "kommun": "Härnösand",
    "beslutsdatum": "",
    "case_id": "5466026",
    "lansstyrelse": "Lansstyrelsen i Vasternorrlands lan",
    "geocoded_from": "kommun:Härnösand"
   }
  },
  {
   "type": "Feature",
   "geometry": {
    "type": "Point",
    "coordinates": [
     17.317417243525178,
     62.381113254532345
    ]
   },
   "properties": {
    "diarienummer": "2928-2026",
    "status": "Handläggning",
    "indatum": "2026-04-20",
    "rubrik": "Anmälan enligt 11 kap 9 a § Miljöbalken om vattenverksamhet, anläggande av trumma i biflöde till Vapelbäcken, Sundsvalls kommun, TRV 2022/141809",
    "avsandare": "Trafikverket",
    "postort": "",
    "kommun": "Sundsvall",
    "beslutsdatum": "",
    "case_id": "5468588",
    "lansstyrelse": "Lansstyrelsen i Vasternorrlands lan",
    "kommun_kalla": "rubrik",
    "geocoded_from": "kommun:Sundsvall"
   }
  },
  {
   "type": "Feature",
   "geometry": {
    "type": "Point",
    "coordinates": [
     18.712161051127577,
     63.29130158602288
    ]
   },
   "properties": {
    "diarienummer": "2934-2026",
    "status": "Handläggning",
    "indatum": "2026-04-20",
    "rubrik": "Anmälan enligt 11 kap 9 a § Miljöbalken om vattenverksamhet, trumma, Moälven (EUCD: SE1F7A2F0F‑AE12‑4F61‑8B1A‑B05B21CE285C)., Örnsköldsvik kommun",
    "avsandare": "Personuppgift",
    "postort": "Örnsköldsvik",
    "kommun": "Örnsköldsvik",
    "beslutsdatum": "",
    "case_id": "5468859",
    "lansstyrelse": "Lansstyrelsen i Vasternorrlands lan",
    "geocoded_from": "kommun:Örnsköldsvik"
   }
  },
  {
   "type": "Feature",
   "geometry": {
    "type": "Point",
    "coordinates": [
     17.93007201800807,
     62.63142161931554
    ]
   },
   "properties": {
    "diarienummer": "2985-2026",
    "status": "Handläggning",
    "indatum": "2026-04-21",
    "rubrik": "Anmälan enligt 11 kap 9 a § Miljöbalken om vattenverksamhet för brygga, Skärsviken, Kölva, Härnösand kommun",
    "avsandare": "Personuppgift",
    "postort": "Härnösand",
    "kommun": "Härnösand",
    "beslutsdatum": "",
    "case_id": "5470917",
    "lansstyrelse": "Lansstyrelsen i Vasternorrlands lan",
    "geocoded_from": "kommun:Härnösand"
   }
  },
  {
   "type": "Feature",
   "geometry": {
    "type": "Point",
    "coordinates": [
     17.315529271619866,
     62.38197943435064
    ]
   },
   "properties": {
    "diarienummer": "3014-2026",
    "status": "Handläggning",
    "indatum": "2026-04-22",
    "rubrik": "Anmälan enligt 11 kap 9 a § Miljöbalken om vattenverksamhet, Klingerfjärden, Måsgrundsholmen, Timrå kommun",
    "avsandare": "Personuppgift",
    "postort": "Sörberge",
    "kommun": "Sundsvall",
    "beslutsdatum": "",
    "case_id": "5472084",
    "lansstyrelse": "Lansstyrelsen i Vasternorrlands lan",
    "geocoded_from": "kommun:Sundsvall"
   }
  },
  {
   "type": "Feature",
   "geometry": {
    "type": "Point",
    "coordinates": [
     17.298439340201515,
     62.48614315411818
    ]
   },
   "properties": {
    "diarienummer": "2276-2026",
    "status": "Handläggning",
    "indatum": "2026-03-26",
    "rubrik": "Anmälan enligt 11 kap 9 a § Miljöbalken om vattenverksamhet, Alabäcken, Timrå kommun",
    "avsandare": "Personuppgift",
    "postort": "Söråker",
    "kommun": "Timrå",
    "beslutsdatum": "",
    "case_id": "5443572",
    "lansstyrelse": "Lansstyrelsen i Vasternorrlands lan",
    "geocoded_from": "kommun:Timrå"
   }
  },
  {
   "type": "Feature",
   "geometry": {
    "type": "Point",
    "coordinates": [
     15.652130184807001,
     62.5165470788358
    ]
   },
   "properties": {
    "diarienummer": "2403-2026",
    "status": "Handläggning",
    "indatum": "2026-03-30",
    "rubrik": "Anmälan enligt 11 kap 9 a § Miljöbalken om vattenverksamhet, Mellansjön, Otviken, Ånge kommun",
    "avsandare": "Personuppgift",
    "postort": "Sveg",
    "kommun": "Ånge",
    "beslutsdatum": "",
    "case_id": "5447769",
    "lansstyrelse": "Lansstyrelsen i Vasternorrlands lan",
    "geocoded_from": "kommun:Ånge"
   }
  },
  {
   "type": "Feature",
   "geometry": {
    "type": "Point",
    "coordinates": [
     17.313666810546405,
     62.38279789640262
    ]
   },
   "properties": {
    "diarienummer": "2497-2026",
    "status": "Handläggning",
    "indatum": "2026-04-01",
    "rubrik": "Anmälan enligt 11 kap 9 a § Miljöbalken om vattenverksamhet, akut åtgärd på grund av trasig tryckledning för spillvatten, Ängom avloppstation, Projekt 235141, Sundsvalls kommun",
    "avsandare": "Mitt Sverige Vatten & Avfall MSVA",
    "postort": "Sundsvall",
    "kommun": "",
    "beslutsdatum": "",
    "case_id": "5451153",
    "lansstyrelse": "Lansstyrelsen i Vasternorrlands lan",
    "geocoded_from": "postort:Sundsvall"
   }
  },
  {
   "type": "Feature",
   "geometry": {
    "type": "Point",
    "coordinates": [
     18.711746858194637,
     63.28960343746455
    ]
   },
   "properties": {
    "diarienummer": "2557-2026",
    "status": "Handläggning",
    "indatum": "2026-04-02",
    "rubrik": "Anmälan enligt 11 kap 9 a § Miljöbalken om vattenverksamhet, Moälven (EUCD: SE1F7A2F0F‑AE12‑4F61‑8B1A‑B05B21CE285C), Örnsköldsvik kommun",
    "avsandare": "Personuppgift",
    "postort": "Örnsköldsvik",
    "kommun": "Örnsköldsvik",
    "beslutsdatum": "",
    "case_id": "5453107",
    "lansstyrelse": "Lansstyrelsen i Vasternorrlands lan",
    "geocoded_from": "kommun:Örnsköldsvik"
   }
  },
  {
   "type": "Feature",
   "geometry": {
    "type": "Point",
    "coordinates": [
     17.31786746029204,
     62.38539878689625
    ]
   },
   "properties": {
    "diarienummer": "2590-2026",
    "status": "Handläggning",
    "indatum": "2026-04-07",
    "rubrik": "Anmälan enligt 11 kap 9 a § Miljöbalken om vattenverksamhet, Svartråbäcken, Sundsvall kommun",
    "avsandare": "Personuppgift",
    "postort": "Borlänge",
    "kommun": "Sundsvall",
    "beslutsdatum": "",
    "case_id": "5455320",
    "lansstyrelse": "Lansstyrelsen i Vasternorrlands lan",
    "geocoded_from": "kommun:Sundsvall"
   }
  },
  {
   "type": "Feature",
   "geometry": {
    "type": "Point",
    "coordinates": [
     17.263054676901984,
     63.16468788121986
    ]
   },
   "properties": {
    "diarienummer": "2609-2026",
    "status": "Handläggning",
    "indatum": "2026-04-08",
    "rubrik": "Anmälan enligt 11 kap 9 a § Miljöbalken om vattenverksamhet, Rävabäcken, Sollefteå kommun",
    "avsandare": "Personuppgift",
    "postort": "Sundsvall",
    "kommun": "Sollefteå",
    "beslutsdatum": "",
    "case_id": "5456056",
    "lansstyrelse": "Lansstyrelsen i Vasternorrlands lan",
    "geocoded_from": "kommun:Sollefteå"
   }
  },
  {
   "type": "Feature",
   "geometry": {
    "type": "Point",
    "coordinates": [
     17.997763001213606,
     59.36399948859
    ]
   },
   "properties": {
    "diarienummer": "2740-2026",
    "status": "Handläggning",
    "indatum": "2026-04-13",
    "rubrik": "Anmälan enligt 11 kap 9 a § Miljöbalken om vattenverksamhet för grävning/schaktning och kabel, Nörd-finnaviken, Örnsköldsvik kommun",
    "avsandare": "Personuppgift",
    "postort": "Solna",
    "kommun": "",
    "beslutsdatum": "",
    "case_id": "5461171",
    "lansstyrelse": "Lansstyrelsen i Vasternorrlands lan",
    "geocoded_from": "postort:Solna"
   }
  },
  {
   "type": "Feature",
   "geometry": {
    "type": "Point",
    "coordinates": [
     18.714170318194775,
     63.287426318408215
    ]
   },
   "properties": {
    "diarienummer": "2972-2026",
    "status": "Handläggning",
    "indatum": "2026-04-21",
    "rubrik": "Anmälan enligt 11 kap 9 a § Miljöbalken om vattenverksamhet, Beskrivs i bilagor. Översiktskarta samt, Örnsköldsvik kommun",
    "avsandare": "Personuppgift",
    "postort": "Örnsköldsvik",
    "kommun": "Örnsköldsvik",
    "beslutsdatum": "",
    "case_id": "5470309",
    "lansstyrelse": "Lansstyrelsen i Vasternorrlands lan",
    "geocoded_from": "kommun:Örnsköldsvik"
   }
  },
  {
   "type": "Feature",
   "geometry": {
    "type": "Point",
    "coordinates": [
     17.313147698932067,
     62.38113757898215
    ]
   },
   "properties": {
    "diarienummer": "3033-2026",
    "status": "Handläggning",
    "indatum": "2026-04-23",
    "rubrik": "Anmälan enligt 11 kap 9 a § Miljöbalken om vattenverksamhet för fyllning, Spikarna, hamnen, insida Skorven, Sundsvall kommun",
    "avsandare": "Personuppgift",
    "postort": "Norrköping",
    "kommun": "Sundsvall",
    "beslutsdatum": "",
    "case_id": "5473134",
    "lansstyrelse": "Lansstyrelsen i Vasternorrlands lan",
    "geocoded_from": "kommun:Sundsvall"
   }
  },
  {
   "type": "Feature",
   "geometry": {
    "type": "Point",
    "coordinates": [
     18.714532034012024,
     63.289900159582295
    ]
   },
   "properties": {
    "diarienummer": "3154-2026",
    "status": "Handläggning",
    "indatum": "2026-04-28",
    "rubrik": "Anmälan enligt 11 kap 9 a § Miljöbalken om vattenverksamhet, Beskrivs i bilagor., Örnsköldsvik kommun",
    "avsandare": "Personuppgift",
    "postort": "Örnsköldsvik",
    "kommun": "Örnsköldsvik",
    "beslutsdatum": "",
    "case_id": "5477956",
    "lansstyrelse": "Lansstyrelsen i Vasternorrlands lan",
    "geocoded_from": "kommun:Örnsköldsvik"
   }
  },
  {
   "type": "Feature",
   "geometry": {
    "type": "Point",
    "coordinates": [
     18.712816260071694,
     63.291594838688574
    ]
   },
   "properties": {
    "diarienummer": "3159-2026",
    "status": "Handläggning",
    "indatum": "2026-04-28",
    "rubrik": "Anmälan enligt 11 kap 9 a § Miljöbalken om vattenverksamhet, Örnsköldsviks inre hamn (havet), Örnsköldsvik kommun",
    "avsandare": "Personuppgift",
    "postort": "Örnsköldsvik",
    "kommun": "Örnsköldsvik",
    "beslutsdatum": "",
    "case_id": "5478413",
    "lansstyrelse": "Lansstyrelsen i Vasternorrlands lan",
    "geocoded_from": "kommun:Örnsköldsvik"
   }
  },
  {
   "type": "Feature",
   "geometry": {
    "type": "Point",
    "coordinates": [
     17.317917508356746,
     62.38158068425845
    ]
   },
   "properties": {
    "diarienummer": "3090-2026",
    "status": "Handläggning",
    "indatum": "2026-04-24",
    "rubrik": "Anmälan om ändring av vattenverksamhet, förlänga trumma, Silje - Kovland, Sundsvalls kommun, TRV 2025/76789",
    "avsandare": "Trafikverket",
    "postort": "",
    "kommun": "Sundsvall",
    "beslutsdatum": "",
    "case_id": "5475097",
    "lansstyrelse": "Lansstyrelsen i Vasternorrlands lan",
    "kommun_kalla": "rubrik",
    "geocoded_from": "kommun:Sundsvall"
   }
  },
  {
   "type": "Feature",
   "geometry": {
    "type": "Point",
    "coordinates": [
     15.654476974850395,
     62.51410027171437
    ]
   },
   "properties": {
    "diarienummer": "3094-2026",
    "status": "Handläggning",
    "indatum": "2026-04-24",
    "rubrik": "Anmälan enligt 11 kap 9 a § Miljöbalken om vattenverksamhet, Flakabäcken, Ånge kommun",
    "avsandare": "Personuppgift",
    "postort": "Sundsvall",
    "kommun": "Ånge",
    "beslutsdatum": "",
    "case_id": "5475213",
    "lansstyrelse": "Lansstyrelsen i Vasternorrlands lan",
    "geocoded_from": "kommun:Ånge"
   }
  },
  {
   "type": "Feature",
   "geometry": {
    "type": "Point",
    "coordinates": [
     17.785996484007498,
     62.93074494207177
    ]
   },
   "properties": {
    "diarienummer": "3128-2026",
    "status": "Handläggning",
    "indatum": "2026-04-27",
    "rubrik": "Anmälan enligt 11 kap 9 a § Miljöbalken om vattenverksamhet, Sjölandsviken, Kramfors kommun",
    "avsandare": "Personuppgift",
    "postort": "Docksta",
    "kommun": "Kramfors",
    "beslutsdatum": "",
    "case_id": "5477096",
    "lansstyrelse": "Lansstyrelsen i Vasternorrlands lan",
    "geocoded_from": "kommun:Kramfors"
   }
  },
  {
   "type": "Feature",
   "geometry": {
    "type": "Point",
    "coordinates": [
     17.313582108782953,
     62.38114628557366
    ]
   },
   "properties": {
    "diarienummer": "3271-2026",
    "status": "Handläggning",
    "indatum": "2026-04-30",
    "rubrik": "Begäran om yttrande över ansökan om tillstånd till vattenverksamhet för permanent bortledande av grundvatten från skärning i Stockvik m.m., Sundsvalls kommun, M 4365-25, svar senast 19 oktober 2026",
    "avsandare": "Mark- och miljödomstolen vid Östersunds tingsrätt",
    "postort": "",
    "kommun": "Sundsvall",
    "beslutsdatum": "",
    "case_id": "5482029",
    "lansstyrelse": "Lansstyrelsen i Vasternorrlands lan",
    "kommun_kalla": "rubrik",
    "geocoded_from": "kommun:Sundsvall"
   }
  },
  {
   "type": "Feature",
   "geometry": {
    "type": "Point",
    "coordinates": [
     17.317522614964652,
     62.38271231478658
    ]
   },
   "properties": {
    "diarienummer": "3283-2026",
    "status": "Handläggning",
    "indatum": "2026-04-30",
    "rubrik": "Begäran om yttrande gällande tillståndsansökan vattenverksamhet för bortledande av grundvatten från skärning i Hemmanet och Vapelnäs, Sundsvalls kommun, svar senast 19 oktober 2026",
    "avsandare": "Mark- och miljödomstolen vid Östersunds tingsrätt",
    "postort": "",
    "kommun": "Sundsvall",
    "beslutsdatum": "",
    "case_id": "5482405",
    "lansstyrelse": "Lansstyrelsen i Vasternorrlands lan",
    "kommun_kalla": "rubrik",
    "geocoded_from": "kommun:Sundsvall"
   }
  },
  {
   "type": "Feature",
   "geometry": {
    "type": "Point",
    "coordinates": [
     15.652306101818636,
     62.51695418906885
    ]
   },
   "properties": {
    "diarienummer": "3450-2026",
    "status": "Handläggning",
    "indatum": "2026-05-08",
    "rubrik": "Begäran om yttrande över ansökan om tillstånd till uppförande och drift av anläggning för tillverkning av vätgas, flygbränsle samt vattenverksamhet på fastigheten Ovansjö, Ånge kommun M 1234-26",
    "avsandare": "Mark- och miljödomstolen, Östersund",
    "postort": "",
    "kommun": "Ånge",
    "beslutsdatum": "",
    "case_id": "5489184",
    "lansstyrelse": "Lansstyrelsen i Vasternorrlands lan",
    "kommun_kalla": "rubrik",
    "geocoded_from": "kommun:Ånge"
   }
  },
  {
   "type": "Feature",
   "geometry": {
    "type": "Point",
    "coordinates": [
     17.399506038497794,
     62.433053169347076
    ]
   },
   "properties": {
    "diarienummer": "3557-2026",
    "status": "Handläggning",
    "indatum": "2026-05-12",
    "rubrik": "Överklagande av Länsstyrelsens beslut om bifall till vattenverksamhet på fastigheten Röde 2:29, Sundsvalls kommun",
    "avsandare": "Personuppgift",
    "postort": "Alnö",
    "kommun": "",
    "beslutsdatum": "",
    "case_id": "5493217",
    "lansstyrelse": "Lansstyrelsen i Vasternorrlands lan",
    "geocoded_from": "postort:Alnö"
   }
  },
  {
   "type": "Feature",
   "geometry": {
    "type": "Point",
    "coordinates": [
     17.26175013047561,
     63.16439054113653
    ]
   },
   "properties": {
    "diarienummer": "3327-2026",
    "status": "Handläggning",
    "indatum": "2026-05-05",
    "rubrik": "Begäran om yttrande över anmälan om vattenverksamhet byte av vägtrumma, Spannån, Hågesta, Sollefteå kommun, FIHM2026-764, svar senast 22 maj 2026",
    "avsandare": "Försvarsinspektören för Hälsa och Miljö FIHM",
    "postort": "",
    "kommun": "Sollefteå",
    "beslutsdatum": "",
    "case_id": "5484389",
    "lansstyrelse": "Lansstyrelsen i Vasternorrlands lan",
    "kommun_kalla": "rubrik",
    "geocoded_from": "kommun:Sollefteå"
   }
  },
  {
   "type": "Feature",
   "geometry": {
    "type": "Point",
    "coordinates": [
     17.31680498626623,
     62.38074844131204
    ]
   },
   "properties": {
    "diarienummer": "3389-2026",
    "status": "Handläggning",
    "indatum": "2026-05-07",
    "rubrik": "Anmälan enligt 11 kap 9 a § Miljöbalken om vattenverksamhet, Torringen, Sundsvall kommun",
    "avsandare": "Personuppgift",
    "postort": "Sundsvall",
    "kommun": "Sundsvall",
    "beslutsdatum": "",
    "case_id": "5487820",
    "lansstyrelse": "Lansstyrelsen i Vasternorrlands lan",
    "geocoded_from": "kommun:Sundsvall"
   }
  },
  {
   "type": "Feature",
   "geometry": {
    "type": "Point",
    "coordinates": [
     17.31502580775272,
     62.38148670268754
    ]
   },
   "properties": {
    "diarienummer": "3413-2026",
    "status": "Handläggning",
    "indatum": "2026-05-08",
    "rubrik": "Anmälan enligt 11 kap 9 a § Miljöbalken om vattenverksamhet, Bredsandsbäcken, Sundsvall kommun",
    "avsandare": "Personuppgift",
    "postort": "Sundsvall",
    "kommun": "Sundsvall",
    "beslutsdatum": "",
    "case_id": "5488446",
    "lansstyrelse": "Lansstyrelsen i Vasternorrlands lan",
    "geocoded_from": "kommun:Sundsvall"
   }
  },
  {
   "type": "Feature",
   "geometry": {
    "type": "Point",
    "coordinates": [
     17.78509311016068,
     62.93559600808291
    ]
   },
   "properties": {
    "diarienummer": "3470-2026",
    "status": "Handläggning",
    "indatum": "2026-05-11",
    "rubrik": "Anmälan enligt 11 kap 9 a § Miljöbalken om vattenverksamhet, Norrfällsviken, angränsande till fastighet Kramfors Nordingrå-Mjällom 3:28, Kramfors kommun",
    "avsandare": "Personuppgift",
    "postort": "Bjästa",
    "kommun": "Kramfors",
    "beslutsdatum": "",
    "case_id": "5490297",
    "lansstyrelse": "Lansstyrelsen i Vasternorrlands lan",
    "geocoded_from": "kommun:Kramfors"
   }
  },
  {
   "type": "Feature",
   "geometry": {
    "type": "Point",
    "coordinates": [
     17.26774111060981,
     63.166422018584164
    ]
   },
   "properties": {
    "diarienummer": "3610-2026",
    "status": "Handläggning",
    "indatum": "2026-05-13",
    "rubrik": "Anmälan enligt 11 kap 9 a § Miljöbalken om vattenverksamhet, Lillterrsjön, Sollefteå kommun",
    "avsandare": "Personuppgift",
    "postort": "Sollefteå",
    "kommun": "Sollefteå",
    "beslutsdatum": "",
    "case_id": "5495181",
    "lansstyrelse": "Lansstyrelsen i Vasternorrlands lan",
    "geocoded_from": "kommun:Sollefteå"
   }
  },
  {
   "type": "Feature",
   "geometry": {
    "type": "Point",
    "coordinates": [
     18.7132360240392,
     63.29085956247339
    ]
   },
   "properties": {
    "diarienummer": "3561-2026",
    "status": "Handläggning",
    "indatum": "2026-05-12",
    "rubrik": "Anmälan enligt 11 kap 9 a § Miljöbalken om vattenverksamhet, Grundsunda Fvo, Örnsköldsvik kommun",
    "avsandare": "Personuppgift",
    "postort": "Örnsköldsvik",
    "kommun": "",
    "beslutsdatum": "",
    "case_id": "5493266",
    "lansstyrelse": "Lansstyrelsen i Vasternorrlands lan",
    "geocoded_from": "postort:Örnsköldsvik"
   }
  },
  {
   "type": "Feature",
   "geometry": {
    "type": "Point",
    "coordinates": [
     17.32113385880933,
     62.38241481323797
    ]
   },
   "properties": {
    "diarienummer": "471-2026",
    "status": "Handläggning",
    "indatum": "2026-01-22",
    "rubrik": "Förslag till reviderat kontrollprogram för vattenverksamhet, vattenuttag för snötillverkning samt dämning av Sidsjön, Sundsvalls kommun, mål nr M 2119-22",
    "avsandare": "Sundsvalls kommun",
    "postort": "Sundsvall",
    "kommun": "",
    "beslutsdatum": "",
    "case_id": "5373748",
    "lansstyrelse": "Lansstyrelsen i Vasternorrlands lan",
    "geocoded_from": "postort:Sundsvall"
   }
  },
  {
   "type": "Feature",
   "geometry": {
    "type": "Point",
    "coordinates": [
     17.641971433097464,
     59.855902527474704
    ]
   },
   "properties": {
    "diarienummer": "2812-2026",
    "status": "Handläggning",
    "indatum": "2026-04-27",
    "rubrik": "Begäran om yttrande över undersöknings- och avgränsningssamråd 6 kap. MB inför ansökan om tillstånd till vattenverksamhet 11 kap. MB för en gång- och cykelbro över Jumkilsån i Uppsala kommun",
    "avsandare": "Ensucon",
    "postort": "",
    "kommun": "Uppsala",
    "beslutsdatum": "",
    "case_id": "5478677",
    "lansstyrelse": "Lansstyrelsen i Vastmanlands lan",
    "geocoded_from": "kommun:Uppsala"
   }
  },
  {
   "type": "Feature",
   "geometry": {
    "type": "Point",
    "coordinates": [
     15.984357849101709,
     59.515948197360366
    ]
   },
   "properties": {
    "diarienummer": "1065-2026",
    "status": "Handläggning",
    "indatum": "2026-02-09",
    "rubrik": "Kontrollprogram 2026 för Solberga bergtäkts vattenverksamhet - Köpings kommun",
    "avsandare": "Svevia AB",
    "postort": "",
    "kommun": "Köping",
    "beslutsdatum": "",
    "case_id": "5396710",
    "lansstyrelse": "Lansstyrelsen i Vastmanlands lan",
    "kommun_kalla": "rubrik",
    "geocoded_from": "kommun:Köping"
   }
  },
  {
   "type": "Feature",
   "geometry": {
    "type": "Point",
    "coordinates": [
     15.987022188963826,
     59.51806903745309
    ]
   },
   "properties": {
    "diarienummer": "2040-2026",
    "status": "Handläggning",
    "indatum": "2026-03-23",
    "rubrik": "Anmälan enligt 11 kap 9 a § Miljöbalken om vattenverksamhet för dränering av odlingslotter vid Sylta i Köpings kommun",
    "avsandare": "Köpings kommun",
    "postort": "",
    "kommun": "Köping",
    "beslutsdatum": "",
    "case_id": "5440439",
    "lansstyrelse": "Lansstyrelsen i Vastmanlands lan",
    "geocoded_from": "kommun:Köping"
   }
  },
  {
   "type": "Feature",
   "geometry": {
    "type": "Point",
    "coordinates": [
     15.988137095125122,
     59.51719083694972
    ]
   },
   "properties": {
    "diarienummer": "2099-2026",
    "status": "Handläggning",
    "indatum": "2026-03-25",
    "rubrik": "Tillsyn av vattenverksamhet i Köpings kommun",
    "avsandare": "Köpings kommun, Samhällsbyggnadsförvaltningen",
    "postort": "",
    "kommun": "Köping",
    "beslutsdatum": "",
    "case_id": "5443242",
    "lansstyrelse": "Lansstyrelsen i Vastmanlands lan",
    "kommun_kalla": "rubrik",
    "geocoded_from": "kommun:Köping"
   }
  },
  {
   "type": "Feature",
   "geometry": {
    "type": "Point",
    "coordinates": [
     16.597810619471815,
     59.918434337734375
    ]
   },
   "properties": {
    "diarienummer": "2234-2026",
    "status": "Handläggning",
    "indatum": "2026-03-31",
    "rubrik": "Anmälan enligt 11 kap 9 a § Miljöbalken om vattenverksamhet, underhåll av rörbro, sagån, Sala kommun",
    "avsandare": "Personuppgift",
    "postort": "Västerås",
    "kommun": "Sala",
    "beslutsdatum": "",
    "case_id": "5449524",
    "lansstyrelse": "Lansstyrelsen i Vastmanlands lan",
    "geocoded_from": "kommun:Sala"
   }
  },
  {
   "type": "Feature",
   "geometry": {
    "type": "Point",
    "coordinates": [
     15.936421484084365,
     60.06807031876877
    ]
   },
   "properties": {
    "diarienummer": "2452-2026",
    "status": "Handläggning",
    "indatum": "2026-04-13",
    "rubrik": "Anmälan enligt 11 kap 9 a § Miljöbalken om vattenverksamhet för underhåll av trumma, Bjurforsbäcken, Norberg kommun",
    "avsandare": "Personuppgift",
    "postort": "Eskilstuna",
    "kommun": "Norberg",
    "beslutsdatum": "",
    "case_id": "5460894",
    "lansstyrelse": "Lansstyrelsen i Vastmanlands lan",
    "geocoded_from": "kommun:Norberg"
   }
  },
  {
   "type": "Feature",
   "geometry": {
    "type": "Point",
    "coordinates": [
     15.832850462825318,
     59.39777594762998
    ]
   },
   "properties": {
    "diarienummer": "2591-2026",
    "status": "Handläggning",
    "indatum": "2026-04-19",
    "rubrik": "Anmälan enligt 11 kap 9 a § Miljöbalken om vattenverksamhet, Hjälmaren, Arboga kommun",
    "avsandare": "Personuppgift",
    "postort": "Danderyd",
    "kommun": "Arboga",
    "beslutsdatum": "",
    "case_id": "5468009",
    "lansstyrelse": "Lansstyrelsen i Vastmanlands lan",
    "geocoded_from": "kommun:Arboga"
   }
  },
  {
   "type": "Feature",
   "geometry": {
    "type": "Point",
    "coordinates": [
     15.82940239054638,
     59.400942267850944
    ]
   },
   "properties": {
    "diarienummer": "2967-2026",
    "status": "Handläggning",
    "indatum": "2026-04-19",
    "rubrik": "Ansökan om tillstånd/ dispens för strandskydd vid anmälan om vattenverksamhet grävning, schaktning, muddring eller sprängning, Hjälmaren, Måla, Arboga kommun",
    "avsandare": "Personuppgift",
    "postort": "Danderyd",
    "kommun": "Arboga",
    "beslutsdatum": "",
    "case_id": "5486141",
    "lansstyrelse": "Lansstyrelsen i Vastmanlands lan",
    "geocoded_from": "kommun:Arboga"
   }
  },
  {
   "type": "Feature",
   "geometry": {
    "type": "Point",
    "coordinates": [
     16.597825734606232,
     59.918081200288015
    ]
   },
   "properties": {
    "diarienummer": "2679-2026",
    "status": "Handläggning",
    "indatum": "2026-04-22",
    "rubrik": "Anmälan enligt 11 kap 9 a § Miljöbalken om vattenverksamhet, OlovJons-dammen, Sala kommun",
    "avsandare": "Personuppgift",
    "postort": "Sala",
    "kommun": "",
    "beslutsdatum": "",
    "case_id": "5472391",
    "lansstyrelse": "Lansstyrelsen i Vastmanlands lan",
    "geocoded_from": "postort:Sala"
   }
  },
  {
   "type": "Feature",
   "geometry": {
    "type": "Point",
    "coordinates": [
     16.54280552095459,
     59.60741199594863
    ]
   },
   "properties": {
    "diarienummer": "2687-2026",
    "status": "Handläggning",
    "indatum": "2026-04-23",
    "rubrik": "Anmälan enligt 11 kap 9 a § Miljöbalken om vattenverksamhet, Hasselbäcken, Västerås kommun",
    "avsandare": "Personuppgift",
    "postort": "Eskilstuna",
    "kommun": "Västerås",
    "beslutsdatum": "",
    "case_id": "5473153",
    "lansstyrelse": "Lansstyrelsen i Vastmanlands lan",
    "geocoded_from": "kommun:Västerås"
   }
  },
  {
   "type": "Feature",
   "geometry": {
    "type": "Point",
    "coordinates": [
     15.934336324242995,
     60.06689687946827
    ]
   },
   "properties": {
    "diarienummer": "2691-2026",
    "status": "Handläggning",
    "indatum": "2026-04-23",
    "rubrik": "Anmälan enligt 11 kap 9 a § Miljöbalken om vattenverksamhet, Krokbäcken, Norberg kommun",
    "avsandare": "Personuppgift",
    "postort": "Eskilstuna",
    "kommun": "Norberg",
    "beslutsdatum": "",
    "case_id": "5473345",
    "lansstyrelse": "Lansstyrelsen i Vastmanlands lan",
    "geocoded_from": "kommun:Norberg"
   }
  },
  {
   "type": "Feature",
   "geometry": {
    "type": "Point",
    "coordinates": [
     16.545832715583867,
     59.61102138234687
    ]
   },
   "properties": {
    "diarienummer": "2917-2026",
    "status": "Handläggning",
    "indatum": "2026-05-05",
    "rubrik": "Anmälan enligt 11 kap 9 a § Miljöbalken om vattenverksamhet, Frösvibäcken, Västerås kommun",
    "avsandare": "Personuppgift",
    "postort": "Eskilstuna",
    "kommun": "Västerås",
    "beslutsdatum": "",
    "case_id": "5484147",
    "lansstyrelse": "Lansstyrelsen i Vastmanlands lan",
    "geocoded_from": "kommun:Västerås"
   }
  },
  {
   "type": "Feature",
   "geometry": {
    "type": "Point",
    "coordinates": [
     15.93720262332175,
     60.06819690971625
    ]
   },
   "properties": {
    "diarienummer": "2971-2026",
    "status": "Handläggning",
    "indatum": "2026-05-06",
    "rubrik": "Anmälan enligt 11 kap 9 a § Miljöbalken om vattenverksamhet, Storsjön Norberg, Norberg kommun",
    "avsandare": "Personuppgift",
    "postort": "Kalmar",
    "kommun": "Norberg",
    "beslutsdatum": "",
    "case_id": "5486226",
    "lansstyrelse": "Lansstyrelsen i Vastmanlands lan",
    "geocoded_from": "kommun:Norberg"
   }
  },
  {
   "type": "Feature",
   "geometry": {
    "type": "Point",
    "coordinates": [
     15.680502184005483,
     59.83487515286474
    ]
   },
   "properties": {
    "diarienummer": "2982-2026",
    "status": "Handläggning",
    "indatum": "2026-05-07",
    "rubrik": "Anmälan enligt 11 kap 9 a § Miljöbalken om vattenverksamhet, Skäftbäcken, Skinnskatteberg kommun",
    "avsandare": "Personuppgift",
    "postort": "Eskilstuna",
    "kommun": "Skinnskatteberg",
    "beslutsdatum": "",
    "case_id": "5487295",
    "lansstyrelse": "Lansstyrelsen i Vastmanlands lan",
    "geocoded_from": "kommun:Skinnskatteberg"
   }
  },
  {
   "type": "Feature",
   "geometry": {
    "type": "Point",
    "coordinates": [
     16.598983536260626,
     59.914246136898726
    ]
   },
   "properties": {
    "diarienummer": "3001-2026",
    "status": "Handläggning",
    "indatum": "2026-05-07",
    "rubrik": "Anmälan enligt 11 kap 9 a § Miljöbalken om vattenverksamhet, Ljuse grav, Sala kommun",
    "avsandare": "Personuppgift",
    "postort": "Sala",
    "kommun": "Sala",
    "beslutsdatum": "",
    "case_id": "5488191",
    "lansstyrelse": "Lansstyrelsen i Vastmanlands lan",
    "geocoded_from": "kommun:Sala"
   }
  },
  {
   "type": "Feature",
   "geometry": {
    "type": "Point",
    "coordinates": [
     16.549276974850393,
     59.60730027171437
    ]
   },
   "properties": {
    "diarienummer": "3094-2026",
    "status": "Handläggning",
    "indatum": "2026-05-12",
    "rubrik": "Anmälan enligt 11 kap 9 a § Miljöbalken om vattenverksamhet, Mälaren, Västerås kommun",
    "avsandare": "Personuppgift",
    "postort": "VÄSTERÅS",
    "kommun": "Västerås",
    "beslutsdatum": "",
    "case_id": "5492954",
    "lansstyrelse": "Lansstyrelsen i Vastmanlands lan",
    "geocoded_from": "kommun:Västerås"
   }
  },
  {
   "type": "Feature",
   "geometry": {
    "type": "Point",
    "coordinates": [
     15.682480964286253,
     59.8321736754752
    ]
   },
   "properties": {
    "diarienummer": "3226-2026",
    "status": "Handläggning",
    "indatum": "2026-05-20",
    "rubrik": "Tillsyn av vattenverksamhet i samband med styrd borrning under vattendrag, på fastigheten Skinnskattebergs backe och Ämthyttan i Skinnskattebergs kommun",
    "avsandare": "Eltel",
    "postort": "Västerås",
    "kommun": "Skinnskatteberg",
    "beslutsdatum": "",
    "case_id": "5500153",
    "lansstyrelse": "Lansstyrelsen i Vastmanlands lan",
    "geocoded_from": "kommun:Skinnskatteberg"
   }
  },
  {
   "type": "Feature",
   "geometry": {
    "type": "Point",
    "coordinates": [
     12.128420882349808,
     58.135918399717454
    ]
   },
   "properties": {
    "diarienummer": "18981-2026",
    "status": "Handläggning",
    "indatum": "2026-05-05",
    "rubrik": "Förfrågan om handlingarna behöver kompletteras täktverksamhet samt vattenverksamhet för Ucklums Grus AB Mål nummer 1663-26 Lilla Edet Kommun, Senast svarsdatum 2026-06-02",
    "avsandare": "Mark- och miljödomstolen vid Vänersborgs tingsrätt",
    "postort": "",
    "kommun": "Lilla Edet",
    "beslutsdatum": "",
    "case_id": "5486497",
    "lansstyrelse": "Lansstyrelsen i Vastra Gotalands lan",
    "geocoded_from": "kommun:Lilla Edet"
   }
  },
  {
   "type": "Feature",
   "geometry": {
    "type": "Point",
    "coordinates": [
     11.976482775012165,
     57.70816583031714
    ]
   },
   "properties": {
    "diarienummer": "203-2026",
    "status": "Handläggning",
    "indatum": "2026-01-05",
    "rubrik": "Anmälan enligt 11 kap 9 a § Miljöbalken om vattenverksamhet, Kosterhavet, Strömstad kommun",
    "avsandare": "Pontus Gjertsson",
    "postort": "Göteborg",
    "kommun": "",
    "beslutsdatum": "",
    "case_id": "5356894",
    "lansstyrelse": "Lansstyrelsen i Vastra Gotalands lan",
    "geocoded_from": "postort:Göteborg"
   }
  },
  {
   "type": "Feature",
   "geometry": {
    "type": "Point",
    "coordinates": [
     11.975194464265005,
     57.70758709965932
    ]
   },
   "properties": {
    "diarienummer": "327-2026",
    "status": "Handläggning",
    "indatum": "2026-01-05",
    "rubrik": "Föreläggande om yttrande angående ansökan om omprövning gällande vattenverksamhet avseende markavvattningssamfälligheten i Göteborg kommun. Mål nr M 1014-25 Aktbil 54 Svar: 2026-01-26",
    "avsandare": "Mark- och miljödomstolen vid Vänersborgs tingsrätt",
    "postort": "",
    "kommun": "Göteborg",
    "beslutsdatum": "",
    "case_id": "5357572",
    "lansstyrelse": "Lansstyrelsen i Vastra Gotalands lan",
    "geocoded_from": "kommun:Göteborg"
   }
  },
  {
   "type": "Feature",
   "geometry": {
    "type": "Point",
    "coordinates": [
     12.019484325514881,
     57.65104963641211
    ]
   },
   "properties": {
    "diarienummer": "934-2026",
    "status": "Handläggning",
    "indatum": "2026-01-12",
    "rubrik": "Tjänsteanteckning om uppstart av ärende för löpande tillsyn avseende vattenverksamhet , Mölndals kommun",
    "avsandare": "Sweco Sverige AB",
    "postort": "",
    "kommun": "Mölndal",
    "beslutsdatum": "",
    "case_id": "5361399",
    "lansstyrelse": "Lansstyrelsen i Vastra Gotalands lan",
    "kommun_kalla": "rubrik",
    "geocoded_from": "kommun:Mölndal"
   }
  },
  {
   "type": "Feature",
   "geometry": {
    "type": "Point",
    "coordinates": [
     12.953529407491736,
     58.268065168468695
    ]
   },
   "properties": {
    "diarienummer": "1648-2026",
    "status": "Handläggning",
    "indatum": "2026-01-14",
    "rubrik": "Begäran om yttrande över ansökan om vattenverksamhet för bro över Lidan vid Rutakvarn i Vara kommun Mål nr M 4389-25 aktbil 8. Svar 2026-02-26",
    "avsandare": "Mark- och miljödomstolen vid Vänersborgs tingrätt",
    "postort": "",
    "kommun": "Vara",
    "beslutsdatum": "",
    "case_id": "5366196",
    "lansstyrelse": "Lansstyrelsen i Vastra Gotalands lan",
    "geocoded_from": "kommun:Vara"
   }
  },
  {
   "type": "Feature",
   "geometry": {
    "type": "Point",
    "coordinates": [
     11.335633680566893,
     58.71446722291058
    ]
   },
   "properties": {
    "diarienummer": "1849-2026",
    "status": "Handläggning",
    "indatum": "2026-01-15",
    "rubrik": "Samråd inför tillståndsansökan för vattenverksamhet för två brygganläggningar i Tannamskilen i Tanums kommun. Svar 2026-02-13",
    "avsandare": "Raftötången samfällighetsförening",
    "postort": "Göteborg",
    "kommun": "Tanum",
    "beslutsdatum": "",
    "case_id": "5367435",
    "lansstyrelse": "Lansstyrelsen i Vastra Gotalands lan",
    "geocoded_from": "kommun:Tanum"
   }
  },
  {
   "type": "Feature",
   "geometry": {
    "type": "Point",
    "coordinates": [
     11.638290699833721,
     58.18088718256433
    ]
   },
   "properties": {
    "diarienummer": "2516-2026",
    "status": "Handläggning",
    "indatum": "2026-01-20",
    "rubrik": "Begäran om tillsyn av vattenverksamhet, planerad rivning av brygga i Orust kommun",
    "avsandare": "Personuppgift",
    "postort": "",
    "kommun": "Orust",
    "beslutsdatum": "",
    "case_id": "5372463",
    "lansstyrelse": "Lansstyrelsen i Vastra Gotalands lan",
    "kommun_kalla": "rubrik",
    "geocoded_from": "kommun:Orust"
   }
  },
  {
   "type": "Feature",
   "geometry": {
    "type": "Point",
    "coordinates": [
     11.549095216369746,
     58.01892110874182
    ]
   },
   "properties": {
    "diarienummer": "4202-2026",
    "status": "Handläggning",
    "indatum": "2026-01-30",
    "rubrik": "Begäran om tillsyn av vattenverksamhet, åtgärder i bäck med havsöring, Tjörns kommun",
    "avsandare": "Personuppgift",
    "postort": "",
    "kommun": "Tjörn",
    "beslutsdatum": "",
    "case_id": "5386229",
    "lansstyrelse": "Lansstyrelsen i Vastra Gotalands lan",
    "geocoded_from": "kommun:Tjörn"
   }
  },
  {
   "type": "Feature",
   "geometry": {
    "type": "Point",
    "coordinates": [
     11.550986898195754,
     58.01837336964083
    ]
   },
   "properties": {
    "diarienummer": "5345-2026",
    "status": "Handläggning",
    "indatum": "2026-02-10",
    "rubrik": "Anmälan enligt 11 kap 9 a § Miljöbalken om vattenverksamhet för omgrävning av vattendrag Hake Fjord i Tjörns kommun",
    "avsandare": "Svenska Boställen AB",
    "postort": "Jonsered",
    "kommun": "Tjörn",
    "beslutsdatum": "",
    "case_id": "5394400",
    "lansstyrelse": "Lansstyrelsen i Vastra Gotalands lan",
    "geocoded_from": "kommun:Tjörn"
   }
  },
  {
   "type": "Feature",
   "geometry": {
    "type": "Point",
    "coordinates": [
     13.41206526663608,
     57.78612309136273
    ]
   },
   "properties": {
    "diarienummer": "5377-2026",
    "status": "Handläggning",
    "indatum": "2026-02-10",
    "rubrik": "Anmälan enligt 11 kap 9 a § Miljöbalken om vattenverksamhet, schakta ur en vattenspegel i Gammaltorpsbäcken i Ulricehamns kommun",
    "avsandare": "Personuppgift",
    "postort": "Älmestad",
    "kommun": "Ulricehamn",
    "beslutsdatum": "",
    "case_id": "5394548",
    "lansstyrelse": "Lansstyrelsen i Vastra Gotalands lan",
    "geocoded_from": "kommun:Ulricehamn"
   }
  },
  {
   "type": "Feature",
   "geometry": {
    "type": "Point",
    "coordinates": [
     11.334380867791385,
     58.71727952486593
    ]
   },
   "properties": {
    "diarienummer": "5564-2026",
    "status": "Handläggning",
    "indatum": "2026-02-11",
    "rubrik": "Anmälan enligt 11 kap 9 a § Miljöbalken om vattenverksamhet för ersättningsbrygga och Sjöbodar i Tanums kommun",
    "avsandare": "Personuppgift",
    "postort": "Hamburgsund",
    "kommun": "Tanum",
    "beslutsdatum": "",
    "case_id": "5396107",
    "lansstyrelse": "Lansstyrelsen i Vastra Gotalands lan",
    "geocoded_from": "kommun:Tanum"
   }
  },
  {
   "type": "Feature",
   "geometry": {
    "type": "Point",
    "coordinates": [
     12.945038261633941,
     58.26446450764101
    ]
   },
   "properties": {
    "diarienummer": "5597-2026",
    "status": "Handläggning",
    "indatum": "2026-02-11",
    "rubrik": "Anmälan enligt 11 kap 9 a § Miljöbalken om vattenverksamhet, trumma, Skogsvattendrag, Vara kommun",
    "avsandare": "Personuppgift",
    "postort": "Larv",
    "kommun": "Vara",
    "beslutsdatum": "",
    "case_id": "5396544",
    "lansstyrelse": "Lansstyrelsen i Vastra Gotalands lan",
    "geocoded_from": "kommun:Vara"
   }
  },
  {
   "type": "Feature",
   "geometry": {
    "type": "Point",
    "coordinates": [
     11.96679065034399,
     57.86439553096542
    ]
   },
   "properties": {
    "diarienummer": "7259-2026",
    "status": "Handläggning",
    "indatum": "2026-02-20",
    "rubrik": "Begäran om tillsyn av vattenverksamhet, dagvatten från grannfastighet i Kungälvs kommun",
    "avsandare": "Personuppgift",
    "postort": "",
    "kommun": "Kungälv",
    "beslutsdatum": "",
    "case_id": "5408541",
    "lansstyrelse": "Lansstyrelsen i Vastra Gotalands lan",
    "geocoded_from": "kommun:Kungälv"
   }
  },
  {
   "type": "Feature",
   "geometry": {
    "type": "Point",
    "coordinates": [
     11.16684949334056,
     58.93088663513184
    ]
   },
   "properties": {
    "diarienummer": "2239-2026",
    "status": "Handläggning",
    "indatum": "2026-01-19",
    "rubrik": "Anmälan enligt 11 kap 9 a § Miljöbalken om vattenverksamhet, brygga, Strömsvattnet, Strömstads kommun",
    "avsandare": "Personuppgift",
    "postort": "Strömstad",
    "kommun": "Strömstad",
    "beslutsdatum": "",
    "case_id": "5370113",
    "lansstyrelse": "Lansstyrelsen i Vastra Gotalands lan",
    "geocoded_from": "kommun:Strömstad"
   }
  },
  {
   "type": "Feature",
   "geometry": {
    "type": "Point",
    "coordinates": [
     12.117287873360388,
     57.735606748288376
    ]
   },
   "properties": {
    "diarienummer": "4783-2026",
    "status": "Handläggning",
    "indatum": "2026-02-05",
    "rubrik": "Begäran om tillsyn av vattenverksamhet, utfyllnad, kulvertering, brygga, vattenreglering mm i Partille kommun",
    "avsandare": "Personuppgift",
    "postort": "Jonsered",
    "kommun": "Partille",
    "beslutsdatum": "",
    "case_id": "5390516",
    "lansstyrelse": "Lansstyrelsen i Vastra Gotalands lan",
    "geocoded_from": "kommun:Partille"
   }
  },
  {
   "type": "Feature",
   "geometry": {
    "type": "Point",
    "coordinates": [
     11.976794597615838,
     57.71161677146723
    ]
   },
   "properties": {
    "diarienummer": "9185-2026",
    "status": "Handläggning",
    "indatum": "2026-03-04",
    "rubrik": "Samråd inför tillståndsansökan vattenverksamhet för Centralbadet och Valhallagatan i Göteborgs kommun. Tid 2026-04-15",
    "avsandare": "Göteborgs Stad",
    "postort": "",
    "kommun": "Göteborg",
    "beslutsdatum": "",
    "case_id": "5420205",
    "lansstyrelse": "Lansstyrelsen i Vastra Gotalands lan",
    "geocoded_from": "kommun:Göteborg"
   }
  },
  {
   "type": "Feature",
   "geometry": {
    "type": "Point",
    "coordinates": [
     14.287364526580346,
     58.29983628510374
    ]
   },
   "properties": {
    "diarienummer": "11034-2026",
    "status": "Handläggning",
    "indatum": "2026-03-17",
    "rubrik": "Begäran om tillsyn av vattenverksamhet, muddring av damm i Hjos kommun",
    "avsandare": "Personuppgift",
    "postort": "",
    "kommun": "Hjo",
    "beslutsdatum": "",
    "case_id": "5432315",
    "lansstyrelse": "Lansstyrelsen i Vastra Gotalands lan",
    "geocoded_from": "kommun:Hjo"
   }
  },
  {
   "type": "Feature",
   "geometry": {
    "type": "Point",
    "coordinates": [
     12.450291083676044,
     58.70187915182991
    ]
   },
   "properties": {
    "diarienummer": "11111-2026",
    "status": "Handläggning",
    "indatum": "2026-03-17",
    "rubrik": "Begäran om tillsyn av vattenverksamhet, påträffad förorening, Melleruds kommun",
    "avsandare": "NCC Infrastructure",
    "postort": "Karlstad",
    "kommun": "Mellerud",
    "beslutsdatum": "",
    "case_id": "5432785",
    "lansstyrelse": "Lansstyrelsen i Vastra Gotalands lan",
    "geocoded_from": "kommun:Mellerud"
   }
  },
  {
   "type": "Feature",
   "geometry": {
    "type": "Point",
    "coordinates": [
     11.551806208510548,
     58.015571760478245
    ]
   },
   "properties": {
    "diarienummer": "11236-2026",
    "status": "Handläggning",
    "indatum": "2026-03-13",
    "rubrik": "Begäran om tillsyn av vattenverksamhet, igenläggning av dike vid schaktarbeten i Tjörns kommun",
    "avsandare": "Personuppgift",
    "postort": "",
    "kommun": "Tjörn",
    "beslutsdatum": "",
    "case_id": "5433629",
    "lansstyrelse": "Lansstyrelsen i Vastra Gotalands lan",
    "geocoded_from": "kommun:Tjörn"
   }
  },
  {
   "type": "Feature",
   "geometry": {
    "type": "Point",
    "coordinates": [
     11.629022846091171,
     58.18130735797154
    ]
   },
   "properties": {
    "diarienummer": "11450-2026",
    "status": "Handläggning",
    "indatum": "2026-03-11",
    "rubrik": "Begäran om tillsyn av vattenverksamhet vid brygga i Ellös, Orust kommun",
    "avsandare": "Personuppgift",
    "postort": "Ellös",
    "kommun": "Orust",
    "beslutsdatum": "",
    "case_id": "5435121",
    "lansstyrelse": "Lansstyrelsen i Vastra Gotalands lan",
    "geocoded_from": "kommun:Orust"
   }
  },
  {
   "type": "Feature",
   "geometry": {
    "type": "Point",
    "coordinates": [
     12.31569367617085,
     58.38222911644787
    ]
   },
   "properties": {
    "diarienummer": "11502-2026",
    "status": "Handläggning",
    "indatum": "2026-03-18",
    "rubrik": "Samråd inför tillståndsansökan för vattenverksamhet vid Norra Sanden, Vänersborgs kommun",
    "avsandare": "Vänersborgs kommun",
    "postort": "",
    "kommun": "Vänersborg",
    "beslutsdatum": "",
    "case_id": "5435516",
    "lansstyrelse": "Lansstyrelsen i Vastra Gotalands lan",
    "geocoded_from": "kommun:Vänersborg"
   }
  },
  {
   "type": "Feature",
   "geometry": {
    "type": "Point",
    "coordinates": [
     13.034922565785829,
     58.08460302096039
    ]
   },
   "properties": {
    "diarienummer": "11600-2026",
    "status": "Handläggning",
    "indatum": "2026-03-19",
    "rubrik": "Begäran om tillsyn av vattenverksamhet, rensning av dike, Herrljunga kommun",
    "avsandare": "Personuppgift",
    "postort": "",
    "kommun": "Herrljunga",
    "beslutsdatum": "",
    "case_id": "5436392",
    "lansstyrelse": "Lansstyrelsen i Vastra Gotalands lan",
    "geocoded_from": "kommun:Herrljunga"
   }
  },
  {
   "type": "Feature",
   "geometry": {
    "type": "Point",
    "coordinates": [
     13.813670297564089,
     58.7000160879909
    ]
   },
   "properties": {
    "diarienummer": "11637-2026",
    "status": "Handläggning",
    "indatum": "2026-03-20",
    "rubrik": "Begäran om tillsyn av vattenverksamhet, eventuell fiskodling i dammar i Mariestads kommun",
    "avsandare": "Mariestads kommun",
    "postort": "",
    "kommun": "Mariestad",
    "beslutsdatum": "",
    "case_id": "5436707",
    "lansstyrelse": "Lansstyrelsen i Vastra Gotalands lan",
    "kommun_kalla": "rubrik",
    "geocoded_from": "kommun:Mariestad"
   }
  },
  {
   "type": "Feature",
   "geometry": {
    "type": "Point",
    "coordinates": [
     13.481059021957892,
     58.53404253192452
    ]
   },
   "properties": {
    "diarienummer": "10466-2026",
    "status": "Handläggning",
    "indatum": "2026-03-11",
    "rubrik": "Begäran om tillsyn av vattenverksamhet, aktivitet i vattendrag på Kinnekulle, Götene kommun",
    "avsandare": "Personuppgift",
    "postort": "",
    "kommun": "Götene",
    "beslutsdatum": "",
    "case_id": "5428493",
    "lansstyrelse": "Lansstyrelsen i Vastra Gotalands lan",
    "geocoded_from": "kommun:Götene"
   }
  },
  {
   "type": "Feature",
   "geometry": {
    "type": "Point",
    "coordinates": [
     13.948003732876877,
     58.185445777971864
    ]
   },
   "properties": {
    "diarienummer": "11780-2026",
    "status": "Handläggning",
    "indatum": "2026-03-20",
    "rubrik": "Samråd inför tillståndsansökan för vattenverksamhet i Kvarnabäcken (även benämnd Dimbobäcken), Tidaholms kommun, senast 2026-04-30",
    "avsandare": "BioFactum m fl",
    "postort": "Vimmerby",
    "kommun": "Tidaholm",
    "beslutsdatum": "",
    "case_id": "5437881",
    "lansstyrelse": "Lansstyrelsen i Vastra Gotalands lan",
    "geocoded_from": "kommun:Tidaholm"
   }
  },
  {
   "type": "Feature",
   "geometry": {
    "type": "Point",
    "coordinates": [
     12.284195352365693,
     58.28235203629281
    ]
   },
   "properties": {
    "diarienummer": "12110-2026",
    "status": "Handläggning",
    "indatum": "2026-03-23",
    "rubrik": "Förfrågan om handlingarna behöver kompletteras, ansökan om vattenverksamhet, tillfällig hamn mm i samband med byggande av nya slussar i Trollhättans kommun Mål nr M 5090-25 aktbil 11. Svar 2026-05-04",
    "avsandare": "Mark- och miljödomstolen vid Vänersborgs tingsrätt",
    "postort": "",
    "kommun": "Trollhättan",
    "beslutsdatum": "",
    "case_id": "5440178",
    "lansstyrelse": "Lansstyrelsen i Vastra Gotalands lan",
    "geocoded_from": "kommun:Trollhättan"
   }
  },
  {
   "type": "Feature",
   "geometry": {
    "type": "Point",
    "coordinates": [
     11.230336041613768,
     58.41667808259261
    ]
   },
   "properties": {
    "diarienummer": "13078-2026",
    "status": "Handläggning",
    "indatum": "2026-03-30",
    "rubrik": "Anmälan enligt 11 kap 9 a § Miljöbalken om vattenverksamhet, byte av brygga, Åbyfjorden, Sotenäs kommun",
    "avsandare": "Personuppgift",
    "postort": "Hunnebostrand",
    "kommun": "Sotenäs",
    "beslutsdatum": "",
    "case_id": "5447043",
    "lansstyrelse": "Lansstyrelsen i Vastra Gotalands lan",
    "geocoded_from": "kommun:Sotenäs"
   }
  },
  {
   "type": "Feature",
   "geometry": {
    "type": "Point",
    "coordinates": [
     11.645173940165035,
     57.74834682562119
    ]
   },
   "properties": {
    "diarienummer": "13285-2026",
    "status": "Handläggning",
    "indatum": "2026-03-31",
    "rubrik": "Anmälan enligt 11 kap 9 a § Miljöbalken om vattenverksamhet, utöka hamnens brygganläggningar, Rörö hamn, Öckerö kommun, RÖRÖ 1:2",
    "avsandare": "Hamn och Fiskarföreningen Rörö Strandkassa",
    "postort": "rörö",
    "kommun": "",
    "beslutsdatum": "",
    "case_id": "5448332",
    "lansstyrelse": "Lansstyrelsen i Vastra Gotalands lan",
    "geocoded_from": "postort:rörö"
   }
  },
  {
   "type": "Feature",
   "geometry": {
    "type": "Point",
    "coordinates": [
     11.937182874003033,
     58.93578528997871
    ]
   },
   "properties": {
    "diarienummer": "13464-2026",
    "status": "Handläggning",
    "indatum": "2026-03-30",
    "rubrik": "Begäran om tillsyn av vattenverksamhet för eftersatt rensning av dike i Dals-Eds kommun",
    "avsandare": "Personuppgift",
    "postort": "Dals-Ed",
    "kommun": "",
    "beslutsdatum": "",
    "case_id": "5449626",
    "lansstyrelse": "Lansstyrelsen i Vastra Gotalands lan",
    "geocoded_from": "postort:Dals-Ed"
   }
  },
  {
   "type": "Feature",
   "geometry": {
    "type": "Point",
    "coordinates": [
     11.973275726584125,
     57.7096142009347
    ]
   },
   "properties": {
    "diarienummer": "14116-2026",
    "status": "Handläggning",
    "indatum": "2026-04-02",
    "rubrik": "Begäran om tillsyn av vattenverksamhet, anläggande av badplats mm i Göteborgs kommun",
    "avsandare": "Personuppgift",
    "postort": "",
    "kommun": "Göteborg",
    "beslutsdatum": "",
    "case_id": "5454056",
    "lansstyrelse": "Lansstyrelsen i Vastra Gotalands lan",
    "geocoded_from": "kommun:Göteborg"
   }
  },
  {
   "type": "Feature",
   "geometry": {
    "type": "Point",
    "coordinates": [
     12.13108752657833,
     58.130842300154114
    ]
   },
   "properties": {
    "diarienummer": "18665-2026",
    "status": "Handläggning",
    "indatum": "2026-04-29",
    "rubrik": "Begäran om tillsyn av vattenverksamhet, grävning i vattendrag i Lilla Edets kommun",
    "avsandare": "Personuppgift",
    "postort": "",
    "kommun": "Lilla Edet",
    "beslutsdatum": "",
    "case_id": "5484248",
    "lansstyrelse": "Lansstyrelsen i Vastra Gotalands lan",
    "geocoded_from": "kommun:Lilla Edet"
   }
  },
  {
   "type": "Feature",
   "geometry": {
    "type": "Point",
    "coordinates": [
     11.975008126614306,
     57.710975360203044
    ]
   },
   "properties": {
    "diarienummer": "18056-2026",
    "status": "Handläggning",
    "indatum": "2026-04-29",
    "rubrik": "Anmälan enligt 11 kap 9 a § Miljöbalken om vattenverksamhet, anläggande av pntonbrygga vid kajplats 506 i Skarvikshamnen, Göteborgs kommun",
    "avsandare": "Göteborgs Hamn AB",
    "postort": "",
    "kommun": "Göteborg",
    "beslutsdatum": "",
    "case_id": "5480263",
    "lansstyrelse": "Lansstyrelsen i Vastra Gotalands lan",
    "geocoded_from": "kommun:Göteborg"
   }
  },
  {
   "type": "Feature",
   "geometry": {
    "type": "Point",
    "coordinates": [
     12.53289494334041,
     57.93560161295374
    ]
   },
   "properties": {
    "diarienummer": "16374-2026",
    "status": "Handläggning",
    "indatum": "2026-04-20",
    "rubrik": "Begäran om tillsyn av vattenverksamhet, utfyllnad inom vattenområde i Alingsås kommun",
    "avsandare": "Personuppgift",
    "postort": "Alingsås",
    "kommun": "Alingsås",
    "beslutsdatum": "",
    "case_id": "5469410",
    "lansstyrelse": "Lansstyrelsen i Vastra Gotalands lan",
    "geocoded_from": "kommun:Alingsås"
   }
  },
  {
   "type": "Feature",
   "geometry": {
    "type": "Point",
    "coordinates": [
     12.273709839604948,
     57.7706372744758
    ]
   },
   "properties": {
    "diarienummer": "14713-2026",
    "status": "Handläggning",
    "indatum": "2026-04-08",
    "rubrik": "Begäran om tillsyn av vattenverksamhet, eftersatt rensning av dike i Lerums kommun",
    "avsandare": "Lerums kommun",
    "postort": "Lerum",
    "kommun": "Lerum",
    "beslutsdatum": "",
    "case_id": "5458011",
    "lansstyrelse": "Lansstyrelsen i Vastra Gotalands lan",
    "geocoded_from": "kommun:Lerum"
   }
  },
  {
   "type": "Feature",
   "geometry": {
    "type": "Point",
    "coordinates": [
     12.269818800174326,
     57.768258647466006
    ]
   },
   "properties": {
    "diarienummer": "14725-2026",
    "status": "Handläggning",
    "indatum": "2026-04-08",
    "rubrik": "Samråd inför tillståndsansökan avseende vattenverksamhet innebärande bland annat anläggande av sjötröskel vid utloppet av Lilla Stamsjön i Lerums kommun",
    "avsandare": "Lerums kommun",
    "postort": "",
    "kommun": "Lerum",
    "beslutsdatum": "",
    "case_id": "5458055",
    "lansstyrelse": "Lansstyrelsen i Vastra Gotalands lan",
    "geocoded_from": "kommun:Lerum"
   }
  },
  {
   "type": "Feature",
   "geometry": {
    "type": "Point",
    "coordinates": [
     13.948983064239703,
     58.18497465812375
    ]
   },
   "properties": {
    "diarienummer": "15266-2026",
    "status": "Handläggning",
    "indatum": "2026-04-13",
    "rubrik": "Begäran om tillsyn av vattenverksamhet, dammar i Tidaholms kommun",
    "avsandare": "Personuppgift",
    "postort": "",
    "kommun": "Tidaholm",
    "beslutsdatum": "",
    "case_id": "5461655",
    "lansstyrelse": "Lansstyrelsen i Vastra Gotalands lan",
    "geocoded_from": "kommun:Tidaholm"
   }
  },
  {
   "type": "Feature",
   "geometry": {
    "type": "Point",
    "coordinates": [
     12.087755964308865,
     57.93359949518246
    ]
   },
   "properties": {
    "diarienummer": "15457-2026",
    "status": "Handläggning",
    "indatum": "2026-04-13",
    "rubrik": "Samråd inför tillståndsansökan om vattenverksamhet, stabilitetsåtgärder vid Sköldsån i Alafors, Ale kommun",
    "avsandare": "Ale kommun",
    "postort": "",
    "kommun": "Ale",
    "beslutsdatum": "",
    "case_id": "5462924",
    "lansstyrelse": "Lansstyrelsen i Vastra Gotalands lan",
    "geocoded_from": "kommun:Ale"
   }
  },
  {
   "type": "Feature",
   "geometry": {
    "type": "Point",
    "coordinates": [
     12.274331323093785,
     57.76862340097766
    ]
   },
   "properties": {
    "diarienummer": "13705-2026",
    "status": "Handläggning",
    "indatum": "2026-03-30",
    "rubrik": "Begäran om tillsyn av vattenverksamhet, energiskogs påverkan på dricksvattentäkt, Lerums kommun",
    "avsandare": "Personuppgift",
    "postort": "",
    "kommun": "Lerum",
    "beslutsdatum": "",
    "case_id": "5451352",
    "lansstyrelse": "Lansstyrelsen i Vastra Gotalands lan",
    "geocoded_from": "kommun:Lerum"
   }
  },
  {
   "type": "Feature",
   "geometry": {
    "type": "Point",
    "coordinates": [
     11.97965213569648,
     57.70977168736653
    ]
   },
   "properties": {
    "diarienummer": "15657-2026",
    "status": "Handläggning",
    "indatum": "2026-04-15",
    "rubrik": "Begäran om tillsyn av vattenverksamhet av eftersatt rensning av dike  i Göteborgs kommun",
    "avsandare": "Personuppgift",
    "postort": "Billdal",
    "kommun": "Göteborg",
    "beslutsdatum": "",
    "case_id": "5464302",
    "lansstyrelse": "Lansstyrelsen i Vastra Gotalands lan",
    "geocoded_from": "kommun:Göteborg"
   }
  },
  {
   "type": "Feature",
   "geometry": {
    "type": "Point",
    "coordinates": [
     12.329840744247928,
     57.702795430904025
    ]
   },
   "properties": {
    "diarienummer": "16056-2026",
    "status": "Handläggning",
    "indatum": "2026-04-16",
    "rubrik": "Förfrågan om handlingarna behöver kompletteras gällande ansökan om omprövning av vattenverksamhet i Mölndalsån vid Bugärde vattenkraftverk, Härryda kommun, Mål nr M 377-26. Svar senast 2026-05-15",
    "avsandare": "Mark- och miljödomstolen vid Vänersborgs tingsrätt",
    "postort": "",
    "kommun": "Härryda",
    "beslutsdatum": "",
    "case_id": "5467142",
    "lansstyrelse": "Lansstyrelsen i Vastra Gotalands lan",
    "geocoded_from": "kommun:Härryda"
   }
  },
  {
   "type": "Feature",
   "geometry": {
    "type": "Point",
    "coordinates": [
     11.97682941943659,
     57.712502823458735
    ]
   },
   "properties": {
    "diarienummer": "16159-2026",
    "status": "Handläggning",
    "indatum": "2026-04-17",
    "rubrik": "Anmälan enligt 11 kap 9 a § Miljöbalken om vattenverksamhet, Säveån, Göteborg kommun",
    "avsandare": "Personuppgift",
    "postort": "Göteborg",
    "kommun": "Göteborg",
    "beslutsdatum": "",
    "case_id": "5467862",
    "lansstyrelse": "Lansstyrelsen i Vastra Gotalands lan",
    "geocoded_from": "kommun:Göteborg"
   }
  },
  {
   "type": "Feature",
   "geometry": {
    "type": "Point",
    "coordinates": [
     12.942204887586078,
     57.71980822185947
    ]
   },
   "properties": {
    "diarienummer": "19260-2026",
    "status": "Handläggning",
    "indatum": "2026-05-07",
    "rubrik": "Anmälan enligt 11 kap 9 a § Miljöbalken om vattenverksamhet, minskad tappning från Häggårda vattenkraftverk i Borås kommun",
    "avsandare": "Borås Energi och Miljö AB",
    "postort": "Borås",
    "kommun": "Borås",
    "beslutsdatum": "",
    "case_id": "5488543",
    "lansstyrelse": "Lansstyrelsen i Vastra Gotalands lan",
    "geocoded_from": "kommun:Borås"
   }
  },
  {
   "type": "Feature",
   "geometry": {
    "type": "Point",
    "coordinates": [
     12.9514331493454,
     58.2654728275129
    ]
   },
   "properties": {
    "diarienummer": "19678-2026",
    "status": "Handläggning",
    "indatum": "2026-05-10",
    "rubrik": "Begäran om tillsyn av otillåten vattenverksamhet eller eftersatt underhåll av vattenverksamhet i Vara kommun",
    "avsandare": "Personuppgift",
    "postort": "",
    "kommun": "Vara",
    "beslutsdatum": "",
    "case_id": "5491398",
    "lansstyrelse": "Lansstyrelsen i Vastra Gotalands lan",
    "geocoded_from": "kommun:Vara"
   }
  },
  {
   "type": "Feature",
   "geometry": {
    "type": "Point",
    "coordinates": [
     13.435350509646707,
     58.384644049286656
    ]
   },
   "properties": {
    "diarienummer": "20594-2026",
    "status": "Handläggning",
    "indatum": "2026-05-13",
    "rubrik": "Förslag till kontrollprogram för vattenverksamhet och åtgärder längsmed väg 49 Axvall-Varnhem i Skara kommun",
    "avsandare": "Trafikverket",
    "postort": "",
    "kommun": "Skara",
    "beslutsdatum": "",
    "case_id": "5496645",
    "lansstyrelse": "Lansstyrelsen i Vastra Gotalands lan",
    "geocoded_from": "kommun:Skara"
   }
  },
  {
   "type": "Feature",
   "geometry": {
    "type": "Point",
    "coordinates": [
     12.116611384623871,
     57.73356756054912
    ]
   },
   "properties": {
    "diarienummer": "19618-2026",
    "status": "Handläggning",
    "indatum": "2026-05-07",
    "rubrik": "Begäran om tillsyn av vattenverksamhet, kulvertering av dike, Partille kommun",
    "avsandare": "Personuppgift",
    "postort": "Partille",
    "kommun": "Partille",
    "beslutsdatum": "",
    "case_id": "5491068",
    "lansstyrelse": "Lansstyrelsen i Vastra Gotalands lan",
    "geocoded_from": "kommun:Partille"
   }
  },
  {
   "type": "Feature",
   "geometry": {
    "type": "Point",
    "coordinates": [
     11.977550029230978,
     57.707931456156814
    ]
   },
   "properties": {
    "diarienummer": "4717-2026",
    "status": "Handläggning",
    "indatum": "2026-02-05",
    "rubrik": "Anmälan enligt 11 kap 9 a § Miljöbalken om vattenverksamhet för förlängning av brygga i Göteborgs kommun",
    "avsandare": "Köpstadsö allmänna båtbrygga",
    "postort": "Köpstadsö",
    "kommun": "Göteborg",
    "beslutsdatum": "",
    "case_id": "5390007",
    "lansstyrelse": "Lansstyrelsen i Vastra Gotalands lan",
    "geocoded_from": "kommun:Göteborg"
   }
  },
  {
   "type": "Feature",
   "geometry": {
    "type": "Point",
    "coordinates": [
     11.169497733879297,
     58.93432890830755
    ]
   },
   "properties": {
    "diarienummer": "19570-2026",
    "status": "Handläggning",
    "indatum": "2026-05-11",
    "rubrik": "Anmälan enligt 11 kap 9 a § Miljöbalken om vattenverksamhet för att rivning och uppförande av ny brygga i Hattevik Sydkoster, Strömstads kommun",
    "avsandare": "Hamn & Sjö Väst AB",
    "postort": "Hamburgsund",
    "kommun": "Strömstad",
    "beslutsdatum": "",
    "case_id": "5490784",
    "lansstyrelse": "Lansstyrelsen i Vastra Gotalands lan",
    "geocoded_from": "kommun:Strömstad"
   }
  },
  {
   "type": "Feature",
   "geometry": {
    "type": "Point",
    "coordinates": [
     11.33308369200038,
     58.717161369063874
    ]
   },
   "properties": {
    "diarienummer": "1409-2026",
    "status": "Handläggning",
    "indatum": "2026-01-14",
    "rubrik": "Anmälan enligt 11 kap 9 a § Miljöbalken om vattenverksamhet, Grebbestadskilen, Tanum kommun",
    "avsandare": "Personuppgift",
    "postort": "Tanumshede",
    "kommun": "Tanum",
    "beslutsdatum": "",
    "case_id": "5364358",
    "lansstyrelse": "Lansstyrelsen i Vastra Gotalands lan",
    "geocoded_from": "kommun:Tanum"
   }
  },
  {
   "type": "Feature",
   "geometry": {
    "type": "Point",
    "coordinates": [
     11.934153269045161,
     58.35074502184949
    ]
   },
   "properties": {
    "diarienummer": "1460-2026",
    "status": "Handläggning",
    "indatum": "2026-01-13",
    "rubrik": "Anmälan enligt 11 kap 9 a § Miljöbalken om vattenverksamhet, utökning av tid för arbete i vatten för projektet Väg 678, Grohed-Bratteröd, Uddevalla kommun, TRV 2018/110584",
    "avsandare": "Trafikverket",
    "postort": "Trollhättan",
    "kommun": "Uddevalla",
    "beslutsdatum": "",
    "case_id": "5364715",
    "lansstyrelse": "Lansstyrelsen i Vastra Gotalands lan",
    "geocoded_from": "kommun:Uddevalla"
   }
  },
  {
   "type": "Feature",
   "geometry": {
    "type": "Point",
    "coordinates": [
     11.165538557011107,
     58.933758558794366
    ]
   },
   "properties": {
    "diarienummer": "707-2026",
    "status": "Handläggning",
    "indatum": "2026-01-05",
    "rubrik": "Anmälan enligt 11 kap 9 a § Miljöbalken om vattenverksamhet, återställa befintlig brygga som vi har rivit, Strömstads kommun",
    "avsandare": "Personuppgift",
    "postort": "Göteborg",
    "kommun": "Strömstad",
    "beslutsdatum": "",
    "case_id": "5359739",
    "lansstyrelse": "Lansstyrelsen i Vastra Gotalands lan",
    "geocoded_from": "kommun:Strömstad"
   }
  },
  {
   "type": "Feature",
   "geometry": {
    "type": "Point",
    "coordinates": [
     12.698376950821915,
     57.51690116289781
    ]
   },
   "properties": {
    "diarienummer": "1989-2026",
    "status": "Handläggning",
    "indatum": "2026-01-18",
    "rubrik": "Anmälan enligt 11 kap 9 a § Miljöbalken om vattenverksamhet, grävning, schaktning, muddring eller sprängning, Punkt 4 är närliggande dike/ vattendrag, Marks kommun",
    "avsandare": "Personuppgift",
    "postort": "öxabäck",
    "kommun": "Mark",
    "beslutsdatum": "",
    "case_id": "5368585",
    "lansstyrelse": "Lansstyrelsen i Vastra Gotalands lan",
    "geocoded_from": "kommun:Mark"
   }
  },
  {
   "type": "Feature",
   "geometry": {
    "type": "Point",
    "coordinates": [
     11.975737727295899,
     57.709300162882656
    ]
   },
   "properties": {
    "diarienummer": "2143-2026",
    "status": "Handläggning",
    "indatum": "2026-01-19",
    "rubrik": "Anmälan enligt 11 kap 9 a § Miljöbalken om vattenverksamhet, anläggande av fast brygga, GÖTEBORG ÄLVSBORG 26:12>1, Göteborgs kommun",
    "avsandare": "Personuppgift",
    "postort": "Västra Frölunda",
    "kommun": "Göteborg",
    "beslutsdatum": "",
    "case_id": "5369571",
    "lansstyrelse": "Lansstyrelsen i Vastra Gotalands lan",
    "geocoded_from": "kommun:Göteborg"
   }
  },
  {
   "type": "Feature",
   "geometry": {
    "type": "Point",
    "coordinates": [
     11.978220955749778,
     57.70932379960761
    ]
   },
   "properties": {
    "diarienummer": "1713-2026",
    "status": "Handläggning",
    "indatum": "2026-01-15",
    "rubrik": "Anmälan enligt 11 kap 9 a § Miljöbalken om vattenverksamhet, kabel, rör eller ledning, Långholmssundet, Göteborgs kommun",
    "avsandare": "Telia Company AB",
    "postort": "GÖTEBORG",
    "kommun": "Göteborg",
    "beslutsdatum": "",
    "case_id": "5366582",
    "lansstyrelse": "Lansstyrelsen i Vastra Gotalands lan",
    "geocoded_from": "kommun:Göteborg"
   }
  },
  {
   "type": "Feature",
   "geometry": {
    "type": "Point",
    "coordinates": [
     11.96384753619309,
     57.86947870518951
    ]
   },
   "properties": {
    "diarienummer": "4211-2026",
    "status": "Handläggning",
    "indatum": "2026-02-01",
    "rubrik": "Anmälan enligt 11 kap 9 a § Miljöbalken om vattenverksamhet för upprensning av inseglingsränna för småbåtshamn i Kungälvs kommun",
    "avsandare": "Lycke Småbåtshamn Ekonomisk förening",
    "postort": "Göteborg",
    "kommun": "Kungälv",
    "beslutsdatum": "",
    "case_id": "5386292",
    "lansstyrelse": "Lansstyrelsen i Vastra Gotalands lan",
    "geocoded_from": "kommun:Kungälv"
   }
  },
  {
   "type": "Feature",
   "geometry": {
    "type": "Point",
    "coordinates": [
     12.533353073062276,
     57.933949679721245
    ]
   },
   "properties": {
    "diarienummer": "4664-2026",
    "status": "Handläggning",
    "indatum": "2026-02-04",
    "rubrik": "Anmälan enligt 11 kap 9 a § Miljöbalken om vattenverksamhet för nedläggning av VA-ledningar i Alingsås kommun",
    "avsandare": "Alingsås kommun",
    "postort": "",
    "kommun": "Alingsås",
    "beslutsdatum": "",
    "case_id": "5389610",
    "lansstyrelse": "Lansstyrelsen i Vastra Gotalands lan",
    "geocoded_from": "kommun:Alingsås"
   }
  },
  {
   "type": "Feature",
   "geometry": {
    "type": "Point",
    "coordinates": [
     11.974861806358714,
     57.709484295783376
    ]
   },
   "properties": {
    "diarienummer": "4692-2026",
    "status": "Handläggning",
    "indatum": "2026-02-04",
    "rubrik": "Anmälan enligt 11 kap 9 a § Miljöbalken om vattenverksamhet för två torrbryggor vid Mölndalsån, Nellickevägen i Göteborgs kommun",
    "avsandare": "Göteborgs Stad",
    "postort": "",
    "kommun": "Göteborg",
    "beslutsdatum": "",
    "case_id": "5389885",
    "lansstyrelse": "Lansstyrelsen i Vastra Gotalands lan",
    "geocoded_from": "kommun:Göteborg"
   }
  },
  {
   "type": "Feature",
   "geometry": {
    "type": "Point",
    "coordinates": [
     13.145495362389703,
     58.498566154552584
    ]
   },
   "properties": {
    "diarienummer": "2987-2026",
    "status": "Handläggning",
    "indatum": "2026-01-26",
    "rubrik": "Anmälan enligt 11 kap 9 a § Miljöbalken om vattenverksamhet, ombyggnad av befintliga flytbryggor i Lidköpings kommun",
    "avsandare": "Ströms Fisk",
    "postort": "Lidköping",
    "kommun": "Lidköping",
    "beslutsdatum": "",
    "case_id": "5376227",
    "lansstyrelse": "Lansstyrelsen i Vastra Gotalands lan",
    "geocoded_from": "kommun:Lidköping"
   }
  },
  {
   "type": "Feature",
   "geometry": {
    "type": "Point",
    "coordinates": [
     12.948382114244623,
     58.268525378138825
    ]
   },
   "properties": {
    "diarienummer": "3514-2026",
    "status": "Handläggning",
    "indatum": "2026-01-28",
    "rubrik": "Anmälan enligt 11 kap 9 a § Miljöbalken om vattenverksamhet för reparation av bro i Smedtoftabäcken i Vara kommun",
    "avsandare": "Trafikverket",
    "postort": "Göteborg",
    "kommun": "Vara",
    "beslutsdatum": "",
    "case_id": "5381127",
    "lansstyrelse": "Lansstyrelsen i Vastra Gotalands lan",
    "geocoded_from": "kommun:Vara"
   }
  },
  {
   "type": "Feature",
   "geometry": {
    "type": "Point",
    "coordinates": [
     11.3309636701491,
     58.71656633309939
    ]
   },
   "properties": {
    "diarienummer": "4025-2026",
    "status": "Handläggning",
    "indatum": "2026-02-02",
    "rubrik": "Anmälan enligt 11 kap 9 a § Miljöbalken om vattenverksamhet för ledningar i vattendrag i Tanums kommun",
    "avsandare": "Ellevio AB",
    "postort": "",
    "kommun": "Tanum",
    "beslutsdatum": "",
    "case_id": "5385064",
    "lansstyrelse": "Lansstyrelsen i Vastra Gotalands lan",
    "geocoded_from": "kommun:Tanum"
   }
  },
  {
   "type": "Feature",
   "geometry": {
    "type": "Point",
    "coordinates": [
     13.81802706183433,
     58.70187242143169
    ]
   },
   "properties": {
    "diarienummer": "7334-2026",
    "status": "Handläggning",
    "indatum": "2026-02-23",
    "rubrik": "Anmälan enligt 11 kap 9 a § Miljöbalken om vattenverksamhet för fosfordamm i Odensåker i Mariestads kommun",
    "avsandare": "Personuppgift",
    "postort": "Väring",
    "kommun": "Mariestad",
    "beslutsdatum": "",
    "case_id": "5409137",
    "lansstyrelse": "Lansstyrelsen i Vastra Gotalands lan",
    "geocoded_from": "kommun:Mariestad"
   }
  },
  {
   "type": "Feature",
   "geometry": {
    "type": "Point",
    "coordinates": [
     11.968922178793052,
     57.86370439368355
    ]
   },
   "properties": {
    "diarienummer": "7638-2026",
    "status": "Handläggning",
    "indatum": "2026-02-25",
    "rubrik": "Anmälan enligt 11 kap 9 a § Miljöbalken om vattenverksamhet, Nordre älv, Kungälv kommun",
    "avsandare": "Personuppgift",
    "postort": "Kungälv",
    "kommun": "Kungälv",
    "beslutsdatum": "",
    "case_id": "5411406",
    "lansstyrelse": "Lansstyrelsen i Vastra Gotalands lan",
    "geocoded_from": "kommun:Kungälv"
   }
  },
  {
   "type": "Feature",
   "geometry": {
    "type": "Point",
    "coordinates": [
     13.41744350837999,
     57.780588123295644
    ]
   },
   "properties": {
    "diarienummer": "7709-2026",
    "status": "Handläggning",
    "indatum": "2026-02-25",
    "rubrik": "Anmälan enligt 11 kap 9 a § Miljöbalken om vattenverksamhet, schaktning, Ulricehamns kommun",
    "avsandare": "Nöre Vägsamfällighetsförening",
    "postort": "Ulricehamn",
    "kommun": "Ulricehamn",
    "beslutsdatum": "",
    "case_id": "5411860",
    "lansstyrelse": "Lansstyrelsen i Vastra Gotalands lan",
    "geocoded_from": "kommun:Ulricehamn"
   }
  },
  {
   "type": "Feature",
   "geometry": {
    "type": "Point",
    "coordinates": [
     11.976229501994233,
     57.71267886622767
    ]
   },
   "properties": {
    "diarienummer": "7710-2026",
    "status": "Handläggning",
    "indatum": "2026-02-25",
    "rubrik": "Anmälan enligt 11 kap 9 a § Miljöbalken om vattenverksamhet, uppförande av ny bro med tillhörande anläggningar över Balltorpsbäcken, dnr TRV 2026/19562, Mölndals kommun",
    "avsandare": "Trafikverket",
    "postort": "Göteborg",
    "kommun": "",
    "beslutsdatum": "",
    "case_id": "5411877",
    "lansstyrelse": "Lansstyrelsen i Vastra Gotalands lan",
    "geocoded_from": "postort:Göteborg"
   }
  },
  {
   "type": "Feature",
   "geometry": {
    "type": "Point",
    "coordinates": [
     11.551587445758866,
     58.01437743338451
    ]
   },
   "properties": {
    "diarienummer": "7912-2026",
    "status": "Handläggning",
    "indatum": "2026-02-26",
    "rubrik": "Anmälan enligt 11 kap 9 a § Miljöbalken om vattenverksamhet, reparation av brygga i Tjörns kommun",
    "avsandare": "Personuppgift",
    "postort": "Klädesholmen",
    "kommun": "Tjörn",
    "beslutsdatum": "",
    "case_id": "5413066",
    "lansstyrelse": "Lansstyrelsen i Vastra Gotalands lan",
    "geocoded_from": "kommun:Tjörn"
   }
  },
  {
   "type": "Feature",
   "geometry": {
    "type": "Point",
    "coordinates": [
     11.551161022028715,
     58.014513115961286
    ]
   },
   "properties": {
    "diarienummer": "8147-2026",
    "status": "Handläggning",
    "indatum": "2026-02-28",
    "rubrik": "Anmälan enligt 11 kap 9 a § Miljöbalken om vattenverksamhet för anläggning av flytbrygga, Tjörn kommun",
    "avsandare": "Personuppgift",
    "postort": "Klädesholmen",
    "kommun": "Tjörn",
    "beslutsdatum": "",
    "case_id": "5414275",
    "lansstyrelse": "Lansstyrelsen i Vastra Gotalands lan",
    "geocoded_from": "kommun:Tjörn"
   }
  },
  {
   "type": "Feature",
   "geometry": {
    "type": "Point",
    "coordinates": [
     14.279443791508578,
     58.30257513431714
    ]
   },
   "properties": {
    "diarienummer": "8839-2026",
    "status": "Handläggning",
    "indatum": "2026-03-03",
    "rubrik": "Anmälan enligt 11 kap 9 a § Miljöbalken om vattenverksamhet, Hjo kommun",
    "avsandare": "Personuppgift",
    "postort": "Hjo",
    "kommun": "Hjo",
    "beslutsdatum": "",
    "case_id": "5417697",
    "lansstyrelse": "Lansstyrelsen i Vastra Gotalands lan",
    "geocoded_from": "kommun:Hjo"
   }
  },
  {
   "type": "Feature",
   "geometry": {
    "type": "Point",
    "coordinates": [
     11.974378224076979,
     57.70706123046282
    ]
   },
   "properties": {
    "diarienummer": "8995-2026",
    "status": "Handläggning",
    "indatum": "2026-03-04",
    "rubrik": "Anmälan enligt 11 kap 9 a § Miljöbalken om vattenverksamhet, säkerställa befintlig pir, Göteborgs kommun",
    "avsandare": "Föreningen Brevik Ek.för.",
    "postort": "Västra Frölunda",
    "kommun": "Göteborg",
    "beslutsdatum": "",
    "case_id": "5419052",
    "lansstyrelse": "Lansstyrelsen i Vastra Gotalands lan",
    "geocoded_from": "kommun:Göteborg"
   }
  },
  {
   "type": "Feature",
   "geometry": {
    "type": "Point",
    "coordinates": [
     12.533824599051348,
     57.93458020461946
    ]
   },
   "properties": {
    "diarienummer": "5606-2026",
    "status": "Handläggning",
    "indatum": "2026-02-12",
    "rubrik": "Ansökan om tillstånd/ dispens för schaktning m.m, samprövning av strandskydd i samband med vattenverksamhet. Se bilaga 1 djur- och växtskyddsområde och strandskydd, Alingsås kommun",
    "avsandare": "Alingsås Kommun",
    "postort": "Alingsås",
    "kommun": "Alingsås",
    "beslutsdatum": "",
    "case_id": "5396610",
    "lansstyrelse": "Lansstyrelsen i Vastra Gotalands lan",
    "geocoded_from": "kommun:Alingsås"
   }
  },
  {
   "type": "Feature",
   "geometry": {
    "type": "Point",
    "coordinates": [
     12.268984395357428,
     57.76952805214454
    ]
   },
   "properties": {
    "diarienummer": "5723-2026",
    "status": "Handläggning",
    "indatum": "2026-02-12",
    "rubrik": "Anmälan enligt 11 kap 9 a § Miljöbalken om vattenverksamhet för anläggande av infart över dike, trumma i Lerums kommun",
    "avsandare": "WM Estate AB",
    "postort": "Gråbo",
    "kommun": "Lerum",
    "beslutsdatum": "",
    "case_id": "5397743",
    "lansstyrelse": "Lansstyrelsen i Vastra Gotalands lan",
    "geocoded_from": "kommun:Lerum"
   }
  },
  {
   "type": "Feature",
   "geometry": {
    "type": "Point",
    "coordinates": [
     11.681742030746769,
     58.46453413076793
    ]
   },
   "properties": {
    "diarienummer": "5983-2026",
    "status": "Handläggning",
    "indatum": "2026-02-16",
    "rubrik": "Anmälan enligt 11 kap 9 a § Miljöbalken om vattenverksamhet, grävning, schaktning, muddring eller sprängning, trumma, Södra Bullaresjön, Munkedals kommun",
    "avsandare": "Trafikverket",
    "postort": "Trollhättan",
    "kommun": "Munkedal",
    "beslutsdatum": "",
    "case_id": "5399713",
    "lansstyrelse": "Lansstyrelsen i Vastra Gotalands lan",
    "geocoded_from": "kommun:Munkedal"
   }
  },
  {
   "type": "Feature",
   "geometry": {
    "type": "Point",
    "coordinates": [
     11.334063353681591,
     58.71803391210868
    ]
   },
   "properties": {
    "diarienummer": "6018-2026",
    "status": "Handläggning",
    "indatum": "2026-02-13",
    "rubrik": "Anmälan enligt 11 kap 9a § Miljöbalken om vattenverksamhet, underhåll av befintlig våtmark samt restaurering i de östra delarna av Ejgdetjärnet, Tanums kommun",
    "avsandare": "Personuppgift",
    "postort": "Grebbestad",
    "kommun": "Tanum",
    "beslutsdatum": "",
    "case_id": "5399889",
    "lansstyrelse": "Lansstyrelsen i Vastra Gotalands lan",
    "geocoded_from": "kommun:Tanum"
   }
  },
  {
   "type": "Feature",
   "geometry": {
    "type": "Point",
    "coordinates": [
     11.97854417633167,
     57.70985877234483
    ]
   },
   "properties": {
    "diarienummer": "6536-2026",
    "status": "Handläggning",
    "indatum": "2026-02-18",
    "rubrik": "Anmälan enligt 11 kap 9 a § Miljöbalken om vattenverksamhet för vattenuttag ur Mölndalsån i Göteborgs kommun",
    "avsandare": "Liseberg AB",
    "postort": "GÖTEBORG",
    "kommun": "Göteborg",
    "beslutsdatum": "",
    "case_id": "5403639",
    "lansstyrelse": "Lansstyrelsen i Vastra Gotalands lan",
    "geocoded_from": "kommun:Göteborg"
   }
  },
  {
   "type": "Feature",
   "geometry": {
    "type": "Point",
    "coordinates": [
     12.704132110983409,
     59.04927387027734
    ]
   },
   "properties": {
    "diarienummer": "6577-2026",
    "status": "Handläggning",
    "indatum": "2026-02-18",
    "rubrik": "Anmälan enligt 11 kap 9 a § Miljöbalken om vattenverksamhet, grävning, schaktning, muddring eller sprängning, anläggande av fast brygga (inkl. stenkista, pålad brygga), Vänern, Näsviken, Åmåls kommun",
    "avsandare": "Personuppgift",
    "postort": "Åmål",
    "kommun": "Åmål",
    "beslutsdatum": "",
    "case_id": "5403922",
    "lansstyrelse": "Lansstyrelsen i Vastra Gotalands lan",
    "geocoded_from": "kommun:Åmål"
   }
  },
  {
   "type": "Feature",
   "geometry": {
    "type": "Point",
    "coordinates": [
     12.570856914792005,
     57.66585759753095
    ]
   },
   "properties": {
    "diarienummer": "7122-2026",
    "status": "Handläggning",
    "indatum": "2026-02-23",
    "rubrik": "Anmälan enligt 11 kap 9 a § Miljöbalken om vattenverksamhet, Bäckar/diken som avrinner mot Nolån, Bollebygd kommun",
    "avsandare": "Personuppgift",
    "postort": "Bollebygd",
    "kommun": "Bollebygd",
    "beslutsdatum": "",
    "case_id": "5407651",
    "lansstyrelse": "Lansstyrelsen i Vastra Gotalands lan",
    "geocoded_from": "kommun:Bollebygd"
   }
  },
  {
   "type": "Feature",
   "geometry": {
    "type": "Point",
    "coordinates": [
     13.818934985462944,
     58.69835526289585
    ]
   },
   "properties": {
    "diarienummer": "7243-2026",
    "status": "Handläggning",
    "indatum": "2026-02-23",
    "rubrik": "Anmälan enligt 11 kap 9 a § Miljöbalken om vattenverksamhet, Vänern, Mariestad kommun",
    "avsandare": "Personuppgift",
    "postort": "Mariestad",
    "kommun": "Mariestad",
    "beslutsdatum": "",
    "case_id": "5408442",
    "lansstyrelse": "Lansstyrelsen i Vastra Gotalands lan",
    "geocoded_from": "kommun:Mariestad"
   }
  },
  {
   "type": "Feature",
   "geometry": {
    "type": "Point",
    "coordinates": [
     13.421525162837769,
     57.780791668595924
    ]
   },
   "properties": {
    "diarienummer": "7244-2026",
    "status": "Handläggning",
    "indatum": "2026-02-23",
    "rubrik": "Anmälan enligt 11 kap 9 a § Miljöbalken om vattenverksamhet för nyanläggning av våtmark  i Ulricehamns kommun",
    "avsandare": "Christian Hallberg",
    "postort": "Ulricehamn",
    "kommun": "",
    "beslutsdatum": "",
    "case_id": "5408444",
    "lansstyrelse": "Lansstyrelsen i Vastra Gotalands lan",
    "geocoded_from": "postort:Ulricehamn"
   }
  },
  {
   "type": "Feature",
   "geometry": {
    "type": "Point",
    "coordinates": [
     11.546518725818705,
     58.01898470272091
    ]
   },
   "properties": {
    "diarienummer": "14327-2026",
    "status": "Handläggning",
    "indatum": "2026-04-07",
    "rubrik": "Anmälan enligt 11 kap 9 a § Miljöbalken om vattenverksamhet för anläggning av småbåtshamn, flytbrygga  i  Tjörns kommun",
    "avsandare": "Personuppgift",
    "postort": "Skärhamn",
    "kommun": "Tjörn",
    "beslutsdatum": "",
    "case_id": "5455391",
    "lansstyrelse": "Lansstyrelsen i Vastra Gotalands lan",
    "geocoded_from": "kommun:Tjörn"
   }
  },
  {
   "type": "Feature",
   "geometry": {
    "type": "Point",
    "coordinates": [
     12.530763828713033,
     57.93035469233185
    ]
   },
   "properties": {
    "diarienummer": "14348-2026",
    "status": "Handläggning",
    "indatum": "2026-04-08",
    "rubrik": "Anmälan enligt 11 kap 9 a § Miljöbalken om vattenverksamhet för nedläggning av kabel vid  Mjörn, Östadviken i Alingsås kommun",
    "avsandare": "Bjärke Energi Infra AB",
    "postort": "Sollebrunn",
    "kommun": "Alingsås",
    "beslutsdatum": "",
    "case_id": "5455563",
    "lansstyrelse": "Lansstyrelsen i Vastra Gotalands lan",
    "geocoded_from": "kommun:Alingsås"
   }
  },
  {
   "type": "Feature",
   "geometry": {
    "type": "Point",
    "coordinates": [
     13.813094029296481,
     58.70046085475834
    ]
   },
   "properties": {
    "diarienummer": "14612-2026",
    "status": "Handläggning",
    "indatum": "2026-04-09",
    "rubrik": "Anmälan enligt 11 kap 9 a § Miljöbalken om vattenverksamhet för  fyllning eller pålning vid  Vänern  i Mariestads kommun",
    "avsandare": "Personuppgift",
    "postort": "Torsö",
    "kommun": "Mariestad",
    "beslutsdatum": "",
    "case_id": "5457378",
    "lansstyrelse": "Lansstyrelsen i Vastra Gotalands lan",
    "geocoded_from": "kommun:Mariestad"
   }
  },
  {
   "type": "Feature",
   "geometry": {
    "type": "Point",
    "coordinates": [
     11.965346676163872,
     57.86774425631882
    ]
   },
   "properties": {
    "diarienummer": "14678-2026",
    "status": "Handläggning",
    "indatum": "2026-04-09",
    "rubrik": "Anmälan enligt 11 kap 9 a § Miljöbalken om vattenverksamhet för nedläggning av  kabel vid Norra inloppet Marstrand  i Kungälvs kommun",
    "avsandare": "Vattenfall Eldistribution AB",
    "postort": "Trollhättan",
    "kommun": "Kungälv",
    "beslutsdatum": "",
    "case_id": "5457802",
    "lansstyrelse": "Lansstyrelsen i Vastra Gotalands lan",
    "geocoded_from": "kommun:Kungälv"
   }
  },
  {
   "type": "Feature",
   "geometry": {
    "type": "Point",
    "coordinates": [
     13.816830896945685,
     58.69979147014135
    ]
   },
   "properties": {
    "diarienummer": "13666-2026",
    "status": "Handläggning",
    "indatum": "2026-03-31",
    "rubrik": "Begäran om tillsyn av vattenverksamhet, grävt dike, Mariestads kommun",
    "avsandare": "Mariestads kommun",
    "postort": "",
    "kommun": "Mariestad",
    "beslutsdatum": "",
    "case_id": "5451062",
    "lansstyrelse": "Lansstyrelsen i Vastra Gotalands lan",
    "geocoded_from": "kommun:Mariestad"
   }
  },
  {
   "type": "Feature",
   "geometry": {
    "type": "Point",
    "coordinates": [
     12.454408119183979,
     58.702843838583924
    ]
   },
   "properties": {
    "diarienummer": "12379-2026",
    "status": "Handläggning",
    "indatum": "2026-03-25",
    "rubrik": "Anmälan enligt 11 kap 9 a § Miljöbalken om vattenverksamhet för grävning mm för anläggning av fosfordamm, Dälpan (W A35255431)  i Melleruds kommun",
    "avsandare": "Personuppgift",
    "postort": "Mellerud",
    "kommun": "Mellerud",
    "beslutsdatum": "",
    "case_id": "5441824",
    "lansstyrelse": "Lansstyrelsen i Vastra Gotalands lan",
    "geocoded_from": "kommun:Mellerud"
   }
  },
  {
   "type": "Feature",
   "geometry": {
    "type": "Point",
    "coordinates": [
     11.972158284245559,
     57.70726959668936
    ]
   },
   "properties": {
    "diarienummer": "12493-2026",
    "status": "Handläggning",
    "indatum": "2026-03-25",
    "rubrik": "Anmälan enligt 11 kap 9 a § Miljöbalken om vattenverksamhet, anläggning av fundament och fackverkskonstruktion över Kvillebäcken i Göteborgs kommun",
    "avsandare": "Personuppgift",
    "postort": "Göteborg",
    "kommun": "Göteborg",
    "beslutsdatum": "",
    "case_id": "5442718",
    "lansstyrelse": "Lansstyrelsen i Vastra Gotalands lan",
    "geocoded_from": "kommun:Göteborg"
   }
  },
  {
   "type": "Feature",
   "geometry": {
    "type": "Point",
    "coordinates": [
     13.146317269895212,
     58.501675756137935
    ]
   },
   "properties": {
    "diarienummer": "12620-2026",
    "status": "Handläggning",
    "indatum": "2026-03-26",
    "rubrik": "Anmälan enligt 11 kap 9 a § Miljöbalken om vattenverksamhet för  grävning mm  gällande dike  vid Vänern i Lidköpings kommun",
    "avsandare": "Lidköpings kommun",
    "postort": "Lidköping",
    "kommun": "Lidköping",
    "beslutsdatum": "",
    "case_id": "5443469",
    "lansstyrelse": "Lansstyrelsen i Vastra Gotalands lan",
    "geocoded_from": "kommun:Lidköping"
   }
  },
  {
   "type": "Feature",
   "geometry": {
    "type": "Point",
    "coordinates": [
     11.97210833019484,
     57.70900702359055
    ]
   },
   "properties": {
    "diarienummer": "12870-2026",
    "status": "Handläggning",
    "indatum": "2026-03-27",
    "rubrik": "Anmälan enligt 11 kap 9 a § Miljöbalken om vattenverksamhet för anläggande av erosionsskydd, förlängning av trumma samt rensning av trumma vid väg 190 i Delabäcken i Lerums kommun och Göteborgs kommun",
    "avsandare": "Trafikverket",
    "postort": "Borlänge",
    "kommun": "Göteborg",
    "beslutsdatum": "",
    "case_id": "5445275",
    "lansstyrelse": "Lansstyrelsen i Vastra Gotalands lan",
    "geocoded_from": "kommun:Göteborg"
   }
  },
  {
   "type": "Feature",
   "geometry": {
    "type": "Point",
    "coordinates": [
     11.97957121351038,
     57.71260959508686
    ]
   },
   "properties": {
    "diarienummer": "12887-2026",
    "status": "Handläggning",
    "indatum": "2026-03-27",
    "rubrik": "Anmälan enligt 11 kap 9 a § Miljöbalken om vattenverksamhet för förlängning av trumma, schakt, erosionsskydd och rensning av trumma vid väg 190 vid Kvarnabäcken i Göteborgs kommun",
    "avsandare": "Trafikverket",
    "postort": "Borlänge",
    "kommun": "Göteborg",
    "beslutsdatum": "",
    "case_id": "5445420",
    "lansstyrelse": "Lansstyrelsen i Vastra Gotalands lan",
    "geocoded_from": "kommun:Göteborg"
   }
  },
  {
   "type": "Feature",
   "geometry": {
    "type": "Point",
    "coordinates": [
     11.33528350871191,
     58.71709848212266
    ]
   },
   "properties": {
    "diarienummer": "12930-2026",
    "status": "Handläggning",
    "indatum": "2026-03-27",
    "rubrik": "Anmälan enligt 11 kap 9 a § Miljöbalken om vattenverksamhet, flytbrygga, Tanums kommun",
    "avsandare": "Personuppgift",
    "postort": "Grebbestad",
    "kommun": "Tanum",
    "beslutsdatum": "",
    "case_id": "5445685",
    "lansstyrelse": "Lansstyrelsen i Vastra Gotalands lan",
    "geocoded_from": "kommun:Tanum"
   }
  },
  {
   "type": "Feature",
   "geometry": {
    "type": "Point",
    "coordinates": [
     13.03755661904918,
     58.08430713884982
    ]
   },
   "properties": {
    "diarienummer": "12089-2026",
    "status": "Handläggning",
    "indatum": "2026-03-23",
    "rubrik": "Anmälan enligt 11 kap 9 a § Miljöbalken om vattenverksamhet för uttag av vatten och bevattning i Herrljunga kommun",
    "avsandare": "Personuppgift",
    "postort": "Herrljunga",
    "kommun": "Herrljunga",
    "beslutsdatum": "",
    "case_id": "5440085",
    "lansstyrelse": "Lansstyrelsen i Vastra Gotalands lan",
    "geocoded_from": "kommun:Herrljunga"
   }
  },
  {
   "type": "Feature",
   "geometry": {
    "type": "Point",
    "coordinates": [
     11.331169368598477,
     58.718655961300435
    ]
   },
   "properties": {
    "diarienummer": "10574-2026",
    "status": "Handläggning",
    "indatum": "2026-03-13",
    "rubrik": "Anmälan enligt 11 kap 9 a § Miljöbalken om vattenverksamhet för grävning mm till befintligt dike som efter 4 km rinner ut i Bottnafjorden i  Tanums kommun",
    "avsandare": "Personuppgift",
    "postort": "Dingle",
    "kommun": "Tanum",
    "beslutsdatum": "",
    "case_id": "5429318",
    "lansstyrelse": "Lansstyrelsen i Vastra Gotalands lan",
    "geocoded_from": "kommun:Tanum"
   }
  },
  {
   "type": "Feature",
   "geometry": {
    "type": "Point",
    "coordinates": [
     11.330383830940738,
     58.71472654294953
    ]
   },
   "properties": {
    "diarienummer": "10721-2026",
    "status": "Handläggning",
    "indatum": "2026-03-16",
    "rubrik": "Anmälan enligt 11 kap 9 a § Miljöbalken om vattenverksamhet för nedläggning av kabel vid Valö lera  i  Tanums kommun",
    "avsandare": "ELLEVIO AB",
    "postort": "Kungsbacka",
    "kommun": "Tanum",
    "beslutsdatum": "",
    "case_id": "5430297",
    "lansstyrelse": "Lansstyrelsen i Vastra Gotalands lan",
    "geocoded_from": "kommun:Tanum"
   }
  },
  {
   "type": "Feature",
   "geometry": {
    "type": "Point",
    "coordinates": [
     11.336269168328169,
     58.71517197544133
    ]
   },
   "properties": {
    "diarienummer": "11755-2026",
    "status": "Handläggning",
    "indatum": "2026-03-22",
    "rubrik": "Anmälan enligt 11 kap 9 a § Miljöbalken om vattenverksamhet, bygga till brygga, Hamburgö, Tanum kommun",
    "avsandare": "Personuppgift",
    "postort": "Göteborg",
    "kommun": "Tanum",
    "beslutsdatum": "",
    "case_id": "5437590",
    "lansstyrelse": "Lansstyrelsen i Vastra Gotalands lan",
    "geocoded_from": "kommun:Tanum"
   }
  },
  {
   "type": "Feature",
   "geometry": {
    "type": "Point",
    "coordinates": [
     11.928608770404452,
     58.348699756024736
    ]
   },
   "properties": {
    "diarienummer": "11756-2026",
    "status": "Handläggning",
    "indatum": "2026-03-22",
    "rubrik": "Anmälan enligt 11 kap 9 a § Miljöbalken om vattenverksamhet, Nedläggning/byte av trumma, Uddevalla kommun",
    "avsandare": "Personuppgift",
    "postort": "Varberg",
    "kommun": "Uddevalla",
    "beslutsdatum": "",
    "case_id": "5437597",
    "lansstyrelse": "Lansstyrelsen i Vastra Gotalands lan",
    "geocoded_from": "kommun:Uddevalla"
   }
  },
  {
   "type": "Feature",
   "geometry": {
    "type": "Point",
    "coordinates": [
     11.335962581941326,
     58.71548663993226
    ]
   },
   "properties": {
    "diarienummer": "11429-2026",
    "status": "Handläggning",
    "indatum": "2026-03-19",
    "rubrik": "Anmälan enligt 11 kap 9 a § Miljöbalken om vattenverksamhet för grävning till befintligt dike som rinner ut i Bottnafjorden., Tanums kommun",
    "avsandare": "Personuppgift",
    "postort": "Dingle",
    "kommun": "Tanum",
    "beslutsdatum": "",
    "case_id": "5434925",
    "lansstyrelse": "Lansstyrelsen i Vastra Gotalands lan",
    "geocoded_from": "kommun:Tanum"
   }
  },
  {
   "type": "Feature",
   "geometry": {
    "type": "Point",
    "coordinates": [
     11.97004417547035,
     57.7123277824509
    ]
   },
   "properties": {
    "diarienummer": "9599-2026",
    "status": "Handläggning",
    "indatum": "2026-03-05",
    "rubrik": "Anmälan enligt 11 kap 9 a § Miljöbalken om vattenverksamhet, frilägga och tillfälligt avlägsna brunnsbetäckningen inom området Delsjövägen, Göteborgs kommun",
    "avsandare": "Göteborgs stad",
    "postort": "",
    "kommun": "Göteborg",
    "beslutsdatum": "",
    "case_id": "5422927",
    "lansstyrelse": "Lansstyrelsen i Vastra Gotalands lan",
    "geocoded_from": "kommun:Göteborg"
   }
  },
  {
   "type": "Feature",
   "geometry": {
    "type": "Point",
    "coordinates": [
     12.445234096243489,
     58.70094167003557
    ]
   },
   "properties": {
    "diarienummer": "9791-2026",
    "status": "Handläggning",
    "indatum": "2026-03-09",
    "rubrik": "Anmälan enligt 11 kap 9 a § Miljöbalken om vattenverksamhet, byta ut rör i Vänersborgs kommun",
    "avsandare": "Hinsetakans dikningsföretag sedan 1954",
    "postort": "Brålanda",
    "kommun": "Mellerud",
    "beslutsdatum": "",
    "case_id": "5424030",
    "lansstyrelse": "Lansstyrelsen i Vastra Gotalands lan",
    "geocoded_from": "kommun:Mellerud"
   }
  },
  {
   "type": "Feature",
   "geometry": {
    "type": "Point",
    "coordinates": [
     11.97750989077403,
     57.71153160840683
    ]
   },
   "properties": {
    "diarienummer": "10278-2026",
    "status": "Handläggning",
    "indatum": "2026-03-11",
    "rubrik": "Anmälan enligt 11 kap 9 a § Miljöbalken om vattenverksamhet, fyllning av vattenområde, Göteborgs kommun",
    "avsandare": "Göteborgs stad",
    "postort": "",
    "kommun": "Göteborg",
    "beslutsdatum": "",
    "case_id": "5427407",
    "lansstyrelse": "Lansstyrelsen i Vastra Gotalands lan",
    "geocoded_from": "kommun:Göteborg"
   }
  },
  {
   "type": "Feature",
   "geometry": {
    "type": "Point",
    "coordinates": [
     11.335624683708966,
     58.71922544169623
    ]
   },
   "properties": {
    "diarienummer": "10290-2026",
    "status": "Handläggning",
    "indatum": "2026-03-12",
    "rubrik": "Anmälan enligt 11 kap 9 a § Miljöbalken om vattenverksamhet för utbyte av rörbro i Trässvallälven i Tanums kommun",
    "avsandare": "Personuppgift",
    "postort": "Trollhättan",
    "kommun": "Tanum",
    "beslutsdatum": "",
    "case_id": "5427466",
    "lansstyrelse": "Lansstyrelsen i Vastra Gotalands lan",
    "geocoded_from": "kommun:Tanum"
   }
  },
  {
   "type": "Feature",
   "geometry": {
    "type": "Point",
    "coordinates": [
     11.9743334913124,
     57.71223676892494
    ]
   },
   "properties": {
    "diarienummer": "5117-2026",
    "status": "Handläggning",
    "indatum": "2026-02-09",
    "rubrik": "Anmälan enligt 11 kap 9 a § Miljöbalken om vattenverksamhet för röjning av vass i Askimsviken i Göteborgs kommun",
    "avsandare": "Lisebergs Gäst AB",
    "postort": "Göteborg",
    "kommun": "Göteborg",
    "beslutsdatum": "",
    "case_id": "5392926",
    "lansstyrelse": "Lansstyrelsen i Vastra Gotalands lan",
    "geocoded_from": "kommun:Göteborg"
   }
  },
  {
   "type": "Feature",
   "geometry": {
    "type": "Point",
    "coordinates": [
     11.979552898773225,
     57.70800412626554
    ]
   },
   "properties": {
    "diarienummer": "2324-2026",
    "status": "Handläggning",
    "indatum": "2026-01-20",
    "rubrik": "Anmälan enligt 11 kap 9 a § Miljöbalken om vattenverksamhet, anläggande av Fast brygga (inkl. stenkista och pålad brygga), Vallgraven, Göteborgs kommun",
    "avsandare": "Göteborgs stad Stadsmiljöförvaltningen",
    "postort": "Göteborg",
    "kommun": "Göteborg",
    "beslutsdatum": "",
    "case_id": "5370997",
    "lansstyrelse": "Lansstyrelsen i Vastra Gotalands lan",
    "geocoded_from": "kommun:Göteborg"
   }
  },
  {
   "type": "Feature",
   "geometry": {
    "type": "Point",
    "coordinates": [
     12.28274255628087,
     58.28329842379437
    ]
   },
   "properties": {
    "diarienummer": "19393-2026",
    "status": "Handläggning",
    "indatum": "2026-05-08",
    "rubrik": "Anmälan enligt 11 kap 9 a § Miljöbalken om vattenverksamhet, grävning och nedläggning av trumma i Stallbackaån, Trollhättans kommun",
    "avsandare": "Trafikverket",
    "postort": "Trollhättan",
    "kommun": "Trollhättan",
    "beslutsdatum": "",
    "case_id": "5489415",
    "lansstyrelse": "Lansstyrelsen i Vastra Gotalands lan",
    "geocoded_from": "kommun:Trollhättan"
   }
  },
  {
   "type": "Feature",
   "geometry": {
    "type": "Point",
    "coordinates": [
     11.963729931838289,
     57.865782071691285
    ]
   },
   "properties": {
    "diarienummer": "19530-2026",
    "status": "Handläggning",
    "indatum": "2026-05-11",
    "rubrik": "Anmälan enligt 11 kap 9 a § Miljöbalken om vattenverksamhet, nedläggning av trumma mellan Göta älv och Bäveån, Kungälvs kommun",
    "avsandare": "Trafikverket",
    "postort": "Trollhättan",
    "kommun": "Kungälv",
    "beslutsdatum": "",
    "case_id": "5490353",
    "lansstyrelse": "Lansstyrelsen i Vastra Gotalands lan",
    "geocoded_from": "kommun:Kungälv"
   }
  },
  {
   "type": "Feature",
   "geometry": {
    "type": "Point",
    "coordinates": [
     11.81176945582424,
     58.081443007197265
    ]
   },
   "properties": {
    "diarienummer": "19909-2026",
    "status": "Handläggning",
    "indatum": "2026-05-08",
    "rubrik": "Anmälan enligt 11 kap 9 a § Miljöbalken om vattenverksamhet, fylla igen branddamm, Stenungsunds kommun",
    "avsandare": "Vattenfall Eldistribution AB",
    "postort": "",
    "kommun": "Stenungsund",
    "beslutsdatum": "",
    "case_id": "5493010",
    "lansstyrelse": "Lansstyrelsen i Vastra Gotalands lan",
    "geocoded_from": "kommun:Stenungsund"
   }
  },
  {
   "type": "Feature",
   "geometry": {
    "type": "Point",
    "coordinates": [
     13.151708027552083,
     58.49831544333588
    ]
   },
   "properties": {
    "diarienummer": "19915-2026",
    "status": "Handläggning",
    "indatum": "2026-05-12",
    "rubrik": "Anmälan enligt 11 kap 9 a § Miljöbalken om vattenverksamhet, Vänern, Lidköpings kommun",
    "avsandare": "Lidköping Miljö och Teknik AB",
    "postort": "Lidköping",
    "kommun": "Lidköping",
    "beslutsdatum": "",
    "case_id": "5493051",
    "lansstyrelse": "Lansstyrelsen i Vastra Gotalands lan",
    "geocoded_from": "kommun:Lidköping"
   }
  },
  {
   "type": "Feature",
   "geometry": {
    "type": "Point",
    "coordinates": [
     11.650743297731518,
     57.71701799015929
    ]
   },
   "properties": {
    "diarienummer": "19966-2026",
    "status": "Handläggning",
    "indatum": "2026-05-11",
    "rubrik": "Förfrågan om anmälningsplikt för vattenverksamhet avseende tillgänglighetsramp i Öckerö kommun",
    "avsandare": "Öckerö kommun",
    "postort": "Öckerö",
    "kommun": "Öckerö",
    "beslutsdatum": "",
    "case_id": "5493344",
    "lansstyrelse": "Lansstyrelsen i Vastra Gotalands lan",
    "geocoded_from": "kommun:Öckerö"
   }
  },
  {
   "type": "Feature",
   "geometry": {
    "type": "Point",
    "coordinates": [
     11.979306687156253,
     57.71210149261278
    ]
   },
   "properties": {
    "diarienummer": "20533-2026",
    "status": "Handläggning",
    "indatum": "2026-05-17",
    "rubrik": "Anmälan enligt 11 kap 9 a § Miljöbalken om vattenverksamhet, brygga, Göteborgs kommun",
    "avsandare": "Personuppgift",
    "postort": "Torslanda",
    "kommun": "Göteborg",
    "beslutsdatum": "",
    "case_id": "5496135",
    "lansstyrelse": "Lansstyrelsen i Vastra Gotalands lan",
    "geocoded_from": "kommun:Göteborg"
   }
  },
  {
   "type": "Feature",
   "geometry": {
    "type": "Point",
    "coordinates": [
     13.951787490603385,
     58.18422952281746
    ]
   },
   "properties": {
    "diarienummer": "19661-2026",
    "status": "Handläggning",
    "indatum": "2026-05-10",
    "rubrik": "Anmälan enligt 11 kap 9 a § Miljöbalken om vattenverksamhet för vattenuttag och bevattning av 9-mannaplan från ån Tidan i Tidaholms kommun",
    "avsandare": "Personuppgift",
    "postort": "Tidaholm",
    "kommun": "Tidaholm",
    "beslutsdatum": "",
    "case_id": "5491291",
    "lansstyrelse": "Lansstyrelsen i Vastra Gotalands lan",
    "geocoded_from": "kommun:Tidaholm"
   }
  },
  {
   "type": "Feature",
   "geometry": {
    "type": "Point",
    "coordinates": [
     11.68547162197217,
     58.46900903650504
    ]
   },
   "properties": {
    "diarienummer": "20607-2026",
    "status": "Handläggning",
    "indatum": "2026-05-15",
    "rubrik": "Anmälan enligt 11 kap 9 a § Miljöbalken om vattenverksamhet för riskreducerande årgärder vid väg 814 Gårviksvägen, Faleby-Bårby i Munkedals kommun",
    "avsandare": "Trafikverket",
    "postort": "Göteborg",
    "kommun": "Munkedal",
    "beslutsdatum": "",
    "case_id": "5496700",
    "lansstyrelse": "Lansstyrelsen i Vastra Gotalands lan",
    "geocoded_from": "kommun:Munkedal"
   }
  },
  {
   "type": "Feature",
   "geometry": {
    "type": "Point",
    "coordinates": [
     11.169246037980775,
     58.9319776925761
    ]
   },
   "properties": {
    "diarienummer": "20633-2026",
    "status": "Handläggning",
    "indatum": "2026-05-18",
    "rubrik": "Anmälan enligt 11 kap 9 a § Miljöbalken om vattenverksamhet, bro över Hämmensån, Strömstads kommun",
    "avsandare": "Ahlstrom Sweden AB",
    "postort": "Billingsfors",
    "kommun": "Strömstad",
    "beslutsdatum": "",
    "case_id": "5496906",
    "lansstyrelse": "Lansstyrelsen i Vastra Gotalands lan",
    "geocoded_from": "kommun:Strömstad"
   }
  },
  {
   "type": "Feature",
   "geometry": {
    "type": "Point",
    "coordinates": [
     11.972939043845479,
     57.70742610836222
    ]
   },
   "properties": {
    "diarienummer": "21560-2026",
    "status": "Handläggning",
    "indatum": "2026-05-20",
    "rubrik": "Anmälan enligt 11 kap 9 a § Miljöbalken om vattenverksamhet för att anlägga dagvattenanläggning vid Jordfallsbron i Göteborgs kommun",
    "avsandare": "Trafikverket",
    "postort": "",
    "kommun": "Göteborg",
    "beslutsdatum": "",
    "case_id": "5503495",
    "lansstyrelse": "Lansstyrelsen i Vastra Gotalands lan",
    "geocoded_from": "kommun:Göteborg"
   }
  },
  {
   "type": "Feature",
   "geometry": {
    "type": "Point",
    "coordinates": [
     13.954856896102664,
     58.18415211670529
    ]
   },
   "properties": {
    "diarienummer": "21157-2026",
    "status": "Handläggning",
    "indatum": "2026-05-20",
    "rubrik": "Anmälan enligt 11 kap 9 a § Miljöbalken om vattenverksamhet, Fröbäcken. Sörkvarnen, Tidaholms kommun",
    "avsandare": "Kommunalförbundet Skaraborgsvatten",
    "postort": "Stenstorp",
    "kommun": "Tidaholm",
    "beslutsdatum": "",
    "case_id": "5500721",
    "lansstyrelse": "Lansstyrelsen i Vastra Gotalands lan",
    "geocoded_from": "kommun:Tidaholm"
   }
  },
  {
   "type": "Feature",
   "geometry": {
    "type": "Point",
    "coordinates": [
     11.334911352442049,
     58.714710298114156
    ]
   },
   "properties": {
    "diarienummer": "21096-2026",
    "status": "Handläggning",
    "indatum": "2026-05-20",
    "rubrik": "Anmälan enligt 11 kap 9 a § Miljöbalken om vattenverksamhet, Gudmundsskäret, Stora Enerskär, Naturreservat Hjärterön, Tanums kommun",
    "avsandare": "ELLEVIO AB",
    "postort": "Fagersta",
    "kommun": "Tanum",
    "beslutsdatum": "",
    "case_id": "5500334",
    "lansstyrelse": "Lansstyrelsen i Vastra Gotalands lan",
    "geocoded_from": "kommun:Tanum"
   }
  },
  {
   "type": "Feature",
   "geometry": {
    "type": "Point",
    "coordinates": [
     11.97509011039611,
     57.711505954889034
    ]
   },
   "properties": {
    "diarienummer": "21568-2026",
    "status": "Handläggning",
    "indatum": "2026-05-22",
    "rubrik": "Anmälan enligt 11 kap 9 a § Miljöbalken om vattenverksamhet för rensning vid trummynning i Göteborgs kommun",
    "avsandare": "Göteborgs stad",
    "postort": "",
    "kommun": "Göteborg",
    "beslutsdatum": "",
    "case_id": "5503563",
    "lansstyrelse": "Lansstyrelsen i Vastra Gotalands lan",
    "geocoded_from": "kommun:Göteborg"
   }
  },
  {
   "type": "Feature",
   "geometry": {
    "type": "Point",
    "coordinates": [
     12.272327311530963,
     57.77031337516905
    ]
   },
   "properties": {
    "diarienummer": "16167-2026",
    "status": "Handläggning",
    "indatum": "2026-04-18",
    "rubrik": "Anmälan enligt 11 kap 9 a § Miljöbalken om vattenverksamhet, Aspen sjön och Sävelången sjön, Lerum kommun",
    "avsandare": "Personuppgift",
    "postort": "Stockholm",
    "kommun": "Lerum",
    "beslutsdatum": "",
    "case_id": "5467925",
    "lansstyrelse": "Lansstyrelsen i Vastra Gotalands lan",
    "geocoded_from": "kommun:Lerum"
   }
  },
  {
   "type": "Feature",
   "geometry": {
    "type": "Point",
    "coordinates": [
     11.16307406559217,
     58.93099380872761
    ]
   },
   "properties": {
    "diarienummer": "16203-2026",
    "status": "Handläggning",
    "indatum": "2026-04-16",
    "rubrik": "Anmälan enligt 11 kap 9 a § Miljöbalken om vattenverksamhet för nyanläggning av kommunala vatten- och tryckavloppsledningar i Strömstads kommun",
    "avsandare": "Strömstads kommun, VA-avdelningen",
    "postort": "Strömstad",
    "kommun": "Strömstad",
    "beslutsdatum": "",
    "case_id": "5468093",
    "lansstyrelse": "Lansstyrelsen i Vastra Gotalands lan",
    "geocoded_from": "kommun:Strömstad"
   }
  },
  {
   "type": "Feature",
   "geometry": {
    "type": "Point",
    "coordinates": [
     11.54581687172993,
     58.01614383360705
    ]
   },
   "properties": {
    "diarienummer": "16217-2026",
    "status": "Handläggning",
    "indatum": "2026-04-20",
    "rubrik": "Anmälan enligt 11 kap 9 a § Miljöbalken om vattenverksamhet, Lilla Brattön, Tjörns kommun, Tjörn kommun",
    "avsandare": "Personuppgift",
    "postort": "Vara",
    "kommun": "Tjörn",
    "beslutsdatum": "",
    "case_id": "5468209",
    "lansstyrelse": "Lansstyrelsen i Vastra Gotalands lan",
    "geocoded_from": "kommun:Tjörn"
   }
  },
  {
   "type": "Feature",
   "geometry": {
    "type": "Point",
    "coordinates": [
     11.962270997293674,
     57.86838125791484
    ]
   },
   "properties": {
    "diarienummer": "16333-2026",
    "status": "Handläggning",
    "indatum": "2026-04-20",
    "rubrik": "Anmälan enligt 11 kap 9 a § Miljöbalken om vattenverksamhet, rensning av Nordre älv i Kungälvs kommun",
    "avsandare": "Komarksbäcken i Bäckparken Kungälv",
    "postort": "",
    "kommun": "Kungälv",
    "beslutsdatum": "",
    "case_id": "5469090",
    "lansstyrelse": "Lansstyrelsen i Vastra Gotalands lan",
    "geocoded_from": "kommun:Kungälv"
   }
  },
  {
   "type": "Feature",
   "geometry": {
    "type": "Point",
    "coordinates": [
     11.97137021832036,
     57.8653201596109
    ]
   },
   "properties": {
    "diarienummer": "15865-2026",
    "status": "Handläggning",
    "indatum": "2026-04-16",
    "rubrik": "Anmälan enligt 11 kap 9 a § Miljöbalken om vattenverksamhet för  trumma, mindre vattendrag som rinner ut i havet vid Tjuvkils huvud  i Kungälvs kommun",
    "avsandare": "Trafikverket",
    "postort": "Trollhättan",
    "kommun": "Kungälv",
    "beslutsdatum": "",
    "case_id": "5465634",
    "lansstyrelse": "Lansstyrelsen i Vastra Gotalands lan",
    "geocoded_from": "kommun:Kungälv"
   }
  },
  {
   "type": "Feature",
   "geometry": {
    "type": "Point",
    "coordinates": [
     14.118432268062692,
     58.96812854572602
    ]
   },
   "properties": {
    "diarienummer": "16055-2026",
    "status": "Handläggning",
    "indatum": "2026-04-17",
    "rubrik": "Anmälan enligt 11 kap 9 a § Miljöbalken om vattenverksamhet, Hovaån, Gullspång kommun",
    "avsandare": "Personuppgift",
    "postort": "Karlskoga",
    "kommun": "Gullspång",
    "beslutsdatum": "",
    "case_id": "5467136",
    "lansstyrelse": "Lansstyrelsen i Vastra Gotalands lan",
    "geocoded_from": "kommun:Gullspång"
   }
  },
  {
   "type": "Feature",
   "geometry": {
    "type": "Point",
    "coordinates": [
     11.630261930992061,
     58.18431066947875
    ]
   },
   "properties": {
    "diarienummer": "14005-2026",
    "status": "Handläggning",
    "indatum": "2026-04-03",
    "rubrik": "Anmälan enligt 11 kap 9 a § Miljöbalken om vattenverksamhet, anläggande av fast brygga, Orust kommun",
    "avsandare": "Orust kommun",
    "postort": "Henån",
    "kommun": "Orust",
    "beslutsdatum": "",
    "case_id": "5453287",
    "lansstyrelse": "Lansstyrelsen i Vastra Gotalands lan",
    "geocoded_from": "kommun:Orust"
   }
  },
  {
   "type": "Feature",
   "geometry": {
    "type": "Point",
    "coordinates": [
     11.816780182866589,
     58.08432161122617
    ]
   },
   "properties": {
    "diarienummer": "15475-2026",
    "status": "Handläggning",
    "indatum": "2026-04-14",
    "rubrik": "Anmälan enligt 11 kap 9 a § Miljöbalken om vattenverksamhet, Stenungsund kommun",
    "avsandare": "Vattenfall Eldistribution AB",
    "postort": "Trollhättan",
    "kommun": "Stenungsund",
    "beslutsdatum": "",
    "case_id": "5463049",
    "lansstyrelse": "Lansstyrelsen i Vastra Gotalands lan",
    "geocoded_from": "kommun:Stenungsund"
   }
  },
  {
   "type": "Feature",
   "geometry": {
    "type": "Point",
    "coordinates": [
     11.973363013917295,
     57.7072551180944
    ]
   },
   "properties": {
    "diarienummer": "15567-2026",
    "status": "Handläggning",
    "indatum": "2026-04-15",
    "rubrik": "Anmälan enligt 11 kap 9 a § Miljöbalken om vattenverksamhet för renovering av flytbrygga, Kattegatt, Göteborgs södra skärgård, Göteborg kommun",
    "avsandare": "Göteborgs Stad",
    "postort": "Göteborg",
    "kommun": "Göteborg",
    "beslutsdatum": "",
    "case_id": "5463872",
    "lansstyrelse": "Lansstyrelsen i Vastra Gotalands lan",
    "geocoded_from": "kommun:Göteborg"
   }
  },
  {
   "type": "Feature",
   "geometry": {
    "type": "Point",
    "coordinates": [
     11.974015858347055,
     57.70747289523476
    ]
   },
   "properties": {
    "diarienummer": "15009-2026",
    "status": "Handläggning",
    "indatum": "2026-04-10",
    "rubrik": "Anmälan enligt 11 kap 9 a § Miljöbalken om vattenverksamhet för grävning mm för kabel mm vid  Säveån i Göteborg kommun",
    "avsandare": "Göteborgs Stad",
    "postort": "Göteborg",
    "kommun": "Göteborg",
    "beslutsdatum": "",
    "case_id": "5459914",
    "lansstyrelse": "Lansstyrelsen i Vastra Gotalands lan",
    "geocoded_from": "kommun:Göteborg"
   }
  },
  {
   "type": "Feature",
   "geometry": {
    "type": "Point",
    "coordinates": [
     11.961948569100871,
     57.86717008351865
    ]
   },
   "properties": {
    "diarienummer": "15028-2026",
    "status": "Handläggning",
    "indatum": "2026-04-12",
    "rubrik": "Anmälan enligt 11 kap 9 a § Miljöbalken om vattenverksamhet för att fylla igen dike ock koppla ihop med betongrör  vid Kyrekbäcken i Kungälvs kommun",
    "avsandare": "Nilströms Fastigheter AB",
    "postort": "Ytterby",
    "kommun": "Kungälv",
    "beslutsdatum": "",
    "case_id": "5460033",
    "lansstyrelse": "Lansstyrelsen i Vastra Gotalands lan",
    "geocoded_from": "kommun:Kungälv"
   }
  },
  {
   "type": "Feature",
   "geometry": {
    "type": "Point",
    "coordinates": [
     12.279400124418244,
     58.28257776794209
    ]
   },
   "properties": {
    "diarienummer": "15064-2026",
    "status": "Handläggning",
    "indatum": "2026-04-09",
    "rubrik": "Anmälan enligt 11 kap 9 a § Miljöbalken om vattenverksamhet, reparera och anlägga ny ledning, Trollhättans kommun",
    "avsandare": "Ragn-Sells Treatment & Detox AB",
    "postort": "",
    "kommun": "Trollhättan",
    "beslutsdatum": "",
    "case_id": "5460233",
    "lansstyrelse": "Lansstyrelsen i Vastra Gotalands lan",
    "geocoded_from": "kommun:Trollhättan"
   }
  },
  {
   "type": "Feature",
   "geometry": {
    "type": "Point",
    "coordinates": [
     11.637411466714083,
     58.184834128001036
    ]
   },
   "properties": {
    "diarienummer": "16545-2026",
    "status": "Handläggning",
    "indatum": "2026-04-21",
    "rubrik": "Anmälan enligt 11 kap 9 a § Miljöbalken om vattenverksamhet för renovering av kajmurar inom Käringöns hamnområde, Käringöfjorden., Orust kommun",
    "avsandare": "Orust kommun",
    "postort": "Henån",
    "kommun": "Orust",
    "beslutsdatum": "",
    "case_id": "5470602",
    "lansstyrelse": "Lansstyrelsen i Vastra Gotalands lan",
    "geocoded_from": "kommun:Orust"
   }
  },
  {
   "type": "Feature",
   "geometry": {
    "type": "Point",
    "coordinates": [
     13.485623096039784,
     58.534788520158415
    ]
   },
   "properties": {
    "diarienummer": "16589-2026",
    "status": "Handläggning",
    "indatum": "2026-04-16",
    "rubrik": "Begäran om tillsyn av vattenverksamhet avseende rensning av vattendrag i Götene kommun",
    "avsandare": "Länsstyrelsen Västra Götaland",
    "postort": "",
    "kommun": "Götene",
    "beslutsdatum": "",
    "case_id": "5470862",
    "lansstyrelse": "Lansstyrelsen i Vastra Gotalands lan",
    "geocoded_from": "kommun:Götene"
   }
  },
  {
   "type": "Feature",
   "geometry": {
    "type": "Point",
    "coordinates": [
     11.977022793067293,
     57.71194906569898
    ]
   },
   "properties": {
    "diarienummer": "16750-2026",
    "status": "Handläggning",
    "indatum": "2026-04-22",
    "rubrik": "Anmälan enligt 11 kap 9 a § Miljöbalken om vattenverksamhet för ledning i Göteborg kommun",
    "avsandare": "Personuppgift",
    "postort": "Göteborg",
    "kommun": "",
    "beslutsdatum": "",
    "case_id": "5472005",
    "lansstyrelse": "Lansstyrelsen i Vastra Gotalands lan",
    "geocoded_from": "postort:Göteborg"
   }
  },
  {
   "type": "Feature",
   "geometry": {
    "type": "Point",
    "coordinates": [
     11.967032649011566,
     57.866876257348174
    ]
   },
   "properties": {
    "diarienummer": "16789-2026",
    "status": "Handläggning",
    "indatum": "2026-04-21",
    "rubrik": "Aanmälan enligt 11 kap 9a § miljöbalken om vattenverksamhet för utrivning av ett dämme vid en mosse  i Kungälvs kommun",
    "avsandare": "Grandab Management AB",
    "postort": "",
    "kommun": "Kungälv",
    "beslutsdatum": "",
    "case_id": "5472275",
    "lansstyrelse": "Lansstyrelsen i Vastra Gotalands lan",
    "geocoded_from": "kommun:Kungälv"
   }
  },
  {
   "type": "Feature",
   "geometry": {
    "type": "Point",
    "coordinates": [
     11.632629784792467,
     58.18129593296669
    ]
   },
   "properties": {
    "diarienummer": "17570-2026",
    "status": "Handläggning",
    "indatum": "2026-04-27",
    "rubrik": "Anmälan enligt 11 kap 9 a § Miljöbalken om vattenverksamhet för grävning och stenskoning vid Hagaån i Orust kommun",
    "avsandare": "Berg-Fjällegärde Vägsamfällighet",
    "postort": "Ellös",
    "kommun": "Orust",
    "beslutsdatum": "",
    "case_id": "5477062",
    "lansstyrelse": "Lansstyrelsen i Vastra Gotalands lan",
    "geocoded_from": "kommun:Orust"
   }
  },
  {
   "type": "Feature",
   "geometry": {
    "type": "Point",
    "coordinates": [
     12.534345141323966,
     57.93279267561025
    ]
   },
   "properties": {
    "diarienummer": "17573-2026",
    "status": "Handläggning",
    "indatum": "2026-04-27",
    "rubrik": "Anmälan enligt 11 kap 9 a § Miljöbalken om vattenverksamhet, anläggande av våtmark, Alingsås kommun",
    "avsandare": "Personuppgift",
    "postort": "Alingsås",
    "kommun": "Alingsås",
    "beslutsdatum": "",
    "case_id": "5477095",
    "lansstyrelse": "Lansstyrelsen i Vastra Gotalands lan",
    "geocoded_from": "kommun:Alingsås"
   }
  },
  {
   "type": "Feature",
   "geometry": {
    "type": "Point",
    "coordinates": [
     13.94632945715228,
     58.18081051580923
    ]
   },
   "properties": {
    "diarienummer": "17614-2026",
    "status": "Handläggning",
    "indatum": "2026-04-28",
    "rubrik": "Anmälan enligt 11 kap 9 a § Miljöbalken om vattenverksamhet, bortledande av ytvatten i Tidaholms kommun",
    "avsandare": "Tidaholms Kommun",
    "postort": "TIDAHOLM",
    "kommun": "Tidaholm",
    "beslutsdatum": "",
    "case_id": "5477326",
    "lansstyrelse": "Lansstyrelsen i Vastra Gotalands lan",
    "geocoded_from": "kommun:Tidaholm"
   }
  },
  {
   "type": "Feature",
   "geometry": {
    "type": "Point",
    "coordinates": [
     11.628998413265853,
     58.18276156803966
    ]
   },
   "properties": {
    "diarienummer": "17723-2026",
    "status": "Handläggning",
    "indatum": "2026-04-28",
    "rubrik": "Anmälan enligt 11 kap 9 a § Miljöbalken om vattenverksamhet, vattenvårds- och restaureringsprojekt i Varekilsån, Orust kommun",
    "avsandare": "Orust Kommun",
    "postort": "Henån",
    "kommun": "Orust",
    "beslutsdatum": "",
    "case_id": "5477957",
    "lansstyrelse": "Lansstyrelsen i Vastra Gotalands lan",
    "geocoded_from": "kommun:Orust"
   }
  },
  {
   "type": "Feature",
   "geometry": {
    "type": "Point",
    "coordinates": [
     12.940012366249235,
     57.71822610389826
    ]
   },
   "properties": {
    "diarienummer": "17846-2026",
    "status": "Handläggning",
    "indatum": "2026-04-28",
    "rubrik": "Anmälan enligt 11 kap 9 a § Miljöbalken om vattenverksamhet, ny bro över Kvarnbäcken / Lyckebovägen Sjömarken i Borås kommun",
    "avsandare": "Personuppgift",
    "postort": "Sjömarken",
    "kommun": "Borås",
    "beslutsdatum": "",
    "case_id": "5478733",
    "lansstyrelse": "Lansstyrelsen i Vastra Gotalands lan",
    "geocoded_from": "kommun:Borås"
   }
  },
  {
   "type": "Feature",
   "geometry": {
    "type": "Point",
    "coordinates": [
     12.945556264926916,
     58.26562853462808
    ]
   },
   "properties": {
    "diarienummer": "18193-2026",
    "status": "Handläggning",
    "indatum": "2026-04-30",
    "rubrik": "Anmälan enligt 11 kap 9 a § Miljöbalken om vattenverksamhet, bro, trumma, Vara kommun",
    "avsandare": "Personuppgift",
    "postort": "Kvänum",
    "kommun": "Vara",
    "beslutsdatum": "",
    "case_id": "5481257",
    "lansstyrelse": "Lansstyrelsen i Vastra Gotalands lan",
    "geocoded_from": "kommun:Vara"
   }
  },
  {
   "type": "Feature",
   "geometry": {
    "type": "Point",
    "coordinates": [
     11.629077440762222,
     58.18470720133477
    ]
   },
   "properties": {
    "diarienummer": "18233-2026",
    "status": "Handläggning",
    "indatum": "2026-05-01",
    "rubrik": "Anmälan enligt 11 kap 9 a § Miljöbalken om vattenverksamhet, grävning, schaktning, muddring eller sprängning, Kosen gamla lotshamn, Orust kommun",
    "avsandare": "Personuppgift",
    "postort": "Käringön",
    "kommun": "Orust",
    "beslutsdatum": "",
    "case_id": "5481466",
    "lansstyrelse": "Lansstyrelsen i Vastra Gotalands lan",
    "geocoded_from": "kommun:Orust"
   }
  },
  {
   "type": "Feature",
   "geometry": {
    "type": "Point",
    "coordinates": [
     13.428958582210468,
     58.38336089304764
    ]
   },
   "properties": {
    "diarienummer": "18242-2026",
    "status": "Handläggning",
    "indatum": "2026-05-03",
    "rubrik": "Anmälan enligt 11 kap 9 a § Miljöbalken om vattenverksamhet, grävning, schaktning, muddring eller sprängning, Flämsjön, Skara kommun",
    "avsandare": "Skara stift",
    "postort": "Skara",
    "kommun": "Skara",
    "beslutsdatum": "",
    "case_id": "5481542",
    "lansstyrelse": "Lansstyrelsen i Vastra Gotalands lan",
    "geocoded_from": "kommun:Skara"
   }
  },
  {
   "type": "Feature",
   "geometry": {
    "type": "Point",
    "coordinates": [
     12.939995984835678,
     57.722529295281454
    ]
   },
   "properties": {
    "diarienummer": "18255-2026",
    "status": "Handläggning",
    "indatum": "2026-05-04",
    "rubrik": "Anmälan enligt 11 kap 9 a § Miljöbalken om vattenverksamhet, trumma, Skåpaslättbäcken, Borås kommun",
    "avsandare": "Personuppgift",
    "postort": "Bredared",
    "kommun": "Borås",
    "beslutsdatum": "",
    "case_id": "5481600",
    "lansstyrelse": "Lansstyrelsen i Vastra Gotalands lan",
    "geocoded_from": "kommun:Borås"
   }
  },
  {
   "type": "Feature",
   "geometry": {
    "type": "Point",
    "coordinates": [
     11.812171881819687,
     58.085063179259045
    ]
   },
   "properties": {
    "diarienummer": "18434-2026",
    "status": "Handläggning",
    "indatum": "2026-05-04",
    "rubrik": "Anmälan enligt 11 kap 9 a § Miljöbalken om vattenverksamhet, grävning, schaktning, muddring eller sprängning, trumma, Solgårdsbäcken, Stenungsunds kommun",
    "avsandare": "Trafikverket",
    "postort": "Borlänge",
    "kommun": "Stenungsund",
    "beslutsdatum": "",
    "case_id": "5482829",
    "lansstyrelse": "Lansstyrelsen i Vastra Gotalands lan",
    "geocoded_from": "kommun:Stenungsund"
   }
  },
  {
   "type": "Feature",
   "geometry": {
    "type": "Point",
    "coordinates": [
     12.943120263445405,
     57.71934332258202
    ]
   },
   "properties": {
    "diarienummer": "18744-2026",
    "status": "Handläggning",
    "indatum": "2026-05-05",
    "rubrik": "Anmälan enligt 11 kap 9 a § Miljöbalken om vattenverksamhet, fyllning mm vid  Viskan i Borås kommun",
    "avsandare": "Borås Stad Fritids- och Folkhälsoförvaltningen",
    "postort": "BORÅS",
    "kommun": "Borås",
    "beslutsdatum": "",
    "case_id": "5484900",
    "lansstyrelse": "Lansstyrelsen i Vastra Gotalands lan",
    "geocoded_from": "kommun:Borås"
   }
  },
  {
   "type": "Feature",
   "geometry": {
    "type": "Point",
    "coordinates": [
     16.184612742456537,
     58.598435416430476
    ]
   },
   "properties": {
    "diarienummer": "18820-2026",
    "status": "Handläggning",
    "indatum": "2026-05-05",
    "rubrik": "Anmälan enligt 11 kap 9 a § Miljöbalken om vattenverksamhet, grävning för friläggande av betongdammar, Bengtsfors kommun",
    "avsandare": "SMHI",
    "postort": "Norrköping",
    "kommun": "",
    "beslutsdatum": "",
    "case_id": "5485454",
    "lansstyrelse": "Lansstyrelsen i Vastra Gotalands lan",
    "geocoded_from": "postort:Norrköping"
   }
  },
  {
   "type": "Feature",
   "geometry": {
    "type": "Point",
    "coordinates": [
     12.5713950503544,
     57.76441398859391
    ]
   },
   "properties": {
    "diarienummer": "19058-2026",
    "status": "Handläggning",
    "indatum": "2026-05-06",
    "rubrik": "Anmälan enligt 11 kap 9 a § Miljöbalken om vattenverksamhet för att återställa en trumma, Borås kommun",
    "avsandare": "Personuppgift",
    "postort": "Hultafors",
    "kommun": "",
    "beslutsdatum": "",
    "case_id": "5486998",
    "lansstyrelse": "Lansstyrelsen i Vastra Gotalands lan",
    "geocoded_from": "postort:Hultafors"
   }
  },
  {
   "type": "Feature",
   "geometry": {
    "type": "Point",
    "coordinates": [
     12.0797890565392,
     57.93216139668601
    ]
   },
   "properties": {
    "diarienummer": "19082-2026",
    "status": "Handläggning",
    "indatum": "2026-05-07",
    "rubrik": "Anmälan enligt 11 kap 9 a § Miljöbalken om vattenverksamhet för nedläggning av  trumma  i samma dimension som trumman under Länsväg 1978, Färdslebäcken i Ale kommun",
    "avsandare": "Personuppgift",
    "postort": "Skepplanda",
    "kommun": "Ale",
    "beslutsdatum": "",
    "case_id": "5487261",
    "lansstyrelse": "Lansstyrelsen i Vastra Gotalands lan",
    "geocoded_from": "kommun:Ale"
   }
  },
  {
   "type": "Feature",
   "geometry": {
    "type": "Point",
    "coordinates": [
     15.032392027565642,
     59.51718129047053
    ]
   },
   "properties": {
    "diarienummer": "2447-2026",
    "status": "Handläggning",
    "indatum": "2026-02-17",
    "rubrik": "Anmälan enligt 11 kap 9 a § Miljöbalken om vattenverksamhet, De dagvattendammar i området Stensnäs där arbetet kommer utföras., Nora kommun",
    "avsandare": "Personuppgift",
    "postort": "LINDESBERG",
    "kommun": "Nora",
    "beslutsdatum": "",
    "case_id": "5402397",
    "lansstyrelse": "Lansstyrelsen i Orebros lan",
    "geocoded_from": "kommun:Nora"
   }
  },
  {
   "type": "Feature",
   "geometry": {
    "type": "Point",
    "coordinates": [
     15.235310415570645,
     59.58170284895104
    ]
   },
   "properties": {
    "diarienummer": "5840-2026",
    "status": "Handläggning",
    "indatum": "2026-04-15",
    "rubrik": "Anmälan enligt 11 kap 9 a § Miljöbalken om vattenverksamhet, Hökabäcken, Lindesberg kommun",
    "avsandare": "Personuppgift",
    "postort": "Eskilstuna",
    "kommun": "Lindesberg",
    "beslutsdatum": "",
    "case_id": "5463878",
    "lansstyrelse": "Lansstyrelsen i Orebros lan",
    "geocoded_from": "kommun:Lindesberg"
   }
  },
  {
   "type": "Feature",
   "geometry": {
    "type": "Point",
    "coordinates": [
     14.902488650267175,
     58.88422155172791
    ]
   },
   "properties": {
    "diarienummer": "5849-2026",
    "status": "Handläggning",
    "indatum": "2026-04-15",
    "rubrik": "Anmälan enligt 11 kap 9 a § Miljöbalken om vattenverksamhet, Vätternsjö, Askersund kommun",
    "avsandare": "Personuppgift",
    "postort": "Tibro",
    "kommun": "Askersund",
    "beslutsdatum": "",
    "case_id": "5464219",
    "lansstyrelse": "Lansstyrelsen i Orebros lan",
    "geocoded_from": "kommun:Askersund"
   }
  },
  {
   "type": "Feature",
   "geometry": {
    "type": "Point",
    "coordinates": [
     15.22860216690381,
     59.583762492861496
    ]
   },
   "properties": {
    "diarienummer": "5956-2026",
    "status": "Handläggning",
    "indatum": "2026-04-16",
    "rubrik": "Anmälan enligt 11 kap 9 a § Miljöbalken om vattenverksamhet, Ej namnsatt vattendrag., Lindesberg kommun",
    "avsandare": "Personuppgift",
    "postort": "Eskilstuna",
    "kommun": "Lindesberg",
    "beslutsdatum": "",
    "case_id": "5465934",
    "lansstyrelse": "Lansstyrelsen i Orebros lan",
    "geocoded_from": "kommun:Lindesberg"
   }
  },
  {
   "type": "Feature",
   "geometry": {
    "type": "Point",
    "coordinates": [
     15.236796945368061,
     59.580978919890185
    ]
   },
   "properties": {
    "diarienummer": "5982-2026",
    "status": "Handläggning",
    "indatum": "2026-04-16",
    "rubrik": "Anmälan enligt 11 kap 9 a § Miljöbalken om vattenverksamhet, Orramossbäcken, Lindesberg kommun",
    "avsandare": "Personuppgift",
    "postort": "Eskilstuna",
    "kommun": "Lindesberg",
    "beslutsdatum": "",
    "case_id": "5466364",
    "lansstyrelse": "Lansstyrelsen i Orebros lan",
    "geocoded_from": "kommun:Lindesberg"
   }
  },
  {
   "type": "Feature",
   "geometry": {
    "type": "Point",
    "coordinates": [
     15.214808452054626,
     59.27330357560429
    ]
   },
   "properties": {
    "diarienummer": "6392-2026",
    "status": "Handläggning",
    "indatum": "2026-04-23",
    "rubrik": "Anmälan enligt 11 kap 9 a § Miljöbalken om vattenverksamhet, Svartån, Örebro kommun",
    "avsandare": "Personuppgift",
    "postort": "Örebro",
    "kommun": "Örebro",
    "beslutsdatum": "",
    "case_id": "5472884",
    "lansstyrelse": "Lansstyrelsen i Orebros lan",
    "geocoded_from": "kommun:Örebro"
   }
  },
  {
   "type": "Feature",
   "geometry": {
    "type": "Point",
    "coordinates": [
     14.897403509637492,
     58.882995516006844
    ]
   },
   "properties": {
    "diarienummer": "6661-2026",
    "status": "Handläggning",
    "indatum": "2026-04-28",
    "rubrik": "Anmälan enligt 11 kap 9 a § Miljöbalken om vattenverksamhet, Ej namnsatt vattendrag, vid Olshammar, Askersund kommun",
    "avsandare": "Personuppgift",
    "postort": "Eskilstuna",
    "kommun": "Askersund",
    "beslutsdatum": "",
    "case_id": "5477795",
    "lansstyrelse": "Lansstyrelsen i Orebros lan",
    "geocoded_from": "kommun:Askersund"
   }
  },
  {
   "type": "Feature",
   "geometry": {
    "type": "Point",
    "coordinates": [
     14.514934965207612,
     59.33165722162667
    ]
   },
   "properties": {
    "diarienummer": "7199-2026",
    "status": "Handläggning",
    "indatum": "2026-05-07",
    "rubrik": "Anmälan enligt 11 kap 9 a § Miljöbalken om vattenverksamhet, Svartälven vid Immetorp i Karlskoga, Karlskoga kommun",
    "avsandare": "Personuppgift",
    "postort": "Örebro",
    "kommun": "Karlskoga",
    "beslutsdatum": "",
    "case_id": "5487367",
    "lansstyrelse": "Lansstyrelsen i Orebros lan",
    "geocoded_from": "kommun:Karlskoga"
   }
  },
  {
   "type": "Feature",
   "geometry": {
    "type": "Point",
    "coordinates": [
     15.21738602381936,
     59.27585448010513
    ]
   },
   "properties": {
    "diarienummer": "7591-2026",
    "status": "Handläggning",
    "indatum": "2026-05-13",
    "rubrik": "Anmälan enligt 11 kap 9 a § Miljöbalken om vattenverksamhet, Bäck vid Tysslingen, Örebro kommun",
    "avsandare": "Personuppgift",
    "postort": "Eskilstuna",
    "kommun": "Örebro",
    "beslutsdatum": "",
    "case_id": "5493990",
    "lansstyrelse": "Lansstyrelsen i Orebros lan",
    "geocoded_from": "kommun:Örebro"
   }
  },
  {
   "type": "Feature",
   "geometry": {
    "type": "Point",
    "coordinates": [
     15.070490421684624,
     59.86943692119153
    ]
   },
   "properties": {
    "diarienummer": "2257-2026",
    "status": "Handläggning",
    "indatum": "2026-02-11",
    "rubrik": "Tillsyn vattenverksamheter redovisning Norra Hörken och Hörksälven, Ljusnarsbergs kommun",
    "avsandare": "Västerbergslagens kraft AB",
    "postort": "",
    "kommun": "Ljusnarsberg",
    "beslutsdatum": "",
    "case_id": "5398589",
    "lansstyrelse": "Lansstyrelsen i Orebros lan",
    "geocoded_from": "kommun:Ljusnarsberg"
   }
  },
  {
   "type": "Feature",
   "geometry": {
    "type": "Point",
    "coordinates": [
     15.220138951642632,
     59.27389297767942
    ]
   },
   "properties": {
    "diarienummer": "5888-2026",
    "status": "Handläggning",
    "indatum": "2026-04-15",
    "rubrik": "Anmälan enligt 11 kap 9 a § Miljöbalken om vattenverksamhet, Svartån, Örebro kommun",
    "avsandare": "Personuppgift",
    "postort": "Örebro",
    "kommun": "Örebro",
    "beslutsdatum": "",
    "case_id": "5464801",
    "lansstyrelse": "Lansstyrelsen i Orebros lan",
    "geocoded_from": "kommun:Örebro"
   }
  },
  {
   "type": "Feature",
   "geometry": {
    "type": "Point",
    "coordinates": [
     14.49690509685476,
     59.78511177458465
    ]
   },
   "properties": {
    "diarienummer": "6821-2026",
    "status": "Handläggning",
    "indatum": "2026-04-30",
    "rubrik": "Anmälan enligt 11 kap 9 a § Miljöbalken om vattenverksamhet, 12st korsningar bäckar enligt kartor., Hällefors kommun",
    "avsandare": "Personuppgift",
    "postort": "Karlstad",
    "kommun": "Hällefors",
    "beslutsdatum": "",
    "case_id": "5480433",
    "lansstyrelse": "Lansstyrelsen i Orebros lan",
    "geocoded_from": "kommun:Hällefors"
   }
  },
  {
   "type": "Feature",
   "geometry": {
    "type": "Point",
    "coordinates": [
     14.51766732401251,
     59.33562082736438
    ]
   },
   "properties": {
    "diarienummer": "8125-2026",
    "status": "Handläggning",
    "indatum": "2026-05-21",
    "rubrik": "Anmälan enligt 11 kap 9 a § Miljöbalken om vattenverksamhet, Möckeln, Karlskoga kommun",
    "avsandare": "Personuppgift",
    "postort": "Karlskoga",
    "kommun": "Karlskoga",
    "beslutsdatum": "",
    "case_id": "5501324",
    "lansstyrelse": "Lansstyrelsen i Orebros lan",
    "geocoded_from": "kommun:Karlskoga"
   }
  },
  {
   "type": "Feature",
   "geometry": {
    "type": "Point",
    "coordinates": [
     14.899267991323729,
     58.881825423955256
    ]
   },
   "properties": {
    "diarienummer": "7332-2026",
    "status": "Handläggning",
    "indatum": "2026-05-11",
    "rubrik": "Anmälan enligt 11 kap 9 a § Miljöbalken om vattenverksamhet, Fåglemossebäcken, Askersund kommun",
    "avsandare": "Personuppgift",
    "postort": "Askersund",
    "kommun": "Askersund",
    "beslutsdatum": "",
    "case_id": "5490172",
    "lansstyrelse": "Lansstyrelsen i Orebros lan",
    "geocoded_from": "kommun:Askersund"
   }
  },
  {
   "type": "Feature",
   "geometry": {
    "type": "Point",
    "coordinates": [
     14.896133167817888,
     58.88313498299454
    ]
   },
   "properties": {
    "diarienummer": "7702-2026",
    "status": "Handläggning",
    "indatum": "2026-05-13",
    "rubrik": "Anmälan enligt 11 kap 9 a § Miljöbalken om vattenverksamhet, Vättern, Askersund kommun",
    "avsandare": "Personuppgift",
    "postort": "Hammar",
    "kommun": "Askersund",
    "beslutsdatum": "",
    "case_id": "5495223",
    "lansstyrelse": "Lansstyrelsen i Orebros lan",
    "geocoded_from": "kommun:Askersund"
   }
  },
  {
   "type": "Feature",
   "geometry": {
    "type": "Point",
    "coordinates": [
     15.60359384309068,
     57.999670756827356
    ]
   },
   "properties": {
    "diarienummer": "4228-2026",
    "status": "Handläggning",
    "indatum": "2026-03-09",
    "rubrik": "Begäran om yttrande om tillstånd till täktverksamhet(inkl krossning och sortering) samt tillstånd till vattenverksamhet, Kinda kommun målnr M 546-26, svar senast 17 april 2026",
    "avsandare": "Personuppgift",
    "postort": "",
    "kommun": "Kinda",
    "beslutsdatum": "",
    "case_id": "5425747",
    "lansstyrelse": "Lansstyrelsen i Ostergotlands lan",
    "kommun_kalla": "rubrik",
    "geocoded_from": "kommun:Kinda"
   }
  },
  {
   "type": "Feature",
   "geometry": {
    "type": "Point",
    "coordinates": [
     16.181683573247593,
     58.60263776764691
    ]
   },
   "properties": {
    "diarienummer": "4852-2026",
    "status": "Handläggning",
    "indatum": "2026-03-19",
    "rubrik": "Begäran om tillsyn av vattenverksamhet , Norrköpings kommun",
    "avsandare": "Personuppgift",
    "postort": "",
    "kommun": "Norrköping",
    "beslutsdatum": "",
    "case_id": "5436350",
    "lansstyrelse": "Lansstyrelsen i Ostergotlands lan",
    "geocoded_from": "kommun:Norrköping"
   }
  },
  {
   "type": "Feature",
   "geometry": {
    "type": "Point",
    "coordinates": [
     16.18151147431227,
     58.60123819943615
    ]
   },
   "properties": {
    "diarienummer": "8846-2026",
    "status": "Handläggning",
    "indatum": "2026-05-20",
    "rubrik": "Anmälan enligt 11 kap 9 a § Miljöbalken om vattenverksamhet, Motala ström, Norrköping kommun",
    "avsandare": "Personuppgift",
    "postort": "Norrköping",
    "kommun": "Norrköping",
    "beslutsdatum": "",
    "case_id": "5500311",
    "lansstyrelse": "Lansstyrelsen i Ostergotlands lan",
    "geocoded_from": "kommun:Norrköping"
   }
  },
  {
   "type": "Feature",
   "geometry": {
    "type": "Point",
    "coordinates": [
     16.60240526828012,
     58.19847431727272
    ]
   },
   "properties": {
    "diarienummer": "6741-2026",
    "status": "Handläggning",
    "indatum": "2026-04-17",
    "rubrik": "Anmälan enligt 11 kap 9 a § Miljöbalken om vattenverksamhet, Hesselöfjärden, Valdemarsvik kommun",
    "avsandare": "Personuppgift",
    "postort": "Valdemarsvik",
    "kommun": "Valdemarsvik",
    "beslutsdatum": "",
    "case_id": "5467626",
    "lansstyrelse": "Lansstyrelsen i Ostergotlands lan",
    "geocoded_from": "kommun:Valdemarsvik"
   }
  },
  {
   "type": "Feature",
   "geometry": {
    "type": "Point",
    "coordinates": [
     16.64724239923429,
     57.751223709927324
    ]
   },
   "properties": {
    "diarienummer": "6749-2026",
    "status": "Handläggning",
    "indatum": "2026-04-15",
    "rubrik": "Anmälan enligt 11 kap 9 a § Miljöbalken om vattenverksamhet, lägga igen dike, Västerviks kommun",
    "avsandare": "Personuppgift",
    "postort": "",
    "kommun": "Västervik",
    "beslutsdatum": "",
    "case_id": "5467741",
    "lansstyrelse": "Lansstyrelsen i Ostergotlands lan",
    "kommun_kalla": "rubrik",
    "geocoded_from": "kommun:Västervik"
   }
  },
  {
   "type": "Feature",
   "geometry": {
    "type": "Point",
    "coordinates": [
     15.048038138426218,
     58.20251316384586
    ]
   },
   "properties": {
    "diarienummer": "7039-2026",
    "status": "Handläggning",
    "indatum": "2026-04-22",
    "rubrik": "Anmälan enligt 11 kap 9 a § Miljöbalken om vattenverksamhet, renoveringsarbete, gåtbyte i damm, Lillån, Boxholms kommun",
    "avsandare": "Personuppgift",
    "postort": "",
    "kommun": "Boxholm",
    "beslutsdatum": "",
    "case_id": "5472458",
    "lansstyrelse": "Lansstyrelsen i Ostergotlands lan",
    "geocoded_from": "kommun:Boxholm"
   }
  },
  {
   "type": "Feature",
   "geometry": {
    "type": "Point",
    "coordinates": [
     15.604488548467886,
     58.00111917906536
    ]
   },
   "properties": {
    "diarienummer": "7374-2026",
    "status": "Handläggning",
    "indatum": "2026-04-27",
    "rubrik": "Anmälan enligt 11 kap 9 a § Miljöbalken om vattenverksamhet, Åsunden, Kinda kommun",
    "avsandare": "Personuppgift",
    "postort": "Rimforsa",
    "kommun": "Kinda",
    "beslutsdatum": "",
    "case_id": "5477087",
    "lansstyrelse": "Lansstyrelsen i Ostergotlands lan",
    "geocoded_from": "kommun:Kinda"
   }
  },
  {
   "type": "Feature",
   "geometry": {
    "type": "Point",
    "coordinates": [
     15.036779145221937,
     58.53242815916469
    ]
   },
   "properties": {
    "diarienummer": "7819-2026",
    "status": "Handläggning",
    "indatum": "2026-02-13",
    "rubrik": "Begäran om tillsyn av vattenverksamhet, Motala kommun",
    "avsandare": "Personuppgift",
    "postort": "",
    "kommun": "Motala",
    "beslutsdatum": "",
    "case_id": "5484426",
    "lansstyrelse": "Lansstyrelsen i Ostergotlands lan",
    "kommun_kalla": "rubrik",
    "geocoded_from": "kommun:Motala"
   }
  },
  {
   "type": "Feature",
   "geometry": {
    "type": "Point",
    "coordinates": [
     15.78466674006967,
     58.71472134043506
    ]
   },
   "properties": {
    "diarienummer": "8203-2026",
    "status": "Handläggning",
    "indatum": "2026-05-08",
    "rubrik": "Anmälan om samråd inför ansökan om vattenverksamhet, Finspångs kommun",
    "avsandare": "Personuppgift",
    "postort": "",
    "kommun": "Finspång",
    "beslutsdatum": "",
    "case_id": "5490843",
    "lansstyrelse": "Lansstyrelsen i Ostergotlands lan",
    "kommun_kalla": "rubrik",
    "geocoded_from": "kommun:Finspång"
   }
  },
  {
   "type": "Feature",
   "geometry": {
    "type": "Point",
    "coordinates": [
     16.604569620766362,
     58.19739753321831
    ]
   },
   "properties": {
    "diarienummer": "8207-2026",
    "status": "Handläggning",
    "indatum": "2026-05-08",
    "rubrik": "Begäran om tillsyn av vattenverksamhet, vattenledning 0563-00/1.4 , Valdemarsviks kommun",
    "avsandare": "Personuppgift",
    "postort": "",
    "kommun": "Valdemarsvik",
    "beslutsdatum": "",
    "case_id": "5490898",
    "lansstyrelse": "Lansstyrelsen i Ostergotlands lan",
    "geocoded_from": "kommun:Valdemarsvik"
   }
  },
  {
   "type": "Feature",
   "geometry": {
    "type": "Point",
    "coordinates": [
     15.33372563778665,
     57.865176589290975
    ]
   },
   "properties": {
    "diarienummer": "8380-2026",
    "status": "Handläggning",
    "indatum": "2026-05-10",
    "rubrik": "Begäran om tillsyn av vattenverksamhet, Ydre kommun",
    "avsandare": "Personuppgift",
    "postort": "",
    "kommun": "Ydre",
    "beslutsdatum": "",
    "case_id": "5493104",
    "lansstyrelse": "Lansstyrelsen i Ostergotlands lan",
    "kommun_kalla": "rubrik",
    "geocoded_from": "kommun:Ydre"
   }
  },
  {
   "type": "Feature",
   "geometry": {
    "type": "Point",
    "coordinates": [
     15.597260058473347,
     57.99888295942004
    ]
   },
   "properties": {
    "diarienummer": "8620-2026",
    "status": "Handläggning",
    "indatum": "2026-05-18",
    "rubrik": "Anmälan enligt 11 kap 9 a § Miljöbalken om vattenverksamhet, Åsunden, Kinda kommun",
    "avsandare": "Personuppgift",
    "postort": "Kisa",
    "kommun": "Kinda",
    "beslutsdatum": "",
    "case_id": "5496781",
    "lansstyrelse": "Lansstyrelsen i Ostergotlands lan",
    "geocoded_from": "kommun:Kinda"
   }
  },
  {
   "type": "Feature",
   "geometry": {
    "type": "Point",
    "coordinates": [
     16.18100111241939,
     58.60084410669583
    ]
   },
   "properties": {
    "diarienummer": "8777-2026",
    "status": "Handläggning",
    "indatum": "2026-05-19",
    "rubrik": "Anmälan enligt 11 kap 9 a § Miljöbalken om vattenverksamhet, Loddbyviken, Bråviken, Norrköping kommun",
    "avsandare": "Personuppgift",
    "postort": "Norrköping",
    "kommun": "Norrköping",
    "beslutsdatum": "",
    "case_id": "5499041",
    "lansstyrelse": "Lansstyrelsen i Ostergotlands lan",
    "geocoded_from": "kommun:Norrköping"
   }
  },
  {
   "type": "Feature",
   "geometry": {
    "type": "Point",
    "coordinates": [
     16.000093296645975,
     58.20281751183435
    ]
   },
   "properties": {
    "diarienummer": "4358-2026",
    "status": "Handläggning",
    "indatum": "2026-03-12",
    "rubrik": "Anmälan enligt 11 kap 9 a § Miljöbalken om vattenverksamhet, rörläggning dike, Åtvidaberg kommun",
    "avsandare": "Personuppgift",
    "postort": "Åtvidaberg",
    "kommun": "Åtvidaberg",
    "beslutsdatum": "",
    "case_id": "5427979",
    "lansstyrelse": "Lansstyrelsen i Ostergotlands lan",
    "geocoded_from": "kommun:Åtvidaberg"
   }
  },
  {
   "type": "Feature",
   "geometry": {
    "type": "Point",
    "coordinates": [
     15.033187867874428,
     58.53272814920067
    ]
   },
   "properties": {
    "diarienummer": "5182-2026",
    "status": "Handläggning",
    "indatum": "2026-03-24",
    "rubrik": "Förfrågan om komplettering gällande ansökan om tillstånd till vattenverksamhet för anläggande av brostöd i\nStavsjöån, Motala kommun, mål nr. M 1071-26, svar senast 2026-04-21",
    "avsandare": "Personuppgift",
    "postort": "",
    "kommun": "Motala",
    "beslutsdatum": "",
    "case_id": "5441813",
    "lansstyrelse": "Lansstyrelsen i Ostergotlands lan",
    "geocoded_from": "kommun:Motala"
   }
  },
  {
   "type": "Feature",
   "geometry": {
    "type": "Point",
    "coordinates": [
     15.037183576040086,
     58.533183470018045
    ]
   },
   "properties": {
    "diarienummer": "5214-2026",
    "status": "Handläggning",
    "indatum": "2026-03-25",
    "rubrik": "Förfrågan om komplettering gällande ansökan om tillstånd för vattenverksamhet för anläggande av väg, Motala kommun, mål nr. M 1073-26, svar senast 2026-04-21",
    "avsandare": "Personuppgift",
    "postort": "",
    "kommun": "Motala",
    "beslutsdatum": "",
    "case_id": "5442358",
    "lansstyrelse": "Lansstyrelsen i Ostergotlands lan",
    "geocoded_from": "kommun:Motala"
   }
  },
  {
   "type": "Feature",
   "geometry": {
    "type": "Point",
    "coordinates": [
     16.43706074068138,
     57.26411178031052
    ]
   },
   "properties": {
    "diarienummer": "6641-2026",
    "status": "Handläggning",
    "indatum": "2026-04-16",
    "rubrik": "Samråd inför tillståndsansökan förutrivning av vattenverksamhet och naturvårdsrestaurering i vattenområde i Oskarshamns kommun",
    "avsandare": "Personuppgift",
    "postort": "",
    "kommun": "Oskarshamn",
    "beslutsdatum": "",
    "case_id": "5465936",
    "lansstyrelse": "Lansstyrelsen i Ostergotlands lan",
    "kommun_kalla": "rubrik",
    "geocoded_from": "kommun:Oskarshamn"
   }
  },
  {
   "type": "Feature",
   "geometry": {
    "type": "Point",
    "coordinates": [
     15.600714697698711,
     57.99705733737277
    ]
   },
   "properties": {
    "diarienummer": "7265-2026",
    "status": "Handläggning",
    "indatum": "2026-04-23",
    "rubrik": "Begäran om tillsyn av vattenverksamhet, Älgbron, Kinda kommun",
    "avsandare": "Personuppgift",
    "postort": "",
    "kommun": "Kinda",
    "beslutsdatum": "",
    "case_id": "5475608",
    "lansstyrelse": "Lansstyrelsen i Ostergotlands lan",
    "kommun_kalla": "rubrik",
    "geocoded_from": "kommun:Kinda"
   }
  },
  {
   "type": "Feature",
   "geometry": {
    "type": "Point",
    "coordinates": [
     16.31244284967707,
     58.4810702996868
    ]
   },
   "properties": {
    "diarienummer": "7578-2026",
    "status": "Handläggning",
    "indatum": "2026-04-26",
    "rubrik": "Begäran om tillsyn av vattenverksamhet,Söderköpings kommun",
    "avsandare": "Personuppgift",
    "postort": "",
    "kommun": "Söderköping",
    "beslutsdatum": "",
    "case_id": "5480389",
    "lansstyrelse": "Lansstyrelsen i Ostergotlands lan",
    "geocoded_from": "kommun:Söderköping"
   }
  },
  {
   "type": "Feature",
   "geometry": {
    "type": "Point",
    "coordinates": [
     15.031414678748458,
     58.533028659893
    ]
   },
   "properties": {
    "diarienummer": "7732-2026",
    "status": "Handläggning",
    "indatum": "2026-05-04",
    "rubrik": "Anmälan enligt 11 kap 9 a § Miljöbalken om vattenverksamhet, Vättern, Motala kommun",
    "avsandare": "Personuppgift",
    "postort": "Motala",
    "kommun": "Motala",
    "beslutsdatum": "",
    "case_id": "5483096",
    "lansstyrelse": "Lansstyrelsen i Ostergotlands lan",
    "geocoded_from": "kommun:Motala"
   }
  },
  {
   "type": "Feature",
   "geometry": {
    "type": "Point",
    "coordinates": [
     16.598142295674947,
     58.20074749478577
    ]
   },
   "properties": {
    "diarienummer": "7999-2026",
    "status": "Handläggning",
    "indatum": "2026-05-07",
    "rubrik": "Anmälan enligt 11 kap 9 a § Miljöbalken om vattenverksamhet, Hav utanför Kalvholmarna / Stora Kalvö, Valdemarsvik kommun",
    "avsandare": "Personuppgift",
    "postort": "Trollhättan",
    "kommun": "Valdemarsvik",
    "beslutsdatum": "",
    "case_id": "5487799",
    "lansstyrelse": "Lansstyrelsen i Ostergotlands lan",
    "geocoded_from": "kommun:Valdemarsvik"
   }
  },
  {
   "type": "Feature",
   "geometry": {
    "type": "Point",
    "coordinates": [
     16.18108958900632,
     58.60087827215215
    ]
   },
   "properties": {
    "diarienummer": "8372-2026",
    "status": "Handläggning",
    "indatum": "2026-05-12",
    "rubrik": "Anmälan enligt 11 kap 9 a § Miljöbalken om vattenverksamhet, Pjältån, Norrköping kommun",
    "avsandare": "Personuppgift",
    "postort": "Norrköping",
    "kommun": "Norrköping",
    "beslutsdatum": "",
    "case_id": "5493044",
    "lansstyrelse": "Lansstyrelsen i Ostergotlands lan",
    "geocoded_from": "kommun:Norrköping"
   }
  },
  {
   "type": "Feature",
   "geometry": {
    "type": "Point",
    "coordinates": [
     16.600476012103062,
     58.20037222968761
    ]
   },
   "properties": {
    "diarienummer": "3468-2026",
    "status": "Handläggning",
    "indatum": "2026-02-27",
    "rubrik": "Anmälan enligt 11 kap 9 a § Miljöbalken om vattenverksamhet, Östersjön, Gryt, Valdemarsvik kommun",
    "avsandare": "Personuppgift",
    "postort": "Valdemarsvik",
    "kommun": "Valdemarsvik",
    "beslutsdatum": "",
    "case_id": "5413117",
    "lansstyrelse": "Lansstyrelsen i Ostergotlands lan",
    "geocoded_from": "kommun:Valdemarsvik"
   }
  },
  {
   "type": "Feature",
   "geometry": {
    "type": "Point",
    "coordinates": [
     16.1798894326238,
     58.600356613358514
    ]
   },
   "properties": {
    "diarienummer": "4302-2026",
    "status": "Handläggning",
    "indatum": "2026-03-10",
    "rubrik": "Begäran om tillsyn av vattenverksamhet gällande översvämning, Norrköpings kommun",
    "avsandare": "Personuppgift",
    "postort": "",
    "kommun": "Norrköping",
    "beslutsdatum": "",
    "case_id": "5427014",
    "lansstyrelse": "Lansstyrelsen i Ostergotlands lan",
    "geocoded_from": "kommun:Norrköping"
   }
  }
 ]
}