{"type":"FeatureCollection","features":[{"type":"Feature","geometry":{"type":"MultiPolygon","coordinates":[[[[17.831,59.5701],[17.8073,59.5756],[17.8109,59.5341],[17.8357,59.5271],[17.7993,59.5089],[17.8421,59.4925],[17.8327,59.4757],[17.864,59.4805],[17.8674,59.4922],[17.908,59.4832],[17.9213,59.4975],[17.9973,59.4582],[18.0029,59.48],[17.9849,59.4857],[17.9817,59.4977],[18.0092,59.5079],[18.0145,59.5234],[18.0008,59.5204],[17.9977,59.5312],[17.9679,59.5451],[17.9695,59.5594],[17.9458,59.5558],[17.9199,59.5641],[17.8946,59.5533],[17.8729,59.5521],[17.8502,59.5585],[17.8537,59.5662],[17.8476,59.5696],[17.831,59.5701]]]]},"properties":{"kommunkod":"0114","namn":"Upplands Väsby","lan":"01","ri_areal_ha":2583.0,"ri_areal_ar":2014,"ri_areal_klass":1}},{"type":"Feature","geometry":{"type":"MultiPolygon","coordinates":[[[[17.976,59.5621],[17.9679,59.5451],[17.9977,59.5312],[18.0008,59.5204],[18.0145,59.5234],[18.0092,59.5079],[18.1097,59.5028],[18.1179,59.4944],[18.1387,59.4924],[18.1471,59.4856],[18.1432,59.4943],[18.1672,59.503],[18.2017,59.4922],[18.2195,59.5042],[18.2578,59.507],[18.264,59.5154],[18.2603,59.524],[18.3184,59.5331],[18.3283,59.5441],[18.3783,59.5444],[18.3807,59.5532],[18.3685,59.5588],[18.4067,59.5638],[18.4167,59.558],[18.4372,59.5664],[18.4273,59.592],[18.3873,59.6027],[18.392,59.6202],[18.3745,59.6303],[18.3895,59.6514],[18.3532,59.6617],[18.3208,59.6891],[18.2991,59.6767],[18.2859,59.6863],[18.2252,59.668],[18.1588,59.6683],[18.1533,59.6836],[18.0888,59.6563],[18.0959,59.6367],[18.0153,59.6378],[18.0203,59.6259],[18.0132,59.6238],[18.0168,59.5931],[18.0097,59.5769],[18.0288,59.5678],[18.0134,59.5708],[17.976,59.5621]]]]},"properties":{"kommunkod":"0115","namn":"Vallentuna","lan":"01","ri_areal_ha":12307.0,"ri_areal_ar":2014,"ri_areal_klass":3}},{"type":"Feature","geometry":{"type":"MultiPolygon","coordinates":[[[[18.9734,59.4969],[19.002,59.5157],[18.9669,59.5391],[18.9273,59.5378],[18.9158,59.5454],[18.8523,59.5469],[18.8378,59.5573],[18.7374,59.5496],[18.7319,59.5516],[18.7341,59.5766],[18.726,59.5823],[18.6712,59.5736],[18.6426,59.5945],[18.6323,59.5789],[18.608,59.587],[18.5964,59.5829],[18.5823,59.5999],[18.5533,59.5859],[18.5493,59.5946],[18.4999,59.5901],[18.4931,59.5973],[18.4798,59.5861],[18.4786,59.5795],[18.4886,59.575],[18.4727,59.5714],[18.4726,59.5638],[18.4453,59.5595],[18.4372,59.5664],[18.4167,59.558],[18.4067,59.5638],[18.3685,59.5588],[18.3807,59.5532],[18.3783,59.5444],[18.3283,59.5441],[18.3184,59.5331],[18.2603,59.524],[18.264,59.5154],[18.2578,59.507],[18.2195,59.5042],[18.2017,59.4922],[18.1717,59.5032],[18.1454,59.496],[18.1416,59.4923],[18.1471,59.4856],[18.1411,59.4807],[18.1537,59.4678],[18.1386,59.454],[18.1441,59.4444],[18.1398,59.4404],[18.1461,59.4372],[18.1218,59.4122],[18.1686,59.4346],[18.186,59.4318],[18.1911,59.4211],[18.2097,59.4141],[18.2238,59.4243],[18.2244,59.4331],[18.2938,59.4296],[18.2936,59.4363],[18.3189,59.4505],[18.3608,59.4371],[18.4118,59.4437],[18.4329,59.4504],[18.4357,59.4583],[18.467,59.457],[18.493,59.4671],[18.5328,59.4201],[18.565,59.4205],[18.5928,59.4004],[18.6225,59.4053],[18.622,59.4267],[18.6382,59.445],[18.6359,59.4543],[18.6873,59.4706],[18.7317,59.4643],[18.7435,59.4554],[18.7673,59.4508],[18.8395,59.4713],[18.8676,59.4736],[18.8736,59.4596],[18.8873,59.4588],[18.9132,59.4653],[18.9373,59.4826],[18.9734,59.4969]]]]},"properties":{"kommunkod":"0117","namn":"Österåker","lan":"01","ri_areal_ha":12240.0,"ri_areal_ar":2014,"ri_areal_klass":3}},{"type":"Feature","geometry":{"type":"MultiPolygon","coordinates":[[[[18.3366,59.3667],[18.3506,59.355],[18.3515,59.3466],[18.3738,59.3383],[18.3413,59.329],[18.3277,59.3318],[18.3331,59.3282],[18.3192,59.3196],[18.3256,59.3126],[18.3206,59.2859],[18.3256,59.279],[18.3889,59.2635],[18.4182,59.2414],[18.4944,59.2072],[18.5862,59.1934],[18.5677,59.1442],[18.5478,59.141],[18.5908,59.1031],[18.5613,59.0805],[18.5471,59.0806],[18.5773,59.0592],[18.5914,59.0582],[18.6737,59.0011],[18.9412,58.8571],[19.0947,58.9347],[19.4555,59.1578],[19.5931,59.2072],[19.3715,59.3715],[19.2857,59.3932],[19.3182,59.4454],[19.3513,59.4614],[19.3587,59.4846],[19.2898,59.5035],[19.2431,59.496],[19.2056,59.4695],[19.0671,59.4962],[19.0273,59.5141],[19.002,59.5157],[18.9132,59.4653],[18.8873,59.4588],[18.8736,59.4596],[18.8676,59.4736],[18.8395,59.4713],[18.7673,59.4508],[18.7435,59.4554],[18.7317,59.4643],[18.6873,59.4706],[18.6359,59.4543],[18.6382,59.445],[18.622,59.4267],[18.6225,59.4053],[18.5928,59.4004],[18.565,59.4205],[18.5328,59.4201],[18.493,59.4671],[18.467,59.457],[18.4357,59.4583],[18.4329,59.4504],[18.4118,59.4437],[18.3746,59.44],[18.3967,59.4209],[18.4482,59.394],[18.4389,59.3864],[18.4504,59.3689],[18.4406,59.3521],[18.4068,59.362],[18.3366,59.3667]]]]},"properties":{"kommunkod":"0120","namn":"Värmdö","lan":"01","ri_areal_ha":19287.0,"ri_areal_ar":2014,"ri_areal_klass":4}},{"type":"Feature","geometry":{"type":"MultiPolygon","coordinates":[[[[17.7321,59.4206],[17.7607,59.3918],[17.7795,59.3984],[17.7987,59.3905],[17.8172,59.3992],[17.8273,59.3915],[17.8249,59.3817],[17.8308,59.3811],[17.8614,59.3897],[17.8775,59.3985],[17.8719,59.402],[17.8989,59.4157],[17.8907,59.4259],[17.878,59.4283],[17.8735,59.4507],[17.8442,59.4543],[17.8457,59.4617],[17.8243,59.4683],[17.8361,59.4771],[17.8421,59.4925],[17.7993,59.5089],[17.7919,59.4719],[17.7973,59.4673],[17.7599,59.4296],[17.7321,59.4206]]]]},"properties":{"kommunkod":"0123","namn":"Järfälla","lan":"01","ri_areal_ha":598.0,"ri_areal_ar":2014,"ri_areal_klass":1}},{"type":"Feature","geometry":{"type":"MultiPolygon","coordinates":[[[[17.7312,59.2662],[17.7637,59.2666],[17.7777,59.2594],[17.8325,59.2617],[17.8558,59.2673],[17.868,59.2796],[17.8653,59.2862],[17.8862,59.2871],[17.9094,59.2993],[17.9548,59.3107],[17.8394,59.3525],[17.8162,59.3582],[17.7963,59.3551],[17.788,59.3709],[17.7321,59.4206],[17.7137,59.4221],[17.7047,59.4306],[17.6821,59.4328],[17.6764,59.4402],[17.6368,59.4516],[17.6254,59.4367],[17.6067,59.4282],[17.5832,59.4303],[17.5643,59.4421],[17.4531,59.4465],[17.4357,59.4417],[17.4262,59.4279],[17.433,59.3958],[17.4151,59.3835],[17.4109,59.3662],[17.4379,59.3395],[17.4633,59.3383],[17.4731,59.3239],[17.468,59.3077],[17.4981,59.3051],[17.5155,59.2953],[17.5683,59.2918],[17.5976,59.2981],[17.668,59.2736],[17.7312,59.2662]]]]},"properties":{"kommunkod":"0125","namn":"Ekerö","lan":"01","ri_areal_ha":10837.0,"ri_areal_ar":2014,"ri_areal_klass":3}},{"type":"Feature","geometry":{"type":"MultiPolygon","coordinates":[[[[18.1831,59.2108],[18.1745,59.219],[18.1757,59.2339],[18.1337,59.2424],[18.108,59.2273],[18.0814,59.2317],[18.0522,59.2467],[17.9634,59.2685],[17.948,59.2878],[17.9153,59.279],[17.9063,59.2685],[17.8779,59.2681],[17.8635,59.2745],[17.8558,59.2673],[17.8725,59.2603],[17.8736,59.2367],[17.8835,59.2239],[17.9018,59.2278],[17.9284,59.2225],[17.9279,59.2033],[17.935,59.1933],[17.9644,59.1879],[17.9716,59.1679],[17.9833,59.1572],[18.0249,59.1412],[18.0941,59.1519],[18.0891,59.1561],[18.1081,59.167],[18.0992,59.1843],[18.1831,59.2108]]]]},"properties":{"kommunkod":"0126","namn":"Huddinge","lan":"01","ri_areal_ha":5179.0,"ri_areal_ar":2014,"ri_areal_klass":2}},{"type":"Feature","geometry":{"type":"MultiPolygon","coordinates":[[[[17.7379,59.1815],[17.7428,59.1716],[17.7318,59.1695],[17.7407,59.166],[17.7265,59.1469],[17.6822,59.1326],[17.6952,59.1016],[17.6741,59.0988],[17.663,59.0876],[17.683,59.0687],[17.6752,59.0659],[17.6997,59.0443],[17.7144,59.0445],[17.7456,59.0633],[17.7398,59.083],[17.7607,59.0974],[17.7885,59.0898],[17.8223,59.0944],[17.8698,59.0849],[17.9136,59.1033],[17.9159,59.1077],[17.9034,59.1072],[17.9144,59.1108],[17.9118,59.1182],[17.9216,59.1202],[17.9142,59.1284],[17.9318,59.1425],[17.9848,59.1567],[17.9716,59.1679],[17.9644,59.1879],[17.935,59.1933],[17.9279,59.2033],[17.9284,59.2225],[17.9018,59.2278],[17.8835,59.2239],[17.8763,59.2298],[17.8725,59.2603],[17.8558,59.2673],[17.7777,59.2594],[17.7637,59.2666],[17.7312,59.2662],[17.7357,59.25],[17.7726,59.2393],[17.7695,59.2266],[17.7841,59.2205],[17.7985,59.1947],[17.7379,59.1815]]]]},"properties":{"kommunkod":"0127","namn":"Botkyrka","lan":"01","ri_areal_ha":8191.0,"ri_areal_ar":2014,"ri_areal_klass":2}},{"type":"Feature","geometry":{"type":"MultiPolygon","coordinates":[[[[17.7312,59.2662],[17.668,59.2736],[17.5976,59.2981],[17.5683,59.2918],[17.5622,59.2696],[17.6045,59.249],[17.6174,59.2568],[17.6593,59.2561],[17.666,59.248],[17.6588,59.2428],[17.685,59.2386],[17.6639,59.2334],[17.6388,59.2394],[17.6429,59.235],[17.6357,59.2347],[17.637,59.2266],[17.6629,59.2147],[17.6835,59.221],[17.7051,59.2015],[17.7089,59.1801],[17.746,59.1818],[17.7985,59.1947],[17.7841,59.2205],[17.7695,59.2266],[17.7726,59.2393],[17.7357,59.25],[17.7312,59.2662]]]]},"properties":{"kommunkod":"0128","namn":"Salem","lan":"01","ri_areal_ha":2718.0,"ri_areal_ar":2014,"ri_areal_klass":1}},{"type":"Feature","geometry":{"type":"MultiPolygon","coordinates":[[[[18.4684,59.2195],[18.4372,59.2138],[18.4234,59.2028],[18.4259,59.185],[18.4095,59.1794],[18.4059,59.1692],[18.3337,59.1584],[18.3177,59.165],[18.305,59.1831],[18.2839,59.196],[18.2367,59.2175],[18.2016,59.2086],[18.1831,59.2108],[18.0992,59.1843],[18.1081,59.167],[18.0873,59.1495],[18.0249,59.1412],[17.9843,59.1566],[17.9318,59.1425],[17.9142,59.1284],[17.9294,59.1161],[17.9439,59.1214],[17.9627,59.1172],[17.9874,59.0967],[17.9607,59.0843],[17.9493,59.0611],[17.9569,59.0602],[17.9548,59.0506],[17.9765,59.0524],[17.9782,59.0471],[18.0023,59.0436],[18.0128,59.0242],[18.0544,58.9958],[18.0476,58.986],[18.054,58.975],[18.0424,58.9537],[18.0769,58.9434],[18.0775,58.9232],[18.0014,58.8643],[17.9933,58.8437],[18.365,58.6184],[18.8236,58.7987],[18.9412,58.8571],[18.6737,59.0011],[18.5914,59.0582],[18.5773,59.0592],[18.5471,59.0806],[18.5613,59.0805],[18.5908,59.1031],[18.5478,59.141],[18.5677,59.1442],[18.5862,59.1934],[18.5198,59.2009],[18.4684,59.2195]]]]},"properties":{"kommunkod":"0136","namn":"Haninge","lan":"01","ri_areal_ha":23262.0,"ri_areal_ar":2014,"ri_areal_klass":4}},{"type":"Feature","geometry":{"type":"MultiPolygon","coordinates":[[[[18.3889,59.2635],[18.3853,59.2315],[18.2801,59.2629],[18.2645,59.2527],[18.1901,59.247],[18.2001,59.2475],[18.1937,59.2298],[18.1772,59.2324],[18.1745,59.219],[18.1831,59.2108],[18.2016,59.2086],[18.2432,59.2177],[18.305,59.1831],[18.3177,59.165],[18.3337,59.1584],[18.4059,59.1692],[18.4095,59.1794],[18.4259,59.185],[18.4234,59.2028],[18.4372,59.2138],[18.4684,59.2195],[18.4182,59.2414],[18.3889,59.2635]]]]},"properties":{"kommunkod":"0138","namn":"Tyresö","lan":"01","ri_areal_ha":3344.0,"ri_areal_ar":2014,"ri_areal_klass":1}},{"type":"Feature","geometry":{"type":"MultiPolygon","coordinates":[[[[17.7993,59.5089],[17.8357,59.5271],[17.8109,59.5341],[17.8073,59.5756],[17.7974,59.5843],[17.6705,59.6156],[17.6414,59.6342],[17.6034,59.6409],[17.5905,59.6498],[17.5748,59.6387],[17.5396,59.6353],[17.5161,59.6236],[17.5136,59.6116],[17.5203,59.6086],[17.528,59.5891],[17.5784,59.5593],[17.5811,59.5497],[17.5686,59.5404],[17.5452,59.5443],[17.5164,59.518],[17.4648,59.5074],[17.5024,59.4593],[17.5043,59.4405],[17.5643,59.4421],[17.5832,59.4303],[17.6067,59.4282],[17.6254,59.4367],[17.6368,59.4516],[17.6764,59.4402],[17.6821,59.4328],[17.7047,59.4306],[17.7255,59.4185],[17.7599,59.4296],[17.7973,59.4673],[17.7919,59.4719],[17.7993,59.5089]]]]},"properties":{"kommunkod":"0139","namn":"Upplands-Bro","lan":"01","ri_areal_ha":12573.0,"ri_areal_ar":2014,"ri_areal_klass":3}},{"type":"Feature","geometry":{"type":"MultiPolygon","coordinates":[[[[17.277,59.1696],[17.2972,59.1643],[17.3246,59.1413],[17.4595,59.1227],[17.4527,59.1346],[17.4615,59.1369],[17.4631,59.1256],[17.4713,59.1193],[17.4747,59.1286],[17.4947,59.1357],[17.4836,59.1408],[17.4832,59.1517],[17.4983,59.1589],[17.5031,59.1756],[17.5469,59.1797],[17.5442,59.1888],[17.5594,59.1955],[17.5621,59.2057],[17.5567,59.2169],[17.5413,59.2194],[17.535,59.2305],[17.4826,59.2239],[17.4465,59.2303],[17.4229,59.2401],[17.4264,59.2465],[17.4193,59.2497],[17.3984,59.2416],[17.3452,59.254],[17.3533,59.2587],[17.3416,59.2736],[17.3104,59.2663],[17.3039,59.2566],[17.3089,59.2521],[17.2748,59.2456],[17.2616,59.2226],[17.2465,59.2192],[17.2437,59.2146],[17.2515,59.2081],[17.2444,59.2042],[17.2626,59.1967],[17.269,59.1826],[17.2572,59.1802],[17.277,59.1696]]]]},"properties":{"kommunkod":"0140","namn":"Nykvarn","lan":"01","ri_areal_ha":1264.0,"ri_areal_ar":2014,"ri_areal_klass":1}},{"type":"Feature","geometry":{"type":"MultiPolygon","coordinates":[[[[17.9961,59.4573],[18.0129,59.4392],[18.0528,59.4375],[18.0528,59.424],[18.0826,59.4234],[18.0945,59.4155],[18.1218,59.4122],[18.1461,59.4372],[18.1398,59.4404],[18.1441,59.4444],[18.1386,59.454],[18.1537,59.4678],[18.142,59.4778],[18.1471,59.4856],[18.1387,59.4924],[18.1179,59.4944],[18.114,59.5015],[18.02,59.5112],[17.9817,59.4977],[17.9849,59.4857],[18.0029,59.48],[17.9961,59.4573]]]]},"properties":{"kommunkod":"0160","namn":"Täby","lan":"01","ri_areal_ha":1323.0,"ri_areal_ar":2014,"ri_areal_klass":1}},{"type":"Feature","geometry":{"type":"MultiPolygon","coordinates":[[[[18.1218,59.4122],[18.0945,59.4155],[18.0826,59.4234],[18.0528,59.424],[18.0528,59.4375],[18.007,59.4414],[17.9984,59.4389],[18.0108,59.4273],[17.9915,59.4179],[18.0,59.4036],[18.0206,59.3907],[18.1025,59.3654],[18.1045,59.3744],[18.0879,59.382],[18.1001,59.3941],[18.1194,59.3939],[18.1218,59.4122]]]]},"properties":{"kommunkod":"0162","namn":"Danderyd","lan":"01","ri_areal_ha":342.0,"ri_areal_ar":2014,"ri_areal_klass":1}},{"type":"Feature","geometry":{"type":"MultiPolygon","coordinates":[[[[17.9727,59.4004],[17.9818,59.3951],[18.0059,59.3998],[17.9915,59.4179],[18.0108,59.4273],[17.9984,59.4389],[18.0067,59.4444],[17.9895,59.464],[17.9505,59.486],[17.9213,59.4975],[17.908,59.4832],[17.8674,59.4922],[17.864,59.4805],[17.8249,59.4706],[17.8457,59.4617],[17.8442,59.4543],[17.8735,59.4507],[17.878,59.4283],[17.8938,59.4266],[17.8892,59.4316],[17.9028,59.4401],[17.9198,59.4339],[17.9151,59.4269],[17.9242,59.4203],[17.9727,59.4004]]]]},"properties":{"kommunkod":"0163","namn":"Sollentuna","lan":"01","ri_areal_ha":153.0,"ri_areal_ar":2014,"ri_areal_klass":1}},{"type":"Feature","geometry":{"type":"MultiPolygon","coordinates":[[[[18.1025,59.3654],[18.0711,59.3748],[18.0438,59.375],[18.0364,59.3714],[18.049,59.3567],[18.0248,59.3394],[17.9815,59.345],[17.9277,59.3746],[17.9549,59.3979],[17.9762,59.3995],[17.9242,59.4203],[17.9151,59.4269],[17.9198,59.4339],[17.9011,59.4403],[17.8884,59.4302],[17.8989,59.4157],[17.896,59.4116],[17.8397,59.3813],[17.8249,59.3817],[17.8273,59.3915],[17.8172,59.3992],[17.7987,59.3905],[17.7795,59.3984],[17.7607,59.3918],[17.788,59.3709],[17.7963,59.3551],[17.8162,59.3582],[17.8394,59.3525],[17.9548,59.3107],[17.9094,59.2993],[17.8862,59.2871],[17.8653,59.2862],[17.8635,59.2745],[17.8753,59.269],[17.907,59.2687],[17.9153,59.279],[17.948,59.2878],[17.9634,59.2685],[18.0522,59.2467],[18.0814,59.2317],[18.108,59.2273],[18.1337,59.2424],[18.1937,59.2298],[18.2001,59.2475],[18.1807,59.2463],[18.1707,59.2521],[18.1703,59.2627],[18.1497,59.2658],[18.1521,59.2738],[18.1193,59.2938],[18.1301,59.3013],[18.1106,59.302],[18.1131,59.3089],[18.1054,59.3137],[18.1603,59.3208],[18.1606,59.3346],[18.1262,59.3477],[18.1025,59.3654]]]]},"properties":{"kommunkod":"0180","namn":"Stockholm","lan":"01","ri_areal_ha":4920.0,"ri_areal_ar":2014,"ri_areal_klass":2}},{"type":"Feature","geometry":{"type":"MultiPolygon","coordinates":[[[[17.4633,59.3383],[17.4379,59.3395],[17.4256,59.3513],[17.335,59.3517],[17.3506,59.3199],[17.3441,59.3113],[17.3478,59.2791],[17.3416,59.2736],[17.3533,59.2587],[17.3452,59.254],[17.3984,59.2416],[17.4193,59.2497],[17.4264,59.2465],[17.4229,59.2401],[17.4465,59.2303],[17.4826,59.2239],[17.535,59.2305],[17.5413,59.2194],[17.5567,59.2169],[17.5603,59.1966],[17.5442,59.1888],[17.5469,59.1797],[17.5031,59.1756],[17.4983,59.1589],[17.4832,59.1517],[17.4836,59.1408],[17.4947,59.1357],[17.4747,59.1286],[17.4713,59.1193],[17.4631,59.1256],[17.4615,59.1369],[17.4527,59.1346],[17.4595,59.1227],[17.4257,59.1239],[17.3168,59.1449],[17.3225,59.129],[17.3121,59.0793],[17.3259,59.0702],[17.3192,59.0491],[17.3315,59.0417],[17.3337,59.0318],[17.3469,59.0291],[17.3433,59.0251],[17.3752,58.9824],[17.4392,58.9813],[17.4467,58.9905],[17.4433,58.995],[17.5119,58.9813],[17.5545,58.9827],[17.5429,58.9678],[17.5593,58.9518],[17.6253,58.935],[17.6362,58.9083],[17.632,58.9032],[17.6546,58.8934],[17.6513,58.8753],[17.6607,58.8665],[17.6521,58.86],[17.6696,58.8262],[17.7179,58.8153],[17.7271,58.8429],[17.7086,58.8843],[17.7174,58.9056],[17.7111,58.9176],[17.7253,58.9426],[17.7174,58.9604],[17.7271,58.9838],[17.7294,59.0147],[17.7144,59.0445],[17.6997,59.0443],[17.6752,59.0659],[17.683,59.0687],[17.663,59.0876],[17.6741,59.0988],[17.6952,59.1016],[17.6822,59.1326],[17.7265,59.1469],[17.7407,59.166],[17.7318,59.1695],[17.7428,59.1716],[17.7379,59.1815],[17.7089,59.1801],[17.7051,59.2015],[17.6835,59.221],[17.6629,59.2147],[17.6379,59.2257],[17.6357,59.2347],[17.6429,59.235],[17.6388,59.2394],[17.6639,59.2334],[17.685,59.2386],[17.6588,59.2428],[17.666,59.248],[17.6593,59.2561],[17.5976,59.2513],[17.5622,59.2696],[17.5683,59.2918],[17.5155,59.2953],[17.4981,59.3051],[17.468,59.3077],[17.4731,59.3239],[17.4633,59.3383]]]]},"properties":{"kommunkod":"0181","namn":"Södertälje","lan":"01","ri_areal_ha":16003.0,"ri_areal_ar":2014,"ri_areal_klass":3}},{"type":"Feature","geometry":{"type":"MultiPolygon","coordinates":[[[[18.1639,59.3253],[18.1572,59.3198],[18.1054,59.3137],[18.1131,59.3089],[18.1106,59.302],[18.1301,59.3013],[18.1193,59.2938],[18.1233,59.2884],[18.1521,59.2738],[18.1497,59.2658],[18.1703,59.2627],[18.1707,59.2521],[18.1807,59.2463],[18.2645,59.2527],[18.2801,59.2629],[18.3853,59.2315],[18.3889,59.2635],[18.3256,59.279],[18.3206,59.2859],[18.3256,59.3126],[18.3192,59.3196],[18.3331,59.3282],[18.3277,59.3318],[18.3413,59.329],[18.3738,59.3383],[18.3515,59.3466],[18.3506,59.355],[18.3366,59.3667],[18.2987,59.3687],[18.2621,59.3607],[18.2099,59.3373],[18.1894,59.3343],[18.1828,59.3265],[18.1639,59.3253]]]]},"properties":{"kommunkod":"0182","namn":"Nacka","lan":"01","ri_areal_ha":3492.0,"ri_areal_ar":2014,"ri_areal_klass":1}},{"type":"Feature","geometry":{"type":"MultiPolygon","coordinates":[[[[17.9727,59.4004],[17.9534,59.3971],[17.9278,59.3744],[17.9658,59.3552],[17.9756,59.3567],[17.985,59.3789],[17.9621,59.39],[17.981,59.3936],[17.9727,59.4004]]]]},"properties":{"kommunkod":"0183","namn":"Sundbyberg","lan":"01","ri_areal_ha":74.0,"ri_areal_ar":2014,"ri_areal_klass":1}},{"type":"Feature","geometry":{"type":"MultiPolygon","coordinates":[[[[18.0059,59.3998],[17.9632,59.3918],[17.985,59.3789],[17.9806,59.3615],[17.9658,59.3552],[17.9815,59.345],[18.0248,59.3394],[18.049,59.3568],[18.0364,59.3714],[18.0587,59.3755],[18.0059,59.3998]]]]},"properties":{"kommunkod":"0184","namn":"Solna","lan":"01","ri_areal_ha":547.0,"ri_areal_ar":2014,"ri_areal_klass":1}},{"type":"Feature","geometry":{"type":"MultiPolygon","coordinates":[[[[18.2987,59.3687],[18.3035,59.3724],[18.1576,59.3899],[18.1429,59.404],[18.1216,59.4056],[18.1194,59.3939],[18.1001,59.3941],[18.0879,59.382],[18.1045,59.3744],[18.1025,59.3654],[18.1262,59.3477],[18.1731,59.3243],[18.2621,59.3607],[18.2987,59.3687]]]]},"properties":{"kommunkod":"0186","namn":"Lidingö","lan":"01","ri_areal_ha":145.0,"ri_areal_ar":2014,"ri_areal_klass":1}},{"type":"Feature","geometry":{"type":"MultiPolygon","coordinates":[[[[18.3746,59.44],[18.3608,59.4371],[18.3189,59.4505],[18.2936,59.4363],[18.2938,59.4296],[18.2244,59.4331],[18.2238,59.4243],[18.2097,59.4141],[18.1911,59.4211],[18.186,59.4318],[18.1686,59.4346],[18.1218,59.4122],[18.1216,59.4056],[18.1429,59.404],[18.1576,59.3899],[18.3035,59.3724],[18.2987,59.3687],[18.4068,59.362],[18.4406,59.3521],[18.4504,59.3689],[18.4389,59.3864],[18.4482,59.394],[18.3967,59.4209],[18.3746,59.44]]]]},"properties":{"kommunkod":"0187","namn":"Vaxholm","lan":"01","ri_areal_ha":3879.0,"ri_areal_ar":2014,"ri_areal_klass":1}},{"type":"Feature","geometry":{"type":"MultiPolygon","coordinates":[[[[19.1312,60.3007],[18.9059,60.278],[18.6836,60.2393],[18.6786,60.2313],[18.6966,60.2069],[18.696,60.2007],[18.6727,60.1946],[18.6736,60.1884],[18.693,60.1761],[18.6931,60.1657],[18.677,60.167],[18.6768,60.1551],[18.5932,60.1634],[18.5142,60.1607],[18.5128,60.1458],[18.4934,60.1383],[18.492,60.1039],[18.4508,60.0772],[18.4448,60.0586],[18.3884,60.0412],[18.4734,60.0043],[18.4622,59.9937],[18.4512,59.9942],[18.4272,59.9819],[18.4293,59.965],[18.4234,59.9563],[18.3903,59.9536],[18.3772,59.9364],[18.3938,59.9192],[18.4032,59.8929],[18.3631,59.8727],[18.3647,59.8645],[18.2734,59.8506],[18.2574,59.8351],[18.1307,59.8191],[18.1196,59.8048],[18.1169,59.7824],[18.1044,59.767],[18.1089,59.7591],[18.091,59.7501],[18.0871,59.7337],[18.093,59.7253],[18.141,59.7164],[18.1272,59.707],[18.1306,59.7015],[18.1194,59.697],[18.1533,59.6836],[18.1588,59.6683],[18.2252,59.668],[18.2859,59.6863],[18.2991,59.6767],[18.3208,59.6891],[18.3532,59.6617],[18.3895,59.6514],[18.3745,59.6303],[18.392,59.6202],[18.3873,59.6027],[18.4273,59.592],[18.4339,59.5688],[18.4453,59.5595],[18.4726,59.5638],[18.4727,59.5714],[18.4883,59.5746],[18.4786,59.5795],[18.4798,59.5861],[18.4931,59.5973],[18.4999,59.5901],[18.5493,59.5946],[18.5533,59.5859],[18.5823,59.5999],[18.5964,59.5829],[18.608,59.587],[18.6323,59.5789],[18.6426,59.5945],[18.6712,59.5736],[18.726,59.5823],[18.7341,59.5766],[18.7319,59.5516],[18.7374,59.5496],[18.8378,59.5573],[18.8523,59.5469],[18.9158,59.5454],[18.9273,59.5378],[18.9669,59.5391],[19.002,59.5157],[19.0273,59.5141],[19.0671,59.4962],[19.2056,59.4695],[19.2431,59.496],[19.2652,59.5029],[19.2898,59.5035],[19.3587,59.4846],[19.3513,59.4614],[19.3182,59.4454],[19.2857,59.3932],[19.3715,59.3715],[19.5931,59.2072],[19.7464,59.2593],[19.8235,59.2984],[19.8766,59.3468],[19.9011,59.3979],[20.0084,59.5475],[19.0832,60.1917],[19.1312,60.3007]]]]},"properties":{"kommunkod":"0188","namn":"Norrtälje","lan":"01","ri_areal_ha":42091.0,"ri_areal_ar":2014,"ri_areal_klass":4}},{"type":"Feature","geometry":{"type":"MultiPolygon","coordinates":[[[[17.9695,59.5486],[17.9757,59.5638],[18.0134,59.5708],[18.0288,59.5678],[18.0097,59.5769],[18.0168,59.5931],[18.0132,59.6238],[18.0203,59.6259],[18.0153,59.6378],[18.0959,59.6367],[18.0888,59.6563],[18.1533,59.6836],[18.1194,59.697],[18.1306,59.7015],[18.1272,59.707],[18.141,59.7164],[18.093,59.7253],[18.0823,59.7395],[18.0509,59.7436],[18.0435,59.7339],[18.0203,59.7453],[18.0009,59.7369],[17.999,59.7286],[17.9839,59.7292],[17.9466,59.7111],[17.9041,59.712],[17.8506,59.6978],[17.8326,59.6899],[17.8329,59.6807],[17.816,59.678],[17.7783,59.6906],[17.7527,59.6605],[17.74,59.6662],[17.7284,59.6635],[17.7223,59.6841],[17.6295,59.6942],[17.6268,59.6749],[17.5736,59.6581],[17.6034,59.6409],[17.6414,59.6342],[17.6705,59.6156],[17.7728,59.5918],[17.8073,59.5756],[17.8476,59.5696],[17.8537,59.5662],[17.8502,59.5585],[17.8729,59.5521],[17.8946,59.5533],[17.9199,59.5641],[17.9458,59.5558],[17.9695,59.5594],[17.9695,59.5486]]]]},"properties":{"kommunkod":"0191","namn":"Sigtuna","lan":"01","ri_areal_ha":12684.0,"ri_areal_ar":2014,"ri_areal_klass":3}},{"type":"Feature","geometry":{"type":"MultiPolygon","coordinates":[[[[17.9512,58.4889],[18.1673,58.5396],[18.365,58.6184],[17.9933,58.8437],[18.0014,58.8643],[18.0775,58.9232],[18.0769,58.9434],[18.0424,58.9537],[18.054,58.975],[18.0476,58.986],[18.0544,58.9958],[18.0128,59.0242],[18.0023,59.0436],[17.9782,59.0471],[17.9765,59.0524],[17.9548,59.0506],[17.9569,59.0602],[17.9493,59.0611],[17.9607,59.0843],[17.9874,59.0967],[17.9627,59.1172],[17.9118,59.1182],[17.9144,59.1108],[17.9034,59.1072],[17.9159,59.1077],[17.9136,59.1033],[17.8698,59.0849],[17.8223,59.0944],[17.7885,59.0898],[17.7607,59.0974],[17.7398,59.083],[17.7456,59.0633],[17.7144,59.0445],[17.7294,59.0147],[17.7271,58.9838],[17.7174,58.9604],[17.7253,58.9426],[17.7111,58.9176],[17.7174,58.9056],[17.7086,58.8843],[17.7271,58.8429],[17.7179,58.8153],[17.7252,58.7979],[17.7867,58.7779],[17.7953,58.6714],[17.9512,58.4889]]]]},"properties":{"kommunkod":"0192","namn":"Nynäshamn","lan":"01","ri_areal_ha":10420.0,"ri_areal_ar":2014,"ri_areal_klass":2}},{"type":"Feature","geometry":{"type":"MultiPolygon","coordinates":[[[[17.6295,59.6942],[17.6532,59.7292],[17.6099,59.7447],[17.5386,59.7333],[17.5365,59.7204],[17.542,59.7156],[17.5246,59.7095],[17.5192,59.6985],[17.508,59.6936],[17.5089,59.6837],[17.4885,59.6812],[17.4741,59.6664],[17.4219,59.6596],[17.3822,59.6648],[17.3983,59.649],[17.3851,59.6308],[17.3778,59.5973],[17.3994,59.5695],[17.4337,59.5466],[17.4648,59.5074],[17.5164,59.518],[17.5452,59.5443],[17.5686,59.5404],[17.5811,59.5497],[17.5784,59.5593],[17.528,59.5891],[17.5203,59.6086],[17.5136,59.6116],[17.5161,59.6236],[17.5396,59.6353],[17.578,59.6402],[17.5905,59.6498],[17.5745,59.6559],[17.5757,59.6621],[17.6268,59.6749],[17.6295,59.6942]]]]},"properties":{"kommunkod":"0305","namn":"Håbo","lan":"03","ri_areal_ha":3956.0,"ri_areal_ar":2014,"ri_areal_klass":1}},{"type":"Feature","geometry":{"type":"MultiPolygon","coordinates":[[[[18.1016,60.852],[17.9572,60.9069],[17.7095,60.7084],[17.3956,60.6858],[17.3819,60.6769],[17.3757,60.657],[17.3711,60.6572],[17.3736,60.6505],[17.3489,60.5862],[17.3027,60.5089],[17.2979,60.4648],[17.2878,60.4468],[17.3231,60.4475],[17.3209,60.4703],[17.3504,60.4677],[17.3548,60.4732],[17.3633,60.4664],[17.3951,60.4674],[17.3937,60.4621],[17.4082,60.4598],[17.4338,60.4635],[17.4776,60.49],[17.4767,60.4976],[17.4872,60.4967],[17.4924,60.5069],[17.5025,60.509],[17.4945,60.5133],[17.5151,60.5265],[17.5109,60.5335],[17.4796,60.5393],[17.5154,60.5621],[17.5457,60.5641],[17.6597,60.5995],[17.7161,60.6039],[18.1016,60.852]]]]},"properties":{"kommunkod":"0319","namn":"Älvkarleby","lan":"03","ri_areal_ha":8602.0,"ri_areal_ar":2014,"ri_areal_klass":2}},{"type":"Feature","geometry":{"type":"MultiPolygon","coordinates":[[[[17.6295,59.6942],[17.7223,59.6841],[17.7284,59.6635],[17.74,59.6662],[17.7527,59.6605],[17.7783,59.6906],[17.816,59.678],[17.8329,59.6807],[17.8366,59.6922],[17.8948,59.7106],[17.9466,59.7111],[17.9839,59.7292],[17.999,59.7286],[18.0009,59.7369],[18.0203,59.7453],[18.0435,59.7339],[18.0509,59.7436],[18.0852,59.7386],[18.091,59.7501],[18.1089,59.7591],[18.1044,59.767],[18.1169,59.7824],[18.1196,59.8048],[18.1307,59.8191],[18.153,59.8225],[18.0654,59.8094],[18.0268,59.8281],[18.0066,59.8118],[17.9696,59.8065],[17.9258,59.8168],[17.8795,59.8138],[17.8044,59.8239],[17.771,59.8005],[17.7604,59.7863],[17.7644,59.7818],[17.7565,59.7855],[17.7608,59.7809],[17.7569,59.7778],[17.694,59.7657],[17.6722,59.7766],[17.6757,59.7894],[17.6673,59.7965],[17.6605,59.7862],[17.6221,59.7731],[17.6134,59.7613],[17.6099,59.7447],[17.6532,59.7292],[17.6295,59.6942]]]]},"properties":{"kommunkod":"0330","namn":"Knivsta","lan":"03","ri_areal_ha":11029.0,"ri_areal_ar":2014,"ri_areal_klass":3}},{"type":"Feature","geometry":{"type":"MultiPolygon","coordinates":[[[[16.914,60.2829],[16.9089,60.2815],[16.9122,60.2694],[16.8864,60.2549],[16.8882,60.2445],[16.9049,60.2395],[16.8535,60.2257],[16.8418,60.2168],[16.8026,60.2121],[16.7995,60.1996],[16.779,60.1899],[16.7048,60.1951],[16.7336,60.1656],[16.7473,60.1359],[16.7275,60.1209],[16.7352,60.1177],[16.7323,60.1126],[16.7052,60.109],[16.7142,60.0894],[16.692,60.0833],[16.7275,60.0434],[16.7162,60.0109],[16.7236,60.0012],[16.7337,60.002],[16.7382,59.9829],[16.7892,59.9658],[16.7716,59.9638],[16.7614,59.9533],[16.7678,59.9495],[16.7768,59.9553],[16.7907,59.9425],[16.7943,59.9459],[16.8021,59.9087],[16.7778,59.9057],[16.7731,59.8943],[16.7779,59.89],[16.8574,59.8638],[16.9098,59.8684],[16.9174,59.8631],[16.9333,59.8675],[16.961,59.8624],[17.0011,59.829],[17.0159,59.8287],[17.0426,59.8375],[17.0385,59.8416],[17.0775,59.8586],[17.1112,59.884],[17.1189,59.8831],[17.1184,59.8885],[17.1279,59.8879],[17.1237,59.9192],[17.1331,59.9541],[17.1244,59.9711],[17.0799,59.9722],[17.0846,59.9906],[17.1474,60.0008],[17.2068,60.0448],[17.2522,60.0386],[17.2793,60.0437],[17.3027,60.0645],[17.3076,60.0778],[17.2977,60.106],[17.3161,60.1131],[17.3218,60.1335],[17.3632,60.1956],[17.3751,60.2284],[17.3458,60.2457],[17.2846,60.2587],[17.2708,60.2736],[17.2095,60.3027],[17.1807,60.2986],[17.1575,60.2874],[17.1031,60.2808],[17.1129,60.2693],[17.0824,60.2592],[17.0585,60.273],[17.0021,60.2749],[16.9805,60.2953],[16.961,60.2924],[16.9618,60.2873],[16.914,60.2829]],[[17.1441,60.0014],[17.1355,60.002],[17.1398,60.0037],[17.1333,60.0103],[17.1463,60.0089],[17.1441,60.0014]]]]},"properties":{"kommunkod":"0331","namn":"Heby","lan":"03","ri_areal_ha":8695.0,"ri_areal_ar":2014,"ri_areal_klass":2}},{"type":"Feature","geometry":{"type":"MultiPolygon","coordinates":[[[[17.3358,60.1567],[17.3218,60.1335],[17.3671,60.1519],[17.3726,60.1448],[17.4048,60.1425],[17.4,60.1452],[17.4112,60.1546],[17.436,60.1547],[17.4456,60.1655],[17.4548,60.1658],[17.4413,60.1684],[17.4638,60.1789],[17.4713,60.1768],[17.4793,60.1862],[17.5136,60.1345],[17.5441,60.1141],[17.558,60.0963],[17.5621,60.1001],[17.5825,60.0878],[17.5987,60.097],[17.6266,60.0967],[17.6111,60.1065],[17.6162,60.1137],[17.7159,60.1344],[17.7076,60.1498],[17.7029,60.1488],[17.7099,60.1622],[17.735,60.1763],[17.7342,60.1854],[17.7567,60.2035],[17.7583,60.2202],[17.7864,60.22],[17.7713,60.2229],[17.7766,60.2312],[17.7977,60.2292],[17.7984,60.2511],[17.8148,60.2619],[17.8203,60.2797],[17.827,60.2804],[17.8229,60.2887],[17.8375,60.286],[17.8331,60.2917],[17.8635,60.2977],[17.8724,60.3083],[17.8779,60.3043],[17.8725,60.3012],[17.92,60.3072],[17.9312,60.3298],[17.9663,60.3294],[17.9733,60.3442],[17.9791,60.3961],[18.0451,60.4007],[18.1007,60.4316],[18.2197,60.457],[18.4762,60.7693],[18.2229,60.8121],[18.1016,60.852],[17.7161,60.6039],[17.6597,60.5995],[17.5457,60.5641],[17.5154,60.5621],[17.4796,60.5393],[17.5109,60.5335],[17.5151,60.5265],[17.4945,60.5133],[17.5025,60.509],[17.4924,60.5069],[17.4872,60.4967],[17.4767,60.4976],[17.4776,60.49],[17.4338,60.4635],[17.4082,60.4598],[17.3937,60.4621],[17.3951,60.4674],[17.3633,60.4664],[17.3548,60.4732],[17.3504,60.4677],[17.3209,60.4703],[17.3231,60.4475],[17.2878,60.4468],[17.2566,60.4245],[17.2538,60.4352],[17.2176,60.434],[17.2173,60.4196],[17.1966,60.4115],[17.1923,60.4041],[17.1945,60.3906],[17.1891,60.3823],[17.1993,60.3785],[17.1995,60.3657],[17.2136,60.365],[17.1968,60.3451],[17.1987,60.3078],[17.1938,60.3008],[17.2095,60.3027],[17.2708,60.2736],[17.2846,60.2587],[17.3458,60.2457],[17.3751,60.2284],[17.3632,60.1956],[17.3358,60.1567]],[[17.8427,60.3094],[17.8453,60.3025],[17.837,60.3037],[17.8424,60.299],[17.8384,60.296],[17.8214,60.3076],[17.8427,60.3094]],[[17.8625,60.3081],[17.8565,60.3024],[17.844,60.3094],[17.8625,60.3081]]]]},"properties":{"kommunkod":"0360","namn":"Tierp","lan":"03","ri_areal_ha":35046.0,"ri_areal_ar":2014,"ri_areal_klass":4}},{"type":"Feature","geometry":{"type":"MultiPolygon","coordinates":[[[[17.5652,59.7341],[17.6099,59.7447],[17.6221,59.7731],[17.6605,59.7862],[17.6673,59.7965],[17.6757,59.7894],[17.6722,59.7766],[17.694,59.7657],[17.7569,59.7778],[17.7608,59.7809],[17.7565,59.7855],[17.7644,59.7818],[17.7604,59.7863],[17.771,59.8005],[17.8044,59.8239],[17.8795,59.8138],[17.9258,59.8168],[17.9696,59.8065],[18.0066,59.8118],[18.0268,59.8281],[18.0527,59.8199],[18.0576,59.8112],[18.097,59.8114],[18.1977,59.8315],[18.2197,59.8282],[18.2487,59.8333],[18.2596,59.8359],[18.2734,59.8506],[18.3647,59.8645],[18.3631,59.8727],[18.4045,59.8944],[18.3938,59.9192],[18.378,59.931],[18.3839,59.9457],[18.3949,59.9555],[18.4234,59.9563],[18.4293,59.965],[18.4272,59.9819],[18.4512,59.9942],[18.4622,59.9937],[18.4734,60.0043],[18.395,60.0359],[18.3885,60.0411],[18.3968,60.0455],[18.3888,60.059],[18.3504,60.0658],[18.3191,60.0614],[18.3389,60.0384],[18.2489,60.0334],[18.2329,60.0301],[18.2318,60.0231],[18.0663,60.0496],[18.0491,60.0433],[18.0664,60.0395],[18.0648,60.0355],[18.0382,60.0333],[18.0373,60.0233],[18.0237,60.0228],[17.9948,60.0432],[17.9907,60.0479],[17.9958,60.0513],[17.9854,60.0585],[17.9153,60.0633],[17.9069,60.0592],[17.8904,60.0733],[17.9036,60.0872],[17.8948,60.0974],[17.8985,60.1141],[17.8848,60.1084],[17.8881,60.1033],[17.8448,60.1033],[17.8608,60.109],[17.8459,60.1116],[17.852,60.1359],[17.8035,60.1495],[17.7942,60.1393],[17.7818,60.1411],[17.7858,60.138],[17.757,60.1258],[17.7451,60.128],[17.7421,60.1404],[17.7365,60.1354],[17.7122,60.1413],[17.7159,60.1344],[17.6387,60.1213],[17.6097,60.11],[17.6266,60.0967],[17.5987,60.097],[17.5918,60.0887],[17.5733,60.0895],[17.5136,60.1345],[17.4793,60.1862],[17.4713,60.1768],[17.4638,60.1789],[17.4413,60.1684],[17.4548,60.1658],[17.4456,60.1655],[17.436,60.1547],[17.4112,60.1546],[17.4,60.1452],[17.4048,60.1425],[17.3726,60.1448],[17.3671,60.1519],[17.3218,60.1335],[17.3161,60.1131],[17.2977,60.106],[17.3087,60.0861],[17.3027,60.0645],[17.2793,60.0437],[17.2522,60.0386],[17.2068,60.0448],[17.1474,60.0008],[17.0846,59.9906],[17.0799,59.9722],[17.1244,59.9711],[17.1331,59.9541],[17.1237,59.9192],[17.1279,59.8879],[17.1184,59.8885],[17.1187,59.8825],[17.1383,59.8809],[17.1471,59.8689],[17.1699,59.8635],[17.155,59.8515],[17.1562,59.8453],[17.1909,59.8311],[17.1901,59.8254],[17.2135,59.8329],[17.2423,59.8068],[17.2815,59.7838],[17.3146,59.7933],[17.355,59.7828],[17.3706,59.7897],[17.3832,59.7753],[17.3932,59.7728],[17.3953,59.7517],[17.4095,59.7321],[17.5652,59.7341]]],[[[17.1398,60.0037],[17.1355,60.002],[17.1485,60.0064],[17.1333,60.0103],[17.1398,60.0037]]]]},"properties":{"kommunkod":"0380","namn":"Uppsala","lan":"03","ri_areal_ha":42775.0,"ri_areal_ar":2014,"ri_areal_klass":5}},{"type":"Feature","geometry":{"type":"MultiPolygon","coordinates":[[[[17.5043,59.4405],[17.5021,59.4598],[17.4337,59.5466],[17.3994,59.5695],[17.3778,59.5973],[17.3851,59.6308],[17.3983,59.649],[17.3822,59.6648],[17.4219,59.6596],[17.4741,59.6664],[17.4885,59.6812],[17.5089,59.6837],[17.508,59.6936],[17.5192,59.6985],[17.5246,59.7095],[17.542,59.7156],[17.5365,59.7204],[17.5386,59.7333],[17.4095,59.7321],[17.3953,59.7517],[17.3932,59.7728],[17.3832,59.7753],[17.3706,59.7897],[17.355,59.7828],[17.3146,59.7933],[17.2815,59.7838],[17.2423,59.8068],[17.2135,59.8329],[17.1901,59.8254],[17.1909,59.8311],[17.1562,59.8453],[17.155,59.8515],[17.1699,59.8635],[17.1471,59.8689],[17.1383,59.8809],[17.1148,59.8848],[17.0775,59.8586],[17.0385,59.8416],[17.0426,59.8375],[17.0124,59.8281],[17.0011,59.829],[16.961,59.8624],[16.9333,59.8675],[16.9174,59.8631],[16.9098,59.8684],[16.8574,59.8638],[16.799,59.8815],[16.8005,59.8696],[16.8371,59.8616],[16.801,59.8441],[16.8181,59.8365],[16.8098,59.833],[16.8098,59.8262],[16.7999,59.8248],[16.8112,59.8199],[16.7839,59.8104],[16.7886,59.8067],[16.7653,59.8025],[16.764,59.7963],[16.7275,59.775],[16.7758,59.7464],[16.7844,59.7316],[16.7839,59.7184],[16.8159,59.7102],[16.8201,59.6923],[16.8547,59.6669],[16.8879,59.6029],[16.9174,59.5647],[16.9213,59.5476],[16.9659,59.5204],[17.0302,59.5084],[17.046,59.5163],[17.064,59.511],[17.0839,59.5307],[17.1178,59.5263],[17.1501,59.5078],[17.159,59.4853],[17.1822,59.4791],[17.2078,59.4626],[17.3112,59.4377],[17.3539,59.4378],[17.365,59.4166],[17.3891,59.4141],[17.3834,59.3969],[17.4151,59.3835],[17.433,59.3958],[17.4262,59.4279],[17.4357,59.4417],[17.4531,59.4465],[17.5043,59.4405]]]]},"properties":{"kommunkod":"0381","namn":"Enköping","lan":"03","ri_areal_ha":31971.0,"ri_areal_ar":2014,"ri_areal_klass":4}},{"type":"Feature","geometry":{"type":"MultiPolygon","coordinates":[[[[17.8429,60.3056],[17.8215,60.3091],[17.8257,60.3025],[17.8362,60.3019],[17.8358,60.296],[17.8429,60.3056]]],[[[17.8539,60.3037],[17.8625,60.3081],[17.844,60.3094],[17.8539,60.3037]]],[[[17.7099,60.1622],[17.7025,60.151],[17.7122,60.1413],[17.7365,60.1354],[17.7421,60.1404],[17.7451,60.128],[17.757,60.1258],[17.7858,60.138],[17.7818,60.1411],[17.7942,60.1393],[17.8035,60.1495],[17.8431,60.1401],[17.852,60.1359],[17.8459,60.1116],[17.8608,60.109],[17.8448,60.1033],[17.8881,60.1033],[17.8848,60.1084],[17.8985,60.1141],[17.8948,60.0974],[17.9036,60.0872],[17.8904,60.0733],[17.9069,60.0592],[17.9153,60.0633],[17.9854,60.0585],[17.9958,60.0513],[17.9907,60.0479],[17.9948,60.0432],[18.0237,60.0228],[18.0373,60.0233],[18.0382,60.0333],[18.0648,60.0355],[18.0664,60.0395],[18.0491,60.0433],[18.066,60.0496],[18.2307,60.0231],[18.2363,60.0263],[18.2329,60.0301],[18.2489,60.0334],[18.3389,60.0384],[18.3191,60.0614],[18.3504,60.0658],[18.3888,60.059],[18.3968,60.0455],[18.3885,60.0413],[18.4125,60.0473],[18.4448,60.0586],[18.4508,60.0772],[18.492,60.1039],[18.4934,60.1383],[18.5128,60.1458],[18.5142,60.1607],[18.5932,60.1634],[18.6768,60.1551],[18.677,60.167],[18.6931,60.1657],[18.693,60.1761],[18.6736,60.1884],[18.6727,60.1946],[18.696,60.2007],[18.6932,60.2144],[18.6786,60.2313],[18.6836,60.2393],[18.9059,60.278],[19.1334,60.3005],[19.2079,60.5891],[19.137,60.6368],[19.0344,60.6736],[18.4762,60.7693],[18.2197,60.457],[18.1007,60.4316],[18.0451,60.4007],[17.9791,60.3961],[17.9733,60.3442],[17.9663,60.3294],[17.9312,60.3298],[17.92,60.3072],[17.8725,60.3012],[17.8779,60.3043],[17.8724,60.3083],[17.8635,60.2977],[17.8331,60.2917],[17.8375,60.286],[17.8229,60.2887],[17.827,60.2804],[17.8203,60.2797],[17.8148,60.2619],[17.7984,60.2511],[17.7977,60.2292],[17.7766,60.2312],[17.7713,60.2229],[17.7864,60.22],[17.7583,60.2202],[17.7567,60.2035],[17.7342,60.1854],[17.735,60.1763],[17.7099,60.1622]],[[17.7902,60.226],[17.7853,60.2255],[17.7996,60.227],[17.7902,60.226]],[[17.8781,60.1117],[17.8814,60.1078],[17.8707,60.1085],[17.8781,60.1117]]]]},"properties":{"kommunkod":"0382","namn":"Östhammar","lan":"03","ri_areal_ha":45911.0,"ri_areal_ar":2014,"ri_areal_klass":5}},{"type":"Feature","geometry":{"type":"MultiPolygon","coordinates":[[[[15.9674,58.9472],[15.9864,58.9526],[16.0072,58.9789],[16.0907,59.0054],[16.1102,59.0226],[16.1576,59.0214],[16.1441,59.0399],[16.1093,59.0554],[16.1086,59.0639],[16.0973,59.0733],[16.0462,59.1029],[16.0375,59.1292],[16.0131,59.1488],[15.963,59.1598],[15.7691,59.1837],[15.7982,59.137],[15.7877,59.1366],[15.7976,59.1229],[15.7908,59.1214],[15.7943,59.1097],[15.7073,59.101],[15.7011,59.0944],[15.7161,59.0849],[15.7105,59.0774],[15.6399,59.0541],[15.6426,59.0492],[15.6323,59.0368],[15.641,59.0345],[15.6167,59.023],[15.6311,59.0113],[15.6557,59.0115],[15.6503,58.9961],[15.6653,58.982],[15.6876,58.982],[15.6872,58.9894],[15.7032,58.9848],[15.7226,58.9886],[15.7412,58.951],[15.7644,58.9565],[15.7618,58.9637],[15.7804,58.9692],[15.7822,58.9848],[15.8069,59.0027],[15.8073,59.0125],[15.8154,59.0187],[15.8429,59.0149],[15.8721,58.9995],[15.8655,58.9906],[15.8834,58.9875],[15.8824,58.9791],[15.9115,58.9624],[15.9674,58.9472]]]]},"properties":{"kommunkod":"0428","namn":"Vingåker","lan":"04","ri_areal_ha":3549.0,"ri_areal_ar":2014,"ri_areal_klass":1}},{"type":"Feature","geometry":{"type":"MultiPolygon","coordinates":[[[[17.3856,58.9746],[17.3433,59.0251],[17.3469,59.0291],[17.3337,59.0318],[17.3315,59.0417],[17.3192,59.0491],[17.3259,59.0702],[17.3121,59.0793],[17.3219,59.1372],[17.2972,59.1643],[17.2237,59.176],[17.18,59.1954],[16.9371,59.2051],[16.9246,59.1864],[16.9055,59.1756],[16.8823,59.1509],[16.9127,59.1353],[16.8806,59.1118],[16.9716,59.0657],[16.9804,59.0674],[16.9962,59.048],[17.0042,59.0487],[16.9948,59.0379],[17.0024,59.0341],[17.0042,59.0397],[17.029,59.041],[17.0095,59.0304],[17.0185,59.0325],[17.0155,59.0279],[17.0406,59.0181],[17.0568,59.0211],[17.076,59.0125],[17.0822,59.0084],[17.0769,59.0046],[17.1173,58.9825],[17.1542,58.9747],[17.173,58.9819],[17.2067,58.9691],[17.2203,58.9509],[17.2715,58.9551],[17.2844,58.9432],[17.314,58.9367],[17.3252,58.9193],[17.3346,58.9164],[17.3584,58.9288],[17.3574,58.9332],[17.3851,58.9337],[17.4105,58.9453],[17.3856,58.9746]]]]},"properties":{"kommunkod":"0461","namn":"Gnesta","lan":"04","ri_areal_ha":18499.0,"ri_areal_ar":2014,"ri_areal_klass":4}},{"type":"Feature","geometry":{"type":"MultiPolygon","coordinates":[[[[17.8747,58.471],[17.6152,58.6756],[17.5744,58.6919],[17.5709,58.7414],[17.4837,58.7724],[17.4684,58.7838],[17.4279,58.775],[17.4265,58.8096],[17.399,58.8215],[17.398,58.8281],[17.388,58.8224],[17.3822,58.8286],[17.364,58.8304],[17.3558,58.8408],[17.358,58.8707],[17.3893,58.8827],[17.3924,58.893],[17.3795,58.914],[17.385,58.9342],[17.3574,58.9332],[17.3584,58.9288],[17.3346,58.9164],[17.3252,58.9193],[17.314,58.9367],[17.2844,58.9432],[17.2715,58.9551],[17.2203,58.9509],[17.2067,58.9691],[17.173,58.9819],[17.1542,58.9747],[17.1173,58.9825],[17.0568,59.0211],[17.0406,59.0181],[16.9783,59.0304],[16.8826,58.9891],[16.8749,58.9737],[16.8782,58.9676],[16.8696,58.9621],[16.8807,58.9574],[16.8884,58.9433],[16.8034,58.9486],[16.7673,58.934],[16.7335,58.9299],[16.7356,58.9172],[16.7225,58.9021],[16.7255,58.8937],[16.6735,58.8963],[16.6585,58.9061],[16.6531,58.9038],[16.6689,58.8894],[16.6317,58.879],[16.5857,58.8931],[16.5547,58.8731],[16.6057,58.8481],[16.6257,58.8253],[16.6041,58.8167],[16.5915,58.7836],[16.5794,58.7874],[16.5026,58.7691],[16.4641,58.7701],[16.432,58.7821],[16.3469,58.7955],[16.2691,58.8256],[16.2893,58.8007],[16.3103,58.7915],[16.2952,58.7761],[16.3046,58.7683],[16.3274,58.7796],[16.3686,58.7528],[16.3745,58.74],[16.3706,58.7343],[16.3779,58.7273],[16.3723,58.7271],[16.3772,58.7081],[16.3858,58.7036],[16.4177,58.703],[16.427,58.6972],[16.5845,58.6979],[16.6283,58.6899],[16.6371,58.685],[16.6392,58.6755],[16.6488,58.6819],[16.6898,58.6756],[16.7091,58.665],[16.7231,58.6479],[16.7584,58.6302],[16.7499,58.6271],[16.8274,58.5943],[16.8901,58.601],[16.9724,58.581],[17.0164,58.5901],[17.0698,58.5907],[17.0868,58.6346],[17.0322,58.6653],[16.9871,58.6722],[16.9973,58.6795],[16.9881,58.6913],[17.0019,58.6925],[16.9966,58.6968],[17.0046,58.707],[17.0192,58.7062],[17.0329,58.6966],[17.077,58.6919],[17.1059,58.6957],[17.1162,58.7027],[17.1782,58.7007],[17.2279,58.6947],[17.3391,58.6645],[17.8121,58.4563],[17.8747,58.471]],[[17.3655,58.8168],[17.3579,58.8157],[17.3766,58.8239],[17.3741,58.8153],[17.3655,58.8168]]]]},"properties":{"kommunkod":"0480","namn":"Nyköping","lan":"04","ri_areal_ha":42497.0,"ri_areal_ar":2014,"ri_areal_klass":5}},{"type":"Feature","geometry":{"type":"MultiPolygon","coordinates":[[[[17.5693,58.399],[17.8121,58.4563],[17.3391,58.6645],[17.2279,58.6947],[17.1782,58.7007],[17.1162,58.7027],[17.1059,58.6957],[17.077,58.6919],[17.0329,58.6966],[17.0192,58.7062],[17.0046,58.707],[16.9966,58.6968],[17.0019,58.6925],[16.9881,58.6913],[16.9973,58.6795],[16.9871,58.6722],[17.0322,58.6653],[17.0868,58.6346],[17.0698,58.5907],[17.1309,58.5501],[17.1465,58.5327],[17.149,58.5033],[17.5693,58.399]]]]},"properties":{"kommunkod":"0481","namn":"Oxelösund","lan":"04","ri_areal_ha":736.0,"ri_areal_ar":2014,"ri_areal_klass":1}},{"type":"Feature","geometry":{"type":"MultiPolygon","coordinates":[[[[16.5398,58.8751],[16.5547,58.8731],[16.5857,58.8931],[16.6283,58.8793],[16.6567,58.8851],[16.6689,58.8894],[16.6531,58.9038],[16.6585,58.9061],[16.6735,58.8963],[16.7255,58.8937],[16.7225,58.9021],[16.7356,58.9172],[16.7335,58.9299],[16.7673,58.934],[16.8034,58.9486],[16.8884,58.9433],[16.8807,58.9574],[16.8696,58.9621],[16.8782,58.9676],[16.8749,58.9737],[16.8826,58.9891],[16.9554,59.0215],[16.9811,59.0305],[17.0406,59.0181],[17.0155,59.0279],[17.0185,59.0325],[17.0095,59.0304],[17.029,59.041],[17.0042,59.0397],[17.0024,59.0341],[16.9948,59.0379],[17.0042,59.0487],[16.9962,59.048],[16.9804,59.0674],[16.9716,59.0657],[16.8806,59.1118],[16.9127,59.1353],[16.8823,59.1509],[16.9055,59.1756],[16.9246,59.1864],[16.9371,59.2051],[16.929,59.2065],[16.9355,59.2135],[16.8909,59.2131],[16.8433,59.2265],[16.8402,59.2385],[16.8111,59.2388],[16.8155,59.2343],[16.746,59.2301],[16.7554,59.2208],[16.6622,59.2166],[16.5952,59.202],[16.4584,59.1975],[16.4641,59.1879],[16.458,59.1147],[16.4633,59.1007],[16.4812,59.0902],[16.5244,59.0803],[16.5106,59.061],[16.5185,59.0552],[16.5124,59.0496],[16.5374,59.0459],[16.5285,59.0369],[16.5411,59.0307],[16.5667,59.0295],[16.5493,59.0202],[16.5583,59.0194],[16.5549,59.0114],[16.5703,59.0041],[16.5443,58.9954],[16.5189,59.0053],[16.5042,58.9975],[16.5311,58.9819],[16.502,58.9768],[16.4906,58.9635],[16.5276,58.9467],[16.5312,58.9407],[16.5206,58.9323],[16.5068,58.9355],[16.4851,58.9171],[16.438,58.9269],[16.4175,58.9181],[16.4713,58.8961],[16.4909,58.8984],[16.5398,58.8751]]]]},"properties":{"kommunkod":"0482","namn":"Flen","lan":"04","ri_areal_ha":19847.0,"ri_areal_ar":2014,"ri_areal_klass":4}},{"type":"Feature","geometry":{"type":"MultiPolygon","coordinates":[[[[15.762,59.1979],[15.7691,59.1837],[15.9429,59.1634],[16.0131,59.1488],[16.0375,59.1292],[16.0462,59.1029],[16.0973,59.0733],[16.1086,59.0639],[16.1093,59.0554],[16.1441,59.0399],[16.1576,59.0214],[16.1102,59.0226],[16.0907,59.0054],[16.0072,58.9789],[15.9864,58.9526],[15.9674,58.9472],[16.0822,58.9195],[16.0944,58.9038],[16.0877,58.904],[16.0991,58.8993],[16.1022,58.8858],[16.1803,58.8585],[16.1916,58.839],[16.2636,58.8322],[16.2937,58.8133],[16.3469,58.7955],[16.432,58.7821],[16.4641,58.7701],[16.5026,58.7691],[16.5794,58.7874],[16.5915,58.7836],[16.6041,58.8167],[16.6257,58.8253],[16.6057,58.8481],[16.5547,58.8731],[16.4909,58.8984],[16.4713,58.8961],[16.4175,58.9179],[16.438,58.9269],[16.4851,58.9171],[16.5068,58.9355],[16.5206,58.9323],[16.5312,58.9407],[16.5276,58.9467],[16.4906,58.9635],[16.502,58.9768],[16.5311,58.9819],[16.5042,58.9975],[16.5189,59.0053],[16.5443,58.9954],[16.5703,59.0041],[16.5549,59.0114],[16.5583,59.0194],[16.5493,59.0202],[16.5667,59.0295],[16.5411,59.0307],[16.5285,59.0369],[16.5374,59.0459],[16.5124,59.0496],[16.5185,59.0552],[16.5106,59.061],[16.5244,59.0803],[16.4812,59.0902],[16.4633,59.1007],[16.458,59.1147],[16.4641,59.1879],[16.4584,59.1975],[16.3814,59.1914],[16.3496,59.1653],[16.3353,59.1607],[16.233,59.1567],[16.2129,59.1454],[16.2053,59.1596],[16.2081,59.167],[16.1971,59.1695],[16.1953,59.183],[16.1767,59.1975],[16.1416,59.2047],[16.1022,59.2028],[16.101,59.2209],[16.0911,59.2202],[16.0741,59.2456],[16.0591,59.2466],[16.0244,59.263],[15.762,59.1979]]]]},"properties":{"kommunkod":"0483","namn":"Katrineholm","lan":"04","ri_areal_ha":16290.0,"ri_areal_ar":2014,"ri_areal_klass":3}},{"type":"Feature","geometry":{"type":"MultiPolygon","coordinates":[[[[15.8674,59.2789],[15.8927,59.2305],[16.0244,59.263],[16.0591,59.2466],[16.0741,59.2456],[16.0911,59.2202],[16.101,59.2209],[16.1022,59.2028],[16.1416,59.2047],[16.1767,59.1975],[16.1953,59.183],[16.1971,59.1695],[16.2081,59.167],[16.2053,59.1596],[16.2129,59.1454],[16.233,59.1567],[16.3353,59.1607],[16.3912,59.1933],[16.5952,59.202],[16.6622,59.2166],[16.7554,59.2208],[16.746,59.2301],[16.8402,59.2385],[16.8343,59.2937],[16.8472,59.301],[16.8227,59.3046],[16.8355,59.3117],[16.825,59.3567],[16.8345,59.3915],[16.8192,59.3947],[16.8297,59.4044],[16.7,59.4658],[16.7024,59.4877],[16.6656,59.4923],[16.636,59.4841],[16.4107,59.4598],[16.3715,59.4673],[16.3227,59.4529],[16.3005,59.4576],[16.2543,59.4525],[16.2451,59.4156],[16.2497,59.4095],[16.3067,59.3994],[16.2736,59.3885],[16.2665,59.362],[16.2103,59.36],[16.1577,59.3462],[16.0723,59.352],[16.0351,59.3693],[15.9383,59.3414],[15.9425,59.3227],[15.9112,59.3156],[15.9122,59.3055],[15.9025,59.2964],[15.8806,59.3031],[15.8771,59.2802],[15.8681,59.2805],[15.8732,59.282],[15.8679,59.2901],[15.8674,59.2789]],[[16.8152,59.301],[16.8304,59.2993],[16.8193,59.2955],[16.8152,59.301]]]]},"properties":{"kommunkod":"0484","namn":"Eskilstuna","lan":"04","ri_areal_ha":27216.0,"ri_areal_ar":2014,"ri_areal_klass":4}},{"type":"Feature","geometry":{"type":"MultiPolygon","coordinates":[[[[16.8252,59.2997],[16.8146,59.2996],[16.8286,59.2949],[16.8304,59.2993],[16.8252,59.2997]]],[[[17.413,59.3758],[17.4151,59.3835],[17.3834,59.3969],[17.3891,59.4141],[17.365,59.4166],[17.3539,59.4378],[17.3112,59.4377],[17.2078,59.4626],[17.1822,59.4791],[17.159,59.4853],[17.1501,59.5078],[17.1178,59.5263],[17.0839,59.5307],[17.064,59.511],[17.046,59.5163],[17.0302,59.5084],[16.9659,59.5204],[16.9506,59.494],[16.9063,59.4796],[16.8845,59.48],[16.8338,59.4984],[16.7569,59.502],[16.7024,59.4877],[16.6978,59.4701],[16.8297,59.4044],[16.8192,59.3947],[16.8345,59.3915],[16.825,59.3567],[16.8355,59.3117],[16.8227,59.3046],[16.8472,59.301],[16.8343,59.2937],[16.8433,59.2265],[16.8918,59.213],[16.9355,59.2135],[16.929,59.2065],[16.9371,59.2051],[17.18,59.1954],[17.2237,59.176],[17.277,59.1696],[17.2572,59.1802],[17.269,59.1826],[17.2626,59.1967],[17.2444,59.2042],[17.2515,59.2081],[17.2437,59.2146],[17.2465,59.2192],[17.2616,59.2226],[17.2748,59.2456],[17.3089,59.2521],[17.3039,59.2566],[17.3104,59.2663],[17.3478,59.2791],[17.3441,59.3113],[17.3506,59.3199],[17.335,59.3517],[17.4256,59.3513],[17.4109,59.3662],[17.413,59.3758]]]]},"properties":{"kommunkod":"0486","namn":"Strängnäs","lan":"04","ri_areal_ha":19645.0,"ri_areal_ar":2014,"ri_areal_klass":4}},{"type":"Feature","geometry":{"type":"MultiPolygon","coordinates":[[[[17.7252,58.7979],[17.7179,58.8153],[17.6696,58.8262],[17.6521,58.86],[17.6607,58.8665],[17.6513,58.8753],[17.6546,58.8934],[17.632,58.9032],[17.6362,58.9083],[17.6253,58.935],[17.5593,58.9518],[17.5429,58.9678],[17.5545,58.9827],[17.5119,58.9813],[17.4433,58.995],[17.4467,58.9905],[17.4392,58.9813],[17.3752,58.9824],[17.4105,58.9453],[17.3851,58.9337],[17.3795,58.914],[17.3924,58.893],[17.3893,58.8827],[17.358,58.8707],[17.3558,58.8408],[17.364,58.8304],[17.3822,58.8286],[17.388,58.8224],[17.398,58.8281],[17.399,58.8215],[17.4265,58.8096],[17.4279,58.775],[17.4684,58.7838],[17.4837,58.7724],[17.5709,58.7414],[17.5744,58.6919],[17.6152,58.6756],[17.8747,58.471],[17.9512,58.4889],[17.7953,58.6714],[17.7867,58.7779],[17.7252,58.7979]]],[[[17.3628,58.8155],[17.3741,58.8153],[17.3766,58.8239],[17.3581,58.8173],[17.3628,58.8155]]]]},"properties":{"kommunkod":"0488","namn":"Trosa","lan":"04","ri_areal_ha":10549.0,"ri_areal_ar":2014,"ri_areal_klass":2}},{"type":"Feature","geometry":{"type":"MultiPolygon","coordinates":[[[[14.6471,58.3505],[14.5204,58.356],[14.4177,58.1911],[14.4683,58.1311],[14.5496,58.1051],[14.571,58.1075],[14.5934,58.0985],[14.7228,58.0979],[14.7592,58.1038],[14.7656,58.0861],[14.8088,58.0827],[14.8835,58.0911],[14.8858,58.0851],[14.8978,58.0853],[14.8865,58.0989],[14.8973,58.1118],[14.9149,58.1112],[14.912,58.1168],[14.9168,58.1202],[14.8923,58.1239],[14.8921,58.1378],[14.9008,58.1386],[14.8943,58.1416],[14.9328,58.1401],[14.919,58.1449],[14.9119,58.157],[14.9147,58.1692],[14.8978,58.1627],[14.8783,58.1648],[14.8791,58.1825],[14.8689,58.1852],[14.8643,58.2105],[14.8735,58.2258],[14.8835,58.2289],[14.8715,58.2339],[14.8855,58.2431],[14.8844,58.2568],[14.89,58.2635],[14.87,58.2601],[14.8572,58.2759],[14.8468,58.2774],[14.8602,58.278],[14.863,58.2727],[14.8612,58.2781],[14.8634,58.2728],[14.8811,58.2876],[14.8647,58.282],[14.8529,58.3064],[14.8591,58.3144],[14.8528,58.3158],[14.868,58.3168],[14.8723,58.3238],[14.858,58.3252],[14.8345,58.355],[14.8182,58.3468],[14.7705,58.3475],[14.7546,58.338],[14.7147,58.331],[14.7009,58.3342],[14.6903,58.3286],[14.6639,58.3374],[14.6705,58.3494],[14.6471,58.3505]]]]},"properties":{"kommunkod":"0509","namn":"Ödeshög","lan":"05","ri_areal_ha":10696.0,"ri_areal_ar":2014,"ri_areal_klass":3}},{"type":"Feature","geometry":{"type":"MultiPolygon","coordinates":[[[[15.5424,57.7902],[15.5263,57.8104],[15.5151,57.8129],[15.5349,57.8465],[15.5305,57.8519],[15.4597,57.87],[15.4589,57.8847],[15.4159,57.8881],[15.4244,57.8982],[15.4121,57.9164],[15.4132,57.9306],[15.4237,57.9451],[15.4227,57.9578],[15.415,57.9635],[15.3681,57.9712],[15.3721,57.9539],[15.3667,57.9538],[15.3354,57.9645],[15.2982,57.9645],[15.2695,57.9999],[15.1742,58.0203],[15.1501,58.016],[15.1276,58.0214],[15.1267,58.0288],[15.0802,58.0321],[15.0637,58.0253],[15.0813,57.9989],[15.0732,57.9889],[15.0092,57.9874],[15.018,57.9583],[14.9985,57.9439],[14.9866,57.9423],[15.0124,57.9253],[14.9938,57.9093],[14.9973,57.9029],[15.0099,57.8915],[15.0225,57.8892],[15.038,57.8591],[15.0703,57.8472],[15.0779,57.8386],[15.0677,57.8223],[15.0738,57.8062],[15.0887,57.7728],[15.1197,57.7439],[15.1303,57.7246],[15.1282,57.7168],[15.1547,57.7062],[15.1791,57.7051],[15.1756,57.7111],[15.2569,57.7062],[15.2818,57.7102],[15.2825,57.715],[15.3333,57.6996],[15.3565,57.7066],[15.4216,57.7048],[15.4463,57.7185],[15.4406,57.7274],[15.4525,57.7324],[15.4306,57.745],[15.4792,57.7549],[15.4873,57.7624],[15.5009,57.7579],[15.5138,57.7684],[15.5252,57.7627],[15.5542,57.7726],[15.5424,57.7902]]]]},"properties":{"kommunkod":"0512","namn":"Ydre","lan":"05","ri_areal_ha":6921.0,"ri_areal_ar":2014,"ri_areal_klass":2}},{"type":"Feature","geometry":{"type":"MultiPolygon","coordinates":[[[[15.5422,57.7903],[15.5971,57.8184],[15.608,57.8306],[15.5991,57.8537],[15.6395,57.8489],[15.6771,57.8599],[15.735,57.8498],[15.7676,57.8516],[15.8223,57.8166],[15.8536,57.8287],[15.8956,57.8296],[15.9442,57.8033],[15.9646,57.8236],[16.0624,57.8733],[16.055,57.8938],[16.064,57.899],[16.0519,57.912],[16.0294,57.9212],[16.019,57.9437],[16.0463,57.9649],[16.0531,57.9612],[16.0927,57.9782],[16.0498,57.9877],[16.0247,58.0111],[15.9955,58.022],[15.9969,58.0362],[16.0169,58.0522],[16.016,58.0606],[15.988,58.0764],[16.0432,58.1045],[16.0076,58.1055],[15.9955,58.1184],[15.9799,58.1149],[15.969,58.1404],[15.9185,58.1629],[15.8983,58.1638],[15.8796,58.1889],[15.8617,58.197],[15.819,58.1967],[15.8154,58.2061],[15.8039,58.2091],[15.7672,58.2048],[15.7631,58.1949],[15.7425,58.1868],[15.7143,58.1944],[15.701,58.1915],[15.7144,58.172],[15.6501,58.1589],[15.6522,58.1791],[15.5797,58.1895],[15.5627,58.2042],[15.555,58.1918],[15.5578,58.1633],[15.553,58.143],[15.5113,58.1189],[15.5135,58.0902],[15.4665,58.0714],[15.4517,58.0724],[15.4542,58.0888],[15.435,58.0879],[15.4348,58.0767],[15.4168,58.0662],[15.379,58.0633],[15.383,58.0608],[15.3667,58.0395],[15.3752,58.0149],[15.3595,58.0008],[15.3701,57.9951],[15.3681,57.9712],[15.4227,57.9578],[15.4237,57.9451],[15.4132,57.9306],[15.4121,57.9164],[15.4244,57.8982],[15.4159,57.8881],[15.4589,57.8847],[15.4597,57.87],[15.5305,57.8519],[15.5349,57.8465],[15.5151,57.8129],[15.5263,57.8104],[15.5422,57.7903]]]]},"properties":{"kommunkod":"0513","namn":"Kinda","lan":"05","ri_areal_ha":5342.0,"ri_areal_ar":2014,"ri_areal_klass":2}},{"type":"Feature","geometry":{"type":"MultiPolygon","coordinates":[[[[14.89,58.2635],[14.8844,58.2568],[14.8855,58.2431],[14.8715,58.2339],[14.8835,58.2289],[14.8735,58.2258],[14.8643,58.2105],[14.8689,58.1852],[14.8791,58.1825],[14.8783,58.1648],[14.8978,58.1627],[14.9147,58.1692],[14.9119,58.157],[14.919,58.1449],[14.9328,58.1401],[14.8943,58.1416],[14.927,58.1343],[14.9779,58.1518],[14.9859,58.1494],[14.9758,58.1337],[15.0039,58.1133],[15.0055,58.1021],[15.0388,58.0567],[15.0277,58.0497],[15.0637,58.0253],[15.0802,58.0321],[15.1267,58.0288],[15.1276,58.0214],[15.1501,58.016],[15.1742,58.0203],[15.2695,57.9999],[15.2982,57.9645],[15.3262,57.9659],[15.3721,57.9539],[15.3701,57.9951],[15.3595,58.0008],[15.3752,58.0149],[15.3667,58.0395],[15.383,58.0608],[15.379,58.0787],[15.3445,58.0837],[15.3488,58.1028],[15.2955,58.1026],[15.2769,58.1348],[15.2503,58.1436],[15.2504,58.1763],[15.2345,58.1999],[15.222,58.2354],[15.2065,58.248],[15.174,58.251],[15.1651,58.2619],[15.1281,58.2686],[15.1224,58.2776],[15.064,58.2865],[15.0213,58.281],[15.0223,58.2897],[15.0045,58.3075],[14.9769,58.302],[14.9762,58.2906],[14.9542,58.2911],[14.9562,58.2983],[14.9484,58.3016],[14.9453,58.2881],[14.8957,58.2834],[14.89,58.2635]]]]},"properties":{"kommunkod":"0560","namn":"Boxholm","lan":"05","ri_areal_ha":5401.0,"ri_areal_ar":2014,"ri_areal_klass":2}},{"type":"Feature","geometry":{"type":"MultiPolygon","coordinates":[[[[16.3978,58.1295],[16.3953,58.1477],[16.411,58.1473],[16.4133,58.1542],[16.3964,58.1775],[16.4239,58.1918],[16.4372,58.1905],[16.4255,58.1812],[16.4327,58.1779],[16.4443,58.1917],[16.4365,58.1946],[16.4436,58.2005],[16.4329,58.2101],[16.4501,58.216],[16.4518,58.2247],[16.387,58.2533],[16.3266,58.2718],[16.3207,58.2645],[16.312,58.2663],[16.3135,58.2932],[16.3015,58.3061],[16.2507,58.3161],[16.2141,58.3125],[16.1891,58.3181],[16.1923,58.3248],[16.122,58.3511],[16.1051,58.3564],[16.0848,58.3534],[16.0753,58.3718],[16.0567,58.3737],[15.9918,58.3654],[15.997,58.3606],[15.9467,58.3481],[15.9628,58.3412],[15.9341,58.3349],[15.9019,58.3465],[15.8858,58.333],[15.8432,58.3265],[15.8022,58.3085],[15.8157,58.2932],[15.7967,58.2861],[15.8317,58.2699],[15.8351,58.2631],[15.8234,58.2591],[15.8201,58.2503],[15.8384,58.2291],[15.8279,58.2098],[15.8154,58.2061],[15.819,58.1967],[15.8617,58.197],[15.8796,58.1889],[15.8983,58.1638],[15.9185,58.1629],[15.969,58.1404],[15.9799,58.1149],[15.9955,58.1184],[16.0076,58.1055],[16.0432,58.1045],[16.0145,58.0856],[16.0272,58.0737],[16.0699,58.0699],[16.1285,58.0856],[16.1492,58.0618],[16.1782,58.0644],[16.1627,58.0896],[16.1774,58.1102],[16.2036,58.1046],[16.2407,58.136],[16.2648,58.1424],[16.3325,58.1172],[16.3634,58.1301],[16.3978,58.1295]]]]},"properties":{"kommunkod":"0561","namn":"Åtvidaberg","lan":"05","ri_areal_ha":23778.0,"ri_areal_ar":2014,"ri_areal_klass":4}},{"type":"Feature","geometry":{"type":"MultiPolygon","coordinates":[[[[15.4136,58.8069],[15.4231,58.7902],[15.445,58.7869],[15.4382,58.7837],[15.4487,58.7772],[15.4456,58.7647],[15.47,58.7528],[15.4785,58.7354],[15.4991,58.7318],[15.4962,58.7087],[15.4892,58.7072],[15.4952,58.7013],[15.4795,58.6973],[15.4918,58.6813],[15.478,58.6768],[15.4763,58.6614],[15.4644,58.6506],[15.4703,58.6433],[15.4772,58.6475],[15.4838,58.6433],[15.4883,58.6347],[15.5397,58.6401],[15.5317,58.6217],[15.5361,58.6055],[15.5263,58.6002],[15.5666,58.6126],[15.5801,58.6363],[15.5987,58.6327],[15.627,58.6142],[15.6184,58.645],[15.6586,58.6404],[15.6811,58.6575],[15.7677,58.6515],[15.7909,58.639],[15.7922,58.632],[15.8799,58.6292],[15.8978,58.6157],[15.9773,58.6225],[15.9472,58.6633],[15.9919,58.6754],[15.9946,58.682],[15.9967,58.6768],[16.0129,58.6787],[15.9833,58.6939],[15.9835,58.6991],[16.014,58.7135],[16.0263,58.7347],[16.0159,58.7458],[16.0521,58.766],[16.0825,58.7725],[16.0726,58.7969],[16.0934,58.8015],[16.0896,58.8059],[16.0995,58.8034],[16.0933,58.8173],[16.1034,58.8252],[16.1186,58.8201],[16.14,58.8267],[16.1793,58.8447],[16.1822,58.8569],[16.1442,58.875],[16.1022,58.8858],[16.0991,58.8993],[16.0877,58.904],[16.0944,58.9038],[16.0822,58.9195],[15.9961,58.9367],[15.9115,58.9624],[15.8824,58.9791],[15.8834,58.9875],[15.8655,58.9906],[15.8721,58.9995],[15.8429,59.0149],[15.8154,59.0187],[15.8073,59.0125],[15.8069,59.0027],[15.7822,58.9848],[15.7804,58.9692],[15.7618,58.9637],[15.7644,58.9565],[15.7412,58.951],[15.7207,58.9896],[15.7032,58.9848],[15.6872,58.9894],[15.6875,58.9809],[15.6777,58.9742],[15.6416,58.9739],[15.6291,58.9832],[15.5903,58.9595],[15.555,58.9564],[15.5584,58.941],[15.5932,58.9093],[15.586,58.8965],[15.5633,58.8941],[15.554,58.8705],[15.5307,58.8646],[15.4407,58.8642],[15.454,58.8211],[15.4243,58.822],[15.4294,58.8146],[15.4136,58.8069]]]]},"properties":{"kommunkod":"0562","namn":"Finspång","lan":"05","ri_areal_ha":3399.0,"ri_areal_ar":2014,"ri_areal_klass":1}},{"type":"Feature","geometry":{"type":"MultiPolygon","coordinates":[[[[17.5472,58.3097],[17.083,58.3104],[17.0314,58.2969],[16.9875,58.3001],[16.9767,58.2929],[16.8993,58.2919],[16.8561,58.281],[16.8264,58.2849],[16.8115,58.2656],[16.7799,58.274],[16.7768,58.2673],[16.7547,58.27],[16.7618,58.2632],[16.742,58.2572],[16.6722,58.2761],[16.6226,58.3075],[16.6264,58.3146],[16.5641,58.3255],[16.568,58.331],[16.5509,58.3488],[16.5373,58.3409],[16.5002,58.3671],[16.4673,58.3571],[16.4448,58.3773],[16.4219,58.3641],[16.419,58.3693],[16.3819,58.374],[16.3767,58.3807],[16.3628,58.3767],[16.3447,58.3858],[16.3479,58.3914],[16.3199,58.3882],[16.3298,58.384],[16.2653,58.395],[16.2568,58.3942],[16.2606,58.3811],[16.29,58.3508],[16.2773,58.3312],[16.2507,58.3161],[16.3015,58.3061],[16.3135,58.2932],[16.312,58.2663],[16.3207,58.2645],[16.3266,58.2718],[16.387,58.2533],[16.4518,58.2247],[16.4501,58.216],[16.4329,58.2101],[16.4436,58.2005],[16.4365,58.1946],[16.4443,58.1917],[16.4327,58.1779],[16.4255,58.1812],[16.4372,58.1905],[16.4239,58.1918],[16.3964,58.1775],[16.4133,58.1542],[16.411,58.1473],[16.3953,58.1477],[16.3978,58.1295],[16.4108,58.1307],[16.4292,58.1134],[16.4569,58.1121],[16.4649,58.0988],[16.4908,58.0889],[16.5325,58.1162],[16.5507,58.1093],[16.5704,58.0979],[16.5623,58.0893],[16.6069,58.0531],[16.5925,58.051],[16.6034,58.0466],[16.5992,58.0366],[16.6311,58.0119],[16.6243,58.0083],[16.6275,58.0028],[16.6579,57.9926],[16.6734,57.9996],[16.6968,57.9973],[16.7274,57.9849],[16.7349,57.9881],[16.7313,57.995],[16.7432,58.0005],[16.7474,57.9943],[16.7721,58.0039],[16.8123,58.0001],[16.8208,58.0267],[16.8961,58.0043],[17.353,57.9996],[17.5301,58.2532],[17.5472,58.3097]]]]},"properties":{"kommunkod":"0563","namn":"Valdemarsvik","lan":"05","ri_areal_ha":13744.0,"ri_areal_ar":2014,"ri_areal_klass":3}},{"type":"Feature","geometry":{"type":"MultiPolygon","coordinates":[[[[15.8039,58.2091],[15.8279,58.2098],[15.8384,58.2291],[15.8201,58.2503],[15.8234,58.2591],[15.8351,58.2631],[15.8317,58.2699],[15.7967,58.2861],[15.8157,58.2932],[15.8022,58.3084],[15.8102,58.3155],[15.8204,58.3123],[15.8432,58.3265],[15.8858,58.333],[15.9019,58.3465],[15.9341,58.3349],[15.9628,58.3412],[15.9467,58.3481],[15.997,58.3606],[15.9918,58.3654],[16.0753,58.3718],[16.0529,58.3808],[16.0357,58.3984],[16.0453,58.4059],[16.0134,58.4086],[16.0091,58.4197],[15.9887,58.426],[15.9521,58.4271],[15.9505,58.4359],[15.9767,58.4481],[15.9559,58.4642],[15.9634,58.4673],[15.9088,58.4764],[15.9185,58.4802],[15.8981,58.4869],[15.9325,58.4917],[15.9337,58.497],[15.9175,58.512],[15.875,58.516],[15.8564,58.5118],[15.8491,58.5176],[15.8175,58.5186],[15.7594,58.5117],[15.7567,58.5516],[15.6907,58.5594],[15.6864,58.5762],[15.6626,58.5795],[15.6651,58.5844],[15.6458,58.605],[15.6184,58.6151],[15.5987,58.6327],[15.5801,58.6363],[15.5666,58.6126],[15.5263,58.6002],[15.5361,58.6055],[15.5317,58.6217],[15.5397,58.6401],[15.4694,58.6287],[15.4173,58.6522],[15.3723,58.6286],[15.3713,58.618],[15.3908,58.6088],[15.3743,58.59],[15.3818,58.5797],[15.3724,58.5476],[15.3837,58.5468],[15.3773,58.5115],[15.3704,58.5111],[15.3712,58.5181],[15.3667,58.5129],[15.3755,58.5014],[15.3638,58.4898],[15.3654,58.4831],[15.3786,58.4841],[15.3866,58.4774],[15.3575,58.473],[15.3897,58.4711],[15.3929,58.4651],[15.3699,58.4658],[15.3537,58.4531],[15.3216,58.4488],[15.3182,58.4375],[15.2973,58.4244],[15.2947,58.4147],[15.2672,58.4107],[15.2676,58.4048],[15.2556,58.4007],[15.2876,58.3911],[15.3116,58.3984],[15.3417,58.3966],[15.3521,58.3891],[15.3417,58.3712],[15.336,58.3747],[15.3419,58.3568],[15.3311,58.3491],[15.3494,58.3509],[15.3694,58.3385],[15.358,58.3203],[15.3468,58.3148],[15.3381,58.29],[15.3706,58.2536],[15.3678,58.2371],[15.3606,58.231],[15.3686,58.2288],[15.3764,58.2074],[15.3707,58.197],[15.3751,58.187],[15.3661,58.1821],[15.3759,58.1669],[15.3441,58.1573],[15.3268,58.1428],[15.2769,58.1348],[15.2934,58.1045],[15.3488,58.1028],[15.3445,58.0837],[15.379,58.0787],[15.379,58.0633],[15.4168,58.0662],[15.4348,58.0767],[15.435,58.0879],[15.4542,58.0888],[15.4517,58.0724],[15.4665,58.0714],[15.5135,58.0902],[15.5113,58.1189],[15.553,58.143],[15.5578,58.1633],[15.555,58.1918],[15.5627,58.2042],[15.5797,58.1895],[15.6522,58.1791],[15.6501,58.1589],[15.7144,58.172],[15.701,58.1915],[15.7143,58.1944],[15.7425,58.1868],[15.7631,58.1949],[15.7672,58.2048],[15.8039,58.2091]]]]},"properties":{"kommunkod":"0580","namn":"Linköping","lan":"05","ri_areal_ha":44007.0,"ri_areal_ar":2014,"ri_areal_klass":5}},{"type":"Feature","geometry":{"type":"MultiPolygon","coordinates":[[[[16.1823,58.8539],[16.1793,58.8447],[16.14,58.8267],[16.1186,58.8201],[16.1034,58.8252],[16.0933,58.8173],[16.0995,58.8034],[16.0896,58.8059],[16.0934,58.8015],[16.0726,58.7969],[16.0825,58.7725],[16.0521,58.766],[16.0159,58.7458],[16.0263,58.7347],[16.014,58.7135],[15.9835,58.6991],[15.9833,58.6939],[16.0129,58.6787],[15.9967,58.6768],[15.9946,58.682],[15.9919,58.6754],[15.9472,58.6633],[15.9773,58.6225],[15.8978,58.6157],[15.8799,58.6292],[15.7922,58.632],[15.7909,58.639],[15.7677,58.6515],[15.6811,58.6575],[15.6586,58.6404],[15.6184,58.645],[15.627,58.6142],[15.6458,58.605],[15.6651,58.5844],[15.6626,58.5795],[15.6864,58.5762],[15.6907,58.5594],[15.7567,58.5516],[15.7594,58.5117],[15.8175,58.5186],[15.8491,58.5176],[15.8564,58.5118],[15.875,58.516],[15.9175,58.512],[15.9337,58.497],[15.9325,58.4917],[15.8981,58.4869],[15.9185,58.4802],[15.9088,58.4764],[15.9634,58.4673],[15.9559,58.4642],[15.9767,58.4481],[15.9505,58.4359],[15.9521,58.4271],[15.9887,58.426],[16.0158,58.418],[16.034,58.4205],[16.0406,58.4156],[16.0439,58.4273],[16.0329,58.4373],[16.0442,58.4447],[16.0386,58.4472],[16.0456,58.4589],[16.0839,58.4617],[16.0824,58.4742],[16.0899,58.4872],[16.0816,58.4938],[16.0822,58.5028],[16.1111,58.5031],[16.1074,58.5126],[16.1324,58.5138],[16.1399,58.5216],[16.1666,58.527],[16.18,58.5264],[16.1843,58.5201],[16.2457,58.5186],[16.2462,58.5238],[16.2553,58.5234],[16.2924,58.5124],[16.3322,58.5111],[16.3461,58.4994],[16.3373,58.4863],[16.3563,58.4798],[16.4065,58.4747],[16.4299,58.4792],[16.4882,58.4707],[16.5662,58.4472],[16.691,58.4278],[16.7022,58.4171],[16.7835,58.4137],[16.7918,58.42],[16.7822,58.4269],[16.7992,58.4366],[16.8585,58.4428],[16.8711,58.4676],[16.9345,58.4669],[16.9776,58.4586],[16.9948,58.459],[16.9983,58.4675],[17.1033,58.4414],[17.5693,58.399],[17.149,58.5033],[17.1465,58.5327],[17.1309,58.5501],[17.0698,58.5907],[17.0164,58.5901],[16.9724,58.581],[16.8901,58.601],[16.8274,58.5943],[16.7499,58.6271],[16.7584,58.6302],[16.7231,58.6479],[16.7091,58.665],[16.6898,58.6756],[16.6488,58.6819],[16.6392,58.6755],[16.6371,58.685],[16.6283,58.6899],[16.5845,58.6979],[16.427,58.6972],[16.4177,58.703],[16.3858,58.7036],[16.3772,58.7081],[16.3723,58.7271],[16.3779,58.7273],[16.3706,58.7343],[16.3745,58.74],[16.3686,58.7528],[16.3274,58.7796],[16.3046,58.7683],[16.2952,58.7761],[16.3103,58.7915],[16.2893,58.8007],[16.2636,58.8322],[16.2014,58.8361],[16.1916,58.839],[16.1823,58.8539]]]]},"properties":{"kommunkod":"0581","namn":"Norrköping","lan":"05","ri_areal_ha":27610.0,"ri_areal_ar":2014,"ri_areal_klass":4}},{"type":"Feature","geometry":{"type":"MultiPolygon","coordinates":[[[[17.5693,58.399],[17.1033,58.4414],[16.9983,58.4675],[16.9948,58.459],[16.9776,58.4586],[16.9345,58.4669],[16.8711,58.4676],[16.8585,58.4428],[16.7992,58.4366],[16.7822,58.4269],[16.7918,58.42],[16.7835,58.4137],[16.7022,58.4171],[16.691,58.4278],[16.5662,58.4472],[16.4882,58.4707],[16.4299,58.4792],[16.4065,58.4747],[16.3563,58.4798],[16.3373,58.4863],[16.3461,58.4994],[16.3322,58.5111],[16.2924,58.5124],[16.2553,58.5234],[16.2462,58.5238],[16.2457,58.5186],[16.1843,58.5201],[16.18,58.5264],[16.1666,58.527],[16.1399,58.5216],[16.1324,58.5138],[16.1074,58.5126],[16.1111,58.5031],[16.0822,58.5028],[16.0816,58.4938],[16.0899,58.4872],[16.0824,58.4742],[16.0839,58.4617],[16.0456,58.4589],[16.0386,58.4472],[16.0442,58.4447],[16.0329,58.4373],[16.0439,58.4273],[16.0406,58.4156],[16.034,58.4205],[16.0091,58.4197],[16.0134,58.4086],[16.0453,58.4059],[16.0357,58.3984],[16.0529,58.3808],[16.0753,58.3718],[16.0848,58.3534],[16.1051,58.3564],[16.122,58.3511],[16.1923,58.3248],[16.1891,58.3181],[16.2141,58.3125],[16.2507,58.3161],[16.2879,58.3416],[16.2904,58.3552],[16.2666,58.371],[16.2568,58.3942],[16.3298,58.384],[16.3199,58.3882],[16.3479,58.3914],[16.3447,58.3858],[16.3628,58.3767],[16.3767,58.3807],[16.3819,58.374],[16.419,58.3693],[16.4219,58.3641],[16.4446,58.3773],[16.4673,58.3571],[16.5002,58.3671],[16.5373,58.3409],[16.5509,58.3488],[16.568,58.331],[16.5641,58.3255],[16.6264,58.3146],[16.6226,58.3075],[16.6722,58.2761],[16.742,58.2572],[16.7618,58.2632],[16.7547,58.27],[16.7768,58.2673],[16.7799,58.274],[16.8115,58.2656],[16.8264,58.2849],[16.8561,58.281],[16.8993,58.2919],[16.9767,58.2929],[16.9875,58.3001],[17.0314,58.2969],[17.083,58.3104],[17.5472,58.3097],[17.5693,58.399]]]]},"properties":{"kommunkod":"0582","namn":"Söderköping","lan":"05","ri_areal_ha":15150.0,"ri_areal_ar":2014,"ri_areal_klass":3}},{"type":"Feature","geometry":{"type":"MultiPolygon","coordinates":[[[[14.8066,58.6651],[14.7788,58.6462],[14.6735,58.5101],[14.7527,58.4932],[14.939,58.5359],[14.9708,58.5179],[14.9812,58.5059],[14.9767,58.5019],[14.9855,58.5025],[14.9877,58.4941],[15.0029,58.4943],[14.975,58.481],[14.9767,58.4771],[15.0077,58.4804],[15.0156,58.4753],[14.9824,58.4545],[14.9989,58.4493],[14.962,58.4342],[14.9974,58.4246],[15.0034,58.4177],[15.0391,58.4258],[15.0553,58.4233],[15.0471,58.4285],[15.0615,58.4333],[15.078,58.4263],[15.1161,58.432],[15.1416,58.4631],[15.1527,58.4678],[15.1522,58.4733],[15.1595,58.4667],[15.1969,58.4639],[15.2028,58.4561],[15.245,58.4685],[15.2647,58.4542],[15.2659,58.448],[15.2566,58.4411],[15.3108,58.435],[15.3182,58.4375],[15.3216,58.4488],[15.3537,58.4531],[15.3699,58.4658],[15.3928,58.4649],[15.3897,58.4711],[15.3575,58.473],[15.3866,58.4774],[15.3786,58.4841],[15.3654,58.4831],[15.3638,58.4898],[15.3755,58.5014],[15.3667,58.5129],[15.3712,58.5181],[15.3704,58.5111],[15.3773,58.5115],[15.3837,58.5468],[15.3724,58.5476],[15.3818,58.5797],[15.3743,58.59],[15.3908,58.6088],[15.3713,58.618],[15.3723,58.6286],[15.4175,58.6522],[15.4694,58.6287],[15.4883,58.6347],[15.4838,58.6433],[15.4772,58.6475],[15.4703,58.6433],[15.4644,58.6506],[15.4763,58.6614],[15.478,58.6768],[15.4918,58.6813],[15.4795,58.6973],[15.4952,58.7013],[15.4892,58.7072],[15.4962,58.7087],[15.4991,58.7318],[15.4785,58.7354],[15.47,58.7528],[15.4456,58.7647],[15.4487,58.7772],[15.4382,58.7837],[15.445,58.7869],[15.4231,58.7902],[15.4111,58.8056],[15.4144,58.8206],[15.4029,58.842],[15.3814,58.8469],[15.3476,58.8292],[15.3264,58.8503],[15.3253,58.8593],[15.2952,58.8498],[15.2628,58.8651],[15.2562,58.8498],[15.2406,58.8431],[15.247,58.8383],[15.219,58.8427],[15.2181,58.8273],[15.1983,58.8147],[15.1674,58.8107],[15.1381,58.8207],[15.1279,58.7964],[15.1191,58.7908],[15.1325,58.787],[15.1218,58.7835],[15.1151,58.7702],[15.0964,58.7689],[15.0931,58.7619],[15.0836,58.7667],[15.0669,58.7544],[15.0345,58.7043],[15.0116,58.7056],[15.0039,58.6957],[14.9725,58.6834],[14.9555,58.6929],[14.9292,58.6968],[14.8066,58.6651]]]]},"properties":{"kommunkod":"0583","namn":"Motala","lan":"05","ri_areal_ha":16074.0,"ri_areal_ar":2014,"ri_areal_klass":3}},{"type":"Feature","geometry":{"type":"MultiPolygon","coordinates":[[[[14.5425,58.3797],[14.5204,58.356],[14.6705,58.3494],[14.6639,58.3374],[14.6903,58.3286],[14.7009,58.3342],[14.7147,58.331],[14.7546,58.338],[14.7705,58.3475],[14.8182,58.3468],[14.8422,58.3588],[14.8801,58.3597],[14.9245,58.3435],[14.9472,58.3542],[14.9482,58.3672],[14.9716,58.3674],[14.9668,58.372],[14.9777,58.3816],[14.9692,58.3901],[14.9711,58.4042],[14.9858,58.4037],[14.9861,58.399],[15.0064,58.4016],[14.9971,58.4124],[14.9974,58.4246],[14.962,58.4342],[14.9989,58.4493],[14.9824,58.4545],[15.0163,58.4739],[15.0077,58.4804],[14.9767,58.4771],[14.975,58.481],[15.0029,58.4943],[14.9877,58.4941],[14.9855,58.5025],[14.9767,58.5019],[14.9812,58.5059],[14.9708,58.5179],[14.939,58.5359],[14.7527,58.4932],[14.6735,58.5101],[14.5425,58.3797]]]]},"properties":{"kommunkod":"0584","namn":"Vadstena","lan":"05","ri_areal_ha":13511.0,"ri_areal_ar":2014,"ri_areal_klass":3}},{"type":"Feature","geometry":{"type":"MultiPolygon","coordinates":[[[[15.2503,58.1436],[15.2779,58.1345],[15.2959,58.1372],[15.3268,58.1428],[15.3441,58.1573],[15.3709,58.1635],[15.3744,58.1743],[15.3661,58.1821],[15.3751,58.187],[15.3707,58.197],[15.3764,58.2074],[15.3686,58.2288],[15.3606,58.231],[15.3678,58.2371],[15.3706,58.2536],[15.3381,58.29],[15.3468,58.3148],[15.358,58.3203],[15.3694,58.3385],[15.3494,58.3509],[15.3311,58.3491],[15.3419,58.3568],[15.336,58.3747],[15.3417,58.3712],[15.3521,58.3891],[15.3417,58.3966],[15.3116,58.3984],[15.2876,58.3911],[15.2565,58.3986],[15.2676,58.4048],[15.2672,58.4107],[15.2947,58.4147],[15.3108,58.435],[15.2566,58.4411],[15.2652,58.453],[15.2463,58.4628],[15.2489,58.4671],[15.2176,58.4645],[15.2192,58.4582],[15.2028,58.4561],[15.1969,58.4639],[15.1595,58.4667],[15.1522,58.4733],[15.128,58.4417],[15.1035,58.4275],[15.0945,58.4314],[15.0728,58.4265],[15.0615,58.4333],[15.0471,58.4285],[15.0553,58.4233],[15.0006,58.4209],[14.995,58.4183],[15.0064,58.4016],[14.9861,58.399],[14.9858,58.4037],[14.9711,58.4042],[14.9692,58.3901],[14.9777,58.3816],[14.9668,58.372],[14.9716,58.3674],[14.9482,58.3672],[14.9472,58.3542],[14.9245,58.3435],[14.8801,58.3597],[14.8345,58.355],[14.858,58.3252],[14.8723,58.3238],[14.868,58.3168],[14.8528,58.3158],[14.8591,58.3144],[14.8529,58.3064],[14.8647,58.282],[14.8811,58.2876],[14.8634,58.2728],[14.8612,58.2781],[14.863,58.2727],[14.8602,58.278],[14.8468,58.2774],[14.8572,58.2759],[14.87,58.2601],[14.8902,58.2635],[14.8957,58.2834],[14.9453,58.2881],[14.9484,58.3016],[14.9562,58.2983],[14.9542,58.2911],[14.9762,58.2906],[14.9769,58.302],[15.0045,58.3075],[15.0223,58.2897],[15.0213,58.281],[15.064,58.2865],[15.1224,58.2776],[15.1281,58.2686],[15.1651,58.2619],[15.174,58.251],[15.2065,58.248],[15.222,58.2354],[15.2345,58.1999],[15.2504,58.1763],[15.2503,58.1436]]]]},"properties":{"kommunkod":"0586","namn":"Mjölby","lan":"05","ri_areal_ha":5890.0,"ri_areal_ar":2014,"ri_areal_klass":2}},{"type":"Feature","geometry":{"type":"MultiPolygon","coordinates":[[[[14.614,58.0006],[14.5772,57.9882],[14.5818,57.9652],[14.5772,57.9587],[14.5843,57.9425],[14.5553,57.9493],[14.5398,57.9401],[14.5036,57.9391],[14.4848,57.9245],[14.4771,57.8855],[14.479,57.8743],[14.5012,57.854],[14.5236,57.8589],[14.5437,57.8734],[14.5913,57.869],[14.5867,57.8597],[14.6046,57.8542],[14.5986,57.8351],[14.6042,57.8298],[14.6194,57.8309],[14.6139,57.8215],[14.6315,57.7879],[14.6291,57.7817],[14.6397,57.7765],[14.6361,57.7657],[14.6507,57.7591],[14.7035,57.7752],[14.7018,57.7847],[14.7107,57.7877],[14.7385,57.7855],[14.7382,57.7964],[14.757,57.7988],[14.7553,57.8025],[14.8133,57.8045],[14.8157,57.7966],[14.8392,57.7957],[14.8549,57.7979],[14.8596,57.8063],[14.8907,57.8119],[14.9221,57.8102],[14.9509,57.7986],[14.9517,57.7723],[14.9673,57.764],[14.9662,57.7561],[14.974,57.7492],[14.996,57.7504],[15.0104,57.7411],[15.0367,57.7466],[15.0569,57.7433],[15.0867,57.7519],[15.0944,57.7416],[15.0897,57.7389],[15.1111,57.7284],[15.108,57.7254],[15.117,57.7159],[15.125,57.7154],[15.1305,57.723],[15.1158,57.7495],[15.0887,57.7728],[15.0677,57.8223],[15.0779,57.8386],[15.0703,57.8472],[15.038,57.8591],[15.0225,57.8892],[15.0099,57.8915],[14.9943,57.9066],[15.0127,57.9242],[15.0046,57.9334],[14.9574,57.9282],[14.9357,57.9499],[14.8873,57.945],[14.8602,57.9532],[14.8427,57.9413],[14.8253,57.9482],[14.8145,57.9363],[14.796,57.9443],[14.7931,57.9319],[14.7839,57.9302],[14.761,57.9451],[14.7584,57.9533],[14.7353,57.951],[14.7305,57.9591],[14.7123,57.9538],[14.7146,57.9394],[14.6855,57.9419],[14.6863,57.9484],[14.6416,57.9569],[14.6481,57.9758],[14.6297,57.9768],[14.6304,57.9836],[14.617,57.9858],[14.6159,57.9917],[14.6268,58.0002],[14.614,58.0006]]]]},"properties":{"kommunkod":"0604","namn":"Aneby","lan":"06","ri_areal_ha":2211.0,"ri_areal_ar":2014,"ri_areal_klass":1}},{"type":"Feature","geometry":{"type":"MultiPolygon","coordinates":[[[[13.7103,57.2468],[13.7369,57.2383],[13.8361,57.2347],[13.8413,57.2359],[13.8397,57.2438],[13.8287,57.2554],[13.8988,57.2885],[13.9117,57.2691],[13.9795,57.2519],[14.0054,57.2841],[14.0434,57.2773],[14.0595,57.3095],[14.037,57.3122],[14.047,57.3026],[14.0442,57.2972],[14.0059,57.2971],[13.998,57.3094],[14.013,57.3202],[14.0304,57.323],[14.0058,57.3534],[13.9882,57.3547],[13.9787,57.376],[13.9614,57.3793],[13.9372,57.3699],[13.9121,57.3896],[13.9162,57.3913],[13.9069,57.4021],[13.8852,57.4101],[13.9014,57.4339],[13.8941,57.4445],[13.8948,57.4646],[13.8892,57.4678],[13.8515,57.4702],[13.8285,57.4822],[13.8226,57.4745],[13.8037,57.4722],[13.8058,57.4615],[13.8005,57.4585],[13.7717,57.4693],[13.7585,57.4828],[13.7079,57.4536],[13.7028,57.4542],[13.7034,57.4608],[13.697,57.4582],[13.6704,57.4716],[13.6775,57.4787],[13.6563,57.4606],[13.6594,57.4567],[13.652,57.4495],[13.6564,57.4423],[13.6264,57.4318],[13.6307,57.42],[13.6036,57.4029],[13.5995,57.3834],[13.5783,57.3768],[13.5769,57.3565],[13.5682,57.3545],[13.568,57.345],[13.5841,57.3426],[13.6299,57.3526],[13.6743,57.3417],[13.6833,57.328],[13.6776,57.3204],[13.6843,57.3144],[13.6798,57.308],[13.7077,57.2859],[13.7082,57.2631],[13.7199,57.2552],[13.7103,57.2468]]]]},"properties":{"kommunkod":"0617","namn":"Gnosjö","lan":"06","ri_areal_ha":10528.0,"ri_areal_ar":2014,"ri_areal_klass":2}},{"type":"Feature","geometry":{"type":"MultiPolygon","coordinates":[[[[13.8643,57.851],[13.8707,57.8642],[13.8618,57.8721],[13.865,57.8845],[13.856,57.8941],[13.8675,57.9015],[13.8968,57.8953],[13.8922,57.9003],[13.9028,57.9088],[13.9013,57.9165],[13.9218,57.925],[13.9036,57.9333],[13.9108,57.9436],[13.8994,57.9525],[13.9105,57.9572],[13.9062,57.9682],[13.9186,57.9797],[13.9299,58.0088],[13.9629,58.0078],[13.9489,58.0343],[13.8689,58.0509],[13.8652,58.0412],[13.805,58.0555],[13.7916,58.0477],[13.7962,58.0541],[13.79,58.056],[13.7732,58.0482],[13.7662,58.036],[13.7718,58.0242],[13.7529,58.0253],[13.7725,58.0199],[13.7737,58.0064],[13.7525,58.0085],[13.7575,58.0007],[13.7488,57.9938],[13.7332,57.9982],[13.7207,57.9917],[13.7276,57.9885],[13.7193,57.9761],[13.6876,57.9771],[13.7125,57.9658],[13.729,57.9313],[13.7337,57.9377],[13.7564,57.9408],[13.7659,57.9377],[13.7712,57.926],[13.7893,57.9221],[13.7906,57.9064],[13.7615,57.8934],[13.7664,57.8784],[13.7422,57.8653],[13.7317,57.8454],[13.7832,57.8462],[13.8034,57.8287],[13.8109,57.8347],[13.8544,57.8294],[13.8609,57.833],[13.8643,57.851]]]]},"properties":{"kommunkod":"0642","namn":"Mullsjö","lan":"06","ri_areal_ha":3528.0,"ri_areal_ar":2014,"ri_areal_klass":1}},{"type":"Feature","geometry":{"type":"MultiPolygon","coordinates":[[[[13.8643,57.851],[13.8884,57.8379],[13.9213,57.8562],[13.9452,57.8454],[13.9418,57.8383],[13.9598,57.8328],[13.9531,57.8245],[13.9658,57.8223],[13.9699,57.8116],[14.0109,57.8046],[14.0173,57.8256],[14.0126,57.8495],[14.0302,57.8597],[14.0426,57.8586],[14.0478,57.8649],[14.0715,57.853],[14.1005,57.8579],[14.1013,57.868],[14.1363,57.8868],[14.2046,57.9007],[14.2372,58.0277],[14.3143,58.1318],[14.2057,58.1353],[14.1687,58.1283],[14.1519,58.1315],[14.1288,58.1463],[14.1186,58.1212],[14.122,58.1001],[14.1077,58.0817],[14.1163,58.0753],[14.1073,58.0637],[14.0646,58.0389],[14.0695,58.0251],[14.0618,58.0283],[14.0639,58.0242],[13.993,58.0097],[13.9299,58.0088],[13.9186,57.9797],[13.9062,57.9682],[13.9105,57.9572],[13.8994,57.9525],[13.9108,57.9436],[13.9036,57.9333],[13.9218,57.925],[13.9013,57.9165],[13.9028,57.9088],[13.8922,57.9003],[13.8942,57.8933],[13.8675,57.9015],[13.856,57.8941],[13.865,57.8845],[13.8618,57.8721],[13.8707,57.8642],[13.8643,57.851]]]]},"properties":{"kommunkod":"0643","namn":"Habo","lan":"06","ri_areal_ha":14761.0,"ri_areal_ar":2014,"ri_areal_klass":3}},{"type":"Feature","geometry":{"type":"MultiPolygon","coordinates":[[[[13.6642,56.9846],[13.6807,56.9721],[13.6914,56.976],[13.6926,56.9886],[13.7096,57.0046],[13.7126,57.018],[13.7331,57.036],[13.7469,57.0385],[13.7469,57.0711],[13.7327,57.0817],[13.7331,57.0926],[13.7163,57.0918],[13.6988,57.11],[13.7327,57.1212],[13.7436,57.1404],[13.7035,57.1397],[13.6971,57.1488],[13.722,57.1604],[13.7085,57.167],[13.6764,57.1382],[13.6783,57.1437],[13.6638,57.1467],[13.6404,57.1717],[13.6774,57.192],[13.6558,57.1979],[13.6574,57.2171],[13.6674,57.2302],[13.6613,57.2369],[13.6668,57.2488],[13.7099,57.2459],[13.7199,57.2552],[13.7082,57.2631],[13.7077,57.2859],[13.6798,57.308],[13.6843,57.3144],[13.6776,57.3204],[13.6833,57.328],[13.6743,57.3417],[13.6299,57.3526],[13.5737,57.3432],[13.5682,57.3447],[13.5682,57.3544],[13.5769,57.3565],[13.5783,57.3768],[13.5945,57.3793],[13.6036,57.4029],[13.6307,57.42],[13.6264,57.4318],[13.6564,57.4423],[13.652,57.4495],[13.6594,57.4567],[13.6563,57.4606],[13.6773,57.4786],[13.6704,57.4716],[13.697,57.4582],[13.7034,57.4608],[13.7028,57.4542],[13.7079,57.4536],[13.7585,57.4828],[13.7717,57.4693],[13.8005,57.4585],[13.8058,57.4615],[13.8037,57.4722],[13.8226,57.4745],[13.8285,57.4822],[13.8515,57.4702],[13.8952,57.4647],[13.9011,57.4802],[13.8966,57.4921],[13.9106,57.4964],[13.9048,57.5321],[13.8807,57.5622],[13.9008,57.5757],[13.8589,57.5807],[13.867,57.5931],[13.8493,57.5954],[13.8355,57.6072],[13.8253,57.6074],[13.8263,57.6131],[13.7992,57.6081],[13.8072,57.5965],[13.7996,57.5909],[13.8147,57.5878],[13.8133,57.5825],[13.7897,57.5736],[13.7759,57.5552],[13.7265,57.5694],[13.7188,57.5593],[13.6886,57.5583],[13.6688,57.5382],[13.61,57.5121],[13.5832,57.4755],[13.5313,57.4305],[13.5142,57.4282],[13.5043,57.4142],[13.5155,57.4102],[13.5116,57.3982],[13.4819,57.3932],[13.4671,57.377],[13.4684,57.3713],[13.4356,57.3691],[13.4299,57.3577],[13.4363,57.3527],[13.433,57.349],[13.3878,57.341],[13.3687,57.3215],[13.2821,57.3075],[13.2885,57.2972],[13.2874,57.2827],[13.2633,57.2504],[13.243,57.2597],[13.1993,57.2504],[13.1879,57.2366],[13.1941,57.2274],[13.1515,57.178],[13.1382,57.1735],[13.1169,57.1493],[13.1003,57.1456],[13.0771,57.1276],[13.0991,57.1285],[13.0845,57.1126],[13.0899,57.1056],[13.0791,57.0989],[13.0896,57.0861],[13.0812,57.0836],[13.121,57.0575],[13.1133,57.0408],[13.1219,57.0358],[13.1212,57.0251],[13.145,57.0376],[13.1964,57.0508],[13.1903,57.0584],[13.1681,57.0485],[13.1619,57.0515],[13.1799,57.0668],[13.1921,57.0643],[13.2009,57.0722],[13.2337,57.0791],[13.2239,57.0837],[13.2334,57.0902],[13.2243,57.0938],[13.227,57.0969],[13.2538,57.0893],[13.2723,57.0912],[13.2893,57.1034],[13.3207,57.1024],[13.3514,57.1133],[13.3872,57.1139],[13.4404,57.1103],[13.454,57.1038],[13.4533,57.0965],[13.489,57.1138],[13.4993,57.1065],[13.4959,57.0949],[13.5008,57.0898],[13.4897,57.0855],[13.5007,57.0736],[13.5054,57.0851],[13.5273,57.0874],[13.5329,57.079],[13.5742,57.07],[13.5688,57.0655],[13.5737,57.0628],[13.5989,57.0633],[13.6079,57.042],[13.5855,57.0326],[13.6026,57.024],[13.5955,57.0152],[13.629,56.994],[13.6304,56.9862],[13.6642,56.9846]]]]},"properties":{"kommunkod":"0662","namn":"Gislaved","lan":"06","ri_areal_ha":15423.0,"ri_areal_ar":2014,"ri_areal_klass":3}},{"type":"Feature","geometry":{"type":"MultiPolygon","coordinates":[[[[13.8293,57.6137],[13.8253,57.6074],[13.867,57.5931],[13.8589,57.5807],[13.9008,57.5757],[13.8807,57.5622],[13.9048,57.5321],[13.9106,57.4964],[13.8966,57.4921],[13.9011,57.4802],[13.8941,57.4445],[13.9014,57.4339],[13.8852,57.4101],[13.9069,57.4021],[13.9162,57.3913],[13.9121,57.3896],[13.9372,57.3699],[13.9614,57.3793],[13.9787,57.376],[13.9882,57.3547],[14.0058,57.3534],[14.0304,57.323],[14.013,57.3202],[13.998,57.3094],[14.0059,57.2971],[14.0442,57.2972],[14.047,57.3026],[14.037,57.3122],[14.0595,57.3095],[14.0734,57.3239],[14.0839,57.3258],[14.0988,57.3209],[14.0919,57.3138],[14.0916,57.3012],[14.1688,57.3191],[14.2071,57.3159],[14.224,57.3311],[14.2423,57.3075],[14.2737,57.3077],[14.2737,57.3472],[14.2895,57.3495],[14.3094,57.3656],[14.3334,57.3671],[14.3327,57.3748],[14.3684,57.3872],[14.3692,57.4382],[14.3813,57.4638],[14.4206,57.463],[14.4531,57.4762],[14.4448,57.4847],[14.4518,57.4893],[14.4366,57.4921],[14.438,57.5068],[14.3407,57.5194],[14.3139,57.5318],[14.3312,57.5405],[14.3105,57.5433],[14.2933,57.5574],[14.2845,57.5531],[14.2767,57.5628],[14.2561,57.5635],[14.2475,57.5525],[14.23,57.5475],[14.225,57.5542],[14.2294,57.5659],[14.2172,57.5737],[14.2168,57.5901],[14.2081,57.6003],[14.2157,57.6071],[14.2087,57.6101],[14.2041,57.6368],[14.1971,57.6445],[14.1446,57.6264],[14.1396,57.6161],[14.1132,57.6117],[14.0629,57.6299],[14.0451,57.6289],[14.0294,57.618],[13.9692,57.658],[13.953,57.6237],[13.9263,57.6199],[13.9173,57.6103],[13.8535,57.6229],[13.8293,57.6137]]]]},"properties":{"kommunkod":"0665","namn":"Vaggeryd","lan":"06","ri_areal_ha":11486.0,"ri_areal_ar":2014,"ri_areal_klass":3}},{"type":"Feature","geometry":{"type":"MultiPolygon","coordinates":[[[[13.6511,57.6069],[13.6368,57.5935],[13.6493,57.5937],[13.6601,57.6061],[13.6511,57.6069]]],[[[13.7319,57.8454],[13.7368,57.8433],[13.7376,57.8171],[13.7465,57.8116],[13.7417,57.8073],[13.7472,57.7775],[13.7539,57.7734],[13.7143,57.7306],[13.7163,57.7235],[13.7297,57.7184],[13.6942,57.7057],[13.7225,57.6917],[13.7248,57.6694],[13.7076,57.6383],[13.6856,57.6324],[13.6825,57.6258],[13.6715,57.6275],[13.6712,57.6171],[13.6642,57.615],[13.6689,57.5945],[13.6791,57.5952],[13.6716,57.587],[13.6866,57.5764],[13.6886,57.5583],[13.7188,57.5593],[13.7298,57.5697],[13.7759,57.5552],[13.7897,57.5736],[13.8133,57.5825],[13.8147,57.5878],[13.7996,57.5909],[13.8072,57.5965],[13.8002,57.6088],[13.8403,57.6151],[13.8535,57.6229],[13.9173,57.6103],[13.9263,57.6199],[13.953,57.6237],[13.9693,57.658],[14.0294,57.618],[14.0451,57.6289],[14.0629,57.6299],[14.1132,57.6117],[14.1396,57.6161],[14.1446,57.6264],[14.1971,57.6445],[14.2041,57.6368],[14.2087,57.6101],[14.2157,57.6071],[14.2081,57.6003],[14.2168,57.5901],[14.2172,57.5737],[14.2294,57.5659],[14.225,57.5542],[14.23,57.5475],[14.2475,57.5525],[14.2561,57.5635],[14.2765,57.5629],[14.2843,57.5532],[14.2933,57.5574],[14.3105,57.5433],[14.3463,57.5392],[14.3476,57.5517],[14.3317,57.5961],[14.3609,57.599],[14.3799,57.6127],[14.3678,57.6156],[14.36,57.6308],[14.387,57.6398],[14.3831,57.6499],[14.393,57.6523],[14.3952,57.6661],[14.4259,57.6643],[14.4187,57.6766],[14.4229,57.6843],[14.4319,57.6828],[14.4517,57.6974],[14.4413,57.7048],[14.4467,57.713],[14.4345,57.7206],[14.4551,57.723],[14.4564,57.7309],[14.4994,57.7233],[14.5254,57.7448],[14.5476,57.7468],[14.5547,57.7406],[14.5662,57.7457],[14.5775,57.7341],[14.6058,57.7394],[14.6031,57.744],[14.6167,57.7486],[14.6536,57.7535],[14.6361,57.7657],[14.6397,57.7765],[14.6291,57.7817],[14.6315,57.7879],[14.6139,57.8215],[14.6194,57.8309],[14.6042,57.8298],[14.5986,57.8351],[14.6046,57.8542],[14.5867,57.8597],[14.5913,57.869],[14.5437,57.8734],[14.5236,57.8589],[14.5012,57.854],[14.479,57.8743],[14.4771,57.8855],[14.4848,57.9245],[14.5036,57.9391],[14.5398,57.9401],[14.5553,57.9493],[14.5843,57.9425],[14.5772,57.9587],[14.5818,57.9652],[14.5772,57.9882],[14.6141,58.0013],[14.6196,58.0243],[14.6061,58.0458],[14.623,58.0517],[14.6049,58.067],[14.6043,58.0813],[14.589,58.1029],[14.5496,58.1051],[14.4683,58.1311],[14.4177,58.1911],[14.3143,58.1318],[14.2372,58.0277],[14.2046,57.9007],[14.1363,57.8868],[14.1013,57.868],[14.1005,57.8579],[14.0715,57.853],[14.0478,57.8649],[14.0426,57.8586],[14.0302,57.8597],[14.0126,57.8495],[14.0173,57.8256],[14.0109,57.8046],[13.9699,57.8116],[13.9658,57.8223],[13.9531,57.8245],[13.9598,57.8328],[13.9418,57.8383],[13.9452,57.8454],[13.9213,57.8562],[13.8884,57.8379],[13.8643,57.851],[13.8609,57.833],[13.8544,57.8294],[13.8109,57.8347],[13.8034,57.8287],[13.7832,57.8462],[13.7319,57.8454]]]]},"properties":{"kommunkod":"0680","namn":"Jönköping","lan":"06","ri_areal_ha":29204.0,"ri_areal_ar":2014,"ri_areal_klass":4}},{"type":"Feature","geometry":{"type":"MultiPolygon","coordinates":[[[[14.4518,57.4893],[14.5169,57.4871],[14.5168,57.4765],[14.5332,57.4669],[14.535,57.4749],[14.5461,57.4744],[14.5451,57.4629],[14.5609,57.4645],[14.5605,57.4598],[14.5773,57.452],[14.578,57.4393],[14.5913,57.4372],[14.5896,57.4336],[14.6204,57.435],[14.6209,57.4408],[14.6588,57.4546],[14.6856,57.473],[14.7015,57.4635],[14.7268,57.4649],[14.7501,57.4488],[14.7409,57.4382],[14.7599,57.4216],[14.7612,57.4035],[14.8186,57.4036],[14.8163,57.4099],[14.8244,57.4124],[14.8296,57.4238],[14.8267,57.4359],[14.8347,57.4379],[14.8368,57.4645],[14.8471,57.4677],[14.8427,57.4735],[14.8314,57.4686],[14.8194,57.4757],[14.8394,57.476],[14.8356,57.481],[14.8405,57.494],[14.8534,57.4958],[14.8547,57.5056],[14.8469,57.5108],[14.8612,57.5119],[14.8555,57.5232],[14.8601,57.5312],[14.8465,57.5512],[14.8451,57.5791],[14.8613,57.5742],[14.8668,57.5873],[14.8595,57.593],[14.8444,57.5899],[14.8118,57.5964],[14.7883,57.6068],[14.791,57.6174],[14.8321,57.6243],[14.8285,57.6322],[14.8466,57.647],[14.8447,57.6603],[14.8814,57.674],[14.8792,57.6831],[14.8931,57.6892],[14.8893,57.6937],[14.9183,57.7067],[14.9077,57.7186],[14.9306,57.7257],[14.934,57.7318],[14.9249,57.7392],[14.9607,57.745],[14.9692,57.7521],[14.9673,57.764],[14.9517,57.7723],[14.9509,57.7986],[14.9306,57.8086],[14.8924,57.8121],[14.8596,57.8063],[14.8549,57.7979],[14.8392,57.7957],[14.8157,57.7966],[14.8133,57.8045],[14.7553,57.8025],[14.757,57.7988],[14.7382,57.7964],[14.7385,57.7855],[14.7107,57.7877],[14.7018,57.7847],[14.7035,57.7752],[14.6569,57.7644],[14.6466,57.7497],[14.6167,57.7486],[14.6031,57.744],[14.6058,57.7394],[14.5775,57.7341],[14.5662,57.7457],[14.5547,57.7406],[14.5476,57.7468],[14.5254,57.7448],[14.4994,57.7233],[14.4564,57.7309],[14.4551,57.723],[14.4345,57.7206],[14.4467,57.713],[14.4413,57.7048],[14.4515,57.6968],[14.4377,57.692],[14.442,57.6876],[14.4319,57.6828],[14.4229,57.6843],[14.4187,57.6766],[14.4255,57.6637],[14.3952,57.6661],[14.393,57.6523],[14.3831,57.6499],[14.387,57.6398],[14.36,57.6308],[14.3678,57.6156],[14.3799,57.6127],[14.3609,57.599],[14.3317,57.5961],[14.3476,57.5517],[14.3465,57.5394],[14.3315,57.5402],[14.3139,57.5318],[14.3491,57.5166],[14.438,57.5068],[14.4366,57.4921],[14.4518,57.4893]]]]},"properties":{"kommunkod":"0682","namn":"Nässjö","lan":"06","ri_areal_ha":19338.0,"ri_areal_ar":2014,"ri_areal_klass":4}},{"type":"Feature","geometry":{"type":"MultiPolygon","coordinates":[[[[13.7469,57.0711],[13.7473,57.0372],[13.7602,57.0356],[13.7546,57.0288],[13.7763,57.0242],[13.8025,57.0288],[13.8219,57.008],[13.8397,57.0042],[13.8427,56.9979],[13.8584,56.9995],[13.8744,57.0184],[13.9103,57.0184],[13.9243,57.0294],[13.9248,57.0406],[13.9757,57.0415],[13.99,57.0293],[14.0168,57.0518],[14.091,57.0411],[14.1002,57.0349],[14.0948,57.0211],[14.1524,57.0294],[14.1583,57.0133],[14.1526,57.0092],[14.1531,56.9984],[14.1803,56.9887],[14.1918,56.9578],[14.2161,56.955],[14.2093,56.9452],[14.2208,56.9357],[14.2284,56.9083],[14.2558,56.8867],[14.298,56.8792],[14.3232,56.8819],[14.3456,56.9134],[14.3759,56.9319],[14.3949,56.963],[14.3765,56.9812],[14.367,56.9814],[14.3682,56.9931],[14.379,56.9997],[14.3722,57.0052],[14.3494,57.0032],[14.3522,57.0115],[14.3355,57.0156],[14.3305,57.0234],[14.338,57.0558],[14.3599,57.0577],[14.3572,57.0744],[14.3625,57.0801],[14.3561,57.0847],[14.3577,57.0965],[14.3374,57.1127],[14.3606,57.1202],[14.3591,57.1324],[14.3481,57.1448],[14.3662,57.1515],[14.3979,57.1511],[14.3896,57.1852],[14.4024,57.187],[14.4113,57.2101],[14.4203,57.2161],[14.4294,57.2594],[14.4436,57.2735],[14.4406,57.2961],[14.4265,57.3015],[14.417,57.289],[14.4096,57.291],[14.4122,57.3067],[14.3965,57.316],[14.3945,57.3271],[14.3788,57.3295],[14.3834,57.3452],[14.3641,57.3824],[14.3327,57.3748],[14.3334,57.3671],[14.3094,57.3656],[14.2895,57.3495],[14.2737,57.3472],[14.2737,57.3077],[14.2423,57.3075],[14.224,57.3311],[14.2071,57.3159],[14.1688,57.3191],[14.0916,57.3012],[14.0919,57.3138],[14.0988,57.3209],[14.0839,57.3258],[14.0734,57.3239],[14.0597,57.3097],[14.0434,57.2773],[14.0054,57.2841],[13.9795,57.2519],[13.9117,57.2691],[13.8988,57.2885],[13.8287,57.2554],[13.8397,57.2438],[13.8413,57.2359],[13.8353,57.2345],[13.7789,57.2347],[13.6668,57.2488],[13.6613,57.2369],[13.6674,57.2302],[13.6574,57.2171],[13.6558,57.1979],[13.6774,57.192],[13.6406,57.1713],[13.6638,57.1467],[13.6783,57.1437],[13.6764,57.1382],[13.7085,57.167],[13.722,57.1604],[13.6971,57.1488],[13.7035,57.1397],[13.7436,57.1404],[13.7327,57.1212],[13.6988,57.11],[13.7163,57.0918],[13.7331,57.0926],[13.7327,57.0817],[13.7469,57.0711]],[[13.7554,57.1285],[13.7428,57.1244],[13.7453,57.1318],[13.7651,57.1331],[13.7554,57.1285]]]]},"properties":{"kommunkod":"0683","namn":"Värnamo","lan":"06","ri_areal_ha":14228.0,"ri_areal_ar":2014,"ri_areal_klass":3}},{"type":"Feature","geometry":{"type":"MultiPolygon","coordinates":[[[[14.3641,57.3824],[14.3834,57.3452],[14.3788,57.3295],[14.3945,57.3271],[14.3965,57.316],[14.4122,57.3067],[14.4096,57.291],[14.417,57.289],[14.4265,57.3015],[14.4406,57.2961],[14.4436,57.2735],[14.4294,57.2594],[14.4203,57.2161],[14.4113,57.2101],[14.4024,57.187],[14.3896,57.1852],[14.3931,57.1628],[14.3994,57.1608],[14.3971,57.1515],[14.4126,57.1554],[14.4242,57.1435],[14.4329,57.1525],[14.4434,57.1512],[14.4496,57.163],[14.485,57.1577],[14.4872,57.152],[14.5097,57.1632],[14.5387,57.1607],[14.5516,57.1737],[14.5549,57.1866],[14.5635,57.1891],[14.5843,57.1868],[14.5958,57.1779],[14.6109,57.1806],[14.6068,57.2044],[14.6561,57.203],[14.6548,57.2087],[14.6872,57.2107],[14.718,57.2248],[14.79,57.2246],[14.7783,57.2317],[14.7855,57.239],[14.7743,57.2515],[14.7886,57.2699],[14.8054,57.2762],[14.809,57.288],[14.8014,57.3002],[14.8155,57.3174],[14.8018,57.3239],[14.8207,57.3387],[14.8283,57.3581],[14.8186,57.4036],[14.7612,57.4035],[14.7599,57.4216],[14.7409,57.4382],[14.7501,57.4488],[14.7392,57.4521],[14.7316,57.4633],[14.7015,57.4635],[14.6856,57.473],[14.6588,57.4546],[14.6209,57.4408],[14.6204,57.435],[14.5896,57.4336],[14.5913,57.4372],[14.578,57.4393],[14.5773,57.452],[14.5605,57.4598],[14.5609,57.4645],[14.5451,57.4629],[14.5461,57.4744],[14.535,57.4749],[14.5332,57.4669],[14.5168,57.4765],[14.5169,57.4871],[14.4917,57.4908],[14.4518,57.4893],[14.4449,57.4851],[14.4531,57.4767],[14.4503,57.4728],[14.4378,57.4733],[14.4206,57.463],[14.3813,57.4638],[14.3692,57.4382],[14.3641,57.3824]]]]},"properties":{"kommunkod":"0684","namn":"Sävsjö","lan":"06","ri_areal_ha":1647.0,"ri_areal_ar":2014,"ri_areal_klass":1}},{"type":"Feature","geometry":{"type":"MultiPolygon","coordinates":[[[[15.5138,57.2009],[15.5277,57.2336],[15.5167,57.244],[15.4895,57.2487],[15.4575,57.27],[15.4822,57.2787],[15.4702,57.2912],[15.4699,57.3065],[15.4887,57.3117],[15.5132,57.3074],[15.5133,57.3303],[15.5216,57.3387],[15.5099,57.3507],[15.5144,57.3548],[15.5094,57.3615],[15.518,57.3637],[15.4952,57.3741],[15.524,57.3844],[15.5204,57.4008],[15.5292,57.4064],[15.4987,57.4111],[15.4963,57.4298],[15.505,57.4573],[15.5118,57.4563],[15.5084,57.448],[15.5121,57.4563],[15.5524,57.4683],[15.5744,57.4487],[15.5918,57.4446],[15.5969,57.4349],[15.6139,57.4412],[15.6202,57.4519],[15.6165,57.4621],[15.6225,57.4872],[15.6548,57.5011],[15.6384,57.5125],[15.6342,57.5294],[15.6172,57.5417],[15.5138,57.5619],[15.4949,57.5573],[15.4916,57.5508],[15.5118,57.5374],[15.5028,57.5258],[15.4768,57.5383],[15.4442,57.5188],[15.4509,57.5077],[15.4231,57.5119],[15.4035,57.5114],[15.4035,57.5059],[15.3954,57.5049],[15.3811,57.5076],[15.3653,57.4931],[15.31,57.515],[15.2712,57.5081],[15.2581,57.5115],[15.2276,57.5214],[15.2266,57.5324],[15.218,57.524],[15.1489,57.5086],[15.0811,57.5124],[15.0227,57.5438],[14.9911,57.5338],[14.9653,57.5354],[14.983,57.5365],[14.9636,57.5381],[14.9501,57.5482],[14.9566,57.5663],[14.9314,57.5823],[14.8701,57.5914],[14.8651,57.5976],[14.859,57.5947],[14.8668,57.5873],[14.8613,57.5742],[14.8451,57.5791],[14.8465,57.5512],[14.8601,57.5312],[14.8555,57.5232],[14.8612,57.5119],[14.8469,57.5108],[14.8547,57.5056],[14.8534,57.4958],[14.8405,57.494],[14.8356,57.481],[14.8394,57.476],[14.8194,57.4757],[14.8314,57.4686],[14.8427,57.4735],[14.8471,57.4677],[14.8368,57.4645],[14.8347,57.4379],[14.8267,57.4359],[14.8269,57.4156],[14.8163,57.4099],[14.8275,57.3514],[14.8018,57.3239],[14.8155,57.3174],[14.8014,57.3002],[14.809,57.288],[14.8054,57.2762],[14.7886,57.2699],[14.7743,57.2515],[14.7855,57.239],[14.7783,57.2317],[14.7902,57.2243],[14.8177,57.217],[14.8366,57.202],[14.8757,57.1945],[14.891,57.1769],[14.8842,57.1674],[14.8922,57.1639],[14.9027,57.1354],[14.9804,57.1358],[14.9991,57.1422],[15.0112,57.1641],[15.0379,57.1631],[15.0444,57.1741],[15.0763,57.1882],[15.0808,57.1962],[15.1267,57.1904],[15.1457,57.1746],[15.1545,57.181],[15.1561,57.1945],[15.1496,57.2152],[15.1371,57.2262],[15.1212,57.2295],[15.132,57.2386],[15.157,57.2254],[15.1669,57.2297],[15.1811,57.2249],[15.1772,57.2205],[15.1837,57.2131],[15.2001,57.2076],[15.234,57.2296],[15.2415,57.2207],[15.2514,57.2257],[15.265,57.2203],[15.3024,57.2243],[15.3114,57.2228],[15.313,57.2165],[15.3181,57.225],[15.3348,57.2284],[15.4016,57.226],[15.4356,57.2141],[15.4818,57.2119],[15.5138,57.2009]]]]},"properties":{"kommunkod":"0685","namn":"Vetlanda","lan":"06","ri_areal_ha":10328.0,"ri_areal_ar":2014,"ri_areal_klass":2}},{"type":"Feature","geometry":{"type":"MultiPolygon","coordinates":[[[[15.5754,57.5478],[15.6309,57.5931],[15.6416,57.5898],[15.6657,57.5993],[15.6309,57.6043],[15.5936,57.625],[15.5845,57.6364],[15.5185,57.6612],[15.503,57.6613],[15.4895,57.6735],[15.4397,57.685],[15.4196,57.7071],[15.3565,57.7066],[15.3333,57.6996],[15.2825,57.715],[15.2818,57.7102],[15.2569,57.7062],[15.1756,57.7111],[15.1791,57.7051],[15.1547,57.7062],[15.1281,57.7202],[15.117,57.7159],[15.108,57.7254],[15.1111,57.7284],[15.0897,57.7389],[15.0944,57.7416],[15.0867,57.7519],[15.0569,57.7433],[15.0367,57.7466],[15.0104,57.7411],[14.996,57.7504],[14.9683,57.752],[14.9607,57.745],[14.9249,57.7392],[14.934,57.7318],[14.9306,57.7257],[14.9077,57.7186],[14.9183,57.7067],[14.8893,57.6937],[14.8931,57.6892],[14.8792,57.6831],[14.8814,57.674],[14.8447,57.6603],[14.8466,57.647],[14.8285,57.6322],[14.8321,57.6243],[14.7921,57.6182],[14.788,57.6076],[14.8444,57.5899],[14.8651,57.5976],[14.8701,57.5914],[14.9314,57.5823],[14.9566,57.5663],[14.9501,57.5482],[14.9636,57.5381],[14.983,57.5365],[14.9653,57.5354],[14.9911,57.5338],[15.0227,57.5438],[15.0811,57.5124],[15.1182,57.5076],[15.212,57.5222],[15.2266,57.5324],[15.2276,57.5214],[15.2581,57.5115],[15.2712,57.5081],[15.31,57.515],[15.3653,57.4931],[15.3811,57.5076],[15.3954,57.5049],[15.4035,57.5059],[15.4035,57.5114],[15.4231,57.5119],[15.4509,57.5077],[15.4442,57.5188],[15.4768,57.5383],[15.5028,57.5258],[15.5118,57.5374],[15.4918,57.5493],[15.4949,57.5573],[15.5155,57.5619],[15.5754,57.5478]]]]},"properties":{"kommunkod":"0686","namn":"Eksjö","lan":"06","ri_areal_ha":3552.0,"ri_areal_ar":2014,"ri_areal_klass":1}},{"type":"Feature","geometry":{"type":"MultiPolygon","coordinates":[[[[15.0046,57.9334],[14.9866,57.9423],[14.9985,57.9439],[15.018,57.9583],[15.0092,57.9874],[15.0196,57.991],[15.0666,57.9853],[15.0813,57.9989],[15.0637,58.0253],[15.0277,58.0497],[15.0388,58.0567],[15.0055,58.1021],[15.0039,58.1133],[14.9758,58.1337],[14.9859,58.1494],[14.9779,58.1518],[14.927,58.1343],[14.8921,58.1378],[14.8923,58.1239],[14.9168,58.1202],[14.912,58.1168],[14.9149,58.1112],[14.8973,58.1118],[14.8865,58.0989],[14.8978,58.0853],[14.8858,58.0851],[14.8835,58.0911],[14.8088,58.0827],[14.7656,58.0861],[14.7592,58.1038],[14.7228,58.0979],[14.5934,58.0985],[14.6043,58.0813],[14.6049,58.067],[14.623,58.0517],[14.6061,58.0458],[14.6196,58.0243],[14.6134,58.0007],[14.6268,58.0002],[14.6159,57.9917],[14.6169,57.9859],[14.6304,57.9836],[14.6297,57.9768],[14.6481,57.9758],[14.6413,57.958],[14.6472,57.9535],[14.7146,57.9394],[14.7123,57.9538],[14.7305,57.9591],[14.7353,57.951],[14.7584,57.9533],[14.761,57.9451],[14.7839,57.9302],[14.7931,57.9319],[14.796,57.9443],[14.8145,57.9363],[14.8253,57.9482],[14.8427,57.9413],[14.8602,57.9532],[14.8873,57.945],[14.9357,57.9499],[14.9574,57.9282],[15.0046,57.9334]]]]},"properties":{"kommunkod":"0687","namn":"Tranås","lan":"06","ri_areal_ha":2082.0,"ri_areal_ar":2014,"ri_areal_klass":1}},{"type":"Feature","geometry":{"type":"MultiPolygon","coordinates":[[[[15.064,57.1815],[15.0856,57.1679],[15.0759,57.1572],[15.0847,57.1471],[15.1194,57.142],[15.129,57.1371],[15.1262,57.1322],[15.1334,57.1327],[15.1429,57.1015],[15.1074,57.0902],[15.1088,57.0845],[15.1411,57.0766],[15.1424,57.0548],[15.1552,57.0523],[15.1392,57.0353],[15.1386,57.0271],[15.1653,57.0314],[15.1719,57.0403],[15.1675,57.0421],[15.1845,57.0403],[15.2228,57.0263],[15.2371,57.0123],[15.2234,57.0063],[15.2339,56.9862],[15.2342,56.9659],[15.1982,56.9512],[15.1881,56.9331],[15.1633,56.9441],[15.1328,56.9322],[15.1684,56.9212],[15.1711,56.9113],[15.1586,56.9044],[15.158,56.8892],[15.1719,56.88],[15.1689,56.8661],[15.1863,56.8616],[15.1714,56.8497],[15.1933,56.8312],[15.2221,56.8356],[15.2255,56.8304],[15.2855,56.8318],[15.2751,56.8562],[15.2763,56.8752],[15.2929,56.877],[15.3052,56.8665],[15.3422,56.8531],[15.3365,56.8728],[15.3743,56.8889],[15.4225,56.9015],[15.4472,56.8767],[15.5193,56.9007],[15.5202,56.9141],[15.5417,56.9274],[15.5555,56.9297],[15.5843,56.9209],[15.5956,56.9257],[15.6669,56.9028],[15.7011,56.9152],[15.7379,56.9112],[15.777,56.9165],[15.7992,56.9106],[15.8337,56.9435],[15.8361,56.9742],[15.8297,56.991],[15.8119,57.0078],[15.7337,57.0564],[15.7213,57.0755],[15.6987,57.0761],[15.6537,57.1022],[15.6414,57.111],[15.6401,57.1286],[15.614,57.1303],[15.5758,57.1487],[15.5513,57.1473],[15.5623,57.1646],[15.5552,57.1889],[15.5467,57.1852],[15.5185,57.2014],[15.4636,57.2148],[15.4356,57.2141],[15.4016,57.226],[15.3348,57.2284],[15.3181,57.225],[15.313,57.2165],[15.3114,57.2228],[15.3024,57.2243],[15.265,57.2203],[15.2514,57.2257],[15.2415,57.2207],[15.234,57.2296],[15.2001,57.2076],[15.1837,57.2131],[15.1772,57.2205],[15.1811,57.2249],[15.1669,57.2297],[15.157,57.2254],[15.132,57.2386],[15.1212,57.2295],[15.1371,57.2262],[15.1496,57.2152],[15.1544,57.1809],[15.1457,57.1746],[15.1267,57.1904],[15.0808,57.1962],[15.064,57.1815]]]]},"properties":{"kommunkod":"0760","namn":"Uppvidinge","lan":"07","ri_areal_ha":18615.0,"ri_areal_ar":2014,"ri_areal_klass":4}},{"type":"Feature","geometry":{"type":"MultiPolygon","coordinates":[[[[15.5526,56.8368],[15.5377,56.8617],[15.5562,56.8741],[15.5462,56.8906],[15.5287,56.9004],[15.4472,56.8767],[15.4225,56.9015],[15.3365,56.8728],[15.3422,56.8531],[15.3052,56.8665],[15.2929,56.877],[15.2763,56.8752],[15.2751,56.8562],[15.2855,56.8318],[15.1874,56.8347],[15.1812,56.8253],[15.0663,56.8069],[15.0894,56.7839],[15.0661,56.7653],[15.0767,56.7426],[15.121,56.7282],[15.1438,56.7006],[15.1604,56.6993],[15.163,56.694],[15.1654,56.7007],[15.1866,56.6983],[15.1962,56.7176],[15.2149,56.7201],[15.2409,56.6909],[15.3195,56.6617],[15.3369,56.6445],[15.3041,56.6357],[15.3416,56.6052],[15.3648,56.6019],[15.3859,56.6114],[15.3927,56.6259],[15.4192,56.6395],[15.4001,56.6562],[15.424,56.6713],[15.4098,56.6822],[15.4203,56.6982],[15.4184,56.7106],[15.4251,56.7105],[15.3922,56.7205],[15.3843,56.7465],[15.3608,56.758],[15.3683,56.7806],[15.4448,56.779],[15.4474,56.7972],[15.4899,56.7954],[15.5384,56.8058],[15.5531,56.8226],[15.5526,56.8368]]]]},"properties":{"kommunkod":"0761","namn":"Lessebo","lan":"07","ri_areal_ha":4646.0,"ri_areal_ar":2014,"ri_areal_klass":2}},{"type":"Feature","geometry":{"type":"MultiPolygon","coordinates":[[[[15.3647,56.4821],[15.3374,56.4891],[15.3571,56.5236],[15.3504,56.5329],[15.3602,56.5407],[15.3572,56.5531],[15.3662,56.555],[15.3581,56.5644],[15.3673,56.5674],[15.3705,56.5543],[15.3843,56.5535],[15.379,56.5611],[15.3917,56.5834],[15.3671,56.6023],[15.3416,56.6052],[15.3042,56.6355],[15.3369,56.6445],[15.3195,56.6617],[15.2409,56.6909],[15.213,56.721],[15.1962,56.7176],[15.1866,56.6983],[15.1654,56.7007],[15.163,56.694],[15.1409,56.7044],[15.0916,56.6878],[15.109,56.672],[15.1031,56.6555],[15.0895,56.6548],[15.1014,56.648],[15.1038,56.6396],[15.098,56.6119],[15.0583,56.6083],[15.0566,56.6197],[15.0434,56.6222],[15.0445,56.6314],[15.0317,56.6344],[15.0303,56.6415],[14.9965,56.6451],[14.9927,56.6507],[15.006,56.6514],[14.9948,56.6515],[14.9646,56.6896],[14.9074,56.6701],[14.8793,56.6771],[14.8566,56.6618],[14.8549,56.6475],[14.8157,56.629],[14.7498,56.6404],[14.7203,56.6307],[14.6868,56.6487],[14.6689,56.6251],[14.6363,56.6246],[14.6599,56.6009],[14.6624,56.5901],[14.6341,56.5374],[14.5791,56.5394],[14.597,56.513],[14.5778,56.5037],[14.606,56.4918],[14.5804,56.444],[14.6152,56.4375],[14.6245,56.4202],[14.6493,56.4038],[14.6629,56.4026],[14.6787,56.3872],[14.7792,56.3825],[14.8598,56.3589],[14.9044,56.3614],[14.9308,56.3837],[14.9654,56.4002],[14.9792,56.434],[15.0016,56.4458],[15.0331,56.4508],[15.0503,56.4377],[15.0499,56.4521],[15.1246,56.4551],[15.1459,56.4365],[15.1868,56.428],[15.2145,56.4404],[15.22,56.4509],[15.2088,56.4595],[15.2491,56.4636],[15.2644,56.471],[15.2868,56.4567],[15.3203,56.4555],[15.3647,56.4821]]]]},"properties":{"kommunkod":"0763","namn":"Tingsryd","lan":"07","ri_areal_ha":13082.0,"ri_areal_ar":2014,"ri_areal_klass":3}},{"type":"Feature","geometry":{"type":"MultiPolygon","coordinates":[[[[14.5759,56.5399],[14.6341,56.5374],[14.6624,56.5901],[14.6599,56.6009],[14.6363,56.6246],[14.6747,56.6289],[14.6747,56.6378],[14.6935,56.6493],[14.6885,56.6679],[14.6957,56.6735],[14.6647,56.6714],[14.6742,56.67],[14.6646,56.672],[14.6715,56.6776],[14.6587,56.6964],[14.6606,56.7123],[14.6522,56.7206],[14.6667,56.7406],[14.6596,56.7571],[14.664,56.7628],[14.6555,56.7717],[14.6569,56.7811],[14.6462,56.7818],[14.6369,56.8076],[14.615,56.803],[14.5709,56.8061],[14.5563,56.8415],[14.5908,56.8438],[14.5943,56.8728],[14.6085,56.8771],[14.6263,56.8721],[14.6285,56.8876],[14.6157,56.9011],[14.6558,56.9222],[14.6504,56.9397],[14.6723,56.9481],[14.6822,56.9592],[14.656,56.9715],[14.6529,56.9813],[14.6336,56.9837],[14.6324,57.0255],[14.6476,57.032],[14.6327,57.0363],[14.6352,57.0451],[14.6241,57.0564],[14.6314,57.0695],[14.6265,57.0868],[14.5454,57.0994],[14.5176,57.1089],[14.5155,57.115],[14.496,57.1173],[14.4911,57.1339],[14.4725,57.1404],[14.489,57.1502],[14.485,57.1577],[14.4496,57.163],[14.4434,57.1512],[14.4329,57.1525],[14.4242,57.1435],[14.4126,57.1554],[14.3623,57.1506],[14.3481,57.1448],[14.3591,57.1324],[14.3606,57.1202],[14.3374,57.1127],[14.3577,57.0965],[14.3599,57.0577],[14.338,57.0558],[14.3305,57.0234],[14.3355,57.0156],[14.3522,57.0115],[14.3494,57.0032],[14.3722,57.0052],[14.379,56.9997],[14.3682,56.9931],[14.367,56.9814],[14.3765,56.9812],[14.3949,56.963],[14.3759,56.9319],[14.3456,56.9134],[14.325,56.8829],[14.2981,56.8784],[14.29,56.85],[14.2784,56.8434],[14.3036,56.8108],[14.2951,56.8014],[14.2963,56.7884],[14.2897,56.7855],[14.2867,56.7591],[14.33,56.7539],[14.3367,56.7449],[14.3652,56.7377],[14.369,56.7298],[14.3869,56.7236],[14.4025,56.7032],[14.396,56.6932],[14.4066,56.6769],[14.4031,56.6511],[14.4348,56.6485],[14.4455,56.6581],[14.4585,56.6573],[14.4583,56.6523],[14.4363,56.6473],[14.4266,56.6373],[14.4438,56.6265],[14.4301,56.6179],[14.4357,56.6025],[14.4272,56.586],[14.4324,56.5817],[14.4296,56.555],[14.4475,56.5789],[14.4899,56.5813],[14.5032,56.5703],[14.4899,56.5634],[14.5068,56.5606],[14.5302,56.5701],[14.5512,56.5676],[14.5662,56.5586],[14.5636,56.5512],[14.5736,56.5452],[14.5671,56.5429],[14.5759,56.5399]]]]},"properties":{"kommunkod":"0764","namn":"Alvesta","lan":"07","ri_areal_ha":22749.0,"ri_areal_ar":2014,"ri_areal_klass":4}},{"type":"Feature","geometry":{"type":"MultiPolygon","coordinates":[[[[14.5145,56.46],[14.5805,56.4441],[14.606,56.4907],[14.5778,56.5037],[14.597,56.5129],[14.5898,56.5299],[14.5671,56.5429],[14.5736,56.5452],[14.5636,56.5512],[14.5622,56.5627],[14.5321,56.5702],[14.5068,56.5606],[14.4899,56.5634],[14.5032,56.5703],[14.4899,56.5813],[14.4475,56.5789],[14.4296,56.555],[14.4324,56.5817],[14.4272,56.586],[14.4357,56.6025],[14.4301,56.6179],[14.4438,56.6265],[14.4266,56.6373],[14.4363,56.6473],[14.4583,56.6523],[14.4585,56.6573],[14.4455,56.6581],[14.4348,56.6485],[14.4031,56.6511],[14.4066,56.6769],[14.396,56.6932],[14.4025,56.7032],[14.3869,56.7236],[14.369,56.7298],[14.3652,56.7377],[14.3367,56.7449],[14.3329,56.7528],[14.299,56.761],[14.2867,56.7591],[14.2884,56.7431],[14.2664,56.7257],[14.2429,56.7188],[14.2358,56.7026],[14.2055,56.6897],[14.1977,56.6744],[14.1265,56.6623],[14.1224,56.6698],[14.1086,56.6687],[14.1077,56.6851],[14.0902,56.6784],[14.0929,56.6921],[14.086,56.6944],[14.0899,56.7],[14.0844,56.7051],[14.0483,56.7148],[14.04,56.6988],[14.0191,56.6865],[13.9735,56.6718],[13.9897,56.666],[13.9678,56.6267],[13.9108,56.6392],[13.8843,56.6188],[13.8362,56.6033],[13.7927,56.6058],[13.8047,56.5793],[13.7961,56.5702],[13.8087,56.5579],[13.8072,56.5457],[13.8261,56.5269],[13.8128,56.5125],[13.8224,56.5104],[13.8219,56.5022],[13.8118,56.4914],[13.7952,56.4926],[13.8001,56.4978],[13.7841,56.5056],[13.762,56.5017],[13.7587,56.4934],[13.7728,56.495],[13.7612,56.4702],[13.7199,56.4637],[13.7116,56.4509],[13.7158,56.4311],[13.794,56.4482],[13.8769,56.4368],[13.9017,56.4571],[13.9259,56.4575],[13.9521,56.4671],[14.0252,56.4679],[14.0562,56.5007],[14.0624,56.5269],[14.0915,56.5328],[14.119,56.5249],[14.1258,56.5055],[14.1434,56.5075],[14.1799,56.4941],[14.2329,56.4909],[14.2743,56.5066],[14.276,56.4982],[14.318,56.494],[14.3441,56.4844],[14.4348,56.4698],[14.4576,56.473],[14.4711,56.4639],[14.5145,56.46]]]]},"properties":{"kommunkod":"0765","namn":"Älmhult","lan":"07","ri_areal_ha":15053.0,"ri_areal_ar":2014,"ri_areal_klass":3}},{"type":"Feature","geometry":{"type":"MultiPolygon","coordinates":[[[[13.4647,56.431],[13.4612,56.4278],[13.4999,56.4058],[13.5215,56.4117],[13.5426,56.4038],[13.5969,56.4158],[13.6023,56.4121],[13.6964,56.4246],[13.7158,56.4311],[13.7116,56.4509],[13.7199,56.4637],[13.7612,56.4702],[13.7668,56.4766],[13.7728,56.495],[13.7587,56.4934],[13.762,56.5017],[13.7841,56.5056],[13.8001,56.4978],[13.7952,56.4926],[13.817,56.4954],[13.823,56.5087],[13.8128,56.5125],[13.8261,56.5269],[13.8072,56.5457],[13.8087,56.5579],[13.7961,56.5702],[13.8047,56.5793],[13.7927,56.6058],[13.7722,56.6017],[13.7602,56.62],[13.7606,56.643],[13.7708,56.6438],[13.7704,56.6575],[13.7641,56.6566],[13.7644,56.6627],[13.7559,56.6668],[13.7561,56.6774],[13.7066,56.6466],[13.6073,56.6487],[13.6065,56.6603],[13.5943,56.6598],[13.5935,56.6542],[13.5942,56.6607],[13.5768,56.6677],[13.5221,56.6659],[13.5067,56.6607],[13.4737,56.6243],[13.3976,56.6088],[13.4025,56.5925],[13.4178,56.5776],[13.4399,56.5713],[13.44,56.5544],[13.4596,56.528],[13.4648,56.514],[13.4542,56.4975],[13.4499,56.4679],[13.4645,56.448],[13.4647,56.431]]]]},"properties":{"kommunkod":"0767","namn":"Markaryd","lan":"07","ri_areal_ha":1878.0,"ri_areal_ar":2014,"ri_areal_klass":1}},{"type":"Feature","geometry":{"type":"MultiPolygon","coordinates":[[[[15.064,57.1815],[15.0444,57.1741],[15.0379,57.1631],[15.0112,57.1641],[14.9991,57.1422],[14.9804,57.1358],[14.9041,57.1349],[14.8922,57.1639],[14.8842,57.1674],[14.891,57.1769],[14.8713,57.198],[14.8366,57.202],[14.8107,57.2202],[14.7504,57.2281],[14.718,57.2248],[14.6743,57.2077],[14.6551,57.2087],[14.6561,57.203],[14.6068,57.2044],[14.6109,57.1806],[14.5958,57.1779],[14.5756,57.1895],[14.557,57.1876],[14.5387,57.1607],[14.5097,57.1632],[14.4725,57.1404],[14.4911,57.1339],[14.4932,57.1191],[14.5155,57.115],[14.5176,57.1089],[14.616,57.0845],[14.6265,57.0868],[14.6317,57.0797],[14.6241,57.0564],[14.6352,57.0451],[14.6327,57.0363],[14.6476,57.032],[14.6324,57.0255],[14.6336,56.9837],[14.6529,56.9813],[14.656,56.9715],[14.6798,56.9628],[14.6812,56.9537],[14.6504,56.9397],[14.6558,56.9222],[14.6157,56.9011],[14.6285,56.8876],[14.6263,56.8721],[14.6085,56.8771],[14.5943,56.8728],[14.5908,56.8438],[14.5563,56.8415],[14.5709,56.8061],[14.615,56.803],[14.6369,56.8076],[14.6462,56.7818],[14.6569,56.7811],[14.6667,56.7406],[14.6522,56.7206],[14.6606,56.7123],[14.6587,56.6964],[14.6715,56.6776],[14.6646,56.672],[14.6742,56.67],[14.6647,56.6714],[14.6957,56.6735],[14.6884,56.66],[14.6951,56.6445],[14.7118,56.6332],[14.7262,56.6302],[14.7498,56.6404],[14.8157,56.629],[14.8549,56.6475],[14.8566,56.6618],[14.8793,56.6771],[14.9074,56.6701],[14.9646,56.6896],[14.9948,56.6515],[15.006,56.6514],[14.9927,56.6507],[14.9965,56.6451],[15.0303,56.6415],[15.0317,56.6344],[15.0445,56.6314],[15.0434,56.6222],[15.0566,56.6197],[15.0583,56.6083],[15.1015,56.6137],[15.097,56.6259],[15.1014,56.648],[15.0895,56.6548],[15.1031,56.6555],[15.109,56.672],[15.0916,56.6878],[15.1409,56.7044],[15.121,56.7282],[15.0767,56.7426],[15.0661,56.7653],[15.0894,56.7842],[15.0663,56.8069],[15.1102,56.81],[15.1825,56.826],[15.1879,56.8352],[15.1714,56.8497],[15.1879,56.8584],[15.1689,56.8661],[15.1719,56.88],[15.158,56.8892],[15.1586,56.9044],[15.1711,56.9113],[15.1684,56.9212],[15.1328,56.9322],[15.1633,56.9441],[15.1881,56.9331],[15.1982,56.9512],[15.2342,56.9659],[15.2339,56.9862],[15.2234,57.0063],[15.2371,57.0123],[15.2228,57.0263],[15.1845,57.0403],[15.1675,57.0421],[15.1719,57.0403],[15.1653,57.0314],[15.1386,57.0271],[15.1392,57.0353],[15.1552,57.0523],[15.1424,57.0548],[15.1411,57.0766],[15.1088,57.0845],[15.1074,57.0902],[15.1429,57.1015],[15.1334,57.1327],[15.1262,57.1322],[15.129,57.1371],[15.1194,57.142],[15.0847,57.1471],[15.0759,57.1572],[15.0856,57.1679],[15.064,57.1815]]]]},"properties":{"kommunkod":"0780","namn":"Växjö","lan":"07","ri_areal_ha":12085.0,"ri_areal_ar":2014,"ri_areal_klass":3}},{"type":"Feature","geometry":{"type":"MultiPolygon","coordinates":[[[[13.3976,56.6088],[13.4737,56.6243],[13.5067,56.6607],[13.5221,56.6659],[13.5768,56.6677],[13.5942,56.6607],[13.5935,56.6542],[13.5943,56.6598],[13.6065,56.6603],[13.6073,56.6487],[13.7066,56.6466],[13.7561,56.6774],[13.7559,56.6668],[13.7644,56.6627],[13.7641,56.6566],[13.7704,56.6575],[13.7708,56.6438],[13.7606,56.643],[13.7602,56.6203],[13.7722,56.6017],[13.7989,56.608],[13.8362,56.6033],[13.8843,56.6188],[13.9108,56.6392],[13.9678,56.6267],[13.9897,56.666],[13.9735,56.6718],[14.0191,56.6865],[14.04,56.6988],[14.0483,56.7148],[14.0844,56.7051],[14.0899,56.7],[14.086,56.6944],[14.0929,56.6921],[14.0902,56.6784],[14.1077,56.6851],[14.1086,56.6687],[14.1224,56.6698],[14.1265,56.6623],[14.1977,56.6744],[14.2055,56.6897],[14.2358,56.7026],[14.2429,56.7188],[14.2664,56.7257],[14.2884,56.7431],[14.2897,56.7855],[14.2963,56.7884],[14.2951,56.8014],[14.3036,56.8108],[14.2784,56.8434],[14.29,56.85],[14.2992,56.8792],[14.2558,56.8867],[14.2268,56.9098],[14.2208,56.9357],[14.2093,56.9452],[14.2161,56.955],[14.1918,56.9578],[14.1803,56.9887],[14.1531,56.9984],[14.1526,57.0092],[14.1583,57.0133],[14.1524,57.0294],[14.0948,57.0211],[14.1002,57.0349],[14.091,57.0411],[14.0168,57.0518],[13.99,57.0293],[13.9757,57.0415],[13.9248,57.0406],[13.9243,57.0294],[13.9103,57.0184],[13.8744,57.0184],[13.8584,56.9995],[13.8429,56.9979],[13.8397,57.0042],[13.8219,57.008],[13.8025,57.0288],[13.7763,57.0242],[13.7546,57.0288],[13.7602,57.0356],[13.7331,57.036],[13.7126,57.018],[13.7096,57.0046],[13.6926,56.9886],[13.6914,56.976],[13.6807,56.9721],[13.6936,56.9635],[13.6892,56.9462],[13.6815,56.9422],[13.6889,56.9371],[13.6874,56.9268],[13.666,56.9209],[13.662,56.9135],[13.6182,56.9086],[13.5823,56.8901],[13.5593,56.8936],[13.5387,56.8869],[13.5299,56.8913],[13.4873,56.8711],[13.4437,56.8798],[13.4322,56.869],[13.4051,56.8706],[13.359,56.8573],[13.3457,56.864],[13.3443,56.8727],[13.3346,56.8742],[13.3315,56.8619],[13.3399,56.85],[13.3346,56.8442],[13.3379,56.8382],[13.2982,56.8237],[13.3189,56.7822],[13.3171,56.7195],[13.3251,56.7076],[13.3151,56.7023],[13.3159,56.6923],[13.3078,56.6855],[13.3283,56.6877],[13.3641,56.6651],[13.3976,56.6088]]]]},"properties":{"kommunkod":"0781","namn":"Ljungby","lan":"07","ri_areal_ha":30460.0,"ri_areal_ar":2014,"ri_areal_klass":4}},{"type":"Feature","geometry":{"type":"MultiPolygon","coordinates":[[[[15.7262,57.0695],[15.7299,57.0614],[15.7432,57.0667],[15.7724,57.0632],[15.8152,57.0704],[15.8369,57.0873],[15.8455,57.0835],[15.888,57.0894],[15.8912,57.0788],[15.9307,57.0836],[15.9321,57.0744],[15.9724,57.0518],[15.9892,57.0496],[15.9866,57.0429],[15.9981,57.0363],[15.9871,57.0294],[15.9897,57.0199],[16.0019,57.0138],[15.9999,56.9856],[16.0072,56.9814],[15.9996,56.9735],[16.0307,56.9769],[16.0358,56.9837],[16.0408,56.9727],[16.0598,56.9653],[16.0918,56.9859],[16.2366,56.9773],[16.2459,56.9701],[16.2562,56.9804],[16.2364,56.9838],[16.2631,56.9871],[16.2491,56.9905],[16.2535,56.9987],[16.2451,57.0002],[16.2575,57.0143],[16.2473,57.0281],[16.2617,57.0356],[16.2527,57.0385],[16.2576,57.0409],[16.275,57.0386],[16.2445,57.0425],[16.2489,57.0475],[16.2303,57.0526],[16.2235,57.0635],[16.176,57.091],[16.16,57.1071],[16.142,57.1062],[16.1205,57.1151],[16.1264,57.1223],[16.1478,57.1228],[16.1523,57.1301],[16.1274,57.1286],[16.1367,57.1327],[16.1333,57.1376],[16.1479,57.1383],[16.1558,57.1595],[16.1672,57.1683],[16.1491,57.1755],[16.1496,57.1963],[16.1652,57.2169],[16.1595,57.2447],[16.2033,57.26],[16.0986,57.2576],[16.0684,57.2446],[16.055,57.2581],[16.0473,57.2579],[16.0465,57.2645],[16.021,57.2627],[15.9766,57.2461],[15.9562,57.2511],[15.9349,57.243],[15.9112,57.2568],[15.8023,57.2391],[15.785,57.2316],[15.7899,57.2208],[15.7857,57.2078],[15.7683,57.2016],[15.7363,57.2293],[15.6985,57.2336],[15.6761,57.2266],[15.6427,57.2396],[15.639,57.249],[15.6008,57.2278],[15.5928,57.2171],[15.581,57.2156],[15.5862,57.2081],[15.5515,57.2168],[15.5508,57.2099],[15.5276,57.1925],[15.5467,57.1852],[15.5552,57.1889],[15.5623,57.1646],[15.5513,57.1473],[15.5758,57.1487],[15.614,57.1303],[15.6401,57.1286],[15.6414,57.111],[15.6537,57.1022],[15.6892,57.0801],[15.7213,57.0755],[15.7262,57.0695]]]]},"properties":{"kommunkod":"0821","namn":"Högsby","lan":"08","ri_areal_ha":12868.0,"ri_areal_ar":2014,"ri_areal_klass":3}},{"type":"Feature","geometry":{"type":"MultiPolygon","coordinates":[[[[16.2237,56.3053],[16.2506,56.4255],[16.1323,56.4607],[16.0945,56.4689],[16.0616,56.4679],[16.0677,56.4784],[16.0443,56.4796],[16.0067,56.4986],[16.0047,56.5221],[15.9922,56.5265],[15.9587,56.5223],[15.9564,56.5143],[15.942,56.5124],[15.8915,56.5195],[15.8368,56.5142],[15.8102,56.5206],[15.7882,56.5157],[15.7561,56.5303],[15.735,56.5129],[15.6909,56.4935],[15.7119,56.4835],[15.714,56.4701],[15.7031,56.4799],[15.6907,56.4794],[15.6911,56.4632],[15.6686,56.4416],[15.6774,56.425],[15.7358,56.4145],[15.7627,56.3849],[15.7757,56.3801],[15.7769,56.3695],[15.807,56.3418],[15.8418,56.3228],[15.9096,56.3148],[15.9427,56.3196],[15.9702,56.314],[15.9791,56.3009],[16.0116,56.2974],[16.0191,56.3033],[16.0135,56.3085],[16.0181,56.3133],[16.0423,56.3227],[16.2237,56.3053]]]]},"properties":{"kommunkod":"0834","namn":"Torsås","lan":"08","ri_areal_ha":2784.0,"ri_areal_ar":2014,"ri_areal_klass":1}},{"type":"Feature","geometry":{"type":"MultiPolygon","coordinates":[[[[16.2237,56.3053],[16.2195,55.9141],[16.61,56.0281],[16.7127,56.0761],[16.7609,56.108],[16.8062,56.1497],[16.885,56.2587],[16.9209,56.3193],[16.932,56.3643],[16.9843,56.4552],[17.0564,56.5426],[17.0706,56.5907],[16.6955,56.6692],[16.6637,56.6664],[16.6174,56.677],[16.6074,56.6822],[16.6248,56.7185],[16.6345,56.7179],[16.637,56.728],[16.6272,56.7286],[16.6291,56.742],[16.6077,56.7448],[16.5915,56.7395],[16.5983,56.7458],[16.5343,56.7507],[16.5039,56.7641],[16.4358,56.718],[16.4166,56.6433],[16.3587,56.6179],[16.3192,56.5912],[16.2506,56.4255],[16.2237,56.3053]]]]},"properties":{"kommunkod":"0840","namn":"Mörbylånga","lan":"08","ri_areal_ha":51395.0,"ri_areal_ar":2014,"ri_areal_klass":5}},{"type":"Feature","geometry":{"type":"MultiPolygon","coordinates":[[[[15.5143,57.2025],[15.5291,57.1916],[15.5508,57.2099],[15.5515,57.2168],[15.5862,57.2081],[15.581,57.2156],[15.5928,57.2171],[15.6008,57.2278],[15.639,57.249],[15.6427,57.2396],[15.6761,57.2266],[15.6985,57.2336],[15.7363,57.2293],[15.7683,57.2016],[15.7857,57.2078],[15.7899,57.2208],[15.785,57.2316],[15.8023,57.2391],[15.9112,57.2568],[15.9349,57.243],[15.9562,57.2511],[15.9766,57.2461],[16.021,57.2627],[16.0328,57.2597],[16.0506,57.2658],[16.0408,57.2837],[16.0458,57.2993],[16.0379,57.3503],[16.0532,57.3558],[16.0428,57.3806],[16.0224,57.3973],[16.0261,57.3994],[15.9845,57.4117],[15.993,57.4334],[16.0445,57.4339],[16.0902,57.4028],[16.108,57.4051],[16.114,57.4086],[16.1036,57.4219],[16.1146,57.4178],[16.1307,57.4278],[16.1395,57.449],[16.1559,57.4552],[16.1468,57.4598],[16.1773,57.4503],[16.1877,57.474],[16.209,57.4834],[16.1857,57.5031],[16.15,57.5007],[16.1048,57.5234],[16.0644,57.5283],[16.0344,57.5479],[15.9952,57.5877],[15.9685,57.5835],[15.9676,57.5769],[15.926,57.5648],[15.9101,57.5652],[15.8899,57.5521],[15.8646,57.5609],[15.854,57.5585],[15.838,57.5403],[15.842,57.5314],[15.835,57.5296],[15.8163,57.5322],[15.788,57.5476],[15.7729,57.5724],[15.7488,57.5827],[15.6993,57.5738],[15.6919,57.5873],[15.6722,57.598],[15.6416,57.5898],[15.6309,57.5931],[15.5765,57.5479],[15.6172,57.5417],[15.6342,57.5294],[15.6384,57.5125],[15.6545,57.5019],[15.6225,57.4872],[15.6165,57.4621],[15.6202,57.4519],[15.6139,57.4412],[15.5969,57.4349],[15.5918,57.4446],[15.5744,57.4487],[15.5524,57.4683],[15.5121,57.4563],[15.5084,57.448],[15.5118,57.4563],[15.505,57.4573],[15.4963,57.4298],[15.4987,57.4111],[15.5292,57.4064],[15.5204,57.4008],[15.524,57.3844],[15.4952,57.3741],[15.518,57.3637],[15.5094,57.3615],[15.5144,57.3548],[15.5099,57.3507],[15.5216,57.3387],[15.5133,57.3303],[15.5132,57.3074],[15.4887,57.3117],[15.4699,57.3065],[15.4702,57.2912],[15.4822,57.2787],[15.4575,57.27],[15.4895,57.2487],[15.5167,57.244],[15.5277,57.2336],[15.5143,57.2025]]]]},"properties":{"kommunkod":"0860","namn":"Hultsfred","lan":"08","ri_areal_ha":19314.0,"ri_areal_ar":2014,"ri_areal_klass":4}},{"type":"Feature","geometry":{"type":"MultiPolygon","coordinates":[[[[16.7639,57.1662],[16.5793,57.1509],[16.5389,57.1313],[16.4741,57.1249],[16.4352,57.1554],[16.4358,57.1642],[16.4114,57.1733],[16.4028,57.1854],[16.3462,57.1913],[16.3589,57.1972],[16.3481,57.2045],[16.3413,57.2213],[16.3194,57.2309],[16.3275,57.2362],[16.3235,57.2403],[16.2823,57.2451],[16.265,57.2401],[16.2601,57.2307],[16.1957,57.2247],[16.1636,57.2324],[16.1652,57.2169],[16.1496,57.1963],[16.1491,57.1755],[16.1672,57.1683],[16.1558,57.1595],[16.1479,57.1383],[16.1333,57.1376],[16.1367,57.1327],[16.1274,57.1286],[16.1523,57.1301],[16.1478,57.1228],[16.1264,57.1223],[16.1205,57.1151],[16.142,57.1062],[16.16,57.1071],[16.176,57.091],[16.2235,57.0635],[16.2303,57.0526],[16.2489,57.0475],[16.2445,57.0425],[16.275,57.0386],[16.2576,57.0409],[16.2527,57.0385],[16.2617,57.0356],[16.2473,57.0281],[16.2575,57.0143],[16.2451,57.0002],[16.2535,56.9987],[16.2491,56.9905],[16.2631,56.9871],[16.2364,56.9838],[16.2562,56.9804],[16.2459,56.9701],[16.2366,56.9773],[16.179,56.979],[16.1905,56.9686],[16.2119,56.9646],[16.2234,56.9387],[16.2324,56.9324],[16.2797,56.9146],[16.3326,56.9044],[16.3517,56.8884],[16.3967,56.8941],[16.4145,56.8831],[16.4506,56.8908],[16.5564,56.8767],[16.705,57.0212],[16.7625,57.1119],[16.7639,57.1662]]]]},"properties":{"kommunkod":"0861","namn":"Mönsterås","lan":"08","ri_areal_ha":12552.0,"ri_areal_ar":2014,"ri_areal_klass":3}},{"type":"Feature","geometry":{"type":"MultiPolygon","coordinates":[[[[15.4806,56.48],[15.5056,56.4741],[15.513,56.4781],[15.5126,56.4942],[15.5239,56.5025],[15.5487,56.5035],[15.5858,56.4952],[15.5859,56.4845],[15.5992,56.4721],[15.636,56.4571],[15.6543,56.4633],[15.6686,56.4416],[15.6911,56.4632],[15.6907,56.4794],[15.7031,56.4799],[15.714,56.4701],[15.7119,56.4835],[15.6909,56.4935],[15.735,56.5129],[15.7552,56.5292],[15.7425,56.5478],[15.7417,56.5601],[15.7709,56.5713],[15.7766,56.5886],[15.7606,56.5907],[15.7605,56.6031],[15.7442,56.6053],[15.6938,56.6325],[15.6738,56.63],[15.6701,56.6488],[15.6821,56.6576],[15.6806,56.6638],[15.6389,56.6599],[15.6354,56.666],[15.6598,56.6988],[15.6822,56.696],[15.6769,56.7132],[15.6905,56.7346],[15.6865,56.7421],[15.7061,56.7471],[15.7117,56.7682],[15.7357,56.784],[15.7045,56.8037],[15.6994,56.7927],[15.6665,56.7807],[15.6479,56.8272],[15.5526,56.8384],[15.5531,56.8226],[15.5384,56.8058],[15.4899,56.7954],[15.4474,56.7972],[15.4448,56.779],[15.3683,56.7806],[15.3608,56.758],[15.3843,56.7465],[15.3922,56.7205],[15.4251,56.7132],[15.4184,56.7106],[15.4203,56.6982],[15.4098,56.6822],[15.424,56.6713],[15.4001,56.6562],[15.4192,56.6395],[15.3932,56.6262],[15.3859,56.6114],[15.3671,56.6023],[15.3917,56.5834],[15.379,56.5611],[15.3843,56.5535],[15.3705,56.5543],[15.3673,56.5674],[15.3592,56.5664],[15.3572,56.5595],[15.3662,56.555],[15.3572,56.5531],[15.3602,56.5407],[15.3504,56.5329],[15.3571,56.5236],[15.3374,56.489],[15.3647,56.4821],[15.3668,56.4926],[15.3865,56.5006],[15.4258,56.4911],[15.4388,56.4943],[15.447,56.4825],[15.4685,56.4873],[15.4806,56.48]]]]},"properties":{"kommunkod":"0862","namn":"Emmaboda","lan":"08","ri_areal_ha":2815.0,"ri_areal_ar":2014,"ri_areal_klass":1}},{"type":"Feature","geometry":{"type":"MultiPolygon","coordinates":[[[[15.781,56.5858],[15.7722,56.5818],[15.7709,56.5713],[15.7416,56.5588],[15.7425,56.5478],[15.7561,56.5302],[15.7799,56.5166],[15.8915,56.5195],[15.9424,56.5124],[15.9564,56.5143],[15.9587,56.5223],[15.9922,56.5265],[16.0047,56.5221],[16.0067,56.4986],[16.0443,56.4796],[16.0677,56.4784],[16.0616,56.4679],[16.0945,56.4689],[16.1323,56.4607],[16.2506,56.4255],[16.3192,56.5912],[16.3587,56.6179],[16.4166,56.6433],[16.4358,56.718],[16.5039,56.7641],[16.5564,56.8767],[16.4506,56.8908],[16.4145,56.8831],[16.3967,56.8941],[16.3517,56.8884],[16.3326,56.9044],[16.2797,56.9146],[16.2369,56.9317],[16.2263,56.9265],[16.2256,56.9196],[16.1577,56.8974],[16.1837,56.8711],[16.1541,56.8541],[16.1338,56.856],[16.1411,56.834],[16.1288,56.8321],[16.1029,56.8473],[16.0963,56.8357],[16.1064,56.8297],[16.0982,56.8227],[16.1066,56.808],[16.1057,56.7921],[16.1224,56.7855],[16.1128,56.7827],[16.1307,56.7519],[16.1069,56.7374],[16.1014,56.7449],[16.0198,56.7334],[16.0255,56.7262],[16.0417,56.7265],[16.0714,56.7098],[16.0608,56.7098],[16.0618,56.7013],[16.0469,56.692],[16.0751,56.6875],[16.069,56.6686],[16.0527,56.6613],[16.037,56.6695],[16.0047,56.6666],[16.0012,56.6772],[16.0161,56.6773],[15.9972,56.6747],[15.9424,56.6919],[15.9181,56.6819],[15.9132,56.6651],[15.9194,56.6516],[15.9395,56.6373],[15.9273,56.6276],[15.8817,56.6161],[15.8829,56.5963],[15.8508,56.5891],[15.8111,56.5966],[15.781,56.5858]]]]},"properties":{"kommunkod":"0880","namn":"Kalmar","lan":"08","ri_areal_ha":19898.0,"ri_areal_ar":2014,"ri_areal_klass":4}},{"type":"Feature","geometry":{"type":"MultiPolygon","coordinates":[[[[16.2369,56.9317],[16.2247,56.9367],[16.2119,56.9646],[16.1905,56.9686],[16.179,56.979],[16.0918,56.9859],[16.0598,56.9653],[16.0408,56.9727],[16.0358,56.9837],[16.0307,56.9769],[15.9996,56.9735],[16.0072,56.9816],[15.9999,56.9856],[16.0019,57.0138],[15.9897,57.0199],[15.9874,57.0277],[15.9983,57.0349],[15.9866,57.0429],[15.9894,57.0494],[15.9724,57.0518],[15.9406,57.0691],[15.9321,57.0744],[15.9307,57.0836],[15.8912,57.0788],[15.888,57.0894],[15.8625,57.0888],[15.8455,57.0835],[15.8329,57.0865],[15.8152,57.0704],[15.7299,57.0614],[15.7795,57.0322],[15.8299,56.9907],[15.8361,56.9742],[15.8337,56.9435],[15.7992,56.9106],[15.777,56.9165],[15.7379,56.9112],[15.7011,56.9152],[15.6669,56.9028],[15.5956,56.9257],[15.5843,56.9209],[15.5555,56.9297],[15.5202,56.9141],[15.5193,56.9007],[15.5462,56.8906],[15.5562,56.8741],[15.5377,56.8617],[15.5526,56.8384],[15.6479,56.8272],[15.6665,56.7807],[15.6994,56.7927],[15.7045,56.8037],[15.7357,56.784],[15.7117,56.7682],[15.7061,56.7471],[15.6865,56.7421],[15.6905,56.7346],[15.6769,56.7132],[15.6822,56.696],[15.6684,56.7013],[15.6524,56.6936],[15.6356,56.661],[15.6806,56.6638],[15.6821,56.6576],[15.6701,56.6488],[15.6738,56.63],[15.6938,56.6325],[15.7051,56.6229],[15.725,56.6198],[15.7442,56.6053],[15.7605,56.6031],[15.7601,56.5913],[15.776,56.5892],[15.7749,56.5852],[15.8111,56.5966],[15.8508,56.5891],[15.8829,56.5963],[15.8817,56.6161],[15.9273,56.6276],[15.9395,56.6373],[15.9194,56.6516],[15.9132,56.6651],[15.9181,56.6819],[15.9424,56.6919],[15.9972,56.6747],[16.0161,56.6773],[16.0012,56.6772],[16.0047,56.6666],[16.037,56.6695],[16.0527,56.6613],[16.069,56.6686],[16.0751,56.6875],[16.0469,56.692],[16.0618,56.7013],[16.0608,56.7098],[16.0714,56.7098],[16.0417,56.7265],[16.0255,56.7262],[16.0198,56.7334],[16.1014,56.7449],[16.1069,56.7374],[16.1307,56.7519],[16.1128,56.7827],[16.1224,56.7855],[16.1057,56.7921],[16.1066,56.808],[16.0982,56.8227],[16.1064,56.8297],[16.0963,56.8357],[16.1029,56.8473],[16.1288,56.8321],[16.1411,56.834],[16.1338,56.856],[16.1541,56.8541],[16.1837,56.8711],[16.1577,56.8974],[16.2256,56.9196],[16.2263,56.9265],[16.2369,56.9317]]]]},"properties":{"kommunkod":"0881","namn":"Nybro","lan":"08","ri_areal_ha":7826.0,"ri_areal_ar":2014,"ri_areal_klass":2}},{"type":"Feature","geometry":{"type":"MultiPolygon","coordinates":[[[[16.3138,57.5242],[16.3131,57.5129],[16.2508,57.5053],[16.2402,57.5019],[16.2431,57.4955],[16.2221,57.4938],[16.2171,57.4804],[16.209,57.4834],[16.1877,57.474],[16.1773,57.4503],[16.1468,57.4598],[16.1559,57.4552],[16.1395,57.449],[16.1307,57.4278],[16.1146,57.4178],[16.1036,57.4219],[16.114,57.4086],[16.108,57.4051],[16.0902,57.4028],[16.0445,57.4339],[15.993,57.4334],[15.9836,57.4129],[16.0261,57.3994],[16.0224,57.3973],[16.0428,57.3806],[16.0532,57.3558],[16.0379,57.3503],[16.0458,57.2993],[16.0408,57.2837],[16.0506,57.2658],[16.0472,57.258],[16.055,57.2581],[16.0646,57.2449],[16.0986,57.2576],[16.2033,57.26],[16.1595,57.2447],[16.1657,57.2327],[16.1957,57.2247],[16.2601,57.2307],[16.265,57.2401],[16.2823,57.2451],[16.3235,57.2403],[16.3275,57.2362],[16.3194,57.2309],[16.3413,57.2213],[16.3481,57.2045],[16.3589,57.1972],[16.3462,57.1913],[16.4028,57.1854],[16.4114,57.1733],[16.4358,57.1642],[16.4352,57.1554],[16.4747,57.1248],[16.5389,57.1313],[16.5793,57.1509],[16.7639,57.1662],[16.8793,57.2412],[16.8186,57.3526],[17.0226,57.4945],[17.4048,57.4902],[17.2559,57.6115],[16.8208,57.6158],[16.7664,57.6106],[16.7248,57.5928],[16.7002,57.5716],[16.6726,57.5758],[16.6631,57.5718],[16.6579,57.5691],[16.676,57.5581],[16.6654,57.5484],[16.6427,57.5524],[16.6273,57.568],[16.5639,57.5733],[16.5364,57.5867],[16.5058,57.5739],[16.4732,57.5491],[16.4698,57.5307],[16.4555,57.5175],[16.3428,57.5167],[16.3138,57.5242]]]]},"properties":{"kommunkod":"0882","namn":"Oskarshamn","lan":"08","ri_areal_ha":18645.0,"ri_areal_ar":2014,"ri_areal_klass":4}},{"type":"Feature","geometry":{"type":"MultiPolygon","coordinates":[[[[17.2559,57.6115],[17.2516,57.615],[17.2726,57.6602],[17.2752,57.6949],[17.2347,57.8256],[17.353,57.9996],[16.8961,58.0043],[16.8208,58.0267],[16.8123,58.0001],[16.8042,57.9973],[16.7889,58.0041],[16.7553,58.0011],[16.7474,57.9943],[16.7432,58.0005],[16.7313,57.995],[16.7349,57.9881],[16.7274,57.9849],[16.6822,57.9992],[16.6579,57.9926],[16.6275,58.0028],[16.6243,58.0083],[16.6311,58.0119],[16.5992,58.0366],[16.6034,58.0466],[16.5925,58.051],[16.6069,58.0531],[16.5623,58.0893],[16.5704,58.0979],[16.5507,58.1093],[16.5325,58.1162],[16.4908,58.0889],[16.4649,58.0988],[16.4569,58.1121],[16.4292,58.1134],[16.4108,58.1307],[16.3634,58.1301],[16.3325,58.1172],[16.2648,58.1424],[16.2407,58.136],[16.2036,58.1046],[16.1774,58.1102],[16.1627,58.0896],[16.1782,58.0644],[16.1492,58.0618],[16.1285,58.0856],[16.0699,58.0699],[16.0272,58.0737],[16.0069,58.0879],[15.988,58.0764],[16.016,58.0606],[16.0169,58.0522],[15.9969,58.0362],[15.9955,58.022],[16.0247,58.0111],[16.0498,57.9877],[16.0927,57.9782],[16.0282,57.9547],[16.019,57.9437],[16.0294,57.9212],[16.0519,57.912],[16.064,57.899],[16.055,57.8938],[16.0624,57.8733],[16.0827,57.8758],[16.0928,57.848],[16.0877,57.8432],[16.122,57.8349],[16.1155,57.8122],[16.1325,57.7953],[16.1313,57.7863],[16.1431,57.7844],[16.1432,57.7735],[16.1361,57.7763],[16.1275,57.7697],[16.1472,57.757],[16.1825,57.7619],[16.1718,57.7546],[16.1639,57.7567],[16.1738,57.7259],[16.1715,57.7148],[16.1827,57.6925],[16.1171,57.6799],[16.119,57.661],[16.1303,57.6438],[16.1284,57.6337],[16.145,57.614],[16.1947,57.6231],[16.2063,57.6312],[16.2263,57.6227],[16.2229,57.6163],[16.2389,57.6118],[16.209,57.6051],[16.2182,57.5936],[16.2594,57.5697],[16.2855,57.5343],[16.322,57.5207],[16.4555,57.5175],[16.4698,57.5307],[16.4732,57.5491],[16.5058,57.5739],[16.5364,57.5867],[16.5639,57.5733],[16.6273,57.568],[16.6427,57.5524],[16.6654,57.5484],[16.676,57.5581],[16.6579,57.5691],[16.6726,57.5758],[16.7102,57.5753],[16.7248,57.5928],[16.7664,57.6106],[16.8208,57.6158],[17.2559,57.6115]]]]},"properties":{"kommunkod":"0883","namn":"Västervik","lan":"08","ri_areal_ha":48448.0,"ri_areal_ar":2014,"ri_areal_klass":5}},{"type":"Feature","geometry":{"type":"MultiPolygon","coordinates":[[[[15.5424,57.7901],[15.5542,57.7726],[15.5252,57.7627],[15.5138,57.7684],[15.5009,57.7579],[15.4873,57.7624],[15.4792,57.7549],[15.4306,57.745],[15.4525,57.7324],[15.4406,57.7274],[15.4463,57.7185],[15.4213,57.7022],[15.4397,57.685],[15.4895,57.6735],[15.503,57.6613],[15.5185,57.6612],[15.5848,57.6362],[15.5936,57.625],[15.6309,57.6043],[15.6806,57.5945],[15.6993,57.5738],[15.7488,57.5827],[15.7729,57.5724],[15.788,57.5476],[15.8163,57.5322],[15.835,57.5296],[15.842,57.5314],[15.838,57.5403],[15.854,57.5585],[15.8646,57.5609],[15.8899,57.5521],[15.9101,57.5652],[15.926,57.5648],[15.9676,57.5769],[15.9685,57.5835],[15.9952,57.5877],[16.0344,57.5479],[16.0644,57.5283],[16.1048,57.5234],[16.15,57.5007],[16.1857,57.5031],[16.2171,57.4804],[16.2221,57.4938],[16.2431,57.4955],[16.2402,57.5019],[16.3159,57.5139],[16.3138,57.5242],[16.2855,57.5343],[16.2748,57.5446],[16.2519,57.5761],[16.2182,57.5936],[16.209,57.6051],[16.2389,57.6118],[16.2229,57.6163],[16.2263,57.6227],[16.2063,57.6312],[16.1947,57.6231],[16.145,57.614],[16.1284,57.6337],[16.1303,57.6438],[16.119,57.661],[16.1171,57.6799],[16.1827,57.6925],[16.1715,57.7148],[16.1738,57.7259],[16.1639,57.7567],[16.1718,57.7546],[16.1825,57.7619],[16.1472,57.757],[16.1275,57.7697],[16.1361,57.7763],[16.1432,57.7735],[16.1431,57.7844],[16.1313,57.7863],[16.1325,57.7953],[16.1155,57.8122],[16.122,57.8349],[16.0877,57.8432],[16.0928,57.848],[16.0827,57.8758],[16.069,57.8759],[16.0276,57.8592],[15.9646,57.8236],[15.9442,57.8033],[15.8956,57.8296],[15.8536,57.8287],[15.8223,57.8166],[15.7676,57.8516],[15.735,57.8498],[15.6771,57.8599],[15.6395,57.8489],[15.5991,57.8537],[15.608,57.8306],[15.5971,57.8184],[15.5424,57.7901]]]]},"properties":{"kommunkod":"0884","namn":"Vimmerby","lan":"08","ri_areal_ha":14873.0,"ri_areal_ar":2014,"ri_areal_klass":3}},{"type":"Feature","geometry":{"type":"MultiPolygon","coordinates":[[[[16.5039,56.7641],[16.5343,56.7507],[16.5983,56.7458],[16.5915,56.7395],[16.6077,56.7448],[16.6291,56.742],[16.6272,56.7286],[16.637,56.728],[16.6345,56.7179],[16.6248,56.7185],[16.6074,56.6822],[16.6174,56.677],[16.6637,56.6664],[16.6955,56.6692],[17.0706,56.5907],[17.1008,56.6569],[17.1722,56.7264],[17.2139,56.7803],[17.4244,57.1137],[17.4371,57.1407],[17.4434,57.1759],[17.5067,57.257],[17.5192,57.2982],[17.5173,57.333],[17.4716,57.4266],[17.4048,57.4902],[17.0226,57.4945],[16.8186,57.3526],[16.8793,57.2412],[16.7639,57.1662],[16.7625,57.1119],[16.705,57.0212],[16.5564,56.8767],[16.5039,56.7641]]]]},"properties":{"kommunkod":"0885","namn":"Borgholm","lan":"08","ri_areal_ha":36951.0,"ri_areal_ar":2014,"ri_areal_klass":4}},{"type":"Feature","geometry":{"type":"MultiPolygon","coordinates":[[[[19.6688,58.1155],[19.6125,58.154],[19.5326,58.1864],[19.5906,58.2176],[19.6552,58.2671],[19.6865,58.3054],[19.7034,58.3516],[19.6991,58.4002],[19.6776,58.4403],[19.6406,58.4773],[19.5896,58.5093],[19.5172,58.5435],[19.4367,58.568],[19.3319,58.5873],[19.1908,58.5977],[19.1034,58.594],[19.0185,58.5801],[18.9389,58.5549],[18.8734,58.5204],[18.8315,58.4849],[18.8047,58.4456],[18.7937,58.4026],[18.7997,58.361],[18.8179,58.3262],[18.8808,58.2443],[18.9253,58.2098],[18.9887,58.1784],[18.5521,58.1088],[18.4681,58.0817],[18.3261,58.0102],[18.2167,57.9723],[18.1676,57.9449],[18.1214,57.9081],[18.0573,57.8242],[18.0154,57.7825],[17.8976,57.7214],[17.848,57.6888],[17.7878,57.6394],[17.7553,57.6025],[17.7411,57.5752],[17.7164,57.4953],[17.7119,57.4396],[17.6584,57.4073],[17.6201,57.3711],[17.5956,57.3288],[17.5875,57.2798],[17.6042,57.2245],[17.6397,57.1798],[17.6946,57.1404],[17.7641,57.11],[17.7835,57.0501],[17.7596,56.9414],[17.7577,56.9072],[17.7671,56.8669],[17.7849,56.8335],[17.813,56.8023],[17.8505,56.7742],[17.9454,56.7315],[18.0515,56.7093],[18.1922,56.7012],[18.3043,56.7109],[18.4609,56.7471],[18.5296,56.7738],[18.637,56.8359],[18.9933,57.1034],[19.2844,57.3123],[19.3233,57.3484],[19.3543,57.4029],[19.3597,57.4618],[19.337,57.516],[19.284,57.5674],[19.6644,57.8498],[19.6954,57.8805],[19.7159,57.9135],[19.7261,57.9562],[19.719,58.0369],[19.7017,58.0776],[19.6688,58.1155]]]]},"properties":{"kommunkod":"0980","namn":"Gotland","lan":"09","ri_areal_ha":119139.0,"ri_areal_ar":2014,"ri_areal_klass":5}},{"type":"Feature","geometry":{"type":"MultiPolygon","coordinates":[[[[14.3901,56.3013],[14.4087,56.3042],[14.4055,56.2942],[14.4308,56.2896],[14.4263,56.2599],[14.4355,56.2534],[14.4271,56.2476],[14.4409,56.229],[14.4662,56.2247],[14.4631,56.2359],[14.4675,56.2393],[14.5185,56.2142],[14.5312,56.2234],[14.5666,56.2241],[14.5647,56.213],[14.5745,56.1905],[14.5925,56.2027],[14.6137,56.1998],[14.6606,56.2091],[14.6561,56.2219],[14.6661,56.2214],[14.6732,56.2304],[14.701,56.2315],[14.7017,56.2464],[14.7125,56.2609],[14.7251,56.2559],[14.7468,56.2609],[14.7318,56.2762],[14.739,56.3024],[14.6958,56.3403],[14.6684,56.3988],[14.6245,56.4202],[14.6141,56.438],[14.5145,56.46],[14.4725,56.4082],[14.4138,56.4002],[14.4212,56.3841],[14.4188,56.3671],[14.4128,56.367],[14.3901,56.3013]]]]},"properties":{"kommunkod":"1060","namn":"Olofström","lan":"10","ri_areal_ha":5954.0,"ri_areal_ar":2014,"ri_areal_klass":2}},{"type":"Feature","geometry":{"type":"MultiPolygon","coordinates":[[[[15.2307,55.894],[15.3066,55.8896],[15.4717,55.7932],[15.5332,55.7699],[15.6019,55.7544],[15.6748,55.7472],[15.7609,55.7497],[15.8435,55.7639],[15.9139,55.7871],[15.9645,55.8129],[16.0256,55.8564],[16.2195,55.9141],[16.2237,56.3053],[16.0423,56.3227],[16.0181,56.3133],[16.0135,56.3085],[16.0191,56.3033],[16.0116,56.2974],[15.9791,56.3009],[15.9702,56.314],[15.9427,56.3196],[15.9096,56.3148],[15.8418,56.3228],[15.807,56.3418],[15.7769,56.3695],[15.7757,56.3801],[15.7627,56.3849],[15.7358,56.4145],[15.6774,56.425],[15.6564,56.4622],[15.636,56.4571],[15.5992,56.4721],[15.5859,56.4845],[15.5857,56.4953],[15.5239,56.5025],[15.511,56.4913],[15.5117,56.4764],[15.4806,56.48],[15.477,56.4711],[15.4689,56.469],[15.5068,56.453],[15.5003,56.4409],[15.5058,56.435],[15.4816,56.4484],[15.4376,56.4484],[15.432,56.4303],[15.4371,56.4246],[15.4204,56.4156],[15.418,56.4048],[15.3979,56.4059],[15.3883,56.4152],[15.3429,56.4121],[15.3357,56.4076],[15.3495,56.3902],[15.3484,56.3814],[15.297,56.3832],[15.3046,56.3607],[15.3136,56.3631],[15.3502,56.3448],[15.3794,56.3408],[15.3816,56.3193],[15.3708,56.3191],[15.377,56.3116],[15.3728,56.3056],[15.3835,56.3016],[15.3929,56.2795],[15.4344,56.2874],[15.4437,56.2701],[15.4612,56.278],[15.4841,56.2776],[15.4885,56.2608],[15.4698,56.2564],[15.4655,56.2418],[15.4912,56.2384],[15.4733,56.2154],[15.4732,56.2071],[15.4902,56.1886],[15.4937,56.1719],[15.5194,56.1584],[15.524,56.1411],[15.5058,56.1311],[15.4784,56.1339],[15.466,56.1261],[15.453,56.1289],[15.4154,56.1161],[15.2307,55.894]],[[15.3725,56.3957],[15.3993,56.387],[15.3955,56.3835],[15.4078,56.3612],[15.3878,56.3634],[15.369,56.3781],[15.3749,56.3815],[15.3686,56.3889],[15.3725,56.3957]]]]},"properties":{"kommunkod":"1080","namn":"Karlskrona","lan":"10","ri_areal_ha":14316.0,"ri_areal_ar":2014,"ri_areal_klass":3}},{"type":"Feature","geometry":{"type":"MultiPolygon","coordinates":[[[[15.3648,56.483],[15.3203,56.4555],[15.2868,56.4567],[15.2644,56.471],[15.2491,56.4636],[15.2088,56.4595],[15.22,56.4509],[15.2145,56.4404],[15.1868,56.428],[15.1459,56.4365],[15.1246,56.4551],[15.0499,56.4521],[15.0503,56.4377],[15.0331,56.4508],[15.014,56.4488],[14.9792,56.434],[14.9654,56.4002],[14.9308,56.3837],[14.952,56.3714],[15.0054,56.3667],[15.0211,56.3563],[15.0351,56.3191],[15.0199,56.2992],[15.012,56.2718],[15.0413,56.2541],[15.052,56.2274],[15.0716,56.2061],[15.059,56.1878],[15.0671,56.1707],[15.0494,56.151],[15.0475,56.1375],[15.2307,55.894],[15.4154,56.1161],[15.453,56.1289],[15.466,56.1261],[15.4784,56.1339],[15.5058,56.1311],[15.524,56.1411],[15.5194,56.1584],[15.4937,56.1719],[15.4902,56.1886],[15.4732,56.2071],[15.4733,56.2154],[15.4912,56.2384],[15.4655,56.2418],[15.4698,56.2564],[15.4885,56.2608],[15.4841,56.2776],[15.4612,56.278],[15.4437,56.2701],[15.4344,56.2874],[15.3929,56.2795],[15.3835,56.3016],[15.3728,56.3056],[15.377,56.3116],[15.3708,56.3191],[15.3816,56.3193],[15.3794,56.3408],[15.3502,56.3448],[15.3136,56.3631],[15.3046,56.3607],[15.297,56.3832],[15.3484,56.3814],[15.3495,56.3902],[15.3357,56.4076],[15.3429,56.4121],[15.3883,56.4152],[15.3979,56.4059],[15.418,56.4048],[15.4204,56.4156],[15.4371,56.4246],[15.432,56.4303],[15.4376,56.4484],[15.4816,56.4484],[15.5058,56.435],[15.5003,56.4409],[15.5072,56.4525],[15.4689,56.469],[15.477,56.4711],[15.4775,56.4837],[15.447,56.4825],[15.4388,56.4943],[15.4258,56.4911],[15.3812,56.4999],[15.3668,56.4926],[15.3648,56.483]]],[[[15.3732,56.3958],[15.3686,56.3889],[15.3749,56.3815],[15.369,56.3781],[15.3878,56.3634],[15.4078,56.3612],[15.3955,56.3835],[15.3993,56.387],[15.3732,56.3958]]]]},"properties":{"kommunkod":"1081","namn":"Ronneby","lan":"10","ri_areal_ha":15248.0,"ri_areal_ar":2014,"ri_areal_klass":3}},{"type":"Feature","geometry":{"type":"MultiPolygon","coordinates":[[[[14.6506,56.2076],[14.6486,56.1906],[14.6615,56.1915],[14.6564,56.1725],[14.666,56.1681],[14.6636,56.1637],[14.6831,56.1614],[14.6864,56.1517],[15.2307,55.894],[15.0475,56.1375],[15.0494,56.151],[15.0671,56.1707],[15.059,56.1878],[15.0716,56.2061],[15.052,56.2274],[15.0413,56.2541],[15.012,56.2718],[15.0199,56.2992],[15.0351,56.3191],[15.015,56.3629],[14.955,56.3706],[14.9308,56.3837],[14.9044,56.3614],[14.8598,56.3589],[14.7792,56.3825],[14.7176,56.3824],[14.6728,56.39],[14.6958,56.3403],[14.739,56.3024],[14.7318,56.2762],[14.7468,56.2609],[14.7251,56.2559],[14.7125,56.2609],[14.7017,56.2464],[14.7007,56.2312],[14.6726,56.2302],[14.6661,56.2214],[14.6549,56.2208],[14.6606,56.2091],[14.6506,56.2076]]]]},"properties":{"kommunkod":"1082","namn":"Karlshamn","lan":"10","ri_areal_ha":6479.0,"ri_areal_ar":2014,"ri_areal_klass":2}},{"type":"Feature","geometry":{"type":"MultiPolygon","coordinates":[[[[14.5397,55.9827],[14.5953,55.755],[14.7989,55.7968],[14.9045,55.8029],[14.9804,55.8154],[15.0824,55.8497],[15.1583,55.8982],[15.2307,55.894],[14.6864,56.1517],[14.6831,56.1614],[14.6636,56.1637],[14.666,56.1681],[14.6564,56.1725],[14.6615,56.1915],[14.6486,56.1906],[14.6506,56.2076],[14.6137,56.1998],[14.5925,56.2027],[14.5745,56.1905],[14.5817,56.1731],[14.5795,56.1413],[14.5863,56.1292],[14.5783,56.0975],[14.5559,56.0829],[14.5538,56.0663],[14.5321,56.0369],[14.5397,55.9827]]]]},"properties":{"kommunkod":"1083","namn":"Sölvesborg","lan":"10","ri_areal_ha":9113.0,"ri_areal_ar":2014,"ri_areal_klass":2}},{"type":"Feature","geometry":{"type":"MultiPolygon","coordinates":[[[[12.9444,55.9264],[12.9437,55.922],[12.9696,55.9186],[12.9787,55.9036],[12.9926,55.9076],[12.9999,55.9032],[12.9976,55.8963],[12.9834,55.896],[12.9953,55.8928],[12.9815,55.8908],[12.9798,55.8786],[12.9588,55.8735],[12.9645,55.8702],[12.9573,55.8618],[12.9726,55.848],[13.0161,55.8628],[13.047,55.8592],[13.0591,55.8407],[13.0729,55.8459],[13.0798,55.8376],[13.1133,55.8283],[13.1462,55.8297],[13.1477,55.841],[13.1583,55.8461],[13.1559,55.8594],[13.1437,55.8586],[13.1311,55.8638],[13.1324,55.8715],[13.1177,55.8726],[13.1321,55.8749],[13.1274,55.89],[13.1504,55.8953],[13.1515,55.9006],[13.1874,55.8905],[13.2,55.8954],[13.2013,55.9031],[13.2403,55.9169],[13.2497,55.9117],[13.2508,55.8984],[13.286,55.8921],[13.2898,55.9034],[13.2982,55.9032],[13.2759,55.9229],[13.2985,55.9421],[13.2694,55.9465],[13.2675,55.9528],[13.277,55.9587],[13.2761,55.9653],[13.2908,55.9646],[13.2939,55.9717],[13.3103,55.9748],[13.3402,56.0145],[13.313,56.03],[13.294,56.0239],[13.2455,56.0255],[13.2378,56.0137],[13.2274,56.024],[13.1816,56.0337],[13.1896,56.0414],[13.1662,56.0534],[13.1724,56.0583],[13.1571,56.0704],[13.0979,56.0884],[13.0704,56.0886],[13.0653,56.0864],[13.0724,56.084],[13.0683,56.072],[13.073,56.0682],[13.0554,56.0679],[13.0578,56.0634],[13.0395,56.0469],[13.0248,56.0483],[13.0082,56.0395],[13.0249,56.0359],[13.0226,56.0183],[13.0133,56.0129],[13.0352,56.0047],[13.0298,56.0001],[13.0021,56.0051],[13.0104,55.9897],[12.9944,55.9875],[12.9808,55.9572],[12.9563,55.9508],[12.952,55.9281],[12.9444,55.9264]]]]},"properties":{"kommunkod":"1214","namn":"Svalöv","lan":"12","ri_areal_ha":17411.0,"ri_areal_ar":2014,"ri_areal_klass":4}},{"type":"Feature","geometry":{"type":"MultiPolygon","coordinates":[[[[13.125,55.6077],[13.1424,55.6043],[13.141,55.5998],[13.1815,55.595],[13.1904,55.613],[13.237,55.6139],[13.2498,55.62],[13.2991,55.6026],[13.3133,55.6162],[13.342,55.6099],[13.3547,55.6191],[13.3515,55.6297],[13.3149,55.6394],[13.3186,55.6487],[13.2897,55.6605],[13.2938,55.669],[13.287,55.6784],[13.2681,55.6847],[13.2348,55.6765],[13.2171,55.6762],[13.2071,55.6826],[13.1795,55.6778],[13.1677,55.6814],[13.1703,55.688],[13.1561,55.6977],[13.1239,55.7051],[13.1037,55.6928],[13.1145,55.6894],[13.1091,55.6763],[13.1143,55.6756],[13.1105,55.6675],[13.1181,55.6583],[13.1365,55.6556],[13.1229,55.6498],[13.1194,55.6336],[13.109,55.6315],[13.1132,55.6195],[13.1307,55.6202],[13.125,55.6077]]]]},"properties":{"kommunkod":"1230","namn":"Staffanstorp","lan":"12","ri_areal_ha":1948.0,"ri_areal_ar":2014,"ri_areal_klass":1}},{"type":"Feature","geometry":{"type":"MultiPolygon","coordinates":[[[[13.0169,55.6409],[13.052,55.6356],[13.0633,55.6314],[13.061,55.6271],[13.0665,55.6309],[13.0674,55.6119],[13.0821,55.6138],[13.1081,55.6041],[13.128,55.6131],[13.1307,55.6202],[13.1132,55.6195],[13.109,55.6315],[13.1194,55.6336],[13.1229,55.6498],[13.1365,55.6556],[13.1181,55.6583],[13.1095,55.666],[13.0998,55.6643],[13.0995,55.653],[13.0928,55.6504],[13.0526,55.6407],[13.0169,55.6409]]]]},"properties":{"kommunkod":"1231","namn":"Burlöv","lan":"12","ri_areal_ha":705.0,"ri_areal_ar":2014,"ri_areal_klass":1}},{"type":"Feature","geometry":{"type":"MultiPolygon","coordinates":[[[[12.9805,55.163],[12.9681,55.3409],[13.0257,55.3941],[13.0185,55.3973],[13.0229,55.4016],[13.043,55.4041],[13.0463,55.4179],[13.0654,55.4211],[13.0524,55.4312],[13.0512,55.4592],[13.1059,55.4627],[13.1189,55.451],[13.1361,55.4518],[13.1499,55.4684],[13.1765,55.4754],[13.1701,55.4795],[13.1804,55.4827],[13.1762,55.4868],[13.1402,55.4897],[13.1316,55.5066],[13.1133,55.5119],[13.1066,55.5241],[13.0533,55.5224],[13.0476,55.5152],[13.0107,55.5063],[12.9406,55.5063],[12.8789,55.4806],[12.7171,55.4996],[12.7141,55.4886],[12.6094,55.4311],[12.6408,55.3367],[12.6945,55.3498],[12.6961,55.3246],[12.7117,55.3021],[12.923,55.1484],[12.9805,55.163]]]]},"properties":{"kommunkod":"1233","namn":"Vellinge","lan":"12","ri_areal_ha":7567.0,"ri_areal_ar":2014,"ri_areal_klass":2}},{"type":"Feature","geometry":{"type":"MultiPolygon","coordinates":[[[[13.9995,56.3223],[13.9894,56.3141],[13.9926,56.2939],[13.9846,56.2802],[14.0002,56.2844],[14.0127,56.2795],[14.0005,56.2767],[14.0044,56.2679],[13.9995,56.2642],[13.9727,56.2544],[13.9859,56.2528],[13.9695,56.2368],[13.9809,56.2098],[13.9759,56.1956],[13.9928,56.1866],[13.9895,56.1759],[14.0143,56.1759],[14.0192,56.1653],[14.007,56.1591],[14.0669,56.1333],[14.1234,56.1259],[14.1518,56.1305],[14.1587,56.1398],[14.148,56.1465],[14.1503,56.1548],[14.1686,56.1487],[14.1758,56.1541],[14.204,56.1495],[14.2049,56.1591],[14.2191,56.1664],[14.2172,56.1719],[14.2459,56.174],[14.2579,56.1969],[14.2764,56.2005],[14.2786,56.2046],[14.2647,56.2165],[14.2844,56.2473],[14.3325,56.2733],[14.3454,56.2911],[14.3284,56.2883],[14.3197,56.3009],[14.2878,56.2869],[14.2743,56.3023],[14.2852,56.3273],[14.3008,56.3256],[14.314,56.3361],[14.3063,56.3445],[14.3102,56.3576],[14.2961,56.3619],[14.2944,56.3715],[14.2523,56.3677],[14.2551,56.3576],[14.2476,56.338],[14.2171,56.3455],[14.2218,56.3556],[14.2046,56.3646],[14.2165,56.3843],[14.2147,56.3947],[14.2469,56.4444],[14.2433,56.4515],[14.2302,56.4541],[14.1905,56.4262],[14.1803,56.428],[14.1665,56.4101],[14.1648,56.3951],[14.1377,56.3851],[14.1301,56.3642],[14.1147,56.3667],[14.0785,56.3566],[14.0687,56.3334],[14.0219,56.3393],[13.9995,56.3223]]]]},"properties":{"kommunkod":"1256","namn":"Östra Göinge","lan":"12","ri_areal_ha":3567.0,"ri_areal_ar":2014,"ri_areal_klass":1}},{"type":"Feature","geometry":{"type":"MultiPolygon","coordinates":[[[[13.3894,56.2675],[13.4226,56.2664],[13.4321,56.2777],[13.4316,56.2911],[13.4447,56.2921],[13.4599,56.3072],[13.4829,56.3035],[13.493,56.2917],[13.5029,56.2936],[13.4973,56.3023],[13.5153,56.3072],[13.4961,56.3466],[13.5087,56.3503],[13.5209,56.3746],[13.5267,56.373],[13.523,56.3765],[13.5791,56.3951],[13.5807,56.409],[13.5426,56.4038],[13.5124,56.4115],[13.5005,56.4056],[13.4612,56.4278],[13.4393,56.4191],[13.3856,56.4145],[13.3467,56.3905],[13.3048,56.3852],[13.2515,56.3577],[13.2542,56.351],[13.2288,56.3325],[13.196,56.3241],[13.1993,56.3105],[13.172,56.2827],[13.1465,56.2667],[13.1172,56.2585],[13.1488,56.2515],[13.1224,56.2439],[13.1285,56.2394],[13.1192,56.2354],[13.1211,56.2308],[13.1501,56.2207],[13.1619,56.213],[13.1601,56.2084],[13.1805,56.2108],[13.1785,56.1976],[13.2,56.1923],[13.2216,56.2006],[13.2203,56.211],[13.2332,56.2179],[13.278,56.218],[13.2795,56.2255],[13.3214,56.246],[13.3291,56.2522],[13.3241,56.2547],[13.3475,56.2693],[13.3894,56.2675]]]]},"properties":{"kommunkod":"1257","namn":"Örkelljunga","lan":"12","ri_areal_ha":2141.0,"ri_areal_ar":2014,"ri_areal_klass":1}},{"type":"Feature","geometry":{"type":"MultiPolygon","coordinates":[[[[12.9873,55.9799],[12.9944,55.9875],[13.0104,55.9897],[13.0021,56.0051],[13.0298,56.0001],[13.0352,56.0047],[13.0133,56.0129],[13.0226,56.0183],[13.0249,56.0359],[13.0082,56.0395],[13.0248,56.0483],[13.0395,56.0469],[13.0578,56.0634],[13.0552,56.0678],[13.073,56.0682],[13.0701,56.0745],[13.0555,56.0754],[13.0493,56.0807],[13.0552,56.0813],[13.0045,56.1132],[12.9901,56.1087],[12.9495,56.122],[12.9167,56.1186],[12.9256,56.1144],[12.9099,56.1135],[12.9001,56.1033],[12.8822,56.1059],[12.874,56.0942],[12.8775,56.0843],[12.9059,56.063],[12.9163,56.0626],[12.9174,56.0555],[12.902,56.0438],[12.9132,56.0433],[12.9255,56.0232],[12.9336,56.0213],[12.9286,56.0165],[12.8939,56.0159],[12.9164,56.0067],[12.9118,55.9945],[12.9188,55.9923],[12.9134,55.9928],[12.9106,55.9823],[12.9358,55.9819],[12.9527,55.9741],[12.9558,55.9787],[12.9873,55.9799]]]]},"properties":{"kommunkod":"1260","namn":"Bjuv","lan":"12","ri_areal_ha":4100.0,"ri_areal_ar":2014,"ri_areal_klass":2}},{"type":"Feature","geometry":{"type":"MultiPolygon","coordinates":[[[[12.8762,55.664],[12.9723,55.6798],[12.9908,55.7257],[13.012,55.7419],[13.0178,55.7563],[13.0362,55.7524],[13.0485,55.757],[13.0689,55.7442],[13.0653,55.7418],[13.0773,55.7395],[13.1386,55.7489],[13.1345,55.7582],[13.145,55.7692],[13.1352,55.7698],[13.1428,55.7806],[13.1371,55.7913],[13.1838,55.794],[13.2146,55.7861],[13.2187,55.7893],[13.213,55.8103],[13.2195,55.8225],[13.2096,55.8288],[13.2151,55.8414],[13.175,55.8388],[13.154,55.8289],[13.1133,55.8283],[13.0678,55.8459],[13.0306,55.8314],[13.0283,55.8219],[12.9509,55.8272],[12.8539,55.8146],[12.758,55.7799],[12.8762,55.664]]]]},"properties":{"kommunkod":"1261","namn":"Kävlinge","lan":"12","ri_areal_ha":5648.0,"ri_areal_ar":2014,"ri_areal_klass":2}},{"type":"Feature","geometry":{"type":"MultiPolygon","coordinates":[[[[13.1184,55.7473],[13.0773,55.7395],[13.0653,55.7418],[13.0689,55.7442],[13.0485,55.757],[13.0362,55.7524],[13.0175,55.7562],[13.012,55.7419],[12.9908,55.7257],[12.9723,55.6798],[13.0168,55.6409],[13.0526,55.6407],[13.0992,55.6528],[13.0998,55.6643],[13.112,55.6661],[13.1143,55.6756],[13.109,55.6785],[13.1145,55.6894],[13.1037,55.6953],[13.112,55.6991],[13.1153,55.7143],[13.1301,55.7195],[13.1272,55.7326],[13.137,55.7344],[13.1359,55.7431],[13.1232,55.7417],[13.1184,55.7473]]]]},"properties":{"kommunkod":"1262","namn":"Lomma","lan":"12","ri_areal_ha":1067.0,"ri_areal_ar":2014,"ri_areal_klass":1}},{"type":"Feature","geometry":{"type":"MultiPolygon","coordinates":[[[[13.4817,55.5274],[13.4603,55.5254],[13.449,55.5313],[13.4019,55.5252],[13.3908,55.5388],[13.3815,55.5409],[13.3777,55.5585],[13.3492,55.5577],[13.3409,55.5498],[13.3426,55.5568],[13.3374,55.5591],[13.3483,55.5612],[13.3361,55.5643],[13.334,55.5709],[13.3315,55.5626],[13.316,55.5618],[13.3228,55.5722],[13.2961,55.6037],[13.2478,55.62],[13.237,55.6139],[13.1904,55.613],[13.1824,55.595],[13.1404,55.6],[13.1432,55.5862],[13.1518,55.5818],[13.14,55.5719],[13.1479,55.5657],[13.1149,55.5565],[13.1352,55.5412],[13.1071,55.532],[13.1063,55.5205],[13.1133,55.5119],[13.1316,55.5066],[13.1402,55.4897],[13.1762,55.4868],[13.1804,55.4827],[13.1701,55.4795],[13.1815,55.468],[13.201,55.4683],[13.2265,55.4837],[13.2379,55.4753],[13.2336,55.4778],[13.2388,55.4815],[13.2412,55.4707],[13.2505,55.4689],[13.2814,55.4831],[13.3211,55.4715],[13.3399,55.4753],[13.3777,55.4659],[13.4033,55.4834],[13.4111,55.4817],[13.4359,55.509],[13.4546,55.5155],[13.4549,55.5241],[13.4817,55.5274]]]]},"properties":{"kommunkod":"1263","namn":"Svedala","lan":"12","ri_areal_ha":15253.0,"ri_areal_ar":2014,"ri_areal_klass":3}},{"type":"Feature","geometry":{"type":"MultiPolygon","coordinates":[[[[13.4817,55.5274],[13.4549,55.5241],[13.4546,55.5155],[13.4473,55.511],[13.4438,55.4896],[13.4457,55.4821],[13.4525,55.4819],[13.4462,55.4794],[13.4714,55.4712],[13.4633,55.4694],[13.4744,55.4463],[13.4521,55.4469],[13.4595,55.439],[13.4545,55.4328],[13.4592,55.4325],[13.4454,55.4206],[13.4746,55.4134],[13.4782,55.4028],[13.4922,55.3946],[13.4803,55.3798],[13.5366,55.3239],[13.5454,55.1662],[13.6132,55.1856],[13.7106,55.1985],[13.7829,55.2181],[13.8407,55.2175],[13.6589,55.3844],[13.6571,55.4235],[13.6266,55.4332],[13.6195,55.4459],[13.6339,55.4526],[13.6351,55.4616],[13.6426,55.4655],[13.6426,55.4834],[13.6572,55.4824],[13.66,55.4871],[13.6642,55.5003],[13.6456,55.4996],[13.655,55.5055],[13.6433,55.5103],[13.6526,55.5094],[13.6507,55.5143],[13.6611,55.5166],[13.6592,55.5227],[13.6368,55.5256],[13.6403,55.5342],[13.6327,55.5372],[13.6161,55.5392],[13.6136,55.5323],[13.5793,55.5382],[13.5767,55.5324],[13.5674,55.536],[13.5646,55.5452],[13.5569,55.5392],[13.5521,55.5457],[13.5421,55.5446],[13.5392,55.5479],[13.5453,55.55],[13.534,55.5575],[13.5333,55.5653],[13.5192,55.5633],[13.517,55.5697],[13.5319,55.5781],[13.5234,55.5837],[13.5162,55.5749],[13.4993,55.5737],[13.5083,55.5576],[13.4962,55.544],[13.4852,55.5434],[13.4793,55.5341],[13.487,55.5289],[13.4817,55.5274]]]]},"properties":{"kommunkod":"1264","namn":"Skurup","lan":"12","ri_areal_ha":5402.0,"ri_areal_ar":2014,"ri_areal_klass":2}},{"type":"Feature","geometry":{"type":"MultiPolygon","coordinates":[[[[13.9212,55.7486],[13.9128,55.7591],[13.8721,55.7536],[13.8463,55.7578],[13.8445,55.7652],[13.8072,55.7683],[13.8034,55.7763],[13.7867,55.7754],[13.7612,55.763],[13.7573,55.7427],[13.6661,55.738],[13.6564,55.7218],[13.6523,55.728],[13.6174,55.7221],[13.6137,55.7301],[13.5901,55.7278],[13.5996,55.7144],[13.5712,55.6888],[13.6139,55.6677],[13.6174,55.6622],[13.6084,55.6406],[13.6028,55.6314],[13.5466,55.6365],[13.5345,55.6259],[13.53,55.6202],[13.5323,55.5935],[13.5204,55.5892],[13.5319,55.5781],[13.517,55.5697],[13.5192,55.5633],[13.5333,55.5653],[13.534,55.5575],[13.5453,55.55],[13.5392,55.5479],[13.5421,55.5446],[13.5521,55.5457],[13.5569,55.5392],[13.5646,55.5452],[13.5674,55.536],[13.5767,55.5324],[13.5793,55.5382],[13.6136,55.5323],[13.617,55.5393],[13.6403,55.5342],[13.6372,55.5255],[13.6597,55.5236],[13.6643,55.5334],[13.6774,55.5302],[13.6686,55.5266],[13.6709,55.5114],[13.6809,55.5112],[13.6767,55.5215],[13.6841,55.5234],[13.6838,55.515],[13.6907,55.5164],[13.6863,55.5112],[13.6919,55.5097],[13.7131,55.5176],[13.7094,55.5312],[13.7372,55.5315],[13.7562,55.541],[13.7607,55.5342],[13.769,55.5374],[13.781,55.542],[13.7756,55.5506],[13.7809,55.5576],[13.8123,55.5613],[13.8253,55.5753],[13.8504,55.5661],[13.8673,55.5898],[13.9041,55.59],[13.9316,55.598],[13.937,55.6079],[13.9153,55.6172],[13.92,55.6257],[13.948,55.6205],[13.9443,55.6257],[13.9574,55.6312],[13.9481,55.6368],[13.9767,55.6356],[13.9863,55.6493],[13.9531,55.6691],[13.9486,55.681],[13.9187,55.6906],[13.9282,55.6961],[13.9119,55.7016],[13.9049,55.7127],[13.8926,55.7132],[13.8967,55.7306],[13.9256,55.7445],[13.9212,55.7486]]]]},"properties":{"kommunkod":"1265","namn":"Sjöbo","lan":"12","ri_areal_ha":18530.0,"ri_areal_ar":2014,"ri_areal_klass":4}},{"type":"Feature","geometry":{"type":"MultiPolygon","coordinates":[[[[13.5555,55.8208],[13.5613,55.8078],[13.6404,55.8002],[13.6379,55.7936],[13.6172,55.7934],[13.5834,55.7813],[13.5774,55.7599],[13.5679,55.7524],[13.576,55.7448],[13.5638,55.7401],[13.6084,55.7364],[13.6174,55.7221],[13.6523,55.728],[13.6564,55.7218],[13.6661,55.738],[13.7573,55.7427],[13.7612,55.763],[13.7867,55.7754],[13.8034,55.7763],[13.8072,55.7683],[13.8445,55.7652],[13.8463,55.7578],[13.8721,55.7536],[13.9128,55.7591],[13.9212,55.7486],[13.9484,55.7616],[13.9633,55.781],[13.9508,55.7896],[13.9581,55.7974],[13.9192,55.8024],[13.9142,55.819],[13.8916,55.8232],[13.8831,55.8373],[13.91,55.8513],[13.9046,55.8573],[13.9187,55.8653],[13.9139,55.8783],[13.8869,55.8808],[13.9075,55.8999],[13.9078,55.9104],[13.8947,55.9083],[13.8767,55.9219],[13.8678,55.9194],[13.8592,55.9053],[13.8244,55.9021],[13.8148,55.8862],[13.8074,55.8869],[13.7691,55.8975],[13.7817,55.9086],[13.7476,55.9316],[13.7497,55.9416],[13.7231,55.9494],[13.7113,55.961],[13.7033,55.9565],[13.6668,55.9608],[13.6421,55.953],[13.6203,55.9559],[13.611,55.9343],[13.6149,55.9277],[13.5789,55.9102],[13.5756,55.9009],[13.5629,55.9024],[13.5478,55.8926],[13.56,55.8785],[13.5452,55.8675],[13.558,55.8392],[13.5555,55.8208]]]]},"properties":{"kommunkod":"1266","namn":"Hörby","lan":"12","ri_areal_ha":10180.0,"ri_areal_ar":2014,"ri_areal_klass":2}},{"type":"Feature","geometry":{"type":"MultiPolygon","coordinates":[[[[13.5555,55.8208],[13.558,55.8392],[13.5452,55.8675],[13.56,55.8785],[13.5478,55.8926],[13.5629,55.9024],[13.5756,55.9009],[13.5789,55.9102],[13.6149,55.9277],[13.611,55.9343],[13.6221,55.9726],[13.6592,55.983],[13.6517,55.996],[13.6704,56.0037],[13.6486,56.0205],[13.6642,56.0342],[13.6415,56.0308],[13.6495,56.0376],[13.6408,56.0447],[13.6335,56.0389],[13.5852,56.0469],[13.5854,56.0542],[13.5621,56.0616],[13.5687,56.071],[13.5594,56.0859],[13.5225,56.0887],[13.5131,56.0686],[13.4956,56.0552],[13.475,56.0597],[13.4643,56.0557],[13.4557,56.0364],[13.4388,56.0304],[13.4446,56.0209],[13.4334,56.0082],[13.3868,56.0088],[13.3805,56.0003],[13.389,55.9914],[13.3762,55.975],[13.3888,55.965],[13.3739,55.9493],[13.384,55.9411],[13.3762,55.9364],[13.4003,55.9426],[13.4029,55.9309],[13.4393,55.9233],[13.4423,55.9116],[13.4597,55.8971],[13.4282,55.889],[13.4296,55.8829],[13.4221,55.8811],[13.4253,55.8747],[13.4407,55.8743],[13.4258,55.8728],[13.4432,55.8676],[13.4362,55.8577],[13.4395,55.8274],[13.4224,55.826],[13.4277,55.8194],[13.4482,55.8241],[13.4448,55.8168],[13.4556,55.8195],[13.4448,55.8168],[13.4487,55.8074],[13.4596,55.806],[13.4618,55.7945],[13.4783,55.7935],[13.4774,55.7833],[13.4889,55.7862],[13.5129,55.7788],[13.5267,55.7913],[13.5096,55.7936],[13.5128,55.8063],[13.5262,55.806],[13.5201,55.8114],[13.5555,55.8208]]]]},"properties":{"kommunkod":"1267","namn":"Höör","lan":"12","ri_areal_ha":8564.0,"ri_areal_ar":2014,"ri_areal_klass":2}},{"type":"Feature","geometry":{"type":"MultiPolygon","coordinates":[[[[13.8512,55.5667],[13.8804,55.5334],[13.8977,55.5268],[13.8957,55.518],[13.9045,55.5048],[13.9149,55.4968],[13.9385,55.493],[13.935,55.4849],[13.9898,55.4668],[14.0092,55.4765],[14.0353,55.4727],[14.0742,55.48],[14.0866,55.4978],[14.1369,55.5162],[14.1301,55.5389],[14.1507,55.5547],[14.1381,55.5746],[14.1671,55.5833],[14.1588,55.5973],[14.1627,55.6063],[14.1321,55.6091],[14.0669,55.6364],[14.0725,55.6429],[14.0697,55.6574],[14.0608,55.6618],[14.0676,55.6753],[14.0773,55.6749],[14.0659,55.6833],[14.1053,55.7153],[14.1506,55.7236],[14.089,55.7364],[14.0893,55.7412],[14.1154,55.7395],[14.1097,55.7488],[14.0997,55.742],[14.0945,55.7478],[14.1031,55.7563],[14.0845,55.7595],[14.0945,55.7777],[14.0769,55.7834],[14.0542,55.7852],[14.0545,55.7688],[14.0276,55.7611],[14.011,55.7614],[14.0139,55.7694],[13.9614,55.7767],[13.9484,55.7616],[13.9212,55.7486],[13.9256,55.7445],[13.8967,55.7306],[13.8897,55.7179],[13.9282,55.6961],[13.9187,55.6906],[13.9486,55.681],[13.9531,55.6691],[13.9821,55.6549],[13.9863,55.6493],[13.982,55.6392],[13.9481,55.6368],[13.9574,55.6312],[13.9443,55.6257],[13.948,55.6205],[13.92,55.6257],[13.9153,55.6172],[13.937,55.6079],[13.9316,55.598],[13.9041,55.59],[13.8673,55.5898],[13.8512,55.5667]]],[[[14.1341,55.7585],[14.1202,55.7663],[14.1063,55.7589],[14.1234,55.7532],[14.1341,55.7585]]]]},"properties":{"kommunkod":"1270","namn":"Tomelilla","lan":"12","ri_areal_ha":14480.0,"ri_areal_ar":2014,"ri_areal_klass":3}},{"type":"Feature","geometry":{"type":"MultiPolygon","coordinates":[[[[14.5745,56.1905],[14.5647,56.213],[14.5666,56.2241],[14.5312,56.2234],[14.5185,56.2142],[14.4675,56.2393],[14.4631,56.2359],[14.4662,56.2247],[14.4408,56.229],[14.4343,56.2077],[14.4117,56.1974],[14.4285,56.1755],[14.4209,56.1691],[14.4206,56.14],[14.4376,56.1237],[14.4636,56.149],[14.4755,56.1462],[14.462,56.1102],[14.4459,56.1045],[14.4507,56.0935],[14.4446,56.0749],[14.4033,56.0695],[14.3856,56.0533],[14.3806,56.037],[14.4034,56.0353],[14.4242,56.025],[14.4377,56.0233],[14.4454,56.0298],[14.5097,56.0154],[14.5397,55.9827],[14.5321,56.0369],[14.5538,56.0663],[14.5559,56.0829],[14.5783,56.0975],[14.5863,56.1292],[14.5795,56.1413],[14.5817,56.1731],[14.5745,56.1905]]]]},"properties":{"kommunkod":"1272","namn":"Bromölla","lan":"12","ri_areal_ha":12749.0,"ri_areal_ar":2014,"ri_areal_klass":3}},{"type":"Feature","geometry":{"type":"MultiPolygon","coordinates":[[[[13.6964,56.4246],[13.7162,56.4046],[13.7459,56.4023],[13.7532,56.3858],[13.7912,56.3938],[13.8171,56.382],[13.8434,56.3956],[13.8456,56.3895],[13.8925,56.4008],[13.9062,56.3811],[13.8918,56.3719],[13.8916,56.3607],[13.8966,56.358],[13.9094,56.3674],[13.9255,56.3596],[13.9345,56.3627],[13.9329,56.3482],[13.9162,56.3193],[13.9339,56.3277],[13.9735,56.3254],[13.9894,56.3141],[14.0219,56.3393],[14.0687,56.3334],[14.0785,56.3566],[14.1147,56.3667],[14.1301,56.3642],[14.1377,56.3851],[14.1648,56.3951],[14.1665,56.4101],[14.1803,56.428],[14.1905,56.4262],[14.2245,56.4539],[14.2414,56.4523],[14.2458,56.4405],[14.2147,56.3947],[14.2165,56.3843],[14.2052,56.3625],[14.2218,56.3556],[14.2174,56.3452],[14.2442,56.337],[14.255,56.3572],[14.2523,56.3677],[14.2944,56.3715],[14.2961,56.3619],[14.3102,56.3576],[14.3063,56.3445],[14.314,56.3361],[14.3008,56.3256],[14.2852,56.3273],[14.2743,56.3023],[14.2878,56.2869],[14.3205,56.3009],[14.3302,56.2883],[14.3618,56.2995],[14.3901,56.3013],[14.4128,56.367],[14.4188,56.3671],[14.4212,56.3841],[14.4138,56.4002],[14.4725,56.4082],[14.5145,56.46],[14.4711,56.4639],[14.4576,56.473],[14.4348,56.4698],[14.3441,56.4844],[14.318,56.494],[14.276,56.4982],[14.2743,56.5066],[14.2329,56.4909],[14.1799,56.4941],[14.1434,56.5075],[14.1258,56.5055],[14.119,56.5249],[14.0915,56.5328],[14.0624,56.5269],[14.0562,56.5007],[14.0252,56.4679],[13.9521,56.4671],[13.9259,56.4575],[13.9017,56.4571],[13.8769,56.4368],[13.794,56.4482],[13.6964,56.4246]]]]},"properties":{"kommunkod":"1273","namn":"Osby","lan":"12","ri_areal_ha":3978.0,"ri_areal_ar":2014,"ri_areal_klass":2}},{"type":"Feature","geometry":{"type":"MultiPolygon","coordinates":[[[[13.2718,56.2155],[13.2784,56.1955],[13.2651,56.1836],[13.3046,56.171],[13.3104,56.1615],[13.29,56.147],[13.3079,56.1376],[13.2976,56.1274],[13.3475,56.1228],[13.3608,56.1161],[13.3725,56.1214],[13.373,56.1122],[13.3926,56.1071],[13.4006,56.0949],[13.4278,56.1004],[13.4464,56.1253],[13.4434,56.1318],[13.468,56.1421],[13.4629,56.1421],[13.4614,56.16],[13.4685,56.1641],[13.4541,56.1745],[13.4513,56.1921],[13.4664,56.2105],[13.418,56.266],[13.3475,56.2693],[13.2718,56.2155]]]]},"properties":{"kommunkod":"1275","namn":"Perstorp","lan":"12","ri_areal_ha":323.0,"ri_areal_ar":2014,"ri_areal_klass":1}},{"type":"Feature","geometry":{"type":"MultiPolygon","coordinates":[[[[13.3808,56.001],[13.3909,56.0109],[13.4334,56.0082],[13.4446,56.0209],[13.4388,56.0304],[13.4557,56.0364],[13.4643,56.0557],[13.475,56.0597],[13.4956,56.0552],[13.5131,56.0686],[13.5225,56.0887],[13.5118,56.0921],[13.489,56.0809],[13.4591,56.0922],[13.449,56.0894],[13.421,56.1026],[13.4006,56.0949],[13.3926,56.1071],[13.373,56.1122],[13.3725,56.1214],[13.3608,56.1161],[13.3475,56.1228],[13.2976,56.1274],[13.3079,56.1376],[13.29,56.147],[13.3104,56.1615],[13.3046,56.171],[13.2651,56.1836],[13.2784,56.1955],[13.2718,56.2155],[13.2332,56.2179],[13.2203,56.211],[13.2216,56.2006],[13.2,56.1923],[13.1785,56.1976],[13.1805,56.2108],[13.1601,56.2084],[13.1619,56.213],[13.1501,56.2207],[13.1206,56.2315],[13.0656,56.2082],[13.0382,56.2124],[13.0162,56.2057],[12.9974,56.2112],[12.9813,56.2],[13.0147,56.1914],[13.0178,56.1809],[13.0329,56.1719],[13.0329,56.1621],[13.0659,56.1654],[13.0634,56.1585],[13.076,56.1528],[13.0802,56.1372],[13.1057,56.1251],[13.0823,56.1034],[13.1048,56.0973],[13.0991,56.0871],[13.1642,56.0664],[13.1724,56.0583],[13.1662,56.0534],[13.1896,56.0414],[13.1816,56.0337],[13.2274,56.024],[13.2378,56.0137],[13.2455,56.0255],[13.294,56.0239],[13.313,56.03],[13.3402,56.0145],[13.336,56.0067],[13.3808,56.001]]]]},"properties":{"kommunkod":"1276","namn":"Klippan","lan":"12","ri_areal_ha":7447.0,"ri_areal_ar":2014,"ri_areal_klass":2}},{"type":"Feature","geometry":{"type":"MultiPolygon","coordinates":[[[[13.0701,56.0745],[13.0731,56.0824],[13.0653,56.0864],[13.0892,56.0864],[13.1061,56.0943],[13.0821,56.1037],[13.1057,56.1251],[13.0802,56.1372],[13.076,56.1528],[13.0634,56.1585],[13.0659,56.1654],[13.0329,56.1621],[13.0329,56.1719],[13.0125,56.1874],[12.9933,56.1797],[12.9626,56.1783],[12.9487,56.1602],[12.9486,56.149],[12.9321,56.1408],[12.896,56.1365],[12.8966,56.1426],[12.8824,56.1421],[12.8731,56.1333],[12.8544,56.1354],[12.8367,56.1246],[12.8491,56.1127],[12.8429,56.101],[12.8766,56.0872],[12.874,56.0942],[12.8837,56.107],[12.9001,56.1033],[12.9099,56.1135],[12.9256,56.1144],[12.9167,56.1186],[12.9495,56.122],[12.9901,56.1087],[13.0045,56.1132],[13.0701,56.0745]]]]},"properties":{"kommunkod":"1277","namn":"Åstorp","lan":"12","ri_areal_ha":2537.0,"ri_areal_ar":2014,"ri_areal_klass":1}},{"type":"Feature","geometry":{"type":"MultiPolygon","coordinates":[[[[12.2408,56.5572],[12.1841,56.4774],[12.649,56.3079],[12.7594,56.3219],[12.7818,56.3193],[12.7841,56.3275],[12.8339,56.3221],[12.8387,56.336],[12.8594,56.3362],[12.8703,56.3561],[12.8906,56.3628],[12.8937,56.3675],[12.8797,56.3772],[12.9268,56.3628],[12.9488,56.3676],[12.968,56.389],[12.9529,56.3921],[12.9686,56.4114],[12.9578,56.4134],[12.9658,56.4277],[12.9524,56.4311],[12.9577,56.44],[12.8955,56.4495],[12.7971,56.5522],[12.2408,56.5572]]]]},"properties":{"kommunkod":"1278","namn":"Båstad","lan":"12","ri_areal_ha":20993.0,"ri_areal_ar":2014,"ri_areal_klass":4}},{"type":"Feature","geometry":{"type":"MultiPolygon","coordinates":[[[[12.7171,55.4996],[12.8789,55.4806],[12.9406,55.5063],[13.0107,55.5063],[13.0476,55.5152],[13.0533,55.5224],[13.1068,55.5241],[13.1071,55.532],[13.1352,55.5412],[13.1149,55.5565],[13.1474,55.5647],[13.14,55.5719],[13.1518,55.5818],[13.1401,55.5917],[13.1424,55.6043],[13.0684,55.6115],[13.0665,55.6309],[13.061,55.6271],[13.0633,55.6314],[13.052,55.6356],[13.0168,55.6409],[12.9723,55.6798],[12.8762,55.664],[12.8941,55.6436],[12.8802,55.6136],[12.7283,55.5403],[12.7171,55.4996]]]]},"properties":{"kommunkod":"1280","namn":"Malmö","lan":"12","ri_areal_ha":5433.0,"ri_areal_ar":2014,"ri_areal_klass":2}},{"type":"Feature","geometry":{"type":"MultiPolygon","coordinates":[[[[13.1113,55.7094],[13.1119,55.7023],[13.1369,55.7047],[13.1559,55.6978],[13.1703,55.688],[13.1677,55.6814],[13.1795,55.6778],[13.2071,55.6826],[13.2171,55.6762],[13.2348,55.6765],[13.2681,55.6847],[13.2901,55.6769],[13.2897,55.6605],[13.3186,55.6487],[13.3149,55.6394],[13.3515,55.6297],[13.3546,55.6198],[13.342,55.6099],[13.3133,55.6162],[13.2957,55.6028],[13.3228,55.5722],[13.3136,55.5645],[13.3311,55.5625],[13.334,55.5709],[13.3361,55.5643],[13.3483,55.5612],[13.3374,55.5591],[13.3426,55.5568],[13.3409,55.5498],[13.3492,55.5577],[13.3777,55.5585],[13.3815,55.5409],[13.3908,55.5388],[13.4019,55.5252],[13.449,55.5313],[13.4603,55.5254],[13.487,55.5289],[13.4793,55.5341],[13.4852,55.5434],[13.4962,55.544],[13.5083,55.5577],[13.4993,55.5737],[13.5174,55.5754],[13.5246,55.5862],[13.5204,55.5892],[13.5323,55.5935],[13.53,55.6202],[13.5345,55.6259],[13.5466,55.6365],[13.6028,55.6314],[13.6175,55.6629],[13.5913,55.6832],[13.5259,55.7058],[13.4987,55.7217],[13.4667,55.7304],[13.443,55.7293],[13.3993,55.7442],[13.3667,55.7431],[13.3312,55.7542],[13.293,55.7491],[13.2873,55.7506],[13.306,55.7681],[13.2924,55.7758],[13.2337,55.7769],[13.1838,55.794],[13.1371,55.7913],[13.1428,55.7806],[13.1352,55.7698],[13.145,55.7692],[13.1345,55.7582],[13.1416,55.7518],[13.1184,55.7473],[13.1232,55.7417],[13.1359,55.7431],[13.137,55.7344],[13.1272,55.7326],[13.1301,55.7195],[13.1113,55.7094]]]]},"properties":{"kommunkod":"1281","namn":"Lund","lan":"12","ri_areal_ha":27865.0,"ri_areal_ar":2014,"ri_areal_klass":4}},{"type":"Feature","geometry":{"type":"MultiPolygon","coordinates":[[[[12.758,55.7799],[12.8539,55.8146],[12.9509,55.8272],[13.0283,55.8219],[13.0306,55.8314],[13.059,55.8412],[13.047,55.8592],[13.0161,55.8628],[12.9726,55.848],[12.9573,55.8618],[12.9645,55.8702],[12.9588,55.8735],[12.9798,55.8786],[12.9815,55.8908],[12.993,55.8892],[12.9953,55.8928],[12.9834,55.896],[12.9976,55.8963],[12.9982,55.9072],[12.9787,55.9036],[12.9696,55.9186],[12.9551,55.923],[12.9248,55.9194],[12.9163,55.9255],[12.9196,55.9403],[12.8897,55.957],[12.8881,55.9457],[12.8597,55.9514],[12.8454,55.935],[12.828,55.9373],[12.8255,55.9428],[12.8359,55.9508],[12.8108,55.9631],[12.6929,55.9567],[12.6499,55.9632],[12.6464,55.9258],[12.6777,55.8931],[12.6987,55.8363],[12.758,55.7799]]]]},"properties":{"kommunkod":"1282","namn":"Landskrona","lan":"12","ri_areal_ha":7232.0,"ri_areal_ar":2014,"ri_areal_klass":2}},{"type":"Feature","geometry":{"type":"MultiPolygon","coordinates":[[[[12.9873,55.9799],[12.9558,55.9787],[12.9527,55.9741],[12.9358,55.9819],[12.9106,55.9823],[12.9134,55.9928],[12.9188,55.9923],[12.9118,55.9945],[12.9164,56.0067],[12.8939,56.0159],[12.9286,56.0165],[12.9336,56.0213],[12.9255,56.0232],[12.9132,56.0433],[12.902,56.0438],[12.9174,56.0555],[12.9163,56.0626],[12.9059,56.063],[12.8796,56.0856],[12.8429,56.101],[12.8491,56.1127],[12.8456,56.1207],[12.8367,56.1246],[12.8389,56.1286],[12.8254,56.1266],[12.8171,56.1325],[12.821,56.1381],[12.8058,56.1449],[12.8047,56.1576],[12.7923,56.1676],[12.8226,56.1791],[12.8322,56.1894],[12.8139,56.1951],[12.7978,56.1884],[12.7773,56.1923],[12.7996,56.2088],[12.7856,56.2178],[12.7725,56.2621],[12.7656,56.2153],[12.7432,56.2095],[12.7495,56.1953],[12.7266,56.2012],[12.7345,56.1963],[12.7287,56.1856],[12.7326,56.1817],[12.7157,56.1846],[12.7,56.1795],[12.6977,56.1733],[12.6789,56.1701],[12.6801,56.1467],[12.6526,56.1464],[12.6551,56.1532],[12.6434,56.157],[12.6393,56.1492],[12.5953,56.1422],[12.5396,56.1159],[12.6517,56.0481],[12.6566,56.0231],[12.6499,55.9632],[12.6929,55.9567],[12.8108,55.9631],[12.8359,55.9508],[12.8255,55.9428],[12.828,55.9373],[12.8454,55.935],[12.8597,55.9514],[12.8881,55.9457],[12.8893,55.9572],[12.9169,55.943],[12.9163,55.9255],[12.9315,55.917],[12.952,55.9281],[12.9563,55.9508],[12.9808,55.9572],[12.9873,55.9799]]]]},"properties":{"kommunkod":"1283","namn":"Helsingborg","lan":"12","ri_areal_ha":6983.0,"ri_areal_ar":2014,"ri_areal_klass":2}},{"type":"Feature","geometry":{"type":"MultiPolygon","coordinates":[[[[12.5396,56.1159],[12.5953,56.1422],[12.6393,56.1492],[12.6434,56.157],[12.6551,56.1532],[12.6526,56.1464],[12.6801,56.1467],[12.6789,56.1701],[12.6977,56.1733],[12.7,56.1795],[12.7157,56.1846],[12.7326,56.1817],[12.7287,56.1856],[12.7345,56.1963],[12.7266,56.2012],[12.7495,56.1953],[12.7432,56.2095],[12.7656,56.2153],[12.7725,56.2621],[12.1841,56.4774],[12.1175,56.3832],[12.3259,56.3025],[12.3404,56.2706],[12.3884,56.2402],[12.3652,56.2148],[12.4593,56.1513],[12.5396,56.1159]]]]},"properties":{"kommunkod":"1284","namn":"Höganäs","lan":"12","ri_areal_ha":4898.0,"ri_areal_ar":2014,"ri_areal_klass":2}},{"type":"Feature","geometry":{"type":"MultiPolygon","coordinates":[[[[13.5712,55.6888],[13.5996,55.7144],[13.5901,55.7278],[13.6148,55.7312],[13.5967,55.7386],[13.5641,55.7395],[13.576,55.7448],[13.5679,55.7524],[13.5774,55.7599],[13.5834,55.7813],[13.6172,55.7934],[13.6379,55.7936],[13.6404,55.8002],[13.5926,55.801],[13.5613,55.8078],[13.5583,55.8187],[13.5452,55.8204],[13.5201,55.8114],[13.5262,55.806],[13.5128,55.8063],[13.5096,55.7936],[13.5267,55.7913],[13.5058,55.7779],[13.4889,55.7862],[13.4774,55.7833],[13.4783,55.7935],[13.4618,55.7945],[13.4596,55.806],[13.4487,55.8074],[13.4448,55.8168],[13.4556,55.8194],[13.4448,55.8168],[13.4483,55.8241],[13.4277,55.8194],[13.4249,55.8278],[13.4395,55.8274],[13.4362,55.8577],[13.4432,55.8676],[13.4258,55.8728],[13.4407,55.8743],[13.4253,55.8747],[13.4221,55.8811],[13.4296,55.8829],[13.4282,55.889],[13.4597,55.8971],[13.4423,55.9116],[13.44,55.9228],[13.4029,55.9309],[13.4003,55.9426],[13.3762,55.9364],[13.384,55.9411],[13.3739,55.9493],[13.3888,55.965],[13.3762,55.975],[13.389,55.9914],[13.3808,56.001],[13.336,56.0067],[13.3103,55.9748],[13.2939,55.9717],[13.2908,55.9646],[13.2761,55.9653],[13.2694,55.9465],[13.2985,55.9421],[13.2759,55.9229],[13.2982,55.9032],[13.2898,55.9034],[13.286,55.8921],[13.2508,55.8984],[13.2497,55.9117],[13.2403,55.9169],[13.2013,55.9031],[13.2,55.8954],[13.1874,55.8905],[13.1515,55.9006],[13.1504,55.8953],[13.1274,55.89],[13.1321,55.8749],[13.1174,55.8747],[13.1324,55.8715],[13.135,55.8616],[13.1559,55.8594],[13.1583,55.8461],[13.1477,55.841],[13.1474,55.8291],[13.2112,55.8449],[13.2151,55.8414],[13.2096,55.8277],[13.2195,55.8225],[13.213,55.8103],[13.2187,55.7893],[13.2064,55.786],[13.2434,55.7755],[13.2858,55.7784],[13.306,55.7681],[13.2873,55.7506],[13.3024,55.7477],[13.3312,55.7542],[13.3667,55.7431],[13.4096,55.7422],[13.443,55.7293],[13.4667,55.7304],[13.4987,55.7217],[13.5406,55.7],[13.5651,55.696],[13.5712,55.6888]]]]},"properties":{"kommunkod":"1285","namn":"Eslöv","lan":"12","ri_areal_ha":8430.0,"ri_areal_ar":2014,"ri_areal_klass":2}},{"type":"Feature","geometry":{"type":"MultiPolygon","coordinates":[[[[13.8504,55.5661],[13.8253,55.5753],[13.8123,55.5613],[13.7809,55.5576],[13.7756,55.5506],[13.781,55.542],[13.769,55.5374],[13.7607,55.5342],[13.7562,55.541],[13.7372,55.5315],[13.7094,55.5312],[13.7131,55.5176],[13.6919,55.5097],[13.6863,55.5112],[13.6907,55.5164],[13.6838,55.515],[13.6841,55.5234],[13.6767,55.5215],[13.6809,55.5112],[13.6709,55.5114],[13.6686,55.5266],[13.6792,55.5294],[13.6636,55.5332],[13.6655,55.5268],[13.6574,55.524],[13.6611,55.5166],[13.6507,55.5143],[13.652,55.5091],[13.6433,55.5103],[13.655,55.5055],[13.6456,55.4996],[13.6642,55.5003],[13.66,55.4871],[13.6572,55.4824],[13.6426,55.4834],[13.6426,55.4655],[13.6351,55.4616],[13.6339,55.4526],[13.6195,55.4459],[13.6266,55.4332],[13.6572,55.4233],[13.6589,55.3844],[13.8407,55.2175],[13.9778,55.186],[14.1685,55.1777],[14.3839,55.3522],[14.2139,55.3994],[14.2034,55.4148],[14.1469,55.437],[14.133,55.4511],[14.1291,55.4653],[14.1456,55.4689],[14.139,55.478],[14.1118,55.4795],[14.0868,55.4692],[14.0742,55.48],[14.0352,55.4727],[14.0228,55.4776],[13.9898,55.4668],[13.935,55.4849],[13.9385,55.493],[13.9149,55.4968],[13.9045,55.5048],[13.8957,55.518],[13.8977,55.5268],[13.8804,55.5334],[13.8504,55.5661]]]]},"properties":{"kommunkod":"1286","namn":"Ystad","lan":"12","ri_areal_ha":20857.0,"ri_areal_ar":2014,"ri_areal_klass":4}},{"type":"Feature","geometry":{"type":"MultiPolygon","coordinates":[[[[13.5448,55.1661],[13.5366,55.3239],[13.4803,55.3798],[13.4922,55.3946],[13.4782,55.4028],[13.4746,55.4134],[13.4454,55.4206],[13.4592,55.4325],[13.4545,55.4328],[13.4595,55.439],[13.4521,55.4469],[13.4744,55.4463],[13.4633,55.4694],[13.4714,55.4712],[13.4462,55.4794],[13.4525,55.4819],[13.4457,55.4821],[13.4438,55.4896],[13.4477,55.5105],[13.4359,55.509],[13.4111,55.4817],[13.4033,55.4834],[13.3777,55.4659],[13.3399,55.4753],[13.3211,55.4715],[13.2814,55.4831],[13.2505,55.4689],[13.2412,55.4707],[13.2388,55.4815],[13.2336,55.4778],[13.2379,55.4753],[13.2257,55.4837],[13.201,55.4683],[13.1814,55.468],[13.1765,55.4754],[13.1567,55.472],[13.1359,55.4517],[13.1189,55.451],[13.1059,55.4627],[13.0512,55.4592],[13.0524,55.4312],[13.0654,55.4211],[13.0463,55.4179],[13.043,55.4041],[13.0229,55.4016],[13.0185,55.3973],[13.0257,55.3941],[12.9681,55.3409],[12.9805,55.163],[12.9966,55.1683],[13.0797,55.164],[13.2403,55.1433],[13.3645,55.1371],[13.457,55.145],[13.5448,55.1661]]]]},"properties":{"kommunkod":"1287","namn":"Trelleborg","lan":"12","ri_areal_ha":15724.0,"ri_areal_ar":2014,"ri_areal_klass":3}},{"type":"Feature","geometry":{"type":"MultiPolygon","coordinates":[[[[14.1336,55.7592],[14.1933,55.7666],[14.5953,55.755],[14.5397,55.9827],[14.5097,56.0154],[14.4454,56.0298],[14.4377,56.0233],[14.4242,56.025],[14.4034,56.0353],[14.3806,56.037],[14.3856,56.0533],[14.4033,56.0695],[14.4446,56.0749],[14.4507,56.0935],[14.4459,56.1045],[14.462,56.1102],[14.4755,56.1462],[14.4636,56.149],[14.4376,56.1237],[14.4206,56.14],[14.4209,56.1691],[14.4285,56.1755],[14.4117,56.1974],[14.4343,56.2077],[14.4409,56.229],[14.4271,56.2476],[14.4355,56.2534],[14.4263,56.2599],[14.4308,56.2896],[14.4055,56.2942],[14.4087,56.3042],[14.3477,56.2941],[14.3325,56.2733],[14.2844,56.2473],[14.2647,56.2165],[14.2786,56.2046],[14.2764,56.2005],[14.2579,56.1969],[14.2459,56.174],[14.2172,56.1719],[14.2191,56.1664],[14.2049,56.1591],[14.204,56.1495],[14.1758,56.1541],[14.1686,56.1487],[14.1503,56.1548],[14.148,56.1465],[14.1587,56.1397],[14.142,56.1252],[14.0669,56.1333],[14.0142,56.1564],[13.9979,56.1231],[13.9933,56.0935],[13.9781,56.0857],[13.9702,56.0896],[13.9692,56.0767],[13.9198,56.0393],[13.887,56.0208],[13.8589,56.0268],[13.8556,56.0153],[13.8365,56.0162],[13.8226,56.0301],[13.8107,56.0267],[13.803,56.0115],[13.7742,55.9945],[13.7739,55.9871],[13.7584,55.9743],[13.7798,55.9647],[13.7479,55.9354],[13.7817,55.9086],[13.7691,55.8975],[13.8148,55.8862],[13.8244,55.9021],[13.8592,55.9053],[13.8678,55.9194],[13.8767,55.9219],[13.8947,55.9083],[13.9078,55.9104],[13.9075,55.8999],[13.8869,55.8808],[13.9139,55.8783],[13.9187,55.8653],[13.9046,55.8573],[13.91,55.8513],[13.8831,55.8373],[13.8916,55.8232],[13.9142,55.819],[13.9192,55.8024],[13.9581,55.7974],[13.9508,55.7896],[13.9633,55.781],[13.9614,55.7767],[14.0139,55.7694],[14.011,55.7614],[14.0276,55.7611],[14.0545,55.7688],[14.0542,55.7852],[14.075,55.7837],[14.0945,55.7777],[14.0869,55.7699],[14.0915,55.7641],[14.0873,55.757],[14.1048,55.7563],[14.1116,55.7661],[14.1336,55.7592]]]]},"properties":{"kommunkod":"1290","namn":"Kristianstad","lan":"12","ri_areal_ha":47941.0,"ri_areal_ar":2014,"ri_areal_klass":5}},{"type":"Feature","geometry":{"type":"MultiPolygon","coordinates":[[[[14.0742,55.48],[14.0868,55.4692],[14.1118,55.4795],[14.139,55.478],[14.1456,55.4689],[14.1291,55.4653],[14.133,55.4511],[14.1469,55.437],[14.2034,55.4148],[14.2139,55.3994],[14.3839,55.3522],[14.7017,55.6063],[14.6771,55.645],[14.6275,55.6967],[14.5953,55.755],[14.1933,55.7666],[14.1431,55.7616],[14.1234,55.7532],[14.1063,55.7573],[14.093,55.7498],[14.0997,55.742],[14.1097,55.7488],[14.1151,55.7377],[14.0893,55.7412],[14.089,55.7364],[14.124,55.7329],[14.1405,55.722],[14.1504,55.7227],[14.1053,55.7153],[14.0904,55.6996],[14.0683,55.6887],[14.066,55.683],[14.0773,55.6749],[14.0676,55.6753],[14.0608,55.6618],[14.0697,55.6574],[14.0725,55.6429],[14.0669,55.6364],[14.1321,55.6091],[14.1627,55.6063],[14.1588,55.5973],[14.1671,55.5833],[14.1381,55.5746],[14.1507,55.5547],[14.1301,55.5389],[14.1369,55.5162],[14.0866,55.4978],[14.0742,55.48]]]]},"properties":{"kommunkod":"1291","namn":"Simrishamn","lan":"12","ri_areal_ha":11737.0,"ri_areal_ar":2014,"ri_areal_klass":3}},{"type":"Feature","geometry":{"type":"MultiPolygon","coordinates":[[[[12.649,56.3079],[12.7725,56.2621],[12.7856,56.2178],[12.7996,56.2088],[12.7773,56.1923],[12.7978,56.1884],[12.8139,56.1951],[12.8321,56.1895],[12.8226,56.1791],[12.7922,56.1673],[12.8047,56.1576],[12.8058,56.1449],[12.821,56.1381],[12.8171,56.1325],[12.8268,56.1266],[12.848,56.1289],[12.8544,56.1354],[12.8731,56.1333],[12.8824,56.1421],[12.8966,56.1426],[12.896,56.1365],[12.9407,56.1445],[12.9486,56.149],[12.9487,56.1602],[12.9623,56.1782],[12.9933,56.1797],[13.0152,56.1894],[13.0057,56.1969],[12.9814,56.1994],[12.9931,56.2107],[13.0162,56.2057],[13.0382,56.2124],[13.0656,56.2082],[13.0666,56.2129],[13.0795,56.2127],[13.119,56.2305],[13.1285,56.2394],[13.1224,56.2439],[13.1488,56.2515],[13.1172,56.2585],[13.1465,56.2667],[13.1719,56.2826],[13.1994,56.311],[13.196,56.3241],[13.1879,56.3256],[13.1812,56.3401],[13.1486,56.3529],[12.9921,56.3572],[12.981,56.3583],[12.9744,56.3668],[12.9498,56.3693],[12.9264,56.3628],[12.8828,56.3781],[12.8798,56.3749],[12.8937,56.3675],[12.8906,56.3628],[12.8703,56.3561],[12.8594,56.3362],[12.8387,56.336],[12.8339,56.3221],[12.7841,56.3275],[12.7818,56.3193],[12.7594,56.3219],[12.649,56.3079]]]]},"properties":{"kommunkod":"1292","namn":"Ängelholm","lan":"12","ri_areal_ha":11867.0,"ri_areal_ar":2014,"ri_areal_klass":3}},{"type":"Feature","geometry":{"type":"MultiPolygon","coordinates":[[[[13.418,56.266],[13.4664,56.2105],[13.4513,56.1921],[13.4541,56.1745],[13.4685,56.1641],[13.4614,56.16],[13.4629,56.1421],[13.468,56.1421],[13.4434,56.1318],[13.4464,56.1253],[13.4269,56.1015],[13.449,56.0894],[13.4591,56.0922],[13.489,56.0809],[13.5183,56.0932],[13.5594,56.0859],[13.5687,56.071],[13.5621,56.0616],[13.5854,56.0542],[13.5839,56.0476],[13.6335,56.0389],[13.6408,56.0447],[13.6495,56.0376],[13.6415,56.0308],[13.6642,56.0342],[13.6486,56.0205],[13.6704,56.0037],[13.6517,55.996],[13.6592,55.983],[13.6261,55.9773],[13.6195,55.9574],[13.626,55.954],[13.7113,55.961],[13.7231,55.9494],[13.7497,55.9416],[13.7798,55.9647],[13.7583,55.9741],[13.7619,55.9792],[13.789,56.0062],[13.803,56.0115],[13.8107,56.0267],[13.8229,56.03],[13.8406,56.0155],[13.8556,56.0153],[13.8589,56.0268],[13.887,56.0208],[13.9692,56.0767],[13.9702,56.0896],[13.9781,56.0857],[13.9896,56.0904],[14.0142,56.1564],[14.007,56.1591],[14.0192,56.1653],[14.0143,56.1759],[13.9878,56.1781],[13.9928,56.1866],[13.9759,56.1956],[13.9809,56.2098],[13.9695,56.2368],[13.9859,56.2528],[13.9727,56.2544],[13.9995,56.2642],[14.0044,56.2679],[14.0005,56.2767],[14.0127,56.2795],[14.0002,56.2844],[13.9846,56.2802],[13.9926,56.2939],[13.9915,56.3062],[13.9886,56.3171],[13.9735,56.3254],[13.9339,56.3277],[13.9162,56.3193],[13.9329,56.3482],[13.9345,56.3627],[13.9255,56.3596],[13.9094,56.3674],[13.8966,56.358],[13.8916,56.3607],[13.8918,56.3719],[13.9062,56.3811],[13.8925,56.4008],[13.8852,56.4025],[13.8612,56.3917],[13.8448,56.3894],[13.8434,56.3956],[13.8171,56.382],[13.7912,56.3938],[13.7532,56.3858],[13.7459,56.4023],[13.7162,56.4046],[13.701,56.4245],[13.6023,56.4121],[13.5969,56.4158],[13.5778,56.4061],[13.5791,56.3951],[13.523,56.3765],[13.5267,56.373],[13.5209,56.3746],[13.5087,56.3503],[13.4961,56.3466],[13.5153,56.3072],[13.4973,56.3023],[13.5029,56.2936],[13.493,56.2917],[13.4829,56.3035],[13.4599,56.3072],[13.4447,56.2921],[13.4316,56.2911],[13.4321,56.2777],[13.418,56.266]]]]},"properties":{"kommunkod":"1293","namn":"Hässleholm","lan":"12","ri_areal_ha":6783.0,"ri_areal_ar":2014,"ri_areal_klass":2}},{"type":"Feature","geometry":{"type":"MultiPolygon","coordinates":[[[[13.084,57.0945],[13.0791,57.0989],[13.0628,57.0945],[13.0664,57.0909],[13.058,57.0864],[13.0247,57.0828],[13.0098,57.0506],[13.0168,57.0471],[13.0006,57.0361],[12.9977,57.0423],[12.9719,57.051],[12.9403,57.0466],[12.9439,57.0574],[12.9187,57.0542],[12.9081,57.0428],[12.9142,57.0366],[12.8995,57.0208],[12.8596,57.0226],[12.8454,57.0151],[12.8513,57.0041],[12.8326,57.0012],[12.821,56.9826],[12.8227,56.9749],[12.8386,56.9655],[12.8699,56.969],[12.8691,56.9559],[12.9133,56.9592],[12.9118,56.9434],[12.9354,56.9436],[12.9441,56.9213],[12.9727,56.9238],[12.982,56.916],[13.0029,56.9155],[12.9999,56.8985],[13.0074,56.8954],[12.9997,56.8878],[13.0011,56.8653],[13.0325,56.8538],[13.0345,56.8435],[13.0431,56.8411],[13.0674,56.8442],[13.0876,56.8659],[13.1163,56.8679],[13.1181,56.8844],[13.1258,56.8899],[13.1372,56.8921],[13.172,56.8808],[13.1787,56.8744],[13.1561,56.8398],[13.1631,56.8272],[13.1807,56.826],[13.2021,56.8357],[13.2131,56.8323],[13.24,56.8411],[13.2409,56.8474],[13.2554,56.8469],[13.2619,56.853],[13.2971,56.8309],[13.2982,56.8237],[13.3379,56.8382],[13.3346,56.8442],[13.3399,56.85],[13.3315,56.8619],[13.3346,56.8742],[13.3443,56.8727],[13.3457,56.864],[13.359,56.8573],[13.4051,56.8706],[13.4322,56.869],[13.4437,56.8798],[13.4873,56.8711],[13.5299,56.8913],[13.5387,56.8869],[13.5593,56.8936],[13.5823,56.8901],[13.6182,56.9086],[13.662,56.9135],[13.666,56.9209],[13.6874,56.9268],[13.6889,56.9371],[13.6815,56.9422],[13.6892,56.9462],[13.6936,56.9635],[13.6642,56.9846],[13.6304,56.9862],[13.629,56.994],[13.5955,57.0152],[13.6026,57.024],[13.5855,57.0326],[13.6079,57.042],[13.6023,57.0461],[13.6036,57.0597],[13.5737,57.0628],[13.5688,57.0655],[13.5742,57.07],[13.5329,57.079],[13.5273,57.0874],[13.5054,57.0851],[13.5007,57.0736],[13.4897,57.0855],[13.5008,57.0898],[13.4959,57.0949],[13.4993,57.1065],[13.489,57.1138],[13.4533,57.0965],[13.454,57.1038],[13.4404,57.1103],[13.3872,57.1139],[13.3514,57.1133],[13.3207,57.1024],[13.2893,57.1034],[13.2723,57.0912],[13.2538,57.0893],[13.227,57.0969],[13.2243,57.0938],[13.2334,57.0902],[13.2239,57.0837],[13.2337,57.0791],[13.2009,57.0722],[13.1921,57.0643],[13.1799,57.0668],[13.1619,57.0515],[13.1681,57.0485],[13.1903,57.0584],[13.1964,57.0508],[13.145,57.0376],[13.1223,57.0252],[13.1178,57.0329],[13.1219,57.0358],[13.1133,57.0408],[13.1214,57.0568],[13.0812,57.0836],[13.0896,57.0861],[13.084,57.0945]]]]},"properties":{"kommunkod":"1315","namn":"Hylte","lan":"13","ri_areal_ha":4602.0,"ri_areal_ar":2014,"ri_areal_klass":2}},{"type":"Feature","geometry":{"type":"MultiPolygon","coordinates":[[[[12.7971,56.5522],[12.9448,56.5536],[12.974,56.5424],[13.0097,56.5735],[13.0202,56.5739],[13.0151,56.585],[13.0277,56.5957],[13.1014,56.6145],[13.1299,56.6306],[13.1418,56.6245],[13.1642,56.6343],[13.1641,56.6503],[13.1964,56.6541],[13.1751,56.6668],[13.1743,56.6743],[13.2493,56.6753],[13.3078,56.6855],[13.3159,56.6923],[13.3151,56.7023],[13.3251,56.7076],[13.3171,56.7195],[13.3189,56.7822],[13.3015,56.8092],[13.2971,56.8309],[13.2619,56.853],[13.2131,56.8323],[13.2021,56.8357],[13.1807,56.826],[13.1631,56.8272],[13.1561,56.8398],[13.1787,56.8744],[13.1372,56.8921],[13.1181,56.8844],[13.1163,56.8679],[13.0876,56.8659],[13.0674,56.8442],[13.0345,56.8435],[13.0325,56.8538],[13.0011,56.8653],[12.9997,56.8878],[13.0074,56.8954],[12.9999,56.8985],[13.0029,56.9155],[12.982,56.916],[12.9727,56.9238],[12.9487,56.9198],[12.9421,56.9223],[12.9354,56.9436],[12.9117,56.9433],[12.8951,56.9358],[12.8906,56.9205],[12.871,56.9039],[12.8732,56.8947],[12.8663,56.8885],[12.8719,56.8739],[12.8489,56.8759],[12.8377,56.8725],[12.8509,56.8695],[12.8277,56.8726],[12.7821,56.8604],[12.8407,56.8673],[12.8506,56.8622],[12.8416,56.8558],[12.8132,56.8529],[12.7581,56.8603],[12.7423,56.8508],[12.7437,56.8451],[12.7309,56.8467],[12.7169,56.8376],[12.7187,56.8318],[12.695,56.827],[12.6825,56.8135],[12.6659,56.8147],[12.6524,56.8008],[12.6487,56.8064],[12.6299,56.8031],[12.6431,56.7945],[12.6147,56.778],[12.5632,56.777],[12.2615,56.6783],[12.2988,56.637],[12.2408,56.5572],[12.7971,56.5522]]]]},"properties":{"kommunkod":"1380","namn":"Halmstad","lan":"13","ri_areal_ha":27106.0,"ri_areal_ar":2014,"ri_areal_klass":4}},{"type":"Feature","geometry":{"type":"MultiPolygon","coordinates":[[[[12.9498,56.3693],[12.9744,56.3668],[12.981,56.3583],[12.9921,56.3572],[13.074,56.3518],[13.1358,56.355],[13.1812,56.3401],[13.1879,56.3256],[13.2164,56.3272],[13.2526,56.3494],[13.2515,56.3577],[13.2929,56.3806],[13.3467,56.3905],[13.3856,56.4145],[13.4393,56.4191],[13.4674,56.4318],[13.4629,56.4514],[13.4499,56.4679],[13.4542,56.4975],[13.4648,56.514],[13.44,56.5544],[13.4399,56.5713],[13.4178,56.5776],[13.4025,56.5925],[13.3973,56.6157],[13.3641,56.6651],[13.3283,56.6877],[13.2984,56.6876],[13.2885,56.6791],[13.2493,56.6753],[13.1743,56.6743],[13.1751,56.6668],[13.1964,56.6541],[13.1641,56.6503],[13.1642,56.6343],[13.1418,56.6245],[13.1299,56.6306],[13.1014,56.6145],[13.0277,56.5957],[13.0151,56.585],[13.0202,56.5739],[13.0097,56.5735],[12.974,56.5424],[12.9448,56.5536],[12.7971,56.5522],[12.8955,56.4495],[12.9577,56.44],[12.9524,56.4311],[12.9658,56.4277],[12.9578,56.4134],[12.9686,56.4114],[12.9529,56.3921],[12.968,56.389],[12.9498,56.3693]]]]},"properties":{"kommunkod":"1381","namn":"Laholm","lan":"13","ri_areal_ha":32055.0,"ri_areal_ar":2014,"ri_areal_klass":4}},{"type":"Feature","geometry":{"type":"MultiPolygon","coordinates":[[[[12.2145,56.7328],[12.2615,56.6783],[12.5632,56.777],[12.6147,56.778],[12.6431,56.7945],[12.6299,56.8031],[12.6487,56.8064],[12.6524,56.8008],[12.6659,56.8147],[12.6825,56.8135],[12.695,56.827],[12.7187,56.8318],[12.7169,56.8376],[12.7309,56.8467],[12.7437,56.8451],[12.7423,56.8508],[12.7581,56.8603],[12.8132,56.8529],[12.8416,56.8558],[12.8506,56.8622],[12.8407,56.8673],[12.7821,56.8604],[12.8277,56.8726],[12.8509,56.8695],[12.8377,56.8725],[12.8489,56.8759],[12.8719,56.8739],[12.8663,56.8885],[12.8732,56.8947],[12.871,56.9039],[12.8906,56.9205],[12.8951,56.9358],[12.9162,56.9492],[12.9133,56.9592],[12.8691,56.9559],[12.8699,56.969],[12.8386,56.9655],[12.826,56.9728],[12.821,56.9826],[12.8326,57.0012],[12.8513,57.0041],[12.8454,57.0151],[12.8596,57.0226],[12.8995,57.0208],[12.9142,57.0366],[12.9081,57.0428],[12.9187,57.0542],[12.9367,57.0583],[12.9439,57.0574],[12.9403,57.0466],[12.9719,57.051],[13.0041,57.0372],[13.0168,57.0471],[13.0098,57.0506],[13.0246,57.0828],[13.058,57.0864],[13.0664,57.0909],[13.0628,57.0945],[13.0899,57.1056],[13.0845,57.1126],[13.0991,57.1285],[13.0771,57.1276],[13.1003,57.1456],[13.094,57.1515],[13.0974,57.1579],[13.0782,57.1573],[13.0524,57.1464],[13.0454,57.1555],[13.0209,57.1575],[13.0225,57.1666],[13.039,57.1803],[13.0115,57.1823],[12.9996,57.1773],[12.974,57.1832],[12.9388,57.1732],[12.9208,57.1756],[12.9108,57.184],[12.9203,57.1988],[12.9144,57.2198],[12.9524,57.2391],[12.952,57.2463],[12.9322,57.2501],[12.9274,57.2564],[12.9319,57.2629],[12.9061,57.2704],[12.8608,57.2656],[12.8361,57.2697],[12.8075,57.3011],[12.7791,57.2843],[12.7755,57.2758],[12.7385,57.2667],[12.6743,57.2289],[12.667,57.2334],[12.6562,57.2251],[12.6412,57.2256],[12.6235,57.2095],[12.6241,57.1947],[12.6342,57.1896],[12.6279,57.1855],[12.6388,57.1832],[12.6298,57.1789],[12.6491,57.1659],[12.6143,57.1536],[12.6188,57.1345],[12.5764,57.11],[12.5746,57.0866],[12.5995,57.0665],[12.5707,57.0532],[12.602,57.0415],[12.6094,57.0291],[12.6068,57.0211],[12.5739,57.0151],[12.5505,57.018],[12.5429,57.0013],[12.527,56.9934],[12.5104,56.9971],[12.517,57.001],[12.4867,57.0058],[12.4886,57.0152],[12.483,57.0161],[12.4567,57.013],[12.4534,57.0074],[12.4273,57.0121],[12.3902,56.9948],[12.3562,56.9905],[12.0143,56.9633],[12.2145,56.7328]]]]},"properties":{"kommunkod":"1382","namn":"Falkenberg","lan":"13","ri_areal_ha":26191.0,"ri_areal_ar":2014,"ri_areal_klass":4}},{"type":"Feature","geometry":{"type":"MultiPolygon","coordinates":[[[[12.763,57.273],[12.7445,57.286],[12.7403,57.3009],[12.703,57.3135],[12.7055,57.3235],[12.6924,57.3346],[12.6754,57.33],[12.6679,57.3394],[12.6553,57.3414],[12.6436,57.3299],[12.6225,57.3319],[12.6231,57.344],[12.6092,57.3467],[12.56,57.3303],[12.5588,57.3212],[12.5372,57.3195],[12.5295,57.3027],[12.5046,57.2811],[12.4928,57.2868],[12.4817,57.2791],[12.4619,57.2754],[12.4558,57.2795],[12.4302,57.2694],[12.4211,57.3071],[12.4322,57.315],[12.4246,57.3235],[12.4175,57.3196],[12.3975,57.3287],[12.3854,57.3437],[12.387,57.3515],[12.3383,57.3323],[12.3426,57.3317],[12.3144,57.3093],[12.2745,57.3005],[12.2179,57.3154],[12.2153,57.3224],[12.1453,57.3031],[12.135,57.3214],[12.1063,57.3287],[12.0658,57.3257],[12.0391,57.318],[11.8278,57.2147],[11.7321,57.1434],[12.0143,56.9633],[12.3562,56.9905],[12.3902,56.9948],[12.4273,57.0121],[12.4534,57.0074],[12.4567,57.013],[12.483,57.0161],[12.4886,57.0152],[12.4867,57.0058],[12.517,57.001],[12.5104,56.9971],[12.527,56.9934],[12.5429,57.0013],[12.5505,57.018],[12.5739,57.0151],[12.6091,57.024],[12.602,57.0415],[12.5707,57.0532],[12.5995,57.0665],[12.5746,57.0866],[12.5764,57.11],[12.6188,57.1345],[12.6143,57.1536],[12.6491,57.1659],[12.6298,57.1789],[12.6388,57.1832],[12.6279,57.1855],[12.6342,57.1896],[12.6241,57.1947],[12.6235,57.2095],[12.6412,57.2256],[12.6562,57.2251],[12.667,57.2334],[12.6743,57.2289],[12.7385,57.2667],[12.763,57.273]]]]},"properties":{"kommunkod":"1383","namn":"Varberg","lan":"13","ri_areal_ha":11893.0,"ri_areal_ar":2014,"ri_areal_klass":3}},{"type":"Feature","geometry":{"type":"MultiPolygon","coordinates":[[[[11.7321,57.1434],[11.8278,57.2147],[12.0391,57.318],[12.1063,57.3287],[12.135,57.3214],[12.1453,57.3031],[12.2153,57.3224],[12.2179,57.3154],[12.2754,57.3006],[12.3144,57.3093],[12.3426,57.3317],[12.3383,57.3323],[12.387,57.3515],[12.396,57.3812],[12.4195,57.4007],[12.4051,57.4129],[12.4118,57.4171],[12.4023,57.4362],[12.3765,57.4493],[12.3377,57.4511],[12.3228,57.4608],[12.3445,57.4888],[12.3116,57.521],[12.341,57.5617],[12.2772,57.5975],[12.1754,57.5648],[12.1005,57.5618],[12.0751,57.5509],[12.0472,57.5527],[12.0127,57.5457],[11.9878,57.5651],[11.818,57.5564],[11.7791,57.4997],[11.4536,57.5002],[11.5209,57.453],[11.5858,57.383],[11.6842,57.1731],[11.7321,57.1434]]]]},"properties":{"kommunkod":"1384","namn":"Kungsbacka","lan":"13","ri_areal_ha":11354.0,"ri_areal_ar":2014,"ri_areal_klass":3}},{"type":"Feature","geometry":{"type":"MultiPolygon","coordinates":[[[[12.0567,57.6782],[12.0821,57.659],[12.0671,57.6512],[12.0798,57.6453],[12.075,57.6361],[12.0993,57.6318],[12.1015,57.623],[12.1355,57.6332],[12.1668,57.6343],[12.2247,57.6266],[12.2734,57.6058],[12.3091,57.6114],[12.3091,57.6169],[12.353,57.6355],[12.3762,57.6174],[12.3699,57.6118],[12.4206,57.6181],[12.457,57.5995],[12.4854,57.615],[12.5621,57.6198],[12.5592,57.6336],[12.5445,57.6348],[12.5357,57.6473],[12.5246,57.645],[12.5247,57.6537],[12.5168,57.6553],[12.5312,57.6593],[12.5006,57.6888],[12.5107,57.6986],[12.4798,57.714],[12.485,57.725],[12.458,57.7185],[12.427,57.7316],[12.3823,57.7342],[12.3048,57.7316],[12.3031,57.7241],[12.2919,57.7309],[12.2814,57.7304],[12.2828,57.7236],[12.2572,57.7293],[12.1993,57.7252],[12.1706,57.714],[12.1375,57.6876],[12.1286,57.6913],[12.0567,57.6782]]]]},"properties":{"kommunkod":"1401","namn":"Härryda","lan":"14","ri_areal_ha":5058.0,"ri_areal_ar":2014,"ri_areal_klass":2}},{"type":"Feature","geometry":{"type":"MultiPolygon","coordinates":[[[[12.0887,57.6822],[12.1286,57.6913],[12.1375,57.6876],[12.1706,57.714],[12.2249,57.7276],[12.1851,57.7355],[12.18,57.7506],[12.1946,57.7533],[12.1951,57.7583],[12.1737,57.7759],[12.114,57.7724],[12.0782,57.7618],[12.0807,57.7359],[12.0541,57.7339],[12.0887,57.6822]]]]},"properties":{"kommunkod":"1402","namn":"Partille","lan":"14","ri_areal_ha":2172.0,"ri_areal_ar":2014,"ri_areal_klass":1}},{"type":"Feature","geometry":{"type":"MultiPolygon","coordinates":[[[[11.2315,57.6546],[11.5001,57.6546],[11.6636,57.6474],[11.6961,57.6547],[11.7042,57.6652],[11.6909,57.7025],[11.7316,57.7711],[11.6482,57.7913],[11.6144,57.8085],[11.1582,57.8038],[11.2026,57.6747],[11.2315,57.6546]]]]},"properties":{"kommunkod":"1407","namn":"Öckerö","lan":"14","ri_areal_ha":1116.0,"ri_areal_ar":2014,"ri_areal_klass":1}},{"type":"Feature","geometry":{"type":"MultiPolygon","coordinates":[[[[11.7469,57.9832],[11.737,57.9788],[11.7495,57.9727],[11.7895,57.9715],[11.7899,57.9665],[11.8254,57.9696],[11.8383,57.9602],[11.8929,57.9657],[11.9095,57.9575],[11.9322,57.9629],[11.9582,57.9557],[11.9932,57.9611],[11.9924,57.9882],[12.0112,58.0038],[12.0255,58.0061],[12.0416,58.031],[12.039,58.04],[12.0473,58.0557],[12.034,58.0857],[12.0446,58.0938],[12.036,58.1212],[12.0196,58.121],[11.9948,58.1334],[11.9778,58.1513],[11.8534,58.1603],[11.8366,58.1432],[11.8347,58.1225],[11.8235,58.1147],[11.7866,58.1205],[11.7482,58.1057],[11.7591,58.0919],[11.7577,58.0785],[11.784,58.0652],[11.7805,58.054],[11.7922,58.0487],[11.7855,58.0387],[11.7952,58.0345],[11.7764,58.0081],[11.7469,57.9832]]]]},"properties":{"kommunkod":"1415","namn":"Stenungsund","lan":"14","ri_areal_ha":9724.0,"ri_areal_ar":2014,"ri_areal_klass":2}},{"type":"Feature","geometry":{"type":"MultiPolygon","coordinates":[[[[10.9591,58.0481],[10.9969,57.9804],[11.1188,57.8626],[11.4589,57.863],[11.5345,57.9081],[11.5341,57.9171],[11.6389,57.9185],[11.6941,57.9389],[11.6689,57.9507],[11.7097,57.9585],[11.7215,57.9716],[11.7518,57.9855],[11.7952,58.0345],[11.7855,58.0387],[11.7922,58.0487],[11.7805,58.054],[11.784,58.0652],[11.7577,58.0785],[11.7544,58.1028],[11.7424,58.1059],[11.7154,58.0838],[11.6941,58.099],[11.6738,58.0959],[11.6653,58.1019],[11.6316,58.0909],[11.598,58.0703],[11.5591,58.0842],[11.5488,58.0775],[11.5556,58.0725],[11.5287,58.0591],[11.4612,58.0491],[10.9591,58.0481]]]]},"properties":{"kommunkod":"1419","namn":"Tjörn","lan":"14","ri_areal_ha":5832.0,"ri_areal_ar":2014,"ri_areal_klass":2}},{"type":"Feature","geometry":{"type":"MultiPolygon","coordinates":[[[[11.7482,58.1057],[11.7866,58.1205],[11.8235,58.1147],[11.8347,58.1225],[11.8366,58.1432],[11.856,58.1667],[11.8509,58.2048],[11.8649,58.2069],[11.8678,58.2138],[11.8508,58.2157],[11.8483,58.2351],[11.8312,58.2634],[11.8197,58.268],[11.8229,58.2773],[11.8041,58.2686],[11.7875,58.2697],[11.7772,58.2758],[11.7567,58.3071],[11.747,58.3091],[11.7229,58.3022],[11.7162,58.3088],[11.6939,58.3062],[11.6739,58.2982],[11.6782,58.2899],[11.6691,58.281],[11.6772,58.2693],[11.6689,58.2556],[11.6485,58.2624],[11.5593,58.2272],[11.5419,58.2401],[11.5198,58.2407],[11.4812,58.2298],[11.4796,58.2145],[11.4517,58.1821],[11.4021,58.1925],[11.3526,58.1742],[10.8916,58.176],[10.9591,58.0481],[11.4612,58.0491],[11.5287,58.0591],[11.5556,58.0725],[11.5488,58.0775],[11.5591,58.0842],[11.598,58.0703],[11.6513,58.0998],[11.6941,58.099],[11.7154,58.0838],[11.7482,58.1057]]]]},"properties":{"kommunkod":"1421","namn":"Orust","lan":"14","ri_areal_ha":13014.0,"ri_areal_ar":2014,"ri_areal_klass":3}},{"type":"Feature","geometry":{"type":"MultiPolygon","coordinates":[[[[10.8175,58.2923],[11.3084,58.2929],[11.3539,58.3169],[11.3574,58.358],[11.4282,58.4234],[11.4659,58.4713],[11.4478,58.4822],[11.4569,58.4937],[11.4541,58.4985],[11.4322,58.5002],[11.2955,58.4746],[11.262,58.4657],[11.2361,58.4487],[10.6786,58.4468],[10.8175,58.2923]]]]},"properties":{"kommunkod":"1427","namn":"Sotenäs","lan":"14","ri_areal_ha":5287.0,"ri_areal_ar":2014,"ri_areal_klass":2}},{"type":"Feature","geometry":{"type":"MultiPolygon","coordinates":[[[[11.4374,58.5002],[11.4541,58.4985],[11.4569,58.4937],[11.4478,58.4822],[11.4659,58.4713],[11.478,58.482],[11.51,58.4816],[11.5202,58.496],[11.5448,58.4926],[11.5561,58.4819],[11.568,58.4859],[11.5652,58.4814],[11.5755,58.4807],[11.5718,58.4778],[11.5811,58.4626],[11.5929,58.4037],[11.6193,58.3948],[11.6471,58.4177],[11.6776,58.432],[11.6957,58.4316],[11.7049,58.4185],[11.7635,58.4266],[11.7697,58.4347],[11.7996,58.4452],[11.8407,58.4264],[11.872,58.43],[11.9018,58.4514],[11.8951,58.4648],[11.8752,58.4673],[11.8865,58.4876],[11.86,58.5072],[11.883,58.5075],[11.8843,58.5173],[11.8613,58.5172],[11.8631,58.5244],[11.843,58.5326],[11.8461,58.5528],[11.8548,58.5585],[11.8492,58.5739],[11.8585,58.5822],[11.844,58.6036],[11.9063,58.6401],[11.9133,58.6586],[11.9069,58.6692],[11.9221,58.6759],[11.9175,58.6885],[11.8997,58.7106],[11.8448,58.7266],[11.8474,58.7425],[11.8414,58.754],[11.8211,58.749],[11.799,58.7544],[11.7923,58.7942],[11.7754,58.8102],[11.7561,58.819],[11.7149,58.8147],[11.7109,58.8108],[11.7253,58.8002],[11.7234,58.7713],[11.7185,58.7603],[11.7104,58.7579],[11.707,58.7357],[11.6978,58.7229],[11.701,58.7074],[11.6824,58.6995],[11.6939,58.6965],[11.681,58.6905],[11.6793,58.68],[11.6786,58.6721],[11.6957,58.6543],[11.6714,58.6319],[11.6663,58.6376],[11.6334,58.6371],[11.6225,58.6467],[11.5766,58.6567],[11.5593,58.6673],[11.5418,58.6643],[11.5422,58.6557],[11.5294,58.656],[11.5157,58.6395],[11.5266,58.6198],[11.521,58.6096],[11.4896,58.5862],[11.5,58.5777],[11.4952,58.572],[11.5028,58.564],[11.4986,58.5544],[11.5071,58.5492],[11.4885,58.5375],[11.4524,58.5323],[11.4387,58.5182],[11.4454,58.5046],[11.4374,58.5002]]]]},"properties":{"kommunkod":"1430","namn":"Munkedal","lan":"14","ri_areal_ha":19567.0,"ri_areal_ar":2014,"ri_areal_klass":4}},{"type":"Feature","geometry":{"type":"MultiPolygon","coordinates":[[[[10.6786,58.4468],[11.2361,58.4487],[11.262,58.4657],[11.3374,58.4855],[11.4418,58.5009],[11.4453,58.5065],[11.4387,58.5182],[11.4524,58.5323],[11.4885,58.5375],[11.5071,58.5492],[11.4986,58.5544],[11.5028,58.564],[11.4952,58.572],[11.5,58.5777],[11.4896,58.5862],[11.521,58.6096],[11.5266,58.6198],[11.5157,58.6395],[11.5294,58.656],[11.5422,58.6557],[11.5418,58.6643],[11.5593,58.6673],[11.5766,58.6567],[11.6225,58.6467],[11.6334,58.6371],[11.6663,58.6376],[11.6714,58.6319],[11.6957,58.6543],[11.6786,58.6721],[11.681,58.6905],[11.6939,58.6965],[11.6824,58.6995],[11.701,58.7074],[11.6978,58.7229],[11.7245,58.7817],[11.7253,58.8002],[11.7109,58.8108],[11.7205,58.8273],[11.7028,58.8413],[11.7151,58.8494],[11.7019,58.8638],[11.7075,58.8695],[11.6995,58.8756],[11.6822,58.875],[11.6702,58.8865],[11.6777,58.896],[11.6608,58.9065],[11.6308,58.9087],[11.5906,58.8907],[11.5778,58.8975],[11.5725,58.8878],[11.5513,58.8982],[11.5337,58.8861],[11.5374,58.8774],[11.5177,58.8795],[11.5001,58.8894],[11.4607,58.8897],[11.4555,58.886],[11.4563,58.869],[11.3901,58.8401],[11.3729,58.8405],[11.3797,58.8488],[11.3658,58.8617],[11.3491,58.8643],[11.3317,58.845],[11.2977,58.8526],[11.2864,58.8429],[11.2661,58.8413],[11.2671,58.8363],[11.2323,58.8302],[11.2243,58.8351],[11.2677,58.8461],[11.2607,58.8498],[11.1431,58.811],[11.1047,58.8183],[11.0611,58.7953],[10.6058,58.7974],[10.5935,58.7622],[10.6395,58.5155],[10.6525,58.4814],[10.6786,58.4468]]]]},"properties":{"kommunkod":"1435","namn":"Tanum","lan":"14","ri_areal_ha":32166.0,"ri_areal_ar":2014,"ri_areal_klass":4}},{"type":"Feature","geometry":{"type":"MultiPolygon","coordinates":[[[[11.652,58.9062],[11.6773,58.8965],[11.6702,58.8865],[11.6822,58.875],[11.6995,58.8756],[11.7075,58.8695],[11.7019,58.8638],[11.7151,58.8494],[11.7028,58.8413],[11.7205,58.8273],[11.7149,58.8147],[11.7561,58.819],[11.7754,58.8102],[11.7923,58.7942],[11.7985,58.7551],[11.8211,58.749],[11.8775,58.7726],[11.8601,58.7803],[11.8797,58.7918],[11.9205,58.7896],[11.9419,58.7991],[11.9974,58.795],[12.0014,58.8034],[12.0238,58.8074],[12.0431,58.8294],[12.0596,58.8249],[12.0682,58.8319],[12.0524,58.8346],[12.0569,58.8486],[12.0894,58.8342],[12.1011,58.8612],[12.0838,58.8741],[12.1009,58.9061],[12.0762,58.916],[12.0825,58.917],[12.0878,58.9421],[12.1094,58.9512],[12.1258,58.9454],[12.1263,58.9532],[12.1488,58.9576],[12.1495,58.9701],[12.1411,58.9784],[12.113,58.9774],[12.1052,58.9922],[12.1198,59.0065],[12.0954,59.0197],[12.0986,59.0261],[12.0825,59.0369],[12.0472,59.0333],[12.0111,59.0503],[12.017,59.061],[12.0087,59.0665],[12.0156,59.0733],[11.971,59.0963],[11.9969,59.1197],[11.9705,59.123],[11.9498,59.1542],[11.9106,59.1601],[11.8808,59.1565],[11.8723,59.1695],[11.854,59.1753],[11.854,59.1818],[11.8363,59.191],[11.83,59.2045],[11.8357,59.2358],[11.8262,59.2378],[11.8002,59.225],[11.783,59.2066],[11.7747,59.1707],[11.778,59.136],[11.7636,59.1145],[11.7809,59.0996],[11.7757,59.0869],[11.7105,59.0337],[11.6984,59.0006],[11.6839,58.99],[11.6936,58.9778],[11.6844,58.9744],[11.6893,58.9724],[11.6891,58.9568],[11.6734,58.942],[11.6759,58.9351],[11.6582,58.9318],[11.6616,58.9274],[11.652,58.9062]]]]},"properties":{"kommunkod":"1438","namn":"Dals-Ed","lan":"14","ri_areal_ha":18241.0,"ri_areal_ar":2014,"ri_areal_klass":4}},{"type":"Feature","geometry":{"type":"MultiPolygon","coordinates":[[[[11.8791,58.4359],[11.9144,58.435],[11.9306,58.4451],[11.9762,58.4528],[12.0711,58.439],[12.0802,58.4804],[12.0891,58.4799],[12.0932,58.4985],[12.1174,58.5034],[12.1336,58.6005],[12.1923,58.6529],[12.2248,58.7009],[12.2156,58.706],[12.2121,58.7273],[12.2052,58.7272],[12.1796,58.763],[12.1313,58.7946],[12.1028,58.7982],[12.1008,58.7935],[12.1118,58.7845],[12.0599,58.7867],[12.0562,58.7823],[12.0606,58.7791],[12.0459,58.7722],[12.0411,58.7774],[12.0149,58.7785],[12.0142,58.7852],[12.0031,58.7832],[11.9974,58.795],[11.959,58.7994],[11.9393,58.7987],[11.9205,58.7896],[11.8797,58.7918],[11.8618,58.7826],[11.8796,58.7743],[11.8563,58.768],[11.8419,58.7555],[11.8474,58.7425],[11.8448,58.7266],[11.9021,58.709],[11.9221,58.6759],[11.9069,58.6692],[11.9133,58.6586],[11.9063,58.6401],[11.844,58.6036],[11.8585,58.5822],[11.8492,58.5739],[11.8548,58.5585],[11.8461,58.5528],[11.843,58.5326],[11.8631,58.5244],[11.8613,58.5172],[11.8843,58.5173],[11.883,58.5075],[11.86,58.5072],[11.8865,58.4876],[11.8752,58.4673],[11.8951,58.4648],[11.9018,58.4514],[11.8791,58.4359]],[[12.1217,58.768],[12.11,58.7653],[12.0986,58.7719],[12.1057,58.7775],[12.1217,58.768]]]]},"properties":{"kommunkod":"1439","namn":"Färgelanda","lan":"14","ri_areal_ha":23236.0,"ri_areal_ar":2014,"ri_areal_klass":4}},{"type":"Feature","geometry":{"type":"MultiPolygon","coordinates":[[[[12.4196,58.057],[12.4346,58.0935],[12.4266,58.1089],[12.3927,58.1181],[12.3912,58.1109],[12.3853,58.1113],[12.3755,58.1173],[12.3525,58.1088],[12.3349,58.0845],[12.2549,58.0512],[12.2377,58.0378],[12.2446,58.0344],[12.2317,58.024],[12.1701,58.0164],[12.1608,58.0076],[12.1372,58.0131],[12.1264,57.9983],[12.127,57.9673],[12.0749,57.9414],[12.0082,57.8546],[12.0139,57.8062],[12.0374,57.8264],[12.0484,57.8212],[12.052,57.8266],[12.0437,57.835],[12.1301,57.8647],[12.2997,57.8964],[12.3042,57.9012],[12.3005,57.9046],[12.3064,57.9052],[12.2908,57.9221],[12.2967,57.9244],[12.3125,57.9658],[12.3702,57.9865],[12.3742,57.9927],[12.4133,57.9874],[12.4105,57.9923],[12.4186,58.0023],[12.4132,58.0123],[12.4188,58.0168],[12.4116,58.0237],[12.4196,58.0351],[12.3903,58.0376],[12.3928,58.043],[12.3832,58.0462],[12.3946,58.0531],[12.3928,58.0575],[12.4024,58.0585],[12.398,58.0553],[12.4098,58.0465],[12.4075,58.0418],[12.4192,58.0408],[12.4269,58.0493],[12.4111,58.0565],[12.4196,58.057]]]]},"properties":{"kommunkod":"1440","namn":"Ale","lan":"14","ri_areal_ha":13355.0,"ri_areal_ar":2014,"ri_areal_klass":3}},{"type":"Feature","geometry":{"type":"MultiPolygon","coordinates":[[[[12.1737,57.7759],[12.1951,57.7583],[12.1946,57.7533],[12.18,57.7506],[12.1851,57.7355],[12.2828,57.7236],[12.2814,57.7304],[12.2919,57.7309],[12.3031,57.7241],[12.3048,57.7316],[12.4276,57.7313],[12.433,57.7336],[12.4276,57.7362],[12.4596,57.7491],[12.4577,57.7551],[12.4845,57.7765],[12.4895,57.7894],[12.4807,57.7935],[12.4725,57.7861],[12.4443,57.8054],[12.4482,57.8139],[12.4256,57.8296],[12.4419,57.8446],[12.4335,57.8553],[12.4456,57.8663],[12.4458,57.8847],[12.4426,57.8904],[12.3974,57.8768],[12.3879,57.8956],[12.4054,57.895],[12.3957,57.9058],[12.4121,57.9286],[12.3417,57.9474],[12.3855,57.9712],[12.3698,57.9689],[12.3523,57.9789],[12.3125,57.9658],[12.2967,57.9244],[12.2908,57.9221],[12.3064,57.9052],[12.3005,57.9046],[12.3042,57.9012],[12.2997,57.8964],[12.146,57.8656],[12.1702,57.8557],[12.2047,57.816],[12.2245,57.8109],[12.2416,57.7964],[12.2094,57.7923],[12.1737,57.7759]]]]},"properties":{"kommunkod":"1441","namn":"Lerum","lan":"14","ri_areal_ha":10939.0,"ri_areal_ar":2014,"ri_areal_klass":3}},{"type":"Feature","geometry":{"type":"MultiPolygon","coordinates":[[[[12.7422,57.863],[12.8237,57.8717],[12.8488,57.8888],[12.8518,57.8812],[12.8545,57.8929],[12.8758,57.8957],[12.861,57.9006],[12.8764,57.9232],[12.899,57.9255],[12.9133,57.9339],[12.8964,57.9388],[12.9277,57.937],[12.9251,57.9301],[12.9302,57.9293],[12.944,57.9485],[12.9612,57.9548],[12.9706,57.9664],[12.9742,57.9752],[12.9648,57.9911],[12.9858,58.0099],[12.9566,58.0142],[12.9439,58.0252],[12.9638,58.0375],[12.9302,58.033],[12.9158,58.0407],[12.8687,58.0402],[12.8645,58.0434],[12.8703,58.0595],[12.8381,58.0673],[12.838,58.0766],[12.8623,58.0823],[12.8633,58.0972],[12.9025,58.0933],[12.8972,58.0987],[12.9026,58.0995],[12.9033,58.1117],[12.8412,58.1098],[12.8474,58.1157],[12.833,58.1182],[12.8281,58.1171],[12.8314,58.1074],[12.8243,58.1045],[12.711,58.0968],[12.6995,58.0885],[12.6673,58.0835],[12.5805,58.0472],[12.5578,58.0115],[12.5393,57.9985],[12.5688,57.9723],[12.6144,57.9747],[12.6212,57.9605],[12.6485,57.95],[12.6568,57.9157],[12.6653,57.9089],[12.6588,57.8969],[12.6638,57.8889],[12.6531,57.8816],[12.6627,57.8751],[12.6539,57.8637],[12.6601,57.8564],[12.7422,57.863]]]]},"properties":{"kommunkod":"1442","namn":"Vårgårda","lan":"14","ri_areal_ha":8775.0,"ri_areal_ar":2014,"ri_areal_klass":2}},{"type":"Feature","geometry":{"type":"MultiPolygon","coordinates":[[[[12.4276,57.7313],[12.458,57.7185],[12.4866,57.7242],[12.4798,57.714],[12.5107,57.6986],[12.5006,57.6888],[12.5312,57.6593],[12.5168,57.6553],[12.5247,57.6537],[12.5246,57.645],[12.5357,57.6473],[12.5445,57.6348],[12.5592,57.6336],[12.5621,57.6198],[12.5958,57.6223],[12.6809,57.6622],[12.7628,57.6861],[12.7514,57.6892],[12.7614,57.6986],[12.7166,57.7187],[12.7202,57.7257],[12.7067,57.7232],[12.6977,57.7311],[12.7136,57.7379],[12.7224,57.7755],[12.7363,57.7871],[12.6993,57.8018],[12.7007,57.8082],[12.7073,57.8167],[12.7361,57.8211],[12.7561,57.832],[12.7437,57.8348],[12.7638,57.8444],[12.762,57.8597],[12.7566,57.8654],[12.661,57.857],[12.6394,57.8404],[12.5936,57.8225],[12.6,57.8097],[12.5762,57.7915],[12.5155,57.7619],[12.4845,57.7765],[12.4577,57.7551],[12.4596,57.7491],[12.4276,57.7362],[12.433,57.7336],[12.4276,57.7313]]]]},"properties":{"kommunkod":"1443","namn":"Bollebygd","lan":"14","ri_areal_ha":9160.0,"ri_areal_ar":2014,"ri_areal_klass":2}},{"type":"Feature","geometry":{"type":"MultiPolygon","coordinates":[[[[12.5311,58.2367],[12.5456,58.2359],[12.5779,58.2186],[12.5888,58.2255],[12.5933,58.221],[12.6024,58.2318],[12.6693,58.2515],[12.6801,58.2632],[12.6701,58.2742],[12.6835,58.2749],[12.6812,58.2822],[12.6876,58.2832],[12.6977,58.2843],[12.7009,58.274],[12.7451,58.2676],[12.7527,58.2762],[12.7951,58.2804],[12.79,58.2767],[12.8155,58.2707],[12.8197,58.2813],[12.8312,58.2813],[12.8322,58.2897],[12.8255,58.2948],[12.8319,58.3011],[12.7996,58.3077],[12.7908,58.3497],[12.8175,58.3787],[12.8452,58.3875],[12.8387,58.4091],[12.845,58.4113],[12.8539,58.4347],[12.8394,58.4252],[12.7805,58.4093],[12.7345,58.4126],[12.6939,58.3899],[12.648,58.4066],[12.6461,58.4134],[12.5747,58.3749],[12.5152,58.3763],[12.4475,58.3565],[12.4547,58.3534],[12.4405,58.3431],[12.4441,58.3399],[12.4828,58.3416],[12.4771,58.3355],[12.4663,58.337],[12.4793,58.3064],[12.4939,58.3028],[12.5317,58.3133],[12.5354,58.3052],[12.58,58.2829],[12.5618,58.2712],[12.5311,58.2367]]]]},"properties":{"kommunkod":"1444","namn":"Grästorp","lan":"14","ri_areal_ha":3108.0,"ri_areal_ar":2014,"ri_areal_klass":1}},{"type":"Feature","geometry":{"type":"MultiPolygon","coordinates":[[[[12.5397,58.1973],[12.5777,58.1979],[12.5863,58.1919],[12.6603,58.1843],[12.6731,58.1891],[12.6766,58.1825],[12.6884,58.1811],[12.6879,58.1745],[12.7086,58.1583],[12.6832,58.1287],[12.7086,58.1094],[12.711,58.0968],[12.8222,58.1041],[12.8314,58.1074],[12.8281,58.1171],[12.833,58.1182],[12.8474,58.1157],[12.8412,58.1098],[12.9347,58.1125],[12.9127,58.1212],[12.9228,58.1437],[12.8911,58.1551],[12.896,58.1569],[12.8772,58.1561],[12.8785,58.1706],[12.871,58.1683],[12.8736,58.1648],[12.8598,58.165],[12.8358,58.1783],[12.8676,58.1803],[12.8971,58.1935],[12.8631,58.1997],[12.8439,58.1951],[12.8262,58.2063],[12.8405,58.2054],[12.8201,58.2219],[12.8064,58.2157],[12.7918,58.2188],[12.7894,58.2284],[12.8215,58.2476],[12.8298,58.261],[12.8165,58.2611],[12.8159,58.2704],[12.79,58.2767],[12.7951,58.2804],[12.7527,58.2762],[12.7451,58.2676],[12.7009,58.274],[12.6977,58.2843],[12.6812,58.2822],[12.6835,58.2749],[12.6701,58.2742],[12.6801,58.2632],[12.6693,58.2515],[12.6024,58.2318],[12.5933,58.221],[12.5888,58.2255],[12.5779,58.2186],[12.5456,58.2359],[12.5224,58.2328],[12.5264,58.2299],[12.5215,58.2259],[12.5283,58.2242],[12.5219,58.218],[12.5356,58.2123],[12.5327,58.2072],[12.5397,58.1973]]],[[[12.9874,58.1135],[12.9869,58.1094],[13.0226,58.1118],[13.0238,58.1177],[13.0138,58.118],[13.0192,58.1204],[13.0129,58.1237],[12.9874,58.1135]]]]},"properties":{"kommunkod":"1445","namn":"Essunga","lan":"14","ri_areal_ha":648.0,"ri_areal_ar":2014,"ri_areal_klass":1}},{"type":"Feature","geometry":{"type":"MultiPolygon","coordinates":[[[[14.6912,58.7401],[14.6216,58.7374],[14.6264,58.6943],[14.5368,58.6775],[14.5554,58.7053],[14.546,58.7187],[14.534,58.7127],[14.5272,58.7235],[14.5164,58.7237],[14.5056,58.7136],[14.4768,58.7134],[14.4701,58.7215],[14.4754,58.7365],[14.4705,58.781],[14.4214,58.7947],[14.3872,58.7582],[14.3863,58.7473],[14.3747,58.7329],[14.3634,58.7259],[14.2961,58.7206],[14.2524,58.6983],[14.2609,58.6881],[14.2795,58.6923],[14.2917,58.654],[14.2507,58.6239],[14.2948,58.613],[14.3167,58.6193],[14.3313,58.614],[14.3444,58.5855],[14.3374,58.5433],[14.3543,58.5265],[14.3507,58.523],[14.3658,58.494],[14.3953,58.4918],[14.3781,58.4873],[14.3685,58.4696],[14.3127,58.4389],[14.2917,58.4182],[14.2938,58.4135],[14.3072,58.4104],[14.3048,58.4048],[14.3305,58.4083],[14.332,58.4011],[14.3587,58.4076],[14.3997,58.4057],[14.5425,58.3797],[14.6735,58.5101],[14.7788,58.6462],[14.6989,58.6966],[14.6892,58.7126],[14.6957,58.7211],[14.6912,58.7401]]]]},"properties":{"kommunkod":"1446","namn":"Karlsborg","lan":"14","ri_areal_ha":28620.0,"ri_areal_ar":2014,"ri_areal_klass":4}},{"type":"Feature","geometry":{"type":"MultiPolygon","coordinates":[[[[14.2918,58.9822],[14.2979,59.0122],[14.2649,59.0159],[14.2317,59.0292],[14.2242,59.0455],[14.18,59.0408],[14.142,59.0525],[14.075,59.0502],[14.0382,59.0429],[14.0331,59.0374],[14.0441,59.0286],[13.5888,59.0593],[13.9077,58.9596],[13.9493,58.9346],[13.9409,58.9161],[13.9584,58.8939],[14.027,58.8922],[14.0334,58.8872],[14.0327,58.892],[14.1341,58.8889],[14.1359,58.8575],[14.1431,58.8486],[14.1254,58.8155],[14.1293,58.8132],[14.121,58.812],[14.144,58.7892],[14.1555,58.7926],[14.1706,58.7868],[14.1696,58.7965],[14.2145,58.8028],[14.2081,58.8062],[14.2244,58.8245],[14.2964,58.8227],[14.2967,58.8289],[14.3108,58.8297],[14.3072,58.8379],[14.3508,58.8282],[14.3526,58.8166],[14.3811,58.8024],[14.4214,58.7947],[14.3825,58.8298],[14.3896,58.8458],[14.3695,58.8438],[14.3699,58.8483],[14.36,58.8501],[14.3788,58.8658],[14.399,58.8643],[14.3847,58.8778],[14.395,58.8836],[14.3739,58.8833],[14.3614,58.8981],[14.3374,58.8964],[14.3239,58.9037],[14.3236,58.9217],[14.2852,58.9483],[14.2918,58.9822]]]]},"properties":{"kommunkod":"1447","namn":"Gullspång","lan":"14","ri_areal_ha":5226.0,"ri_areal_ar":2014,"ri_areal_klass":2}},{"type":"Feature","geometry":{"type":"MultiPolygon","coordinates":[[[[13.7242,57.6742],[13.7235,57.6818],[13.7036,57.6788],[13.7073,57.6722],[13.6707,57.6761],[13.617,57.6458],[13.5983,57.6446],[13.5828,57.6459],[13.5845,57.65],[13.5806,57.6461],[13.5766,57.6542],[13.535,57.6732],[13.4913,57.6412],[13.4748,57.6206],[13.4414,57.6108],[13.4226,57.6164],[13.4091,57.6117],[13.3609,57.6284],[13.3434,57.6134],[13.3238,57.6148],[13.3187,57.619],[13.3224,57.6315],[13.3294,57.6343],[13.3135,57.6377],[13.309,57.6677],[13.2918,57.6676],[13.2902,57.6736],[13.2383,57.6592],[13.2211,57.6455],[13.2029,57.6556],[13.1987,57.6511],[13.2045,57.6411],[13.1948,57.6374],[13.2036,57.627],[13.1994,57.6122],[13.1705,57.5927],[13.1751,57.5886],[13.1364,57.5476],[13.1908,57.5337],[13.2147,57.5412],[13.2455,57.5375],[13.2526,57.5419],[13.2595,57.5291],[13.2725,57.5239],[13.275,57.5105],[13.2563,57.5019],[13.26,57.4952],[13.2549,57.4874],[13.2361,57.4859],[13.2471,57.4757],[13.2421,57.4684],[13.2287,57.468],[13.2204,57.463],[13.2273,57.4612],[13.2223,57.453],[13.2017,57.4465],[13.2047,57.4354],[13.234,57.4359],[13.2307,57.4289],[13.2403,57.424],[13.2297,57.4075],[13.213,57.3995],[13.2157,57.3824],[13.2239,57.3766],[13.2602,57.374],[13.2435,57.354],[13.2618,57.3478],[13.2542,57.3349],[13.2627,57.3327],[13.2251,57.3188],[13.226,57.3082],[13.2586,57.2939],[13.2849,57.3083],[13.3687,57.3215],[13.3878,57.341],[13.433,57.349],[13.4363,57.3527],[13.4299,57.3577],[13.4356,57.3691],[13.4684,57.3713],[13.4671,57.377],[13.4819,57.3932],[13.5116,57.3982],[13.5155,57.4102],[13.5043,57.4142],[13.5142,57.4282],[13.5313,57.4305],[13.5832,57.4755],[13.61,57.5121],[13.6688,57.5382],[13.6886,57.5583],[13.6866,57.5764],[13.6716,57.587],[13.6791,57.5952],[13.6689,57.5945],[13.6642,57.615],[13.6712,57.6171],[13.6715,57.6275],[13.6825,57.6258],[13.6856,57.6324],[13.7076,57.6383],[13.7242,57.6742]],[[13.6491,57.6043],[13.6601,57.6061],[13.6493,57.5937],[13.6368,57.5935],[13.6491,57.6043]]]]},"properties":{"kommunkod":"1452","namn":"Tranemo","lan":"14","ri_areal_ha":11930.0,"ri_areal_ar":2014,"ri_areal_klass":3}},{"type":"Feature","geometry":{"type":"MultiPolygon","coordinates":[[[[12.1215,58.767],[12.1057,58.7775],[12.0986,58.7719],[12.11,58.7653],[12.1215,58.767]]],[[[11.9976,58.7952],[12.0031,58.7832],[12.0142,58.7852],[12.0149,58.7785],[12.0411,58.7774],[12.0459,58.7722],[12.0606,58.7791],[12.0562,58.7823],[12.0599,58.7867],[12.1118,58.7845],[12.1008,58.7935],[12.1028,58.7982],[12.1313,58.7946],[12.1796,58.763],[12.1896,58.7495],[12.2185,58.7684],[12.2359,58.7636],[12.2627,58.7773],[12.2591,58.7967],[12.2379,58.8087],[12.2397,58.814],[12.2317,58.819],[12.2334,58.8377],[12.2446,58.8478],[12.2772,58.8541],[12.3186,58.8466],[12.3593,58.8536],[12.3579,58.8397],[12.4028,58.842],[12.3992,58.8524],[12.4328,58.8671],[12.4424,58.8967],[12.451,58.9015],[12.4465,58.9114],[12.4606,58.9177],[12.4462,58.9123],[12.4563,58.9327],[12.443,58.9442],[12.4176,58.9446],[12.4124,58.9533],[12.4179,58.9583],[12.4089,58.9655],[12.4178,58.9735],[12.4084,58.9836],[12.4267,59.0021],[12.4024,59.0055],[12.4117,59.0176],[12.4283,59.0244],[12.4293,59.0303],[12.4125,59.0375],[12.4169,59.0441],[12.4118,59.0522],[12.4305,59.0674],[12.4186,59.0701],[12.4432,59.1033],[12.4459,59.1217],[12.4685,59.1402],[12.458,59.1446],[12.4607,59.1528],[12.4515,59.1578],[12.4151,59.1691],[12.4204,59.1749],[12.4545,59.1737],[12.4625,59.1818],[12.4587,59.1928],[12.4247,59.193],[12.3471,59.1736],[12.3152,59.1887],[12.3127,59.1968],[12.2739,59.1889],[12.2608,59.1945],[12.2549,59.2165],[12.2387,59.2402],[12.2375,59.255],[12.2146,59.2637],[12.2084,59.2572],[12.2119,59.2534],[12.1853,59.25],[12.1234,59.2502],[12.0822,59.2572],[12.0844,59.2254],[12.0937,59.2008],[12.1083,59.1957],[12.0846,59.1764],[12.0325,59.2014],[12.0295,59.212],[12.0135,59.2122],[11.9484,59.2497],[11.9451,59.235],[11.9239,59.2246],[11.8959,59.2238],[11.8357,59.2358],[11.83,59.2045],[11.8363,59.191],[11.854,59.1818],[11.854,59.1753],[11.8723,59.1695],[11.8808,59.1565],[11.9106,59.1601],[11.9498,59.1542],[11.9705,59.123],[11.9969,59.1197],[11.971,59.0963],[12.0156,59.0733],[12.0087,59.0665],[12.017,59.061],[12.0111,59.0503],[12.0472,59.0333],[12.0825,59.0369],[12.0986,59.0261],[12.0954,59.0197],[12.1198,59.0065],[12.1052,58.9922],[12.113,58.9774],[12.1411,58.9784],[12.1495,58.9701],[12.1488,58.9576],[12.1263,58.9532],[12.1258,58.9454],[12.1094,58.9512],[12.0878,58.9421],[12.0825,58.917],[12.0762,58.916],[12.1009,58.9061],[12.0838,58.8741],[12.1011,58.8612],[12.0894,58.8342],[12.0569,58.8486],[12.0524,58.8346],[12.0682,58.8319],[12.0596,58.8249],[12.0431,58.8294],[12.0238,58.8074],[12.0014,58.8034],[11.9976,58.7952]]]]},"properties":{"kommunkod":"1460","namn":"Bengtsfors","lan":"14","ri_areal_ha":41082.0,"ri_areal_ar":2014,"ri_areal_klass":4}},{"type":"Feature","geometry":{"type":"MultiPolygon","coordinates":[[[[12.1896,58.7495],[12.2052,58.7272],[12.2121,58.7273],[12.2156,58.706],[12.2251,58.7023],[12.2151,58.6794],[12.1764,58.6358],[12.3007,58.6089],[12.3536,58.5916],[12.3564,58.5857],[12.3643,58.5887],[12.3764,58.585],[12.3703,58.5827],[12.3741,58.5812],[12.3951,58.5791],[12.3914,58.5745],[12.4321,58.5773],[12.4655,58.5677],[12.4771,58.5615],[12.4714,58.5578],[12.4907,58.5535],[12.5687,58.5045],[12.627,58.538],[12.7427,58.5677],[12.842,58.6752],[12.8718,58.7472],[12.6057,58.785],[12.5627,58.784],[12.5588,58.799],[12.5271,58.8158],[12.5252,58.8238],[12.4915,58.8323],[12.4705,58.8135],[12.4574,58.8485],[12.4356,58.851],[12.4328,58.8671],[12.3992,58.8524],[12.4028,58.842],[12.3579,58.8397],[12.3593,58.8536],[12.3186,58.8466],[12.2772,58.8541],[12.2446,58.8478],[12.2334,58.8377],[12.2317,58.819],[12.2397,58.814],[12.2379,58.8087],[12.2591,58.7967],[12.2627,58.7773],[12.2359,58.7636],[12.2185,58.7684],[12.1896,58.7495]]]]},"properties":{"kommunkod":"1461","namn":"Mellerud","lan":"14","ri_areal_ha":19585.0,"ri_areal_ar":2014,"ri_areal_klass":4}},{"type":"Feature","geometry":{"type":"MultiPolygon","coordinates":[[[[12.4189,58.0389],[12.4075,58.0418],[12.4098,58.0465],[12.398,58.0553],[12.4024,58.0585],[12.3928,58.0575],[12.3946,58.0531],[12.3832,58.0462],[12.3993,58.0357],[12.4189,58.0389]]],[[[12.137,58.3079],[12.0985,58.2924],[12.082,58.2663],[12.0944,58.2605],[12.0927,58.2559],[12.0758,58.2476],[12.074,58.2401],[12.0623,58.2402],[12.0631,58.2336],[12.0423,58.2284],[12.0224,58.2082],[12.0245,58.1966],[12.0099,58.1831],[11.986,58.1747],[11.992,58.1673],[11.983,58.1501],[11.9917,58.135],[12.0196,58.121],[12.036,58.1212],[12.0446,58.0938],[12.034,58.0857],[12.0473,58.0557],[12.039,58.04],[12.0416,58.031],[12.1322,58.0084],[12.1372,58.0131],[12.1608,58.0076],[12.1701,58.0164],[12.2317,58.024],[12.2446,58.0344],[12.2377,58.0378],[12.2549,58.0512],[12.3349,58.0845],[12.3525,58.1088],[12.3755,58.1173],[12.37,58.126],[12.3563,58.126],[12.3237,58.1239],[12.3255,58.1192],[12.2769,58.123],[12.2416,58.1161],[12.1878,58.1348],[12.1796,58.1531],[12.1604,58.1664],[12.1799,58.18],[12.1819,58.1925],[12.1618,58.2034],[12.1461,58.203],[12.1566,58.216],[12.2286,58.2565],[12.22,58.2647],[12.1866,58.2749],[12.1511,58.2682],[12.1355,58.274],[12.156,58.2972],[12.1448,58.3082],[12.137,58.3079]]]]},"properties":{"kommunkod":"1462","namn":"Lilla Edet","lan":"14","ri_areal_ha":10393.0,"ri_areal_ar":2014,"ri_areal_klass":2}},{"type":"Feature","geometry":{"type":"MultiPolygon","coordinates":[[[[12.8075,57.3003],[12.813,57.3216],[12.8469,57.3299],[12.874,57.3497],[12.869,57.3666],[12.8758,57.381],[12.8705,57.3859],[12.8947,57.4063],[12.874,57.4257],[12.8878,57.4416],[12.8912,57.4559],[12.8638,57.4527],[12.8398,57.4602],[12.8417,57.464],[12.88,57.492],[12.8909,57.5127],[12.9012,57.5125],[12.9207,57.5254],[12.9589,57.5749],[12.9208,57.5633],[12.9165,57.5746],[12.878,57.5546],[12.865,57.5577],[12.8538,57.5712],[12.8015,57.5911],[12.7342,57.5598],[12.6812,57.5693],[12.661,57.566],[12.6347,57.5788],[12.634,57.5947],[12.6543,57.6035],[12.6573,57.6237],[12.653,57.6335],[12.6329,57.6417],[12.5958,57.6223],[12.4854,57.615],[12.4601,57.605],[12.4598,57.5996],[12.4206,57.6181],[12.3699,57.6118],[12.3762,57.6174],[12.353,57.6355],[12.3091,57.6169],[12.3091,57.6114],[12.2734,57.6058],[12.2831,57.5914],[12.341,57.5617],[12.3116,57.521],[12.3445,57.4888],[12.3228,57.4608],[12.3377,57.4511],[12.3778,57.4488],[12.4045,57.4342],[12.4118,57.4171],[12.4051,57.4129],[12.4195,57.4007],[12.396,57.3812],[12.3845,57.347],[12.3975,57.3287],[12.4175,57.3196],[12.4246,57.3235],[12.4322,57.315],[12.4211,57.3071],[12.4302,57.2694],[12.4558,57.2795],[12.4619,57.2754],[12.4817,57.2791],[12.4928,57.2868],[12.5046,57.2811],[12.5295,57.3027],[12.5372,57.3195],[12.5588,57.3212],[12.56,57.3303],[12.6047,57.3469],[12.6231,57.344],[12.6225,57.3319],[12.6436,57.3299],[12.6553,57.3414],[12.6679,57.3394],[12.6754,57.33],[12.6924,57.3346],[12.7055,57.3235],[12.703,57.3135],[12.7403,57.3009],[12.7445,57.286],[12.7587,57.2734],[12.7755,57.2758],[12.7791,57.2843],[12.8075,57.3003]]]]},"properties":{"kommunkod":"1463","namn":"Mark","lan":"14","ri_areal_ha":11479.0,"ri_areal_ar":2014,"ri_areal_klass":3}},{"type":"Feature","geometry":{"type":"MultiPolygon","coordinates":[[[[13.1001,57.1455],[13.1169,57.1493],[13.1382,57.1735],[13.1515,57.178],[13.1941,57.2274],[13.1879,57.2366],[13.1993,57.2504],[13.243,57.2597],[13.2619,57.2492],[13.273,57.268],[13.2833,57.2723],[13.2891,57.289],[13.2821,57.3075],[13.2502,57.2939],[13.226,57.3082],[13.2251,57.3188],[13.2627,57.3327],[13.2542,57.3349],[13.2618,57.3478],[13.2435,57.354],[13.2602,57.374],[13.2239,57.3766],[13.2157,57.3824],[13.213,57.3995],[13.2297,57.4075],[13.2403,57.424],[13.2307,57.4289],[13.234,57.4359],[13.2047,57.4354],[13.2018,57.4445],[13.2223,57.453],[13.2273,57.4612],[13.2204,57.463],[13.2287,57.468],[13.2421,57.4684],[13.2471,57.4757],[13.2361,57.4859],[13.2549,57.4874],[13.26,57.4952],[13.2563,57.5019],[13.275,57.5105],[13.2725,57.5239],[13.2595,57.5291],[13.2526,57.5419],[13.2455,57.5375],[13.2147,57.5412],[13.1908,57.5337],[13.1364,57.5476],[13.1751,57.5886],[13.1705,57.5927],[13.1997,57.6129],[13.2036,57.627],[13.1948,57.6374],[13.2045,57.6411],[13.1987,57.6511],[13.209,57.666],[13.1918,57.6696],[13.193,57.6761],[13.1144,57.6668],[13.1079,57.6577],[13.1181,57.6565],[13.1149,57.6475],[13.0872,57.6235],[13.0904,57.6186],[13.0178,57.5973],[13.0226,57.5946],[12.9916,57.5719],[12.9574,57.5674],[12.9207,57.5254],[12.9012,57.5125],[12.8909,57.5127],[12.88,57.492],[12.8398,57.4602],[12.8657,57.4524],[12.8912,57.4559],[12.8878,57.4416],[12.874,57.4287],[12.8799,57.4163],[12.8947,57.4063],[12.8705,57.3859],[12.8758,57.381],[12.869,57.3666],[12.874,57.3497],[12.8469,57.3299],[12.813,57.3216],[12.8075,57.3011],[12.8361,57.2697],[12.8608,57.2656],[12.9061,57.2704],[12.9319,57.2629],[12.9274,57.2564],[12.9322,57.2501],[12.952,57.2463],[12.9524,57.2391],[12.9144,57.2198],[12.9203,57.1988],[12.9108,57.184],[12.9208,57.1756],[12.9388,57.1732],[12.974,57.1832],[12.9996,57.1773],[13.0115,57.1823],[13.039,57.1803],[13.0225,57.1666],[13.0209,57.1575],[13.0454,57.1555],[13.0524,57.1464],[13.0963,57.1591],[13.094,57.1515],[13.1001,57.1455]]]]},"properties":{"kommunkod":"1465","namn":"Svenljunga","lan":"14","ri_areal_ha":12539.0,"ri_areal_ar":2014,"ri_areal_klass":3}},{"type":"Feature","geometry":{"type":"MultiPolygon","coordinates":[[[[13.0069,58.1102],[12.9033,58.1117],[12.9026,58.0995],[12.8972,58.0987],[12.9025,58.0933],[12.8633,58.0972],[12.8623,58.0823],[12.838,58.0766],[12.8381,58.0673],[12.8703,58.0595],[12.8645,58.0434],[12.8687,58.0402],[12.9158,58.0407],[12.9302,58.033],[12.9638,58.0375],[12.9443,58.0232],[12.9854,58.0073],[12.9648,57.9911],[12.9742,57.9752],[12.9706,57.9664],[12.9612,57.9548],[12.944,57.9485],[12.9263,57.9277],[13.0063,57.8956],[13.1059,57.908],[13.1165,57.8986],[13.1166,57.8895],[13.1306,57.8892],[13.1388,57.8971],[13.1612,57.8966],[13.221,57.9106],[13.2341,57.9307],[13.2741,57.9527],[13.3081,57.957],[13.3281,57.9517],[13.3739,58.0021],[13.348,58.0077],[13.3308,58.0039],[13.3296,58.0129],[13.3355,58.0159],[13.3224,58.0234],[13.3206,58.0186],[13.3091,58.0377],[13.3131,58.0514],[13.2957,58.0654],[13.3113,58.083],[13.2868,58.0878],[13.2844,58.083],[13.259,58.0929],[13.2279,58.0887],[13.2193,58.0754],[13.2032,58.0755],[13.2186,58.0825],[13.1991,58.0845],[13.2072,58.0975],[13.1991,58.1],[13.2131,58.1041],[13.2015,58.108],[13.2173,58.1173],[13.2102,58.1215],[13.2143,58.1257],[13.203,58.1294],[13.1421,58.1141],[13.0794,58.1168],[13.0069,58.1102]]]]},"properties":{"kommunkod":"1466","namn":"Herrljunga","lan":"14","ri_areal_ha":2871.0,"ri_areal_ar":2014,"ri_areal_klass":1}},{"type":"Feature","geometry":{"type":"MultiPolygon","coordinates":[[[[12.9731,58.11],[12.9869,58.1094],[12.987,58.1158],[13.0027,58.1161],[13.0038,58.1221],[13.015,58.1239],[13.0192,58.1199],[13.0136,58.1181],[13.0238,58.1177],[13.0226,58.1118],[13.0258,58.1181],[13.0261,58.1119],[13.1421,58.1141],[13.1759,58.121],[13.2114,58.1428],[13.2257,58.1362],[13.2313,58.1474],[13.2273,58.1561],[13.2432,58.1737],[13.2439,58.1895],[13.2832,58.1897],[13.32,58.2037],[13.3157,58.2074],[13.3226,58.2138],[13.346,58.2261],[13.338,58.2315],[13.3698,58.2408],[13.3823,58.2501],[13.3784,58.258],[13.3892,58.2552],[13.4051,58.2765],[13.3676,58.2931],[13.3333,58.2963],[13.3353,58.3008],[13.3083,58.306],[13.2617,58.3034],[13.2485,58.3138],[13.2532,58.3182],[13.2389,58.326],[13.2511,58.3382],[13.2221,58.3492],[13.1714,58.3509],[13.1683,58.3411],[13.1739,58.3363],[13.1676,58.3292],[13.1452,58.3324],[13.1384,58.327],[13.1406,58.3391],[13.1165,58.3442],[13.0988,58.338],[13.0728,58.3453],[13.0571,58.3384],[13.0333,58.3494],[13.0346,58.3428],[13.0282,58.3439],[13.0216,58.3346],[12.9776,58.3155],[12.9487,58.3314],[12.9735,58.3407],[12.9749,58.3483],[12.9668,58.3455],[12.9433,58.3699],[12.9191,58.3798],[12.9211,58.3876],[12.8452,58.3875],[12.8175,58.3787],[12.7908,58.3497],[12.7961,58.338],[12.7921,58.3355],[12.7996,58.3077],[12.8319,58.3011],[12.8255,58.2948],[12.8322,58.2897],[12.8312,58.2813],[12.8197,58.2813],[12.8132,58.2677],[12.8165,58.2611],[12.8298,58.261],[12.8215,58.2476],[12.7894,58.2284],[12.7918,58.2188],[12.8064,58.2157],[12.8201,58.2219],[12.8405,58.2054],[12.8262,58.2063],[12.8439,58.1951],[12.8631,58.1997],[12.8971,58.1935],[12.8676,58.1803],[12.8358,58.1783],[12.8598,58.165],[12.8736,58.1648],[12.871,58.1683],[12.8785,58.1706],[12.8772,58.1561],[12.896,58.1569],[12.8911,58.1551],[12.9228,58.1437],[12.9139,58.1199],[12.9731,58.11]]]]},"properties":{"kommunkod":"1470","namn":"Vara","lan":"14","ri_areal_ha":3799.0,"ri_areal_ar":2014,"ri_areal_klass":1}},{"type":"Feature","geometry":{"type":"MultiPolygon","coordinates":[[[[13.6212,58.4803],[13.6377,58.4964],[13.6421,58.5144],[13.6623,58.5232],[13.6764,58.5449],[13.6665,58.5427],[13.6572,58.5697],[13.6261,58.5754],[13.5902,58.5982],[13.6228,58.6163],[13.6315,58.6138],[13.6228,58.6165],[13.6308,58.6221],[13.6045,58.6228],[13.6123,58.6275],[13.6016,58.6301],[13.6147,58.6323],[13.6106,58.6383],[13.5829,58.6471],[13.605,58.656],[13.6348,58.6912],[13.6281,58.7228],[13.5233,58.7568],[13.4251,58.7459],[13.2719,58.6102],[13.2193,58.5338],[13.2644,58.5048],[13.267,58.4885],[13.2929,58.4871],[13.29,58.4812],[13.3117,58.4765],[13.3032,58.4727],[13.305,58.4565],[13.3397,58.4363],[13.3527,58.4409],[13.3993,58.432],[13.4368,58.4327],[13.4381,58.45],[13.4841,58.4518],[13.4979,58.4594],[13.4931,58.4512],[13.5118,58.4574],[13.5403,58.4555],[13.5489,58.46],[13.5457,58.4628],[13.5661,58.4639],[13.562,58.4683],[13.5677,58.4729],[13.6117,58.4719],[13.6212,58.4803]],[[13.5776,58.5977],[13.5664,58.618],[13.5794,58.6138],[13.576,58.6064],[13.5852,58.6065],[13.5776,58.5977]]]]},"properties":{"kommunkod":"1471","namn":"Götene","lan":"14","ri_areal_ha":12624.0,"ri_areal_ar":2014,"ri_areal_klass":3}},{"type":"Feature","geometry":{"type":"MultiPolygon","coordinates":[[[[14.1384,58.3662],[14.1374,58.3597],[14.1478,58.363],[14.1475,58.3566],[14.157,58.3516],[14.1679,58.3582],[14.189,58.3509],[14.2045,58.3638],[14.261,58.37],[14.265,58.3812],[14.2609,58.383],[14.2669,58.385],[14.2617,58.3937],[14.3012,58.398],[14.3079,58.4093],[14.2917,58.4163],[14.2972,58.4252],[14.3685,58.4696],[14.3781,58.4873],[14.3953,58.4918],[14.3658,58.494],[14.3507,58.523],[14.3543,58.5265],[14.3374,58.5433],[14.3383,58.5608],[14.2497,58.5295],[14.2219,58.5314],[14.2221,58.5235],[14.1759,58.5113],[14.1451,58.5118],[14.1378,58.4892],[14.1238,58.4869],[14.1348,58.4885],[14.1235,58.4778],[14.1286,58.478],[14.121,58.4643],[14.1172,58.4665],[14.1138,58.4521],[14.0748,58.449],[14.06,58.4401],[14.0686,58.4415],[14.0765,58.4335],[14.0659,58.4303],[14.0641,58.4227],[14.0788,58.4219],[14.0826,58.4159],[14.0679,58.4022],[14.1368,58.372],[14.1526,58.376],[14.1384,58.3662]]]]},"properties":{"kommunkod":"1472","namn":"Tibro","lan":"14","ri_areal_ha":4687.0,"ri_areal_ar":2014,"ri_areal_klass":2}},{"type":"Feature","geometry":{"type":"MultiPolygon","coordinates":[[[[14.4214,58.7947],[14.3811,58.8024],[14.3526,58.8166],[14.3508,58.8282],[14.3072,58.8379],[14.3108,58.8297],[14.2967,58.8289],[14.2947,58.8223],[14.2244,58.8245],[14.2081,58.8062],[14.2145,58.8028],[14.1696,58.7965],[14.1706,58.7868],[14.1547,58.7926],[14.15,58.7876],[14.0943,58.7865],[14.0843,58.7811],[14.081,58.7669],[14.0616,58.7762],[14.019,58.7763],[14.0186,58.7628],[14.0492,58.7485],[14.019,58.7139],[14.0034,58.7055],[13.9417,58.7014],[13.9365,58.6939],[13.9213,58.6933],[13.9279,58.6913],[13.9244,58.6842],[13.9696,58.6723],[13.941,58.6235],[13.9036,58.5942],[13.915,58.5922],[13.9186,58.5805],[13.9275,58.5788],[13.9195,58.5749],[13.9288,58.5702],[13.9481,58.5866],[13.9784,58.5857],[13.9902,58.5895],[13.986,58.5933],[14.0109,58.5961],[14.0309,58.5923],[14.0299,58.5836],[14.0453,58.5832],[14.064,58.5616],[14.0615,58.5566],[14.0736,58.5464],[14.0923,58.5089],[14.1699,58.5154],[14.1743,58.5111],[14.2221,58.5235],[14.2219,58.5314],[14.2492,58.5295],[14.2882,58.5397],[14.3383,58.5608],[14.3432,58.5911],[14.337,58.6088],[14.3295,58.6084],[14.3313,58.614],[14.3234,58.6178],[14.2948,58.613],[14.2507,58.6239],[14.2917,58.654],[14.2795,58.6923],[14.2609,58.6881],[14.2524,58.6983],[14.2961,58.7206],[14.3634,58.7259],[14.3747,58.7329],[14.3863,58.7473],[14.3872,58.7582],[14.4214,58.7947]]]]},"properties":{"kommunkod":"1473","namn":"Töreboda","lan":"14","ri_areal_ha":15167.0,"ri_areal_ar":2014,"ri_areal_klass":3}},{"type":"Feature","geometry":{"type":"MultiPolygon","coordinates":[[[[11.2315,57.6546],[11.4536,57.5002],[11.7791,57.4997],[11.818,57.5564],[11.9762,57.5617],[12.0093,57.57],[11.9986,57.5845],[12.0017,57.5995],[11.9631,57.6344],[11.9492,57.6635],[11.9695,57.6709],[11.9696,57.6775],[12.0084,57.6794],[12.0227,57.6732],[12.0887,57.6822],[12.0541,57.7339],[12.0807,57.7359],[12.0782,57.7618],[12.114,57.7724],[12.1737,57.7759],[12.2094,57.7923],[12.2416,57.7964],[12.2245,57.8109],[12.2047,57.816],[12.1702,57.8557],[12.1419,57.866],[12.0437,57.835],[12.052,57.8266],[12.0484,57.8212],[12.0374,57.8264],[12.0139,57.8062],[12.0075,57.8525],[12.0138,57.8608],[11.9714,57.8646],[11.9514,57.8471],[11.9058,57.845],[11.8993,57.8315],[11.8453,57.7958],[11.7316,57.7711],[11.6909,57.7025],[11.7042,57.6652],[11.6961,57.6547],[11.6636,57.6474],[11.5001,57.6546],[11.2315,57.6546]]]]},"properties":{"kommunkod":"1480","namn":"Göteborg","lan":"14","ri_areal_ha":11888.0,"ri_areal_ar":2014,"ri_areal_klass":3}},{"type":"Feature","geometry":{"type":"MultiPolygon","coordinates":[[[[11.9878,57.5651],[12.0127,57.5457],[12.0472,57.5527],[12.0751,57.5509],[12.1005,57.5618],[12.1754,57.5648],[12.2772,57.5975],[12.2709,57.6097],[12.2247,57.6266],[12.1418,57.6341],[12.1005,57.6231],[12.0993,57.6318],[12.075,57.6361],[12.0798,57.6453],[12.0671,57.6512],[12.0821,57.659],[12.0567,57.6782],[12.0227,57.6732],[12.0084,57.6794],[11.9696,57.6775],[11.9695,57.6709],[11.9492,57.6635],[11.9631,57.6344],[12.0017,57.5995],[11.9986,57.5845],[12.0093,57.57],[11.9878,57.5651]]]]},"properties":{"kommunkod":"1481","namn":"Mölndal","lan":"14","ri_areal_ha":2533.0,"ri_areal_ar":2014,"ri_areal_klass":1}},{"type":"Feature","geometry":{"type":"MultiPolygon","coordinates":[[[[11.6894,57.7846],[11.7316,57.7711],[11.8283,57.7918],[11.8487,57.7976],[11.8988,57.8311],[11.9058,57.845],[11.9514,57.8471],[11.9714,57.8646],[12.0138,57.8608],[12.0749,57.9414],[12.127,57.9673],[12.1264,57.9983],[12.1327,58.0106],[12.0416,58.031],[12.0255,58.0061],[12.0112,58.0038],[11.9924,57.9882],[11.9932,57.9611],[11.9713,57.9561],[11.9322,57.9629],[11.9062,57.9579],[11.8929,57.9657],[11.8383,57.9602],[11.8254,57.9696],[11.7899,57.9665],[11.7895,57.9715],[11.7495,57.9727],[11.737,57.9788],[11.7097,57.9585],[11.6689,57.9507],[11.6941,57.9389],[11.6389,57.9185],[11.5341,57.9171],[11.5345,57.9081],[11.4589,57.863],[11.1188,57.8626],[11.1476,57.8346],[11.1582,57.8038],[11.6144,57.8085],[11.6482,57.7913],[11.6894,57.7846]],[[11.9518,57.9567],[11.9543,57.9534],[11.93,57.9541],[11.9518,57.9567]]]]},"properties":{"kommunkod":"1482","namn":"Kungälv","lan":"14","ri_areal_ha":12303.0,"ri_areal_ar":2014,"ri_areal_klass":3}},{"type":"Feature","geometry":{"type":"MultiPolygon","coordinates":[[[[10.8916,58.176],[11.3526,58.1742],[11.4021,58.1925],[11.4517,58.1821],[11.4796,58.2145],[11.4812,58.2298],[11.4951,58.2334],[11.4892,58.2376],[11.5054,58.2608],[11.4726,58.2694],[11.5098,58.2895],[11.6019,58.372],[11.5951,58.3762],[11.5992,58.4005],[11.5929,58.4037],[11.5811,58.4626],[11.5718,58.4778],[11.5755,58.4807],[11.5652,58.4814],[11.5662,58.4863],[11.5561,58.4819],[11.5448,58.4926],[11.5246,58.4961],[11.5118,58.489],[11.51,58.4816],[11.4729,58.4796],[11.4759,58.4766],[11.4611,58.4679],[11.4563,58.4541],[11.4282,58.4234],[11.3574,58.358],[11.3539,58.3169],[11.3084,58.2929],[10.8175,58.2923],[10.8481,58.258],[10.8916,58.176]]]]},"properties":{"kommunkod":"1484","namn":"Lysekil","lan":"14","ri_areal_ha":8194.0,"ri_areal_ar":2014,"ri_areal_klass":2}},{"type":"Feature","geometry":{"type":"MultiPolygon","coordinates":[[[[11.8534,58.1603],[11.9832,58.1499],[11.992,58.1673],[11.986,58.1747],[12.0099,58.1831],[12.0245,58.1966],[12.0224,58.2082],[12.0423,58.2284],[12.0631,58.2336],[12.0623,58.2402],[12.074,58.2401],[12.0758,58.2476],[12.0927,58.2559],[12.0944,58.2605],[12.082,58.2663],[12.0985,58.2924],[12.1184,58.3045],[12.1025,58.313],[12.1223,58.3245],[12.1003,58.351],[12.1158,58.3581],[12.1153,58.3663],[12.1324,58.3683],[12.1551,58.3967],[12.1027,58.4179],[12.0662,58.4419],[11.9762,58.4528],[11.9306,58.4451],[11.9144,58.435],[11.8791,58.4359],[11.8684,58.4286],[11.8407,58.4264],[11.7996,58.4452],[11.7697,58.4347],[11.7635,58.4266],[11.7049,58.4185],[11.6957,58.4316],[11.6776,58.432],[11.6471,58.4177],[11.6193,58.3948],[11.5992,58.4005],[11.5982,58.3672],[11.5098,58.2895],[11.4726,58.2694],[11.505,58.2626],[11.4892,58.2376],[11.4951,58.2334],[11.5419,58.2401],[11.5593,58.2272],[11.6485,58.2624],[11.6689,58.2556],[11.6772,58.2693],[11.6691,58.281],[11.6782,58.2899],[11.6731,58.2944],[11.6783,58.301],[11.7162,58.3088],[11.7229,58.3022],[11.7567,58.3071],[11.7772,58.2758],[11.7875,58.2697],[11.8041,58.2686],[11.8229,58.2773],[11.8197,58.268],[11.8312,58.2634],[11.8483,58.2351],[11.8508,58.2157],[11.8678,58.2138],[11.8649,58.2069],[11.8509,58.2048],[11.8534,58.1603]]]]},"properties":{"kommunkod":"1485","namn":"Uddevalla","lan":"14","ri_areal_ha":15974.0,"ri_areal_ar":2014,"ri_areal_klass":3}},{"type":"Feature","geometry":{"type":"MultiPolygon","coordinates":[[[[10.6058,58.7974],[11.0611,58.7953],[11.1047,58.8183],[11.1431,58.811],[11.2607,58.8498],[11.2677,58.8461],[11.2243,58.8351],[11.2323,58.8302],[11.2671,58.8363],[11.2661,58.8413],[11.2864,58.8429],[11.2977,58.8526],[11.3317,58.845],[11.3491,58.8643],[11.3658,58.8617],[11.3797,58.8488],[11.3729,58.8405],[11.3901,58.8401],[11.4576,58.8711],[11.4563,58.9166],[11.4637,58.9333],[11.4623,58.9731],[11.4539,58.9855],[11.4646,58.9912],[11.4142,59.0397],[11.3684,59.0984],[11.3399,59.115],[11.289,59.0996],[11.1535,59.0793],[11.1171,59.0151],[11.0664,58.9774],[10.9179,58.9423],[10.6389,58.8923],[10.6058,58.7974]]]]},"properties":{"kommunkod":"1486","namn":"Strömstad","lan":"14","ri_areal_ha":16383.0,"ri_areal_ar":2014,"ri_areal_klass":3}},{"type":"Feature","geometry":{"type":"MultiPolygon","coordinates":[[[[12.6649,58.4623],[12.7166,58.4943],[12.7427,58.5677],[12.627,58.538],[12.5687,58.5045],[12.4907,58.5535],[12.4714,58.5578],[12.4771,58.5615],[12.4655,58.5677],[12.4321,58.5773],[12.3914,58.5745],[12.3951,58.5791],[12.3741,58.5812],[12.3703,58.5827],[12.3764,58.585],[12.3643,58.5887],[12.3564,58.5857],[12.3536,58.5916],[12.3007,58.6089],[12.1702,58.6358],[12.1653,58.6236],[12.1336,58.6005],[12.1174,58.5034],[12.0932,58.4985],[12.0891,58.4799],[12.0802,58.4804],[12.0711,58.439],[12.1027,58.4179],[12.1551,58.3967],[12.1324,58.3683],[12.1153,58.3663],[12.1158,58.3581],[12.1003,58.351],[12.1223,58.3245],[12.1039,58.3099],[12.1211,58.3043],[12.1624,58.3167],[12.1941,58.3072],[12.2239,58.3241],[12.2537,58.3304],[12.2772,58.3244],[12.2908,58.3395],[12.2995,58.3406],[12.3083,58.3363],[12.3135,58.3209],[12.3438,58.3199],[12.3481,58.3128],[12.3403,58.3039],[12.3698,58.2952],[12.3762,58.2719],[12.3669,58.2611],[12.3826,58.2565],[12.4179,58.2687],[12.4206,58.2769],[12.4454,58.2895],[12.4981,58.2983],[12.528,58.3125],[12.4939,58.3028],[12.4793,58.3064],[12.4663,58.337],[12.4771,58.3355],[12.4828,58.3416],[12.4441,58.3399],[12.4405,58.3431],[12.4547,58.3534],[12.4475,58.3565],[12.5152,58.3763],[12.5747,58.3749],[12.6559,58.4225],[12.644,58.4491],[12.6649,58.4623]]]]},"properties":{"kommunkod":"1487","namn":"Vänersborg","lan":"14","ri_areal_ha":20900.0,"ri_areal_ar":2014,"ri_areal_klass":4}},{"type":"Feature","geometry":{"type":"MultiPolygon","coordinates":[[[[12.3737,58.1233],[12.3853,58.1113],[12.3912,58.1109],[12.3927,58.1181],[12.4242,58.1104],[12.4338,58.0951],[12.4618,58.1032],[12.4582,58.1109],[12.4651,58.1234],[12.4943,58.1339],[12.499,58.141],[12.4644,58.1447],[12.4738,58.1481],[12.4794,58.1658],[12.5208,58.1632],[12.5222,58.1715],[12.5449,58.1782],[12.5401,58.2024],[12.5327,58.2072],[12.5356,58.2123],[12.5219,58.218],[12.5283,58.2242],[12.5215,58.2259],[12.5264,58.2299],[12.5222,58.2325],[12.58,58.2829],[12.5282,58.313],[12.4981,58.2983],[12.4454,58.2895],[12.4206,58.2769],[12.4179,58.2687],[12.3826,58.2565],[12.3669,58.2611],[12.3762,58.2719],[12.3698,58.2952],[12.3403,58.3039],[12.3481,58.3128],[12.3438,58.3199],[12.3135,58.3209],[12.3083,58.3363],[12.2991,58.3406],[12.2908,58.3395],[12.2772,58.3244],[12.2537,58.3304],[12.2239,58.3241],[12.1948,58.3074],[12.1624,58.3167],[12.1366,58.3091],[12.156,58.2972],[12.1355,58.274],[12.1511,58.2682],[12.1866,58.2749],[12.22,58.2647],[12.2286,58.2565],[12.1566,58.216],[12.1461,58.203],[12.1618,58.2034],[12.1819,58.1925],[12.1799,58.18],[12.1604,58.1664],[12.1796,58.1531],[12.1878,58.1348],[12.2416,58.1161],[12.2769,58.123],[12.3128,58.1189],[12.3262,58.1195],[12.3237,58.1239],[12.3737,58.1233]]]]},"properties":{"kommunkod":"1488","namn":"Trollhättan","lan":"14","ri_areal_ha":5010.0,"ri_areal_ar":2014,"ri_areal_klass":2}},{"type":"Feature","geometry":{"type":"MultiPolygon","coordinates":[[[[12.413,58.0373],[12.4199,58.0328],[12.4116,58.0237],[12.4188,58.0168],[12.4132,58.0123],[12.4186,58.0023],[12.4105,57.9923],[12.4133,57.9874],[12.3742,57.9927],[12.3523,57.9789],[12.3698,57.9689],[12.3855,57.9712],[12.3417,57.9474],[12.4121,57.9286],[12.3957,57.9058],[12.4054,57.895],[12.3879,57.8956],[12.3974,57.8768],[12.4426,57.8904],[12.4456,57.8663],[12.4335,57.8553],[12.4419,57.8446],[12.4256,57.8296],[12.4482,57.8139],[12.4455,57.8044],[12.4727,57.786],[12.4841,57.7938],[12.4895,57.7894],[12.4845,57.7765],[12.4981,57.7665],[12.5182,57.7626],[12.5862,57.7972],[12.6,57.8097],[12.5927,57.8218],[12.5977,57.8253],[12.6583,57.8518],[12.6539,57.8637],[12.6627,57.8751],[12.6531,57.8816],[12.6638,57.8889],[12.6588,57.8969],[12.6653,57.9089],[12.6568,57.9157],[12.6485,57.95],[12.6212,57.9605],[12.6144,57.9747],[12.5688,57.9723],[12.5393,57.9985],[12.5578,58.0115],[12.5805,58.0472],[12.6311,58.0644],[12.6362,58.0732],[12.6995,58.0885],[12.711,58.0968],[12.7086,58.1094],[12.683,58.1296],[12.7086,58.1583],[12.6731,58.1891],[12.6603,58.1843],[12.5863,58.1919],[12.5777,58.1979],[12.5396,58.197],[12.5449,58.1782],[12.5222,58.1715],[12.5208,58.1632],[12.4794,58.1658],[12.4738,58.1481],[12.4644,58.1447],[12.499,58.141],[12.4943,58.1339],[12.4651,58.1234],[12.4582,58.1109],[12.4618,58.1032],[12.4338,58.0951],[12.4181,58.0616],[12.4269,58.0493],[12.413,58.0373]]]]},"properties":{"kommunkod":"1489","namn":"Alingsås","lan":"14","ri_areal_ha":13335.0,"ri_areal_ar":2014,"ri_areal_klass":3}},{"type":"Feature","geometry":{"type":"MultiPolygon","coordinates":[[[[12.931,57.929],[12.9251,57.9301],[12.9277,57.937],[12.8964,57.9388],[12.9133,57.9339],[12.899,57.9255],[12.8815,57.9262],[12.8671,57.914],[12.861,57.9006],[12.8758,57.8957],[12.8545,57.8929],[12.8518,57.8812],[12.8488,57.8888],[12.8237,57.8717],[12.7566,57.8654],[12.7638,57.8444],[12.7437,57.8348],[12.7561,57.832],[12.7361,57.8211],[12.7073,57.8167],[12.6993,57.8018],[12.7363,57.787],[12.7224,57.7755],[12.7136,57.7379],[12.6977,57.7311],[12.7067,57.7232],[12.7202,57.7257],[12.7166,57.7187],[12.7614,57.6986],[12.7514,57.6892],[12.7628,57.6861],[12.6329,57.6417],[12.653,57.6335],[12.6573,57.6237],[12.6543,57.6035],[12.634,57.5947],[12.6356,57.578],[12.661,57.566],[12.6812,57.5693],[12.7342,57.5598],[12.8015,57.5911],[12.8538,57.5712],[12.865,57.5577],[12.8782,57.5546],[12.9165,57.5746],[12.9208,57.5633],[12.9544,57.5749],[12.9589,57.5749],[12.9574,57.5674],[12.9916,57.5719],[13.0226,57.5946],[13.0178,57.5973],[13.0904,57.6186],[13.0872,57.6235],[13.1149,57.6475],[13.1181,57.6565],[13.1079,57.6577],[13.1144,57.6668],[13.193,57.6761],[13.1918,57.6696],[13.2078,57.6678],[13.2,57.6565],[13.212,57.6534],[13.2166,57.6454],[13.2698,57.6704],[13.2902,57.6736],[13.2918,57.6676],[13.309,57.6677],[13.2538,57.7053],[13.2064,57.7129],[13.2369,57.7299],[13.2225,57.7366],[13.2499,57.7485],[13.2439,57.7522],[13.2476,57.7731],[13.2231,57.7803],[13.1779,57.7807],[13.1884,57.7881],[13.1874,57.7941],[13.1366,57.8129],[13.1408,57.8166],[13.1347,57.8194],[13.1327,57.8334],[13.121,57.8421],[13.1277,57.8443],[13.1057,57.8559],[13.1166,57.8916],[13.106,57.908],[13.0132,57.8941],[12.9263,57.9277],[12.931,57.929]]]]},"properties":{"kommunkod":"1490","namn":"Borås","lan":"14","ri_areal_ha":2102.0,"ri_areal_ar":2014,"ri_areal_klass":1}},{"type":"Feature","geometry":{"type":"MultiPolygon","coordinates":[[[[13.1192,57.8901],[13.1057,57.8559],[13.1277,57.8443],[13.121,57.8421],[13.1327,57.8334],[13.1347,57.8194],[13.1408,57.8166],[13.1366,57.8129],[13.1874,57.7941],[13.1884,57.7881],[13.1779,57.7807],[13.2231,57.7803],[13.2476,57.7731],[13.2439,57.7522],[13.2499,57.7485],[13.2225,57.7366],[13.2369,57.7299],[13.2064,57.7129],[13.2538,57.7053],[13.3087,57.6679],[13.3135,57.6377],[13.3294,57.6343],[13.3224,57.6315],[13.3187,57.619],[13.3238,57.6148],[13.3434,57.6134],[13.3609,57.6284],[13.4091,57.6117],[13.4226,57.6164],[13.4414,57.6108],[13.4748,57.6206],[13.4913,57.6412],[13.535,57.6732],[13.5766,57.6542],[13.5806,57.6461],[13.5845,57.65],[13.5828,57.6459],[13.5983,57.6446],[13.617,57.6458],[13.6707,57.6761],[13.7073,57.6722],[13.7036,57.6788],[13.7235,57.6818],[13.7225,57.6917],[13.6942,57.7057],[13.7297,57.7184],[13.7163,57.7235],[13.7143,57.7306],[13.7539,57.7734],[13.7472,57.7775],[13.7417,57.8073],[13.7465,57.8116],[13.7376,57.8171],[13.7368,57.8433],[13.7315,57.8453],[13.7422,57.8653],[13.7664,57.8784],[13.7615,57.8934],[13.7919,57.9092],[13.7855,57.926],[13.7712,57.926],[13.7659,57.9377],[13.7564,57.9408],[13.7337,57.9377],[13.729,57.9312],[13.6489,57.9284],[13.6406,57.9185],[13.6184,57.9193],[13.5995,57.9102],[13.5936,57.9191],[13.5871,57.9163],[13.6137,57.9302],[13.6136,57.9391],[13.6089,57.9486],[13.5956,57.9513],[13.5796,57.9742],[13.5942,57.9901],[13.5829,57.9908],[13.5581,58.0071],[13.5466,58.0037],[13.5249,58.0109],[13.4805,57.9833],[13.4883,57.975],[13.4865,57.9673],[13.4628,57.9663],[13.4488,57.9584],[13.4413,57.9594],[13.4432,57.9643],[13.4271,57.9826],[13.4172,57.9838],[13.4173,57.9778],[13.357,57.9818],[13.3281,57.9517],[13.3081,57.957],[13.2741,57.9527],[13.2341,57.9307],[13.221,57.9106],[13.1192,57.8901]]]]},"properties":{"kommunkod":"1491","namn":"Ulricehamn","lan":"14","ri_areal_ha":27608.0,"ri_areal_ar":2014,"ri_areal_klass":4}},{"type":"Feature","geometry":{"type":"MultiPolygon","coordinates":[[[[12.8996,58.8143],[12.7701,59.0438],[12.7729,59.058],[12.7632,59.1078],[12.7536,59.1171],[12.7558,59.1279],[12.7504,59.134],[12.7143,59.1508],[12.6954,59.1708],[12.6545,59.1763],[12.6555,59.1861],[12.65,59.186],[12.624,59.1717],[12.6301,59.1643],[12.618,59.1536],[12.6191,59.1418],[12.5889,59.1289],[12.5905,59.1208],[12.5778,59.112],[12.5474,59.1258],[12.5171,59.1308],[12.4934,59.1261],[12.4574,59.1322],[12.4459,59.1217],[12.4432,59.1033],[12.4186,59.0701],[12.4305,59.0674],[12.4118,59.0522],[12.4169,59.0441],[12.4125,59.0375],[12.4293,59.0303],[12.4283,59.0244],[12.4117,59.0176],[12.4024,59.0055],[12.4267,59.0021],[12.4084,58.9836],[12.4178,58.9735],[12.4089,58.9655],[12.4179,58.9583],[12.4124,58.9533],[12.4176,58.9446],[12.443,58.9442],[12.4563,58.9327],[12.4462,58.9123],[12.4606,58.9177],[12.4465,58.9114],[12.451,58.9015],[12.4406,58.893],[12.4327,58.8577],[12.444,58.847],[12.4574,58.8485],[12.4705,58.8135],[12.4978,58.8323],[12.526,58.8235],[12.5271,58.8158],[12.5588,58.799],[12.5627,58.784],[12.6057,58.785],[12.8718,58.7472],[12.8996,58.8143]]]]},"properties":{"kommunkod":"1492","namn":"Åmål","lan":"14","ri_areal_ha":21159.0,"ri_areal_ar":2014,"ri_areal_klass":4}},{"type":"Feature","geometry":{"type":"MultiPolygon","coordinates":[[[[13.5775,58.5979],[13.5852,58.6065],[13.576,58.6064],[13.5794,58.6138],[13.5664,58.618],[13.5775,58.5979]]],[[[13.4242,58.9594],[13.3385,58.8124],[13.4251,58.7459],[13.5233,58.7568],[13.6281,58.7228],[13.6348,58.6912],[13.605,58.656],[13.5829,58.6471],[13.6106,58.6383],[13.6147,58.6323],[13.6016,58.6301],[13.6123,58.6275],[13.6045,58.6228],[13.6308,58.6221],[13.6228,58.6165],[13.6315,58.6138],[13.6228,58.6163],[13.5902,58.5982],[13.6261,58.5754],[13.6572,58.5697],[13.6665,58.5427],[13.6888,58.5534],[13.716,58.5377],[13.7288,58.5471],[13.7197,58.5533],[13.7349,58.5515],[13.7347,58.5571],[13.7232,58.561],[13.7044,58.5557],[13.7005,58.5617],[13.7267,58.5702],[13.7308,58.5775],[13.773,58.5639],[13.7842,58.5683],[13.7707,58.5689],[13.78,58.5766],[13.7939,58.5749],[13.7929,58.5685],[13.7663,58.5393],[13.7868,58.5314],[13.8041,58.5329],[13.8079,58.5266],[13.874,58.5287],[13.9117,58.5489],[13.9152,58.5605],[13.9288,58.5702],[13.9195,58.5749],[13.9275,58.5788],[13.9186,58.5805],[13.915,58.5922],[13.9036,58.5942],[13.941,58.6235],[13.9696,58.6723],[13.9244,58.6842],[13.9279,58.6913],[13.9213,58.6933],[13.9365,58.6939],[13.9417,58.7014],[14.0034,58.7055],[14.019,58.7139],[14.0492,58.7485],[14.0186,58.7628],[14.019,58.7763],[14.0616,58.7762],[14.081,58.7669],[14.0843,58.7811],[14.0943,58.7865],[14.1415,58.7908],[14.121,58.812],[14.1293,58.8132],[14.1254,58.8155],[14.1431,58.8486],[14.1359,58.8575],[14.1341,58.8889],[14.0327,58.892],[14.0334,58.8872],[14.027,58.8922],[13.9584,58.8939],[13.9409,58.9161],[13.9493,58.9346],[13.9077,58.9596],[13.5888,59.0593],[13.4242,58.9594]],[[13.7694,58.5808],[13.7518,58.5774],[13.7672,58.5873],[13.7694,58.5808]]]]},"properties":{"kommunkod":"1493","namn":"Mariestad","lan":"14","ri_areal_ha":9706.0,"ri_areal_ar":2014,"ri_areal_klass":2}},{"type":"Feature","geometry":{"type":"MultiPolygon","coordinates":[[[[12.6559,58.4225],[12.6461,58.4134],[12.648,58.4066],[12.6939,58.3899],[12.7345,58.4126],[12.7805,58.4093],[12.8394,58.4252],[12.8539,58.4347],[12.845,58.4113],[12.8387,58.4091],[12.8453,58.3872],[12.9211,58.3876],[12.9191,58.3798],[12.9433,58.3699],[12.9668,58.3455],[12.9749,58.3483],[12.9735,58.3407],[12.9487,58.3314],[12.9755,58.3157],[13.0216,58.3346],[13.0282,58.3439],[13.0346,58.3428],[13.0333,58.3494],[13.0571,58.3384],[13.0728,58.3453],[13.1021,58.3378],[13.1165,58.3442],[13.1406,58.3391],[13.1357,58.3277],[13.1452,58.3324],[13.1676,58.3292],[13.1739,58.3363],[13.1683,58.3411],[13.1699,58.3504],[13.1856,58.3544],[13.197,58.3501],[13.209,58.3559],[13.1843,58.3714],[13.1838,58.3877],[13.1718,58.3934],[13.1882,58.3932],[13.2009,58.4062],[13.2138,58.4053],[13.2122,58.4155],[13.237,58.4096],[13.2356,58.4032],[13.2883,58.4035],[13.3306,58.4144],[13.3548,58.4281],[13.3178,58.4372],[13.3279,58.4405],[13.3018,58.4638],[13.3069,58.4697],[13.3032,58.4727],[13.3117,58.4765],[13.29,58.4812],[13.2929,58.4871],[13.267,58.4885],[13.2644,58.5048],[13.2193,58.5338],[13.2719,58.6102],[13.4251,58.7459],[13.2532,58.7253],[13.1795,58.7556],[13.1514,58.7552],[12.8996,58.8143],[12.842,58.6752],[12.7427,58.5677],[12.7166,58.4943],[12.644,58.4491],[12.6559,58.4225]]]]},"properties":{"kommunkod":"1494","namn":"Lidköping","lan":"14","ri_areal_ha":21546.0,"ri_areal_ar":2014,"ri_areal_klass":4}},{"type":"Feature","geometry":{"type":"MultiPolygon","coordinates":[[[[13.3197,58.4483],[13.3279,58.4405],[13.3178,58.4372],[13.3224,58.4342],[13.3548,58.4281],[13.3306,58.4144],[13.2883,58.4035],[13.2356,58.4032],[13.237,58.4096],[13.2122,58.4155],[13.2138,58.4053],[13.2009,58.4062],[13.1882,58.3932],[13.1718,58.3934],[13.1838,58.3877],[13.1843,58.3714],[13.2085,58.3573],[13.197,58.3499],[13.2221,58.3492],[13.2511,58.3382],[13.2389,58.326],[13.2532,58.3182],[13.2485,58.3138],[13.2617,58.3034],[13.3083,58.306],[13.3353,58.3008],[13.3333,58.2963],[13.3676,58.2931],[13.4048,58.276],[13.4408,58.2809],[13.4909,58.2749],[13.5325,58.2918],[13.5451,58.3181],[13.5608,58.3236],[13.5604,58.339],[13.6018,58.3541],[13.6305,58.3476],[13.7229,58.3535],[13.7342,58.3625],[13.6671,58.37],[13.7272,58.3781],[13.7465,58.3898],[13.7346,58.3974],[13.7662,58.4219],[13.7485,58.4264],[13.752,58.4297],[13.7434,58.4364],[13.7518,58.4463],[13.7258,58.4603],[13.649,58.4675],[13.6354,58.472],[13.6402,58.481],[13.6355,58.4831],[13.6141,58.4791],[13.6117,58.4719],[13.5677,58.4729],[13.562,58.4683],[13.5661,58.4639],[13.5457,58.4628],[13.5489,58.46],[13.5403,58.4555],[13.5118,58.4574],[13.4931,58.4512],[13.4979,58.4594],[13.4841,58.4518],[13.4381,58.45],[13.4368,58.4327],[13.3993,58.432],[13.3527,58.4409],[13.3397,58.4363],[13.3197,58.4483]]],[[[13.7859,58.4253],[13.772,58.4383],[13.7728,58.4287],[13.7666,58.4244],[13.7859,58.4253]]]]},"properties":{"kommunkod":"1495","namn":"Skara","lan":"14","ri_areal_ha":14363.0,"ri_areal_ar":2014,"ri_areal_klass":3}},{"type":"Feature","geometry":{"type":"MultiPolygon","coordinates":[[[[13.7401,58.394],[13.7482,58.389],[13.7549,58.393],[13.7401,58.394]]],[[[13.7407,58.401],[13.7346,58.3974],[13.7541,58.3949],[13.758,58.4012],[13.7407,58.401]]],[[[13.7763,58.4203],[13.7629,58.4206],[13.7721,58.4147],[13.7628,58.3945],[13.7568,58.3934],[13.8027,58.3773],[13.7698,58.3674],[13.7732,58.3604],[13.7418,58.3581],[13.7397,58.3484],[13.6933,58.348],[13.6672,58.3335],[13.6641,58.3247],[13.6706,58.3242],[13.6737,58.3159],[13.6563,58.3072],[13.6801,58.3095],[13.7124,58.2976],[13.745,58.3121],[13.7508,58.3078],[13.7804,58.3114],[13.7757,58.3062],[13.7876,58.3109],[13.7853,58.3039],[13.7922,58.3019],[13.805,58.3102],[13.8589,58.3093],[13.8513,58.2854],[13.8553,58.2741],[13.8502,58.271],[13.8917,58.2606],[13.8511,58.2675],[13.8621,58.2534],[13.8704,58.2533],[13.8695,58.2481],[13.9066,58.2469],[13.9405,58.2635],[13.9382,58.2548],[13.954,58.2561],[13.9514,58.2638],[13.9936,58.2852],[14.001,58.2977],[14.0267,58.3059],[14.0245,58.3123],[14.0389,58.318],[14.057,58.3098],[14.086,58.3168],[14.0935,58.3264],[14.0884,58.3283],[14.0912,58.3393],[14.1144,58.3353],[14.1226,58.3455],[14.1145,58.3503],[14.1521,58.375],[14.1368,58.372],[14.0679,58.4022],[14.0826,58.4159],[14.0788,58.4219],[14.0641,58.4227],[14.0659,58.4303],[14.0765,58.4335],[14.0686,58.4415],[14.06,58.4401],[14.0748,58.449],[14.1138,58.4521],[14.1172,58.4665],[14.121,58.4643],[14.1286,58.478],[14.1235,58.4778],[14.1348,58.4885],[14.1238,58.4869],[14.1378,58.4892],[14.1451,58.5118],[14.0923,58.5089],[14.0468,58.582],[14.0299,58.5836],[14.0309,58.5923],[14.0109,58.5961],[13.986,58.5933],[13.9902,58.5895],[13.9784,58.5857],[13.9481,58.5866],[13.9152,58.5605],[13.9117,58.5489],[13.8541,58.5242],[13.822,58.5301],[13.8079,58.5266],[13.8041,58.5329],[13.7868,58.5314],[13.7663,58.5393],[13.7939,58.5749],[13.78,58.5766],[13.7707,58.5689],[13.7842,58.5683],[13.7697,58.5635],[13.7308,58.5775],[13.7267,58.5702],[13.7001,58.5586],[13.7295,58.5605],[13.7349,58.5515],[13.7197,58.5533],[13.7288,58.5471],[13.716,58.5377],[13.6888,58.5534],[13.6623,58.5232],[13.6421,58.5144],[13.6377,58.4964],[13.6211,58.4808],[13.64,58.4818],[13.6354,58.472],[13.6719,58.4622],[13.7258,58.4603],[13.7518,58.4463],[13.7434,58.4364],[13.7751,58.438],[13.7894,58.4219],[13.7763,58.4203]]],[[[13.7702,58.5797],[13.7674,58.5873],[13.7518,58.5774],[13.7702,58.5797]]]]},"properties":{"kommunkod":"1496","namn":"Skövde","lan":"14","ri_areal_ha":23921.0,"ri_areal_ar":2014,"ri_areal_klass":4}},{"type":"Feature","geometry":{"type":"MultiPolygon","coordinates":[[[[14.2352,58.1352],[14.3143,58.1318],[14.4177,58.1911],[14.5204,58.356],[14.5425,58.3797],[14.3997,58.4057],[14.3587,58.4076],[14.3347,58.4009],[14.3305,58.4083],[14.3105,58.407],[14.3012,58.398],[14.2617,58.3937],[14.2669,58.385],[14.2609,58.383],[14.265,58.3812],[14.261,58.37],[14.2045,58.3638],[14.1918,58.3515],[14.1679,58.3582],[14.157,58.3516],[14.1475,58.3566],[14.1478,58.363],[14.1374,58.3597],[14.1371,58.366],[14.1319,58.3644],[14.1305,58.3579],[14.1145,58.3503],[14.1226,58.3455],[14.1144,58.3353],[14.0912,58.3393],[14.0884,58.3283],[14.0935,58.3264],[14.086,58.3168],[14.057,58.3098],[14.0389,58.318],[14.0245,58.3123],[14.0267,58.3059],[14.0182,58.3008],[14.001,58.2977],[13.9826,58.2795],[14.0241,58.2772],[14.0156,58.2668],[14.0267,58.2586],[14.0447,58.2571],[14.0518,58.2638],[14.0774,58.2512],[14.085,58.2561],[14.0876,58.2484],[14.1065,58.2508],[14.1093,58.261],[14.1488,58.2564],[14.1508,58.2446],[14.1383,58.2402],[14.1437,58.2333],[14.123,58.2219],[14.1366,58.2085],[14.1104,58.2013],[14.1209,58.1822],[14.1146,58.1566],[14.1553,58.1303],[14.2352,58.1352]]]]},"properties":{"kommunkod":"1497","namn":"Hjo","lan":"14","ri_areal_ha":7187.0,"ri_areal_ar":2014,"ri_areal_klass":2}},{"type":"Feature","geometry":{"type":"MultiPolygon","coordinates":[[[[13.9598,58.012],[13.993,58.0097],[14.0639,58.0242],[14.0618,58.0283],[14.0695,58.0251],[14.0646,58.0389],[14.1073,58.0637],[14.1163,58.0753],[14.1077,58.0817],[14.122,58.1001],[14.1186,58.1212],[14.1288,58.1463],[14.1146,58.1566],[14.1209,58.1822],[14.1104,58.2013],[14.1366,58.2085],[14.123,58.2219],[14.1437,58.2333],[14.1383,58.2402],[14.1508,58.2446],[14.1488,58.2564],[14.1093,58.261],[14.1065,58.2508],[14.0876,58.2484],[14.085,58.2561],[14.0774,58.2512],[14.0518,58.2638],[14.0447,58.2571],[14.0267,58.2586],[14.0156,58.2668],[14.0241,58.2772],[13.986,58.2799],[13.9514,58.2638],[13.954,58.2561],[13.9382,58.2548],[13.9405,58.2635],[13.9066,58.2469],[13.8695,58.2481],[13.8704,58.2533],[13.8617,58.2539],[13.8172,58.2422],[13.7828,58.2418],[13.7541,58.2296],[13.7527,58.2178],[13.7615,58.2133],[13.755,58.2051],[13.7804,58.2067],[13.7739,58.1862],[13.7465,58.1784],[13.7569,58.1656],[13.7131,58.1441],[13.7637,58.124],[13.7416,58.1074],[13.7636,58.0985],[13.7453,58.0882],[13.7549,58.0849],[13.7496,58.0714],[13.7962,58.0541],[13.7916,58.0477],[13.805,58.0555],[13.8652,58.0412],[13.8689,58.0509],[13.9489,58.0343],[13.9598,58.012]]]]},"properties":{"kommunkod":"1498","namn":"Tidaholm","lan":"14","ri_areal_ha":15976.0,"ri_areal_ar":2014,"ri_areal_klass":3}},{"type":"Feature","geometry":{"type":"MultiPolygon","coordinates":[[[[13.7374,58.3937],[13.7549,58.393],[13.7247,58.3772],[13.6671,58.37],[13.7342,58.3625],[13.7229,58.3535],[13.6305,58.3476],[13.6018,58.3541],[13.5604,58.339],[13.5608,58.3236],[13.5451,58.3181],[13.5325,58.2918],[13.4906,58.2749],[13.4408,58.2809],[13.4048,58.276],[13.3892,58.2552],[13.3784,58.258],[13.3823,58.2501],[13.3698,58.2408],[13.338,58.2315],[13.346,58.2261],[13.3226,58.2138],[13.3157,58.2074],[13.32,58.2037],[13.2832,58.1897],[13.2441,58.1896],[13.2432,58.1737],[13.2273,58.1561],[13.2313,58.1474],[13.2257,58.1362],[13.2114,58.1428],[13.1894,58.1292],[13.2143,58.1257],[13.2102,58.1215],[13.2173,58.1173],[13.2015,58.108],[13.2131,58.1041],[13.2011,58.1026],[13.2072,58.0975],[13.1979,58.0891],[13.1991,58.0845],[13.2186,58.0825],[13.2024,58.0762],[13.2193,58.0754],[13.2279,58.0887],[13.259,58.0929],[13.2844,58.083],[13.2868,58.0878],[13.3113,58.083],[13.2957,58.0654],[13.3131,58.0514],[13.3091,58.0377],[13.3206,58.0186],[13.3224,58.0234],[13.3355,58.0159],[13.3296,58.0129],[13.3308,58.0039],[13.348,58.0077],[13.3739,58.0021],[13.357,57.9818],[13.4173,57.9778],[13.4172,57.9838],[13.4271,57.9826],[13.4432,57.9643],[13.4413,57.9594],[13.4865,57.9673],[13.4883,57.975],[13.4805,57.9833],[13.5158,58.009],[13.5594,58.0067],[13.5829,57.9908],[13.5942,57.9901],[13.5796,57.9742],[13.5956,57.9513],[13.6089,57.9486],[13.6136,57.9391],[13.6137,57.9302],[13.5871,57.9163],[13.5936,57.9191],[13.5995,57.9102],[13.6184,57.9193],[13.6406,57.9185],[13.6489,57.9284],[13.729,57.9312],[13.7125,57.9658],[13.6876,57.9771],[13.7193,57.9761],[13.7276,57.9885],[13.7207,57.9917],[13.7332,57.9982],[13.7488,57.9938],[13.7575,58.0007],[13.7525,58.0085],[13.7737,58.0064],[13.7725,58.0199],[13.7529,58.0253],[13.7718,58.0242],[13.7662,58.036],[13.7732,58.0482],[13.79,58.056],[13.7496,58.0714],[13.7549,58.0849],[13.7453,58.0882],[13.7636,58.0985],[13.7416,58.1074],[13.7637,58.124],[13.7131,58.1441],[13.7569,58.1656],[13.7465,58.1784],[13.7739,58.1862],[13.7804,58.2067],[13.755,58.2051],[13.7615,58.2133],[13.7527,58.2178],[13.7541,58.2296],[13.7828,58.2418],[13.8616,58.2518],[13.8511,58.2675],[13.8917,58.2606],[13.8502,58.271],[13.8553,58.2741],[13.8513,58.2854],[13.8589,58.3093],[13.805,58.3102],[13.7922,58.3019],[13.7853,58.3039],[13.7876,58.3109],[13.7757,58.3062],[13.7804,58.3114],[13.7508,58.3078],[13.745,58.3121],[13.7124,58.2976],[13.6801,58.3095],[13.6563,58.3072],[13.6737,58.3159],[13.6706,58.3242],[13.6641,58.3247],[13.6672,58.3335],[13.6933,58.348],[13.7397,58.3484],[13.7418,58.3581],[13.7732,58.3604],[13.7698,58.3674],[13.8027,58.3773],[13.7568,58.3934],[13.7628,58.3945],[13.7721,58.4147],[13.7633,58.4191],[13.745,58.4048],[13.758,58.4012],[13.7541,58.3949],[13.7374,58.3937]]],[[[13.7721,58.438],[13.7433,58.4339],[13.7526,58.4248],[13.7894,58.4219],[13.767,58.4238],[13.7721,58.438]]]]},"properties":{"kommunkod":"1499","namn":"Falköping","lan":"14","ri_areal_ha":50356.0,"ri_areal_ar":2014,"ri_areal_klass":5}},{"type":"Feature","geometry":{"type":"MultiPolygon","coordinates":[[[[13.0915,59.4975],[13.1034,59.4939],[13.0997,59.4899],[13.1416,59.4882],[13.1268,59.4829],[13.1525,59.4724],[13.1718,59.4772],[13.1864,59.4913],[13.1982,59.4824],[13.2059,59.4922],[13.2209,59.49],[13.2352,59.503],[13.2395,59.5015],[13.2318,59.4967],[13.2439,59.4999],[13.2525,59.486],[13.2752,59.4953],[13.3162,59.4855],[13.338,59.4934],[13.3942,59.4888],[13.4047,59.5187],[13.4315,59.5258],[13.4266,59.5296],[13.4315,59.5405],[13.426,59.5587],[13.4292,59.5713],[13.3926,59.5827],[13.3677,59.6109],[13.373,59.6209],[13.3919,59.6254],[13.3869,59.6325],[13.3671,59.6523],[13.3318,59.666],[13.2196,59.6516],[13.0933,59.6513],[13.0649,59.6595],[13.0451,59.6547],[13.0373,59.6589],[13.0359,59.6487],[13.0452,59.6357],[13.0284,59.6276],[13.043,59.612],[13.0461,59.6039],[13.0411,59.5982],[13.0268,59.5925],[12.9933,59.6084],[12.9278,59.5596],[12.9335,59.5396],[12.9415,59.534],[13.0043,59.5288],[13.037,59.5401],[13.0424,59.5253],[13.0606,59.5188],[13.067,59.5049],[13.0915,59.4975]]]]},"properties":{"kommunkod":"1715","namn":"Kil","lan":"17","ri_areal_ha":1221.0,"ri_areal_ar":2014,"ri_areal_klass":1}},{"type":"Feature","geometry":{"type":"MultiPolygon","coordinates":[[[[12.286,59.5752],[12.3049,59.6073],[12.2918,59.6121],[12.2774,59.6448],[12.3086,59.6488],[12.305,59.6615],[12.3188,59.6759],[12.3234,59.6972],[12.3448,59.7052],[12.3421,59.7157],[12.3286,59.7198],[12.3359,59.7368],[12.3529,59.7454],[12.3539,59.7527],[12.375,59.7562],[12.3742,59.7635],[12.3823,59.7689],[12.3793,59.7798],[12.4202,59.7973],[12.4886,59.8098],[12.4926,59.8171],[12.4585,59.8455],[12.4564,59.862],[12.4245,59.9136],[12.4717,59.929],[12.4579,59.9371],[12.4762,59.9503],[12.4815,59.9801],[12.4704,59.9904],[12.4639,60.0073],[12.4679,60.0093],[12.459,60.0201],[12.4622,60.025],[12.4515,60.0324],[12.4512,60.0398],[12.3957,60.0156],[12.3411,59.9657],[12.231,59.9275],[12.1743,59.8898],[12.1553,59.8867],[12.1261,59.8939],[12.0535,59.8859],[11.9852,59.9007],[11.927,59.8848],[11.9179,59.8731],[11.8848,59.8718],[11.8848,59.856],[11.8398,59.8412],[11.8533,59.8302],[11.8844,59.825],[11.926,59.794],[11.9337,59.7602],[11.923,59.7503],[11.9335,59.7387],[11.9324,59.7304],[11.9543,59.716],[11.9782,59.7178],[11.9524,59.7047],[11.9913,59.6726],[12.0104,59.6763],[12.0156,59.6696],[11.9992,59.6591],[12.0093,59.6514],[12.0035,59.6476],[12.0087,59.639],[12.0195,59.6315],[12.0712,59.6106],[12.1324,59.6061],[12.1844,59.6149],[12.2459,59.6041],[12.2757,59.6058],[12.2737,59.5811],[12.286,59.5752]]]]},"properties":{"kommunkod":"1730","namn":"Eda","lan":"17","ri_areal_ha":167.0,"ri_areal_ar":2014,"ri_areal_klass":1}},{"type":"Feature","geometry":{"type":"MultiPolygon","coordinates":[[[[13.2572,60.1229],[13.1772,60.1687],[13.1655,60.2379],[13.1975,60.2458],[13.2575,60.2121],[13.2621,60.2202],[13.3281,60.2444],[13.3757,60.2508],[13.4087,60.2797],[13.4323,60.2845],[13.4161,60.2909],[13.4783,60.3248],[13.529,60.3821],[13.6217,60.4144],[13.5423,60.4225],[13.4681,60.4594],[13.4282,60.517],[13.3272,60.6071],[13.2758,60.6444],[13.2488,60.6861],[13.1942,60.6848],[13.2008,60.6884],[13.1988,60.696],[13.1595,60.7551],[13.0816,60.8058],[12.6987,60.9981],[12.6702,61.056],[12.6103,61.0465],[12.4476,61.0507],[12.224,61.0131],[12.3328,60.8902],[12.3345,60.8524],[12.3954,60.7339],[12.511,60.6425],[12.5158,60.6002],[12.5819,60.5509],[12.6069,60.5127],[12.6061,60.4059],[12.5453,60.3473],[12.4988,60.3237],[12.5044,60.2812],[12.5419,60.1934],[12.5006,60.0991],[12.5157,60.1279],[12.5566,60.1367],[12.5679,60.1285],[12.5642,60.1209],[12.5847,60.0784],[12.6113,60.0816],[12.6382,60.0955],[12.7067,60.0961],[12.7208,60.1049],[12.7314,60.0983],[12.7499,60.1036],[12.7581,60.0964],[12.8101,60.1092],[12.8417,60.0865],[12.8569,60.0828],[12.9097,60.039],[12.9224,60.042],[12.9388,60.0331],[12.9402,60.0421],[13.0096,60.059],[13.0514,60.0817],[13.0881,60.0518],[13.1344,60.073],[13.183,60.1067],[13.2572,60.1229]]]]},"properties":{"kommunkod":"1737","namn":"Torsby","lan":"17","ri_areal_ha":52265.0,"ri_areal_ar":2014,"ri_areal_klass":5}},{"type":"Feature","geometry":{"type":"MultiPolygon","coordinates":[[[[14.3201,59.3193],[14.3263,59.318],[14.338,59.3326],[14.3551,59.332],[14.363,59.3489],[14.3624,59.3676],[14.3768,59.3686],[14.3785,59.3841],[14.4097,59.4136],[14.4693,59.4397],[14.4415,59.4593],[14.3908,59.5138],[14.4357,59.5422],[14.4757,59.5291],[14.4651,59.5799],[14.426,59.5745],[14.4159,59.5705],[14.4112,59.5591],[14.3924,59.5604],[14.3869,59.5812],[14.3703,59.5844],[14.3611,59.5934],[14.3444,59.5863],[14.2998,59.5976],[14.3066,59.5988],[14.2867,59.6082],[14.271,59.6011],[14.2723,59.589],[14.2353,59.5903],[14.2337,59.5962],[14.2144,59.5942],[14.1735,59.6071],[14.1602,59.6001],[14.1605,59.5924],[14.0625,59.5912],[14.0165,59.5297],[14.0219,59.4988],[14.0062,59.4904],[14.1417,59.4613],[14.1365,59.4508],[14.148,59.4356],[14.1618,59.446],[14.2179,59.4226],[14.227,59.4276],[14.231,59.4422],[14.2462,59.4391],[14.2629,59.4214],[14.2324,59.4041],[14.2119,59.3584],[14.2446,59.3575],[14.2444,59.3499],[14.2651,59.3321],[14.3201,59.3193]]]]},"properties":{"kommunkod":"1760","namn":"Storfors","lan":"17","ri_areal_ha":1099.0,"ri_areal_ar":2014,"ri_areal_klass":1}},{"type":"Feature","geometry":{"type":"MultiPolygon","coordinates":[[[[13.5888,59.0593],[13.7346,59.2546],[13.704,59.3103],[13.6006,59.3569],[13.5955,59.37],[13.5484,59.3557],[13.5219,59.3626],[13.5121,59.3531],[13.4833,59.3564],[13.4668,59.3474],[13.4487,59.3485],[13.3916,59.332],[13.4124,59.3189],[13.4123,59.3093],[13.3645,59.1663],[13.5888,59.0593]]]]},"properties":{"kommunkod":"1761","namn":"Hammarö","lan":"17","ri_areal_ha":1753.0,"ri_areal_ar":2014,"ri_areal_klass":1}},{"type":"Feature","geometry":{"type":"MultiPolygon","coordinates":[[[[13.524,59.7764],[13.5194,59.7732],[13.5314,59.7764],[13.524,59.7764]]],[[[13.6067,59.8074],[13.6299,59.8156],[13.6178,59.8191],[13.6405,59.8744],[13.595,59.8551],[13.5692,59.8516],[13.5503,59.8638],[13.5568,59.8723],[13.5268,59.8764],[13.5156,59.8716],[13.5067,59.8824],[13.4104,59.868],[13.3936,59.8737],[13.3593,59.8566],[13.3704,59.8258],[13.3673,59.8163],[13.3766,59.7673],[13.4131,59.7497],[13.4485,59.7448],[13.4512,59.7642],[13.4649,59.7626],[13.4711,59.7706],[13.4966,59.7658],[13.5637,59.8014],[13.5705,59.7992],[13.595,59.8125],[13.6067,59.8074]]]]},"properties":{"kommunkod":"1762","namn":"Munkfors","lan":"17","ri_areal_ha":332.0,"ri_areal_ar":2014,"ri_areal_klass":1}},{"type":"Feature","geometry":{"type":"MultiPolygon","coordinates":[[[[13.3896,59.7575],[13.3795,59.7646],[13.3813,59.7503],[13.3764,59.7287],[13.3714,59.7275],[13.3856,59.7035],[13.3662,59.6847],[13.3657,59.6617],[13.3439,59.6619],[13.3671,59.6523],[13.3919,59.6254],[13.3724,59.6204],[13.3677,59.6109],[13.3776,59.598],[13.4045,59.576],[13.4292,59.5713],[13.426,59.5587],[13.4315,59.5405],[13.4266,59.5296],[13.4315,59.5258],[13.4047,59.5187],[13.3942,59.4888],[13.419,59.4847],[13.4413,59.5053],[13.4996,59.4773],[13.5473,59.4967],[13.5425,59.524],[13.5493,59.5291],[13.5435,59.535],[13.5581,59.5351],[13.5609,59.5417],[13.5982,59.5562],[13.6153,59.5465],[13.6354,59.5614],[13.6368,59.5688],[13.6175,59.5831],[13.6252,59.6147],[13.5864,59.6497],[13.6153,59.6598],[13.6009,59.6675],[13.5943,59.6799],[13.6572,59.7506],[13.6812,59.757],[13.6865,59.7736],[13.6357,59.7829],[13.6202,59.7795],[13.6293,59.8154],[13.6067,59.8074],[13.595,59.8125],[13.5705,59.7992],[13.5637,59.8014],[13.4966,59.7658],[13.4711,59.7706],[13.4649,59.7626],[13.4512,59.7642],[13.4485,59.7448],[13.3896,59.7575]],[[13.524,59.7764],[13.5314,59.7764],[13.5194,59.7732],[13.524,59.7764]]]]},"properties":{"kommunkod":"1763","namn":"Forshaga","lan":"17","ri_areal_ha":2865.0,"ri_areal_ar":2014,"ri_areal_klass":1}},{"type":"Feature","geometry":{"type":"MultiPolygon","coordinates":[[[[13.1103,59.4881],[13.067,59.5049],[13.0606,59.5188],[13.0424,59.5253],[13.037,59.5401],[13.0043,59.5288],[12.9415,59.534],[12.9335,59.5396],[12.9278,59.5596],[12.9051,59.5567],[12.8964,59.5673],[12.8851,59.5687],[12.878,59.5475],[12.877,59.5079],[12.8305,59.4952],[12.8236,59.476],[12.8404,59.4424],[12.8405,59.4299],[12.8683,59.4317],[12.8913,59.448],[12.9129,59.4465],[12.8936,59.4235],[12.928,59.3994],[12.9071,59.3863],[12.9122,59.3751],[12.9008,59.3722],[12.9022,59.3475],[12.9107,59.3409],[12.9153,59.314],[12.907,59.2799],[12.9201,59.2836],[12.9226,59.2777],[12.9147,59.2728],[12.9201,59.2664],[12.9148,59.2606],[12.9173,59.251],[12.9936,59.237],[13.039,59.2442],[13.0655,59.2361],[13.114,59.2528],[13.1769,59.255],[13.1654,59.3251],[13.1771,59.34],[13.1753,59.3498],[13.1634,59.3517],[13.1604,59.3817],[13.1482,59.3975],[13.1633,59.4701],[13.1103,59.4881]]]]},"properties":{"kommunkod":"1764","namn":"Grums","lan":"17","ri_areal_ha":747.0,"ri_areal_ar":2014,"ri_areal_klass":1}},{"type":"Feature","geometry":{"type":"MultiPolygon","coordinates":[[[[11.8357,59.2358],[11.8959,59.2238],[11.9239,59.2246],[11.9451,59.235],[11.9484,59.2497],[12.0135,59.2122],[12.0295,59.212],[12.0325,59.2014],[12.0846,59.1764],[12.1083,59.1957],[12.0937,59.2008],[12.0844,59.2254],[12.0822,59.2572],[12.1234,59.2502],[12.1853,59.25],[12.2119,59.2534],[12.2084,59.2572],[12.2146,59.2637],[12.2375,59.255],[12.2387,59.2402],[12.2549,59.2165],[12.2608,59.1945],[12.2739,59.1889],[12.3127,59.1968],[12.3152,59.1887],[12.3471,59.1736],[12.4084,59.187],[12.4224,59.1926],[12.4282,59.2225],[12.4445,59.2286],[12.4409,59.2507],[12.4759,59.2492],[12.4741,59.2675],[12.4601,59.2789],[12.4707,59.3005],[12.4581,59.3359],[12.4815,59.3716],[12.45,59.3847],[12.464,59.3837],[12.5126,59.4197],[12.4999,59.4324],[12.4643,59.4307],[12.4097,59.4503],[12.2779,59.4458],[12.2884,59.4683],[12.3111,59.4882],[12.3183,59.5109],[12.312,59.5224],[12.3269,59.5327],[12.3199,59.5527],[12.3233,59.5597],[12.2737,59.581],[12.2757,59.6058],[12.2459,59.6041],[12.1844,59.6149],[12.1232,59.606],[12.0571,59.6153],[12.0087,59.639],[12.0035,59.6476],[12.0093,59.6514],[11.9992,59.6591],[12.0156,59.6696],[12.0104,59.6763],[11.9913,59.6726],[11.9525,59.7046],[11.9782,59.7178],[11.9543,59.716],[11.9377,59.7281],[11.9336,59.7105],[11.937,59.7005],[11.946,59.7005],[11.9399,59.6946],[11.8892,59.6932],[11.8557,59.6483],[11.7789,59.643],[11.7206,59.6255],[11.698,59.6088],[11.6911,59.5895],[11.7286,59.5112],[11.7532,59.4794],[11.7609,59.4286],[11.7741,59.4143],[11.7799,59.3865],[11.8162,59.3447],[11.8298,59.2422],[11.8262,59.2378],[11.8357,59.2358]]]]},"properties":{"kommunkod":"1765","namn":"Årjäng","lan":"17","ri_areal_ha":19759.0,"ri_areal_ar":2014,"ri_areal_klass":4}},{"type":"Feature","geometry":{"type":"MultiPolygon","coordinates":[[[[13.0933,59.6513],[13.2196,59.6516],[13.3318,59.666],[13.3657,59.6617],[13.3662,59.6847],[13.3856,59.7035],[13.3714,59.7275],[13.3764,59.7287],[13.3807,59.7635],[13.3593,59.8566],[13.3764,59.8688],[13.3825,59.8662],[13.3871,59.8923],[13.3832,59.9262],[13.3421,59.9456],[13.3323,59.9875],[13.3182,59.9976],[13.3185,60.0238],[13.3131,60.0335],[13.3005,60.0302],[13.2865,60.0358],[13.2855,60.0786],[13.2572,60.1229],[13.183,60.1067],[13.1344,60.073],[13.0881,60.0518],[13.0514,60.0817],[13.0096,60.059],[12.9402,60.0421],[12.9388,60.0331],[12.9224,60.042],[12.9097,60.039],[12.8569,60.0828],[12.8417,60.0865],[12.8101,60.1092],[12.7581,60.0964],[12.7499,60.1036],[12.7314,60.0983],[12.7208,60.1049],[12.7067,60.0961],[12.6382,60.0955],[12.6113,60.0816],[12.5847,60.0784],[12.6158,60.0258],[12.661,60.0086],[12.7192,59.9967],[12.7508,59.9731],[12.7339,59.9503],[12.7054,59.9423],[12.6882,59.899],[12.7207,59.887],[12.7214,59.8748],[12.8065,59.8513],[12.8787,59.8136],[12.8995,59.7799],[12.9252,59.7566],[12.956,59.7414],[12.9566,59.734],[12.9926,59.7243],[13.0114,59.7038],[13.0649,59.6906],[13.0933,59.6513]]]]},"properties":{"kommunkod":"1766","namn":"Sunne","lan":"17","ri_areal_ha":6941.0,"ri_areal_ar":2014,"ri_areal_klass":2}},{"type":"Feature","geometry":{"type":"MultiPolygon","coordinates":[[[[13.1528,59.473],[13.1633,59.4701],[13.1482,59.3975],[13.1604,59.3817],[13.1634,59.3517],[13.1753,59.3498],[13.1771,59.34],[13.1654,59.3251],[13.1769,59.255],[13.3645,59.1663],[13.4123,59.3093],[13.4124,59.3189],[13.3916,59.332],[13.4487,59.3485],[13.4668,59.3474],[13.4833,59.3564],[13.5121,59.3531],[13.5219,59.3626],[13.5484,59.3557],[13.5955,59.37],[13.6006,59.3569],[13.704,59.3103],[13.7346,59.2546],[13.7919,59.2837],[13.7881,59.3025],[13.7966,59.3048],[13.8161,59.2963],[13.8854,59.3407],[13.8737,59.3501],[13.8694,59.3771],[13.8901,59.3855],[13.9313,59.4236],[13.9607,59.4247],[13.9712,59.4393],[13.9838,59.4377],[14.0063,59.4494],[14.0011,59.4533],[14.009,59.4548],[14.009,59.4648],[14.0165,59.4698],[14.0121,59.4809],[14.0177,59.4879],[14.0066,59.4936],[14.0207,59.4959],[14.0165,59.5297],[14.0305,59.5429],[14.0312,59.5535],[13.9508,59.5877],[13.918,59.645],[13.8257,59.736],[13.8306,59.7536],[13.7804,59.7738],[13.7323,59.7673],[13.6868,59.7725],[13.6812,59.757],[13.6572,59.7506],[13.5943,59.6799],[13.6009,59.6675],[13.6153,59.6598],[13.5864,59.6497],[13.6252,59.6147],[13.6175,59.5831],[13.6368,59.5688],[13.6354,59.5614],[13.6153,59.5465],[13.5982,59.5562],[13.5609,59.5417],[13.5581,59.5351],[13.5435,59.535],[13.5493,59.5291],[13.5425,59.524],[13.5473,59.4967],[13.4996,59.4773],[13.4413,59.5053],[13.419,59.4847],[13.3434,59.4934],[13.3162,59.4855],[13.2752,59.4953],[13.2525,59.486],[13.2439,59.4999],[13.2318,59.4967],[13.2395,59.5015],[13.2352,59.503],[13.2209,59.49],[13.2059,59.4922],[13.1982,59.4824],[13.1864,59.4913],[13.1718,59.4772],[13.1528,59.473]]],[[[13.1265,59.4831],[13.1431,59.487],[13.1103,59.4881],[13.1265,59.4831]]]]},"properties":{"kommunkod":"1780","namn":"Karlstad","lan":"17","ri_areal_ha":19808.0,"ri_areal_ar":2014,"ri_areal_klass":4}},{"type":"Feature","geometry":{"type":"MultiPolygon","coordinates":[[[[13.7346,59.2546],[13.5888,59.0593],[14.0441,59.0286],[14.0331,59.0374],[14.0382,59.0429],[14.142,59.0525],[14.18,59.0408],[14.2242,59.0455],[14.2317,59.0292],[14.2649,59.0159],[14.2979,59.0122],[14.3235,59.0631],[14.3373,59.0732],[14.3383,59.0974],[14.296,59.1271],[14.3014,59.1359],[14.2896,59.1594],[14.2961,59.1963],[14.2892,59.2271],[14.3083,59.2494],[14.3124,59.2796],[14.3064,59.2842],[14.3252,59.3182],[14.2651,59.3321],[14.2444,59.3499],[14.2446,59.3575],[14.2119,59.3584],[14.2324,59.4041],[14.2629,59.4214],[14.2401,59.4421],[14.231,59.4422],[14.227,59.4276],[14.2179,59.4226],[14.1618,59.446],[14.148,59.4356],[14.1365,59.4508],[14.1417,59.4613],[14.1078,59.4653],[14.0786,59.4779],[14.0348,59.4814],[14.0185,59.4896],[14.0121,59.4809],[14.0165,59.4698],[14.009,59.4648],[14.009,59.4548],[14.0011,59.4533],[14.0063,59.4494],[13.9838,59.4377],[13.9712,59.4393],[13.9607,59.4247],[13.9313,59.4236],[13.8901,59.3855],[13.871,59.3799],[13.8737,59.3501],[13.8854,59.3407],[13.8161,59.2963],[13.7966,59.3048],[13.7881,59.3025],[13.7919,59.2837],[13.7346,59.2546]]]]},"properties":{"kommunkod":"1781","namn":"Kristinehamn","lan":"17","ri_areal_ha":11851.0,"ri_areal_ar":2014,"ri_areal_klass":3}},{"type":"Feature","geometry":{"type":"MultiPolygon","coordinates":[[[[13.7804,59.7738],[13.8306,59.7536],[13.8257,59.736],[13.918,59.645],[13.9508,59.5877],[14.0305,59.5538],[14.0625,59.5912],[14.1605,59.5924],[14.1602,59.6001],[14.1735,59.6071],[14.2144,59.5942],[14.2337,59.5962],[14.2353,59.5903],[14.2723,59.589],[14.271,59.6011],[14.2867,59.6082],[14.3066,59.5988],[14.2998,59.5976],[14.3444,59.5863],[14.3611,59.5934],[14.3703,59.5844],[14.3869,59.5812],[14.3924,59.5604],[14.4112,59.5591],[14.4159,59.5705],[14.426,59.5745],[14.4651,59.5799],[14.4613,59.5981],[14.4252,59.6648],[14.435,59.684],[14.4,59.7421],[14.4047,59.7564],[14.4347,59.7709],[14.4149,59.8218],[14.4211,59.8853],[14.4122,59.8922],[14.423,59.9013],[14.3992,59.9128],[14.3873,59.9079],[14.3664,59.912],[14.3569,59.92],[14.3601,59.9336],[14.3405,59.94],[14.3318,59.9517],[14.4566,59.973],[14.437,60.0257],[14.2127,60.0957],[14.2042,60.1219],[14.2091,60.1261],[14.1946,60.1518],[14.1969,60.1633],[14.189,60.1686],[14.1868,60.1815],[14.1576,60.2072],[14.1492,60.2307],[14.0237,60.2288],[14.0229,60.2424],[13.991,60.2515],[13.9511,60.251],[14.0119,60.1911],[13.9655,60.1752],[13.9974,60.1567],[14.0183,60.0811],[13.9932,59.9562],[13.9077,59.9355],[13.9062,59.881],[13.8935,59.8691],[13.856,59.8672],[13.8659,59.845],[13.8604,59.8395],[13.8628,59.814],[13.8847,59.8141],[13.9133,59.7975],[13.7804,59.7738]]]]},"properties":{"kommunkod":"1782","namn":"Filipstad","lan":"17","ri_areal_ha":18292.0,"ri_areal_ar":2014,"ri_areal_klass":4}},{"type":"Feature","geometry":{"type":"MultiPolygon","coordinates":[[[[13.2572,60.1229],[13.2855,60.0786],[13.2865,60.0358],[13.3005,60.0302],[13.3131,60.0335],[13.3185,60.0238],[13.3182,59.9976],[13.3323,59.9875],[13.3421,59.9456],[13.3832,59.9262],[13.3871,59.8923],[13.3825,59.8662],[13.3936,59.8737],[13.4104,59.868],[13.5067,59.8824],[13.5156,59.8716],[13.5268,59.8764],[13.5568,59.8723],[13.5503,59.8638],[13.5692,59.8516],[13.595,59.8551],[13.6405,59.8744],[13.6178,59.8191],[13.6299,59.8156],[13.6202,59.7797],[13.6357,59.7829],[13.6974,59.7683],[13.7323,59.7673],[13.9133,59.7975],[13.8847,59.8141],[13.8628,59.814],[13.8604,59.8395],[13.8659,59.845],[13.856,59.8672],[13.8935,59.8691],[13.9062,59.881],[13.9077,59.9355],[13.9932,59.9562],[14.0183,60.0811],[13.9974,60.1567],[13.828,60.2548],[13.728,60.3557],[13.6708,60.4034],[13.6217,60.4144],[13.529,60.3821],[13.4783,60.3248],[13.4161,60.2909],[13.4323,60.2845],[13.4087,60.2797],[13.3757,60.2508],[13.3281,60.2444],[13.2621,60.2202],[13.2575,60.2121],[13.1975,60.2458],[13.1655,60.2379],[13.1772,60.1687],[13.2572,60.1229]]]]},"properties":{"kommunkod":"1783","namn":"Hagfors","lan":"17","ri_areal_ha":14312.0,"ri_areal_ar":2014,"ri_areal_klass":3}},{"type":"Feature","geometry":{"type":"MultiPolygon","coordinates":[[[[12.286,59.5752],[12.3233,59.5597],[12.3199,59.5527],[12.3269,59.5327],[12.312,59.5224],[12.3183,59.5109],[12.3111,59.4882],[12.2884,59.4683],[12.2779,59.4458],[12.4097,59.4503],[12.4643,59.4307],[12.4999,59.4324],[12.519,59.4031],[12.5587,59.3873],[12.6086,59.3859],[12.6215,59.4003],[12.6419,59.3907],[12.7042,59.39],[12.7917,59.4096],[12.7996,59.4055],[12.8405,59.4299],[12.8404,59.4424],[12.8236,59.476],[12.8305,59.4952],[12.877,59.5079],[12.878,59.5475],[12.8851,59.5687],[12.8964,59.5673],[12.9051,59.5567],[12.9278,59.5596],[12.9933,59.6084],[13.0337,59.5919],[13.0461,59.6039],[13.0284,59.6276],[13.0452,59.6357],[13.0359,59.6487],[13.0373,59.6589],[13.0451,59.6547],[13.0649,59.6595],[13.0933,59.6513],[13.0649,59.6906],[13.0114,59.7038],[12.9926,59.7243],[12.9566,59.734],[12.956,59.7414],[12.9252,59.7566],[12.8995,59.7799],[12.8787,59.8136],[12.8065,59.8513],[12.7214,59.8748],[12.7207,59.887],[12.6882,59.899],[12.7054,59.9423],[12.7339,59.9503],[12.7508,59.9731],[12.7192,59.9967],[12.661,60.0086],[12.6158,60.0258],[12.5642,60.1209],[12.5679,60.1285],[12.5566,60.1367],[12.5157,60.1279],[12.5006,60.0991],[12.4497,60.0404],[12.4622,60.025],[12.459,60.0201],[12.4679,60.0093],[12.4639,60.0073],[12.4704,59.9904],[12.4815,59.9801],[12.4762,59.9503],[12.4579,59.9371],[12.4717,59.929],[12.4245,59.9136],[12.4564,59.862],[12.4585,59.8455],[12.4926,59.8171],[12.4886,59.8098],[12.4202,59.7973],[12.3793,59.7798],[12.3823,59.7689],[12.3742,59.7635],[12.375,59.7562],[12.3539,59.7527],[12.3529,59.7454],[12.3359,59.7368],[12.3286,59.7198],[12.3421,59.7157],[12.3448,59.7052],[12.3234,59.6972],[12.3188,59.6759],[12.305,59.6615],[12.3086,59.6488],[12.2774,59.6448],[12.2918,59.6121],[12.3049,59.6073],[12.286,59.5752]]]]},"properties":{"kommunkod":"1784","namn":"Arvika","lan":"17","ri_areal_ha":24356.0,"ri_areal_ar":2014,"ri_areal_klass":4}},{"type":"Feature","geometry":{"type":"MultiPolygon","coordinates":[[[[12.4574,59.1322],[12.5471,59.1258],[12.5778,59.112],[12.5905,59.1208],[12.5889,59.1289],[12.6191,59.1418],[12.618,59.1536],[12.6301,59.1643],[12.624,59.1717],[12.6349,59.181],[12.6555,59.1861],[12.6545,59.1763],[12.6954,59.1708],[12.7143,59.1508],[12.7545,59.1308],[12.7536,59.1171],[12.7632,59.1078],[12.7729,59.058],[12.7701,59.0438],[12.8996,58.8143],[13.1514,58.7552],[13.1795,58.7556],[13.2532,58.7253],[13.4251,58.7459],[13.3385,58.8124],[13.4242,58.9594],[13.5888,59.0593],[13.1769,59.255],[13.114,59.2528],[13.0655,59.2361],[13.039,59.2442],[12.9936,59.237],[12.9177,59.2507],[12.9148,59.2606],[12.9201,59.2664],[12.9147,59.2728],[12.9226,59.2777],[12.9201,59.2836],[12.907,59.2799],[12.9153,59.314],[12.9107,59.3409],[12.9022,59.3475],[12.9008,59.3722],[12.9122,59.3751],[12.9071,59.3863],[12.928,59.3994],[12.8936,59.4235],[12.9129,59.4465],[12.8913,59.448],[12.8683,59.4317],[12.8405,59.4299],[12.7996,59.4055],[12.7917,59.4096],[12.7265,59.3929],[12.6455,59.3904],[12.6215,59.4003],[12.6086,59.3859],[12.5587,59.3873],[12.519,59.4031],[12.5091,59.4153],[12.464,59.3837],[12.45,59.3847],[12.4815,59.3716],[12.4581,59.3359],[12.4707,59.3005],[12.4601,59.2789],[12.4741,59.2675],[12.476,59.2494],[12.4409,59.2507],[12.4445,59.2286],[12.4282,59.2225],[12.4231,59.2096],[12.4224,59.1926],[12.4587,59.1928],[12.4625,59.1818],[12.4545,59.1737],[12.4204,59.1749],[12.4151,59.1691],[12.4607,59.1528],[12.458,59.1446],[12.4685,59.1402],[12.4574,59.1322]]]]},"properties":{"kommunkod":"1785","namn":"Säffle","lan":"17","ri_areal_ha":14332.0,"ri_areal_ar":2014,"ri_areal_klass":3}},{"type":"Feature","geometry":{"type":"MultiPolygon","coordinates":[[[[14.9127,59.0863],[14.9228,59.0847],[14.938,59.115],[14.9608,59.1276],[15.0307,59.1319],[15.0431,59.136],[15.0552,59.1552],[15.0465,59.1567],[15.0508,59.1664],[15.0285,59.1975],[15.0018,59.2003],[14.9452,59.1907],[14.9283,59.2053],[14.9529,59.2153],[14.948,59.2277],[14.9257,59.2382],[14.9336,59.2434],[14.9195,59.2698],[14.9028,59.2731],[14.8924,59.2944],[14.8492,59.3134],[14.8355,59.3112],[14.7999,59.3207],[14.79,59.3326],[14.7719,59.3228],[14.7714,59.3168],[14.7549,59.3206],[14.7484,59.3153],[14.7638,59.3024],[14.7751,59.2815],[14.7623,59.2807],[14.7663,59.2592],[14.7108,59.2573],[14.7097,59.2326],[14.6691,59.2417],[14.6435,59.2606],[14.6246,59.2558],[14.598,59.2297],[14.5562,59.2275],[14.5639,59.1666],[14.5583,59.1658],[14.5681,59.1466],[14.5872,59.1356],[14.5861,59.1259],[14.5756,59.1213],[14.5933,59.1213],[14.5905,59.1149],[14.5722,59.1145],[14.5763,59.1005],[14.6645,59.1096],[14.6666,59.119],[14.6894,59.1139],[14.7419,59.1267],[14.7275,59.0993],[14.7187,59.0589],[14.698,59.0254],[14.7787,59.0528],[14.7899,59.0642],[14.8019,59.0651],[14.8023,59.0739],[14.8091,59.0765],[14.8362,59.0834],[14.8536,59.0805],[14.8713,59.088],[14.9127,59.0863]],[[14.6901,59.1292],[14.6815,59.123],[14.6828,59.129],[14.6901,59.1292]],[[14.8431,59.3012],[14.8605,59.2926],[14.8533,59.2861],[14.8415,59.2932],[14.8431,59.3012]]],[[[15.0085,59.2057],[15.0041,59.2024],[15.0211,59.1998],[15.0173,59.2117],[15.0085,59.2057]]]]},"properties":{"kommunkod":"1814","namn":"Lekeberg","lan":"18","ri_areal_ha":10501.0,"ri_areal_ar":2014,"ri_areal_klass":2}},{"type":"Feature","geometry":{"type":"MultiPolygon","coordinates":[[[[14.3973,58.8183],[14.4214,58.7947],[14.4705,58.781],[14.4754,58.7365],[14.4701,58.7215],[14.4768,58.7134],[14.5056,58.7136],[14.5164,58.7237],[14.5272,58.7235],[14.534,58.7127],[14.546,58.7187],[14.5554,58.7053],[14.5368,58.6775],[14.6264,58.6943],[14.6216,58.7374],[14.6912,58.7401],[14.677,58.786],[14.6469,58.8012],[14.6336,58.8191],[14.6333,58.8311],[14.6268,58.8331],[14.6466,58.8491],[14.6529,58.8748],[14.6466,58.8896],[14.6919,58.8887],[14.7021,58.8975],[14.7331,58.9064],[14.7856,58.9399],[14.7437,58.9545],[14.7263,58.9749],[14.7054,58.9806],[14.717,58.9935],[14.7493,58.9971],[14.7415,59.0044],[14.7468,59.0152],[14.7254,59.0103],[14.7252,59.023],[14.7129,59.0285],[14.698,59.0254],[14.7187,59.0589],[14.7275,59.0993],[14.7419,59.1267],[14.6894,59.1139],[14.6666,59.119],[14.6645,59.1096],[14.5045,59.0931],[14.4848,59.0863],[14.4723,59.0598],[14.4509,59.0409],[14.4568,59.0355],[14.4528,59.0283],[14.4646,59.0285],[14.4919,59.0041],[14.4503,59.0093],[14.4472,59.0154],[14.4389,59.0093],[14.3677,59.0042],[14.3646,58.9943],[14.2918,58.9822],[14.2852,58.9483],[14.3236,58.9217],[14.3239,58.9037],[14.3374,58.8964],[14.3614,58.8981],[14.3739,58.8833],[14.395,58.8836],[14.3847,58.8778],[14.399,58.8643],[14.3893,58.8614],[14.3842,58.8676],[14.3596,58.8527],[14.3699,58.8483],[14.3663,58.8443],[14.3896,58.8458],[14.3825,58.8298],[14.3973,58.8183]]],[[[14.6907,59.1274],[14.6828,59.129],[14.6815,59.123],[14.6907,59.1274]]]]},"properties":{"kommunkod":"1860","namn":"Laxå","lan":"18","ri_areal_ha":14912.0,"ri_areal_ar":2014,"ri_areal_klass":3}},{"type":"Feature","geometry":{"type":"MultiPolygon","coordinates":[[[[15.555,58.9564],[15.5434,58.9732],[15.4368,59.0142],[15.464,59.0185],[15.471,59.0295],[15.4591,59.0609],[15.4686,59.0668],[15.4607,59.0739],[15.4672,59.0801],[15.4229,59.1048],[15.4262,59.1091],[15.4054,59.1275],[15.4051,59.1462],[15.3728,59.1544],[15.3546,59.1791],[15.3455,59.1702],[15.35,59.1676],[15.3196,59.1533],[15.319,59.1437],[15.2848,59.1337],[15.2992,59.1314],[15.2997,59.1088],[15.268,59.1026],[15.2779,59.0865],[15.277,59.0703],[15.271,59.0728],[15.2619,59.0634],[15.2492,59.084],[15.2385,59.0886],[15.1611,59.0881],[15.1366,59.0723],[15.1215,59.0732],[15.1258,59.0831],[15.1038,59.0794],[15.0806,59.0854],[15.0699,59.0764],[15.0628,59.0784],[15.0606,59.0682],[15.0445,59.0691],[15.0272,59.0615],[15.0237,59.0515],[15.0397,59.0558],[15.0405,59.0517],[15.0177,59.0466],[14.996,59.0592],[14.9857,59.0588],[14.9837,59.0678],[14.9906,59.0725],[14.9794,59.0778],[14.918,59.0752],[14.9228,59.0847],[14.9057,59.088],[14.8713,59.088],[14.8536,59.0805],[14.8362,59.0834],[14.8023,59.0739],[14.8019,59.0651],[14.7899,59.0642],[14.7787,59.0528],[14.7129,59.0285],[14.7278,59.0195],[14.7231,59.011],[14.7468,59.0152],[14.7415,59.0044],[14.7493,58.9971],[14.717,58.9935],[14.7054,58.9806],[14.715,58.9744],[14.7671,58.9845],[14.7741,58.9798],[14.8549,58.9883],[14.8862,59.0115],[14.9571,59.001],[14.9604,59.0103],[15.0426,59.0262],[15.0917,59.0221],[15.0964,59.0149],[15.0926,59.0027],[15.1642,58.9996],[15.1683,58.985],[15.1625,58.9757],[15.2182,58.9793],[15.258,58.9566],[15.2616,58.9472],[15.2848,58.9502],[15.3152,58.924],[15.3329,58.9178],[15.3333,58.9062],[15.3207,58.8928],[15.3355,58.8852],[15.3445,58.869],[15.3397,58.866],[15.3476,58.8292],[15.3814,58.8469],[15.4029,58.842],[15.4107,58.8328],[15.4065,58.8283],[15.4144,58.8206],[15.4136,58.8069],[15.4294,58.8146],[15.4243,58.822],[15.454,58.8211],[15.4407,58.8642],[15.5307,58.8646],[15.554,58.8705],[15.5633,58.8941],[15.586,58.8965],[15.5932,58.9093],[15.5584,58.941],[15.555,58.9564]]]]},"properties":{"kommunkod":"1861","namn":"Hallsberg","lan":"18","ri_areal_ha":8510.0,"ri_areal_ar":2014,"ri_areal_klass":2}},{"type":"Feature","geometry":{"type":"MultiPolygon","coordinates":[[[[14.3252,59.3182],[14.3064,59.2842],[14.3124,59.2796],[14.3083,59.2494],[14.2892,59.2271],[14.2961,59.1963],[14.2896,59.1594],[14.3014,59.1359],[14.296,59.1271],[14.3376,59.0984],[14.3401,59.0841],[14.2979,59.0122],[14.2918,58.9822],[14.3646,58.9943],[14.3677,59.0042],[14.4389,59.0093],[14.4472,59.0154],[14.4503,59.0093],[14.4919,59.0041],[14.4646,59.0285],[14.4528,59.0283],[14.4568,59.0355],[14.4509,59.0409],[14.4723,59.0598],[14.4848,59.0863],[14.5703,59.0986],[14.5763,59.1005],[14.5722,59.1145],[14.5905,59.1149],[14.5933,59.1213],[14.5756,59.1213],[14.5861,59.1259],[14.5872,59.1356],[14.5681,59.1466],[14.5583,59.1658],[14.5639,59.1666],[14.5562,59.2275],[14.598,59.2297],[14.6151,59.246],[14.5434,59.2729],[14.5468,59.2822],[14.5304,59.2834],[14.5158,59.2933],[14.4721,59.2787],[14.465,59.2872],[14.4085,59.3022],[14.3741,59.2988],[14.3405,59.3039],[14.3252,59.3182]]]]},"properties":{"kommunkod":"1862","namn":"Degerfors","lan":"18","ri_areal_ha":3802.0,"ri_areal_ar":2014,"ri_areal_klass":1}},{"type":"Feature","geometry":{"type":"MultiPolygon","coordinates":[[[[14.4651,59.5799],[14.4757,59.5291],[14.5586,59.5096],[14.5598,59.5049],[14.6311,59.4943],[14.6565,59.4724],[14.6719,59.4771],[14.6738,59.4677],[14.7096,59.4761],[14.7143,59.4948],[14.7288,59.5017],[14.7273,59.5072],[14.7404,59.5091],[14.7348,59.5179],[14.7047,59.5302],[14.6705,59.5273],[14.6298,59.5366],[14.6241,59.5583],[14.6623,59.5734],[14.6883,59.5933],[14.7555,59.6198],[14.7744,59.637],[14.772,59.6561],[14.7461,59.6755],[14.7231,59.7061],[14.8185,59.6944],[14.8447,59.7072],[14.8755,59.7125],[14.8897,59.7284],[14.9102,59.7188],[14.9334,59.7179],[14.9359,59.7097],[14.953,59.7119],[14.9304,59.7386],[14.9115,59.7473],[14.9076,59.7649],[14.8749,59.8113],[14.8535,59.8663],[14.8334,59.8665],[14.8111,59.8904],[14.8146,59.893],[14.7736,59.9218],[14.7536,59.9972],[14.437,60.0257],[14.4566,59.973],[14.3318,59.9518],[14.3405,59.94],[14.3601,59.9336],[14.3569,59.92],[14.3664,59.912],[14.3873,59.9079],[14.3992,59.9128],[14.423,59.9013],[14.4122,59.8922],[14.4211,59.8853],[14.4149,59.8218],[14.4347,59.7709],[14.4047,59.7564],[14.4,59.7421],[14.435,59.684],[14.4252,59.6648],[14.4613,59.5981],[14.4651,59.5799]]],[[[14.7988,59.929],[14.7879,59.933],[14.7917,59.9266],[14.7988,59.929]]],[[[14.825,59.8985],[14.8151,59.9039],[14.8264,59.8941],[14.825,59.8985]]]]},"properties":{"kommunkod":"1863","namn":"Hällefors","lan":"18","ri_areal_ha":3878.0,"ri_areal_ar":2014,"ri_areal_klass":1}},{"type":"Feature","geometry":{"type":"MultiPolygon","coordinates":[[[[15.1818,60.0036],[15.1255,60.0084],[15.0777,60.0411],[15.0476,60.0495],[15.0462,60.0429],[15.034,60.0392],[15.0134,60.0574],[14.9388,60.0487],[14.9048,60.0513],[14.8594,60.0818],[14.8382,60.0884],[14.8422,60.1019],[14.85,60.1046],[14.8077,60.1109],[14.7373,60.0817],[14.7493,60.0081],[14.7736,59.9218],[14.8146,59.893],[14.8111,59.8904],[14.8334,59.8665],[14.8535,59.8663],[14.8749,59.8113],[14.9054,59.7681],[15.0984,59.7869],[15.095,59.8017],[15.0818,59.8086],[15.0996,59.8262],[15.1055,59.8227],[15.1465,59.8344],[15.1432,59.8375],[15.1615,59.8703],[15.1768,59.8947],[15.1824,59.8949],[15.177,59.895],[15.1913,59.9152],[15.1856,59.9216],[15.1944,59.9225],[15.2016,59.9349],[15.1888,59.9411],[15.1907,59.9463],[15.2059,59.9423],[15.2284,59.9761],[15.2054,60.0018],[15.1818,60.0036]],[[14.824,59.8997],[14.8264,59.8941],[14.8151,59.9039],[14.824,59.8997]],[[14.8001,59.9289],[14.7917,59.9266],[14.7879,59.933],[14.8001,59.9289]]]]},"properties":{"kommunkod":"1864","namn":"Ljusnarsberg","lan":"18","ri_areal_ha":6574.0,"ri_areal_ar":2014,"ri_areal_klass":2}},{"type":"Feature","geometry":{"type":"MultiPolygon","coordinates":[[[[14.7694,59.358],[14.7825,59.3499],[14.7809,59.3435],[14.7999,59.3207],[14.8355,59.3112],[14.8492,59.3134],[14.8658,59.302],[14.8812,59.2998],[14.8924,59.2944],[14.9028,59.2731],[14.9195,59.2698],[14.9336,59.2434],[14.9257,59.2382],[14.948,59.2277],[14.9529,59.2153],[14.9283,59.2053],[14.9469,59.1898],[15.0226,59.1991],[15.0398,59.188],[15.0483,59.1665],[15.0552,59.1733],[15.0967,59.1806],[15.1333,59.1766],[15.1578,59.1822],[15.1426,59.1704],[15.1562,59.1697],[15.1837,59.1821],[15.2296,59.1716],[15.2818,59.1891],[15.3084,59.1811],[15.3566,59.1833],[15.3728,59.1544],[15.4051,59.1462],[15.4054,59.1275],[15.4262,59.1091],[15.4229,59.1048],[15.4672,59.0801],[15.4607,59.0739],[15.4686,59.0668],[15.4591,59.0609],[15.471,59.0295],[15.464,59.0185],[15.4368,59.0142],[15.5434,58.9732],[15.5536,58.9562],[15.5903,58.9595],[15.6291,58.9832],[15.6416,58.9739],[15.6819,58.9753],[15.6876,58.982],[15.6653,58.982],[15.6503,58.9961],[15.6557,59.0115],[15.6311,59.0113],[15.6167,59.0226],[15.641,59.0345],[15.6323,59.0368],[15.6426,59.0492],[15.6399,59.0541],[15.7105,59.0774],[15.7161,59.0849],[15.7011,59.0944],[15.7073,59.101],[15.7801,59.105],[15.7943,59.1097],[15.7908,59.1214],[15.7976,59.1229],[15.7877,59.1366],[15.7982,59.137],[15.762,59.1979],[15.7982,59.2305],[15.7265,59.2234],[15.6917,59.2705],[15.6077,59.2887],[15.6318,59.3166],[15.6353,59.334],[15.6145,59.3477],[15.6192,59.3526],[15.6126,59.3633],[15.6,59.3668],[15.6041,59.3702],[15.5999,59.3749],[15.5682,59.3683],[15.5184,59.3852],[15.476,59.3891],[15.4737,59.3978],[15.516,59.4063],[15.4729,59.432],[15.4199,59.4215],[15.3929,59.4312],[15.3193,59.4328],[15.3011,59.4499],[15.2798,59.4458],[15.2728,59.4853],[15.2788,59.5016],[15.2315,59.508],[15.2302,59.5205],[15.2145,59.515],[15.2008,59.5237],[15.159,59.5066],[15.1487,59.5086],[15.1508,59.4869],[15.1421,59.4676],[15.1491,59.4626],[15.145,59.4592],[15.151,59.4464],[15.1137,59.442],[15.1081,59.4348],[15.069,59.4325],[15.0734,59.4535],[15.0658,59.4693],[15.0412,59.4728],[15.0053,59.4651],[14.9942,59.4525],[14.9995,59.4516],[14.9989,59.4223],[14.9742,59.4162],[14.9791,59.412],[14.9605,59.4143],[14.9393,59.3989],[14.9311,59.3833],[14.8324,59.3728],[14.7913,59.3869],[14.7649,59.3861],[14.7614,59.3797],[14.7694,59.358]],[[15.0054,59.2043],[15.0173,59.2117],[15.0211,59.1998],[15.0054,59.2043]]],[[[14.8527,59.2964],[14.8393,59.3],[14.8533,59.2861],[14.8605,59.2926],[14.8527,59.2964]]]]},"properties":{"kommunkod":"1880","namn":"Örebro","lan":"18","ri_areal_ha":21175.0,"ri_areal_ar":2014,"ri_areal_klass":4}},{"type":"Feature","geometry":{"type":"MultiPolygon","coordinates":[[[[15.3586,59.1786],[15.3566,59.1833],[15.3084,59.1811],[15.2845,59.1892],[15.2296,59.1716],[15.2002,59.1822],[15.1835,59.1821],[15.1562,59.1697],[15.1426,59.1704],[15.1578,59.1822],[15.0552,59.1733],[15.0465,59.1567],[15.0549,59.1522],[15.0431,59.136],[14.9932,59.1257],[14.9608,59.1276],[14.9343,59.1105],[14.918,59.0752],[14.9794,59.0778],[14.9906,59.0725],[14.9837,59.0678],[14.9857,59.0588],[14.996,59.0592],[15.0177,59.0466],[15.0405,59.0517],[15.0397,59.0558],[15.0238,59.0526],[15.0336,59.0654],[15.0606,59.0682],[15.0628,59.0784],[15.0699,59.0764],[15.0749,59.0842],[15.1038,59.0794],[15.1258,59.0831],[15.1215,59.0732],[15.1366,59.0723],[15.1611,59.0881],[15.2079,59.091],[15.246,59.0869],[15.2619,59.0634],[15.271,59.0728],[15.277,59.0703],[15.2779,59.0865],[15.268,59.1026],[15.2997,59.1088],[15.2992,59.1314],[15.2848,59.1337],[15.319,59.1437],[15.3196,59.1533],[15.35,59.1676],[15.3455,59.1702],[15.3557,59.1749],[15.3497,59.1768],[15.3586,59.1786]]]]},"properties":{"kommunkod":"1881","namn":"Kumla","lan":"18","ri_areal_ha":2987.0,"ri_areal_ar":2014,"ri_areal_klass":1}},{"type":"Feature","geometry":{"type":"MultiPolygon","coordinates":[[[[14.7144,58.6881],[14.7788,58.6462],[14.8066,58.6651],[14.9292,58.6968],[14.9555,58.6929],[14.9725,58.6834],[15.0039,58.6957],[15.0116,58.7056],[15.0345,58.7043],[15.0669,58.7544],[15.0836,58.7667],[15.0931,58.7619],[15.0964,58.7689],[15.1151,58.7702],[15.1218,58.7835],[15.1325,58.787],[15.1191,58.7908],[15.1279,58.7964],[15.1381,58.8207],[15.1674,58.8107],[15.1983,58.8147],[15.2181,58.8273],[15.219,58.8427],[15.247,58.8383],[15.2406,58.8431],[15.2562,58.8498],[15.2628,58.8651],[15.2952,58.8498],[15.3253,58.8593],[15.3264,58.8503],[15.3476,58.8292],[15.3397,58.866],[15.3445,58.869],[15.3355,58.8852],[15.3207,58.8928],[15.3346,58.9139],[15.2923,58.9397],[15.2848,58.9502],[15.2616,58.9472],[15.258,58.9566],[15.2182,58.9793],[15.1625,58.9757],[15.1683,58.985],[15.1642,58.9996],[15.0926,59.0027],[15.0964,59.0149],[15.0917,59.0221],[15.0426,59.0262],[14.9604,59.0103],[14.9571,59.001],[14.8862,59.0115],[14.8549,58.9883],[14.7741,58.9798],[14.7671,58.9845],[14.7254,58.9752],[14.7437,58.9545],[14.7856,58.9399],[14.7331,58.9064],[14.7021,58.8975],[14.6919,58.8887],[14.6466,58.8896],[14.6529,58.8748],[14.6466,58.8491],[14.6268,58.8331],[14.6333,58.8311],[14.6336,58.8191],[14.6469,58.8012],[14.677,58.786],[14.6957,58.7211],[14.6892,58.7126],[14.6993,58.6963],[14.7144,58.6881]]]]},"properties":{"kommunkod":"1882","namn":"Askersund","lan":"18","ri_areal_ha":22024.0,"ri_areal_ar":2014,"ri_areal_klass":4}},{"type":"Feature","geometry":{"type":"MultiPolygon","coordinates":[[[[14.7096,59.4761],[14.6738,59.4677],[14.6719,59.4771],[14.6565,59.4724],[14.6311,59.4943],[14.5598,59.5049],[14.5586,59.5096],[14.4357,59.5422],[14.3908,59.5138],[14.4415,59.4593],[14.4693,59.4397],[14.4097,59.4136],[14.3785,59.3841],[14.3768,59.3686],[14.3624,59.3676],[14.363,59.3489],[14.3551,59.332],[14.338,59.3326],[14.3262,59.318],[14.3405,59.3039],[14.3741,59.2988],[14.4085,59.3022],[14.465,59.2872],[14.4721,59.2787],[14.5158,59.2933],[14.5304,59.2834],[14.5468,59.2822],[14.5434,59.2729],[14.5808,59.2552],[14.6151,59.246],[14.6246,59.2558],[14.6435,59.2606],[14.6691,59.2417],[14.7097,59.2326],[14.7108,59.2573],[14.7663,59.2592],[14.7623,59.2807],[14.7751,59.2815],[14.7638,59.3024],[14.7484,59.3153],[14.7551,59.3207],[14.7714,59.3168],[14.7719,59.3228],[14.79,59.3326],[14.7809,59.3435],[14.7825,59.3499],[14.7332,59.3748],[14.6809,59.4199],[14.7106,59.4382],[14.7225,59.4571],[14.7096,59.4761]]]]},"properties":{"kommunkod":"1883","namn":"Karlskoga","lan":"18","ri_areal_ha":4378.0,"ri_areal_ar":2014,"ri_areal_klass":2}},{"type":"Feature","geometry":{"type":"MultiPolygon","coordinates":[[[[14.7697,59.3577],[14.7614,59.3797],[14.7649,59.3861],[14.7913,59.3869],[14.8324,59.3728],[14.9311,59.3833],[14.9393,59.3989],[14.9605,59.4143],[14.9791,59.412],[14.9742,59.4162],[14.9989,59.4223],[14.9995,59.4516],[14.9942,59.4525],[15.0053,59.4651],[15.0412,59.4728],[15.0658,59.4693],[15.0734,59.4535],[15.069,59.4325],[15.1081,59.4348],[15.1137,59.442],[15.151,59.4464],[15.145,59.4592],[15.1491,59.4626],[15.1421,59.4675],[15.1517,59.4934],[15.1466,59.5051],[15.1621,59.5173],[15.1512,59.5209],[15.1464,59.5376],[15.1491,59.5448],[15.1724,59.5548],[15.1249,59.5802],[15.1,59.5812],[15.1034,59.5903],[15.0007,59.5841],[15.0011,59.6073],[15.0061,59.6108],[14.996,59.6335],[14.9766,59.6371],[14.953,59.7119],[14.9359,59.7097],[14.9334,59.7179],[14.9102,59.7188],[14.8897,59.7284],[14.8755,59.7125],[14.8447,59.7072],[14.8185,59.6944],[14.7231,59.7061],[14.7461,59.6755],[14.772,59.6561],[14.7744,59.637],[14.7555,59.6198],[14.6883,59.5933],[14.6623,59.5734],[14.6241,59.5583],[14.6298,59.5366],[14.6705,59.5273],[14.7047,59.5302],[14.7348,59.5179],[14.7403,59.509],[14.7273,59.5072],[14.7302,59.5031],[14.7108,59.4894],[14.7096,59.4761],[14.7225,59.4571],[14.7106,59.4382],[14.6809,59.42],[14.7332,59.3748],[14.7697,59.3577]]]]},"properties":{"kommunkod":"1884","namn":"Nora","lan":"18","ri_areal_ha":3801.0,"ri_areal_ar":2014,"ri_areal_klass":1}},{"type":"Feature","geometry":{"type":"MultiPolygon","coordinates":[[[[15.1504,59.5093],[15.159,59.5066],[15.2008,59.5237],[15.2145,59.515],[15.2302,59.5205],[15.2315,59.508],[15.2757,59.5054],[15.2728,59.4853],[15.2798,59.4458],[15.3011,59.4499],[15.3193,59.4328],[15.3929,59.4312],[15.4199,59.4215],[15.4729,59.432],[15.516,59.4063],[15.4737,59.3978],[15.476,59.3891],[15.5184,59.3852],[15.5682,59.3683],[15.5999,59.3749],[15.604,59.3966],[15.6244,59.397],[15.6294,59.4046],[15.731,59.4098],[15.7298,59.4313],[15.7157,59.4505],[15.7128,59.4758],[15.6855,59.4774],[15.6906,59.4961],[15.7197,59.5075],[15.7047,59.5389],[15.6285,59.5201],[15.6263,59.5737],[15.6322,59.5711],[15.6366,59.5912],[15.6353,59.5966],[15.6232,59.5982],[15.6157,59.6305],[15.546,59.6286],[15.5211,59.6334],[15.5151,59.6423],[15.5125,59.6526],[15.5267,59.666],[15.5245,59.6769],[15.5328,59.6866],[15.5289,59.6902],[15.5515,59.6999],[15.5451,59.7175],[15.554,59.7236],[15.5259,59.7534],[15.5314,59.7609],[15.5124,59.7773],[15.5054,59.7961],[15.4259,59.7956],[15.4561,59.8211],[15.448,59.8244],[15.4479,59.8313],[15.457,59.8353],[15.44,59.8446],[15.4412,59.8501],[15.4313,59.8492],[15.3792,59.8775],[15.3646,59.8771],[15.3553,59.894],[15.2284,59.9761],[15.2059,59.9423],[15.1907,59.9463],[15.1888,59.9411],[15.2016,59.9349],[15.1944,59.9225],[15.1856,59.9216],[15.1913,59.9152],[15.177,59.895],[15.1824,59.8949],[15.1768,59.8947],[15.1615,59.8703],[15.1432,59.8375],[15.1465,59.8344],[15.1055,59.8227],[15.0996,59.8262],[15.0818,59.8086],[15.095,59.8017],[15.0984,59.7869],[14.9054,59.7681],[14.9115,59.7473],[14.9304,59.7386],[14.96,59.7027],[14.9766,59.6371],[14.996,59.6335],[15.0061,59.6108],[15.0011,59.6073],[15.0007,59.5841],[15.1034,59.5903],[15.1,59.5812],[15.1249,59.5802],[15.1724,59.5548],[15.1491,59.5448],[15.1512,59.5209],[15.1621,59.5173],[15.1553,59.5139],[15.1575,59.5093],[15.1504,59.5093]],[[15.4429,59.8386],[15.4475,59.8341],[15.4373,59.8338],[15.4429,59.8386]]]]},"properties":{"kommunkod":"1885","namn":"Lindesberg","lan":"18","ri_areal_ha":14507.0,"ri_areal_ar":2014,"ri_areal_klass":3}},{"type":"Feature","geometry":{"type":"MultiPolygon","coordinates":[[[[15.5509,59.6996],[15.6072,59.6976],[15.6468,59.683],[15.6752,59.6799],[15.6825,59.681],[15.6803,59.6848],[15.7409,59.6851],[15.7503,59.6825],[15.7715,59.6495],[15.8072,59.6478],[15.8155,59.6424],[15.8151,59.6311],[15.8633,59.6423],[15.8656,59.6536],[15.9058,59.6689],[15.9645,59.661],[15.9734,59.6944],[15.9966,59.7132],[15.9967,59.7277],[15.9792,59.8055],[15.9435,59.8393],[15.9393,59.8532],[15.9209,59.8548],[15.864,59.8951],[15.7718,59.881],[15.7631,59.8851],[15.769,59.895],[15.7596,59.8976],[15.769,59.8996],[15.764,59.9076],[15.7462,59.9055],[15.7449,59.9117],[15.7223,59.9053],[15.7023,59.9103],[15.7038,59.9159],[15.6818,59.9379],[15.6235,59.9341],[15.602,59.9481],[15.5312,59.9572],[15.493,59.936],[15.501,59.928],[15.4734,59.9097],[15.4893,59.9025],[15.4878,59.8983],[15.4604,59.8947],[15.4222,59.8541],[15.4412,59.8501],[15.44,59.8446],[15.457,59.8353],[15.4479,59.8313],[15.448,59.8244],[15.4561,59.8211],[15.4259,59.7956],[15.5054,59.7961],[15.5124,59.7773],[15.5314,59.7609],[15.5259,59.7534],[15.5532,59.7259],[15.5451,59.7175],[15.5509,59.6996]]],[[[15.4475,59.8341],[15.4455,59.8387],[15.4363,59.8368],[15.4475,59.8341]]]]},"properties":{"kommunkod":"1904","namn":"Skinnskatteberg","lan":"19","ri_areal_ha":11763.0,"ri_areal_ar":2014,"ri_areal_klass":3}},{"type":"Feature","geometry":{"type":"MultiPolygon","coordinates":[[[[16.2615,59.6748],[16.2767,59.6814],[16.281,59.6941],[16.3108,59.701],[16.2944,59.7112],[16.2979,59.7237],[16.2857,59.7341],[16.2891,59.7456],[16.2809,59.7503],[16.2927,59.7637],[16.2171,59.8165],[16.2154,59.8394],[16.2063,59.8514],[16.1223,59.882],[16.1045,59.905],[16.1145,59.9103],[16.0542,59.8971],[16.0331,59.8761],[16.0036,59.8621],[15.9415,59.8501],[15.9454,59.8375],[15.9792,59.8055],[15.9921,59.7626],[15.9966,59.7132],[16.0108,59.6716],[16.0281,59.6604],[16.1101,59.6546],[16.1546,59.6645],[16.1882,59.6631],[16.1854,59.6576],[16.2456,59.6622],[16.2615,59.6748]]]]},"properties":{"kommunkod":"1907","namn":"Surahammar","lan":"19","ri_areal_ha":3500.0,"ri_areal_ar":2014,"ri_areal_klass":1}},{"type":"Feature","geometry":{"type":"MultiPolygon","coordinates":[[[[16.2269,59.4673],[16.1921,59.4509],[16.1665,59.4509],[16.1079,59.4592],[16.0844,59.4719],[16.0563,59.4706],[16.0318,59.4782],[15.9799,59.4769],[15.9622,59.4689],[15.9387,59.4804],[15.9356,59.4906],[15.9261,59.4833],[15.932,59.475],[15.9282,59.4725],[15.9155,59.4677],[15.9067,59.4746],[15.8993,59.4651],[15.8678,59.4579],[15.8811,59.4357],[15.8782,59.4301],[15.8899,59.4218],[15.9261,59.4176],[15.9314,59.4044],[15.9685,59.4115],[15.9604,59.4099],[15.9623,59.4039],[15.9783,59.3954],[15.9972,59.3676],[15.9927,59.3648],[15.9964,59.3595],[16.0351,59.3693],[16.0723,59.352],[16.1579,59.3462],[16.2103,59.36],[16.2665,59.362],[16.2736,59.3885],[16.3066,59.3992],[16.2497,59.4095],[16.2451,59.4156],[16.2543,59.4525],[16.2279,59.4549],[16.2269,59.4673]]]]},"properties":{"kommunkod":"1960","namn":"Kungsör","lan":"19","ri_areal_ha":3227.0,"ri_areal_ar":2014,"ri_areal_klass":1}},{"type":"Feature","geometry":{"type":"MultiPolygon","coordinates":[[[[16.1127,59.6548],[16.1101,59.6446],[16.0806,59.6388],[16.0745,59.6161],[16.0823,59.6043],[16.1071,59.6025],[16.1223,59.5946],[16.1275,59.5866],[16.1191,59.5803],[16.1431,59.5706],[16.1682,59.5509],[16.1774,59.5351],[16.2083,59.5378],[16.226,59.5278],[16.2359,59.5166],[16.213,59.4986],[16.1999,59.4691],[16.2269,59.4673],[16.2279,59.4549],[16.2631,59.4524],[16.2667,59.4818],[16.2361,59.4916],[16.2357,59.4984],[16.2831,59.5166],[16.3352,59.5507],[16.3279,59.5508],[16.3203,59.566],[16.3333,59.5662],[16.3323,59.575],[16.3053,59.5816],[16.3249,59.5977],[16.3226,59.6112],[16.3075,59.6168],[16.3158,59.6263],[16.3019,59.6419],[16.3066,59.6543],[16.2909,59.6529],[16.2768,59.6609],[16.2637,59.6788],[16.2572,59.667],[16.2456,59.6622],[16.1854,59.6576],[16.1882,59.6631],[16.1546,59.6645],[16.1127,59.6548]]]]},"properties":{"kommunkod":"1961","namn":"Hallstahammar","lan":"19","ri_areal_ha":2065.0,"ri_areal_ar":2014,"ri_areal_klass":1}},{"type":"Feature","geometry":{"type":"MultiPolygon","coordinates":[[[[15.7315,60.0258],[15.7384,60.02],[15.7478,60.0227],[15.7594,60.0419],[15.7822,60.0445],[15.7997,60.0439],[15.8191,60.0286],[15.858,60.0474],[15.8724,60.036],[15.8809,60.0146],[15.9188,60.0023],[15.9703,60.0045],[15.9909,59.9836],[16.0548,59.9908],[16.0924,59.9367],[16.121,59.9418],[16.1631,59.9606],[16.1419,59.9704],[16.1492,59.9821],[16.1453,59.9908],[16.2063,59.9919],[16.1891,60.0045],[16.1809,60.0198],[16.1874,60.0174],[16.1841,60.0279],[16.1763,60.0351],[16.1966,60.0293],[16.1923,60.0602],[16.1863,60.0632],[16.1922,60.0684],[16.1869,60.0668],[16.1815,60.0845],[16.1418,60.0925],[16.1639,60.1203],[16.1322,60.1386],[16.0519,60.1486],[16.0239,60.1822],[15.9981,60.1855],[15.9463,60.185],[15.9266,60.1723],[15.882,60.1663],[15.8014,60.1775],[15.7929,60.1645],[15.767,60.1481],[15.7254,60.1449],[15.7264,60.1283],[15.765,60.1306],[15.7599,60.1157],[15.7477,60.1113],[15.7518,60.1079],[15.7477,60.1003],[15.7192,60.0912],[15.7123,60.0819],[15.7381,60.0801],[15.7228,60.0726],[15.7224,60.0633],[15.7076,60.0575],[15.7066,60.0451],[15.6823,60.052],[15.6969,60.0339],[15.7289,60.0305],[15.7315,60.0258]]]]},"properties":{"kommunkod":"1962","namn":"Norberg","lan":"19","ri_areal_ha":660.0,"ri_areal_ar":2014,"ri_areal_klass":1}},{"type":"Feature","geometry":{"type":"MultiPolygon","coordinates":[[[[16.2637,59.6788],[16.2768,59.6609],[16.2909,59.6529],[16.3066,59.6543],[16.3019,59.6419],[16.3158,59.6263],[16.3075,59.6168],[16.3226,59.6112],[16.3249,59.5977],[16.3053,59.5816],[16.3361,59.5709],[16.3319,59.5653],[16.3203,59.566],[16.3279,59.5508],[16.3352,59.5507],[16.3296,59.5449],[16.2645,59.507],[16.2407,59.5043],[16.2357,59.4984],[16.2361,59.4916],[16.2667,59.4818],[16.2631,59.4524],[16.3005,59.4576],[16.3227,59.4529],[16.3715,59.4673],[16.4107,59.4598],[16.636,59.4841],[16.6656,59.4923],[16.7114,59.4881],[16.7569,59.502],[16.8338,59.4984],[16.8845,59.48],[16.9063,59.4796],[16.9506,59.494],[16.9659,59.5204],[16.9213,59.5476],[16.9174,59.5647],[16.8879,59.6029],[16.8547,59.6669],[16.8201,59.6923],[16.8159,59.7102],[16.7837,59.7185],[16.7844,59.7316],[16.7758,59.7464],[16.7279,59.7789],[16.6776,59.7913],[16.6635,59.7818],[16.6816,59.7719],[16.6473,59.7634],[16.6551,59.7553],[16.6097,59.7606],[16.5867,59.7685],[16.593,59.7739],[16.5753,59.7893],[16.6005,59.792],[16.5927,59.7971],[16.5626,59.7977],[16.5305,59.8199],[16.5152,59.8177],[16.4553,59.8461],[16.4496,59.8393],[16.3768,59.8137],[16.3472,59.8212],[16.3572,59.8078],[16.3538,59.7996],[16.2826,59.7744],[16.2927,59.7637],[16.2809,59.7503],[16.2891,59.7456],[16.2857,59.7341],[16.2979,59.7237],[16.2944,59.7112],[16.3108,59.701],[16.281,59.6941],[16.2767,59.6814],[16.2637,59.6788]]]]},"properties":{"kommunkod":"1980","namn":"Västerås","lan":"19","ri_areal_ha":20138.0,"ri_areal_ar":2014,"ri_areal_klass":4}},{"type":"Feature","geometry":{"type":"MultiPolygon","coordinates":[[[[16.2745,59.7785],[16.2826,59.7744],[16.3538,59.7996],[16.3572,59.8078],[16.3462,59.82],[16.3523,59.8232],[16.3768,59.8137],[16.4496,59.8393],[16.4553,59.8461],[16.5152,59.8177],[16.5305,59.8199],[16.5626,59.7977],[16.5927,59.7971],[16.6005,59.792],[16.5753,59.7893],[16.593,59.7739],[16.5867,59.7685],[16.5928,59.7656],[16.6551,59.7553],[16.6473,59.7634],[16.6816,59.7719],[16.6635,59.7818],[16.6681,59.7884],[16.6935,59.7886],[16.729,59.7768],[16.7639,59.7962],[16.7653,59.8025],[16.7886,59.8067],[16.7839,59.8104],[16.7926,59.8152],[16.808,59.8157],[16.8112,59.8199],[16.7999,59.8248],[16.8098,59.8262],[16.8098,59.833],[16.8181,59.8365],[16.801,59.8441],[16.8371,59.8616],[16.8005,59.8696],[16.799,59.8815],[16.7731,59.8943],[16.7778,59.9057],[16.8021,59.9087],[16.7943,59.9459],[16.7907,59.9425],[16.7768,59.9553],[16.7614,59.9512],[16.7716,59.9638],[16.7892,59.9658],[16.7382,59.9829],[16.7337,60.002],[16.7236,60.0012],[16.7162,60.0109],[16.7275,60.0434],[16.692,60.0833],[16.7142,60.0894],[16.7052,60.109],[16.7323,60.1126],[16.7352,60.1177],[16.7275,60.1209],[16.7473,60.1359],[16.7307,60.1695],[16.7048,60.1951],[16.5436,60.1751],[16.527,60.1646],[16.5386,60.1514],[16.5346,60.1482],[16.5389,60.1374],[16.4381,60.1248],[16.4043,60.1022],[16.4062,60.0903],[16.3852,60.0894],[16.3872,60.0814],[16.3529,60.0814],[16.3514,60.0752],[16.3207,60.0788],[16.3217,60.0731],[16.2887,60.0699],[16.2227,60.0825],[16.2203,60.0759],[16.2076,60.0728],[16.1841,60.076],[16.1869,60.0668],[16.1922,60.0684],[16.1863,60.0632],[16.1923,60.0602],[16.1979,60.0353],[16.1966,60.0293],[16.1878,60.0288],[16.1763,60.0351],[16.1841,60.0279],[16.1874,60.0174],[16.1809,60.0198],[16.1891,60.0045],[16.2063,59.9919],[16.1453,59.9908],[16.1492,59.9821],[16.1419,59.9704],[16.1631,59.9606],[16.121,59.9418],[16.0924,59.9367],[16.1152,59.9094],[16.1045,59.905],[16.1223,59.882],[16.2063,59.8514],[16.2154,59.8394],[16.2171,59.8165],[16.2745,59.7785]]]]},"properties":{"kommunkod":"1981","namn":"Sala","lan":"19","ri_areal_ha":11280.0,"ri_areal_ar":2014,"ri_areal_klass":3}},{"type":"Feature","geometry":{"type":"MultiPolygon","coordinates":[[[[15.6779,59.9405],[15.7038,59.9159],[15.7023,59.9103],[15.7223,59.9053],[15.7449,59.9117],[15.7462,59.9055],[15.764,59.9076],[15.769,59.8996],[15.7596,59.8976],[15.769,59.895],[15.7631,59.8851],[15.7718,59.881],[15.864,59.8951],[15.9209,59.8548],[15.9415,59.8501],[16.0036,59.8621],[16.0331,59.8761],[16.0542,59.8971],[16.1145,59.9103],[16.0551,59.9907],[15.9909,59.9836],[15.9703,60.0045],[15.9188,60.0023],[15.8809,60.0146],[15.8724,60.036],[15.858,60.0474],[15.8191,60.0286],[15.7997,60.0439],[15.7594,60.0419],[15.7478,60.0227],[15.6986,60.0154],[15.7144,60.0002],[15.7143,59.976],[15.7195,59.9737],[15.7044,59.9648],[15.6926,59.9478],[15.6775,59.9454],[15.6779,59.9405]]]]},"properties":{"kommunkod":"1982","namn":"Fagersta","lan":"19","ri_areal_ha":3410.0,"ri_areal_ar":2014,"ri_areal_klass":1}},{"type":"Feature","geometry":{"type":"MultiPolygon","coordinates":[[[[15.7089,59.5305],[15.7378,59.5246],[15.7332,59.5453],[15.7684,59.511],[15.788,59.501],[15.7814,59.4975],[15.7935,59.4863],[15.8208,59.4691],[15.8322,59.4476],[15.8993,59.4651],[15.9067,59.4746],[15.9155,59.4677],[15.9282,59.4725],[15.932,59.475],[15.9261,59.4833],[15.9356,59.4906],[15.9387,59.4804],[15.9622,59.4689],[15.9799,59.4769],[16.0318,59.4782],[16.0563,59.4706],[16.0844,59.4719],[16.1079,59.4592],[16.1921,59.4509],[16.2269,59.4673],[16.1999,59.4691],[16.213,59.4986],[16.2359,59.5166],[16.2083,59.5378],[16.1774,59.5351],[16.1682,59.5509],[16.1431,59.5706],[16.1191,59.5803],[16.1275,59.5866],[16.1223,59.5946],[16.1071,59.6025],[16.0823,59.6043],[16.0745,59.6161],[16.0806,59.6388],[16.1101,59.6446],[16.1134,59.6539],[16.0281,59.6604],[16.0108,59.6716],[15.9966,59.7132],[15.9734,59.6944],[15.9645,59.661],[15.9058,59.6689],[15.8656,59.6536],[15.8633,59.6423],[15.8151,59.6311],[15.8155,59.6424],[15.8072,59.6478],[15.7715,59.6495],[15.7503,59.6825],[15.7409,59.6851],[15.6803,59.6848],[15.6825,59.681],[15.6752,59.6799],[15.6468,59.683],[15.6072,59.6976],[15.5504,59.6992],[15.5289,59.6902],[15.5328,59.6866],[15.5245,59.6769],[15.5267,59.666],[15.5125,59.6526],[15.5211,59.6334],[15.6188,59.6264],[15.6232,59.5982],[15.6353,59.5966],[15.6366,59.5912],[15.6322,59.5711],[15.6263,59.5737],[15.6285,59.5201],[15.6631,59.5251],[15.6819,59.5367],[15.7047,59.5389],[15.7089,59.5305]]]]},"properties":{"kommunkod":"1983","namn":"Köping","lan":"19","ri_areal_ha":1143.0,"ri_areal_ar":2014,"ri_areal_klass":1}},{"type":"Feature","geometry":{"type":"MultiPolygon","coordinates":[[[[15.8927,59.2305],[15.8648,59.2843],[15.8679,59.2901],[15.8732,59.282],[15.8681,59.2805],[15.8771,59.2802],[15.8806,59.3031],[15.9025,59.2964],[15.9122,59.3055],[15.9112,59.3156],[15.9425,59.3227],[15.9383,59.3414],[15.9907,59.3567],[15.9972,59.3676],[15.9783,59.3954],[15.9623,59.4039],[15.9604,59.4099],[15.9685,59.4115],[15.9314,59.4044],[15.9261,59.4176],[15.8899,59.4218],[15.8782,59.4301],[15.8811,59.4357],[15.8678,59.4579],[15.8322,59.4476],[15.8208,59.4691],[15.7935,59.4863],[15.7814,59.4975],[15.788,59.501],[15.7684,59.511],[15.7332,59.5453],[15.7378,59.5246],[15.7134,59.5257],[15.7197,59.5075],[15.6906,59.4961],[15.6855,59.4774],[15.7128,59.4758],[15.7157,59.4505],[15.7298,59.4313],[15.7309,59.4096],[15.6311,59.4049],[15.6244,59.397],[15.604,59.3966],[15.6,59.3668],[15.6126,59.3633],[15.6192,59.3526],[15.6145,59.3477],[15.6353,59.334],[15.6318,59.3166],[15.6077,59.2887],[15.6917,59.2705],[15.7265,59.2234],[15.7982,59.2305],[15.762,59.1979],[15.8927,59.2305]]]]},"properties":{"kommunkod":"1984","namn":"Arboga","lan":"19","ri_areal_ha":5916.0,"ri_areal_ar":2014,"ri_areal_klass":2}},{"type":"Feature","geometry":{"type":"MultiPolygon","coordinates":[[[[14.1053,60.23],[14.1492,60.2307],[14.1433,60.2423],[14.3727,60.2557],[14.5187,60.2342],[14.5486,60.2388],[14.627,60.2721],[14.6386,60.2673],[14.6295,60.2746],[14.6339,60.2895],[14.6095,60.3239],[14.6338,60.378],[14.6127,60.4705],[14.5359,60.5722],[14.3857,60.6514],[14.3634,60.6925],[14.0778,60.6737],[14.0111,60.6643],[14.0205,60.6217],[13.992,60.5875],[13.954,60.5843],[13.8992,60.5622],[13.9036,60.5052],[13.9115,60.4904],[13.9049,60.4566],[13.9417,60.3582],[13.9477,60.2902],[13.9385,60.2647],[13.9511,60.251],[13.991,60.2515],[14.0229,60.2424],[14.0237,60.2288],[14.1053,60.23]]]]},"properties":{"kommunkod":"2021","namn":"Vansbro","lan":"20","ri_areal_ha":42684.0,"ri_areal_ar":2014,"ri_areal_klass":5}},{"type":"Feature","geometry":{"type":"MultiPolygon","coordinates":[[[[13.9655,60.1752],[14.0119,60.1911],[13.9385,60.2647],[13.9477,60.2902],[13.9417,60.3582],[13.9049,60.4566],[13.9115,60.4904],[13.9036,60.5052],[13.8992,60.5622],[13.954,60.5843],[13.992,60.5875],[14.0205,60.6217],[14.0057,60.6879],[13.9434,60.7347],[13.9588,60.7435],[14.0163,60.8038],[13.9787,60.8432],[13.9069,60.8673],[13.6108,60.861],[13.6129,60.9022],[13.6018,60.9227],[13.5933,60.9223],[13.5881,60.9337],[13.5954,60.934],[13.5134,61.0924],[13.44,61.1476],[13.3939,61.2105],[13.3531,61.2872],[13.2445,61.3705],[13.2389,61.3867],[13.1983,61.4166],[13.0984,61.5217],[12.8708,61.3565],[12.8338,61.2585],[12.7903,61.197],[12.707,61.1433],[12.6826,61.0612],[12.6702,61.056],[12.6987,60.9981],[13.0816,60.8058],[13.1595,60.7551],[13.1988,60.696],[13.2008,60.6884],[13.1942,60.6848],[13.2488,60.6861],[13.2758,60.6444],[13.3272,60.6071],[13.4282,60.517],[13.4681,60.4594],[13.5423,60.4225],[13.6708,60.4034],[13.728,60.3557],[13.828,60.2548],[13.9655,60.1752]]]]},"properties":{"kommunkod":"2023","namn":"Malung-Sälen","lan":"20","ri_areal_ha":84706.0,"ri_areal_ar":2014,"ri_areal_klass":5}},{"type":"Feature","geometry":{"type":"MultiPolygon","coordinates":[[[[15.0658,60.3825],[15.0699,60.378],[15.0849,60.3821],[15.0658,60.3825]]],[[[14.6339,60.2895],[14.6335,60.2753],[14.6844,60.283],[14.7142,60.293],[14.7448,60.3167],[14.7527,60.3021],[14.7957,60.3055],[14.7989,60.3093],[14.7817,60.3279],[14.7736,60.3243],[14.7608,60.3291],[14.8097,60.3723],[14.9389,60.3751],[15.0116,60.3618],[15.0953,60.415],[15.0965,60.4335],[15.1076,60.4495],[15.1567,60.4771],[15.1762,60.467],[15.1838,60.4699],[15.1659,60.4817],[15.2475,60.5238],[15.2634,60.5457],[15.2772,60.5435],[15.2415,60.5516],[15.2422,60.5635],[15.267,60.6011],[15.3032,60.627],[15.2307,60.6282],[15.1872,60.6191],[15.1141,60.637],[15.0702,60.638],[15.0565,60.6233],[15.0455,60.6239],[15.0332,60.6037],[15.0123,60.6027],[15.0046,60.5907],[14.8924,60.5419],[14.7901,60.5564],[14.6283,60.5598],[14.5359,60.5722],[14.6127,60.4705],[14.6338,60.378],[14.6095,60.3239],[14.6339,60.2895]]],[[[14.8393,60.5558],[14.8425,60.5489],[14.8568,60.547],[14.8582,60.5541],[14.8393,60.5558]]],[[[14.8422,60.5612],[14.8391,60.5565],[14.8583,60.5545],[14.8576,60.5611],[14.8422,60.5612]]],[[[14.8495,60.5648],[14.8444,60.5631],[14.8576,60.5615],[14.8495,60.5648]]]]},"properties":{"kommunkod":"2026","namn":"Gagnef","lan":"20","ri_areal_ha":2521.0,"ri_areal_ar":2014,"ri_areal_klass":1}},{"type":"Feature","geometry":{"type":"MultiPolygon","coordinates":[[[[14.8917,60.8937],[14.8835,60.8923],[14.8888,60.8956],[14.8876,60.9049],[14.88,60.9072],[14.867,60.8963],[14.8701,60.8879],[14.8576,60.88],[14.6615,60.8203],[14.5452,60.7565],[14.4666,60.7294],[14.413,60.6939],[14.3634,60.6925],[14.3857,60.6514],[14.5359,60.5722],[14.6283,60.5598],[14.7901,60.5564],[14.8924,60.5419],[15.0046,60.5907],[15.0123,60.6027],[15.0332,60.6037],[15.0455,60.6239],[15.0565,60.6233],[15.0702,60.638],[15.1141,60.637],[15.1872,60.6191],[15.2307,60.6282],[15.3032,60.627],[15.4021,60.6619],[15.4264,60.6874],[15.4051,60.6908],[15.3975,60.6965],[15.3967,60.7077],[15.3553,60.7165],[15.3134,60.7057],[15.3182,60.7018],[15.286,60.6978],[15.285,60.7063],[15.292,60.7092],[15.2771,60.7074],[15.257,60.7161],[15.2879,60.7292],[15.2895,60.7365],[15.3229,60.7384],[15.3284,60.7445],[15.3319,60.7389],[15.3584,60.7404],[15.3224,60.7563],[15.3356,60.7577],[15.3564,60.7794],[15.3795,60.7908],[15.3691,60.7971],[15.4248,60.7942],[15.4466,60.8016],[15.4592,60.7946],[15.5332,60.8157],[15.5279,60.8208],[15.5365,60.8236],[15.5207,60.833],[15.5336,60.8304],[15.522,60.839],[15.5411,60.8394],[15.5453,60.8191],[15.6371,60.8498],[15.6196,60.8623],[15.595,60.8548],[15.5617,60.8551],[15.5585,60.8768],[15.5954,60.8637],[15.5868,60.8673],[15.5959,60.8698],[15.5967,60.8806],[15.5715,60.8978],[15.4886,60.8755],[15.5039,60.8647],[15.478,60.8506],[15.476,60.8392],[15.4575,60.8168],[15.4352,60.8234],[15.4663,60.8407],[15.4711,60.859],[15.462,60.8632],[15.463,60.869],[15.3653,60.8553],[15.3456,60.8444],[15.3349,60.8502],[15.2238,60.8149],[15.193,60.8124],[15.1373,60.8267],[15.0985,60.8273],[15.0734,60.8444],[15.0314,60.845],[15.0101,60.8641],[14.9588,60.8528],[14.9441,60.8712],[14.9311,60.8687],[14.9016,60.878],[14.8986,60.8716],[14.8833,60.8733],[14.8801,60.876],[14.8935,60.877],[14.8903,60.8843],[14.8954,60.8797],[14.9168,60.8829],[14.9063,60.886],[14.9108,60.8903],[14.8917,60.8937]],[[14.9032,60.8643],[14.9202,60.8663],[14.9481,60.8478],[14.9361,60.8423],[14.9043,60.8432],[14.9032,60.8643]],[[14.8435,60.5492],[14.8393,60.5558],[14.8582,60.5541],[14.8568,60.547],[14.8435,60.5492]],[[15.4565,60.8592],[15.4673,60.8595],[15.4574,60.843],[15.4477,60.8513],[15.4523,60.8585],[15.4546,60.8506],[15.4565,60.8592]],[[15.2617,60.7344],[15.2779,60.7334],[15.2703,60.7284],[15.2617,60.7344]],[[15.2191,60.7424],[15.2263,60.7427],[15.2153,60.7377],[15.2191,60.7424]],[[14.8398,60.5585],[14.8442,60.5629],[14.8589,60.5585],[14.8398,60.5585]],[[15.2862,60.7634],[15.2718,60.7684],[15.2738,60.7727],[15.2554,60.7722],[15.2741,60.7731],[15.2821,60.7838],[15.3137,60.7736],[15.3149,60.7578],[15.2862,60.7634]],[[14.884,60.8684],[14.8518,60.8509],[14.8346,60.8521],[14.884,60.8684]],[[15.3785,60.8031],[15.3713,60.8116],[15.3512,60.8167],[15.3561,60.8325],[15.4,60.8298],[15.4024,60.8202],[15.4074,60.8274],[15.4069,60.8202],[15.4094,60.8267],[15.4177,60.8242],[15.4111,60.8145],[15.4202,60.8094],[15.3898,60.8105],[15.3933,60.8038],[15.3877,60.8031],[15.3816,60.8109],[15.3846,60.7991],[15.3785,60.8031]],[[15.4832,60.8305],[15.4793,60.8371],[15.497,60.831],[15.4832,60.8305]],[[15.5011,60.8277],[15.5053,60.8215],[15.4871,60.8241],[15.4836,60.8298],[15.5158,60.8305],[15.4991,60.8308],[15.5016,60.8382],[15.5096,60.8386],[15.5219,60.8266],[15.5011,60.8277]]],[[[15.3928,60.8133],[15.4027,60.816],[15.381,60.8149],[15.3928,60.8133]]],[[[14.8927,60.9177],[14.8888,60.9146],[14.9037,60.9113],[14.9297,60.8909],[14.9761,60.896],[14.9592,60.9047],[14.9552,60.8997],[14.9599,60.8983],[14.9407,60.9018],[14.9466,60.9183],[14.9236,60.9392],[14.9107,60.9397],[14.909,60.9301],[14.8927,60.9177]]]]},"properties":{"kommunkod":"2029","namn":"Leksand","lan":"20","ri_areal_ha":30643.0,"ri_areal_ar":2014,"ri_areal_klass":4}},{"type":"Feature","geometry":{"type":"MultiPolygon","coordinates":[[[[14.9087,60.8431],[14.9044,60.8642],[14.8999,60.8637],[14.9087,60.8431]]],[[[14.9099,60.8626],[14.9221,60.8427],[14.9481,60.8478],[14.9202,60.8663],[14.9046,60.8657],[14.9099,60.8626]]],[[[14.8844,60.866],[14.8346,60.8521],[14.8518,60.8509],[14.8844,60.866]]],[[[15.0535,61.088],[15.0404,61.0592],[14.949,61.0293],[14.9212,61.0274],[14.9004,61.0022],[14.8708,60.9622],[14.9332,60.9329],[14.9466,60.9183],[14.9407,60.9018],[14.9599,60.8983],[14.9552,60.8997],[14.9592,60.9047],[14.9761,60.896],[14.9297,60.8909],[14.9037,60.9113],[14.8888,60.9146],[14.9027,60.9052],[14.8876,60.8956],[14.9108,60.8903],[14.9063,60.886],[14.9168,60.8829],[14.8954,60.8797],[14.8903,60.8843],[14.8935,60.877],[14.8801,60.876],[14.8833,60.8733],[14.8986,60.8716],[14.9016,60.878],[14.9311,60.8687],[14.9441,60.8712],[14.9588,60.8528],[15.0101,60.8641],[15.0314,60.845],[15.0734,60.8444],[15.0985,60.8273],[15.1373,60.8267],[15.193,60.8124],[15.2425,60.8199],[15.3392,60.8516],[15.4647,60.8692],[15.5715,60.8978],[15.6007,60.8783],[15.6274,60.87],[15.6299,60.8654],[15.6196,60.8623],[15.6371,60.8498],[15.6603,60.859],[15.6316,60.8809],[15.6293,60.9263],[15.6772,60.9841],[15.6788,61.0437],[15.7049,61.0542],[15.762,61.0496],[15.6803,61.1133],[15.6574,61.2156],[15.4401,61.3332],[15.3008,61.4261],[15.205,61.5039],[15.1533,61.5958],[15.0954,61.4929],[15.0147,61.1885],[15.0612,61.1761],[15.0814,61.1546],[15.0535,61.088]]]]},"properties":{"kommunkod":"2031","namn":"Rättvik","lan":"20","ri_areal_ha":57577.0,"ri_areal_ar":2014,"ri_areal_klass":5}},{"type":"Feature","geometry":{"type":"MultiPolygon","coordinates":[[[[15.0932,61.4841],[14.9694,61.4939],[14.9474,61.4895],[14.9002,61.4966],[14.8243,61.4923],[14.7308,61.4966],[14.7162,61.4891],[14.6793,61.4862],[14.6559,61.5009],[14.675,61.5283],[14.6689,61.546],[14.6538,61.5612],[14.6758,61.5753],[14.6766,61.5913],[14.4465,61.5946],[14.3946,61.5639],[14.3262,61.5345],[14.304,61.5005],[14.3209,61.4278],[14.3628,61.3921],[14.3976,61.3002],[14.4532,61.2505],[14.5111,61.182],[14.5721,61.0603],[14.7165,61.0497],[15.0404,61.0592],[15.0814,61.1546],[15.0612,61.1761],[15.0147,61.1885],[15.0932,61.4841]]]]},"properties":{"kommunkod":"2034","namn":"Orsa","lan":"20","ri_areal_ha":56353.0,"ri_areal_ar":2014,"ri_areal_klass":5}},{"type":"Feature","geometry":{"type":"MultiPolygon","coordinates":[[[[12.8708,61.3565],[13.0984,61.5217],[13.1983,61.4166],[13.2389,61.3867],[13.2445,61.3705],[13.3531,61.2872],[13.3939,61.2105],[13.4391,61.1487],[13.5134,61.0924],[13.5426,61.0316],[13.7606,61.0614],[13.9461,61.0511],[14.0768,61.1297],[14.1496,61.1445],[14.1851,61.1278],[14.1803,61.1179],[14.2491,61.1132],[14.2573,61.1024],[14.3549,61.1043],[14.2246,61.2005],[14.1734,61.221],[14.1762,61.2424],[14.1935,61.2694],[14.1596,61.3817],[14.0658,61.4843],[14.0461,61.5575],[13.9768,61.6214],[13.8979,61.6351],[13.5985,61.6564],[13.5591,61.6435],[13.4899,61.69],[13.4962,61.7135],[13.4973,61.702],[13.5115,61.7098],[13.4975,61.7183],[13.4958,61.7299],[13.4132,61.7965],[13.3832,61.834],[13.2613,61.9128],[13.2003,61.9291],[13.3919,62.0008],[13.2935,62.0116],[13.2861,62.0581],[13.1587,62.0197],[13.1165,62.0416],[13.0452,62.062],[13.0386,62.0714],[13.0035,62.0658],[12.9514,62.1334],[12.9026,62.1419],[12.8065,62.2202],[12.6078,62.2148],[12.2994,62.2675],[12.1377,61.7238],[12.2756,61.6402],[12.3412,61.6147],[12.4196,61.563],[12.5693,61.5687],[12.8708,61.3565]]]]},"properties":{"kommunkod":"2039","namn":"Älvdalen","lan":"20","ri_areal_ha":284830.0,"ri_areal_ar":2014,"ri_areal_klass":5}},{"type":"Feature","geometry":{"type":"MultiPolygon","coordinates":[[[[15.3837,60.276],[15.2931,60.2774],[15.2581,60.2868],[15.2334,60.2788],[15.2327,60.2631],[15.2265,60.2597],[15.2342,60.2532],[15.2439,60.2195],[15.2452,60.1891],[15.2381,60.1629],[15.2253,60.1615],[15.2214,60.1541],[15.2314,60.147],[15.2216,60.143],[15.2397,60.1318],[15.2213,60.1179],[15.2259,60.1019],[15.2038,60.0979],[15.1761,60.0704],[15.1661,60.0694],[15.1365,60.044],[15.1255,60.0084],[15.2054,60.0018],[15.2284,59.9761],[15.3553,59.894],[15.3646,59.8771],[15.3792,59.8775],[15.4222,59.8541],[15.4604,59.8947],[15.4878,59.8983],[15.4893,59.9025],[15.4734,59.9097],[15.501,59.928],[15.493,59.936],[15.5312,59.9572],[15.602,59.9481],[15.6235,59.9341],[15.6818,59.9379],[15.6775,59.9454],[15.6926,59.9478],[15.7044,59.9648],[15.7192,59.9732],[15.7143,59.976],[15.7144,60.0002],[15.6986,60.0154],[15.7309,60.023],[15.7315,60.0288],[15.6969,60.0339],[15.6823,60.052],[15.7066,60.0451],[15.7076,60.0575],[15.7224,60.0633],[15.7228,60.0726],[15.7381,60.0801],[15.7123,60.0819],[15.7192,60.0912],[15.7477,60.1003],[15.7518,60.1079],[15.7477,60.1113],[15.7599,60.1157],[15.765,60.1306],[15.7264,60.1283],[15.7254,60.1449],[15.767,60.1481],[15.7929,60.1645],[15.8014,60.1775],[15.6401,60.223],[15.5146,60.2469],[15.495,60.2539],[15.4968,60.2636],[15.4829,60.2713],[15.446,60.2663],[15.3837,60.276]]]]},"properties":{"kommunkod":"2061","namn":"Smedjebacken","lan":"20","ri_areal_ha":26887.0,"ri_areal_ar":2014,"ri_areal_klass":4}},{"type":"Feature","geometry":{"type":"MultiPolygon","coordinates":[[[[14.905,60.8642],[14.9087,60.8431],[14.9221,60.8427],[14.905,60.8642]]],[[[13.6237,61.0428],[13.5426,61.0316],[13.5954,60.934],[13.5881,60.9337],[13.5933,60.9223],[13.6018,60.9227],[13.6129,60.9022],[13.6108,60.861],[13.9069,60.8673],[13.9787,60.8432],[14.0163,60.8038],[13.9588,60.7435],[13.9434,60.7347],[14.0057,60.6879],[14.0111,60.6643],[14.227,60.685],[14.413,60.6939],[14.4666,60.7294],[14.5452,60.7565],[14.6615,60.8203],[14.8576,60.88],[14.8701,60.8879],[14.867,60.8963],[14.88,60.9072],[14.8876,60.9049],[14.8876,60.8956],[14.8965,60.8971],[14.9009,60.9092],[14.8866,60.9128],[14.909,60.9301],[14.9107,60.9397],[14.9236,60.9392],[14.8708,60.9623],[14.9212,61.0274],[14.949,61.0293],[15.0404,61.0592],[14.7165,61.0497],[14.5721,61.0603],[14.5111,61.182],[14.4532,61.2505],[14.3976,61.3002],[14.3628,61.3921],[14.3209,61.4278],[14.304,61.5005],[14.3262,61.5345],[14.3946,61.5639],[14.3361,61.5994],[14.2851,61.6082],[14.1822,61.6176],[13.9768,61.6214],[14.0461,61.5575],[14.0658,61.4843],[14.1596,61.3817],[14.1935,61.2694],[14.1762,61.2424],[14.1734,61.221],[14.2246,61.2005],[14.3549,61.1043],[14.2573,61.1024],[14.2491,61.1132],[14.1803,61.1179],[14.1851,61.1278],[14.1496,61.1445],[14.0768,61.1297],[13.9461,61.0511],[13.7606,61.0614],[13.6237,61.0428]]]]},"properties":{"kommunkod":"2062","namn":"Mora","lan":"20","ri_areal_ha":86170.0,"ri_areal_ar":2014,"ri_areal_klass":5}},{"type":"Feature","geometry":{"type":"MultiPolygon","coordinates":[[[[15.2676,60.7376],[15.2611,60.7357],[15.2649,60.7296],[15.2779,60.7334],[15.2676,60.7376]]],[[[15.2766,60.7682],[15.3149,60.7578],[15.3137,60.7736],[15.2908,60.7826],[15.282,60.7838],[15.2741,60.7731],[15.2554,60.7722],[15.2766,60.7682]]],[[[15.3678,60.8101],[15.382,60.7988],[15.3861,60.8029],[15.3816,60.8109],[15.3877,60.8031],[15.3933,60.8038],[15.3898,60.8105],[15.4203,60.8095],[15.4111,60.8145],[15.4153,60.8251],[15.4094,60.8267],[15.4069,60.8202],[15.4074,60.8274],[15.4024,60.8202],[15.4,60.8298],[15.3561,60.8325],[15.3512,60.8167],[15.3678,60.8101]],[[15.3949,60.8136],[15.381,60.8149],[15.4027,60.816],[15.3949,60.8136]]],[[[15.3653,60.8553],[15.3349,60.8502],[15.3456,60.8444],[15.3653,60.8553]]],[[[15.9446,61.006],[15.762,61.0496],[15.7049,61.0542],[15.691,61.0497],[15.6788,61.0437],[15.6772,60.9841],[15.6293,60.9263],[15.6316,60.8809],[15.6603,60.859],[15.6252,60.8421],[15.5453,60.8191],[15.5411,60.8394],[15.522,60.839],[15.5336,60.8304],[15.5207,60.833],[15.5365,60.8236],[15.5279,60.8208],[15.5332,60.8157],[15.4592,60.7946],[15.4466,60.8016],[15.4248,60.7942],[15.3691,60.7971],[15.3795,60.7908],[15.3564,60.7794],[15.3356,60.7577],[15.3224,60.7563],[15.3584,60.7404],[15.3319,60.7389],[15.3284,60.7445],[15.3229,60.7384],[15.2895,60.7365],[15.2879,60.7292],[15.257,60.7161],[15.2771,60.7074],[15.292,60.7092],[15.285,60.7063],[15.286,60.6978],[15.3182,60.7018],[15.3134,60.7057],[15.3596,60.7167],[15.397,60.7076],[15.3975,60.6965],[15.4051,60.6908],[15.4264,60.6874],[15.4021,60.6619],[15.3331,60.6394],[15.3473,60.6166],[15.405,60.5902],[15.3852,60.5821],[15.3442,60.6009],[15.3331,60.5995],[15.3525,60.5935],[15.3474,60.5808],[15.3572,60.5738],[15.3719,60.5758],[15.3946,60.5629],[15.3842,60.5616],[15.4118,60.5586],[15.4087,60.5526],[15.4156,60.5508],[15.429,60.551],[15.4393,60.5627],[15.4559,60.5396],[15.4996,60.5338],[15.5127,60.5213],[15.5314,60.5207],[15.5559,60.5392],[15.583,60.5434],[15.5977,60.5382],[15.5876,60.5324],[15.6067,60.5269],[15.635,60.5268],[15.6361,60.5329],[15.6525,60.5391],[15.6675,60.5355],[15.6496,60.5151],[15.6618,60.4732],[15.7045,60.4532],[15.7329,60.4524],[15.8104,60.4691],[15.8371,60.4867],[15.8489,60.4845],[15.8405,60.4883],[15.8654,60.4996],[15.8795,60.5151],[15.9203,60.5329],[15.9696,60.578],[15.9716,60.5865],[16.2384,60.6231],[16.3178,60.6895],[16.3076,60.7062],[16.3345,60.7289],[16.3433,60.725],[16.377,60.7436],[16.3858,60.7598],[16.3863,60.7868],[16.2552,60.8638],[16.131,60.9921],[15.9446,61.006]]],[[[15.5,60.8271],[15.5219,60.8266],[15.5096,60.8386],[15.5016,60.8382],[15.4991,60.8308],[15.5158,60.8305],[15.4836,60.8298],[15.4871,60.8241],[15.5053,60.8215],[15.5,60.8271]]],[[[15.4849,60.8373],[15.4793,60.8371],[15.4836,60.8298],[15.497,60.831],[15.4849,60.8373]]],[[[15.4894,60.875],[15.463,60.869],[15.462,60.8632],[15.4711,60.859],[15.4663,60.8407],[15.4352,60.8234],[15.4575,60.8168],[15.476,60.8392],[15.478,60.8506],[15.5039,60.8647],[15.4894,60.875]]],[[[15.4585,60.8592],[15.4546,60.8506],[15.4477,60.8579],[15.4574,60.843],[15.4673,60.8595],[15.4585,60.8592]]],[[[15.6112,60.8756],[15.5932,60.8799],[15.5959,60.8698],[15.5868,60.8673],[15.5954,60.8637],[15.5902,60.8617],[15.5557,60.8753],[15.5617,60.8551],[15.595,60.8548],[15.6299,60.8654],[15.6112,60.8756]]]]},"properties":{"kommunkod":"2080","namn":"Falun","lan":"20","ri_areal_ha":20732.0,"ri_areal_ar":2014,"ri_areal_klass":4}},{"type":"Feature","geometry":{"type":"MultiPolygon","coordinates":[[[[15.3768,60.2761],[15.4286,60.2691],[15.4271,60.2923],[15.4026,60.291],[15.3768,60.2761]]],[[[15.4805,60.3215],[15.4862,60.3182],[15.5068,60.3254],[15.4894,60.336],[15.479,60.3312],[15.4805,60.3215]]],[[[15.4588,60.3372],[15.481,60.3375],[15.4611,60.347],[15.443,60.3371],[15.4588,60.3372]]],[[[15.3106,60.6305],[15.2837,60.6178],[15.2794,60.6053],[15.267,60.6011],[15.2501,60.581],[15.2422,60.5635],[15.2415,60.5516],[15.2772,60.5435],[15.2634,60.5457],[15.2475,60.5238],[15.1659,60.4817],[15.1838,60.4699],[15.1762,60.467],[15.1567,60.4771],[15.1076,60.4495],[15.0965,60.4335],[15.0955,60.4197],[15.1219,60.3649],[15.1521,60.3336],[15.1466,60.3243],[15.193,60.3361],[15.2119,60.329],[15.2004,60.3148],[15.2204,60.3006],[15.3124,60.3016],[15.3435,60.3104],[15.3347,60.3309],[15.3523,60.3372],[15.3931,60.3359],[15.3908,60.3485],[15.3997,60.3509],[15.4304,60.3424],[15.4205,60.3579],[15.4673,60.3613],[15.5284,60.3856],[15.5519,60.3775],[15.5606,60.385],[15.5609,60.3973],[15.5541,60.3979],[15.5485,60.4089],[15.5609,60.4219],[15.5551,60.4229],[15.5588,60.4333],[15.5527,60.4376],[15.5848,60.4387],[15.6163,60.4535],[15.6362,60.4391],[15.7042,60.4538],[15.6613,60.4739],[15.6496,60.5151],[15.6675,60.5355],[15.6525,60.5391],[15.6361,60.5329],[15.635,60.5268],[15.6067,60.5269],[15.5876,60.5324],[15.5977,60.5382],[15.583,60.5434],[15.5559,60.5392],[15.5314,60.5207],[15.5087,60.5222],[15.5131,60.5255],[15.4996,60.5338],[15.4559,60.5396],[15.4393,60.5627],[15.429,60.551],[15.4156,60.5508],[15.4087,60.5526],[15.4118,60.5586],[15.3842,60.5616],[15.3946,60.5629],[15.3719,60.5758],[15.3572,60.5738],[15.3474,60.5808],[15.3525,60.5935],[15.3331,60.5995],[15.3442,60.6009],[15.3852,60.5821],[15.405,60.5902],[15.3473,60.6166],[15.3331,60.6394],[15.3106,60.6305]]]]},"properties":{"kommunkod":"2081","namn":"Borlänge","lan":"20","ri_areal_ha":4881.0,"ri_areal_ar":2014,"ri_areal_klass":2}},{"type":"Feature","geometry":{"type":"MultiPolygon","coordinates":[[[[15.427,60.2924],[15.4286,60.2691],[15.4829,60.2713],[15.4968,60.2636],[15.495,60.2539],[15.5146,60.2469],[15.6573,60.2188],[15.6873,60.2344],[15.7389,60.2407],[15.7587,60.2693],[15.7803,60.2766],[15.7733,60.2865],[15.8001,60.3204],[15.8307,60.322],[15.8432,60.3294],[15.8365,60.3445],[15.8229,60.3526],[15.881,60.3564],[15.9187,60.3676],[15.9493,60.3908],[15.9509,60.3996],[15.9371,60.4139],[15.9248,60.4114],[15.9159,60.4331],[15.9236,60.4352],[15.9559,60.4917],[16.1365,60.6103],[15.9716,60.5865],[15.9696,60.578],[15.9203,60.5329],[15.8795,60.5151],[15.8654,60.4996],[15.8405,60.4883],[15.8489,60.4845],[15.8371,60.4867],[15.8094,60.4688],[15.7676,60.4575],[15.7042,60.4538],[15.6407,60.4395],[15.63,60.4407],[15.6163,60.4535],[15.5848,60.4387],[15.5527,60.4376],[15.5588,60.4333],[15.5551,60.4229],[15.5609,60.4219],[15.5485,60.4089],[15.5541,60.3979],[15.5609,60.3973],[15.5606,60.385],[15.5519,60.3775],[15.5284,60.3856],[15.4673,60.3613],[15.4205,60.3579],[15.4304,60.3424],[15.3997,60.3509],[15.3908,60.3485],[15.3931,60.3359],[15.3523,60.3372],[15.3347,60.3309],[15.3435,60.3104],[15.3124,60.3016],[15.2088,60.3045],[15.2202,60.2916],[15.2393,60.287],[15.2363,60.2797],[15.2581,60.2868],[15.2931,60.2774],[15.3768,60.2761],[15.4026,60.291],[15.427,60.2924]],[[15.4657,60.3468],[15.481,60.3375],[15.443,60.3371],[15.4657,60.3468]],[[15.5068,60.3254],[15.4862,60.3182],[15.4768,60.3271],[15.4894,60.336],[15.5068,60.3254]]]]},"properties":{"kommunkod":"2082","namn":"Säter","lan":"20","ri_areal_ha":5234.0,"ri_areal_ar":2014,"ri_areal_klass":2}},{"type":"Feature","geometry":{"type":"MultiPolygon","coordinates":[[[[15.7707,60.1868],[15.882,60.1663],[15.9266,60.1723],[15.9463,60.185],[16.0169,60.1814],[16.0334,60.1915],[16.0589,60.1936],[16.0521,60.1993],[16.0653,60.2048],[16.0974,60.2475],[16.1089,60.252],[16.1196,60.2491],[16.1177,60.2441],[16.1525,60.2464],[16.1663,60.2348],[16.2018,60.2272],[16.2117,60.2425],[16.2359,60.2494],[16.2295,60.2512],[16.2347,60.2577],[16.2405,60.2481],[16.2499,60.249],[16.2583,60.2684],[16.3342,60.2812],[16.3258,60.2941],[16.2992,60.3063],[16.3037,60.3077],[16.2989,60.3135],[16.3136,60.329],[16.3158,60.3463],[16.3926,60.3793],[16.3372,60.4215],[16.2829,60.4724],[16.2794,60.4855],[16.251,60.4868],[16.2713,60.4922],[16.2589,60.4932],[16.1948,60.5353],[16.1365,60.6103],[15.9559,60.4917],[15.9236,60.4352],[15.9159,60.4331],[15.9248,60.4114],[15.9371,60.4139],[15.9509,60.3996],[15.9429,60.3856],[15.9187,60.3676],[15.881,60.3564],[15.8229,60.3526],[15.8365,60.3445],[15.8432,60.3294],[15.8307,60.322],[15.8001,60.3204],[15.7733,60.2865],[15.7803,60.2766],[15.7587,60.2693],[15.7389,60.2407],[15.6873,60.2344],[15.6573,60.2188],[15.7707,60.1868]]]]},"properties":{"kommunkod":"2083","namn":"Hedemora","lan":"20","ri_areal_ha":23925.0,"ri_areal_ar":2014,"ri_areal_klass":4}},{"type":"Feature","geometry":{"type":"MultiPolygon","coordinates":[[[[16.5427,60.34],[16.5165,60.3555],[16.4754,60.3665],[16.4232,60.3792],[16.3926,60.3793],[16.3158,60.3463],[16.3136,60.329],[16.2989,60.3135],[16.3037,60.3077],[16.2992,60.3063],[16.3258,60.2941],[16.3342,60.2812],[16.2583,60.2684],[16.2499,60.249],[16.2405,60.2481],[16.2347,60.2577],[16.2295,60.2512],[16.2359,60.2494],[16.2117,60.2425],[16.2018,60.2272],[16.1663,60.2348],[16.1525,60.2464],[16.1177,60.2441],[16.1196,60.2491],[16.1089,60.252],[16.0974,60.2475],[16.0653,60.2048],[16.0521,60.1993],[16.0589,60.1936],[16.0334,60.1915],[16.0169,60.1814],[16.0239,60.1822],[16.0519,60.1486],[16.1322,60.1386],[16.1639,60.1203],[16.1418,60.0925],[16.1815,60.0845],[16.1841,60.076],[16.2076,60.0728],[16.2203,60.0759],[16.2227,60.0825],[16.2887,60.0699],[16.3217,60.0731],[16.3207,60.0788],[16.3514,60.0752],[16.3529,60.0814],[16.3872,60.0814],[16.3852,60.0894],[16.4062,60.0903],[16.4043,60.1022],[16.4381,60.1248],[16.5389,60.1374],[16.5346,60.1482],[16.5386,60.1514],[16.527,60.1646],[16.5436,60.1751],[16.7048,60.1951],[16.6914,60.2149],[16.6293,60.2386],[16.6152,60.2789],[16.5793,60.2976],[16.5427,60.34]]]]},"properties":{"kommunkod":"2084","namn":"Avesta","lan":"20","ri_areal_ha":5820.0,"ri_areal_ar":2014,"ri_areal_klass":2}},{"type":"Feature","geometry":{"type":"MultiPolygon","coordinates":[[[[14.7235,59.9999],[14.7536,59.9972],[14.7373,60.0817],[14.8077,60.1109],[14.8507,60.1042],[14.8422,60.1019],[14.8382,60.0884],[14.8594,60.0818],[14.9048,60.0513],[14.9388,60.0487],[15.0134,60.0574],[15.034,60.0392],[15.0462,60.0429],[15.0476,60.0495],[15.0777,60.0411],[15.1255,60.0084],[15.1365,60.044],[15.1661,60.0694],[15.1761,60.0704],[15.2038,60.0979],[15.2259,60.1019],[15.2213,60.1179],[15.2397,60.1318],[15.2216,60.143],[15.2314,60.147],[15.2214,60.1541],[15.2253,60.1615],[15.2381,60.1629],[15.2452,60.1891],[15.2439,60.2195],[15.2342,60.2532],[15.2265,60.2597],[15.2327,60.2631],[15.2307,60.2723],[15.2393,60.287],[15.2202,60.2916],[15.2004,60.3148],[15.2119,60.329],[15.193,60.3361],[15.1466,60.3243],[15.151,60.3359],[15.1219,60.3649],[15.0955,60.4197],[15.0116,60.3618],[14.9389,60.3751],[14.8097,60.3723],[14.7608,60.3291],[14.7736,60.3243],[14.7817,60.3279],[14.7989,60.3093],[14.7957,60.3055],[14.7527,60.3021],[14.7448,60.3167],[14.7142,60.293],[14.6302,60.2753],[14.6388,60.2675],[14.627,60.2721],[14.5486,60.2388],[14.4949,60.2339],[14.3727,60.2557],[14.1433,60.2423],[14.1576,60.2072],[14.1868,60.1815],[14.189,60.1686],[14.1969,60.1633],[14.1946,60.1518],[14.2091,60.1261],[14.2042,60.1219],[14.2127,60.0957],[14.437,60.0257],[14.7235,59.9999]],[[15.0657,60.3794],[15.0673,60.3862],[15.0849,60.3821],[15.0657,60.3794]]]]},"properties":{"kommunkod":"2085","namn":"Ludvika","lan":"20","ri_areal_ha":75390.0,"ri_areal_ar":2014,"ri_areal_klass":5}},{"type":"Feature","geometry":{"type":"MultiPolygon","coordinates":[[[[16.1709,61.0056],[16.131,60.9921],[16.2552,60.8638],[16.3863,60.7868],[16.5245,60.7915],[16.6324,60.7855],[16.7238,60.7643],[16.7131,60.7583],[16.7378,60.7607],[16.7425,60.7587],[16.7383,60.7528],[16.7514,60.7518],[16.7426,60.7633],[16.9332,60.7852],[16.9544,60.8252],[16.9313,60.8548],[16.8957,60.8824],[16.8864,60.9072],[16.8823,60.9298],[16.8863,60.9504],[16.8973,60.9652],[16.8727,60.9915],[16.8884,61.0053],[16.9001,61.0428],[16.8188,61.0395],[16.7413,61.0767],[16.7066,61.0732],[16.7125,61.0776],[16.7071,61.0843],[16.6912,61.0804],[16.6073,61.0907],[16.5509,61.0885],[16.5193,61.0759],[16.5205,61.048],[16.4651,61.0534],[16.3062,61.0505],[16.1709,61.0056]]]]},"properties":{"kommunkod":"2101","namn":"Ockelbo","lan":"21","ri_areal_ha":11367.0,"ri_areal_ar":2014,"ri_areal_klass":3}},{"type":"Feature","geometry":{"type":"MultiPolygon","coordinates":[[[[16.3926,60.3793],[16.4232,60.3792],[16.5165,60.3555],[16.5298,60.3714],[16.5833,60.3812],[16.6093,60.3942],[16.6272,60.4119],[16.636,60.4075],[16.6482,60.4119],[16.6363,60.4177],[16.6684,60.4407],[16.6617,60.4562],[16.6669,60.4669],[16.6509,60.4698],[16.574,60.5129],[16.5631,60.5316],[16.5341,60.5492],[16.4191,60.5863],[16.3209,60.6047],[16.1976,60.614],[16.1365,60.6103],[16.1948,60.5353],[16.2589,60.4932],[16.2713,60.4922],[16.251,60.4868],[16.2794,60.4855],[16.2829,60.4724],[16.3372,60.4215],[16.3926,60.3793]]]]},"properties":{"kommunkod":"2104","namn":"Hofors","lan":"21","ri_areal_ha":3979.0,"ri_areal_ar":2014,"ri_areal_klass":2}},{"type":"Feature","geometry":{"type":"MultiPolygon","coordinates":[[[[15.7162,61.0856],[15.762,61.0496],[15.9214,61.0077],[15.9526,61.0392],[15.9678,61.0411],[15.9588,61.0456],[15.9702,61.0572],[15.9975,61.0669],[15.9804,61.0743],[15.9849,61.0842],[16.0335,61.1524],[16.0456,61.1496],[16.0592,61.1653],[16.046,61.1691],[16.0626,61.1782],[16.0668,61.1878],[16.0582,61.1897],[16.0771,61.2195],[16.0523,61.224],[16.0667,61.2386],[16.0882,61.2269],[16.108,61.256],[16.1234,61.2524],[16.1315,61.2569],[16.1195,61.2698],[16.1243,61.2638],[16.1118,61.2651],[16.1794,61.342],[16.1737,61.3449],[16.1786,61.352],[16.1855,61.3521],[16.1826,61.3565],[16.2064,61.3777],[16.2172,61.3927],[16.2115,61.3987],[16.219,61.3951],[16.2532,61.4398],[16.211,61.4608],[16.2202,61.485],[16.1915,61.4997],[16.1371,61.499],[16.0381,61.5308],[15.8467,61.5701],[15.8421,61.5622],[15.8332,61.5637],[15.8334,61.5727],[15.7738,61.5855],[15.7421,61.5829],[15.6589,61.6241],[15.5144,61.6067],[15.4034,61.6125],[15.4013,61.6039],[15.4148,61.5888],[15.4317,61.5814],[15.4221,61.5778],[15.4352,61.5667],[15.3993,61.5706],[15.3365,61.5654],[15.2656,61.5469],[15.2774,61.5223],[15.2632,61.5073],[15.2535,61.5121],[15.2381,61.5068],[15.2437,61.5019],[15.2163,61.4947],[15.3008,61.4261],[15.4401,61.3332],[15.6574,61.2156],[15.6803,61.1133],[15.7162,61.0856]]]]},"properties":{"kommunkod":"2121","namn":"Ovanåker","lan":"21","ri_areal_ha":17229.0,"ri_areal_ar":2014,"ri_areal_klass":4}},{"type":"Feature","geometry":{"type":"MultiPolygon","coordinates":[[[[16.1256,62.2465],[16.0133,62.2592],[16.7115,62.0494],[16.7929,61.9762],[16.8814,61.9512],[16.8558,61.9376],[16.949,61.8821],[16.973,61.8438],[16.9997,61.8455],[17.0289,61.833],[17.0754,61.8326],[17.101,61.842],[17.1233,61.8611],[17.177,61.8585],[17.2086,61.863],[17.2077,61.8709],[17.3007,61.8562],[17.2949,61.8498],[17.4425,61.8504],[18.009,61.8118],[18.0584,61.9752],[18.1164,62.0872],[17.5279,62.1326],[17.3197,62.157],[17.2164,62.1502],[17.207,62.1612],[17.1593,62.1632],[17.1169,62.1556],[17.07,62.1639],[16.9618,62.1629],[16.9446,62.1662],[16.9424,62.1716],[16.9344,62.168],[16.8915,62.176],[16.8014,62.2028],[16.6327,62.2142],[16.5209,62.233],[16.2312,62.2343],[16.1256,62.2465]]]]},"properties":{"kommunkod":"2132","namn":"Nordanstig","lan":"21","ri_areal_ha":16679.0,"ri_areal_ar":2014,"ri_areal_klass":4}},{"type":"Feature","geometry":{"type":"MultiPolygon","coordinates":[[[[15.3617,62.2891],[15.3261,62.272],[15.3567,62.2136],[15.3992,62.1948],[15.4014,62.1832],[15.4292,62.1449],[15.4172,62.1114],[15.3402,62.0913],[15.0921,61.9969],[15.1106,61.9568],[15.1406,61.9522],[15.1125,61.9355],[15.1159,61.8944],[15.0854,61.8962],[15.1086,61.844],[15.0918,61.8191],[15.0476,61.8239],[15.045,61.868],[14.9049,61.8793],[14.9278,61.8213],[14.8654,61.809],[14.8631,61.8274],[14.8058,61.8862],[14.7609,61.8641],[14.8093,61.8182],[14.8417,61.8042],[14.8563,61.7836],[14.7852,61.8046],[14.7014,61.8764],[14.6864,61.9016],[14.5248,61.7846],[14.5166,61.7343],[14.5222,61.7342],[14.5209,61.7269],[14.5153,61.7271],[14.4994,61.6259],[14.4465,61.5946],[14.6766,61.5913],[14.6758,61.5753],[14.6538,61.5612],[14.6689,61.546],[14.675,61.5283],[14.6559,61.5009],[14.6793,61.4862],[14.7162,61.4891],[14.7308,61.4966],[14.8243,61.4923],[14.9002,61.4966],[14.9474,61.4895],[14.9694,61.4939],[15.0932,61.4841],[15.1533,61.5958],[15.205,61.5039],[15.2163,61.4947],[15.2437,61.5019],[15.2381,61.5068],[15.2535,61.5121],[15.2632,61.5073],[15.2774,61.5223],[15.2656,61.5469],[15.3365,61.5654],[15.3993,61.5706],[15.4352,61.5667],[15.4221,61.5778],[15.4317,61.5814],[15.4148,61.5888],[15.4013,61.6039],[15.4034,61.6125],[15.5144,61.6067],[15.6589,61.6241],[15.7421,61.5829],[15.7738,61.5855],[15.8334,61.5727],[15.8332,61.5637],[15.8421,61.5622],[15.8467,61.5701],[16.0375,61.5309],[16.0564,61.5503],[16.0662,61.5524],[16.0594,61.5558],[16.1578,61.5909],[16.1754,61.5959],[16.1862,61.5907],[16.2359,61.608],[16.2294,61.6114],[16.28,61.6444],[16.518,61.6292],[16.5827,61.6404],[16.6328,61.6243],[16.5912,61.6463],[16.548,61.659],[16.2746,61.7938],[16.2951,61.8028],[16.299,61.8174],[16.3386,61.8723],[16.2991,61.8863],[16.2768,61.8869],[16.2582,61.9037],[16.252,61.9323],[16.2355,61.9472],[16.1978,62.0528],[16.1648,62.0852],[16.1633,62.0943],[16.1753,62.0949],[16.1546,62.1339],[16.0652,62.2166],[16.0802,62.2245],[16.1219,62.2037],[16.1741,62.2139],[16.0133,62.2592],[15.6132,62.3435],[15.5053,62.3386],[15.3617,62.2891]],[[15.3806,62.0313],[15.4175,62.0115],[15.3955,62.0089],[15.3659,62.0217],[15.3806,62.0313]]]]},"properties":{"kommunkod":"2161","namn":"Ljusdal","lan":"21","ri_areal_ha":160894.0,"ri_areal_ar":2014,"ri_areal_klass":5}},{"type":"Feature","geometry":{"type":"MultiPolygon","coordinates":[[[[17.1807,60.2986],[17.1987,60.3078],[17.1968,60.3451],[17.2136,60.365],[17.1995,60.3657],[17.1993,60.3785],[17.1891,60.3823],[17.1955,60.4105],[17.2173,60.4196],[17.2176,60.434],[17.2538,60.4352],[17.2566,60.4245],[17.2878,60.4468],[17.2979,60.4648],[17.3027,60.5089],[17.3489,60.5862],[17.3819,60.6769],[17.3956,60.6858],[17.7095,60.7084],[17.9572,60.9069],[17.8838,60.9347],[17.8091,61.0855],[17.3187,61.0896],[17.2567,61.0757],[17.2341,61.0597],[16.9001,61.0428],[16.8884,61.0053],[16.8727,60.9915],[16.8973,60.9652],[16.8863,60.9504],[16.8823,60.9298],[16.8864,60.9072],[16.8957,60.8824],[16.9313,60.8548],[16.9544,60.8252],[16.9332,60.7852],[16.859,60.7772],[16.8403,60.728],[16.8465,60.7081],[16.8588,60.7085],[16.8534,60.7009],[16.8639,60.6938],[16.846,60.6878],[16.8774,60.6658],[16.8694,60.6363],[16.8773,60.6153],[16.8397,60.6092],[16.8374,60.5931],[16.8749,60.562],[16.9338,60.5329],[16.9427,60.5191],[16.9351,60.4955],[16.9079,60.4892],[16.8908,60.4417],[16.8948,60.4303],[16.857,60.439],[16.8472,60.4474],[16.8114,60.4405],[16.796,60.4281],[16.7739,60.4242],[16.773,60.4179],[16.7828,60.4146],[16.7786,60.4118],[16.7857,60.3925],[16.7783,60.3899],[16.784,60.3883],[16.7801,60.3832],[16.7927,60.3869],[16.8188,60.368],[16.8318,60.3678],[16.8366,60.3598],[16.8436,60.3646],[16.8876,60.3528],[16.9027,60.3309],[16.8907,60.3047],[16.9089,60.2815],[16.9618,60.2873],[16.961,60.2924],[16.9805,60.2953],[17.0021,60.2749],[17.0585,60.273],[17.0824,60.2592],[17.1129,60.2693],[17.1031,60.2808],[17.1575,60.2874],[17.1807,60.2986]]]]},"properties":{"kommunkod":"2180","namn":"Gävle","lan":"21","ri_areal_ha":32674.0,"ri_areal_ar":2014,"ri_areal_klass":4}},{"type":"Feature","geometry":{"type":"MultiPolygon","coordinates":[[[[16.6986,60.205],[16.7048,60.1951],[16.779,60.1899],[16.7995,60.1996],[16.8026,60.2121],[16.8418,60.2168],[16.8535,60.2257],[16.9049,60.2395],[16.8882,60.2445],[16.8862,60.2536],[16.9131,60.2709],[16.8907,60.3047],[16.9013,60.3392],[16.8876,60.3528],[16.8436,60.3646],[16.8366,60.3598],[16.8318,60.3678],[16.8188,60.368],[16.7927,60.3869],[16.7801,60.3832],[16.784,60.3883],[16.7783,60.3899],[16.7857,60.3925],[16.7786,60.4118],[16.7828,60.4146],[16.7726,60.4186],[16.7739,60.4242],[16.796,60.4281],[16.8114,60.4405],[16.8472,60.4474],[16.857,60.439],[16.8948,60.4303],[16.8908,60.4417],[16.9079,60.4892],[16.9351,60.4955],[16.9427,60.5191],[16.9338,60.5329],[16.8749,60.562],[16.8374,60.5931],[16.8397,60.6092],[16.8773,60.6153],[16.8694,60.6363],[16.8774,60.6658],[16.846,60.6878],[16.8639,60.6938],[16.8534,60.7009],[16.8588,60.7085],[16.8465,60.7081],[16.8403,60.728],[16.859,60.7772],[16.7426,60.7633],[16.7514,60.7518],[16.7383,60.7528],[16.7425,60.7587],[16.7378,60.7607],[16.7131,60.7583],[16.7238,60.7643],[16.6324,60.7855],[16.5245,60.7915],[16.3863,60.7868],[16.3858,60.7598],[16.377,60.7436],[16.3433,60.725],[16.3345,60.7289],[16.3076,60.7062],[16.3178,60.6895],[16.2384,60.6231],[16.1976,60.614],[16.3209,60.6047],[16.436,60.5813],[16.5341,60.5492],[16.5631,60.5316],[16.574,60.5129],[16.6509,60.4698],[16.6669,60.4669],[16.6617,60.4562],[16.6684,60.4407],[16.6363,60.4177],[16.6482,60.4119],[16.636,60.4075],[16.6272,60.4119],[16.6093,60.3942],[16.5833,60.3812],[16.5298,60.3714],[16.5165,60.3555],[16.5427,60.34],[16.5793,60.2976],[16.6152,60.2789],[16.6293,60.2386],[16.6914,60.2149],[16.6986,60.205]]]]},"properties":{"kommunkod":"2181","namn":"Sandviken","lan":"21","ri_areal_ha":11742.0,"ri_areal_ar":2014,"ri_areal_klass":3}},{"type":"Feature","geometry":{"type":"MultiPolygon","coordinates":[[[[17.807,61.2479],[17.8417,61.3717],[17.1386,61.3949],[17.1136,61.4028],[17.042,61.4489],[16.9064,61.4573],[16.8181,61.4894],[16.7173,61.5357],[16.7073,61.5347],[16.6757,61.5208],[16.7082,61.5227],[16.6965,61.4876],[16.6975,61.4664],[16.714,61.4509],[16.7031,61.4371],[16.736,61.3864],[16.7001,61.3251],[16.6303,61.3174],[16.7232,61.278],[16.7474,61.242],[16.7331,61.2311],[16.7314,61.2202],[16.7149,61.2131],[16.7311,61.2033],[16.7124,61.1783],[16.6862,61.1626],[16.6872,61.1465],[16.6702,61.1444],[16.6541,61.1303],[16.5509,61.0885],[16.6073,61.0907],[16.6912,61.0804],[16.7071,61.0843],[16.7125,61.0776],[16.7066,61.0732],[16.7413,61.0767],[16.8188,61.0395],[17.2341,61.0597],[17.2567,61.0757],[17.3187,61.0896],[17.8091,61.0855],[17.7665,61.1711],[17.807,61.2479]],[[16.9526,61.4469],[16.9574,61.4454],[16.9471,61.4469],[16.9526,61.4469]]]]},"properties":{"kommunkod":"2182","namn":"Söderhamn","lan":"21","ri_areal_ha":9980.0,"ri_areal_ar":2014,"ri_areal_klass":2}},{"type":"Feature","geometry":{"type":"MultiPolygon","coordinates":[[[[16.0638,60.9972],[16.131,60.9921],[16.3062,61.0505],[16.4651,61.0534],[16.5205,61.048],[16.5193,61.0759],[16.6541,61.1303],[16.6702,61.1444],[16.6872,61.1465],[16.6862,61.1626],[16.7124,61.1783],[16.7311,61.2033],[16.7149,61.2131],[16.7314,61.2202],[16.7331,61.2311],[16.7474,61.242],[16.7232,61.278],[16.6303,61.3174],[16.7001,61.3251],[16.736,61.3864],[16.7031,61.4371],[16.714,61.4509],[16.6975,61.4664],[16.6965,61.4876],[16.7082,61.5227],[16.6757,61.5208],[16.6571,61.5126],[16.648,61.4914],[16.6113,61.5047],[16.6048,61.5923],[16.57,61.5866],[16.5544,61.5962],[16.6328,61.6243],[16.5827,61.6404],[16.518,61.6292],[16.28,61.6444],[16.2294,61.6114],[16.2359,61.608],[16.1862,61.5907],[16.1754,61.5959],[16.1578,61.5909],[16.0873,61.5663],[16.0594,61.5558],[16.0662,61.5524],[16.0416,61.5372],[16.0375,61.5309],[16.1371,61.499],[16.1915,61.4997],[16.2202,61.485],[16.211,61.4608],[16.2532,61.4398],[16.219,61.3951],[16.2115,61.3987],[16.2172,61.3927],[16.2064,61.3777],[16.1826,61.3565],[16.1855,61.3521],[16.1786,61.352],[16.1737,61.3449],[16.1794,61.342],[16.1118,61.2651],[16.1243,61.2638],[16.1195,61.2698],[16.1315,61.2569],[16.1234,61.2524],[16.108,61.256],[16.0882,61.2269],[16.0667,61.2386],[16.0523,61.224],[16.0771,61.2195],[16.0582,61.1897],[16.0668,61.1878],[16.0626,61.1782],[16.046,61.1691],[16.0592,61.1653],[16.0456,61.1496],[16.0335,61.1524],[15.9849,61.0842],[15.9804,61.0743],[15.9975,61.0669],[15.9702,61.0572],[15.9588,61.0456],[15.9678,61.0411],[15.9526,61.0392],[15.9214,61.0077],[16.0638,60.9972]]],[[[16.6276,61.5713],[16.6369,61.5742],[16.6283,61.5804],[16.6167,61.5771],[16.6276,61.5713]]]]},"properties":{"kommunkod":"2183","namn":"Bollnäs","lan":"21","ri_areal_ha":41809.0,"ri_areal_ar":2014,"ri_areal_klass":4}},{"type":"Feature","geometry":{"type":"MultiPolygon","coordinates":[[[[16.1894,62.2095],[16.1741,62.2139],[16.1219,62.2037],[16.0802,62.2245],[16.0652,62.2166],[16.1546,62.1339],[16.1753,62.0949],[16.1633,62.0943],[16.1648,62.0852],[16.1978,62.0528],[16.2355,61.9472],[16.252,61.9323],[16.2582,61.9037],[16.2768,61.8869],[16.2991,61.8863],[16.3386,61.8723],[16.299,61.8174],[16.2951,61.8028],[16.2746,61.7938],[16.548,61.659],[16.5912,61.6463],[16.6328,61.6243],[16.5544,61.5962],[16.57,61.5866],[16.6048,61.5923],[16.6113,61.5047],[16.648,61.4914],[16.6571,61.5126],[16.7173,61.5357],[16.8181,61.4894],[16.9064,61.4573],[17.042,61.4489],[17.1136,61.4028],[17.1386,61.3949],[17.8417,61.3717],[17.8793,61.5049],[17.9707,61.6837],[18.009,61.8118],[17.4425,61.8504],[17.2949,61.8498],[17.3007,61.8562],[17.2077,61.8709],[17.2086,61.863],[17.177,61.8585],[17.1233,61.8611],[17.101,61.842],[17.0754,61.8326],[17.0289,61.833],[16.9997,61.8455],[16.973,61.8438],[16.949,61.8821],[16.8558,61.9376],[16.8814,61.9512],[16.7929,61.9762],[16.7115,62.0494],[16.1894,62.2095]],[[16.6193,61.5776],[16.6283,61.5804],[16.6369,61.5742],[16.6276,61.5713],[16.6193,61.5776]],[[16.6135,61.5614],[16.6179,61.5611],[16.6065,61.563],[16.6135,61.5614]]]]},"properties":{"kommunkod":"2184","namn":"Hudiksvall","lan":"21","ri_areal_ha":51063.0,"ri_areal_ar":2014,"ri_areal_klass":5}},{"type":"Feature","geometry":{"type":"MultiPolygon","coordinates":[[[[14.79,62.4711],[14.7804,62.4731],[14.7916,62.4659],[14.79,62.4711]]],[[[15.986,62.2651],[16.2513,62.2345],[16.3952,62.3098],[16.4267,62.3497],[16.4149,62.3679],[16.473,62.421],[16.4562,62.4248],[16.4599,62.432],[16.4281,62.4494],[16.4452,62.4792],[16.4584,62.5004],[16.5512,62.5746],[16.5344,62.5782],[16.5705,62.5905],[16.3825,62.6742],[16.3699,62.6963],[16.2457,62.7102],[16.1305,62.6912],[15.9654,62.7128],[15.6396,62.6348],[15.5169,62.6172],[15.2451,62.6004],[15.1277,62.5591],[15.0935,62.5841],[14.9671,62.6008],[14.7811,62.5908],[14.8096,62.5624],[14.8023,62.5275],[14.8296,62.5084],[14.8305,62.4973],[14.8425,62.4879],[14.841,62.4724],[14.8504,62.4668],[14.8388,62.4594],[14.7964,62.4645],[14.8012,62.4041],[14.8751,62.4022],[14.8653,62.3908],[14.9395,62.3203],[15.1526,62.25],[15.2846,62.293],[15.3261,62.272],[15.3785,62.2972],[15.5053,62.3386],[15.6132,62.3435],[15.986,62.2651]]]]},"properties":{"kommunkod":"2260","namn":"Ånge","lan":"22","ri_areal_ha":50716.0,"ri_areal_ar":2014,"ri_areal_klass":5}},{"type":"Feature","geometry":{"type":"MultiPolygon","coordinates":[[[[18.285,62.4117],[17.7999,62.4707],[17.7415,62.4971],[17.7475,62.507],[17.7166,62.5312],[17.7087,62.5292],[17.6857,62.5416],[17.6716,62.5599],[17.6832,62.564],[17.6821,62.5699],[17.6688,62.5805],[17.608,62.5944],[17.5739,62.6111],[17.5408,62.6313],[17.5469,62.6329],[17.5393,62.6393],[17.5295,62.6387],[17.5226,62.6459],[17.5331,62.6446],[17.5207,62.656],[17.432,62.6989],[17.4222,62.7096],[17.412,62.7092],[17.2596,62.7997],[17.2875,62.805],[17.1772,62.8618],[16.9467,62.7449],[16.97,62.7162],[17.0656,62.6745],[17.1502,62.6246],[17.273,62.5882],[17.2685,62.5615],[17.2508,62.5227],[17.2367,62.5167],[17.224,62.5212],[17.2007,62.4814],[17.2163,62.4446],[17.2624,62.4488],[17.2893,62.4581],[17.2959,62.4711],[17.356,62.4732],[17.3527,62.4802],[17.3924,62.4853],[17.3942,62.4925],[17.4617,62.4911],[17.479,62.4886],[17.494,62.4781],[17.5188,62.4471],[17.501,62.4399],[17.5275,62.4205],[17.5629,62.4144],[17.5996,62.4205],[17.6582,62.3775],[18.2314,62.3083],[18.285,62.4117]]]]},"properties":{"kommunkod":"2262","namn":"Timrå","lan":"22","ri_areal_ha":15949.0,"ri_areal_ar":2014,"ri_areal_klass":3}},{"type":"Feature","geometry":{"type":"MultiPolygon","coordinates":[[[[17.4092,62.8874],[17.3264,62.9097],[17.2618,62.8987],[17.2372,62.9028],[17.1866,62.8856],[17.1772,62.8618],[17.2875,62.805],[17.2596,62.7997],[17.412,62.7092],[17.4222,62.7096],[17.432,62.6989],[17.5207,62.656],[17.5331,62.6446],[17.5226,62.6459],[17.5295,62.6387],[17.5393,62.6393],[17.5469,62.6329],[17.5408,62.6313],[17.5739,62.6111],[17.608,62.5944],[17.6688,62.5805],[17.6821,62.5699],[17.6832,62.564],[17.6716,62.5599],[17.6857,62.5416],[17.7087,62.5292],[17.7166,62.5312],[17.7475,62.507],[17.7415,62.4971],[17.7999,62.4707],[18.285,62.4117],[18.5894,62.5958],[18.1831,62.741],[18.1716,62.7562],[18.1007,62.7585],[18.0063,62.7941],[17.9396,62.7963],[17.9037,62.8106],[17.8813,62.8277],[17.8851,62.8294],[17.8502,62.8453],[17.7221,62.8712],[17.4938,62.8613],[17.4715,62.8788],[17.452,62.8683],[17.442,62.8841],[17.4092,62.8874]]]]},"properties":{"kommunkod":"2280","namn":"Härnösand","lan":"22","ri_areal_ha":8496.0,"ri_areal_ar":2014,"ri_areal_klass":2}},{"type":"Feature","geometry":{"type":"MultiPolygon","coordinates":[[[[17.0442,62.9229],[16.999,62.947],[16.8518,62.9292],[16.7202,62.922],[16.7092,62.9134],[16.7077,62.9211],[16.6801,62.912],[16.6702,62.9169],[16.4927,62.8073],[16.4188,62.7711],[16.3699,62.6963],[16.3825,62.6742],[16.5705,62.5905],[16.5344,62.5782],[16.5512,62.5746],[16.4584,62.5004],[16.4452,62.4792],[16.4281,62.4494],[16.4599,62.432],[16.4562,62.4248],[16.473,62.421],[16.4149,62.3679],[16.4267,62.3497],[16.3952,62.3098],[16.2513,62.2345],[16.5209,62.233],[16.6327,62.2142],[16.8014,62.2028],[16.8915,62.176],[16.9344,62.168],[16.9424,62.1716],[16.9446,62.1662],[16.9618,62.1629],[17.07,62.1639],[17.1169,62.1556],[17.1593,62.1632],[17.207,62.1612],[17.2164,62.1502],[17.3197,62.157],[17.5279,62.1326],[18.1164,62.0872],[18.2314,62.3083],[17.6582,62.3775],[17.5996,62.4205],[17.5629,62.4144],[17.5275,62.4205],[17.501,62.4399],[17.5188,62.4471],[17.494,62.4781],[17.479,62.4886],[17.4617,62.4911],[17.3942,62.4925],[17.3924,62.4853],[17.3527,62.4802],[17.356,62.4732],[17.2959,62.4711],[17.2893,62.4581],[17.2624,62.4488],[17.2163,62.4446],[17.2007,62.4814],[17.224,62.5212],[17.2367,62.5167],[17.2508,62.5227],[17.2685,62.5615],[17.273,62.5882],[17.1502,62.6246],[17.0656,62.6745],[16.97,62.7162],[16.9467,62.7449],[17.1644,62.8558],[17.0442,62.9229]]]]},"properties":{"kommunkod":"2281","namn":"Sundsvall","lan":"22","ri_areal_ha":114314.0,"ri_areal_ar":2014,"ri_areal_klass":5}},{"type":"Feature","geometry":{"type":"MultiPolygon","coordinates":[[[[18.9614,62.8203],[18.9863,62.8342],[18.5842,62.9738],[18.5754,63.0006],[18.6011,63.0313],[18.5746,63.0644],[18.5516,63.0675],[18.5196,63.0857],[18.4947,63.084],[18.3984,63.1129],[18.0552,63.1859],[17.9773,63.172],[17.9888,63.1575],[17.896,63.1417],[17.8801,63.1609],[17.7487,63.1088],[17.6954,63.1292],[17.597,63.1113],[17.5474,63.1143],[17.2976,63.0557],[17.3152,63.0352],[17.2507,63.0152],[17.2085,63.0309],[17.1787,63.0206],[17.2512,62.9952],[17.2106,62.9718],[17.2708,62.9302],[17.3308,62.9407],[17.3531,62.9142],[17.3264,62.9097],[17.4157,62.8856],[17.442,62.8841],[17.452,62.8683],[17.4715,62.8788],[17.4938,62.8613],[17.7221,62.8712],[17.8502,62.8453],[17.8851,62.8294],[17.8813,62.8277],[17.9037,62.8106],[17.9396,62.7963],[18.0063,62.7941],[18.1007,62.7585],[18.1716,62.7562],[18.1831,62.741],[18.5894,62.5958],[18.9614,62.8203]]],[[[18.0065,63.2017],[17.9933,63.2052],[17.9727,63.1972],[18.0551,63.1861],[18.0065,63.2017]]]]},"properties":{"kommunkod":"2282","namn":"Kramfors","lan":"22","ri_areal_ha":91240.0,"ri_areal_ar":2014,"ri_areal_klass":5}},{"type":"Feature","geometry":{"type":"MultiPolygon","coordinates":[[[[17.9933,63.2052],[17.9997,63.2078],[17.8369,63.2754],[17.8028,63.2582],[17.5345,63.2957],[17.5464,63.3262],[17.4756,63.3398],[17.4744,63.3843],[17.4501,63.3848],[17.4196,63.4617],[17.4171,63.5086],[17.2803,63.4797],[17.28,63.5033],[17.2926,63.5298],[17.2512,63.5537],[17.2702,63.5645],[17.3443,63.5764],[17.3008,63.6135],[17.2684,63.6097],[17.2891,63.6234],[17.2643,63.6445],[17.3364,63.694],[17.3064,63.7398],[17.2241,63.7072],[17.2118,63.7717],[17.2756,63.8016],[17.2016,63.8147],[17.2097,63.82],[17.1814,63.827],[17.1928,63.8512],[17.1769,63.8694],[17.1928,63.8847],[17.3253,63.869],[17.3356,63.8893],[17.2554,63.8955],[17.2615,63.9138],[16.8783,63.9507],[16.7186,64.0274],[16.5812,63.8732],[16.5661,63.8313],[16.5745,63.7827],[16.5974,63.7545],[16.6142,63.714],[16.3483,63.6969],[16.3409,63.6905],[16.3193,63.6977],[16.2708,63.6597],[16.2239,63.6612],[16.0872,63.7043],[15.9815,63.653],[15.9058,63.6642],[15.9102,63.6746],[15.8987,63.6831],[15.7921,63.6578],[15.9267,63.5935],[15.9975,63.5506],[15.9658,63.4441],[16.0173,63.4306],[16.0508,63.4476],[16.1395,63.4213],[16.1315,63.383],[16.096,63.3692],[16.2038,63.3371],[16.1967,63.3316],[16.2478,63.3119],[16.2873,63.311],[16.2754,63.3011],[16.6015,63.1731],[16.8884,63.016],[16.999,62.947],[17.1636,62.8563],[17.1772,62.8618],[17.1866,62.8856],[17.2372,62.9028],[17.2618,62.8987],[17.3531,62.9142],[17.3308,62.9407],[17.2708,62.9302],[17.2106,62.9718],[17.2512,62.9952],[17.1787,63.0206],[17.2085,63.0309],[17.2507,63.0152],[17.3152,63.0352],[17.2976,63.0557],[17.5474,63.1143],[17.597,63.1113],[17.6954,63.1292],[17.7487,63.1088],[17.8801,63.1609],[17.896,63.1417],[17.9888,63.1575],[17.9773,63.172],[18.0552,63.1859],[17.9727,63.1972],[17.9933,63.2052]]]]},"properties":{"kommunkod":"2283","namn":"Sollefteå","lan":"22","ri_areal_ha":277491.0,"ri_areal_ar":2014,"ri_areal_klass":5}},{"type":"Feature","geometry":{"type":"MultiPolygon","coordinates":[[[[18.0551,63.1861],[18.3984,63.1129],[18.4947,63.084],[18.5196,63.0857],[18.5516,63.0675],[18.5746,63.0644],[18.6011,63.0313],[18.5754,63.0006],[18.5842,62.9738],[18.9863,62.8342],[19.4284,63.0761],[19.6078,63.102],[19.2865,63.4634],[19.2928,63.4698],[19.2867,63.4701],[19.1909,63.5719],[19.1818,63.5984],[19.0443,63.6888],[18.9971,63.7313],[18.9713,63.7342],[18.9507,63.729],[18.9619,63.7605],[18.9148,63.7779],[18.9015,63.7826],[18.82,63.7735],[18.8007,63.7811],[18.8072,63.7885],[18.7573,63.8104],[18.7219,63.8064],[18.6844,63.8203],[18.6376,63.8262],[18.5944,63.8226],[18.4855,63.8426],[18.482,63.8561],[18.4723,63.8638],[18.4792,63.8661],[18.4398,63.893],[18.426,63.909],[18.4262,63.92],[18.4082,63.9215],[18.4064,63.9266],[18.42,63.9338],[18.4649,63.9317],[18.463,63.9443],[18.4755,63.9574],[18.465,63.9748],[18.4273,63.991],[18.406,63.9957],[17.7334,63.8801],[17.2615,63.9138],[17.2554,63.8955],[17.3356,63.8893],[17.328,63.8696],[17.1928,63.8847],[17.1817,63.8783],[17.1769,63.8694],[17.1928,63.8512],[17.1814,63.827],[17.2097,63.82],[17.2016,63.8147],[17.2756,63.8016],[17.2118,63.7717],[17.2241,63.7072],[17.3064,63.7398],[17.3364,63.694],[17.2643,63.6445],[17.2891,63.6234],[17.2684,63.6097],[17.3008,63.6135],[17.3443,63.5764],[17.2702,63.5645],[17.2512,63.5537],[17.2926,63.5298],[17.28,63.5033],[17.2803,63.4797],[17.4171,63.5086],[17.4196,63.4617],[17.4501,63.3848],[17.4744,63.3843],[17.4756,63.3398],[17.5464,63.3262],[17.5345,63.2957],[17.8028,63.2582],[17.8369,63.2754],[17.9997,63.2078],[17.9933,63.2052],[18.0551,63.1861]]]]},"properties":{"kommunkod":"2284","namn":"Örnsköldsvik","lan":"22","ri_areal_ha":200280.0,"ri_areal_ar":2014,"ri_areal_klass":5}},{"type":"Feature","geometry":{"type":"MultiPolygon","coordinates":[[[[15.4949,63.3634],[15.5035,63.3259],[15.556,63.3088],[15.4631,63.2575],[15.4268,63.2853],[15.3883,63.3004],[15.3664,63.298],[15.365,63.3032],[15.3058,63.264],[15.3139,63.2615],[15.2714,63.2369],[15.2217,63.2425],[15.2318,63.1871],[15.3076,63.1895],[15.2914,63.1772],[15.3016,63.1718],[15.3179,63.1441],[15.4253,63.1225],[15.5011,63.068],[15.6103,63.0766],[15.7073,63.0406],[15.7251,63.0633],[15.7902,63.0745],[15.8125,63.0633],[15.934,63.0847],[15.9646,63.0518],[15.9972,63.049],[16.0079,63.0816],[16.0317,63.0902],[16.0767,63.069],[16.1296,63.0853],[16.1648,63.0762],[16.3261,63.0575],[16.3973,63.0356],[16.4457,62.9987],[16.4214,62.9439],[16.3954,62.9318],[16.4366,62.9043],[16.4944,62.8083],[16.6702,62.9169],[16.6801,62.912],[16.7077,62.9211],[16.7092,62.9134],[16.7202,62.922],[16.8518,62.9292],[16.999,62.947],[16.8884,63.016],[16.6015,63.1731],[16.2754,63.3011],[16.2873,63.311],[16.2478,63.3119],[16.1967,63.3316],[16.2038,63.3371],[16.096,63.3692],[16.1315,63.383],[16.1395,63.4213],[16.0508,63.4476],[16.0173,63.4306],[15.9658,63.4441],[15.9862,63.5145],[15.8789,63.5062],[15.7917,63.5149],[15.6931,63.4732],[15.6655,63.444],[15.5803,63.425],[15.5605,63.4379],[15.5549,63.4165],[15.4949,63.3634]]]]},"properties":{"kommunkod":"2303","namn":"Ragunda","lan":"23","ri_areal_ha":154638.0,"ri_areal_ar":2014,"ri_areal_klass":5}},{"type":"Feature","geometry":{"type":"MultiPolygon","coordinates":[[[[14.7901,62.7402],[14.8584,62.7128],[14.8662,62.7041],[14.8614,62.6815],[14.8847,62.6382],[14.9167,62.5981],[14.9671,62.6008],[15.0935,62.5841],[15.1277,62.5591],[15.2451,62.6004],[15.5169,62.6172],[15.6396,62.6348],[15.9654,62.7128],[16.1305,62.6912],[16.2457,62.7102],[16.3699,62.6963],[16.4188,62.7711],[16.4944,62.8083],[16.4366,62.9043],[16.3954,62.9318],[16.4214,62.9439],[16.4457,62.9987],[16.3973,63.0356],[16.3261,63.0575],[16.1648,63.0762],[16.1296,63.0853],[16.0767,63.069],[16.0317,63.0902],[16.0079,63.0816],[15.9972,63.049],[15.9646,63.0518],[15.934,63.0847],[15.8125,63.0633],[15.7902,63.0745],[15.7251,63.0633],[15.7073,63.0406],[15.6103,63.0766],[15.5011,63.068],[15.4253,63.1225],[15.3179,63.1441],[15.2567,63.0967],[15.1721,63.1459],[15.153,63.1478],[15.1436,63.142],[15.1004,63.1485],[15.1309,63.0846],[15.1157,63.0562],[15.0419,63.0637],[15.0086,63.0422],[15.0385,63.0132],[15.0532,62.9885],[15.012,62.9618],[14.9879,62.9729],[14.9632,62.9515],[14.9827,62.9406],[15.0012,62.9398],[14.9979,62.9356],[14.9217,62.9054],[14.8902,62.9226],[14.7935,62.9328],[14.7728,62.9129],[14.8145,62.811],[14.7689,62.8105],[14.8169,62.7639],[14.7806,62.7579],[14.7694,62.7484],[14.7901,62.7402]]]]},"properties":{"kommunkod":"2305","namn":"Bräcke","lan":"23","ri_areal_ha":172819.0,"ri_areal_ar":2014,"ri_areal_klass":5}},{"type":"Feature","geometry":{"type":"MultiPolygon","coordinates":[[[[13.4941,63.2344],[13.5265,63.2141],[13.5531,63.2151],[13.5583,63.2233],[13.5718,63.2262],[13.586,63.2733],[13.5195,63.2664],[13.5322,63.2468],[13.4941,63.2344]]],[[[14.2401,63.2351],[14.2719,63.2249],[14.3131,63.2306],[14.4055,63.2163],[14.4767,63.2223],[14.5154,63.2319],[14.5998,63.2086],[14.6218,63.2231],[14.7479,63.2246],[14.7174,63.2526],[14.7314,63.2663],[14.7294,63.2805],[14.7217,63.2831],[14.7358,63.2929],[14.7403,63.3119],[14.6941,63.3046],[14.6321,63.317],[14.6486,63.3592],[14.6152,63.3818],[14.5876,63.3901],[14.5852,63.3999],[14.5668,63.413],[14.4984,63.4496],[14.5855,63.4879],[14.5479,63.4991],[14.5924,63.5088],[14.579,63.5208],[14.5799,63.5397],[14.5722,63.5429],[14.578,63.5485],[14.5451,63.558],[14.5313,63.5851],[14.5382,63.5887],[14.5951,63.5647],[14.6905,63.5684],[14.7123,63.538],[14.7427,63.5497],[14.7593,63.5415],[14.7572,63.5379],[14.7726,63.558],[14.7642,63.5569],[14.7826,63.5932],[14.8638,63.5705],[14.9441,63.5949],[14.897,63.6137],[14.8586,63.6497],[14.9364,63.6496],[14.9256,63.7039],[14.9394,63.7096],[14.9028,63.7208],[14.9156,63.7219],[14.9494,63.7829],[15.0197,63.8219],[15.1064,63.8502],[15.1041,63.8563],[15.089,63.8585],[15.1044,63.8645],[15.1016,63.8685],[15.0766,63.8852],[15.065,63.8845],[15.0691,63.8933],[15.0482,63.8923],[15.0563,63.894],[15.045,63.9067],[14.9782,63.9345],[14.9078,64.0268],[14.9764,64.0445],[14.9164,64.1069],[14.8774,64.107],[14.7744,64.2771],[14.257,64.3404],[14.1708,64.3983],[14.1267,64.3874],[14.1571,64.1951],[13.9675,64.008],[13.7154,64.0463],[13.2781,64.0892],[13.3177,64.0678],[13.3098,64.0325],[13.3368,63.9858],[13.3317,63.9546],[13.3409,63.9473],[13.3256,63.9156],[13.3835,63.8579],[13.3641,63.8403],[13.3838,63.8209],[13.3762,63.8],[13.4066,63.7937],[13.4088,63.7774],[13.4184,63.769],[13.4718,63.7705],[13.4697,63.6854],[13.4386,63.6724],[13.4749,63.6655],[13.4882,63.6734],[13.5067,63.6028],[13.4511,63.617],[13.3799,63.6618],[13.2966,63.6722],[13.2863,63.6706],[13.2928,63.6591],[13.2808,63.6532],[13.3116,63.6217],[13.3958,63.6131],[13.4084,63.6032],[13.422,63.6066],[13.505,63.5728],[13.5162,63.5737],[13.4978,63.5675],[13.4836,63.5425],[13.5282,63.4897],[13.4905,63.4706],[13.4723,63.4325],[13.5398,63.4326],[13.5452,63.4211],[13.5662,63.4151],[13.5802,63.4008],[13.6116,63.4172],[13.7028,63.3765],[13.6957,63.3675],[13.7705,63.35],[13.7577,63.3453],[13.7662,63.3428],[13.8348,63.3566],[13.8316,63.3428],[13.8394,63.338],[13.8644,63.3494],[13.8912,63.3483],[14.006,63.3273],[14.0473,63.3132],[14.0796,63.2899],[14.1793,63.2718],[14.2401,63.2351]],[[14.4659,64.2845],[14.5684,64.2762],[14.5074,64.2288],[14.4113,64.2348],[14.3261,64.29],[14.4294,64.3001],[14.4659,64.2845]]]]},"properties":{"kommunkod":"2309","namn":"Krokom","lan":"23","ri_areal_ha":404017.0,"ri_areal_ar":2014,"ri_areal_klass":5}},{"type":"Feature","geometry":{"type":"MultiPolygon","coordinates":[[[[14.613,65.0024],[14.326,65.1189],[14.1299,64.9786],[13.9776,64.8597],[13.7055,64.64],[13.6543,64.5803],[13.8912,64.5071],[14.0852,64.4782],[14.1139,64.4625],[14.1267,64.3874],[14.1708,64.3983],[14.257,64.3404],[14.7744,64.2771],[14.8774,64.107],[14.9164,64.1069],[14.9764,64.0445],[14.9078,64.0268],[14.9782,63.9345],[15.045,63.9067],[15.0563,63.894],[15.0482,63.8923],[15.0691,63.8933],[15.0652,63.8843],[15.0766,63.8852],[15.1047,63.865],[15.089,63.8587],[15.1041,63.8563],[15.1064,63.8502],[15.0197,63.8219],[14.9492,63.7827],[14.9156,63.7219],[14.9028,63.7208],[14.9394,63.7096],[14.9256,63.7039],[14.9364,63.6496],[14.8586,63.6497],[14.897,63.6137],[14.9871,63.579],[15.0554,63.5268],[15.0875,63.5173],[15.0385,63.4866],[15.0779,63.4683],[15.1212,63.4793],[15.2385,63.4435],[15.342,63.3994],[15.3914,63.3634],[15.4368,63.347],[15.4949,63.3634],[15.5549,63.4165],[15.5605,63.4379],[15.5803,63.425],[15.6655,63.444],[15.6931,63.4732],[15.7917,63.5149],[15.8789,63.5062],[15.9862,63.5145],[15.9975,63.5506],[15.9267,63.5935],[15.7921,63.6578],[15.8987,63.6831],[15.9102,63.6746],[15.9058,63.6642],[15.9815,63.653],[16.0872,63.7043],[16.2239,63.6612],[16.2708,63.6597],[16.3193,63.6977],[16.3409,63.6905],[16.3483,63.6969],[16.6142,63.714],[16.5974,63.7545],[16.5745,63.7827],[16.5661,63.8313],[16.5812,63.8732],[16.7186,64.0274],[16.2193,64.264],[16.1654,64.2612],[16.1448,64.2677],[16.0426,64.2489],[16.0197,64.2691],[16.0224,64.3328],[15.8536,64.3756],[15.8691,64.382],[15.7536,64.4069],[15.7402,64.404],[15.7044,64.538],[15.6362,64.5196],[15.6472,64.448],[15.5795,64.4434],[15.5774,64.4545],[15.5825,64.4553],[15.5534,64.4864],[15.5573,64.4962],[15.5385,64.5072],[15.5432,64.5186],[15.5208,64.5322],[15.4396,64.5572],[15.4277,64.5834],[15.4175,64.5793],[15.3701,64.5837],[15.3156,64.6207],[15.2649,64.6265],[15.2405,64.6355],[15.3415,64.6467],[15.3348,64.654],[15.3344,64.669],[15.3086,64.6783],[15.2912,64.6775],[15.2654,64.6999],[15.1862,64.7405],[15.1178,64.7528],[15.0624,64.7516],[15.0329,64.7604],[15.0269,64.7791],[15.0353,64.7914],[14.9739,64.8461],[14.8374,64.8781],[14.8466,64.8829],[14.8414,64.8924],[14.7723,64.9135],[14.7807,64.9205],[14.7756,64.9292],[14.7785,64.9398],[14.7543,64.9543],[14.7117,64.9607],[14.7143,64.9688],[14.6975,64.9905],[14.613,65.0024]]],[[[14.5652,64.2736],[14.5684,64.2762],[14.4659,64.2845],[14.4294,64.3001],[14.3261,64.29],[14.4113,64.2348],[14.5074,64.2288],[14.5652,64.2736]]]]},"properties":{"kommunkod":"2313","namn":"Strömsund","lan":"23","ri_areal_ha":518981.0,"ri_areal_ar":2014,"ri_areal_klass":5}},{"type":"Feature","geometry":{"type":"MultiPolygon","coordinates":[[[[12.1348,62.9432],[12.0747,62.9025],[12.6604,62.9734],[13.0949,62.972],[13.1716,63.0074],[13.1761,63.0146],[13.2126,63.0249],[13.2203,63.0352],[13.2663,63.0335],[13.302,63.0228],[13.3508,63.0251],[13.4101,63.0457],[13.4228,63.0586],[13.4411,63.0627],[13.4803,63.0566],[13.4823,63.0628],[13.52,63.0711],[13.5009,63.0703],[13.5047,63.0772],[13.5679,63.0933],[13.652,63.091],[13.6922,63.0975],[13.7213,63.0911],[13.7358,63.0698],[13.783,63.0786],[13.7941,63.0852],[13.7925,63.0929],[13.8212,63.0993],[13.8526,63.0917],[13.8596,63.0786],[13.8232,63.0737],[13.82,63.0652],[13.8311,63.0582],[13.8756,63.0556],[13.9372,63.0625],[13.9293,63.0592],[13.9368,63.0463],[14.123,63.0586],[14.1345,63.0391],[14.172,63.0464],[14.2063,63.0297],[14.2869,63.0556],[14.3369,63.0494],[14.3644,63.0631],[14.4045,63.0693],[14.4059,63.09],[14.3958,63.112],[14.3344,63.1274],[14.2647,63.1641],[14.3,63.2121],[14.2401,63.2351],[14.1793,63.2718],[14.0796,63.2899],[14.0327,63.3193],[13.9019,63.3475],[13.8644,63.3494],[13.8394,63.338],[13.8316,63.3428],[13.8348,63.3566],[13.7662,63.3428],[13.7577,63.3453],[13.7705,63.35],[13.6957,63.3675],[13.7028,63.3765],[13.6116,63.4172],[13.5802,63.4008],[13.5662,63.4151],[13.5452,63.4211],[13.5398,63.4326],[13.4723,63.4325],[13.4905,63.4706],[13.5282,63.4897],[13.4836,63.5425],[13.4978,63.5675],[13.5162,63.5737],[13.505,63.5728],[13.422,63.6066],[13.4084,63.6032],[13.3958,63.6131],[13.3116,63.6217],[13.2808,63.6532],[13.2928,63.6591],[13.2863,63.6706],[13.2966,63.6722],[13.3799,63.6618],[13.4511,63.617],[13.5067,63.6028],[13.4882,63.6734],[13.4749,63.6655],[13.4386,63.6724],[13.4697,63.6854],[13.4718,63.7705],[13.4184,63.769],[13.4088,63.7774],[13.4066,63.7937],[13.3762,63.8],[13.3838,63.8209],[13.3641,63.8403],[13.3835,63.8579],[13.3256,63.9156],[13.3409,63.9473],[13.3317,63.9546],[13.3368,63.9858],[13.3098,64.0325],[13.3177,64.0678],[13.2781,64.0892],[13.2111,64.0954],[12.9267,64.058],[12.6836,63.9742],[12.4802,63.8188],[12.3306,63.7151],[12.2995,63.672],[12.1498,63.5939],[12.2129,63.4786],[12.0841,63.3556],[11.9746,63.2692],[12.2182,63.0003],[12.1348,62.9432]],[[13.4946,63.2341],[13.5322,63.2468],[13.5195,63.2664],[13.586,63.2733],[13.5718,63.2262],[13.5583,63.2233],[13.5531,63.2151],[13.5265,63.2141],[13.4946,63.2341]]]]},"properties":{"kommunkod":"2321","namn":"Åre","lan":"23","ri_areal_ha":583714.0,"ri_areal_ar":2014,"ri_areal_klass":5}},{"type":"Feature","geometry":{"type":"MultiPolygon","coordinates":[[[[14.838,62.403],[14.8037,62.4035],[14.8383,62.3935],[14.8751,62.4022],[14.838,62.403]]],[[[12.1038,62.8295],[12.1364,62.7479],[12.4921,62.7647],[12.5902,62.7346],[12.6373,62.7067],[12.7813,62.7064],[12.8592,62.6948],[12.8975,62.6774],[12.8968,62.713],[12.9725,62.7435],[13.047,62.7108],[13.1479,62.7068],[13.1896,62.6757],[13.2776,62.6641],[13.2752,62.6476],[13.2633,62.6352],[13.2846,62.6292],[13.2724,62.6173],[13.3674,62.6086],[13.3875,62.6195],[13.4829,62.6315],[13.4316,62.6428],[13.3668,62.678],[13.3843,62.7506],[13.4258,62.7596],[13.497,62.7134],[13.5811,62.6932],[13.6316,62.6726],[13.6868,62.6767],[13.8131,62.7157],[13.8762,62.6711],[13.8708,62.6266],[13.9923,62.6188],[13.975,62.6032],[13.9805,62.5863],[13.9727,62.5856],[13.9708,62.5759],[13.9896,62.5708],[14.0023,62.5774],[14.0208,62.5059],[14.0355,62.4922],[14.0684,62.4877],[14.0682,62.4752],[14.0427,62.4854],[14.0843,62.4471],[14.2162,62.3588],[14.297,62.3318],[14.3402,62.3034],[14.4356,62.303],[14.4502,62.2916],[14.4643,62.3048],[14.5557,62.2807],[14.7265,62.3587],[14.8012,62.4041],[14.7964,62.4645],[14.8388,62.4594],[14.8504,62.4668],[14.841,62.4724],[14.8425,62.4879],[14.8305,62.4973],[14.8296,62.5084],[14.8023,62.5275],[14.8096,62.5624],[14.7811,62.5908],[14.9167,62.5981],[14.8847,62.6382],[14.8614,62.6815],[14.8662,62.7041],[14.8584,62.7128],[14.7901,62.7402],[14.7509,62.7278],[14.7031,62.7376],[14.6487,62.7257],[14.6364,62.7606],[14.6603,62.7717],[14.6743,62.7652],[14.7375,62.7627],[14.7529,62.7468],[14.7641,62.7454],[14.7806,62.7579],[14.8169,62.7639],[14.7689,62.8105],[14.8145,62.811],[14.7808,62.8915],[14.6936,62.8961],[14.6872,62.9076],[14.6015,62.9083],[14.5974,62.9163],[14.6034,62.9216],[14.5952,62.944],[14.538,62.9543],[14.533,62.9679],[14.5418,63.0104],[14.4815,63.0098],[14.4972,63.0125],[14.4882,63.0176],[14.4482,63.0145],[14.4045,63.0693],[14.3644,63.0631],[14.3369,63.0494],[14.2869,63.0556],[14.2063,63.0297],[14.172,63.0464],[14.1345,63.0391],[14.123,63.0586],[13.9368,63.0463],[13.9293,63.0592],[13.9372,63.0625],[13.8756,63.0556],[13.8311,63.0582],[13.82,63.0652],[13.8232,63.0737],[13.8596,63.0786],[13.8526,63.0917],[13.8212,63.0993],[13.7925,63.0929],[13.7941,63.0852],[13.783,63.0786],[13.7358,63.0698],[13.7213,63.0911],[13.6922,63.0975],[13.652,63.091],[13.5679,63.0933],[13.5047,63.0772],[13.5009,63.0703],[13.52,63.0711],[13.4823,63.0628],[13.4803,63.0566],[13.4411,63.0627],[13.4228,63.0586],[13.4101,63.0457],[13.3508,63.0251],[13.302,63.0228],[13.2663,63.0335],[13.2203,63.0352],[13.2126,63.0249],[13.1761,63.0146],[13.1716,63.0074],[13.0949,62.972],[12.6604,62.9734],[12.0747,62.9025],[12.1038,62.8295]],[[13.9987,62.5921],[14.0023,62.5774],[13.9836,62.5863],[13.978,62.6016],[13.9987,62.5921]],[[14.7919,62.4732],[14.7916,62.4659],[14.7804,62.4731],[14.7919,62.4732]],[[14.7597,62.6909],[14.7556,62.6674],[14.7358,62.6668],[14.6964,62.7017],[14.7365,62.7078],[14.7597,62.6909]]]]},"properties":{"kommunkod":"2326","namn":"Berg","lan":"23","ri_areal_ha":347497.0,"ri_areal_ar":2014,"ri_areal_klass":5}},{"type":"Feature","geometry":{"type":"MultiPolygon","coordinates":[[[[15.3659,62.0217],[15.3955,62.0089],[15.4175,62.0115],[15.3806,62.0313],[15.3659,62.0217]]],[[[15.3259,62.0631],[15.33,62.0646],[15.3174,62.0689],[15.3259,62.0631]]],[[[14.3645,61.5822],[14.3946,61.5639],[14.4994,61.6259],[14.5153,61.7271],[14.5209,61.7269],[14.5222,61.7342],[14.5166,61.7343],[14.5248,61.7846],[14.6729,61.8966],[14.6864,61.9016],[14.7014,61.8764],[14.7852,61.8046],[14.8563,61.7836],[14.8417,61.8042],[14.8093,61.8182],[14.7609,61.8641],[14.8058,61.8862],[14.8631,61.8274],[14.8654,61.809],[14.9278,61.8213],[14.9049,61.8793],[15.045,61.868],[15.0476,61.8239],[15.0918,61.8191],[15.1086,61.844],[15.0854,61.8962],[15.1159,61.8944],[15.1125,61.9355],[15.1406,61.9522],[15.1106,61.9568],[15.0921,61.9969],[15.3402,62.0913],[15.4172,62.1114],[15.4292,62.1449],[15.4014,62.1832],[15.3992,62.1948],[15.3567,62.2136],[15.3261,62.272],[15.2846,62.293],[15.1526,62.25],[14.9395,62.3203],[14.8653,62.3908],[14.8736,62.4005],[14.8338,62.3937],[14.8012,62.4041],[14.7265,62.3587],[14.5557,62.2807],[14.4643,62.3048],[14.4502,62.2916],[14.4356,62.303],[14.3402,62.3034],[14.297,62.3318],[14.2162,62.3588],[14.0843,62.4471],[14.0427,62.4854],[14.0682,62.4752],[14.0684,62.4877],[14.0355,62.4922],[14.0208,62.5059],[14.0023,62.5774],[13.9896,62.5708],[13.9708,62.5759],[13.9727,62.5856],[13.9805,62.5863],[13.975,62.6032],[13.9923,62.6188],[13.8708,62.6266],[13.8762,62.6711],[13.8131,62.7157],[13.6868,62.6767],[13.6316,62.6726],[13.5811,62.6932],[13.497,62.7134],[13.4258,62.7596],[13.3843,62.7506],[13.3668,62.678],[13.4316,62.6428],[13.4829,62.6315],[13.3875,62.6195],[13.3674,62.6086],[13.2724,62.6173],[13.2846,62.6292],[13.2633,62.6352],[13.2752,62.6476],[13.2776,62.6641],[13.1896,62.6757],[13.1479,62.7068],[13.047,62.7108],[12.9725,62.7435],[12.8968,62.713],[12.8975,62.6774],[12.8592,62.6948],[12.7813,62.7064],[12.6373,62.7067],[12.5902,62.7346],[12.4921,62.7647],[12.1364,62.7479],[12.0561,62.6119],[12.2994,62.2675],[12.6078,62.2148],[12.8065,62.2202],[12.9026,62.1419],[12.9514,62.1334],[13.0035,62.0658],[13.0386,62.0714],[13.0452,62.062],[13.1165,62.0416],[13.1587,62.0197],[13.2861,62.0581],[13.2935,62.0116],[13.3919,62.0008],[13.2003,61.9291],[13.2613,61.9128],[13.3832,61.834],[13.4132,61.7965],[13.4958,61.7299],[13.4975,61.7183],[13.5115,61.7098],[13.4973,61.702],[13.4962,61.7135],[13.4899,61.69],[13.5591,61.6435],[13.5985,61.6564],[13.8979,61.6351],[13.9768,61.6214],[14.1822,61.6176],[14.3361,61.5994],[14.3645,61.5822]]],[[[13.9987,62.5921],[13.978,62.6016],[13.9836,62.5863],[14.0023,62.5774],[13.9987,62.5921]]]]},"properties":{"kommunkod":"2361","namn":"Härjedalen","lan":"23","ri_areal_ha":448321.0,"ri_areal_ar":2014,"ri_areal_klass":5}},{"type":"Feature","geometry":{"type":"MultiPolygon","coordinates":[[[[14.7556,62.6674],[14.7597,62.6909],[14.7365,62.7078],[14.6964,62.7017],[14.7358,62.6668],[14.7556,62.6674]]],[[[14.7839,62.7391],[14.7901,62.7402],[14.7694,62.7484],[14.7529,62.7468],[14.7375,62.7627],[14.6743,62.7652],[14.6603,62.7717],[14.6364,62.7606],[14.6487,62.7257],[14.7031,62.7376],[14.7509,62.7278],[14.7839,62.7391]]],[[[14.7234,62.8945],[14.7808,62.8915],[14.7728,62.9129],[14.7935,62.9328],[14.8902,62.9226],[14.9217,62.9054],[14.9979,62.9356],[15.0012,62.9398],[14.9827,62.9406],[14.9632,62.9515],[14.9879,62.9729],[15.012,62.9618],[15.0532,62.9885],[15.0385,63.0132],[15.0086,63.0422],[15.0419,63.0637],[15.1157,63.0562],[15.1309,63.0846],[15.1004,63.1485],[15.1436,63.142],[15.153,63.1478],[15.1721,63.1459],[15.2567,63.0967],[15.3179,63.1441],[15.3016,63.1718],[15.2914,63.1772],[15.3089,63.1869],[15.3032,63.1913],[15.2318,63.1871],[15.2217,63.2425],[15.2714,63.2369],[15.3139,63.2615],[15.3058,63.264],[15.3651,63.3032],[15.3664,63.298],[15.3883,63.3004],[15.4268,63.2853],[15.4631,63.2575],[15.556,63.3088],[15.5035,63.3259],[15.4949,63.3634],[15.4368,63.347],[15.3914,63.3634],[15.342,63.3994],[15.2385,63.4435],[15.1212,63.4793],[15.0779,63.4683],[15.0385,63.4866],[15.0875,63.5173],[15.0574,63.5257],[14.9871,63.579],[14.9441,63.5949],[14.8638,63.5705],[14.7826,63.5932],[14.7642,63.5569],[14.7726,63.558],[14.7572,63.5379],[14.7593,63.5415],[14.7427,63.5497],[14.7123,63.538],[14.6905,63.5684],[14.5951,63.5647],[14.5382,63.5887],[14.5313,63.5851],[14.5451,63.558],[14.578,63.5485],[14.5722,63.5429],[14.5799,63.5397],[14.579,63.5208],[14.5924,63.5088],[14.5479,63.4991],[14.5855,63.4879],[14.4984,63.4496],[14.5668,63.413],[14.5852,63.3999],[14.5876,63.3901],[14.6152,63.3818],[14.6486,63.3592],[14.6321,63.317],[14.6941,63.3046],[14.7403,63.3119],[14.7358,63.2929],[14.7217,63.2831],[14.7294,63.2805],[14.7314,63.2663],[14.7174,63.2526],[14.7479,63.2246],[14.6218,63.2231],[14.5998,63.2086],[14.5154,63.2319],[14.4767,63.2223],[14.4055,63.2163],[14.3131,63.2306],[14.2719,63.2249],[14.3,63.2121],[14.2647,63.1641],[14.3344,63.1274],[14.3958,63.112],[14.4059,63.09],[14.4045,63.0693],[14.4482,63.0145],[14.4882,63.0176],[14.4972,63.0125],[14.4815,63.0098],[14.5418,63.0104],[14.533,62.9679],[14.538,62.9543],[14.5952,62.944],[14.6034,62.9216],[14.5974,62.9163],[14.6015,62.9083],[14.6872,62.9076],[14.6936,62.8961],[14.7234,62.8945]]]]},"properties":{"kommunkod":"2380","namn":"Östersund","lan":"23","ri_areal_ha":155578.0,"ri_areal_ar":2014,"ri_areal_klass":5}},{"type":"Feature","geometry":{"type":"MultiPolygon","coordinates":[[[[19.5109,63.8654],[19.4547,63.8607],[19.4512,63.8189],[19.4219,63.8154],[19.3679,63.8365],[19.3556,63.8325],[19.3708,63.8177],[19.3615,63.8124],[19.3464,63.8083],[19.349,63.812],[19.3394,63.818],[19.2987,63.808],[19.3237,63.7996],[19.2563,63.7877],[19.2175,63.8144],[19.1667,63.823],[19.1458,63.8125],[19.1341,63.8203],[19.1127,63.8115],[19.0574,63.8366],[19.0224,63.8314],[19.0213,63.8224],[18.9981,63.8124],[18.9277,63.8522],[18.9095,63.8483],[18.8942,63.8533],[18.8469,63.8476],[18.8523,63.8314],[18.832,63.8235],[18.8007,63.7811],[18.82,63.7735],[18.9015,63.7826],[18.9619,63.7605],[18.9507,63.729],[18.9713,63.7342],[18.9971,63.7313],[19.0443,63.6888],[19.1818,63.5984],[19.1909,63.5719],[19.2867,63.4701],[19.2928,63.4698],[19.2865,63.4634],[19.6078,63.102],[19.8432,63.1354],[19.9731,63.168],[20.0612,63.1626],[20.1636,63.1664],[20.2579,63.2343],[19.8454,63.4667],[19.7504,63.5274],[19.7329,63.5509],[19.7358,63.5578],[19.7297,63.5684],[19.7168,63.5767],[19.7197,63.5854],[19.7499,63.5826],[19.7589,63.5846],[19.7577,63.5914],[19.7231,63.6413],[19.7606,63.6743],[19.7635,63.7044],[19.7791,63.7297],[19.775,63.7386],[19.7455,63.75],[19.6809,63.8103],[19.6441,63.8064],[19.6136,63.8111],[19.5586,63.833],[19.5109,63.8654]]]]},"properties":{"kommunkod":"2401","namn":"Nordmaling","lan":"24","ri_areal_ha":74352.0,"ri_areal_ar":2014,"ri_areal_klass":5}},{"type":"Feature","geometry":{"type":"MultiPolygon","coordinates":[[[[18.7888,64.0606],[18.4072,63.9959],[18.465,63.9748],[18.4757,63.9597],[18.463,63.9443],[18.4654,63.932],[18.42,63.9338],[18.4064,63.9266],[18.4082,63.9215],[18.4262,63.92],[18.426,63.909],[18.4398,63.893],[18.4792,63.8661],[18.4723,63.8638],[18.482,63.8561],[18.4855,63.8426],[18.5944,63.8226],[18.6376,63.8262],[18.6844,63.8203],[18.7219,63.8064],[18.7573,63.8104],[18.8072,63.7885],[18.832,63.8235],[18.8523,63.8314],[18.8469,63.8476],[18.8942,63.8533],[18.9095,63.8483],[18.9277,63.8522],[18.9981,63.8124],[19.0213,63.8224],[19.0224,63.8314],[19.0574,63.8366],[19.1127,63.8115],[19.1341,63.8203],[19.1458,63.8125],[19.1667,63.823],[19.2175,63.8144],[19.2563,63.7877],[19.3237,63.7996],[19.2987,63.808],[19.3394,63.818],[19.349,63.812],[19.3464,63.8083],[19.3615,63.8124],[19.3708,63.8177],[19.3556,63.8325],[19.3679,63.8365],[19.4219,63.8154],[19.4512,63.8189],[19.4547,63.8607],[19.5282,63.8723],[19.4707,63.9905],[19.4635,63.9885],[19.4579,64.0002],[19.3538,64.0489],[19.3437,64.0707],[19.3217,64.0781],[19.3073,64.0703],[19.2452,64.099],[19.2286,64.0955],[19.1827,64.1288],[19.1605,64.1328],[19.1125,64.1207],[19.1026,64.1297],[19.0619,64.1409],[19.0715,64.109],[19.0239,64.0967],[18.9094,64.0812],[18.8974,64.0729],[18.8907,64.078],[18.7888,64.0606]],[[19.0039,63.8282],[19.0117,63.8265],[19.0099,63.8226],[18.9994,63.8257],[19.0039,63.8282]]]]},"properties":{"kommunkod":"2403","namn":"Bjurholm","lan":"24","ri_areal_ha":59222.0,"ri_areal_ar":2014,"ri_areal_klass":5}},{"type":"Feature","geometry":{"type":"MultiPolygon","coordinates":[[[[19.347,64.7464],[19.2876,64.7778],[18.9728,64.4276],[19.0373,64.2223],[19.0773,64.2293],[19.1167,64.2204],[19.1763,64.1866],[19.1274,64.1808],[19.1353,64.1679],[19.1302,64.1668],[19.1605,64.1328],[19.1827,64.1288],[19.2286,64.0955],[19.2452,64.099],[19.3073,64.0703],[19.3217,64.0781],[19.3437,64.0707],[19.3538,64.0489],[19.4182,64.019],[19.4314,64.0362],[19.4656,64.0433],[19.5425,64.0368],[19.5562,64.0209],[19.5747,64.0145],[19.57,64.0271],[19.6175,64.0388],[19.6234,64.0511],[19.6595,64.0493],[19.6418,64.0653],[19.66,64.0719],[19.6781,64.0551],[19.768,64.0588],[19.8031,64.0955],[19.7945,64.0977],[19.8037,64.0962],[19.8241,64.1176],[19.8179,64.1288],[19.8443,64.1238],[19.8614,64.132],[19.9257,64.1318],[19.9417,64.1127],[19.9821,64.1154],[19.9898,64.1253],[19.9863,64.1192],[20.0183,64.117],[20.0274,64.1301],[20.0287,64.1541],[20.0205,64.1656],[20.0743,64.2042],[20.0579,64.2177],[20.0825,64.2385],[20.0993,64.2406],[20.102,64.2689],[20.0245,64.2723],[20.0399,64.3155],[20.0319,64.3262],[20.0688,64.3234],[20.0419,64.3359],[20.0643,64.3363],[20.0766,64.3488],[20.1162,64.3403],[20.117,64.3458],[20.141,64.342],[20.142,64.3477],[20.1009,64.361],[20.1123,64.3728],[20.1332,64.3741],[20.0704,64.4141],[20.0828,64.4148],[20.082,64.4214],[20.0731,64.4226],[20.0698,64.4399],[20.04,64.4552],[20.0165,64.4417],[19.9968,64.4518],[19.9919,64.4486],[19.879,64.5124],[19.859,64.5039],[19.7913,64.5328],[19.8081,64.544],[19.776,64.5619],[19.7883,64.5691],[19.6619,64.6224],[19.5055,64.6376],[19.396,64.6894],[19.4079,64.6936],[19.392,64.6998],[19.3831,64.7274],[19.347,64.7464]],[[19.8678,64.4785],[19.8561,64.4824],[19.8658,64.4939],[19.8954,64.4919],[19.9333,64.4667],[19.9098,64.4641],[19.8678,64.4785]],[[19.9983,64.1472],[20.0099,64.1373],[20.0001,64.1294],[19.9903,64.1315],[19.9983,64.1472]]]]},"properties":{"kommunkod":"2404","namn":"Vindeln","lan":"24","ri_areal_ha":99448.0,"ri_areal_ar":2014,"ri_areal_klass":5}},{"type":"Feature","geometry":{"type":"MultiPolygon","coordinates":[[[[21.6528,64.1099],[21.28,64.269],[21.2234,64.2682],[21.1853,64.3004],[21.1877,64.318],[21.1487,64.3592],[21.0654,64.3353],[21.0571,64.3484],[21.0201,64.3603],[20.9912,64.3939],[20.9162,64.4301],[20.8816,64.4396],[20.8535,64.4386],[20.825,64.4239],[20.7937,64.4294],[20.7891,64.4159],[20.7499,64.4195],[20.748,64.3917],[20.7123,64.3902],[20.6789,64.3613],[20.704,64.3483],[20.6206,64.3319],[20.6099,64.3354],[20.6056,64.3331],[20.6151,64.3304],[20.5703,64.3181],[20.5997,64.3007],[20.5934,64.2988],[20.5743,64.3118],[20.5368,64.3184],[20.4902,64.3221],[20.525,64.2986],[20.494,64.3105],[20.4879,64.3187],[20.4666,64.3122],[20.4377,64.3141],[20.432,64.3212],[20.3075,64.3281],[20.3125,64.3141],[20.3051,64.3125],[20.3375,64.257],[20.3568,64.2581],[20.4564,64.1405],[20.5196,64.1126],[20.522,64.0983],[20.5485,64.0697],[20.56,64.0714],[20.5524,64.0799],[20.5647,64.082],[20.666,63.986],[20.6879,63.9726],[20.6346,63.8794],[20.6773,63.885],[20.7297,63.8747],[20.7257,63.8634],[20.8117,63.8458],[21.0409,63.8837],[21.4156,63.9269],[21.3971,63.9572],[21.5021,64.0415],[21.6528,64.1099]]]]},"properties":{"kommunkod":"2409","namn":"Robertsfors","lan":"24","ri_areal_ha":25304.0,"ri_areal_ar":2014,"ri_areal_klass":4}},{"type":"Feature","geometry":{"type":"MultiPolygon","coordinates":[[[[18.7569,64.9844],[19.3117,64.8047],[19.2876,64.7778],[19.347,64.7464],[19.4377,64.7513],[19.4732,64.7805],[19.631,64.7554],[19.8148,64.7589],[19.9411,64.6901],[19.951,64.6917],[19.956,64.6827],[19.984,64.6675],[20.1148,64.6724],[20.1058,64.6893],[20.0428,64.723],[20.059,64.7284],[20.0337,64.7388],[20.0356,64.7497],[20.0757,64.7669],[20.1008,64.7944],[20.1299,64.7896],[20.1449,64.8193],[20.1068,64.828],[20.1304,64.8368],[20.1444,64.8284],[20.1734,64.8403],[20.2184,64.8337],[20.2023,64.8428],[20.1999,64.8512],[20.2162,64.8578],[20.1556,64.8734],[20.1482,64.8907],[20.0617,64.9245],[20.0988,64.9421],[19.9804,64.9912],[19.8235,65.0308],[19.7853,65.0673],[19.6831,65.1281],[19.7017,65.1332],[19.6932,65.1417],[19.6709,65.1528],[19.657,65.1513],[19.5904,65.1943],[19.4352,65.1487],[19.4308,65.1533],[19.0075,65.043],[18.7569,64.9844]]]]},"properties":{"kommunkod":"2417","namn":"Norsjö","lan":"24","ri_areal_ha":72685.0,"ri_areal_ar":2014,"ri_areal_klass":5}},{"type":"Feature","geometry":{"type":"MultiPolygon","coordinates":[[[[19.3904,65.1428],[19.3675,65.1648],[19.3384,65.1796],[19.3444,65.1824],[19.3394,65.1867],[19.2495,65.2148],[19.2416,65.2235],[19.2502,65.2403],[19.2733,65.2421],[19.2602,65.2547],[19.2319,65.2659],[19.0967,65.3051],[19.0332,65.3074],[19.0195,65.3137],[19.0153,65.3308],[18.933,65.3466],[18.8695,65.373],[18.8339,65.3714],[18.8113,65.3873],[18.7512,65.4046],[18.7443,65.4135],[18.7488,65.4226],[18.7199,65.4368],[18.6266,65.4341],[18.543,65.4464],[18.522,65.452],[18.5033,65.4748],[18.4256,65.4968],[18.3421,65.4939],[18.2679,65.5245],[18.2845,65.4846],[18.2966,65.4189],[18.2139,65.3174],[18.1668,65.2442],[18.3035,65.2027],[18.5564,65.0831],[18.614,65.0777],[18.6165,65.0739],[18.5947,65.0677],[18.5966,65.0636],[18.7569,64.9844],[19.3904,65.1428]]]]},"properties":{"kommunkod":"2418","namn":"Malå","lan":"24","ri_areal_ha":98174.0,"ri_areal_ar":2014,"ri_areal_klass":5}},{"type":"Feature","geometry":{"type":"MultiPolygon","coordinates":[[[[14.5299,65.6502],[14.4988,65.5213],[14.5007,65.4445],[14.5698,65.4356],[14.6055,65.4227],[14.6522,65.4251],[14.685,65.4149],[14.7893,65.4155],[14.9028,65.4284],[14.948,65.4085],[14.981,65.4017],[14.9937,65.4062],[15.1256,65.4053],[15.2086,65.4217],[15.2737,65.4107],[15.7051,65.4009],[15.9864,65.3408],[15.9872,65.3363],[15.987,65.3407],[16.1213,65.3122],[16.5951,65.0255],[17.2494,64.811],[17.2623,64.8138],[17.2788,64.8056],[17.2736,64.803],[17.3399,64.7809],[17.3391,64.7568],[17.5108,64.7523],[17.5579,64.7329],[17.7616,64.8228],[17.7427,64.836],[17.9128,64.919],[17.8989,64.9945],[17.9572,65.0488],[17.8301,65.1029],[17.8457,65.1015],[17.8534,65.1086],[17.794,65.1363],[17.7722,65.1278],[17.6726,65.1701],[17.3004,65.2644],[17.0166,65.3227],[16.8284,65.3838],[16.7183,65.4351],[16.7114,65.4334],[16.7165,65.436],[16.6276,65.4772],[16.648,65.4845],[16.642,65.4886],[16.6199,65.4806],[16.6064,65.4869],[16.5024,65.5659],[15.5308,65.8228],[14.9514,66.15],[14.5163,66.1326],[14.5731,65.9579],[14.5844,65.9013],[14.6255,65.8118],[14.5415,65.7008],[14.5299,65.6502]]],[[[17.0425,65.3458],[17.0316,65.3451],[17.0563,65.345],[17.0425,65.3458]]]]},"properties":{"kommunkod":"2421","namn":"Storuman","lan":"24","ri_areal_ha":447606.0,"ri_areal_ar":2014,"ri_areal_klass":5}},{"type":"Feature","geometry":{"type":"MultiPolygon","coordinates":[[[[18.0427,65.0737],[18.0481,65.0705],[18.0378,65.0752],[18.0427,65.0737]]],[[[18.0169,65.0778],[18.0271,65.0729],[18.01,65.0803],[18.0169,65.0778]]],[[[18.1952,65.5549],[18.178,65.5661],[18.178,65.5765],[18.1443,65.5765],[18.1472,65.5887],[18.1016,65.5941],[18.0723,65.5767],[18.034,65.5877],[18.0311,65.6025],[17.8514,65.6236],[17.6756,65.6562],[17.0007,65.9449],[16.7719,66.032],[16.5292,66.0536],[16.2323,66.1407],[15.7714,66.2908],[15.4539,66.3453],[15.4847,66.2825],[15.0357,66.1536],[14.9514,66.15],[15.5308,65.8228],[16.5024,65.5659],[16.6064,65.4869],[16.6199,65.4806],[16.642,65.4886],[16.648,65.4845],[16.6276,65.4772],[16.7165,65.436],[16.7114,65.4334],[16.7183,65.4351],[16.8284,65.3838],[17.0166,65.3227],[17.3004,65.2644],[17.6726,65.1701],[17.7722,65.1278],[17.794,65.1363],[17.8534,65.1086],[17.8457,65.1015],[17.8301,65.1029],[17.9572,65.0488],[17.952,65.0439],[17.9825,65.0361],[18.0481,65.0498],[18.0156,65.065],[17.9742,65.0646],[18.1681,65.2429],[18.2139,65.3174],[18.2966,65.4189],[18.2845,65.4846],[18.2679,65.5245],[18.1952,65.5549]],[[17.0396,65.3459],[17.0563,65.345],[17.0316,65.3451],[17.0396,65.3459]]]]},"properties":{"kommunkod":"2422","namn":"Sorsele","lan":"24","ri_areal_ha":580352.0,"ri_areal_ar":2014,"ri_areal_klass":5}},{"type":"Feature","geometry":{"type":"MultiPolygon","coordinates":[[[[16.7273,64.3535],[16.7149,64.3732],[16.6045,64.4332],[16.3721,64.4749],[16.1377,64.5544],[15.9447,64.7043],[15.4808,64.8721],[15.1224,64.9287],[14.7027,64.9797],[14.7143,64.9688],[14.7117,64.9607],[14.7543,64.9543],[14.7785,64.9398],[14.7756,64.9292],[14.7807,64.9205],[14.7723,64.9135],[14.8418,64.8922],[14.8466,64.8829],[14.8374,64.8781],[14.9739,64.8461],[15.0353,64.7914],[15.0269,64.7791],[15.0329,64.7604],[15.0624,64.7516],[15.1178,64.7528],[15.1862,64.7405],[15.2654,64.6999],[15.2912,64.6775],[15.3086,64.6783],[15.3344,64.669],[15.3348,64.654],[15.3415,64.6467],[15.2405,64.6355],[15.2649,64.6265],[15.3156,64.6207],[15.3701,64.5837],[15.4175,64.5793],[15.4277,64.5834],[15.4396,64.5572],[15.5208,64.5322],[15.5432,64.5186],[15.5385,64.5072],[15.5573,64.4962],[15.5534,64.4864],[15.5825,64.4553],[15.5774,64.4545],[15.5795,64.4434],[15.6472,64.448],[15.6362,64.5196],[15.7044,64.538],[15.7402,64.404],[15.7536,64.4069],[15.8691,64.382],[15.8536,64.3756],[16.0224,64.3328],[16.0197,64.2691],[16.0426,64.2489],[16.1448,64.2677],[16.1654,64.2612],[16.2193,64.264],[16.8783,63.9507],[16.9454,64.0033],[16.8751,64.0373],[16.7617,64.1712],[16.7658,64.1755],[16.7154,64.226],[16.7546,64.2293],[16.6977,64.2469],[16.6558,64.2966],[16.6678,64.336],[16.7273,64.3535]]]]},"properties":{"kommunkod":"2425","namn":"Dorotea","lan":"24","ri_areal_ha":107282.0,"ri_areal_ar":2014,"ri_areal_klass":5}},{"type":"Feature","geometry":{"type":"MultiPolygon","coordinates":[[[[19.6809,63.8103],[19.7315,63.8152],[19.734,63.8017],[19.7294,63.8001],[19.7343,63.8002],[19.7361,63.7885],[19.766,63.7894],[19.763,63.8094],[19.7716,63.8185],[19.8188,63.8229],[19.8545,63.8447],[19.8975,63.8576],[19.9702,63.8661],[19.9823,63.8881],[19.9481,63.8893],[19.9287,63.8822],[19.9044,63.8869],[19.8578,63.9176],[19.861,63.9216],[19.8554,63.9262],[19.9337,63.9495],[19.9577,63.9474],[19.9675,63.9606],[19.9553,63.9622],[19.9443,63.9532],[19.9216,63.966],[19.9289,63.9678],[19.9259,63.9746],[19.9086,63.9735],[19.923,64.0031],[19.9362,64.015],[19.9462,64.0117],[19.958,64.0279],[19.9509,64.0293],[19.9621,64.0434],[19.9404,64.0768],[19.8905,64.0721],[19.8664,64.0855],[19.7927,64.0847],[19.768,64.0588],[19.6781,64.0551],[19.66,64.0719],[19.6418,64.0653],[19.6595,64.0493],[19.6234,64.0511],[19.6175,64.0388],[19.57,64.0271],[19.5747,64.0145],[19.5562,64.0209],[19.542,64.0369],[19.4656,64.0433],[19.4314,64.0362],[19.4182,64.019],[19.4579,64.0002],[19.4635,63.9885],[19.4707,63.9905],[19.5282,63.8723],[19.5109,63.8654],[19.5586,63.833],[19.6136,63.8111],[19.6441,63.8064],[19.6809,63.8103]]]]},"properties":{"kommunkod":"2460","namn":"Vännäs","lan":"24","ri_areal_ha":18187.0,"ri_areal_ar":2014,"ri_areal_klass":4}},{"type":"Feature","geometry":{"type":"MultiPolygon","coordinates":[[[[14.6975,64.9905],[14.7051,64.9813],[15.1224,64.9287],[15.4808,64.8721],[15.9447,64.7043],[16.1377,64.5544],[16.3721,64.4749],[16.6045,64.4332],[16.7149,64.3732],[16.7273,64.3535],[16.9209,64.3561],[16.9498,64.3989],[17.3289,64.4466],[17.3254,64.454],[17.333,64.455],[17.357,64.4579],[17.3777,64.4526],[17.6567,64.4869],[17.6953,64.5007],[17.6853,64.5108],[17.708,64.5201],[17.6203,64.6021],[17.6815,64.6246],[17.6543,64.6378],[17.6538,64.6678],[17.5879,64.6792],[17.5483,64.6692],[17.5048,64.7094],[17.5579,64.7329],[17.5108,64.7523],[17.3391,64.7568],[17.3399,64.7809],[17.2736,64.803],[17.2788,64.8056],[17.2623,64.8138],[17.2494,64.811],[16.5951,65.0255],[16.1213,65.3122],[15.987,65.3407],[15.9872,65.3363],[15.9864,65.3408],[15.7051,65.4009],[15.2737,65.4107],[15.2086,65.4217],[15.1256,65.4053],[14.9937,65.4062],[14.981,65.4017],[14.948,65.4085],[14.9028,65.4284],[14.7893,65.4155],[14.685,65.4149],[14.6522,65.4251],[14.6055,65.4227],[14.5698,65.4356],[14.5007,65.4445],[14.5068,65.3097],[14.3788,65.2476],[14.326,65.1189],[14.613,65.0024],[14.6975,64.9905]]]]},"properties":{"kommunkod":"2462","namn":"Vilhelmina","lan":"24","ri_areal_ha":463207.0,"ri_areal_ar":2014,"ri_areal_klass":5}},{"type":"Feature","geometry":{"type":"MultiPolygon","coordinates":[[[[16.8783,63.9507],[17.3345,63.9077],[17.7334,63.8801],[17.9558,63.9222],[18.7888,64.0606],[18.6516,64.137],[18.412,64.2381],[18.2912,64.299],[18.1839,64.3436],[18.2687,64.3583],[18.2486,64.3906],[18.2124,64.3907],[18.196,64.3983],[18.0513,64.3837],[18.0378,64.3888],[18.0255,64.3809],[17.9694,64.4041],[17.9696,64.4147],[17.7885,64.4832],[17.8428,64.503],[17.8037,64.5223],[17.7405,64.4991],[17.7184,64.4999],[17.7237,64.5078],[17.708,64.5201],[17.6853,64.5108],[17.6953,64.5007],[17.6567,64.4869],[17.3777,64.4526],[17.357,64.4579],[17.333,64.455],[17.3254,64.454],[17.3289,64.4466],[16.9498,64.3989],[16.9209,64.3561],[16.7276,64.3536],[16.6678,64.336],[16.6558,64.2966],[16.6977,64.2469],[16.7546,64.2293],[16.7154,64.226],[16.7658,64.1755],[16.7617,64.1712],[16.8751,64.0373],[16.9454,64.0033],[16.8783,63.9507]]]]},"properties":{"kommunkod":"2463","namn":"Åsele","lan":"24","ri_areal_ha":136321.0,"ri_areal_ar":2014,"ri_areal_klass":5}},{"type":"Feature","geometry":{"type":"MultiPolygon","coordinates":[[[[21.456,63.8606],[21.4156,63.9269],[21.0409,63.8837],[20.8117,63.8458],[20.7257,63.8634],[20.7297,63.8747],[20.6773,63.885],[20.6346,63.8794],[20.6879,63.9726],[20.666,63.986],[20.5647,64.082],[20.5524,64.0799],[20.56,64.0714],[20.5485,64.0697],[20.522,64.0983],[20.5196,64.1126],[20.4564,64.1405],[20.3568,64.2581],[20.3375,64.257],[20.3051,64.3125],[20.3125,64.3141],[20.309,64.3179],[20.2302,64.3412],[20.1887,64.3686],[20.1926,64.3718],[20.1088,64.3941],[20.1032,64.3906],[20.1332,64.3719],[20.1123,64.3728],[20.1009,64.361],[20.142,64.3477],[20.141,64.342],[20.117,64.3458],[20.1162,64.3403],[20.0766,64.3488],[20.0643,64.3363],[20.0419,64.3359],[20.0688,64.3234],[20.0319,64.3262],[20.0399,64.3155],[20.0245,64.2723],[20.102,64.2689],[20.0993,64.2406],[20.0825,64.2385],[20.0579,64.2177],[20.0743,64.2042],[20.0205,64.1656],[20.0287,64.1541],[20.0274,64.1301],[20.0183,64.117],[19.9863,64.1192],[19.9898,64.1253],[19.9821,64.1154],[19.9417,64.1127],[19.9257,64.1318],[19.8614,64.132],[19.8443,64.1238],[19.8179,64.1288],[19.8241,64.1176],[19.8037,64.0962],[19.7945,64.0977],[19.8031,64.0955],[19.7927,64.0847],[19.8664,64.0855],[19.8905,64.0721],[19.9404,64.0768],[19.9621,64.0434],[19.9509,64.0293],[19.958,64.0279],[19.9462,64.0117],[19.9362,64.015],[19.923,64.0031],[19.9086,63.9735],[19.9259,63.9746],[19.9289,63.9678],[19.9216,63.966],[19.9443,63.9532],[19.9553,63.9622],[19.9675,63.9606],[19.9577,63.9474],[19.9337,63.9495],[19.8554,63.9262],[19.861,63.9216],[19.8578,63.9176],[19.9044,63.8869],[19.9287,63.8822],[19.9481,63.8893],[19.9823,63.8881],[19.9702,63.8661],[19.8975,63.8576],[19.8545,63.8447],[19.8188,63.8229],[19.7716,63.8185],[19.763,63.8094],[19.766,63.7894],[19.7361,63.7885],[19.7343,63.8002],[19.7294,63.8001],[19.734,63.8017],[19.7315,63.8152],[19.6809,63.8103],[19.7455,63.75],[19.775,63.7386],[19.7791,63.7297],[19.7635,63.7044],[19.7606,63.6743],[19.7231,63.6413],[19.7577,63.5914],[19.7589,63.5846],[19.7499,63.5826],[19.7197,63.5854],[19.7168,63.5767],[19.7297,63.5684],[19.7358,63.5578],[19.7329,63.5509],[19.7504,63.5274],[19.8454,63.4667],[20.2579,63.2343],[20.3962,63.3335],[20.6929,63.4852],[20.9362,63.5219],[21.3674,63.6336],[21.4305,63.6882],[21.457,63.7281],[21.4714,63.8111],[21.456,63.8606]]],[[[19.9985,64.1471],[19.9903,64.1315],[20.0001,64.1294],[20.0099,64.1373],[19.9985,64.1471]]]]},"properties":{"kommunkod":"2480","namn":"Umeå","lan":"24","ri_areal_ha":75790.0,"ri_areal_ar":2014,"ri_areal_klass":5}},{"type":"Feature","geometry":{"type":"MultiPolygon","coordinates":[[[[18.7677,64.9808],[18.5966,65.0636],[18.5947,65.0677],[18.6165,65.0739],[18.614,65.0777],[18.5564,65.0831],[18.3035,65.2027],[18.1681,65.2429],[17.9742,65.0646],[18.0156,65.065],[18.0481,65.0498],[17.9825,65.0361],[17.952,65.0439],[17.8989,64.9945],[17.9128,64.919],[17.7427,64.836],[17.7616,64.8228],[17.5048,64.7094],[17.5483,64.6692],[17.5879,64.6792],[17.6538,64.6678],[17.6543,64.6378],[17.6815,64.6246],[17.6203,64.6021],[17.7237,64.5078],[17.7184,64.4999],[17.7405,64.4991],[17.8037,64.5223],[17.8428,64.503],[17.7885,64.4832],[17.9696,64.4147],[17.9694,64.4041],[18.0255,64.3809],[18.0378,64.3888],[18.0513,64.3837],[18.196,64.3983],[18.2124,64.3907],[18.2486,64.3906],[18.2687,64.3583],[18.1839,64.3436],[18.2912,64.299],[18.412,64.2381],[18.6516,64.137],[18.7888,64.0606],[18.8907,64.078],[18.8974,64.0729],[18.9094,64.0812],[19.0239,64.0967],[19.0715,64.109],[19.0619,64.1409],[19.1026,64.1297],[19.1125,64.1207],[19.1605,64.1328],[19.1302,64.1668],[19.1353,64.1679],[19.1274,64.1808],[19.1763,64.1866],[19.1167,64.2204],[19.0773,64.2293],[19.0373,64.2223],[18.9728,64.4276],[19.3117,64.8047],[18.7677,64.9808]],[[17.8751,64.846],[17.8804,64.8421],[17.8682,64.8439],[17.8751,64.846]],[[18.0438,65.0718],[18.0378,65.0752],[18.0481,65.0705],[18.0438,65.0718]],[[18.0179,65.0773],[18.01,65.0803],[18.0271,65.0729],[18.0179,65.0773]]]]},"properties":{"kommunkod":"2481","namn":"Lycksele","lan":"24","ri_areal_ha":236284.0,"ri_areal_ar":2014,"ri_areal_klass":5}},{"type":"Feature","geometry":{"type":"MultiPolygon","coordinates":[[[[19.8561,64.4824],[19.9098,64.4641],[19.9333,64.4667],[19.8954,64.4919],[19.8658,64.4939],[19.8561,64.4824]]],[[[20.2462,64.3371],[20.309,64.3179],[20.3075,64.3281],[20.432,64.3212],[20.4377,64.3141],[20.4666,64.3122],[20.4879,64.3187],[20.494,64.3105],[20.525,64.2986],[20.4902,64.3221],[20.5368,64.3184],[20.5743,64.3118],[20.5934,64.2988],[20.5997,64.3007],[20.5703,64.3181],[20.6151,64.3304],[20.6056,64.3331],[20.6099,64.3354],[20.6206,64.3319],[20.704,64.3483],[20.6789,64.3613],[20.7123,64.3902],[20.748,64.3917],[20.7499,64.4195],[20.7891,64.4159],[20.7937,64.4294],[20.825,64.4239],[20.8535,64.4386],[20.8816,64.4396],[20.9162,64.4301],[20.9912,64.3939],[21.0201,64.3603],[21.0571,64.3484],[21.0654,64.3353],[21.1487,64.3592],[21.1877,64.318],[21.1853,64.3004],[21.2234,64.2682],[21.28,64.269],[21.6528,64.1099],[21.8613,64.204],[21.9242,64.2441],[22.0569,64.3757],[22.0728,64.4098],[22.0801,64.4637],[22.0612,64.5121],[21.8168,64.8361],[21.9055,64.8902],[21.9438,64.9031],[21.5559,65.0597],[21.3188,65.1359],[21.2659,65.1635],[20.8055,65.2093],[20.11,65.3457],[19.8948,65.381],[19.7038,65.2597],[19.7115,65.2575],[19.7049,65.2534],[19.6957,65.2546],[19.6076,65.1986],[19.5904,65.1943],[19.657,65.1513],[19.6709,65.1528],[19.6932,65.1417],[19.7017,65.1332],[19.6831,65.1281],[19.7853,65.0673],[19.8235,65.0308],[19.9804,64.9912],[20.0988,64.9421],[20.0617,64.9245],[20.1482,64.8907],[20.1556,64.8734],[20.2162,64.8578],[20.1999,64.8512],[20.2173,64.8325],[20.1734,64.8403],[20.1444,64.8284],[20.1304,64.8368],[20.1068,64.828],[20.1449,64.8193],[20.1299,64.7896],[20.1008,64.7944],[20.0757,64.7669],[20.0356,64.7497],[20.0337,64.7388],[20.059,64.7284],[20.0428,64.723],[20.1058,64.6893],[20.1148,64.6724],[19.984,64.6675],[19.956,64.6827],[19.951,64.6917],[19.9411,64.6901],[19.8148,64.7589],[19.631,64.7554],[19.4732,64.7805],[19.4377,64.7513],[19.347,64.7464],[19.3831,64.7274],[19.392,64.6998],[19.4079,64.6936],[19.396,64.6894],[19.5055,64.6376],[19.6619,64.6224],[19.7883,64.5691],[19.776,64.5619],[19.8081,64.544],[19.7913,64.5328],[19.859,64.5039],[19.879,64.5124],[19.9919,64.4486],[19.9968,64.4518],[20.0165,64.4417],[20.04,64.4552],[20.0698,64.4399],[20.0731,64.4226],[20.082,64.4214],[20.0828,64.4148],[20.0704,64.4141],[20.1051,64.3925],[20.1926,64.3718],[20.1887,64.3686],[20.2093,64.3541],[20.2462,64.3371]]],[[[20.01,65.3683],[20.0275,65.3614],[20.0366,65.3677],[19.9868,65.3771],[20.01,65.3683]]]]},"properties":{"kommunkod":"2482","namn":"Skellefteå","lan":"24","ri_areal_ha":207033.0,"ri_areal_ar":2014,"ri_areal_klass":5}},{"type":"Feature","geometry":{"type":"MultiPolygon","coordinates":[[[[18.2477,65.534],[18.3421,65.4939],[18.4256,65.4968],[18.5033,65.4748],[18.522,65.452],[18.543,65.4464],[18.6266,65.4341],[18.7203,65.4367],[18.7488,65.4226],[18.7443,65.4135],[18.7512,65.4046],[18.8113,65.3873],[18.8339,65.3714],[18.8734,65.3719],[18.933,65.3466],[19.0153,65.3308],[19.0195,65.3137],[19.0332,65.3074],[19.0967,65.3051],[19.2602,65.2547],[19.2729,65.2409],[19.2522,65.2424],[19.2416,65.224],[19.2558,65.2105],[19.3394,65.1867],[19.3444,65.1824],[19.3384,65.1796],[19.3675,65.1648],[19.3904,65.1428],[19.4308,65.1533],[19.4352,65.1487],[19.4836,65.1618],[19.4787,65.1656],[19.6076,65.1986],[19.6957,65.2546],[19.7115,65.2575],[19.7038,65.2597],[19.8949,65.381],[19.6288,65.4516],[19.6976,65.5263],[19.7574,65.5359],[20.025,65.5033],[20.2172,65.5651],[20.1084,65.8475],[20.2049,65.9092],[20.1685,65.9279],[20.1351,65.9281],[20.0545,65.9423],[20.0361,65.9505],[20.0226,65.97],[19.9027,66.0157],[19.8123,66.0133],[19.6543,66.045],[19.5851,66.0395],[19.501,66.0421],[19.483,66.0351],[19.3832,66.0567],[19.3752,66.068],[19.3563,66.0703],[19.3265,66.0864],[19.2758,66.0955],[19.1704,66.0991],[19.1133,66.1186],[19.1069,66.1226],[19.1158,66.1299],[19.0767,66.1453],[19.0323,66.1755],[18.8374,66.01],[18.6188,66.0446],[18.5,65.9852],[18.4423,65.9156],[18.4623,65.8973],[18.4314,65.891],[18.4866,65.8043],[18.465,65.7949],[18.5249,65.7853],[18.5134,65.7749],[18.4999,65.7773],[18.4927,65.7702],[18.5036,65.766],[18.3953,65.6647],[18.258,65.6773],[18.2553,65.6229],[18.2944,65.5859],[18.1761,65.5808],[18.178,65.5661],[18.187,65.5601],[18.2477,65.534]]],[[[18.4834,65.7703],[18.4921,65.7786],[18.4752,65.7701],[18.4834,65.7703]]]]},"properties":{"kommunkod":"2505","namn":"Arvidsjaur","lan":"25","ri_areal_ha":283471.0,"ri_areal_ar":2014,"ri_areal_klass":5}},{"type":"Feature","geometry":{"type":"MultiPolygon","coordinates":[[[[18.1595,65.5744],[18.178,65.5765],[18.1789,65.585],[18.2944,65.5859],[18.2553,65.6229],[18.258,65.6773],[18.3953,65.6647],[18.5036,65.766],[18.4927,65.7702],[18.4999,65.7773],[18.5134,65.7749],[18.5249,65.7853],[18.465,65.7949],[18.4866,65.8043],[18.4314,65.891],[18.4623,65.8973],[18.4423,65.9156],[18.5,65.9852],[18.6188,66.0446],[18.8374,66.01],[19.0323,66.1755],[18.7392,66.3011],[18.7834,66.3929],[18.6915,66.514],[18.1376,66.6506],[17.6402,66.7251],[17.4049,66.8549],[17.0642,66.9985],[16.7134,67.0891],[16.4025,67.1904],[16.3878,67.0455],[16.194,66.9826],[16.0388,66.9124],[15.6214,66.5943],[15.4511,66.524],[15.3772,66.4843],[15.4539,66.3453],[15.7714,66.2908],[16.2323,66.1407],[16.5292,66.0536],[16.7719,66.032],[17.0007,65.9449],[17.6756,65.6562],[17.8514,65.6236],[18.0311,65.6025],[18.034,65.5877],[18.0723,65.5767],[18.1016,65.5941],[18.1472,65.5887],[18.1443,65.5765],[18.1595,65.5744]],[[18.4862,65.7796],[18.4921,65.7786],[18.4752,65.7701],[18.4862,65.7796]]]]},"properties":{"kommunkod":"2506","namn":"Arjeplog","lan":"25","ri_areal_ha":1064263.0,"ri_areal_ar":2014,"ri_areal_klass":5}},{"type":"Feature","geometry":{"type":"MultiPolygon","coordinates":[[[[20.2012,65.9093],[20.3623,66.0145],[20.7127,66.3091],[20.7044,66.3092],[20.7035,66.316],[20.7179,66.3132],[20.7722,66.3579],[20.9981,66.3926],[21.2741,66.2786],[21.2456,66.3096],[21.2577,66.3076],[21.2432,66.3122],[20.9615,66.6225],[20.6328,66.736],[20.2899,66.8293],[19.8312,66.9753],[19.7841,67.0437],[19.6621,67.0946],[19.5102,67.1456],[19.313,67.1542],[19.0898,67.2791],[18.9898,67.304],[18.9246,67.3067],[18.8937,67.3283],[18.8783,67.3523],[18.7826,67.3856],[18.7035,67.4051],[18.6344,67.3969],[18.6183,67.405],[18.5729,67.4104],[18.4881,67.4028],[18.3895,67.4415],[18.3605,67.4578],[18.3399,67.4801],[18.3108,67.4787],[18.2539,67.4991],[18.1459,67.5611],[18.1047,67.573],[17.9014,67.5868],[17.8615,67.6118],[17.8243,67.6215],[17.7485,67.6349],[17.6288,67.6429],[17.5785,67.6574],[17.4513,67.6763],[17.4341,67.6936],[17.4329,67.7141],[17.3652,67.7178],[17.3087,67.7308],[17.2524,67.7744],[17.1543,67.8059],[17.091,67.8026],[17.0762,67.8127],[17.0251,67.8197],[16.982,67.8437],[16.786,67.8995],[16.7325,67.9058],[16.5563,67.6472],[16.4949,67.5945],[16.4076,67.534],[16.158,67.5192],[16.0898,67.4353],[16.4041,67.205],[16.4025,67.1904],[16.7134,67.0891],[17.0642,66.9985],[17.4049,66.8549],[17.6402,66.7251],[18.1376,66.6506],[18.6915,66.514],[18.7834,66.3929],[18.7392,66.3011],[19.0323,66.1755],[19.0767,66.1453],[19.1158,66.1299],[19.1069,66.1226],[19.1349,66.1098],[19.1706,66.099],[19.2758,66.0955],[19.3265,66.0864],[19.3563,66.0703],[19.3752,66.068],[19.3832,66.0567],[19.483,66.0351],[19.501,66.0421],[19.5851,66.0395],[19.6543,66.045],[19.8123,66.0133],[19.9027,66.0157],[20.0226,65.97],[20.0361,65.9505],[20.0545,65.9423],[20.1351,65.9281],[20.1685,65.9279],[20.1801,65.9232],[20.1748,65.9211],[20.1952,65.9186],[20.1943,65.9119],[20.2012,65.9093]]]]},"properties":{"kommunkod":"2510","namn":"Jokkmokk","lan":"25","ri_areal_ha":1398006.0,"ri_areal_ar":2014,"ri_areal_klass":5}},{"type":"Feature","geometry":{"type":"MultiPolygon","coordinates":[[[[22.6077,66.1953],[22.6037,66.2018],[22.6071,66.1968],[22.601,66.1882],[22.6077,66.1953]]],[[[23.2194,66.1613],[23.2281,66.1638],[23.2384,66.1881],[23.2426,66.2298],[23.2345,66.2398],[23.2155,66.245],[23.2165,66.2531],[23.1987,66.2726],[23.2044,66.2753],[23.1973,66.2793],[23.2001,66.2855],[23.1759,66.2886],[23.1381,66.3335],[23.2169,66.3471],[23.1933,66.3687],[23.1614,66.363],[23.1113,66.4041],[23.1122,66.4155],[23.1205,66.4198],[23.1093,66.4413],[23.1142,66.4493],[23.0934,66.5021],[23.0538,66.6538],[22.9358,66.6737],[22.9461,66.6615],[22.9335,66.6596],[22.9176,66.6778],[22.8096,66.7027],[22.7868,66.7216],[22.7697,66.7183],[22.7865,66.708],[22.4698,66.7758],[22.4271,66.8086],[22.4198,66.8079],[22.4173,66.7945],[22.3888,66.7922],[22.1342,66.8432],[22.1267,66.8339],[22.1639,66.8122],[22.1442,66.8098],[22.1379,66.8031],[22.107,66.8097],[22.0442,66.732],[21.9708,66.6693],[22.1225,66.6057],[22.1121,66.6004],[22.122,66.5998],[22.1097,66.4565],[21.9467,66.4323],[22.338,66.1362],[22.3737,66.1544],[22.3666,66.1584],[22.3871,66.1697],[22.4094,66.1728],[22.5351,66.2388],[22.8131,66.1698],[22.919,66.1682],[22.9016,66.1525],[22.9559,66.1358],[22.981,66.1459],[22.9749,66.1675],[23.2273,66.1619],[23.2194,66.1613]]],[[[22.9408,66.6894],[22.9505,66.6908],[22.9351,66.6954],[22.9408,66.6894]]],[[[22.739,66.7315],[22.7514,66.72],[22.7579,66.721],[22.7512,66.7335],[22.739,66.7315]]],[[[22.9887,66.125],[23.0044,66.1184],[22.989,66.1299],[22.9887,66.125]]],[[[23.1426,66.417],[23.1517,66.3938],[23.1623,66.3944],[23.1707,66.4088],[23.1681,66.4155],[23.1426,66.417]]],[[[22.9498,66.68],[22.9598,66.6806],[22.9539,66.687],[22.9444,66.6857],[22.9498,66.68]]]]},"properties":{"kommunkod":"2513","namn":"Överkalix","lan":"25","ri_areal_ha":110431.0,"ri_areal_ar":2014,"ri_areal_klass":5}},{"type":"Feature","geometry":{"type":"MultiPolygon","coordinates":[[[[22.3544,66.1446],[22.338,66.1362],[22.4261,66.0647],[22.4889,65.9919],[22.542,65.9563],[22.5407,65.9252],[22.558,65.9073],[22.6205,65.8035],[22.6313,65.7903],[22.6576,65.7756],[22.6042,65.749],[22.6369,65.7379],[22.652,65.7256],[22.6922,65.7339],[22.7108,65.7308],[22.717,65.7103],[22.7454,65.7091],[22.7477,65.6981],[22.8019,65.6981],[22.8346,65.6912],[23.1383,65.2881],[23.6683,65.326],[23.8576,65.3564],[23.5786,65.6208],[23.6089,65.6462],[23.622,65.6908],[23.6086,65.7723],[23.5701,65.7833],[23.5995,65.8681],[23.5846,65.8735],[23.5883,65.8758],[23.4582,65.9667],[23.3998,66.0149],[23.3321,66.0465],[23.3585,66.0526],[23.2984,66.071],[23.3036,66.072],[23.2765,66.0722],[23.2606,66.0795],[23.2807,66.0812],[23.2613,66.08],[23.2039,66.1056],[23.2259,66.1599],[23.2144,66.1644],[23.1912,66.1646],[23.1948,66.16],[23.1846,66.1647],[22.9749,66.1675],[22.981,66.1459],[22.9559,66.1358],[22.9016,66.1525],[22.919,66.1682],[22.8131,66.1698],[22.5351,66.2388],[22.4094,66.1728],[22.3871,66.1697],[22.3544,66.1446]],[[23.2024,66.1415],[23.1978,66.1454],[23.2079,66.144],[23.2024,66.1415]],[[22.9968,66.1233],[22.9883,66.1298],[23.0044,66.1184],[22.9968,66.1233]],[[22.6086,66.1967],[22.601,66.1882],[22.6071,66.1968],[22.6037,66.2018],[22.6086,66.1967]]]]},"properties":{"kommunkod":"2514","namn":"Kalix","lan":"25","ri_areal_ha":110552.0,"ri_areal_ar":2014,"ri_areal_klass":5}},{"type":"Feature","geometry":{"type":"MultiPolygon","coordinates":[[[[23.5812,66.0586],[23.5753,66.0611],[23.578,66.0559],[23.5904,66.0574],[23.5812,66.0586]]],[[[23.5142,66.0664],[23.5168,66.0602],[23.5229,66.0612],[23.5142,66.0664]]],[[[23.6452,66.0713],[23.639,66.0665],[23.6591,66.0662],[23.6452,66.0713]]],[[[23.569,66.0917],[23.5614,66.086],[23.579,66.0811],[23.5663,66.088],[23.5785,66.0918],[23.569,66.0917]]],[[[23.5794,66.092],[23.5999,66.0872],[23.5861,66.0961],[23.5794,66.092]]],[[[23.239,66.2055],[23.2384,66.1881],[23.2134,66.139],[23.2181,66.1397],[23.2039,66.1056],[23.2613,66.08],[23.2807,66.0812],[23.2606,66.0795],[23.2765,66.0722],[23.3036,66.072],[23.2984,66.071],[23.3585,66.0526],[23.5268,66.0902],[23.5332,66.0843],[23.5576,66.088],[23.5464,66.0946],[23.5604,66.0916],[23.5779,66.0959],[23.5719,66.1002],[23.5991,66.1063],[23.6036,66.102],[23.6001,66.1065],[23.6596,66.1197],[23.6923,66.0887],[23.7022,66.0902],[23.6845,66.0985],[23.7747,66.1127],[23.7501,66.1393],[23.8791,66.1652],[23.8578,66.1717],[23.8311,66.1704],[23.7829,66.1868],[23.7289,66.1948],[23.7304,66.2094],[23.6942,66.2285],[23.7011,66.2429],[23.6674,66.2596],[23.6731,66.2729],[23.6456,66.3014],[23.6573,66.3178],[23.6566,66.352],[23.6858,66.3772],[23.6892,66.3874],[23.6673,66.3984],[23.6434,66.4246],[23.6435,66.4356],[23.6557,66.4598],[23.6899,66.4739],[23.7199,66.4772],[23.7143,66.493],[23.7257,66.4978],[23.7297,66.5084],[23.7435,66.5038],[23.7937,66.5165],[23.7973,66.523],[23.786,66.5363],[23.8566,66.5569],[23.874,66.5753],[23.8764,66.6034],[23.8851,66.6157],[23.87,66.6297],[23.8723,66.6427],[23.8647,66.6549],[23.8746,66.6714],[23.8869,66.6755],[23.8877,66.6935],[23.8981,66.7065],[23.8949,66.711],[23.9078,66.7214],[23.8894,66.739],[23.8862,66.7502],[23.8766,66.7535],[23.8794,66.7629],[23.9157,66.7719],[23.9111,66.7954],[23.9569,66.7824],[23.981,66.7856],[23.9765,66.7979],[23.9876,66.8025],[23.9944,66.8231],[23.9723,66.84],[23.9362,66.8836],[23.9158,66.8874],[23.8893,66.9072],[23.4742,66.951],[23.4852,66.9361],[23.474,66.9358],[23.4632,66.9522],[23.2532,66.9738],[23.4195,66.6857],[23.2177,66.6735],[23.1875,66.7003],[23.1813,66.6994],[23.2055,66.6728],[23.0317,66.6585],[23.0538,66.6538],[23.0934,66.5021],[23.1142,66.4493],[23.1093,66.4413],[23.1205,66.4198],[23.1122,66.4155],[23.1113,66.4041],[23.1614,66.363],[23.1933,66.3687],[23.2169,66.3471],[23.1381,66.3335],[23.1759,66.2886],[23.2001,66.2855],[23.1973,66.2793],[23.2044,66.2753],[23.1987,66.2726],[23.2165,66.2531],[23.2155,66.245],[23.2345,66.2398],[23.2426,66.2298],[23.239,66.2055]],[[23.8637,66.876],[23.8439,66.8753],[23.8391,66.8941],[23.8064,66.9069],[23.8431,66.9051],[23.8637,66.876]],[[23.462,66.9158],[23.449,66.9187],[23.4697,66.9181],[23.462,66.9158]],[[23.3664,66.9267],[23.3743,66.9274],[23.38,66.9187],[23.3712,66.9191],[23.3664,66.9267]],[[23.1681,66.4155],[23.1707,66.4088],[23.1623,66.3944],[23.1517,66.3938],[23.1426,66.417],[23.1681,66.4155]],[[23.2318,66.1395],[23.2356,66.138],[23.225,66.1356],[23.2318,66.1395]],[[23.3965,66.943],[23.3931,66.9344],[23.3743,66.9432],[23.3965,66.943]]],[[[23.222,66.7039],[23.2281,66.7062],[23.2178,66.7057],[23.222,66.7039]]],[[[23.6748,66.0784],[23.6661,66.0863],[23.6741,66.0724],[23.682,66.0715],[23.6748,66.0784]]],[[[23.6981,66.0717],[23.701,66.0818],[23.6929,66.0845],[23.695,66.0744],[23.69,66.0742],[23.6981,66.0717]]],[[[23.7952,66.0733],[23.8012,66.0745],[23.788,66.0762],[23.7952,66.0733]]],[[[23.7896,66.0818],[23.7784,66.0877],[23.783,66.09],[23.7712,66.0904],[23.7835,66.0841],[23.7797,66.0806],[23.7896,66.0818]]],[[[23.8112,66.1329],[23.7897,66.1385],[23.7965,66.1257],[23.815,66.1293],[23.8042,66.1317],[23.8112,66.1329]]]]},"properties":{"kommunkod":"2518","namn":"Övertorneå","lan":"25","ri_areal_ha":81740.0,"ri_areal_ar":2014,"ri_areal_klass":5}},{"type":"Feature","geometry":{"type":"MultiPolygon","coordinates":[[[[23.4473,66.8038],[23.4282,66.8073],[23.4547,66.7991],[23.4473,66.8038]]],[[[23.8278,66.8985],[23.8391,66.8941],[23.8439,66.8753],[23.8637,66.876],[23.8431,66.9051],[23.8064,66.9069],[23.8278,66.8985]]],[[[23.3767,66.9237],[23.3664,66.9267],[23.3712,66.9191],[23.38,66.9187],[23.3767,66.9237]]],[[[23.462,66.9158],[23.4697,66.9181],[23.449,66.9187],[23.462,66.9158]]],[[[23.3743,66.9432],[23.3931,66.9344],[23.3965,66.943],[23.3743,66.9432]]],[[[23.2891,68.1523],[22.8131,67.8387],[22.4646,67.7459],[22.3253,67.6467],[22.3418,67.6432],[22.3329,67.6367],[22.316,67.6402],[22.2255,67.5754],[22.2102,67.574],[22.2205,67.5718],[22.0589,67.4262],[21.994,67.3793],[22.0031,67.3762],[21.9917,67.3776],[21.8452,67.2709],[22.199,66.9193],[22.1342,66.8432],[22.3888,66.7922],[22.4173,66.7945],[22.4198,66.8079],[22.4271,66.8086],[22.4698,66.7758],[22.7865,66.708],[22.7697,66.7183],[22.7868,66.7216],[22.8096,66.7027],[22.9176,66.6778],[22.9335,66.6596],[22.9461,66.6615],[22.9358,66.6737],[22.9995,66.659],[23.0317,66.6585],[23.2055,66.6728],[23.1813,66.6994],[23.1875,66.7003],[23.2177,66.6735],[23.4195,66.6857],[23.2532,66.9738],[23.4632,66.9522],[23.474,66.9358],[23.4852,66.9361],[23.4742,66.951],[23.8893,66.9072],[23.8644,66.9191],[23.868,66.9358],[23.8609,66.9431],[23.8618,66.9543],[23.8285,66.9612],[23.8175,66.9791],[23.7995,66.9835],[23.8016,66.9886],[23.7934,66.9937],[23.7377,67.0184],[23.7151,67.0346],[23.7131,67.044],[23.6706,67.0668],[23.655,67.1034],[23.6293,67.115],[23.5513,67.1715],[23.5591,67.1813],[23.5879,67.1907],[23.5851,67.1985],[23.5959,67.2075],[23.566,67.2225],[23.5463,67.2252],[23.5623,67.2373],[23.5515,67.2482],[23.5695,67.2521],[23.5622,67.2621],[23.6065,67.2738],[23.7231,67.2827],[23.7456,67.3093],[23.7488,67.3217],[23.7747,67.3374],[23.759,67.3491],[23.7395,67.3496],[23.7408,67.3572],[23.7297,67.3687],[23.7354,67.3786],[23.7171,67.3859],[23.7518,67.4079],[23.7515,67.4198],[23.7636,67.4298],[23.7099,67.4457],[23.6678,67.443],[23.5475,67.4612],[23.4966,67.446],[23.4119,67.467],[23.394,67.4858],[23.4053,67.501],[23.432,67.5074],[23.436,67.5179],[23.4839,67.538],[23.4561,67.562],[23.4858,67.5671],[23.5076,67.5634],[23.5397,67.5789],[23.5449,67.5844],[23.5384,67.6037],[23.559,67.62],[23.5417,67.6238],[23.5337,67.6371],[23.4924,67.6643],[23.4982,67.6802],[23.4896,67.6882],[23.4926,67.6952],[23.4772,67.7017],[23.4839,67.7117],[23.4784,67.724],[23.4873,67.7299],[23.475,67.7391],[23.4919,67.7549],[23.4832,67.7739],[23.4941,67.7911],[23.4795,67.8014],[23.4727,67.8164],[23.4823,67.8273],[23.4777,67.8428],[23.488,67.8464],[23.4943,67.864],[23.5173,67.8848],[23.5525,67.8983],[23.5795,67.893],[23.5949,67.903],[23.6366,67.9137],[23.6649,67.9412],[23.6505,67.9514],[23.648,67.9625],[23.5736,67.9724],[23.5398,67.9912],[23.5344,68.0059],[23.469,68.0196],[23.4658,68.0305],[23.4478,68.0362],[23.3886,68.0477],[23.3863,68.057],[23.3713,68.0612],[23.3727,68.0683],[23.3606,68.0851],[23.3374,68.0997],[23.3199,68.1373],[23.3056,68.1448],[23.307,68.149],[23.2891,68.1523]],[[22.9539,66.687],[22.9598,66.6806],[22.9444,66.6857],[22.9539,66.687]],[[22.0101,67.3023],[22.0047,67.3055],[22.0158,67.3034],[22.0101,67.3023]],[[22.9351,66.6954],[22.9505,66.6908],[22.9408,66.6894],[22.9351,66.6954]],[[22.739,66.7315],[22.7512,66.7335],[22.7579,66.721],[22.7514,66.72],[22.739,66.7315]],[[23.2228,66.707],[23.2281,66.7062],[23.2178,66.7057],[23.2228,66.707]],[[21.9935,67.3066],[21.9842,67.3085],[22.0017,67.3065],[21.9935,67.3066]],[[22.0866,67.4284],[22.0805,67.4338],[22.0913,67.4306],[22.0866,67.4284]]]]},"properties":{"kommunkod":"2521","namn":"Pajala","lan":"25","ri_areal_ha":382983.0,"ri_areal_ar":2014,"ri_areal_klass":5}},{"type":"Feature","geometry":{"type":"MultiPolygon","coordinates":[[[[22.1854,66.9484],[22.1812,66.9495],[22.1958,66.9419],[22.1854,66.9484]]],[[[22.1609,66.9795],[22.1649,66.9805],[22.1491,66.9814],[22.1609,66.9795]]],[[[16.7861,67.9299],[16.7381,67.9142],[16.7325,67.9058],[16.786,67.8995],[16.8636,67.8801],[16.9028,67.8636],[16.982,67.8437],[17.0251,67.8197],[17.0762,67.8127],[17.091,67.8026],[17.1543,67.8059],[17.2524,67.7744],[17.2902,67.749],[17.3002,67.7333],[17.3652,67.7178],[17.4329,67.7141],[17.4341,67.6936],[17.4513,67.6763],[17.5785,67.6574],[17.6288,67.6429],[17.7485,67.6349],[17.8243,67.6215],[17.8615,67.6118],[17.9014,67.5868],[18.1047,67.573],[18.1459,67.5611],[18.2539,67.4991],[18.3108,67.4787],[18.3399,67.4801],[18.3605,67.4578],[18.3895,67.4415],[18.4881,67.4028],[18.5729,67.4104],[18.6183,67.405],[18.6344,67.3969],[18.7035,67.4051],[18.7826,67.3856],[18.8783,67.3523],[18.8937,67.3283],[18.9246,67.3067],[18.9898,67.304],[19.0898,67.2791],[19.313,67.1542],[19.5102,67.1456],[19.6621,67.0946],[19.7841,67.0437],[19.8312,66.9753],[20.2899,66.8293],[20.6328,66.736],[20.9615,66.6225],[21.2432,66.3122],[21.2577,66.3076],[21.2456,66.3096],[21.2741,66.2786],[21.3785,66.3002],[21.6389,66.3845],[22.1097,66.4565],[22.122,66.5998],[22.1121,66.6004],[22.1225,66.6057],[21.9708,66.6693],[22.0442,66.732],[22.107,66.8097],[22.1379,66.8031],[22.1442,66.8098],[22.1639,66.8122],[22.1267,66.8339],[22.199,66.9193],[21.8452,67.2709],[21.9623,67.3562],[21.886,67.3888],[21.884,67.3926],[21.9183,67.3978],[21.908,67.4057],[21.9084,67.4126],[21.8634,67.4291],[21.8416,67.4301],[21.803,67.448],[21.7463,67.4524],[21.75,67.4487],[21.7397,67.447],[21.7439,67.4525],[21.5376,67.462],[21.4662,67.475],[21.4186,67.4697],[21.4503,67.4658],[21.4455,67.4654],[21.355,67.4848],[21.264,67.4732],[21.0907,67.4904],[21.0679,67.4949],[21.0647,67.5041],[21.0103,67.5242],[20.9696,67.5327],[20.916,67.5549],[20.9133,67.5629],[20.715,67.6301],[20.7043,67.6393],[20.5242,67.6823],[20.409,67.7019],[20.332,67.7349],[20.2229,67.7218],[20.1647,67.7308],[20.118,67.7475],[20.0091,67.7458],[19.9518,67.7737],[19.873,67.7866],[19.7813,67.8149],[19.702,67.8132],[19.6419,67.821],[19.6358,67.8281],[19.5383,67.8323],[19.4082,67.8522],[19.3216,67.8563],[19.237,67.8481],[19.005,67.8572],[18.8526,67.8445],[18.786,67.8523],[18.3519,67.8543],[17.8998,67.9694],[17.6647,68.0384],[17.2815,68.1188],[17.1805,68.0505],[16.7861,67.9299]],[[20.0628,67.7021],[20.0574,67.7035],[20.0681,67.7024],[20.0628,67.7021]],[[21.5522,67.4562],[21.5616,67.4519],[21.5451,67.455],[21.5522,67.4562]],[[20.067,67.738],[20.0766,67.7353],[20.0475,67.7382],[20.067,67.738]],[[21.4921,67.4467],[21.4834,67.4471],[21.5062,67.4482],[21.4921,67.4467]],[[20.8045,67.579],[20.7979,67.5865],[20.8112,67.5867],[20.8045,67.579]],[[20.1281,67.7104],[20.1174,67.7147],[20.1324,67.7141],[20.1281,67.7104]],[[20.2052,67.6747],[20.1941,67.675],[20.2232,67.6826],[20.2194,67.6795],[20.2317,67.6792],[20.2052,67.6747]],[[21.5522,67.4409],[21.5468,67.4348],[21.5547,67.431],[21.5455,67.4349],[21.5592,67.4478],[21.5522,67.4409]],[[21.5703,67.4546],[21.5941,67.45],[21.5828,67.4474],[21.5689,67.4539],[21.5765,67.4576],[21.5703,67.4546]]]]},"properties":{"kommunkod":"2523","namn":"Gällivare","lan":"25","ri_areal_ha":1101160.0,"ri_areal_ar":2014,"ri_areal_klass":5}},{"type":"Feature","geometry":{"type":"MultiPolygon","coordinates":[[[[20.6838,65.5665],[20.676,65.5652],[20.6967,65.5663],[20.6838,65.5665]]],[[[20.2558,65.9425],[20.1084,65.8475],[20.2061,65.5939],[20.2881,65.6034],[20.2918,65.6257],[20.3,65.6258],[20.297,65.6332],[20.3113,65.6081],[20.3511,65.5963],[20.3933,65.5925],[20.4587,65.6117],[20.4903,65.6001],[20.525,65.6279],[20.6388,65.584],[20.7039,65.5764],[20.6926,65.5702],[20.7399,65.554],[20.7577,65.5598],[20.7648,65.5532],[20.8832,65.5354],[20.8787,65.533],[20.9427,65.5094],[20.9687,65.5317],[20.9857,65.5235],[20.9954,65.51],[21.0588,65.5237],[21.0533,65.5289],[21.0777,65.5364],[21.0957,65.553],[21.1215,65.5359],[21.1236,65.5505],[21.1609,65.5621],[21.1876,65.5581],[21.1766,65.5659],[21.1888,65.5689],[21.1442,65.6003],[21.3583,65.6584],[21.2066,65.7363],[20.8997,65.8597],[20.7017,65.9218],[20.3623,66.0145],[20.2558,65.9425]]]]},"properties":{"kommunkod":"2560","namn":"Älvsbyn","lan":"25","ri_areal_ha":84209.0,"ri_areal_ar":2014,"ri_areal_klass":5}},{"type":"Feature","geometry":{"type":"MultiPolygon","coordinates":[[[[21.9375,65.3623],[22.4513,65.0697],[22.499,65.0864],[22.622,65.0805],[22.7361,65.0872],[22.8986,65.1204],[22.982,65.1539],[23.0439,65.195],[23.0804,65.2411],[23.0898,65.2845],[23.1383,65.2881],[22.8346,65.6912],[22.8019,65.6981],[22.7477,65.6981],[22.7454,65.7091],[22.717,65.7103],[22.7108,65.7308],[22.6922,65.7339],[22.652,65.7256],[22.6369,65.7379],[22.6042,65.749],[22.6576,65.7756],[22.6313,65.7903],[22.6205,65.8035],[22.558,65.9073],[22.5407,65.9252],[22.542,65.9563],[22.4889,65.9919],[22.4122,66.0762],[22.1464,66.2833],[22.0643,66.2679],[22.0824,66.2547],[22.0265,66.2401],[22.0316,66.2027],[22.0615,66.1834],[22.0245,66.174],[22.0186,66.1572],[21.9911,66.1546],[21.9778,66.1605],[21.9693,66.1547],[21.9897,66.15],[22.0198,66.1222],[22.0232,66.1085],[22.0707,66.1107],[22.0752,66.0869],[22.0311,66.0847],[22.0363,66.0701],[22.0082,66.0732],[22.0136,66.0606],[21.977,66.056],[21.9398,66.0373],[21.9042,65.9979],[21.8911,66.0017],[21.8819,65.9911],[21.8562,65.99],[21.8513,65.9785],[21.8683,65.9573],[21.9682,65.9444],[22.0021,65.9238],[22.0495,65.8795],[22.1148,65.8485],[22.1079,65.845],[22.0112,65.8726],[22.0419,65.8429],[22.0372,65.8294],[22.0001,65.8264],[21.9823,65.8183],[21.9609,65.8263],[21.9569,65.8248],[21.9754,65.817],[21.9033,65.8083],[21.9118,65.805],[21.8898,65.8012],[21.8893,65.7828],[21.9286,65.7529],[21.7845,65.7115],[21.8001,65.6972],[21.6462,65.6684],[21.6031,65.6802],[21.5628,65.709],[21.5285,65.7173],[21.5448,65.7125],[21.5233,65.7004],[21.5117,65.7055],[21.5303,65.6991],[21.4823,65.6633],[21.4679,65.6731],[21.4792,65.6781],[21.4642,65.6906],[21.3357,65.6716],[21.38,65.6457],[21.3864,65.6178],[21.4899,65.5913],[21.6971,65.4967],[21.7067,65.4972],[21.7006,65.4951],[21.7345,65.4798],[21.8261,65.4547],[21.9151,65.3981],[21.9375,65.3623]]],[[[21.5229,65.7184],[21.5136,65.7219],[21.5278,65.7175],[21.5229,65.7184]]]]},"properties":{"kommunkod":"2580","namn":"Luleå","lan":"25","ri_areal_ha":88707.0,"ri_areal_ar":2014,"ri_areal_klass":5}},{"type":"Feature","geometry":{"type":"MultiPolygon","coordinates":[[[[21.5559,65.0597],[21.9454,64.9024],[22.1827,64.9745],[22.4513,65.0697],[21.9375,65.3623],[21.9151,65.3981],[21.8261,65.4547],[21.7345,65.4798],[21.7006,65.4951],[21.7067,65.4972],[21.6971,65.4967],[21.4899,65.5913],[21.3864,65.6178],[21.38,65.6457],[21.3583,65.6584],[21.1442,65.6003],[21.1888,65.5689],[21.1766,65.5659],[21.1876,65.5581],[21.1609,65.5621],[21.1236,65.5505],[21.1215,65.5359],[21.0957,65.553],[21.0777,65.5364],[21.0533,65.5289],[21.0588,65.5237],[20.9954,65.51],[20.9857,65.5235],[20.9687,65.5317],[20.9427,65.5094],[20.8787,65.533],[20.8832,65.5354],[20.7648,65.5532],[20.7577,65.5598],[20.7399,65.554],[20.6926,65.5702],[20.7039,65.5764],[20.6388,65.584],[20.525,65.6279],[20.4903,65.6001],[20.4587,65.6117],[20.3933,65.5925],[20.3511,65.5963],[20.3113,65.6081],[20.297,65.6332],[20.3,65.6258],[20.2918,65.6257],[20.2881,65.6034],[20.2061,65.5939],[20.2172,65.5651],[20.025,65.5033],[19.7574,65.5359],[19.6976,65.5263],[19.6288,65.4516],[19.8948,65.381],[20.11,65.3457],[20.8055,65.2093],[21.2659,65.1635],[21.3188,65.1359],[21.5559,65.0597]],[[19.9993,65.3728],[20.0366,65.3677],[20.0275,65.3614],[19.9868,65.3771],[19.9993,65.3728]],[[20.6853,65.5651],[20.676,65.5652],[20.6967,65.5663],[20.6853,65.5651]]]]},"properties":{"kommunkod":"2581","namn":"Piteå","lan":"25","ri_areal_ha":130707.0,"ri_areal_ar":2014,"ri_areal_klass":5}},{"type":"Feature","geometry":{"type":"MultiPolygon","coordinates":[[[[21.2991,66.2838],[21.2741,66.2786],[20.9981,66.3926],[20.7722,66.3579],[20.7179,66.3132],[20.7035,66.316],[20.7044,66.3092],[20.7127,66.3091],[20.3623,66.0145],[20.7017,65.9218],[20.8997,65.8597],[21.1713,65.7515],[21.3357,65.6716],[21.4642,65.6906],[21.4792,65.6781],[21.4679,65.6731],[21.4823,65.6633],[21.5303,65.6991],[21.5117,65.7055],[21.5233,65.7004],[21.5448,65.7125],[21.5285,65.7173],[21.5628,65.709],[21.6031,65.6802],[21.6462,65.6684],[21.8001,65.6972],[21.7845,65.7115],[21.9286,65.7529],[21.8893,65.7828],[21.8898,65.8012],[21.9118,65.805],[21.9033,65.8083],[21.9754,65.817],[21.9569,65.8248],[21.9609,65.8263],[21.9823,65.8183],[22.0001,65.8264],[22.0372,65.8294],[22.0419,65.8429],[22.0112,65.8726],[22.1079,65.845],[22.1148,65.8485],[22.0495,65.8795],[22.0021,65.9238],[21.9682,65.9444],[21.8683,65.9573],[21.8513,65.9785],[21.8562,65.99],[21.8819,65.9911],[21.8911,66.0017],[21.9042,65.9979],[21.9398,66.0373],[21.977,66.056],[22.0136,66.0606],[22.0082,66.0732],[22.0363,66.0701],[22.0311,66.0847],[22.0752,66.0869],[22.0707,66.1107],[22.0232,66.1085],[22.0198,66.1222],[21.9897,66.15],[21.9693,66.1547],[21.9778,66.1605],[21.9911,66.1546],[22.0186,66.1572],[22.0245,66.174],[22.0615,66.1834],[22.0316,66.2027],[22.0265,66.2401],[22.0824,66.2547],[22.0643,66.2679],[22.1464,66.2833],[21.9467,66.4323],[21.6389,66.3845],[21.3785,66.3002],[21.2991,66.2838]],[[21.5213,65.7194],[21.5278,65.7175],[21.5136,65.7219],[21.5213,65.7194]]]]},"properties":{"kommunkod":"2582","namn":"Boden","lan":"25","ri_areal_ha":111195.0,"ri_areal_ar":2014,"ri_areal_klass":5}},{"type":"Feature","geometry":{"type":"MultiPolygon","coordinates":[[[[23.5786,65.6208],[23.8576,65.3564],[23.912,65.3654],[24.1328,65.5154],[24.1777,65.6604],[24.1649,65.6955],[24.1722,65.7253],[24.1276,65.7784],[24.1337,65.7967],[24.1553,65.8155],[24.1446,65.841],[24.1252,65.8515],[24.1256,65.8578],[24.1316,65.8631],[24.1529,65.8626],[24.1328,65.888],[24.1155,65.8987],[24.1099,65.9134],[24.1179,65.9267],[24.0884,65.9312],[24.0423,65.9632],[24.0399,65.9697],[24.0529,65.9746],[24.0454,66.002],[23.9964,66.0352],[23.9754,66.0577],[23.9383,66.0767],[23.9366,66.091],[23.9451,66.1073],[23.9358,66.1124],[23.9408,66.1208],[23.9141,66.1361],[23.93,66.1496],[23.92,66.1604],[23.8885,66.1678],[23.7501,66.1393],[23.7747,66.1127],[23.6845,66.0985],[23.7022,66.0902],[23.6923,66.0887],[23.6596,66.1197],[23.6001,66.1065],[23.6036,66.102],[23.5991,66.1063],[23.5719,66.1002],[23.5779,66.0959],[23.5604,66.0916],[23.5464,66.0946],[23.5576,66.088],[23.5332,66.0843],[23.5268,66.0902],[23.3321,66.0465],[23.3998,66.0149],[23.4582,65.9667],[23.5883,65.8758],[23.5846,65.8735],[23.5995,65.8681],[23.5701,65.7833],[23.6086,65.7723],[23.622,65.6908],[23.6089,65.6462],[23.5786,65.6208]],[[23.5999,66.0872],[23.5794,66.092],[23.5861,66.0961],[23.5999,66.0872]],[[23.571,66.0877],[23.579,66.0811],[23.5612,66.0888],[23.5796,66.089],[23.5663,66.088],[23.571,66.0877]],[[23.6979,66.0749],[23.7008,66.0715],[23.69,66.0742],[23.695,66.0744],[23.6929,66.0845],[23.701,66.0818],[23.6979,66.0749]],[[23.7929,66.1331],[23.7897,66.1385],[23.7961,66.1394],[23.815,66.1293],[23.7965,66.1257],[23.7929,66.1331]],[[23.7949,66.076],[23.8012,66.0745],[23.788,66.0762],[23.7949,66.076]],[[23.5776,66.061],[23.5904,66.0574],[23.578,66.0559],[23.5776,66.061]],[[23.6416,66.0708],[23.6591,66.0662],[23.6449,66.0631],[23.639,66.0665],[23.6416,66.0708]],[[23.6744,66.0802],[23.682,66.0715],[23.6741,66.0724],[23.6661,66.0863],[23.6744,66.0802]],[[23.7799,66.0897],[23.7916,66.082],[23.782,66.0796],[23.7783,66.0825],[23.7835,66.0841],[23.7712,66.0904],[23.7799,66.0897]]]]},"properties":{"kommunkod":"2583","namn":"Haparanda","lan":"25","ri_areal_ha":36275.0,"ri_areal_ar":2014,"ri_areal_klass":4}},{"type":"Feature","geometry":{"type":"MultiPolygon","coordinates":[[[[20.8011,67.5785],[20.8112,67.5867],[20.7979,67.5865],[20.8031,67.5852],[20.8011,67.5785]]],[[[20.2002,67.674],[20.2317,67.6792],[20.2194,67.6795],[20.2232,67.6826],[20.1941,67.675],[20.2002,67.674]]],[[[19.9202,67.7146],[19.9139,67.7142],[19.932,67.7179],[19.9202,67.7146]]],[[[20.1246,67.7099],[20.1333,67.7126],[20.1174,67.7147],[20.1246,67.7099]]],[[[20.0728,67.7383],[20.0475,67.7382],[20.0766,67.7353],[20.0728,67.7383]]],[[[20.0664,67.7401],[20.072,67.7405],[20.0606,67.7426],[20.0664,67.7401]]],[[[18.0523,68.1082],[17.8998,67.9694],[18.3519,67.8543],[18.786,67.8523],[18.8526,67.8445],[19.005,67.8572],[19.237,67.8481],[19.3216,67.8563],[19.4082,67.8522],[19.4844,67.8376],[19.6358,67.8281],[19.6419,67.821],[19.702,67.8132],[19.7813,67.8149],[19.873,67.7866],[19.9518,67.7737],[20.0091,67.7458],[20.118,67.7475],[20.1647,67.7308],[20.2229,67.7218],[20.332,67.7349],[20.409,67.7019],[20.5242,67.6823],[20.7043,67.6393],[20.715,67.6301],[20.7731,67.6138],[20.7748,67.6073],[20.9133,67.5629],[20.916,67.5549],[20.97,67.5326],[21.0639,67.5045],[21.0679,67.4949],[21.2624,67.4733],[21.355,67.4848],[21.4455,67.4654],[21.4503,67.4658],[21.4186,67.4697],[21.4662,67.475],[21.5376,67.462],[21.7439,67.4525],[21.7397,67.447],[21.75,67.4487],[21.7463,67.4524],[21.8022,67.4482],[21.8416,67.4301],[21.8634,67.4291],[21.9084,67.4126],[21.908,67.4057],[21.9183,67.3978],[21.884,67.3926],[21.886,67.3888],[21.9623,67.3562],[21.9917,67.3776],[22.0031,67.3762],[21.994,67.3793],[22.0589,67.4262],[22.2205,67.5718],[22.2102,67.574],[22.2255,67.5754],[22.316,67.6402],[22.3329,67.6367],[22.3418,67.6432],[22.3253,67.6467],[22.4646,67.7459],[22.8131,67.8387],[23.2864,68.1545],[23.2593,68.1568],[23.2511,68.1493],[23.2095,68.1458],[23.1699,68.1331],[23.1524,68.1367],[23.1401,68.1553],[23.147,68.1716],[23.1415,68.1815],[23.1621,68.1979],[23.1419,68.2034],[23.1419,68.2186],[23.1519,68.2319],[23.1435,68.2468],[23.1128,68.2515],[23.0772,68.267],[23.064,68.281],[23.0701,68.3003],[23.0566,68.3074],[22.9875,68.3199],[22.9717,68.3323],[22.9161,68.3338],[22.8941,68.3484],[22.8453,68.3607],[22.8344,68.3678],[22.8437,68.3836],[22.7998,68.3936],[22.7343,68.3851],[22.7247,68.3945],[22.6867,68.3999],[22.6918,68.4057],[22.6785,68.4116],[22.6454,68.4171],[22.6394,68.4213],[22.6435,68.4318],[22.6392,68.4343],[22.5724,68.4222],[22.5557,68.4341],[22.5061,68.4422],[22.4683,68.4413],[22.4335,68.4648],[22.4022,68.4659],[22.3426,68.4446],[22.3436,68.4606],[22.3489,68.4636],[22.3407,68.4693],[22.3482,68.4741],[22.3481,68.4821],[22.2521,68.4824],[22.2224,68.473],[22.1927,68.4802],[22.1525,68.4701],[22.1274,68.4719],[22.1154,68.4821],[22.0427,68.4798],[22.011,68.5],[22.0089,68.5101],[21.996,68.5217],[22.0063,68.5331],[21.9918,68.534],[21.9684,68.5511],[21.8889,68.5844],[21.8647,68.5838],[21.8421,68.5912],[21.777,68.5855],[21.7174,68.5903],[21.7006,68.5967],[21.6958,68.6105],[21.7121,68.6174],[21.7095,68.6255],[21.6639,68.6406],[21.6527,68.6504],[21.6283,68.6543],[21.6237,68.6623],[21.555,68.6776],[21.5008,68.6766],[21.4298,68.6916],[21.4185,68.6972],[21.4227,68.702],[21.4127,68.7109],[21.4221,68.7151],[21.4098,68.7253],[21.4146,68.7309],[21.4056,68.7357],[21.4126,68.7484],[21.3904,68.7648],[21.299,68.7624],[21.2702,68.7798],[21.2537,68.8023],[21.2366,68.813],[21.1843,68.8252],[21.1448,68.84],[21.1286,68.8536],[21.078,68.8649],[21.0767,68.8715],[21.0262,68.8821],[21.0296,68.8854],[20.9967,68.8967],[20.9807,68.8913],[20.9328,68.8986],[20.9024,68.8911],[20.8781,68.8935],[20.9034,68.9003],[20.8802,68.9186],[20.8519,68.9238],[20.8435,68.9365],[20.8663,68.9436],[20.8924,68.9417],[20.9119,68.9572],[20.9117,68.9687],[20.8799,68.9867],[20.8347,68.9962],[20.8081,69.0201],[20.7749,69.0327],[20.7027,69.0445],[20.6275,69.0458],[20.5486,69.06],[20.06,69.0458],[20.3066,68.9262],[20.3359,68.8023],[20.2028,68.6659],[20.0522,68.5911],[19.9375,68.5579],[20.0259,68.5308],[20.2265,68.4908],[19.978,68.3882],[19.9214,68.356],[18.9838,68.517],[18.6212,68.507],[18.4057,68.5819],[18.1259,68.5365],[18.1011,68.406],[18.1514,68.1988],[18.0523,68.1082]]],[[[21.9888,67.307],[22.0017,67.3065],[21.9845,67.3092],[21.9888,67.307]]],[[[21.55,67.4379],[21.5592,67.4478],[21.5455,67.4349],[21.5547,67.431],[21.5468,67.4348],[21.55,67.4379]]],[[[21.4907,67.4473],[21.5062,67.4482],[21.4834,67.4471],[21.4907,67.4473]]],[[[21.5232,67.4475],[21.5284,67.4465],[21.5074,67.449],[21.5232,67.4475]]],[[[22.0818,67.4291],[22.0913,67.4306],[22.0808,67.434],[22.0818,67.4291]]],[[[21.5727,67.4544],[21.5765,67.4576],[21.5689,67.4539],[21.5828,67.4474],[21.5941,67.45],[21.5727,67.4544]]],[[[21.552,67.4548],[21.5451,67.455],[21.5616,67.4519],[21.552,67.4548]]],[[[22.1351,67.4706],[22.1284,67.4721],[22.1414,67.4695],[22.1351,67.4706]]],[[[22.1899,67.4827],[22.1852,67.4828],[22.1958,67.4833],[22.1899,67.4827]]]]},"properties":{"kommunkod":"2584","namn":"Kiruna","lan":"25","ri_areal_ha":1440815.0,"ri_areal_ar":2014,"ri_areal_klass":5}}]}