{
 "type": "FeatureCollection",
 "features": [
  {
   "type": "Feature",
   "geometry": {
    "type": "Point",
    "coordinates": [
     16.475049823152776,
     57.5537136653472
    ]
   },
   "properties": {
    "id": 14641,
    "namn": "E22, Nygård–Gladhammar, mötesfri väg",
    "beskrivning": "E22, Bälö–Gladhammar byggs om till en mötesfri väg med mitträcke för att öka trafiksäkerheten och framkomligheten på E22 samtidigt pågår planering för sträckan Nygård-Bälö.",
    "typer": "Väg",
    "lan": "Kalmar",
    "url": "https://www.trafikverket.se/vara-projekt/projekt-i-kalmar-lan/e22-malbackengladhammar-motesfri-vag/",
    "punkt_index": null
   }
  },
  {
   "type": "Feature",
   "geometry": {
    "type": "Point",
    "coordinates": [
     14.628030048318534,
     58.991745045551966
    ]
   },
   "properties": {
    "id": 44294,
    "namn": "Laxå bangård, ombyggnad",
    "beskrivning": "Vi behöver göra en omfattande ombyggnad och upprustning av stationen och bangården i Laxå för att uppfylla dagens säkerhetskrav.",
    "typer": "Järnväg",
    "lan": "Örebro",
    "url": "https://www.trafikverket.se/vara-projekt/projekt-i-orebro-lan/laxa-bangard-ombyggnad/",
    "punkt_index": null
   }
  },
  {
   "type": "Feature",
   "geometry": {
    "type": "Point",
    "coordinates": [
     14.104881563409043,
     57.769193070212715
    ]
   },
   "properties": {
    "id": 27288,
    "namn": "Väg 26/47, delen Hedenstorp-Månseryd, 2+2 väg",
    "beskrivning": "Vi planerar att bygga om sträckan Hedenstorp-Månseryd för att öka framkomligheten och trafiksäkerheten. Vi planerar även för en ny trafikplats vid Klämmestorp samt ombyggnation av trafikplatsen vid Åsens gård.\n",
    "typer": "Väg",
    "lan": "Jönköping",
    "url": "https://www.trafikverket.se/vara-projekt/projekt-i-jonkopings-lan/vag-2647-delen-hedenstorp-manseryd-22-vag/",
    "punkt_index": null
   }
  },
  {
   "type": "Feature",
   "geometry": {
    "type": "Point",
    "coordinates": [
     16.470135662025726,
     57.721720656307504
    ]
   },
   "properties": {
    "id": 25350,
    "namn": "E22 Gladhammar–Verkebäck, mötesfri väg",
    "beskrivning": "Vi planerar att bygga om E22 Gladhammar-Verkebäck till en mötesfri väg med mitträcke samt förbättra korsningspunkten mellan väg 40 och E22. Genom att bygga om ökar vi trafiksäkerheten och framkomligheten på E22.",
    "typer": "Väg",
    "lan": "Kalmar",
    "url": "https://www.trafikverket.se/vara-projekt/projekt-i-kalmar-lan/e22-gladhammarverkeback-motesfri-vag/",
    "punkt_index": null
   }
  },
  {
   "type": "Feature",
   "geometry": {
    "type": "Point",
    "coordinates": [
     19.855564870723253,
     63.919936828414166
    ]
   },
   "properties": {
    "id": 20074,
    "namn": "E12, Vindelälven vid Vännäsby, gång- och cykelbro",
    "beskrivning": "Trafikverket planerar för en gång- och cykelbro med anslutande gång- och cykelväg över Vindelälven i Vännäsby för att förbättra trafiksäkerheten för oskyddade trafikanter.",
    "typer": "Väg",
    "lan": "Västerbotten",
    "url": "https://www.trafikverket.se/vara-projekt/projekt-i-vasterbottens-lan/gc-bro_vindelalven/",
    "punkt_index": null
   }
  },
  {
   "type": "Feature",
   "geometry": {
    "type": "Point",
    "coordinates": [
     12.374824174521237,
     57.818866820833975
    ]
   },
   "properties": {
    "id": 8535,
    "namn": "Västra stambanan, Göteborg–Alingsås",
    "beskrivning": "Under 2025–2027 utför Trafikverket stora underhålls- och investeringsåtgärder på sträckan Göteborg–Alingsås. Det kommer fortsatt gå att resa, även om arbetena innebär nedsatt kapacitet och förändrade resmönster.",
    "typer": "Järnväg",
    "lan": "Västra Götaland",
    "url": "https://www.trafikverket.se/vara-projekt/projekt-i-vastra-gotalands-lan/vastra-stambanan-goteborgalingsas/",
    "punkt_index": null
   }
  },
  {
   "type": "Feature",
   "geometry": {
    "type": "Point",
    "coordinates": [
     17.917706188910064,
     62.622164402636386
    ]
   },
   "properties": {
    "id": 30553,
    "namn": "E4 södra infarten till Härnösand",
    "beskrivning": "Vi planerar för ett gång- och cykelstråk med tryggare passager över E4, södra delen genom Härnösand. För öka trafiksäkerheten och tillgängligheten för de oskyddade trafikanterna som går och cyklar längs europavägen.",
    "typer": "Väg",
    "lan": "Västernorrland",
    "url": "https://www.trafikverket.se/vara-projekt/projekt-i-vasternorrlands-lan/e4-sodra-infarten-till-harnosand/",
    "punkt_index": null
   }
  },
  {
   "type": "Feature",
   "geometry": {
    "type": "Point",
    "coordinates": [
     16.391080398186254,
     61.34688892743881
    ]
   },
   "properties": {
    "id": 132605,
    "namn": "Väg 83, Bollnäs C, underhåll av bro",
    "beskrivning": "Vi utför underhållsarbeten på bron i centrala Bollnäs på väg 83. Under våren bygger vi refuger före och efter bron samt genomför beläggningsarbeten och linjemålning.",
    "typer": "Järnväg",
    "lan": "Gävleborg",
    "url": "https://www.trafikverket.se/vara-projekt/projekt-i-gavleborgs-lan/vag-83-underhallsatgarder-pa-bron-i-centrala-bollnas/",
    "punkt_index": null
   }
  },
  {
   "type": "Feature",
   "geometry": {
    "type": "Point",
    "coordinates": [
     11.81101231606388,
     58.064061947618356
    ]
   },
   "properties": {
    "id": 127786,
    "namn": "Väg 160, Stenungsöbron, underhåll",
    "beskrivning": "Vi renoverar Stenungsöbron för att förlänga dess livslängd och förbättra säkerheten för trafikanterna. Vi ska även att montera suicidskydd på bron för att förhindra personer från att omkomma eller skadas allvarligt. ",
    "typer": "Väg",
    "lan": "Västra Götaland",
    "url": "https://www.trafikverket.se/vara-projekt/projekt-i-vastra-gotalands-lan/vag-160-stenungsobron-underhall/",
    "punkt_index": null
   }
  },
  {
   "type": "Feature",
   "geometry": {
    "type": "Point",
    "coordinates": [
     13.632824011216172,
     55.85576127334721
    ]
   },
   "properties": {
    "id": 26152,
    "namn": "E22 Fogdarp–Hörby Norra, motorvägsutbyggnad",
    "beskrivning": "I dag är det mötesfri väg, så kallad 2+1-väg, på E22 mellan Fogdarp och Hörby Norra. Trafikverket föreslår att vägen på sikt ska byggas ut till motorväg.",
    "typer": "Väg",
    "lan": "Skåne",
    "url": "https://www.trafikverket.se/vara-projekt/projekt-i-skane-lan/e22-fogdarphorby-norra-motorvagsutbyggnad-liten-att-kopiera/",
    "punkt_index": null
   }
  },
  {
   "type": "Feature",
   "geometry": {
    "type": "Point",
    "coordinates": [
     13.45600551068564,
     59.53170153049934
    ]
   },
   "properties": {
    "id": 21825,
    "namn": "Väg 62, Norra Sanna–Dyvelsten och Dyvelsten–norra infarten Forshaga mötesfri väg, gång- och cykelväg",
    "beskrivning": "För att öka trafiksäkerhet och framkomlighet bygger vi om väg 62 till mötesfri väg på sträckan mellan Norra Sanna och norra infarten till Forshaga.",
    "typer": "Väg",
    "lan": "Värmland",
    "url": "https://www.trafikverket.se/vara-projekt/projekt-i-varmlands-lan/vag-62-norra-sannadyvelsten-och-dyvelstennorra-infarten-forshaga-motesfri-vag-gang--och-cykelvag/",
    "punkt_index": null
   }
  },
  {
   "type": "Feature",
   "geometry": {
    "type": "Point",
    "coordinates": [
     18.092961187268266,
     59.74558053376378
    ]
   },
   "properties": {
    "id": 23060,
    "namn": "Väg 77, Uppsala länsgräns–Eknäs",
    "beskrivning": "Vi bygger om väg 77 mellan Uppsala Länsgräns och Eknäs. Nu i december börjar vi flytta tillbaka trafiken till den ombyggda vägen på en lång sträcka mellan länsgränsen och Gottröra. ",
    "typer": "Väg",
    "lan": "Stockholm",
    "url": "https://www.trafikverket.se/vara-projekt/projekt-i-stockholms-lan/strackan-uppsala-lansgranseknas/",
    "punkt_index": null
   }
  },
  {
   "type": "Feature",
   "geometry": {
    "type": "Point",
    "coordinates": [
     12.841719603310905,
     56.75439602502786
    ]
   },
   "properties": {
    "id": 52010,
    "namn": "Väg 612/601/678, Holm–Kvibille, gång- och cykelväg",
    "beskrivning": "Vi planerar att bygga en gång- och cykelväg längs väg 612/601/678 tillsammans med Halmstads kommun. Syftet är att gående och cyklister ska kunna röra sig trafiksäkert genom samhället.",
    "typer": "Gång- och cykelväg",
    "lan": "Halland",
    "url": "https://www.trafikverket.se/vara-projekt/projekt-i-hallands-lan/vag-612601678-holmkvibille-gang--och-cykelvag/",
    "punkt_index": null
   }
  },
  {
   "type": "Feature",
   "geometry": {
    "type": "Point",
    "coordinates": [
     21.70859919072365,
     65.8290397056797
    ]
   },
   "properties": {
    "id": 134555,
    "namn": "Malmbanan Boden – Gällivare, kontaktlednings- och hjälpkraftsupprustning",
    "beskrivning": "Vi byter kontaktledningsanläggning mellan Boden och Gällivare.\n",
    "typer": "Järnväg",
    "lan": "Norrbotten",
    "url": "https://www.trafikverket.se/vara-projekt/projekt-i-norrbottens-lan/malmbanan-boden--gallivare-kontaktlednings--och-hjalpkraftsupprustning/",
    "punkt_index": 0
   }
  },
  {
   "type": "Feature",
   "geometry": {
    "type": "Point",
    "coordinates": [
     20.64127980671639,
     67.13517508536145
    ]
   },
   "properties": {
    "id": 134555,
    "namn": "Malmbanan Boden – Gällivare, kontaktlednings- och hjälpkraftsupprustning",
    "beskrivning": "Vi byter kontaktledningsanläggning mellan Boden och Gällivare.\n",
    "typer": "Järnväg",
    "lan": "Norrbotten",
    "url": "https://www.trafikverket.se/vara-projekt/projekt-i-norrbottens-lan/malmbanan-boden--gallivare-kontaktlednings--och-hjalpkraftsupprustning/",
    "punkt_index": 1
   }
  },
  {
   "type": "Feature",
   "geometry": {
    "type": "Point",
    "coordinates": [
     13.033079995409613,
     60.287185451637676
    ]
   },
   "properties": {
    "id": 42837,
    "namn": "E16/E45 Vägsjöfors, korsningsåtgärder",
    "beskrivning": "E16/E45 är en viktig pulsåder för Värmland och spelar en avgörande roll för arbetspendling inom länet och för godstransporter i västra Sverige.",
    "typer": "Väg",
    "lan": "Värmland",
    "url": "https://www.trafikverket.se/vara-projekt/projekt-i-varmlands-lan/e16e45-vagsjofors-korsningsatgarder/",
    "punkt_index": null
   }
  },
  {
   "type": "Feature",
   "geometry": {
    "type": "Point",
    "coordinates": [
     17.237629752213795,
     62.008639771532465
    ]
   },
   "properties": {
    "id": 27971,
    "namn": "E4, Kongberget–Gnarp, mötesfri väg i Nordanstigs kommun",
    "beskrivning": "Vi planerar att bygga om E4 mellan Kongberget–Gnarp till en mötesfri 2+1 väg för ökad trafiksäkerhet och framkomlighet.",
    "typer": "Väg",
    "lan": "Gävleborg",
    "url": "https://www.trafikverket.se/vara-projekt/projekt-i-gavleborgs-lan/e4-kongbergetgnarp-motesfri-vag-i-nordanstigs-kommun/",
    "punkt_index": null
   }
  },
  {
   "type": "Feature",
   "geometry": {
    "type": "Point",
    "coordinates": [
     16.173177987122095,
     58.48885967232358
    ]
   },
   "properties": {
    "id": 159972,
    "namn": "Omstigningshållplats Västra Husby, väg 210/799",
    "beskrivning": "Vi planerar för en ny omstigningshållplats vid korsningen väg 210/799 i Västra Husby. Med åtgärden utvecklar vi tillgängligheten för kollektivtrafiken och förbättrar trafiksäkerheten.",
    "typer": "Väg",
    "lan": "Östergötland",
    "url": "https://www.trafikverket.se/vara-projekt/projekt-i-ostergotlands-lan/omstigningshallplats-vastra-husby/",
    "punkt_index": null
   }
  },
  {
   "type": "Feature",
   "geometry": {
    "type": "Point",
    "coordinates": [
     16.526424741066148,
     59.38606531047082
    ]
   },
   "properties": {
    "id": 59265,
    "namn": "E20, Eskilstuna, trimningsåtgärder vid trafikplats Marielund och trafikplats Årby",
    "beskrivning": "Vi utför trimningsåtgärder vid trafikplats Marielund och trafikplats Årby längs E20 för att öka trafiksäkerheten. ",
    "typer": "Väg",
    "lan": "Södermanland",
    "url": "https://www.trafikverket.se/vara-projekt/projekt-i-sodermanlands-lan/e20-eskilstuna-trimningsatgarder-vid-trafikplats-marielund-och-trafikplats-arby/",
    "punkt_index": null
   }
  },
  {
   "type": "Feature",
   "geometry": {
    "type": "Point",
    "coordinates": [
     22.11464081195449,
     65.6446125749857
    ]
   },
   "properties": {
    "id": 163448,
    "namn": "Väg 969, Björsbyn-Rutvik och väg 965, Rutvik-Brännan, beläggningsarbeten",
    "beskrivning": "Vi rustar upp 969, Haparandavägen samt gång- och cykelvägen mellan Björsbyn och Rutvik samtidigt som Luleå kommun rustar resterande sträcka Porsön-Björsbyn. Vi förbättrar även väg 965 mellan Rutvik och Brännan.",
    "typer": "Väg, Gång- och cykelväg",
    "lan": "Norrbotten",
    "url": "https://www.trafikverket.se/vara-projekt/projekt-i-norrbottens-lan/vag-969-bjorsbyn-rutvik-belaggningsarbeten/",
    "punkt_index": null
   }
  },
  {
   "type": "Feature",
   "geometry": {
    "type": "Point",
    "coordinates": [
     12.679537219988443,
     57.387989001046016
    ]
   },
   "properties": {
    "id": 51523,
    "namn": "Väg 1526, Torestorp, Solbergavägen–Skolbacken, gång- och cykelväg",
    "beskrivning": "Vi planerar att bygga en gång- och cykelväg längs väg 1526 tillsammans med Marks kommun. Syftet är att gående och cyklister ska kunna röra sig trafiksäkert genom samhället.",
    "typer": "Gång- och cykelväg",
    "lan": "Västra Götaland",
    "url": "https://www.trafikverket.se/vara-projekt/projekt-i-vastra-gotalands-lan/vag-1526-torestorp-solbergavagen-skolbacken-gang--och-cykelvag/",
    "punkt_index": null
   }
  },
  {
   "type": "Feature",
   "geometry": {
    "type": "Point",
    "coordinates": [
     11.994749883810808,
     57.70221667049302
    ]
   },
   "properties": {
    "id": 98697,
    "namn": "E6, Gårda ITS",
    "beskrivning": "Med hjälp av modern teknologi gör vi insatser för att öka framkomligheten på E6 förbi Gårda. Ett utbyggt trafiksystem kan avhjälpa och hantera trafikstörningar, köbildningar och olyckor på ett mer effektivt sätt.",
    "typer": "Väg",
    "lan": "Västra Götaland",
    "url": "https://www.trafikverket.se/vara-projekt/projekt-i-vastra-gotalands-lan/e6-garda-its/",
    "punkt_index": null
   }
  },
  {
   "type": "Feature",
   "geometry": {
    "type": "Point",
    "coordinates": [
     12.088507707010137,
     57.554146638439896
    ]
   },
   "properties": {
    "id": 51505,
    "namn": "Väg 970/513, Anneberg–Lindome, gång- och cykelväg",
    "beskrivning": "Vi planerar att bygga en gång- och cykelväg längs väg 970/513 tillsammans med Kungsbacka kommun och Mölndals Stad. Syftet är att gående och cyklister ska kunna röra sig trafiksäkert genom samhället.",
    "typer": "Gång- och cykelväg",
    "lan": "Halland, Västra Götaland",
    "url": "https://www.trafikverket.se/vara-projekt/projekt-som-stracker-sig-over-flera-lan/vag-970513-anneberg-lindome-gang--och-cykelvag/",
    "punkt_index": null
   }
  },
  {
   "type": "Feature",
   "geometry": {
    "type": "Point",
    "coordinates": [
     22.70857673593824,
     66.075170956985
    ]
   },
   "properties": {
    "id": 8193,
    "namn": "E10, Morjärv–Västra Svartbyn, mötesfri väg",
    "beskrivning": "Vägen mellan Morjärv och Västra Svartbyn är smal och har dålig standard. Planering pågår för att bygga om till mötesfri väg.",
    "typer": "Väg",
    "lan": "Norrbotten",
    "url": "https://www.trafikverket.se/vara-projekt/projekt-i-norrbottens-lan/e10-morjarvvastra-svartbyn-motesfri-vag/",
    "punkt_index": null
   }
  },
  {
   "type": "Feature",
   "geometry": {
    "type": "Point",
    "coordinates": [
     16.06673672102791,
     56.39078943869695
    ]
   },
   "properties": {
    "id": 15954,
    "namn": "E22 förbi Bergkvara",
    "beskrivning": "E22 är en viktig förbindelse genom hela sydöstra Sverige, genom att bygga om ökar vi framkomligheten och trafiksäkerheten på sträckan.",
    "typer": "Väg",
    "lan": "Kalmar",
    "url": "https://www.trafikverket.se/vara-projekt/projekt-i-kalmar-lan/e22-forbi-bergkvara/",
    "punkt_index": null
   }
  },
  {
   "type": "Feature",
   "geometry": {
    "type": "Point",
    "coordinates": [
     17.64034525292811,
     59.86198217379504
    ]
   },
   "properties": {
    "id": 28047,
    "namn": "Uppsala planskilda korsningar, S:t Persgatan och S:t Olofsgatan",
    "beskrivning": "Vi bygger planskilda korsningar för järnvägen och trafiken på S:t Persgatan respektive S:t Olofsgatan i centrala Uppsala. ",
    "typer": "Järnväg",
    "lan": "Uppsala",
    "url": "https://www.trafikverket.se/vara-projekt/projekt-i-uppsala-lan/uppsala-planskilda-korsningar/",
    "punkt_index": null
   }
  },
  {
   "type": "Feature",
   "geometry": {
    "type": "Point",
    "coordinates": [
     17.803331941067622,
     59.02158328199011
    ]
   },
   "properties": {
    "id": 153552,
    "namn": "Väg 225, Ösmo-Vårsta, trafiksäkerhetshöjande åtgärder",
    "beskrivning": "Vi ska bygga om delar av väg 225 för att öka trafiksäkerheten både för fordonsförare och oskyddade trafikanter.",
    "typer": "Väg",
    "lan": "Stockholm",
    "url": "https://www.trafikverket.se/vara-projekt/projekt-i-stockholms-lan/vag-225-osmo-varsta-trafiksakerhetshojande-atgarder/",
    "punkt_index": null
   }
  },
  {
   "type": "Feature",
   "geometry": {
    "type": "Point",
    "coordinates": [
     13.954054592396702,
     56.87738732800189
    ]
   },
   "properties": {
    "id": 8158,
    "namn": "E4, Kånna – Ljungby - Toftanäs, motorväg",
    "beskrivning": "Vi har byggt om E4, Kånna - Ljungby - Toftanäs för att öka kapaciteten på sträckan. Vi har skapat ett smidigt flöde för trafikanter och näringsliv med mindre känslighet för störningar i trafiken.",
    "typer": "Väg",
    "lan": "Kronoberg",
    "url": "https://www.trafikverket.se/vara-projekt/projekt-i-kronobergs-lan/e4-ljungbytoftanas-byggs-ut-till-motorvag/",
    "punkt_index": null
   }
  },
  {
   "type": "Feature",
   "geometry": {
    "type": "Point",
    "coordinates": [
     13.148955148735379,
     59.838232970709335
    ]
   },
   "properties": {
    "id": 46458,
    "namn": "Väg 241, bro över Sunnesundet, Sunne",
    "beskrivning": "Vi planerar att renovera bron över Sunnesundet på väg 241 genom centrala Sunne. Det gör vi för att förlänga brons livslängd.",
    "typer": "Väg",
    "lan": "Värmland",
    "url": "https://www.trafikverket.se/vara-projekt/projekt-i-varmlands-lan/vag-241-bro-over-sunnesundet-sunne/",
    "punkt_index": null
   }
  },
  {
   "type": "Feature",
   "geometry": {
    "type": "Point",
    "coordinates": [
     12.225449624646172,
     57.93829183325545
    ]
   },
   "properties": {
    "id": 137516,
    "namn": "Väg 1968, ny gång- och cykelväg i Kilanda mellan Kilanda kyrka och infart Hultasjön",
    "beskrivning": "Vi planerar att bygga en ny gång- och cykelväg mellan Kilanda kyrka och infart Hultasjön för ökad trafiksäkerhet och framkomlighet.",
    "typer": "Gång- och cykelväg",
    "lan": "Västra Götaland",
    "url": "https://www.trafikverket.se/vara-projekt/projekt-i-vastra-gotalands-lan/vag-1968-ny-gang--och-cykelvag-i-kilanda-mellan-kilanda-kyrka-och-infart-hultasjon/",
    "punkt_index": null
   }
  },
  {
   "type": "Feature",
   "geometry": {
    "type": "Point",
    "coordinates": [
     12.462940750936266,
     57.953643121302
    ]
   },
   "properties": {
    "id": 136345,
    "namn": "Väg 180, gång- och cykelväg mellan Björkekärrsvägen och Simmenäsvägen",
    "beskrivning": "Vi planerar för en ny cirka 1,2 kilometer lång gång- och cykelväg längs väg 180 mellan Björkekärrsvägen och Simmenäsvägen. Det ska bland annat öka trafiksäkerheten och framkomligheten för dig som cyklar och går. ",
    "typer": "Gång- och cykelväg",
    "lan": "Västra Götaland",
    "url": "https://www.trafikverket.se/vara-projekt/projekt-i-vastra-gotalands-lan/vag-180-gang--och-cykelvag-mellan-bjorkekarrsvagen-och-simmenasvagen/",
    "punkt_index": null
   }
  },
  {
   "type": "Feature",
   "geometry": {
    "type": "Point",
    "coordinates": [
     12.138567914378982,
     57.79569250312801
    ]
   },
   "properties": {
    "id": 45257,
    "namn": "Väg 190, Skiljebacken–Björredsvägen, gång- och cykelväg",
    "beskrivning": "Vi planerar tillsammans med Göteborgs Stad att bygga en gång- och cykelväg längs väg 190. Syftet är att fotgängare och cyklister ska kunna röra sig trafiksäkert genom samhället.",
    "typer": "Gång- och cykelväg",
    "lan": "Västra Götaland",
    "url": "https://www.trafikverket.se/vara-projekt/projekt-i-vastra-gotalands-lan/vag-190-skiljebackenbjorredsvagen-gang--och-cykelvag/",
    "punkt_index": null
   }
  },
  {
   "type": "Feature",
   "geometry": {
    "type": "Point",
    "coordinates": [
     11.57968914661539,
     57.99651981632955
    ]
   },
   "properties": {
    "id": 23708,
    "namn": "Väg 721, delen cirkulation väg 721/723–Kollungsvägen, Utäng, gång- och cykelväg",
    "beskrivning": "Tillsammans med Tjörns kommun bygger vi en gång- och cykelväg längs väg 721. Syftet är att gående och cyklister ska kunna röra sig trafiksäkert genom samhället.",
    "typer": "Gång- och cykelväg",
    "lan": "Västra Götaland",
    "url": "https://www.trafikverket.se/vara-projekt/projekt-i-vastra-gotalands-lan/vag-721-delen-cirkulation-vag-721723kollungsvagen-utang-gang--och-cykelvag/",
    "punkt_index": null
   }
  },
  {
   "type": "Feature",
   "geometry": {
    "type": "Point",
    "coordinates": [
     13.499503828071266,
     59.378066976631736
    ]
   },
   "properties": {
    "id": 12173,
    "namn": "Karlstad C",
    "beskrivning": "Karlstad C är den största knutpunkten på Värmlandsbanan och en flaskhals på den hårt trafikerade sträckan Kil–Karlstad–Kristinehamn. Därför görs en rad förbättringar på stationen i samband med att nya resecentrum byggs.",
    "typer": "Järnväg",
    "lan": "Värmland",
    "url": "https://www.trafikverket.se/vara-projekt/projekt-i-varmlands-lan/karlstad-c2/",
    "punkt_index": null
   }
  },
  {
   "type": "Feature",
   "geometry": {
    "type": "Point",
    "coordinates": [
     17.66965368680909,
     59.88822683023138
    ]
   },
   "properties": {
    "id": 136027,
    "namn": "Väg 55 Bärbyleden E4",
    "beskrivning": "Vi bygger nya körfält för högersväng i korsningen mellan väg 55 Bärbyleden och E4 norr om Uppsala. Syftet är att minska risken för köer.",
    "typer": "Väg",
    "lan": "Uppsala",
    "url": "https://www.trafikverket.se/vara-projekt/projekt-i-uppsala-lan/vag-55-barbyleden-e4/",
    "punkt_index": null
   }
  },
  {
   "type": "Feature",
   "geometry": {
    "type": "Point",
    "coordinates": [
     14.300753277885937,
     56.89313519962005
    ]
   },
   "properties": {
    "id": 85524,
    "namn": "Väg 25, Växjö–Ljungby, Faunapassage",
    "beskrivning": "Vi bygger två faunapassager och broar för att öka trafiksäkerheten och minska viltolyckor.",
    "typer": "Väg",
    "lan": "Kronoberg",
    "url": "https://www.trafikverket.se/vara-projekt/projekt-i-kronobergs-lan/vag-25-vaxjoljungby-faunapassage/",
    "punkt_index": null
   }
  },
  {
   "type": "Feature",
   "geometry": {
    "type": "Point",
    "coordinates": [
     14.097049269036754,
     56.17291853754137
    ]
   },
   "properties": {
    "id": 13687,
    "namn": "Väg 19, Bjärlöv–Broby, mötesfri väg",
    "beskrivning": "Vi bygger om väg 19 mellan Bjärlöv och Broby eftersom vägen är hårt trafikerad och trafiksäkerheten är låg. Vägen är en viktig nord-sydlig förbindelse mellan sydvästra Småland, nordöstra Skåne och Österlen.",
    "typer": "Väg",
    "lan": "Skåne",
    "url": "https://www.trafikverket.se/vara-projekt/projekt-i-skane-lan/vag-19-bjarlovbroby-motesfri-vag/",
    "punkt_index": null
   }
  },
  {
   "type": "Feature",
   "geometry": {
    "type": "Point",
    "coordinates": [
     13.453533504988656,
     59.59371451290309
    ]
   },
   "properties": {
    "id": 21621,
    "namn": "Väg 62, norra infarten Forshaga–Deje, mötesfri väg",
    "beskrivning": "Vi planerar att bredda och mötesseparera vägen mellan Deje och norra infarten till Forshaga. Det gör vi för att förbättra trafiksäkerheten och främja den regionala utvecklingen.",
    "typer": "Väg",
    "lan": "Värmland",
    "url": "https://www.trafikverket.se/vara-projekt/projekt-i-varmlands-lan/vag-62-norra-infarten-forshagadeje-motesfri-vag/",
    "punkt_index": null
   }
  },
  {
   "type": "Feature",
   "geometry": {
    "type": "Point",
    "coordinates": [
     20.462738030626774,
     67.17165605371689
    ]
   },
   "properties": {
    "id": 134530,
    "namn": "Malmbanan, Sikträsk plankorsningar",
    "beskrivning": "För att öka trafiksäkerheten ska plankorsningar och olagliga överfarter åtgärdas.",
    "typer": "Järnväg",
    "lan": "Norrbotten",
    "url": "https://www.trafikverket.se/vara-projekt/projekt-i-norrbottens-lan/malmbanan-siktrask-plankorsningar/",
    "punkt_index": null
   }
  },
  {
   "type": "Feature",
   "geometry": {
    "type": "Point",
    "coordinates": [
     15.844936492449424,
     59.802311812927144
    ]
   },
   "properties": {
    "id": 63713,
    "namn": "Väg 233/250, Gunnilbo, korsningsåtgärd",
    "beskrivning": "Korsningen mellan väg 233 och väg 250 i Gunnilbo öster om Skinnskatteberg är olycksdrabbad. Därför planerar vi åtgärder för att förbättra trafiksäkerheten.",
    "typer": "Väg",
    "lan": "Västmanland",
    "url": "https://www.trafikverket.se/vara-projekt/projekt-i-vastmanlands-lan/vag-233250-gunnilbo-korsningsatgard/",
    "punkt_index": null
   }
  },
  {
   "type": "Feature",
   "geometry": {
    "type": "Point",
    "coordinates": [
     20.165308505480763,
     63.9362412863771
    ]
   },
   "properties": {
    "id": 137926,
    "namn": "Väg 363, gång- och cykelväg Forslunda- Hissjö",
    "beskrivning": "Vi vill förbättra trafiksäkerheten och framkomligheten längs väg 363 mellan  Forslunda och Hissjö genom att bygga en ny belyst gång- och cykelväg. ",
    "typer": "Väg",
    "lan": "Västerbotten",
    "url": "https://www.trafikverket.se/vara-projekt/projekt-i-vasterbottens-lan/vag363-forslunda-hissjo/",
    "punkt_index": null
   }
  },
  {
   "type": "Feature",
   "geometry": {
    "type": "Point",
    "coordinates": [
     14.978616378752164,
     58.48205432201921
    ]
   },
   "properties": {
    "id": 20130,
    "namn": "Väg 919, Vadstena–Motala, gång- och cykelväg",
    "beskrivning": "Vi bygger en gång- och cykelväg mellan Vadstena och Motala. Det gör vi för att förbättra trafiksäkerheten och framkomligheten för gående och cyklister.",
    "typer": "Gång- och cykelväg",
    "lan": "Östergötland",
    "url": "https://www.trafikverket.se/vara-projekt/projekt-i-ostergotlands-lan/vag-919-vadstenamotala-gang--och-cykelvag/",
    "punkt_index": null
   }
  },
  {
   "type": "Feature",
   "geometry": {
    "type": "Point",
    "coordinates": [
     22.883949403013553,
     65.9183432243568
    ]
   },
   "properties": {
    "id": 151724,
    "namn": "Haparandabanan, sträckan Falkberget-Bredviken, viltstängsel",
    "beskrivning": "Vi planerar att anlägga viltstängsel längs Haparandabanan, sträckan Bredviken-Falkberget. Syftet är att minska ren- och viltpåkörningar och därmed störningar i trafiken.",
    "typer": "Järnväg",
    "lan": "Norrbotten",
    "url": "https://www.trafikverket.se/vara-projekt/projekt-i-norrbottens-lan/haparandabanan-strackan-falkberget-bredviken-viltstangsel/",
    "punkt_index": null
   }
  },
  {
   "type": "Feature",
   "geometry": {
    "type": "Point",
    "coordinates": [
     13.676811524798985,
     56.02758094439173
    ]
   },
   "properties": {
    "id": 10358,
    "namn": "Väg 23, Tjörnarp–Sandåkra, mötesfri landsväg",
    "beskrivning": "Vi planerar att bygga om väg 23 mellan Tjörnarp och Sandåkra till en mötesfri väg med mitträcke.  Det gör vi för att det är en mycket trafikerad sträcka, och vägstandarden behöver förbättras. ",
    "typer": "Väg",
    "lan": "Skåne",
    "url": "https://www.trafikverket.se/vara-projekt/projekt-i-skane-lan/vag-23tjornarpsandakra-motesfri-landsvag/",
    "punkt_index": null
   }
  },
  {
   "type": "Feature",
   "geometry": {
    "type": "Point",
    "coordinates": [
     12.170822597040127,
     57.805224987986335
    ]
   },
   "properties": {
    "id": 126892,
    "namn": "Väg 1937, Olofstorp och Stenared, trafiksäkerhetshöjande åtgärder",
    "beskrivning": "Vi vill förbättra trafiksäkerheten och framkomligheten längs väg 1937 i Olofstorp och Stenared. På så sätt blir sträckan säkrare för oskyddade trafikanter. ",
    "typer": "Gång- och cykelväg",
    "lan": "Västra Götaland",
    "url": "https://www.trafikverket.se/vara-projekt/projekt-i-vastra-gotalands-lan/vag-1937-olofstorp-och-stenared-trafiksakerhetshojande-atgarder/",
    "punkt_index": null
   }
  },
  {
   "type": "Feature",
   "geometry": {
    "type": "Point",
    "coordinates": [
     17.92707869116428,
     59.514710233194094
    ]
   },
   "properties": {
    "id": 17418,
    "namn": "Väg 268, Upplands Väsby–Vallentuna, trafiksäkerhetsåtgärder",
    "beskrivning": "Vi ska bygga en nya gång- och cykelväg och förbättra trafiksäkerheten för alla trafikanter på väg 268, mellan Upplands Väsby och Vallentuna. ",
    "typer": "Väg, Gång- och cykelväg",
    "lan": "Stockholm",
    "url": "https://www.trafikverket.se/vara-projekt/projekt-i-stockholms-lan/vag-268-mellan-upplands-vasby-och-vallentuna-trafiksakerhetsatgarder/",
    "punkt_index": 0
   }
  },
  {
   "type": "Feature",
   "geometry": {
    "type": "Point",
    "coordinates": [
     18.079130459508477,
     59.531320384494386
    ]
   },
   "properties": {
    "id": 17418,
    "namn": "Väg 268, Upplands Väsby–Vallentuna, trafiksäkerhetsåtgärder",
    "beskrivning": "Vi ska bygga en nya gång- och cykelväg och förbättra trafiksäkerheten för alla trafikanter på väg 268, mellan Upplands Väsby och Vallentuna. ",
    "typer": "Väg, Gång- och cykelväg",
    "lan": "Stockholm",
    "url": "https://www.trafikverket.se/vara-projekt/projekt-i-stockholms-lan/vag-268-mellan-upplands-vasby-och-vallentuna-trafiksakerhetsatgarder/",
    "punkt_index": 1
   }
  },
  {
   "type": "Feature",
   "geometry": {
    "type": "Point",
    "coordinates": [
     16.314015145560216,
     58.480632008553
    ]
   },
   "properties": {
    "id": 21976,
    "namn": "E22, Förbifart Söderköping, ny väg",
    "beskrivning": "Förbifart Söderköping är en del av vårt arbete att bygga säkrare vägar. Den nya sträckningen av E22 blir mötesfri med tre-fyra körfält och bidrar till en ökad framkomlighet både lokalt och längs kusten.",
    "typer": "Väg",
    "lan": "Östergötland",
    "url": "https://www.trafikverket.se/vara-projekt/projekt-i-ostergotlands-lan/E22-forbifart-soderkoping/",
    "punkt_index": null
   }
  },
  {
   "type": "Feature",
   "geometry": {
    "type": "Point",
    "coordinates": [
     18.323518642739757,
     59.74058573418869
    ]
   },
   "properties": {
    "id": 23059,
    "namn": "Väg 77, Eknäs–Ledinge trafikplats",
    "beskrivning": "Vi planerar att bygga om väg 77 mellan Eknäs och Ledinge trafikplats. Målet är att förbättra trafiksäkerheten och framkomligheten på vägen och samtidigt minska miljöpåverkan.\n",
    "typer": "Väg",
    "lan": "Stockholm",
    "url": "https://www.trafikverket.se/vara-projekt/projekt-i-stockholms-lan/vag-77-eknas-ledinge-trafikplats/",
    "punkt_index": null
   }
  },
  {
   "type": "Feature",
   "geometry": {
    "type": "Point",
    "coordinates": [
     21.708902974991485,
     65.82961218540667
    ]
   },
   "properties": {
    "id": 165498,
    "namn": "Malmbanan, Boden C, bangårdsupprustning",
    "beskrivning": "Bodens bangård ska rustas upp för att öka kapaciteten och robustheten.",
    "typer": "Järnväg",
    "lan": "Norrbotten",
    "url": "https://www.trafikverket.se/vara-projekt/projekt-i-norrbottens-lan/malmbanan-boden-c-bangardsupprustning/",
    "punkt_index": null
   }
  },
  {
   "type": "Feature",
   "geometry": {
    "type": "Point",
    "coordinates": [
     16.404163278046937,
     61.43312938939699
    ]
   },
   "properties": {
    "id": 49033,
    "namn": "Väg 83, Lottefors–Gamla Landsvägen–Arbrå, trafiksäkerhetsåtgärder",
    "beskrivning": "Vi fortsätter att förbättra väg 83 mellan Lottefors–Gamla Landsvägen och Arbrå med två nya etapper, en för väg (etapp 3) och en för gång- och cykelväg (etapp 4).",
    "typer": "Väg",
    "lan": "Gävleborg",
    "url": "https://www.trafikverket.se/vara-projekt/projekt-i-gavleborgs-lan/vag-83-lotteforsgamla-landsvagenarbra-trafiksakerhetsatgarder/",
    "punkt_index": null
   }
  },
  {
   "type": "Feature",
   "geometry": {
    "type": "Point",
    "coordinates": [
     14.68811426876669,
     56.04895474465551
    ]
   },
   "properties": {
    "id": 152392,
    "namn": "Väg 123/552, Mjällby, korsning",
    "beskrivning": "Vi förbättrar trafiksäkerheten och framkomligheten i Mjällby genom att bygga en ny cirkulationsplats vid väg 123/552 samt tryggare passager och bättre möjligheter för gående, cyklister och biltrafik.",
    "typer": "Väg",
    "lan": "Blekinge",
    "url": "https://www.trafikverket.se/vara-projekt/projekt-i-blekinge-lan/vag-123552-mjallby-korsning/",
    "punkt_index": null
   }
  },
  {
   "type": "Feature",
   "geometry": {
    "type": "Point",
    "coordinates": [
     13.222710764062908,
     55.71561690324344
    ]
   },
   "properties": {
    "id": 13854,
    "namn": "E22, Gastelyckan–Lund Norra (Ideon), ny anslutning",
    "beskrivning": "E22 mellan trafikplatserna Gastelyckan–Lund Norra är hårt belastad och vid rusningstrafik uppstår ofta köbildning. För att avlasta trafikplats Lund Norra bygger vi ny anslutning till E22 vid Ideon.",
    "typer": "Väg",
    "lan": "Skåne",
    "url": "https://www.trafikverket.se/vara-projekt/projekt-i-skane-lan/e22-gastelyckanlund-norra-ideon-ny-anslutning/",
    "punkt_index": null
   }
  },
  {
   "type": "Feature",
   "geometry": {
    "type": "Point",
    "coordinates": [
     12.697121610098122,
     56.06716108559887
    ]
   },
   "properties": {
    "id": 76770,
    "namn": "Västkustbanan, Maria station-Helsingborg, dubbelspårsutbyggnad",
    "beskrivning": "Varmt välkommen till sidan om utbyggnad av dubbelspår mellan Maria station och Helsingborg. 13 maj inleds samrådsperioden, då du har möjlighet att lämna synpunkter för att förbättra våra utredningar och kommande arbete. ",
    "typer": "Järnväg",
    "lan": "Skåne",
    "url": "https://www.trafikverket.se/vara-projekt/projekt-i-skane-lan/vastkustbanan-maria-helsingborg-dubbelsparsutbyggnad/",
    "punkt_index": null
   }
  },
  {
   "type": "Feature",
   "geometry": {
    "type": "Point",
    "coordinates": [
     12.558421075735414,
     57.51704158380832
    ]
   },
   "properties": {
    "id": 124622,
    "namn": "Väg 156, Backadal–Bonared, mittseparering",
    "beskrivning": "Vi planerar att bredda väg 156 mellan Backadal och Bonared. Detta gör vi för att förbättra trafiksäkerheten.",
    "typer": "Väg",
    "lan": "Västra Götaland",
    "url": "https://www.trafikverket.se/vara-projekt/projekt-i-vastra-gotalands-lan/vag-156-backadalbonared-mittseparering/",
    "punkt_index": null
   }
  },
  {
   "type": "Feature",
   "geometry": {
    "type": "Point",
    "coordinates": [
     13.488230570568359,
     57.264859026812026
    ]
   },
   "properties": {
    "id": 18806,
    "namn": "Väg 26, Isberga – Gislaved, mötesfri väg",
    "beskrivning": "Vi planerar för en mötesfri väg för att öka framkomligheten och trafiksäkerheten för trafikanter. I projektet ingår att säkerställa gång- och cykelväg längs sträckan.\n",
    "typer": "Väg",
    "lan": "Jönköping",
    "url": "https://www.trafikverket.se/vara-projekt/projekt-i-jonkopings-lan/isberga-gislaved/",
    "punkt_index": null
   }
  },
  {
   "type": "Feature",
   "geometry": {
    "type": "Point",
    "coordinates": [
     12.276388322790956,
     58.67952620086915
    ]
   },
   "properties": {
    "id": 128192,
    "namn": "Åmål-Mellerud, Spår och växelbyte",
    "beskrivning": "Vi kommer byta räls, slipers och växlar på en sträcka av cirka 40 kilometer. Genom upprustning skapar vi en robust och pålitlig järnväg.",
    "typer": "Järnväg",
    "lan": "Västra Götaland",
    "url": "https://www.trafikverket.se/vara-projekt/projekt-i-vastra-gotalands-lan/amal-mellerud-spar-och-vaxelbyte/",
    "punkt_index": null
   }
  },
  {
   "type": "Feature",
   "geometry": {
    "type": "Point",
    "coordinates": [
     14.085247087326882,
     57.15734511497962
    ]
   },
   "properties": {
    "id": 120947,
    "namn": "Väg 27, Trafikplats Värnamo S vid Bredasten",
    "beskrivning": "Vi planerar för att öka kapaciteten längs väg 27 mellan trafikplats Nöbbele och cirkulationsplats Bredasten.",
    "typer": "Väg",
    "lan": "Jönköping",
    "url": "https://www.trafikverket.se/vara-projekt/projekt-i-jonkopings-lan/vag-27-trafikplats-varnamo-s-vid-bredasten/",
    "punkt_index": null
   }
  },
  {
   "type": "Feature",
   "geometry": {
    "type": "Point",
    "coordinates": [
     16.44163803110084,
     57.94984003803718
    ]
   },
   "properties": {
    "id": 147412,
    "namn": "E22, Västervik-Tindered, Faunaåtgärder",
    "beskrivning": "Vi planerar att bygga nytt viltstängsel längs hela sträckan samt bygga en faunabro och en passage för vilt i plan. Projektet innefattar även säkerhetshöjande åtgärder i fyrvägskorsningen i Björnsholm. ",
    "typer": "Väg",
    "lan": "Kalmar",
    "url": "https://www.trafikverket.se/vara-projekt/projekt-i-kalmar-lan/e22-vastervik-tindered-faunaatgarder/",
    "punkt_index": 0
   }
  },
  {
   "type": "Feature",
   "geometry": {
    "type": "Point",
    "coordinates": [
     16.4443202076649,
     57.82997653003682
    ]
   },
   "properties": {
    "id": 147412,
    "namn": "E22, Västervik-Tindered, Faunaåtgärder",
    "beskrivning": "Vi planerar att bygga nytt viltstängsel längs hela sträckan samt bygga en faunabro och en passage för vilt i plan. Projektet innefattar även säkerhetshöjande åtgärder i fyrvägskorsningen i Björnsholm. ",
    "typer": "Väg",
    "lan": "Kalmar",
    "url": "https://www.trafikverket.se/vara-projekt/projekt-i-kalmar-lan/e22-vastervik-tindered-faunaatgarder/",
    "punkt_index": 1
   }
  },
  {
   "type": "Feature",
   "geometry": {
    "type": "Point",
    "coordinates": [
     16.38559821226157,
     57.907934690777495
    ]
   },
   "properties": {
    "id": 146860,
    "namn": "E22, Skramstadbron",
    "beskrivning": "Vi planerar för att bygga en ny bro och trafikplats vid Skramstad. Den nya bron blir mittseparerad och planeras få en ny högre hastighet på 100 km/tim. ",
    "typer": "Väg",
    "lan": "Kalmar",
    "url": "https://www.trafikverket.se/vara-projekt/projekt-i-kalmar-lan/e22-skramstadsbron/",
    "punkt_index": null
   }
  },
  {
   "type": "Feature",
   "geometry": {
    "type": "Point",
    "coordinates": [
     17.50714416845657,
     62.50607277862748
    ]
   },
   "properties": {
    "id": 35400,
    "namn": "Väg 684, Söråker centrumåtgärder",
    "beskrivning": "Vi ska upprusta Centrumvägen, väg 684, genom centrala Söråker och bygga en ny gång och cykelväg längs 1,4 kilometer av vägen. Syftet är att öka trafiksäkerheten och tillgängligheten för gående och cyklister.",
    "typer": "Väg, Gång- och cykelväg",
    "lan": "Västernorrland",
    "url": "https://www.trafikverket.se/vara-projekt/projekt-i-vasternorrlands-lan/vag-684-soraker-centrumatgarder/",
    "punkt_index": null
   }
  },
  {
   "type": "Feature",
   "geometry": {
    "type": "Point",
    "coordinates": [
     17.937548747952956,
     59.23079353399233
    ]
   },
   "properties": {
    "id": 15317,
    "namn": "Väg 259, Tvärförbindelse Södertörn",
    "beskrivning": "Vi planerar för en ny mötesfri motortrafikled söder om Stockholm med separat gång– och cykelväg samt nya Vårbybroar. Tvärförbindelse Södertörn kommer bidra till ökad säkerhet och smidigare transportmöjligheter.",
    "typer": "Väg, Gång- och cykelväg",
    "lan": "Stockholm",
    "url": "https://www.trafikverket.se/vara-projekt/projekt-i-stockholms-lan/vag-259-tvarforbindelse-sodertorn/",
    "punkt_index": 1
   }
  },
  {
   "type": "Feature",
   "geometry": {
    "type": "Point",
    "coordinates": [
     18.154689019014658,
     59.15439007479441
    ]
   },
   "properties": {
    "id": 15317,
    "namn": "Väg 259, Tvärförbindelse Södertörn",
    "beskrivning": "Vi planerar för en ny mötesfri motortrafikled söder om Stockholm med separat gång– och cykelväg samt nya Vårbybroar. Tvärförbindelse Södertörn kommer bidra till ökad säkerhet och smidigare transportmöjligheter.",
    "typer": "Väg, Gång- och cykelväg",
    "lan": "Stockholm",
    "url": "https://www.trafikverket.se/vara-projekt/projekt-i-stockholms-lan/vag-259-tvarforbindelse-sodertorn/",
    "punkt_index": 2
   }
  },
  {
   "type": "Feature",
   "geometry": {
    "type": "Point",
    "coordinates": [
     18.012339226186985,
     59.215998246013086
    ]
   },
   "properties": {
    "id": 15317,
    "namn": "Väg 259, Tvärförbindelse Södertörn",
    "beskrivning": "Vi planerar för en ny mötesfri motortrafikled söder om Stockholm med separat gång– och cykelväg samt nya Vårbybroar. Tvärförbindelse Södertörn kommer bidra till ökad säkerhet och smidigare transportmöjligheter.",
    "typer": "Väg, Gång- och cykelväg",
    "lan": "Stockholm",
    "url": "https://www.trafikverket.se/vara-projekt/projekt-i-stockholms-lan/vag-259-tvarforbindelse-sodertorn/",
    "punkt_index": 3
   }
  },
  {
   "type": "Feature",
   "geometry": {
    "type": "Point",
    "coordinates": [
     11.854607601853823,
     57.77264522065613
    ]
   },
   "properties": {
    "id": 138881,
    "namn": "Väg 563, Spänstvägen–Säve flygplats, ny gång- och cykelväg samt tillgänglighetsanpassning av busshållplatser",
    "beskrivning": "Vi ska bygga en gång- och cykelväg mellan Spänstvägen och Säve flygplats för ökad trafiksäkerhet och framkomlighet för oskyddade trafikanter. Dessutom ska vi tillgänglighetsanpassa busshållplatser längs samma sträcka. ",
    "typer": "Gång- och cykelväg",
    "lan": "Västra Götaland",
    "url": "https://www.trafikverket.se/vara-projekt/projekt-i-vastra-gotalands-lan/vag-563-spanstvagensave-flygplats-ny-gang--och-cykelvag-samt-tillganglighetsanpassning-av-busshallplatser/",
    "punkt_index": null
   }
  },
  {
   "type": "Feature",
   "geometry": {
    "type": "Point",
    "coordinates": [
     12.601500731567954,
     58.94745918553378
    ]
   },
   "properties": {
    "id": 6461,
    "namn": "E45 Tösse-Åmål, mötesfri landsväg",
    "beskrivning": "Vi bygger om E45, Ånimskog–Åmål, till mötesfri landsväg. Detta för att öka trafiksäkerheten på vägen. ",
    "typer": "Väg",
    "lan": "Västra Götaland",
    "url": "https://www.trafikverket.se/vara-projekt/projekt-i-vastra-gotalands-lan/e45-tosse-amal-motesfri-landsvag/",
    "punkt_index": null
   }
  },
  {
   "type": "Feature",
   "geometry": {
    "type": "Point",
    "coordinates": [
     17.170255075098932,
     62.4406510290297
    ]
   },
   "properties": {
    "id": 23666,
    "namn": "Väg 86, Silje-Kovland, trafiksäkerhetshöjande åtgärder",
    "beskrivning": "På den smala vägbanan på väg 86 samsas tunga fordon och persontrafik med både gångtrafikanter och cyklister. Trafikverket bygger därför om den befintliga vägen till en tvåfältsväg med separat gång- och cykelväg.",
    "typer": "Väg, Gång- och cykelväg",
    "lan": "Västernorrland",
    "url": "https://www.trafikverket.se/vara-projekt/projekt-i-vasternorrlands-lan/vag-86-silje-kovland/",
    "punkt_index": null
   }
  },
  {
   "type": "Feature",
   "geometry": {
    "type": "Point",
    "coordinates": [
     17.942067718577327,
     58.91484306135255
    ]
   },
   "properties": {
    "id": 146426,
    "namn": "Nynäsbanan, Nynäsgård, ombyggnad",
    "beskrivning": "Vi ska bygga om Nynäsgårds station så att den blir säkrare.\n",
    "typer": "Järnväg",
    "lan": "Stockholm",
    "url": "https://www.trafikverket.se/vara-projekt/projekt-i-stockholms-lan/nynasbanan-nynasgard-ombyggnad/",
    "punkt_index": null
   }
  },
  {
   "type": "Feature",
   "geometry": {
    "type": "Point",
    "coordinates": [
     15.887673634580706,
     58.30138447027796
    ]
   },
   "properties": {
    "id": 11387,
    "namn": "Väg 35, Rösten–Sandtorpet, mötesfri väg",
    "beskrivning": "Vi planerar att förbättra trafiksäkerheten och öka framkomligheten på väg 35 mellan Rösten, söder om Grebo, och Sandtorpet. Vi vill även stärka möjligheterna till skol- och arbetspendling med kollektivtrafik.",
    "typer": "Väg",
    "lan": "Östergötland",
    "url": "https://www.trafikverket.se/vara-projekt/projekt-i-ostergotlands-lan/vag-35-rostensandtorpet-motesfri-vag/",
    "punkt_index": null
   }
  },
  {
   "type": "Feature",
   "geometry": {
    "type": "Point",
    "coordinates": [
     17.798381388226964,
     58.99652704501233
    ]
   },
   "properties": {
    "id": 158292,
    "namn": "Väg 225, Porthus och Otterstavägen-Rangstavägen, trafikåtgärder",
    "beskrivning": "Vi ska bygga om korsningen Porthus till en cirkulationsplats och bygga en ny gång- och cykelväg längs väg 225. Vägen ska gå från Otterstavägen söder om Spångbro till Rangstavägen och byggs i sommarcykelvägs-standard.",
    "typer": "Väg, Gång- och cykelväg",
    "lan": "Stockholm",
    "url": "https://www.trafikverket.se/vara-projekt/projekt-i-stockholms-lan/vag-225-porthus-och-otterstavagen-rangstavagen-trafikatgarder/",
    "punkt_index": null
   }
  },
  {
   "type": "Feature",
   "geometry": {
    "type": "Point",
    "coordinates": [
     15.760330155940132,
     59.96554262810673
    ]
   },
   "properties": {
    "id": 150627,
    "namn": "Väg 66, Oti-Fagersta, mötesfri väg",
    "beskrivning": "Vi planerar att bygga om väg 66 mellan Oti och Fagersta till mötesfri väg. ",
    "typer": "Väg",
    "lan": "Västmanland",
    "url": "https://www.trafikverket.se/vara-projekt/projekt-i-vastmanlands-lan/vag-66-oti-fagersta-motesfri-vag/",
    "punkt_index": null
   }
  },
  {
   "type": "Feature",
   "geometry": {
    "type": "Point",
    "coordinates": [
     21.7622427891549,
     65.76577558582069
    ]
   },
   "properties": {
    "id": 84962,
    "namn": "Stambanan genom övre Norrland, järnvägsåtgärder i Sävast",
    "beskrivning": "För att öka kapaciteten på sträckan Boden-Luleå genomförs flera åtgärder i Sävastområdet.",
    "typer": "Järnväg",
    "lan": "Norrbotten",
    "url": "https://www.trafikverket.se/vara-projekt/projekt-i-norrbottens-lan/stambanan-genom-ovre-norrland-jarnvagsatgarder-i-savast/",
    "punkt_index": null
   }
  },
  {
   "type": "Feature",
   "geometry": {
    "type": "Point",
    "coordinates": [
     17.038865234897546,
     59.35874347624847
    ]
   },
   "properties": {
    "id": 163536,
    "namn": "Väg 55, 223, 560, 867, 915, 977, 978 och 980, Kollektivtrafikpaket Sörmland, Strängnäs, tillgänglighetsanpassning av busshållplatser",
    "beskrivning": "Vi bygger om, förbättrar och rustar flera busshållplatser i Södermanlands län. Målet är att göra busshållplatserna enklare att använda för fler resenärer – det skapar en mer bekväm och trygg resa.",
    "typer": "Väg",
    "lan": "Södermanland",
    "url": "https://www.trafikverket.se/vara-projekt/projekt-i-sodermanlands-lan/vag-55-223-560-867-915-977-978-och-980-kollektivtrafikpaket-sormland-strangnas-tillganglighetsanpassning-av-busshallplatser/",
    "punkt_index": null
   }
  },
  {
   "type": "Feature",
   "geometry": {
    "type": "Point",
    "coordinates": [
     17.157387695624248,
     60.680417061470706
    ]
   },
   "properties": {
    "id": 61088,
    "namn": "Gävle hamnspår, direktanslutning Ostkustbanan söderut",
    "beskrivning": "Trafikverket avvaktar med att genomföra en direktansluten järnväg från Gävle hamn vidare söderut på Ostkustbanan. Genomförandet är planerat att ske efter att Gävle godsbangård har flyttats.",
    "typer": "Järnväg",
    "lan": "Gävleborg",
    "url": "https://www.trafikverket.se/vara-projekt/projekt-i-gavleborgs-lan/gavle-hamnspar-direktanslutning-ostkustbanan-soderut/",
    "punkt_index": null
   }
  },
  {
   "type": "Feature",
   "geometry": {
    "type": "Point",
    "coordinates": [
     11.970695825648217,
     57.726551271250884
    ]
   },
   "properties": {
    "id": 4023,
    "namn": "E6.21 Lundbyleden, Gator vid Backaplan samt Bohusbanan och Brunnsbo station",
    "beskrivning": "Vi bygger om tre trafikplatser på Lundbyleden mellan Brantingsmotet och Ringömotet. Vi bygger om vissa gator vid Backaplan. Vi bygger ut Bohusbanan till 1,5 km dubbelspår och bygger en pendeltågsstation vid Brunnsbo.",
    "typer": "Väg, Gång- och cykelväg, Järnväg",
    "lan": "Västra Götaland",
    "url": "https://www.trafikverket.se/vara-projekt/projekt-i-vastra-gotalands-lan/e6.21-lundbyleden-gator-vid-backaplan-samt-bohusbanan-och-brunnsbo-station",
    "punkt_index": 0
   }
  },
  {
   "type": "Feature",
   "geometry": {
    "type": "Point",
    "coordinates": [
     11.965893633208319,
     57.72682917510157
    ]
   },
   "properties": {
    "id": 4023,
    "namn": "E6.21 Lundbyleden, Gator vid Backaplan samt Bohusbanan och Brunnsbo station",
    "beskrivning": "Vi bygger om tre trafikplatser på Lundbyleden mellan Brantingsmotet och Ringömotet. Vi bygger om vissa gator vid Backaplan. Vi bygger ut Bohusbanan till 1,5 km dubbelspår och bygger en pendeltågsstation vid Brunnsbo.",
    "typer": "Väg, Gång- och cykelväg, Järnväg",
    "lan": "Västra Götaland",
    "url": "https://www.trafikverket.se/vara-projekt/projekt-i-vastra-gotalands-lan/e6.21-lundbyleden-gator-vid-backaplan-samt-bohusbanan-och-brunnsbo-station",
    "punkt_index": 1
   }
  },
  {
   "type": "Feature",
   "geometry": {
    "type": "Point",
    "coordinates": [
     11.962948804868729,
     57.72435887517096
    ]
   },
   "properties": {
    "id": 4023,
    "namn": "E6.21 Lundbyleden, Gator vid Backaplan samt Bohusbanan och Brunnsbo station",
    "beskrivning": "Vi bygger om tre trafikplatser på Lundbyleden mellan Brantingsmotet och Ringömotet. Vi bygger om vissa gator vid Backaplan. Vi bygger ut Bohusbanan till 1,5 km dubbelspår och bygger en pendeltågsstation vid Brunnsbo.",
    "typer": "Väg, Gång- och cykelväg, Järnväg",
    "lan": "Västra Götaland",
    "url": "https://www.trafikverket.se/vara-projekt/projekt-i-vastra-gotalands-lan/e6.21-lundbyleden-gator-vid-backaplan-samt-bohusbanan-och-brunnsbo-station",
    "punkt_index": 2
   }
  },
  {
   "type": "Feature",
   "geometry": {
    "type": "Point",
    "coordinates": [
     13.248753190167307,
     58.46599450805921
    ]
   },
   "properties": {
    "id": 155950,
    "namn": "Väg 2611, Vinninga-Filsbäck, gång och cykelväg",
    "beskrivning": "Vi planerar att bygga en gång- och cykelväg längs väg 2611, mellan Vinninga och Filsbäck. Den nya vägen ska öka trafiksäkerheten och framkomligheten för dig som går och cyklar.",
    "typer": "Gång- och cykelväg",
    "lan": "Västra Götaland",
    "url": "https://www.trafikverket.se/vara-projekt/projekt-i-vastra-gotalands-lan/vag-2611-vinninga-filsback-gang-och-cykelvag/",
    "punkt_index": null
   }
  },
  {
   "type": "Feature",
   "geometry": {
    "type": "Point",
    "coordinates": [
     14.171763183989775,
     61.13269057002461
    ]
   },
   "properties": {
    "id": 4624,
    "namn": "Väg 1012, bro i Oxberg",
    "beskrivning": "Vi planerar en ny brolösning på väg 1012 i Oxberg för att separera väg- och järnvägstrafiken från varandra.",
    "typer": "Väg, Järnväg",
    "lan": "Dalarna",
    "url": "https://www.trafikverket.se/vara-projekt/projekt-i-dalarnas-lan/vag-1012-bro-i-oxberg/",
    "punkt_index": null
   }
  },
  {
   "type": "Feature",
   "geometry": {
    "type": "Point",
    "coordinates": [
     17.31746488371491,
     62.38607828387679
    ]
   },
   "properties": {
    "id": 34510,
    "namn": "Sundsvall, tillgänglighet och resecentrum",
    "beskrivning": "Vi planerar att bygga om spåren och perrongerna på Sundsvall Centralstation samt en inglasad passage till tågen. Det gör vi för att öka möjligheterna till resandeutbyte och pendling samt för effektivare godshantering. \n",
    "typer": "Järnväg",
    "lan": "Västernorrland",
    "url": "https://www.trafikverket.se/vara-projekt/projekt-i-vasternorrlands-lan/sundsvall-tillganglighet-och-resecentrum/",
    "punkt_index": null
   }
  },
  {
   "type": "Feature",
   "geometry": {
    "type": "Point",
    "coordinates": [
     12.029248885072954,
     57.56419494593608
    ]
   },
   "properties": {
    "id": 10383,
    "namn": "Väg 503, Spårhagavägen, Torredsvägen–Dammets byväg, gång- och cykelväg",
    "beskrivning": "Vi planerar att bygga en gång- och cykelväg längs väg 503 tillsammans med Mölndals Stad. Syftet är att gående och cyklister ska kunna röra sig trafiksäkert genom samhället.",
    "typer": "Gång- och cykelväg",
    "lan": "Västra Götaland",
    "url": "https://www.trafikverket.se/vara-projekt/projekt-i-vastra-gotalands-lan/vag-503-sparhagavagen-torredsvagendammets-byvag-gang--och-cykelvag/",
    "punkt_index": null
   }
  },
  {
   "type": "Feature",
   "geometry": {
    "type": "Point",
    "coordinates": [
     16.316451786330077,
     57.26296239354694
    ]
   },
   "properties": {
    "id": 7848,
    "namn": "Väg 37/47 Bockara-Trafikplats Oskarshamn södra",
    "beskrivning": "Syftet med ombyggnaden av vägen är att förbättra kapaciteten och trafiksäkerheten på väg 37/47 samt avlasta Trafikplats Oskarshamn Centrum på E22.\n\n",
    "typer": "Väg",
    "lan": "Kalmar",
    "url": "https://www.trafikverket.se/vara-projekt/projekt-i-kalmar-lan/vag-3747-bockara-trafikplats-oskarshamn-sodra/",
    "punkt_index": null
   }
  },
  {
   "type": "Feature",
   "geometry": {
    "type": "Point",
    "coordinates": [
     17.095444246040486,
     60.67126947704306
    ]
   },
   "properties": {
    "id": 23624,
    "namn": "Vägplan för trafikplats 200, E4 Gävle Norra",
    "beskrivning": "Gävle kommun planerar att etablera ett nytt logistik- och verksamhetsområde i Tolvforsskogen, väster om E4. För att skapa en god anslutning från både Hamnleden (väg 583) och E4 behöver trafikplatsen byggas om.",
    "typer": "",
    "lan": "",
    "url": "https://www.trafikverket.se/vara-projekt/projekt-i-gavleborgs-lan/gavlekringlan-axmartavlan-nytt-dubbelspar-ostkustbanan-norra-stambanan-och-bergslagsbanan/vagplan-for-trafikplats-200-e4-gavle-norra/",
    "punkt_index": null
   }
  },
  {
   "type": "Feature",
   "geometry": {
    "type": "Point",
    "coordinates": [
     13.36743998872853,
     60.30829836417056
    ]
   },
   "properties": {
    "id": 21379,
    "namn": "Väg 62, 931 och 957, riskreducerande åtgärder, Klarälvdalen",
    "beskrivning": "Det finns risk för ras och skred vid sju platser längs vägarna 62, 931 och 957 i Klarälvsdalen. Vi utreder nu vad vi kan göra för att höja säkerheten på vägarna.",
    "typer": "Väg",
    "lan": "Värmland",
    "url": "https://www.trafikverket.se/vara-projekt/projekt-i-varmlands-lan/vag-62-931-och-957-riskreducerande-atgarder-klaralvdalen/",
    "punkt_index": null
   }
  },
  {
   "type": "Feature",
   "geometry": {
    "type": "Point",
    "coordinates": [
     13.828966590790978,
     57.98988470982489
    ]
   },
   "properties": {
    "id": 19268,
    "namn": "Väg 26/47, delen Mullsjö-Slättäng, mötesfri väg",
    "beskrivning": "Vi planerar att bygga om befintlig väg mellan Mullsjö och Slättäng till en mötesfri väg. Vi gör det för att öka framkomligheten och trafiksäkerheten för trafikanter.\n",
    "typer": "Väg",
    "lan": "Jönköping",
    "url": "https://www.trafikverket.se/vara-projekt/projekt-i-jonkopings-lan/vag-2647-delen-mullsjo-slattang-motesfri-vag/",
    "punkt_index": null
   }
  },
  {
   "type": "Feature",
   "geometry": {
    "type": "Point",
    "coordinates": [
     14.23519856421602,
     60.511567504542306
    ]
   },
   "properties": {
    "id": 18790,
    "namn": "E16/väg 66 Rastplats Äppelbo",
    "beskrivning": "Vi planerar att bygga en rastplats i anslutning till Äppelbo Värdshus. Det gör vi för att förbättra trafiksäkerheten genom att ge trafikanterna möjlighet till vila.",
    "typer": "Väg",
    "lan": "Dalarna",
    "url": "https://www.trafikverket.se/vara-projekt/projekt-i-dalarnas-lan/e16vag-66-rastplats-appelbo/",
    "punkt_index": null
   }
  },
  {
   "type": "Feature",
   "geometry": {
    "type": "Point",
    "coordinates": [
     15.552699902340596,
     60.070596571021106
    ]
   },
   "properties": {
    "id": 45310,
    "namn": "Väg 671, Söderbärke, ny gång- och cykelväg",
    "beskrivning": "Vi planerar för 2,5 kilometer ny gång- och cykelväg genom Söderbärke tätort till järnvägsstationen. Målsättningen är att höja trafiksäkerheten och öka tillgängligheten för oskyddade trafikanter. ",
    "typer": "Gång- och cykelväg",
    "lan": "Dalarna",
    "url": "https://www.trafikverket.se/vara-projekt/projekt-i-dalarnas-lan/vag-671-soderbarke-ny-gang-och-cykelvag/",
    "punkt_index": null
   }
  },
  {
   "type": "Feature",
   "geometry": {
    "type": "Point",
    "coordinates": [
     15.975501065188848,
     56.72871274998467
    ]
   },
   "properties": {
    "id": 129868,
    "namn": "Väg 25, Glasporten/Smedstorp, Nybro",
    "beskrivning": "Vi ska bygga planskild korsning och en 2+1-väg på väg 25. Detta gör vi för att öka framkomligheten och trafiksäkerheten och möjliggöra utbyggnad av kommunala verksamhetsområdet i anslutning till den nya planskildheten.",
    "typer": "Väg",
    "lan": "Kalmar",
    "url": "https://www.trafikverket.se/vara-projekt/projekt-i-kalmar-lan/vag-25-glasportensmedstorp-nybro/",
    "punkt_index": null
   }
  },
  {
   "type": "Feature",
   "geometry": {
    "type": "Point",
    "coordinates": [
     13.982930327025533,
     58.816964106277034
    ]
   },
   "properties": {
    "id": 17695,
    "namn": "Väg 26, Hassle kyrka–Sjötorp, gång- och cykelväg",
    "beskrivning": "Vi planerar att bygga en gång- och cykelväg längs väg 26. Syftet är att fotgängare och cyklister ska kunna röra sig trafiksäkert genom samhället.",
    "typer": "Gång- och cykelväg",
    "lan": "Västra Götaland",
    "url": "https://www.trafikverket.se/vara-projekt/projekt-i-vastra-gotalands-lan/vag-26-hassle-kyrkasjotorp-gang--och-cykelvag/",
    "punkt_index": null
   }
  },
  {
   "type": "Feature",
   "geometry": {
    "type": "Point",
    "coordinates": [
     17.123718264019825,
     60.68286108268206
    ]
   },
   "properties": {
    "id": 23623,
    "namn": "Gävle–Kringlan (Axmartavlan) nytt dubbelspår Ostkustbanan, Norra Stambanan och Bergslagsbanan",
    "beskrivning": "Vi planerar ett nytt dubbelspår mellan Gävle–Kringlan (Axmartavlan) där Ostkustbanan och Norra Stambanan till stor del följer E4 norrut. Vi utreder samtidigt möjligheten att bygga ut Bergslagsbanan till dubbelspår.",
    "typer": "Väg, Järnväg",
    "lan": "Gävleborg",
    "url": "https://www.trafikverket.se/vara-projekt/projekt-i-gavleborgs-lan/gavlekringlan-axmartavlan-nytt-dubbelspar-ostkustbanan-norra-stambanan-och-bergslagsbanan/",
    "punkt_index": null
   }
  },
  {
   "type": "Feature",
   "geometry": {
    "type": "Point",
    "coordinates": [
     21.692605415357686,
     65.85748116640373
    ]
   },
   "properties": {
    "id": 140575,
    "namn": "Väg 750, Buddbyn – Svartbjörnsbyn, ny gång- och cykelväg",
    "beskrivning": "För att förbättra trafiksäkerheten ska bl a en ny gång- och cykelväg byggas mellan Buddbyn och Svartbjörnsbyn i Bodens kommun.",
    "typer": "Gång- och cykelväg",
    "lan": "Norrbotten",
    "url": "https://www.trafikverket.se/vara-projekt/projekt-i-norrbottens-lan/vag-750-buddbyn--svartbjornsbyn-ny-gang--och-cykelvag/",
    "punkt_index": null
   }
  },
  {
   "type": "Feature",
   "geometry": {
    "type": "Point",
    "coordinates": [
     18.22174162950204,
     59.31422113726418
    ]
   },
   "properties": {
    "id": 27701,
    "namn": "Väg 222, den gamla Skurubron",
    "beskrivning": "Vi renoverar och bygger om Gamla Skurubron, som består av två broar. Den södra brodelen blir en lokal bilväg och den norra brodelen blir en separat gång- och cykelväg.",
    "typer": "Väg",
    "lan": "Stockholm",
    "url": "https://www.trafikverket.se/vara-projekt/projekt-i-stockholms-lan/gamla-skurubron/",
    "punkt_index": null
   }
  },
  {
   "type": "Feature",
   "geometry": {
    "type": "Point",
    "coordinates": [
     18.22153725342695,
     59.313694461662536
    ]
   },
   "properties": {
    "id": 19377,
    "namn": "Väg 222, den nya Skurubron",
    "beskrivning": "Vi bygger en ny bro över Skurusundet för att öka trafiksäkerheten och framkomligheten på väg 222. Det ger även Nacka och Värmdö bättre förutsättning att utvecklas. Gamla bron byggs om för gång, cykel samt lokal trafik. \n",
    "typer": "Väg",
    "lan": "Stockholm",
    "url": "https://www.trafikverket.se/vara-projekt/projekt-i-stockholms-lan/Vag-222-Skurubron/",
    "punkt_index": null
   }
  },
  {
   "type": "Feature",
   "geometry": {
    "type": "Point",
    "coordinates": [
     14.321216260786656,
     59.312143489042384
    ]
   },
   "properties": {
    "id": 45451,
    "namn": "E18, Kristinehamn–Karlskoga, faunapassager",
    "beskrivning": "Vi utreder hur vi kan minska barriäreffekten för klövvilt på E18 mellan Kristineham och Karlskoga och därmed öka säkerheten för både djur och trafikanter.",
    "typer": "Väg",
    "lan": "Värmland, Örebro",
    "url": "https://www.trafikverket.se/vara-projekt/projekt-som-stracker-sig-over-flera-lan/e18-kristinehamnkarlskoga-faunapassager/",
    "punkt_index": null
   }
  },
  {
   "type": "Feature",
   "geometry": {
    "type": "Point",
    "coordinates": [
     16.176117423073574,
     60.116505563417064
    ]
   },
   "properties": {
    "id": 4138,
    "namn": "Avesta Krylbo-Dalslund, dubbelspår samt Avesta Krylbo  bangård",
    "beskrivning": "Trafikverket planerar att bygga dubbelspår mellan Avesta Krylbo-Dalslund för att öka kapaciteten samt att byta växlar med mera på bangården i Krylbo.  Målsättningen är att utbyggnaden ska vara slutfört år 2028.",
    "typer": "Järnväg",
    "lan": "Dalarna, Västmanland",
    "url": "https://www.trafikverket.se/vara-projekt/projekt-i-dalarnas-lan/avesta-krylbo-dubbelspar/",
    "punkt_index": null
   }
  },
  {
   "type": "Feature",
   "geometry": {
    "type": "Point",
    "coordinates": [
     12.01347921304951,
     57.66818379055533
    ]
   },
   "properties": {
    "id": 3997,
    "namn": "Ny järnväg Göteborg–Borås och Bibana Mölnlycke",
    "beskrivning": "Ny järnväg Göteborg–Borås och bibana till Mölnlycke ska förbättra arbets- och studiependlingen i stråket samt göra det möjligt att åka tåg till och från Landvetter flygplats.",
    "typer": "Järnväg",
    "lan": "Västra Götaland",
    "url": "https://www.trafikverket.se/vara-projekt/projekt-i-vastra-gotalands-lan/Goteborg-Boras/",
    "punkt_index": 0
   }
  },
  {
   "type": "Feature",
   "geometry": {
    "type": "Point",
    "coordinates": [
     12.931630818519688,
     57.72068569814579
    ]
   },
   "properties": {
    "id": 3997,
    "namn": "Ny järnväg Göteborg–Borås och Bibana Mölnlycke",
    "beskrivning": "Ny järnväg Göteborg–Borås och bibana till Mölnlycke ska förbättra arbets- och studiependlingen i stråket samt göra det möjligt att åka tåg till och från Landvetter flygplats.",
    "typer": "Järnväg",
    "lan": "Västra Götaland",
    "url": "https://www.trafikverket.se/vara-projekt/projekt-i-vastra-gotalands-lan/Goteborg-Boras/",
    "punkt_index": 1
   }
  },
  {
   "type": "Feature",
   "geometry": {
    "type": "Point",
    "coordinates": [
     12.98195697708581,
     63.40012662641128
    ]
   },
   "properties": {
    "id": 45082,
    "namn": "Väg 638, Ullån–Duved, gång- och cykelväg",
    "beskrivning": "Vi bygger en gång- och cykelväg längs väg 638 mellan Ullån och Duved för att öka trafiksäkerheten för oskyddade trafikanter på sträckan.",
    "typer": "Gång- och cykelväg",
    "lan": "Jämtland",
    "url": "https://www.trafikverket.se/vara-projekt/projekt-i-jamtlands-lan/vag-638-ullanduved-gang--och-cykelvag/",
    "punkt_index": null
   }
  },
  {
   "type": "Feature",
   "geometry": {
    "type": "Point",
    "coordinates": [
     12.126622841549635,
     57.73989976798134
    ]
   },
   "properties": {
    "id": 127596,
    "namn": "E20 Skulltorpsmotet, trimningsåtgärder",
    "beskrivning": "Trafikverket planerar att bygga om Skulltorpsmotet för att trafiken ska flyta smidigare och bli säkrare. ",
    "typer": "Väg",
    "lan": "Västra Götaland",
    "url": "https://www.trafikverket.se/vara-projekt/projekt-i-vastra-gotalands-lan/e20-skulltorpsmotet-trimningsatgarder/",
    "punkt_index": null
   }
  },
  {
   "type": "Feature",
   "geometry": {
    "type": "Point",
    "coordinates": [
     13.303230510969055,
     55.51362770003557
    ]
   },
   "properties": {
    "id": 4049,
    "namn": "E65, Svedala–Börringe, motorvägsutbyggnad",
    "beskrivning": "Vi planerar att bygga ut E65 mellan Svedala och Börringe. Det gör vi för att förbättra trafiksäkerheten och minska trafikköer längs sträckan.",
    "typer": "Väg",
    "lan": "Skåne",
    "url": "https://www.trafikverket.se/vara-projekt/projekt-i-skane-lan/e65-svedalaborringe-motorvagsutbyggnad/",
    "punkt_index": null
   }
  },
  {
   "type": "Feature",
   "geometry": {
    "type": "Point",
    "coordinates": [
     11.909529385195468,
     58.30345946486402
    ]
   },
   "properties": {
    "id": 21849,
    "namn": "Väg 678, Grohed–Bratteröd, ombyggnad av Bratterödsmotet och mötesfri 2+1-väg",
    "beskrivning": "Vi bygger en mötesfri 2+1-väg mellan Bratterödsmotet och Grohed på väg 678. Arbetet inleddes med att Bratterödsmotet byggdes om.",
    "typer": "Väg",
    "lan": "Västra Götaland",
    "url": "https://www.trafikverket.se/vara-projekt/projekt-i-vastra-gotalands-lan/vag-678-grohedbratterod-motesfri-21-vag/",
    "punkt_index": null
   }
  },
  {
   "type": "Feature",
   "geometry": {
    "type": "Point",
    "coordinates": [
     15.416443177256694,
     56.20001539901174
    ]
   },
   "properties": {
    "id": 5922,
    "namn": "E22, motorvägsutbyggnad mellan Björketorp och Nättraby",
    "beskrivning": "För att förbättra framkomligheten och trafiksäkerheten på E22 planerar Trafikverket att bygga 11 km ny motorväg mellan Björketorp och Nättraby i Blekinge.",
    "typer": "Väg",
    "lan": "Blekinge",
    "url": "https://www.trafikverket.se/vara-projekt/projekt-i-blekinge-lan/e22-motorvagsutbyggnad-mellan-trafikplats-bjorketorp-och-nattraby/",
    "punkt_index": null
   }
  },
  {
   "type": "Feature",
   "geometry": {
    "type": "Point",
    "coordinates": [
     13.932077890832055,
     61.13608697051309
    ]
   },
   "properties": {
    "id": 4938,
    "namn": "Väg 1024/1025, Vasaloppsvägen, bärighetshöjande åtgärder",
    "beskrivning": "Vi förbättrar framkomligheten och trafiksäkerheten på Vasaloppsvägen från Fiskarheden till Oxberg via Evertsberg. Sträckan på drygt 5 mil har problem med bärighet, tvära kurvor och sprickbildning.\n\n",
    "typer": "Väg",
    "lan": "Dalarna",
    "url": "https://www.trafikverket.se/vara-projekt/projekt-i-dalarnas-lan/vag-10241025-vasaloppsvagen-barighetshojande-atgarder/",
    "punkt_index": null
   }
  },
  {
   "type": "Feature",
   "geometry": {
    "type": "Point",
    "coordinates": [
     14.488340902042758,
     58.950492847210896
    ]
   },
   "properties": {
    "id": 164270,
    "namn": "E20 Laxå Faunapassager",
    "beskrivning": "Vi bygger en ny faunabro över och en ny faunaport under E20 vid Laxå för att minska vägens barriäreffekt för djur.",
    "typer": "Väg",
    "lan": "Örebro",
    "url": "https://www.trafikverket.se/vara-projekt/projekt-i-orebro-lan/e20-laxa-faunapassager/",
    "punkt_index": null
   }
  },
  {
   "type": "Feature",
   "geometry": {
    "type": "Point",
    "coordinates": [
     14.156556446923727,
     56.01883148728223
    ]
   },
   "properties": {
    "id": 20370,
    "namn": "E22 Kristianstad, utbyte av broar över Helge å",
    "beskrivning": "Broarna på E22 strax söder om centrala Kristianstad är slitna. Trafikverket byter därför ut dem och samtidigt klimatanpassar vi konstruktionsutformningen utifrån framtida vattenflöden i Helge å.",
    "typer": "Väg",
    "lan": "Skåne",
    "url": "https://www.trafikverket.se/vara-projekt/projekt-i-skane-lan/e22-kristianstad-utbyte-av-broar-over-helge-a/",
    "punkt_index": null
   }
  },
  {
   "type": "Feature",
   "geometry": {
    "type": "Point",
    "coordinates": [
     17.058174879225266,
     64.51809226142323
    ]
   },
   "properties": {
    "id": 96108,
    "namn": "Väg 942, Idbacka-Dalasjö, bärighetsåtgärder",
    "beskrivning": "Vi planerar att förstärka och öka bärigheten på väg 942 mellan Idbacka-Dalasjö. Det gör vi för att uppnå högsta bärighetsklass och förbättrad framkomlighet.",
    "typer": "Väg",
    "lan": "Västerbotten",
    "url": "https://www.trafikverket.se/vara-projekt/projekt-i-vasterbottens-lan/vag-942-idbacka-dalasjo-barighetsatgarder/",
    "punkt_index": null
   }
  },
  {
   "type": "Feature",
   "geometry": {
    "type": "Point",
    "coordinates": [
     16.726508951466602,
     60.904295025295944
    ]
   },
   "properties": {
    "id": 110815,
    "namn": "Väg 272, ny gång- och cykelväg samt cirkulationsplats mellan Ockelbo–Säbyggeby",
    "beskrivning": "Vi planerar att bygga en ny belyst gång- och cykelväg mellan Ockelbo–Säbyggeby. Vi ska också bygga en cirkulationsplats för att förbättra trafiksäkerheten och flödet i korsningen mellan väg 272, 546 och 303. ",
    "typer": "Gång- och cykelväg",
    "lan": "Gävleborg",
    "url": "https://www.trafikverket.se/vara-projekt/projekt-i-gavleborgs-lan/vag-272-gang--och-cykelvag-ockelbosabyggeby/",
    "punkt_index": null
   }
  },
  {
   "type": "Feature",
   "geometry": {
    "type": "Point",
    "coordinates": [
     23.539123155015545,
     66.8096533229783
    ]
   },
   "properties": {
    "id": 164118,
    "namn": "Väg 857, Svanstein-Ohtanajärvi, förstärkningsåtgärder",
    "beskrivning": "Vi planerar att förstärka väg 857 mellan Svanstein och Ohtanajärvi.",
    "typer": "Väg",
    "lan": "Norrbotten",
    "url": "https://www.trafikverket.se/vara-projekt/projekt-i-norrbottens-lan/vag-857-svanstein-ohtanajarvi-barighetsatgarder/",
    "punkt_index": null
   }
  },
  {
   "type": "Feature",
   "geometry": {
    "type": "Point",
    "coordinates": [
     13.577381368682914,
     55.41274132656904
    ]
   },
   "properties": {
    "id": 115930,
    "namn": "Väg 734, Abbekås–Skivarp, gång- och cykelväg",
    "beskrivning": "Vi bygger en gång- och cykelväg intill väg 734 mellan Abbekås i söder och Skivarp i norr. Det gör vi för att öka säkerheten för dig som går och cyklar.",
    "typer": "Gång- och cykelväg",
    "lan": "Skåne",
    "url": "https://www.trafikverket.se/vara-projekt/projekt-i-skane-lan/vag-734-abbekasskivarp-gang--och-cykelvag/",
    "punkt_index": null
   }
  },
  {
   "type": "Feature",
   "geometry": {
    "type": "Point",
    "coordinates": [
     22.779271345745933,
     66.42557710823162
    ]
   },
   "properties": {
    "id": 116168,
    "namn": "Väg 836, Furunäs–V Rödupp, bärighetsåtgärder",
    "beskrivning": "Vi planerar att förbättra och förstärka väg 836 mellan Furunäs och västra Rödupp för att öka bärigheten och framkomligheten.",
    "typer": "Väg",
    "lan": "Norrbotten",
    "url": "https://www.trafikverket.se/vara-projekt/projekt-i-norrbottens-lan/vag-836-furunasv-rodupp-barighetsatgarder/",
    "punkt_index": null
   }
  },
  {
   "type": "Feature",
   "geometry": {
    "type": "Point",
    "coordinates": [
     13.50344653080811,
     56.1379601425449
    ]
   },
   "properties": {
    "id": 135442,
    "namn": "Väg 21, Perstorp–Tyringe, Faunaåtgärder",
    "beskrivning": "Vi planerar olika fanuaåtgärder som grindar, färister, viltuthopp och broar på väg 21 mellan Perstorp och Tyringe. Det gör vi för att öka trafiksäkerheten och minska antalet viltolyckor.",
    "typer": "Väg",
    "lan": "Skåne",
    "url": "https://www.trafikverket.se/vara-projekt/projekt-i-skane-lan/vag-21-perstorptyringe-faunaatgarder/",
    "punkt_index": null
   }
  },
  {
   "type": "Feature",
   "geometry": {
    "type": "Point",
    "coordinates": [
     20.055277074758497,
     63.87806731910751
    ]
   },
   "properties": {
    "id": 99535,
    "namn": "E12 Brännland, korsningslösning och busshållplatser",
    "beskrivning": "Vi ska bygga en ny korsningslösning mellan väg E12, Sörforsvägen och Kassjövägen samt busshållplatser längs E12 vid Brännland.  Syftet med projektet är att förbättra trafiksäkerheten.",
    "typer": "Väg",
    "lan": "Västerbotten",
    "url": "https://www.trafikverket.se/vara-projekt/projekt-i-vasterbottens-lan/brannland/",
    "punkt_index": null
   }
  },
  {
   "type": "Feature",
   "geometry": {
    "type": "Point",
    "coordinates": [
     13.183332265222894,
     55.67700534466886
    ]
   },
   "properties": {
    "id": 88795,
    "namn": "E22 trafikplats Lund Södra och väg 108 Staffanstorp-Lund",
    "beskrivning": "Vi bygger om E22 mellan trafikplats Lund Södra och trafikplats Råby samt väg 108 mellan Staffanstorp och Lund för att öka trafiksäkerheten och förbättra framkomligheten.",
    "typer": "Väg",
    "lan": "Skåne",
    "url": "https://www.trafikverket.se/vara-projekt/projekt-i-skane-lan/e22-lund-sodra-och-vag-108/",
    "punkt_index": null
   }
  },
  {
   "type": "Feature",
   "geometry": {
    "type": "Point",
    "coordinates": [
     13.152583595944469,
     59.84602014774177
    ]
   },
   "properties": {
    "id": 162534,
    "namn": "Fryksdalsbanan Sunne, trafiksäkerhetshöjande åtgärder",
    "beskrivning": "Vi ska bygga om en obevakad plankorsning och slopa en annan obevakad plankorsning samt sätta upp stängsel för att öka säkerheten och förhindra att obehöriga vistas på spåret på Fryksdalsbanan i Sunne. ",
    "typer": "Järnväg",
    "lan": "Värmland",
    "url": "https://www.trafikverket.se/vara-projekt/projekt-i-varmlands-lan/fryksdalsbanan-sunne-trafiksakerhetshojande-atgarder/",
    "punkt_index": null
   }
  },
  {
   "type": "Feature",
   "geometry": {
    "type": "Point",
    "coordinates": [
     16.649863452670058,
     64.14742670255418
    ]
   },
   "properties": {
    "id": 54587,
    "namn": "Väg 923/925, Svanabyn–Lavsjö, bärighetsåtgärder",
    "beskrivning": "Vi planerar att förstärka väg 923 och 925 mellan Svanabyn och Lavsjö så att den får bärighetsklass BK4. Detta för att transporter ska kunna ta sig fram på ett säkert sätt på vägen.",
    "typer": "Väg",
    "lan": "Västerbotten",
    "url": "https://www.trafikverket.se/vara-projekt/projekt-i-vasterbottens-lan/vag-923925-svanabynlavsjo-barighetsatgarder/",
    "punkt_index": null
   }
  },
  {
   "type": "Feature",
   "geometry": {
    "type": "Point",
    "coordinates": [
     16.519903231509744,
     57.72781475259561
    ]
   },
   "properties": {
    "id": 139128,
    "namn": "E22, Verkebäcksbron och korsning väg 793",
    "beskrivning": "Vi planerar för att bygga om Verkebäcksbron med standard BK4 och korsningen E22/väg 793 till en planskild korsning. Genom att bygga om ökar vi trafiksäkerheten och framkomligheten på E22.",
    "typer": "Väg",
    "lan": "Kalmar",
    "url": "https://www.trafikverket.se/vara-projekt/projekt-i-kalmar-lan/e22-verkebacksbron-och-korsning-vag-793/",
    "punkt_index": null
   }
  },
  {
   "type": "Feature",
   "geometry": {
    "type": "Point",
    "coordinates": [
     14.613904991580926,
     61.06532644972312
    ]
   },
   "properties": {
    "id": 23838,
    "namn": "E45, Vattnäs–Trunna, ny vägsträckning",
    "beskrivning": "Trafikverket planerar att bygga om E45 mellan Vattnäs och Trunna i Orsa kommun för ökad trafiksäkerhet och framkomlighet. \n",
    "typer": "Väg, Gång- och cykelväg",
    "lan": "Dalarna",
    "url": "https://www.trafikverket.se/vara-projekt/projekt-i-dalarnas-lan/e45-vattnas-trunna-ny-vagstrackning/",
    "punkt_index": null
   }
  },
  {
   "type": "Feature",
   "geometry": {
    "type": "Point",
    "coordinates": [
     15.418671661205355,
     62.74818295994663
    ]
   },
   "properties": {
    "id": 24133,
    "namn": "E14, Bräcke, gång- och cykelväg",
    "beskrivning": "Vi bygger en belyst gång- och cykelväg genom Bräcke. Det gör vi för att öka säkerheten för gående och cyklister.",
    "typer": "Gång- och cykelväg",
    "lan": "Jämtland",
    "url": "https://www.trafikverket.se/vara-projekt/projekt-i-jamtlands-lan/e14-bracke-gang-och-cykelvag/",
    "punkt_index": null
   }
  },
  {
   "type": "Feature",
   "geometry": {
    "type": "Point",
    "coordinates": [
     13.256255061720381,
     55.85941709459779
    ]
   },
   "properties": {
    "id": 62520,
    "namn": "Väg 17 Trollenäs–Eslöv, ny gång- och cykelväg",
    "beskrivning": "Vi bygger en ny gång- och cykelväg längs väg 17 från Trollenäs och in till befintlig gång- och cykelväg i Eslöv. Det gör vi för att öka säkerheten för gående och cyklister.",
    "typer": "Gång- och cykelväg",
    "lan": "Skåne",
    "url": "https://www.trafikverket.se/vara-projekt/projekt-i-skane-lan/vag-17-trollenaseslov-ny-gang--och-cykelvag/",
    "punkt_index": null
   }
  },
  {
   "type": "Feature",
   "geometry": {
    "type": "Point",
    "coordinates": [
     17.812230254946815,
     62.90947199536197
    ]
   },
   "properties": {
    "id": 101434,
    "namn": "Väg 90, Frånö–Kramfors, gång- och cykelväg",
    "beskrivning": "Vi planerar att bygga en ny gång- och cykelväg mellan Frånö och Kramfors centrum på ungefär fyra kilometer.",
    "typer": "Gång- och cykelväg",
    "lan": "Västernorrland",
    "url": "https://www.trafikverket.se/vara-projekt/projekt-i-vasternorrlands-lan/vag-90-franokramfors-gang--och-cykelvag/",
    "punkt_index": null
   }
  },
  {
   "type": "Feature",
   "geometry": {
    "type": "Point",
    "coordinates": [
     21.02090065294301,
     66.56848965911345
    ]
   },
   "properties": {
    "id": 123361,
    "namn": "Malmbanan, åtgärder på bangårdar mellan Boden – Gällivare",
    "beskrivning": "För att öka kapaciteten på Malmbanan ska bangårdarna i Harrträsk, Nuortikon, Polcirkeln, Näsberg, Ljuså och Buddbyn åtgärdas.",
    "typer": "Järnväg",
    "lan": "Norrbotten",
    "url": "https://www.trafikverket.se/vara-projekt/projekt-i-norrbottens-lan/malmbanan-atgarder-pa-bangardar-mellan-boden--gallivare/",
    "punkt_index": null
   }
  },
  {
   "type": "Feature",
   "geometry": {
    "type": "Point",
    "coordinates": [
     21.07060448882278,
     66.3270708071056
    ]
   },
   "properties": {
    "id": 121363,
    "namn": "Malmbanan, spårbyte Boden-Harrträsk",
    "beskrivning": "Spåret på sträckan mellan Boden och Harrträsk är slitet och behöver bytas ut. Vi byter spåret för att göra järnvägen mer driftsäker och lättare att underhålla.",
    "typer": "Järnväg",
    "lan": "Norrbotten",
    "url": "https://www.trafikverket.se/vara-projekt/projekt-i-norrbottens-lan/malmbanan-sparbyte-boden-harrtrask/",
    "punkt_index": null
   }
  },
  {
   "type": "Feature",
   "geometry": {
    "type": "Point",
    "coordinates": [
     17.367213461430513,
     62.320220053883595
    ]
   },
   "properties": {
    "id": 4139,
    "namn": "Ostkustbanan, Dingersjö – Sundsvall, dubbelspår",
    "beskrivning": "Vi planerar att bygga dubbelspår mellan Dingersjö och Sundsvall. Syftet är att öka kapaciteten på Ostkustbanan. Denna dubbelspårsetapp kan ses som en delinvestering i ett framtida dubbelspår mellan Sundsvall och Gävle.",
    "typer": "Järnväg",
    "lan": "Västernorrland",
    "url": "https://www.trafikverket.se/vara-projekt/projekt-i-vasternorrlands-lan/dingersjo--sundsvall-dubbelspar/",
    "punkt_index": null
   }
  },
  {
   "type": "Feature",
   "geometry": {
    "type": "Point",
    "coordinates": [
     20.95955279311253,
     64.74720189509858
    ]
   },
   "properties": {
    "id": 89234,
    "namn": "E4, förbifart Skellefteå",
    "beskrivning": "Vi planerar att bygga en ny sträckning av E4 förbi Skellefteå. Den nya dragningen kommer skapa möjligheter för smidigare transporter och tryggare trafiklösningar. ",
    "typer": "Väg",
    "lan": "Västerbotten",
    "url": "https://www.trafikverket.se/vara-projekt/projekt-i-vasterbottens-lan/e4-forbifart-skelleftea/",
    "punkt_index": null
   }
  },
  {
   "type": "Feature",
   "geometry": {
    "type": "Point",
    "coordinates": [
     21.36847730584668,
     66.10010400112027
    ]
   },
   "properties": {
    "id": 121381,
    "namn": "Malmbanan, förstärkta vägskydd",
    "beskrivning": "För att förbättra trafiksäkerheten ska vägskydd med bommar, ljud och ljus sättas upp   vid Särkirovavägen, Åsens Kolonat, Degervattnet och Holmvägen. ",
    "typer": "Järnväg",
    "lan": "Norrbotten",
    "url": "https://www.trafikverket.se/vara-projekt/projekt-i-norrbottens-lan/malmbanan-forstarkta-vagskydd/",
    "punkt_index": null
   }
  },
  {
   "type": "Feature",
   "geometry": {
    "type": "Point",
    "coordinates": [
     11.999288644093271,
     57.68997521458782
    ]
   },
   "properties": {
    "id": 131489,
    "namn": "Väg 27/40, kantbalksbyte och montage av högkapacitetsräcke på bro vid Liseberg",
    "beskrivning": "Vi  har rustat upp bron vid Kallebäcksmotet, där E6 möter väg 27/40 och avfarten mot Mölndal N i södergående riktning. Detta för att förbättra trafiksäkerheten och skydda området kring World of Volvo och Liseberg Oceana.",
    "typer": "Väg",
    "lan": "Västra Götaland",
    "url": "https://www.trafikverket.se/vara-projekt/projekt-i-vastra-gotalands-lan/vag-2740-kantbalksbyte-och-montage-av-hogkapacitetsracke-pa-bro-vid-liseberg-goteborg/",
    "punkt_index": null
   }
  },
  {
   "type": "Feature",
   "geometry": {
    "type": "Point",
    "coordinates": [
     12.993169854307876,
     55.7955789425378
    ]
   },
   "properties": {
    "id": 124687,
    "namn": "Väg 1144, Hofterup–Häljarp, gång- och cykelväg",
    "beskrivning": "En ny gång- och cykelväg planeras mellan Björnstorpsvägen och idrottsplatsen i Häljarp. Gång- och cykelvägen kommer ansluta till befintligt cykelvägnät.",
    "typer": "Gång- och cykelväg",
    "lan": "Skåne",
    "url": "https://www.trafikverket.se/vara-projekt/projekt-i-skane-lan/vag-1144-hofterup-haljarp-gang--och-cykelvag/",
    "punkt_index": null
   }
  },
  {
   "type": "Feature",
   "geometry": {
    "type": "Point",
    "coordinates": [
     16.95794382854892,
     60.79235234609511
    ]
   },
   "properties": {
    "id": 130188,
    "namn": "Gävle–Ockelbo, förstärkningsåtgärder (STAX25) på Norra Stambanan",
    "beskrivning": "Vi förstärker Norra Stambanan mellan Gävle–Ockelbo till 25 tons axellast så att tyngre godstransporter kan passera. Arbetet pågår 2025–2026.\n\n",
    "typer": "Järnväg",
    "lan": "Gävleborg",
    "url": "https://www.trafikverket.se/vara-projekt/projekt-i-gavleborgs-lan/gavle-ockelbo-forstarkningsatgarder-stax25-pa-norra-stambanan/",
    "punkt_index": null
   }
  },
  {
   "type": "Feature",
   "geometry": {
    "type": "Point",
    "coordinates": [
     20.9524985194482,
     67.09976293463896
    ]
   },
   "properties": {
    "id": 145342,
    "namn": "E10, Leipojärvi-Liikavaara och Liikavaara-Stenbron, viltstängsel och faunapassage",
    "beskrivning": "För att minska barriärpåverkan och antalet ren- och viltolyckor ska vi bygga viltstängsel och faunapassager i form av broar.",
    "typer": "Väg",
    "lan": "Norrbotten",
    "url": "https://www.trafikverket.se/vara-projekt/projekt-i-norrbottens-lan/e10-leipojarvi-liikavaara-och-liikavaara-stenbron-viltstangsel-och-faunapassage/",
    "punkt_index": null
   }
  },
  {
   "type": "Feature",
   "geometry": {
    "type": "Point",
    "coordinates": [
     16.052658265622217,
     56.895167327597605
    ]
   },
   "properties": {
    "id": 163192,
    "namn": "Väg 125, Snärjebäcken vid Binnaretorp, brobyte",
    "beskrivning": "Bron över Snärjebäcken på väg 125 ska ersättas med en ny bro med högre bärighet. Åtgärden förbättrar framkomligheten för tunga transporter och gör vägsträckan mer driftsäker för all trafik.",
    "typer": "Väg",
    "lan": "Kalmar",
    "url": "https://www.trafikverket.se/vara-projekt/projekt-i-kalmar-lan/vag-125-snarjebacken-vid-binnaretorp-brobyte/",
    "punkt_index": null
   }
  },
  {
   "type": "Feature",
   "geometry": {
    "type": "Point",
    "coordinates": [
     11.282027426655807,
     58.54390473441872
    ]
   },
   "properties": {
    "id": 19813,
    "namn": "Väg 900, Hamburgsund–Slottet, gång- och cykelväg",
    "beskrivning": "Tillsammans med Tanums kommun bygger vi en gång- och cykelväg längs väg 900. Målet är att skapa en trafiksäker miljö där fotgängare och cyklister kan ta sig tryggt genom samhället.",
    "typer": "Gång- och cykelväg",
    "lan": "Västra Götaland",
    "url": "https://www.trafikverket.se/vara-projekt/projekt-i-vastra-gotalands-lan/vag-900-hamburgsundslottet-gang--och-cykelvag/",
    "punkt_index": null
   }
  },
  {
   "type": "Feature",
   "geometry": {
    "type": "Point",
    "coordinates": [
     13.322057482447397,
     55.983682539696325
    ]
   },
   "properties": {
    "id": 36067,
    "namn": "Väg 13, Billinge–Röstånga, gång- och cykelväg",
    "beskrivning": "Vi ser över hur trafiksäkerheten kan förbättras för oskyddade trafikanter mellan Billinge och Röstånga.",
    "typer": "Gång- och cykelväg",
    "lan": "Skåne",
    "url": "https://www.trafikverket.se/vara-projekt/projekt-i-skane-lan/vag-13-billingerostanga-gang--och-cykelvag/",
    "punkt_index": null
   }
  },
  {
   "type": "Feature",
   "geometry": {
    "type": "Point",
    "coordinates": [
     21.03077124003301,
     64.24267558145773
    ]
   },
   "properties": {
    "id": 14663,
    "namn": "E4, Gumboda-Grimsmark, mötesfri väg",
    "beskrivning": "Vi bygger om sträckan mellan Gumboda och Grimsmark till mötesfri landsväg 2+1 med omkörningssträckor och mitträcke. Vägen kommer att bli 14 meter bred.",
    "typer": "Väg",
    "lan": "Västerbotten",
    "url": "https://www.trafikverket.se/vara-projekt/projekt-i-vasterbottens-lan/e4-gumboda-grimsmark-motesfri-vag/",
    "punkt_index": null
   }
  },
  {
   "type": "Feature",
   "geometry": {
    "type": "Point",
    "coordinates": [
     13.421473756034063,
     59.38830504610945
    ]
   },
   "properties": {
    "id": 20387,
    "namn": "Väg 61/62, Bergvik–Ilanda, kapacitetshöjande åtgärder",
    "beskrivning": "Vi har breddat väg och bro i norrgående körriktning på väg 61/62 mellan Bergvik och Ilanda väster om Karlstad. En sträcka på cirka 1,4 kilometer. ",
    "typer": "Väg",
    "lan": "Värmland",
    "url": "https://www.trafikverket.se/vara-projekt/projekt-i-varmlands-lan/vag-6162-bergvikilanda-kapacitetshojande-atgarder/",
    "punkt_index": null
   }
  },
  {
   "type": "Feature",
   "geometry": {
    "type": "Point",
    "coordinates": [
     20.881260376901793,
     66.48487739573217
    ]
   },
   "properties": {
    "id": 84803,
    "namn": "Malmbanan, Murjek förlängning mötesdriftplats",
    "beskrivning": "För att öka kapaciteten för både person- och godståg förlängs Murjeks bangård (mötesdriftplats).",
    "typer": "Järnväg",
    "lan": "Norrbotten",
    "url": "https://www.trafikverket.se/vara-projekt/projekt-i-norrbottens-lan/murjek-bangardsforlangning/",
    "punkt_index": null
   }
  },
  {
   "type": "Feature",
   "geometry": {
    "type": "Point",
    "coordinates": [
     12.620186025535965,
     56.803763310433084
    ]
   },
   "properties": {
    "id": 51645,
    "namn": "Väg 610, Stensjö–Ugglarp, gång- och cykelväg",
    "beskrivning": "Vi planerar att bygga en gång- och cykelväg längs väg 610 tillsammans med Falkenbergs kommun. Syftet är att gående och cyklister ska kunna röra sig trafiksäkert genom samhället.",
    "typer": "Gång- och cykelväg",
    "lan": "Halland",
    "url": "https://www.trafikverket.se/vara-projekt/projekt-i-hallands-lan/vag-610-stensjo-ugglarp-gang--och-cykelvag/",
    "punkt_index": null
   }
  },
  {
   "type": "Feature",
   "geometry": {
    "type": "Point",
    "coordinates": [
     13.149383300118679,
     56.129715641634775
    ]
   },
   "properties": {
    "id": 54473,
    "namn": "Skånebanan, Klippan, förlängt mötesspår",
    "beskrivning": "Vi bygger ett förlängt mötesspår och gångbro över spåren vid stationen samt höjer hastigheten. På så vis ökar vi säkerheten och kapaciteten så att vi kan korta restiderna på Skånebanan.",
    "typer": "Järnväg",
    "lan": "Skåne",
    "url": "https://www.trafikverket.se/vara-projekt/projekt-i-skane-lan/klippan/",
    "punkt_index": null
   }
  },
  {
   "type": "Feature",
   "geometry": {
    "type": "Point",
    "coordinates": [
     12.904575889425244,
     57.731109936250725
    ]
   },
   "properties": {
    "id": 111224,
    "namn": "Väg 180, Fjällgatan–Musikvägen, gång- och cykelväg",
    "beskrivning": "Vi planerar att bygga en gång- och cykelväg längs väg 180 mellan Fjällgatan och Musikvägen i samarbete med Borås kommun.",
    "typer": "Gång- och cykelväg",
    "lan": "Västra Götaland",
    "url": "https://www.trafikverket.se/vara-projekt/projekt-i-vastra-gotalands-lan/vag-180-fjallgatan-musikvagen-gang--och-cykelvag/",
    "punkt_index": null
   }
  },
  {
   "type": "Feature",
   "geometry": {
    "type": "Point",
    "coordinates": [
     15.763858886659936,
     58.70744224804361
    ]
   },
   "properties": {
    "id": 43392,
    "namn": "Väg 51 förbi Finspång",
    "beskrivning": "Vi planerar att bygga en förbifart förbi Finspång för att minska genomfartstrafiken genom centrum. Det gör vi för att förbättra trafiksäkerheten och framkomligheten.",
    "typer": "Väg",
    "lan": "Östergötland",
    "url": "https://www.trafikverket.se/vara-projekt/projekt-i-ostergotlands-lan/vag-51forbi-finspang/",
    "punkt_index": null
   }
  },
  {
   "type": "Feature",
   "geometry": {
    "type": "Point",
    "coordinates": [
     11.931842450669928,
     57.64327289939064
    ]
   },
   "properties": {
    "id": 146393,
    "namn": "Väg 158, busskörfält Järnbrottsmotet–Pilegården och busshållplatser stråk 8, kollektivtrafikåtgärder",
    "beskrivning": "Vi ska förbättra kollektivtrafiken på väg 158 mellan Järnbrottsmotet och Pilegården med nytt busskörfält och moderniserade hållplatser för ökad säkerhet och framkomlighet.",
    "typer": "Väg",
    "lan": "Västra Götaland",
    "url": "https://www.trafikverket.se/vara-projekt/projekt-i-vastra-gotalands-lan/vag-158-busskorfalt-jarnbrottsmotetpilegarden-och-busshallplatser-strak-8-kollektivtrafikatgarder/",
    "punkt_index": null
   }
  },
  {
   "type": "Feature",
   "geometry": {
    "type": "Point",
    "coordinates": [
     17.911099682252694,
     59.37732306066021
    ]
   },
   "properties": {
    "id": 3971,
    "namn": "Mälarbanan, Tomteboda-Kallhäll",
    "beskrivning": "Vi bygger ut järnvägen från två till fyra spår mellan Tomteboda och Kallhäll. Med fyra spår kan fler tåg gå tätare och punktligare och tågförbindelserna i Stockholmsregionen, Mälardalen och hela Sverige förbättras.",
    "typer": "Järnväg",
    "lan": "Stockholm",
    "url": "https://www.trafikverket.se/vara-projekt/projekt-i-stockholms-lan/malarbanan-tomteboda-kallhall/",
    "punkt_index": null
   }
  },
  {
   "type": "Feature",
   "geometry": {
    "type": "Point",
    "coordinates": [
     11.760094284034036,
     58.05756258858145
    ]
   },
   "properties": {
    "id": 143277,
    "namn": "Myggenäs korsväg, ny cirkulationsplats och planskild gång- och cykelpassage",
    "beskrivning": "Vi planerar att bygga en cirkulationsplats i korsning väg 160/169/722 samt en planskild passage för gående och cyklister för ökad trafiksäkerhet och framkomlighet. \n",
    "typer": "Gång- och cykelväg",
    "lan": "Västra Götaland",
    "url": "https://www.trafikverket.se/vara-projekt/projekt-i-vastra-gotalands-lan/myggenas-korsvag-ny-cirkulationsplats-och-planskild-gang--och-cykelpassage/",
    "punkt_index": null
   }
  },
  {
   "type": "Feature",
   "geometry": {
    "type": "Point",
    "coordinates": [
     23.857002478917746,
     65.81344950620681
    ]
   },
   "properties": {
    "id": 154092,
    "namn": "E4, Busshållplats Industrivägen, Seskarö",
    "beskrivning": "För att förbättra trafiksäkerheten och öka resandet med kollektivtrafik ska Trafikverket bygga en busshållplats vid korsningen E4/Industrivägen.",
    "typer": "Väg",
    "lan": "Norrbotten",
    "url": "https://www.trafikverket.se/vara-projekt/projekt-i-norrbottens-lan/e4-busshallplats-industrivagen-seskaro/",
    "punkt_index": null
   }
  },
  {
   "type": "Feature",
   "geometry": {
    "type": "Point",
    "coordinates": [
     15.545379942476382,
     63.84976949575199
    ]
   },
   "properties": {
    "id": 25943,
    "namn": "E45, Strömsundsbron, upprustningsåtgärder",
    "beskrivning": "Upprustningen av Strömsundsbron fortsätter. Under 2026 ska vi montera ny upphängning av fjärrvärmeledningar samt byta fjärrvärmeledningar.\n",
    "typer": "Väg",
    "lan": "Jämtland",
    "url": "https://www.trafikverket.se/vara-projekt/projekt-i-jamtlands-lan/e45-stromsundsbron-upprustningsatgarder/",
    "punkt_index": null
   }
  },
  {
   "type": "Feature",
   "geometry": {
    "type": "Point",
    "coordinates": [
     14.956925227584653,
     57.659324841771415
    ]
   },
   "properties": {
    "id": 25542,
    "namn": "Väg 40, förbifart Eksjö",
    "beskrivning": "Vi planerar för en ny förbifart Eksjö för att öka trafiksäkerheten och framkomligheten för trafikanterna. Syftet är även att öka trafiksäkerheten, tryggheten och förbättra miljön för de boende i Eksjö.\n",
    "typer": "Väg",
    "lan": "Jönköping",
    "url": "https://www.trafikverket.se/vara-projekt/projekt-i-jonkopings-lan/vag-40-forbifart-eksjo/",
    "punkt_index": null
   }
  },
  {
   "type": "Feature",
   "geometry": {
    "type": "Point",
    "coordinates": [
     21.909518500766758,
     65.53421633286544
    ]
   },
   "properties": {
    "id": 140095,
    "namn": "Väg 580, Måttsund, ny gång- och cykelväg",
    "beskrivning": "För att förbättra trafiksäkerheten behöver åtgärder göras på väg 580 i Måttsund, Luleå kommun",
    "typer": "Gång- och cykelväg",
    "lan": "Norrbotten",
    "url": "https://www.trafikverket.se/vara-projekt/projekt-i-norrbottens-lan/vag-580-ny-gang--och-cykelvag-i-mattsund/",
    "punkt_index": null
   }
  },
  {
   "type": "Feature",
   "geometry": {
    "type": "Point",
    "coordinates": [
     14.128104859231007,
     56.5185796660814
    ]
   },
   "properties": {
    "id": 157444,
    "namn": "Slätthult, förbigångsspår",
    "beskrivning": "I samband med öppnandet av Fehmarn Bält-förbindelsen väntas tågtrafiken på Södra stambanan öka. För att möta det ökade behovet av kapacitet planerar vi för nya förbigångsspår i Slätthult, strax söder om Älmhult.",
    "typer": "Järnväg",
    "lan": "Kronoberg",
    "url": "https://www.trafikverket.se/vara-projekt/projekt-i-kronobergs-lan/slatthult-forbigangsspar/",
    "punkt_index": null
   }
  },
  {
   "type": "Feature",
   "geometry": {
    "type": "Point",
    "coordinates": [
     16.10082820819401,
     60.55466842476282
    ]
   },
   "properties": {
    "id": 122709,
    "namn": "E16, Hosjö-Hofors, viltpassager",
    "beskrivning": "Vi vill minska risken för viltolyckor på sträckan mellan Hosjö och Hofors och planerar därför viltpassager på sträckan. ",
    "typer": "Väg",
    "lan": "Dalarna",
    "url": "https://www.trafikverket.se/vara-projekt/projekt-i-dalarnas-lan/e16-hosjo-hofors-viltpassager/",
    "punkt_index": null
   }
  },
  {
   "type": "Feature",
   "geometry": {
    "type": "Point",
    "coordinates": [
     11.906102846052592,
     57.81347564411715
    ]
   },
   "properties": {
    "id": 45590,
    "namn": "Väg 570/587, Gunnesby, brobyte, gång- och cykelväg, cirkulationsplats",
    "beskrivning": "Vi bygger en ny bro över Bohusbanan på väg 587, en ny gång- och cykelväg samt bygger om korsningen mellan väg 570 och 587 till en cirkulationsplats.",
    "typer": "Väg, Gång- och cykelväg",
    "lan": "Västra Götaland",
    "url": "https://www.trafikverket.se/vara-projekt/projekt-i-vastra-gotalands-lan/vag-570587-gunnesby-cirkulationsplats-bro-med-gang--och-cykelvag/",
    "punkt_index": 0
   }
  },
  {
   "type": "Feature",
   "geometry": {
    "type": "Point",
    "coordinates": [
     11.906536593937863,
     57.8136573591657
    ]
   },
   "properties": {
    "id": 45590,
    "namn": "Väg 570/587, Gunnesby, brobyte, gång- och cykelväg, cirkulationsplats",
    "beskrivning": "Vi bygger en ny bro över Bohusbanan på väg 587, en ny gång- och cykelväg samt bygger om korsningen mellan väg 570 och 587 till en cirkulationsplats.",
    "typer": "Väg, Gång- och cykelväg",
    "lan": "Västra Götaland",
    "url": "https://www.trafikverket.se/vara-projekt/projekt-i-vastra-gotalands-lan/vag-570587-gunnesby-cirkulationsplats-bro-med-gang--och-cykelvag/",
    "punkt_index": 1
   }
  },
  {
   "type": "Feature",
   "geometry": {
    "type": "Point",
    "coordinates": [
     18.10536402763175,
     59.26134387025112
    ]
   },
   "properties": {
    "id": 45016,
    "namn": "Väg 229, Norra Sköndal, bytespunkt",
    "beskrivning": "Vi bygger om busshållplatserna vid Norra Sköndal. Det gör vi för att ge plats åt alla bussar och öka säkerheten och tryggheten för dig som reser här. ",
    "typer": "Väg",
    "lan": "Stockholm",
    "url": "https://www.trafikverket.se/vara-projekt/projekt-i-stockholms-lan/vag-229-norra-skondal-bytespunkt/",
    "punkt_index": null
   }
  },
  {
   "type": "Feature",
   "geometry": {
    "type": "Point",
    "coordinates": [
     21.634681197309686,
     65.43360115270826
    ]
   },
   "properties": {
    "id": 17612,
    "namn": "E4, Rosvik Södra, planskild trafikplats",
    "beskrivning": "För att säkerställa en tryggare trafiksituation vid korsningen i Rosvik Södra ska den byggas om till en planskild trafikplats.",
    "typer": "Väg",
    "lan": "Norrbotten",
    "url": "https://www.trafikverket.se/vara-projekt/projekt-i-norrbottens-lan/e4-rosvik-sodra-planskild-trafikplats/",
    "punkt_index": null
   }
  },
  {
   "type": "Feature",
   "geometry": {
    "type": "Point",
    "coordinates": [
     18.932484101888303,
     59.651887442005446
    ]
   },
   "properties": {
    "id": 46549,
    "namn": "Färjelägen Blidöleden",
    "beskrivning": "Vi planerar att bygga två nya färjelägen för en lindragen färja mellan Yxlan och Blidö. Syftet är att minska koldioxidutsläpp och buller från färjan.",
    "typer": "Sjöfart",
    "lan": "Stockholm",
    "url": "https://www.trafikverket.se/vara-projekt/projekt-i-stockholms-lan/farjelagen-blidoleden/",
    "punkt_index": 0
   }
  },
  {
   "type": "Feature",
   "geometry": {
    "type": "Point",
    "coordinates": [
     18.938907977015443,
     59.64875140821804
    ]
   },
   "properties": {
    "id": 46549,
    "namn": "Färjelägen Blidöleden",
    "beskrivning": "Vi planerar att bygga två nya färjelägen för en lindragen färja mellan Yxlan och Blidö. Syftet är att minska koldioxidutsläpp och buller från färjan.",
    "typer": "Sjöfart",
    "lan": "Stockholm",
    "url": "https://www.trafikverket.se/vara-projekt/projekt-i-stockholms-lan/farjelagen-blidoleden/",
    "punkt_index": 1
   }
  },
  {
   "type": "Feature",
   "geometry": {
    "type": "Point",
    "coordinates": [
     17.02709532429876,
     58.77057670552956
    ]
   },
   "properties": {
    "id": 25180,
    "namn": "Östra infarten Nyköping, kapacitets- och trafiksäkerhetshöjande",
    "beskrivning": "Tillsammans med Nyköpings kommun bygger vi om Östra infarten till Nyköping för att förbättra framkomligheten och öka trafiksäkerheten.",
    "typer": "Väg, Gång- och cykelväg",
    "lan": "Södermanland",
    "url": "https://www.trafikverket.se/vara-projekt/projekt-i-sodermanlands-lan/ostra-infarten-nykoping-kapacitets--och-trafiksakerhetshojande-atgarder/",
    "punkt_index": null
   }
  },
  {
   "type": "Feature",
   "geometry": {
    "type": "Point",
    "coordinates": [
     13.827314198033024,
     56.20208480244993
    ]
   },
   "properties": {
    "id": 18573,
    "namn": "Hässleholm–Älmhult, kontaktledningsbyte",
    "beskrivning": "Trafikverket moderniserar kontaktledningssystemet på Södra stambanan i Skåne och Kronoberg. När det är klart år 2026 ökar driftsäkerheten och trafiken kan rulla mer tillförlitligt.\n\n\n",
    "typer": "Järnväg",
    "lan": "Kronoberg, Skåne",
    "url": "https://www.trafikverket.se/vara-projekt/projekt-som-stracker-sig-over-flera-lan/hassleholmalmhult-kontaktledningsbyte/",
    "punkt_index": null
   }
  },
  {
   "type": "Feature",
   "geometry": {
    "type": "Point",
    "coordinates": [
     12.401057306449694,
     57.8093158239988
    ]
   },
   "properties": {
    "id": 160864,
    "namn": "Väg 1747, Gamla vägen–Tolleredsmotet, gång-och cykelväg",
    "beskrivning": "Vi planerar att bygga en gång- och cykelväg längs väg 1747, mellan Gamla vägen och Tolleredsmotet. Den nya vägen ska öka trafiksäkerheten och framkomligheten för dig som går och cyklar.",
    "typer": "Gång- och cykelväg",
    "lan": "Västra Götaland",
    "url": "https://www.trafikverket.se/vara-projekt/projekt-i-vastra-gotalands-lan/vag-1747-gamla-vagentolleredsmotet-gang-och-cykelvag/",
    "punkt_index": null
   }
  },
  {
   "type": "Feature",
   "geometry": {
    "type": "Point",
    "coordinates": [
     13.148378995087985,
     59.835333839286044
    ]
   },
   "properties": {
    "id": 111485,
    "namn": "Fryksdalsbanan, spår- och växelbyte Kil–Torsby",
    "beskrivning": "Fryksdalsbanan sträcker sig från Kil till Torsby, en sträcka på 82 km, och trafikeras av såväl gods- som persontåg. Järnvägsanläggningen är sliten och behöver bytas ut.",
    "typer": "Järnväg",
    "lan": "Värmland",
    "url": "https://www.trafikverket.se/vara-projekt/projekt-i-varmlands-lan/fryksdalsbanan-spar--och-vaxelbyte-kiltorsby/",
    "punkt_index": null
   }
  },
  {
   "type": "Feature",
   "geometry": {
    "type": "Point",
    "coordinates": [
     12.892353568778459,
     56.10044805534903
    ]
   },
   "properties": {
    "id": 128152,
    "namn": "Väg 1759, Bjuv-Åstorp, gång- och cykelväg och vänstersvängskörfält",
    "beskrivning": "Vi planerar att bygga en cirka 4,5 km lång ny gång- och cykelväg mellan Bjuv, Hyllinge och Åstorp och bygga om korsningen Malmövägen/Ängavägen. ",
    "typer": "Gång- och cykelväg",
    "lan": "Skåne",
    "url": "https://www.trafikverket.se/vara-projekt/projekt-i-skane-lan/bjuv-astorp-gang--och-cykelvag-och-vanstersvangskorfalt/",
    "punkt_index": null
   }
  },
  {
   "type": "Feature",
   "geometry": {
    "type": "Point",
    "coordinates": [
     12.0780421104597,
     57.47621962738534
    ]
   },
   "properties": {
    "id": 50519,
    "namn": "Inlagsleden, Kungsbacka, gång- och cykelbro",
    "beskrivning": "Vi planerar att bredda vägbron vid Inlagsleden i Kungsbacka med en gång- och cykelbana. Vi vill förbättra trafiksäkerheten och trafikflödet, samtidigt som vi skapar en säkrare trafikmiljö för oskyddade trafikanter.",
    "typer": "Gång- och cykelväg",
    "lan": "Halland",
    "url": "https://www.trafikverket.se/vara-projekt/projekt-i-hallands-lan/inlagsleden-kungsbacka-gang--och-cykelbro/",
    "punkt_index": null
   }
  },
  {
   "type": "Feature",
   "geometry": {
    "type": "Point",
    "coordinates": [
     17.74073002385588,
     59.84404821898223
    ]
   },
   "properties": {
    "id": 144991,
    "namn": "Väg 282/652, Danmark, Uppsala, korsningsåtgärd",
    "beskrivning": "Vi planerar att bygga en cirkulationsplats och rusta upp en busshållplats på väg 282/väg 652 vid Danmark i Uppsala. Målet är förbättrad trafiksäkerhet. ",
    "typer": "Väg",
    "lan": "Uppsala",
    "url": "https://www.trafikverket.se/vara-projekt/projekt-i-uppsala-lan/vag-282-652-danmark-uppsala-korsningsatgard/",
    "punkt_index": null
   }
  },
  {
   "type": "Feature",
   "geometry": {
    "type": "Point",
    "coordinates": [
     12.852413051605703,
     56.27679599542013
    ]
   },
   "properties": {
    "id": 43201,
    "namn": "Väg 1710, Rebbelberga-Barkåkra vid Östra Kvarn, gång- och cykelväg",
    "beskrivning": "Vi planerar att bygga en gång- och cykelväg längs med väg 1710, mellan  Rebbelberga och Barkåkra vid Östra Kvarn. Det ökar framkomligheten och trafiksäkerheten för oskyddade trafikanter (gående och cyklister). ",
    "typer": "Gång- och cykelväg",
    "lan": "Skåne",
    "url": "https://www.trafikverket.se/vara-projekt/projekt-i-skane-lan/vag-1710-rebbelberga-barkakra-vid-ostra-kvarn-gang--och-cykelvag/",
    "punkt_index": null
   }
  },
  {
   "type": "Feature",
   "geometry": {
    "type": "Point",
    "coordinates": [
     12.259789449958395,
     58.23319563535388
    ]
   },
   "properties": {
    "id": 112568,
    "namn": "Väg 2012, Trollhättan, gång-och cykelväg",
    "beskrivning": "Vi planerar att bygga en ny gång- och cykelväg längs väg 2012, mellan E45 och väg 2005. Det ska öka framkomligheten och trafiksäkerheten för oskyddade trafikanter.\n\n",
    "typer": "Gång- och cykelväg",
    "lan": "Västra Götaland",
    "url": "https://www.trafikverket.se/vara-projekt/projekt-i-vastra-gotalands-lan/vag-2012-trollhattan-gang-och-cykelvag/",
    "punkt_index": null
   }
  },
  {
   "type": "Feature",
   "geometry": {
    "type": "Point",
    "coordinates": [
     21.124217544744322,
     64.93105138426536
    ]
   },
   "properties": {
    "id": 150358,
    "namn": "E4, Byske, rastplats södergående",
    "beskrivning": "Vi ska bygga en rastplats söder om Byske i södergående riktning för att möjliggöra förbättrade kör och vilotider för trafikanter på E4.",
    "typer": "Väg",
    "lan": "Västerbotten",
    "url": "https://www.trafikverket.se/vara-projekt/projekt-i-vasterbottens-lan/e4-byske-rastplats-sodergaende/",
    "punkt_index": null
   }
  },
  {
   "type": "Feature",
   "geometry": {
    "type": "Point",
    "coordinates": [
     12.182214368947465,
     57.31090773264226
    ]
   },
   "properties": {
    "id": 161850,
    "namn": "Väg 845, Löftaån–Lycketorpsvägen, gång- och cykelväg",
    "beskrivning": "Vi planerar, tillsammans med Varbergs kommun, att bygga en gång- och cykelväg längs väg 845 mellan Löftaån och Lycketorpsvägen. Syftet är att öka trafiksäkerheten och tillgängligheten för oskyddade trafikanter.",
    "typer": "Gång- och cykelväg",
    "lan": "Halland",
    "url": "https://www.trafikverket.se/vara-projekt/projekt-i-hallands-lan/vag-845-loftaanlycketorpsvagen-gang--och-cykelvag/",
    "punkt_index": null
   }
  },
  {
   "type": "Feature",
   "geometry": {
    "type": "Point",
    "coordinates": [
     15.736369896170164,
     57.02421853723313
    ]
   },
   "properties": {
    "id": 33710,
    "namn": "Väg 941 Lillagården–Stenbrohult, breddning",
    "beskrivning": "Vi breddar väg 941 mellan Lillagården och Stenbrohult för att öka trafiksäkerheten och framkomligheten.",
    "typer": "Väg",
    "lan": "Kronoberg",
    "url": "https://www.trafikverket.se/vara-projekt/projekt-i-kronobergs-lan/vag-941-lillagardenstenbrohult-breddning/",
    "punkt_index": null
   }
  },
  {
   "type": "Feature",
   "geometry": {
    "type": "Point",
    "coordinates": [
     14.562318397590905,
     62.004695056583216
    ]
   },
   "properties": {
    "id": 49535,
    "namn": "E45 Rengsjön–Älvros",
    "beskrivning": "Vi bygger en ny sträckning av E45 mellan Rengsjön och Älvros. Målet är att göra sträckan säkrare och mer tillgänglig.",
    "typer": "Väg",
    "lan": "Jämtland",
    "url": "https://www.trafikverket.se/vara-projekt/projekt-i-jamtlands-lan/e45-rengsjonalvros/",
    "punkt_index": null
   }
  },
  {
   "type": "Feature",
   "geometry": {
    "type": "Point",
    "coordinates": [
     20.43997539509912,
     67.17407477165834
    ]
   },
   "properties": {
    "id": 47336,
    "namn": "Malmbanan, Sikträsk bangårdsförlängning",
    "beskrivning": "För att öka kapaciteten för både person- och godståg förlängs Sikträsk bangård för att möjliggöra möten med 750 meter långa tåg.",
    "typer": "Järnväg",
    "lan": "Norrbotten",
    "url": "https://www.trafikverket.se/vara-projekt/projekt-i-norrbottens-lan/malmbanan-siktrask-bangardsforlangning/",
    "punkt_index": null
   }
  },
  {
   "type": "Feature",
   "geometry": {
    "type": "Point",
    "coordinates": [
     21.25781277418028,
     64.52646485914312
    ]
   },
   "properties": {
    "id": 14522,
    "namn": "E4, Daglösten-Ljusvattnet, mötesfri väg",
    "beskrivning": "Vi planerar att bygga om sträckan Daglösten-Ljusvattnet till mötesfri väg. Vägen blir utformad som 2+1 väg med omkörningssträckor och mitträcke.",
    "typer": "Väg",
    "lan": "Västerbotten",
    "url": "https://www.trafikverket.se/vara-projekt/projekt-i-vasterbottens-lan/e4-daglosten-ljusvattnet-motesfri-vag/",
    "punkt_index": null
   }
  },
  {
   "type": "Feature",
   "geometry": {
    "type": "Point",
    "coordinates": [
     21.292235615493595,
     64.46783543165286
    ]
   },
   "properties": {
    "id": 14088,
    "namn": "E4, Broänge-Daglösten, mötesfri väg",
    "beskrivning": "Trafikverket ska bygga om sträckan Broänge–Daglösten på E4 till mötesfri väg. Vägen blir utformad som 2+1 väg med omkörningssträckor och mitträcke.",
    "typer": "Väg",
    "lan": "Västerbotten",
    "url": "https://www.trafikverket.se/vara-projekt/projekt-i-vasterbottens-lan/e4-broange-daglosten/",
    "punkt_index": null
   }
  },
  {
   "type": "Feature",
   "geometry": {
    "type": "Point",
    "coordinates": [
     16.210861828772412,
     59.75849064208652
    ]
   },
   "properties": {
    "id": 161643,
    "namn": "Väg 66/668 Ramnäs cirkulationsplats",
    "beskrivning": "Vi planerar att bygga om korsningen mellan väg 66 och väg 668 söder om Ramnäs i Surahammars kommun. Det gör vi för att förbättra trafiksäkerheten för alla trafikanter.",
    "typer": "Väg",
    "lan": "Västmanland",
    "url": "https://www.trafikverket.se/vara-projekt/projekt-i-vastmanlands-lan/ramnas/",
    "punkt_index": null
   }
  },
  {
   "type": "Feature",
   "geometry": {
    "type": "Point",
    "coordinates": [
     18.826921296832936,
     68.34952070487364
    ]
   },
   "properties": {
    "id": 51255,
    "namn": "Malmbanan, Abisko Turist, höjning av plattform",
    "beskrivning": "Hållplatsen Abisko Turists plattform är låg, sliten och inte tillgänglighetsanpassad, vilket gör att den är i stort behov av upprustning. ",
    "typer": "Järnväg",
    "lan": "Norrbotten",
    "url": "https://www.trafikverket.se/vara-projekt/projekt-i-norrbottens-lan/malmbanan-abisko-turist-hojning-av-plattform/",
    "punkt_index": null
   }
  },
  {
   "type": "Feature",
   "geometry": {
    "type": "Point",
    "coordinates": [
     20.857045082973116,
     64.75426673525308
    ]
   },
   "properties": {
    "id": 114396,
    "namn": "Väg 855, Skellefteå-Myckle, gång- och cykelväg",
    "beskrivning": "Vi planerar att bygga en belyst gång- och cykelväg i Myckle. Den nya vägen sträcker sig från befintlig kommunal gång- och cykelväg vid korsningen Tunnelvägen/Bolidenvägen och cirka 2,7 km in genom tätorten Myckle.",
    "typer": "Gång- och cykelväg",
    "lan": "Västerbotten",
    "url": "https://www.trafikverket.se/vara-projekt/projekt-i-vasterbottens-lan/vag-855-skelleftea-myckle-gang--och-cykelvag/",
    "punkt_index": null
   }
  },
  {
   "type": "Feature",
   "geometry": {
    "type": "Point",
    "coordinates": [
     12.241991347147358,
     58.2364641813534
    ]
   },
   "properties": {
    "id": 4103,
    "namn": "Slussar i Trollhätte kanal",
    "beskrivning": "Dagens slussar är gamla och måste ersättas. Nya slussar uppfyller dagens behov och skapar förutsättningar för att i framtiden frakta mer gods sjövägen, vilket avlastar järnvägen och ger färre lastbilstransporter.",
    "typer": "Sjöfart",
    "lan": "Västra Götaland",
    "url": "https://www.trafikverket.se/vara-projekt/projekt-i-vastra-gotalands-lan/slussar-i-trollhatte-kanal/",
    "punkt_index": null
   }
  },
  {
   "type": "Feature",
   "geometry": {
    "type": "Point",
    "coordinates": [
     22.814345728927815,
     66.29893470844482
    ]
   },
   "properties": {
    "id": 145682,
    "namn": "E10, Västra Svartbyn-Kangis, viltstängsel",
    "beskrivning": "För att minska barriärpåverkan och antalet ren- och viltolyckor ska vi bygga viltstängsel.",
    "typer": "Väg",
    "lan": "Norrbotten",
    "url": "https://www.trafikverket.se/vara-projekt/projekt-i-norrbottens-lan/e10-vastra-svartbyn-kangis-viltstangsel/",
    "punkt_index": null
   }
  },
  {
   "type": "Feature",
   "geometry": {
    "type": "Point",
    "coordinates": [
     21.601611681706117,
     66.8994953769638
    ]
   },
   "properties": {
    "id": 145655,
    "namn": "E10, Mäntyvaaravägen-Hakkas-Sammakkovägen, viltstängsel och faunapassage",
    "beskrivning": "För att minska barriärpåverkan och antalet ren- och viltolyckor ska vi bygga viltstängsel och faunapassager.",
    "typer": "Väg",
    "lan": "Norrbotten",
    "url": "https://www.trafikverket.se/vara-projekt/projekt-i-norrbottens-lan/e10-mantyvaaravagen-hakkas-sammakkovagen-viltstangsel-och-faunapassage/",
    "punkt_index": null
   }
  },
  {
   "type": "Feature",
   "geometry": {
    "type": "Point",
    "coordinates": [
     17.659923051998742,
     59.940601986868636
    ]
   },
   "properties": {
    "id": 5789,
    "namn": "E4/väg 290, trafikplats Fullerö, förbättra kapacitet",
    "beskrivning": "Vi bygger om trafikplats Fullerö vid E4 och korsningen länsväg 290/Kometvägen för att möta det ökade kapacitetsbehovet. Det gör vi genom att bygga en cirkulationsplats samt ytterligare körfält vid trafikplatsen. ",
    "typer": "Väg",
    "lan": "Uppsala",
    "url": "https://www.trafikverket.se/vara-projekt/projekt-i-uppsala-lan/e4vag-290-trafikplats-fullero-forbattra-kapacitet/",
    "punkt_index": null
   }
  },
  {
   "type": "Feature",
   "geometry": {
    "type": "Point",
    "coordinates": [
     14.833396921099345,
     56.881283099501125
    ]
   },
   "properties": {
    "id": 29406,
    "namn": "Väg 25, Österleden i Växjö, ny trafikplats vid Fagrabäck",
    "beskrivning": "Trafikverket bygger tillsammans med Växjö kommun en ny trafikplats vid Fagrabäck och en ombyggnation av Österleden. Detta gör vi för att din resa till, från och genom Växjö ska bli säkrare och smidigare.",
    "typer": "Väg, Gång- och cykelväg",
    "lan": "Kronoberg",
    "url": "https://www.trafikverket.se/vara-projekt/projekt-i-kronobergs-lan/vag-25-osterleden-i-vaxjo-ny-trafikplats-vid-fagraback/",
    "punkt_index": null
   }
  },
  {
   "type": "Feature",
   "geometry": {
    "type": "Point",
    "coordinates": [
     22.451503378805338,
     68.43791735655356
    ]
   },
   "properties": {
    "id": 141635,
    "namn": "E45 Karesuando, tätortsupprustning",
    "beskrivning": "Vi planerar för tätortsåtgärder i Karesuando för en säkrare vägmiljö längs väg E45 och väg 99.",
    "typer": "Väg, Gång- och cykelväg",
    "lan": "Norrbotten",
    "url": "https://www.trafikverket.se/vara-projekt/projekt-i-norrbottens-lan/e45-karesuando-tatortsupprustning/",
    "punkt_index": null
   }
  },
  {
   "type": "Feature",
   "geometry": {
    "type": "Point",
    "coordinates": [
     12.045404596535231,
     57.489508616708626
    ]
   },
   "properties": {
    "id": 153714,
    "namn": "E6, trafikplats 60 Kungsbacka C, högersvängkörfält",
    "beskrivning": "Vi planerar att öka kapaciteten och förbättrar trafiksäkerheten vid trafikplats 60 Kungsbacka C genom att komplettera avfarten från E6 mot Särö med ett nytt högersvängkörfält.",
    "typer": "Väg",
    "lan": "Halland",
    "url": "https://www.trafikverket.se/vara-projekt/projekt-i-hallands-lan/e6-hogersvangkorfalt.-trafikplats-60-kungsbacka-c",
    "punkt_index": null
   }
  },
  {
   "type": "Feature",
   "geometry": {
    "type": "Point",
    "coordinates": [
     16.20207657873268,
     58.6462874231762
    ]
   },
   "properties": {
    "id": 14165,
    "namn": "Kolmården, en del av Ostlänken",
    "beskrivning": null,
    "typer": "Järnväg",
    "lan": "Östergötland",
    "url": "https://www.trafikverket.se/vara-projekt/projekt-som-stracker-sig-over-flera-lan/ostlanken-en-ny-dubbelsparig-jarnvag/ostlanken-i-norrkopings-kommun/kolmarden/",
    "punkt_index": null
   }
  },
  {
   "type": "Feature",
   "geometry": {
    "type": "Point",
    "coordinates": [
     17.632358091700674,
     59.192275010271715
    ]
   },
   "properties": {
    "id": 22576,
    "namn": "Södertälje sluss och kanal, ombyggnad",
    "beskrivning": "Trafikverket tillsammans med Sjöfartsverket bygger klart Södertälje sluss och kanal. Den nya slussen och kanalen skapar mer hållbara och effektiva godstransporter och ger ökad sjösäkerhet.",
    "typer": "Sjöfart",
    "lan": "Stockholm",
    "url": "https://www.trafikverket.se/vara-projekt/projekt-i-stockholms-lan/sodertalje-sluss-och-kanal/",
    "punkt_index": null
   }
  },
  {
   "type": "Feature",
   "geometry": {
    "type": "Point",
    "coordinates": [
     12.55110008294565,
     57.67392322002337
    ]
   },
   "properties": {
    "id": 121027,
    "namn": "Väg 554, Ballasjövägen - Rävlandavägen, gång- och cykelväg, Bollebygds kommun",
    "beskrivning": " Vi planerar att bygga en gång- och cykelväg längs väg 554. Syftet är att fotgängare och cyklister ska kunna röra sig trafiksäkert genom samhället.",
    "typer": "Gång- och cykelväg",
    "lan": "Västra Götaland",
    "url": "https://www.trafikverket.se/vara-projekt/projekt-i-vastra-gotalands-lan/vag-554-ballasjovagen---ravlandavagen-gang--och-cykelvag-bollebygds-kommun/",
    "punkt_index": null
   }
  },
  {
   "type": "Feature",
   "geometry": {
    "type": "Point",
    "coordinates": [
     13.231386523188496,
     57.588761423524076
    ]
   },
   "properties": {
    "id": 121076,
    "namn": "Väg 1676, Väg 27 - Kryddvägen, gång- och cykelväg, Länghem, Tranemo kommun",
    "beskrivning": "Vi planerar att bygga en gång- och cykelväg längs väg 1676. Syftet är att fotgängare och cyklister ska kunna röra sig trafiksäkert genom samhället.",
    "typer": "Gång- och cykelväg",
    "lan": "Västra Götaland",
    "url": "https://www.trafikverket.se/vara-projekt/projekt-i-vastra-gotalands-lan/vag-1676-vag-27---kryddvagen-gang--och-cykelvag-langhem-tranemo-kommun/",
    "punkt_index": null
   }
  },
  {
   "type": "Feature",
   "geometry": {
    "type": "Point",
    "coordinates": [
     14.591895216471892,
     63.247844570879565
    ]
   },
   "properties": {
    "id": 118092,
    "namn": "E14 Åskorset, trafiksäkerhetshöjande åtgärder",
    "beskrivning": "För att höja trafiksäkerheten och öka framkomligheten planerar vi att bygga en planskild korsning för vägarna E14 och väg 744. ",
    "typer": "Väg",
    "lan": "Jämtland",
    "url": "https://www.trafikverket.se/vara-projekt/projekt-i-jamtlands-lan/e14-asbacken-trafiksakerhetshojande-atgarder/",
    "punkt_index": null
   }
  },
  {
   "type": "Feature",
   "geometry": {
    "type": "Point",
    "coordinates": [
     16.212252977400755,
     59.010106769271886
    ]
   },
   "properties": {
    "id": 17525,
    "namn": "Väg 56, Katrineholm-Alberga, mötesfri väg",
    "beskrivning": "Väg 56 mellan Katrineholm och Alberga är ombyggd till mötesfri väg med mitträcke. Vägen byggdes om för att höja trafiksäkerheten och öka framkomligheten för alla trafikanter. ",
    "typer": "Väg",
    "lan": "Södermanland",
    "url": "https://www.trafikverket.se/vara-projekt/projekt-i-sodermanlands-lan/vag-56-katrineholm-alberga-motesfri-vag/",
    "punkt_index": 0
   }
  },
  {
   "type": "Feature",
   "geometry": {
    "type": "Point",
    "coordinates": [
     18.057780837726394,
     59.33013729868511
    ]
   },
   "properties": {
    "id": 19080,
    "namn": "Stationsåtgärder, Stockholm Central",
    "beskrivning": "Trafikverket förnyar och underhåller järnvägssträckan mellan Tegelbacken och Ulriksdal för en bättre plattformsmiljö, resenärsupplevelse och ökad punktlighet för järnvägstrafiken.\n",
    "typer": "Järnväg",
    "lan": "Stockholm",
    "url": "https://www.trafikverket.se/resa-och-trafik/underhall/sa-skoter-vi-jarnvagar/arbeten-pa-tagstationer-och-bangardar/stationsatgarder-stockholm-central/",
    "punkt_index": null
   }
  },
  {
   "type": "Feature",
   "geometry": {
    "type": "Point",
    "coordinates": [
     16.348921596524775,
     59.56625986039126
    ]
   },
   "properties": {
    "id": 7337,
    "namn": "Väg 56, Kvicksund–Västjädra, korsningsåtgärder",
    "beskrivning": "Längs väg 56 mellan Kvicksund och Västjädra finns korsningen Dingtunakorset. Vi ska bygga om korsningen och göra den planskild för att förbättra säkerheten och öka framkomligheten. ",
    "typer": "Väg",
    "lan": "Västmanland",
    "url": "https://www.trafikverket.se/vara-projekt/projekt-i-vastmanlands-lan/vag-56-kvicksundvastjadra-korsningsatgarder/",
    "punkt_index": 2
   }
  },
  {
   "type": "Feature",
   "geometry": {
    "type": "Point",
    "coordinates": [
     17.460752571623434,
     59.80787945524315
    ]
   },
   "properties": {
    "id": 7076,
    "namn": "Väg 55, Örsundsbro-Kvarnbolund, mötesfri väg",
    "beskrivning": "Vi planerar att bygga om väg 55 mellan Örsundsbro och Kvarnbolund till en så kallad mötesfri väg. Vi ska också bygga en gång- och cykelväg längs sträckan. Syftet är att förbättra trafiksäkerheten och öka framkomligheten.",
    "typer": "Väg, Gång- och cykelväg",
    "lan": "Uppsala",
    "url": "https://www.trafikverket.se/vara-projekt/projekt-i-uppsala-lan/vag-55-orsundsbro-kvarnbolund-motesfri-vag/",
    "punkt_index": null
   }
  },
  {
   "type": "Feature",
   "geometry": {
    "type": "Point",
    "coordinates": [
     18.253368815840386,
     60.22853283726821
    ]
   },
   "properties": {
    "id": 35668,
    "namn": "Väg 288, Gimo-Börstil",
    "beskrivning": "Vi planerar att bygga om väg 288 mellan Gimo och Börstil. Åtgärderna kommer att höja trafiksäkerheten och öka framkomligheten för alla trafikanter.",
    "typer": "Väg",
    "lan": "Uppsala",
    "url": "https://www.trafikverket.se/vara-projekt/projekt-i-uppsala-lan/vag-288-gimo-borstil-motesfri-vag/",
    "punkt_index": null
   }
  },
  {
   "type": "Feature",
   "geometry": {
    "type": "Point",
    "coordinates": [
     12.955743020934023,
     55.92572099657253
    ]
   },
   "properties": {
    "id": 122637,
    "namn": "Rååbanan etapp 3, Helsingborg – Teckomatorp, signalåtgärder och hastighetshöjning",
    "beskrivning": "Trafikverket lägger sista pusselbiten i att modernisera Rååbanan. Nu genomför vi signal- och ballastarbete mellan Helsingborg – Teckomatorp för att korta restider och göra järnvägen mindre störningskänslig. ",
    "typer": "Järnväg",
    "lan": "Skåne",
    "url": "https://www.trafikverket.se/vara-projekt/projekt-i-skane-lan/raabanan-etapp-3-helsingborg--teckomatorp-signalatgarder-och-hastighetshojning/",
    "punkt_index": null
   }
  },
  {
   "type": "Feature",
   "geometry": {
    "type": "Point",
    "coordinates": [
     11.830050017121946,
     57.76397241710571
    ]
   },
   "properties": {
    "id": 44917,
    "namn": "Väg 566, Björlanda kyrkväg–Björlanda kile, gång- och cykelväg",
    "beskrivning": "Vi planerar tillsammans med Göteborgs Stad att bygga en gång- och cykelväg längs väg 566. Syftet är att fotgängare och cyklister ska kunna röra sig trafiksäkert genom samhället.",
    "typer": "Gång- och cykelväg",
    "lan": "Västra Götaland",
    "url": "https://www.trafikverket.se/vara-projekt/projekt-i-vastra-gotalands-lan/vag-566-bjorlanda-kyrkvagbjorlanda-kile-gang--och-cykelvag/",
    "punkt_index": null
   }
  },
  {
   "type": "Feature",
   "geometry": {
    "type": "Point",
    "coordinates": [
     20.950100597045775,
     66.75410181126294
    ]
   },
   "properties": {
    "id": 4482,
    "namn": "Malmbanan, Nattavaara bangårdsförlängning",
    "beskrivning": "Vi ska förlänga bangården i Nattavaara, en del av Malmbanan. Det gör vi för att öka kapaciteten för både person- och godståg samt för att skapa effektivare tågmöten.",
    "typer": "Järnväg",
    "lan": "Norrbotten",
    "url": "https://www.trafikverket.se/vara-projekt/projekt-i-norrbottens-lan/nattavaara-bangardsforlangning/",
    "punkt_index": null
   }
  },
  {
   "type": "Feature",
   "geometry": {
    "type": "Point",
    "coordinates": [
     15.61464894164346,
     63.16812865629833
    ]
   },
   "properties": {
    "id": 106376,
    "namn": "Väg 87, Stugun, gång- och cykelväg",
    "beskrivning": "Vi bygger en gång- och cykelväg genom Stugun för att öka framkomligheten och trafiksäkerheten för oskyddade trafikanter.",
    "typer": "Gång- och cykelväg",
    "lan": "Jämtland",
    "url": "https://www.trafikverket.se/vara-projekt/projekt-i-jamtlands-lan/vag-87-stugun-gang--och-cykelvag/",
    "punkt_index": null
   }
  },
  {
   "type": "Feature",
   "geometry": {
    "type": "Point",
    "coordinates": [
     16.739343410642828,
     64.58593463743067
    ]
   },
   "properties": {
    "id": 63918,
    "namn": "E45/väg 360, Vilhelmina, byte av tre broar över Vojmån",
    "beskrivning": "Vi planerar att byta ut tre befintliga broar på E45 och väg 360 över Vojmån i närheten av Vilhelmina. Detta gör vi för att förbättra framkomligheten och öka trafiksäkerheten.",
    "typer": "Väg",
    "lan": "Västerbotten",
    "url": "https://www.trafikverket.se/vara-projekt/projekt-i-vasterbottens-lan/e45vag-360-vilhelmina-byte-av-tre-broar-over-vojman/",
    "punkt_index": 0
   }
  },
  {
   "type": "Feature",
   "geometry": {
    "type": "Point",
    "coordinates": [
     16.798275549715854,
     64.79206312236255
    ]
   },
   "properties": {
    "id": 63918,
    "namn": "E45/väg 360, Vilhelmina, byte av tre broar över Vojmån",
    "beskrivning": "Vi planerar att byta ut tre befintliga broar på E45 och väg 360 över Vojmån i närheten av Vilhelmina. Detta gör vi för att förbättra framkomligheten och öka trafiksäkerheten.",
    "typer": "Väg",
    "lan": "Västerbotten",
    "url": "https://www.trafikverket.se/vara-projekt/projekt-i-vasterbottens-lan/e45vag-360-vilhelmina-byte-av-tre-broar-over-vojman/",
    "punkt_index": 1
   }
  },
  {
   "type": "Feature",
   "geometry": {
    "type": "Point",
    "coordinates": [
     16.869970329861292,
     64.62524222899211
    ]
   },
   "properties": {
    "id": 63918,
    "namn": "E45/väg 360, Vilhelmina, byte av tre broar över Vojmån",
    "beskrivning": "Vi planerar att byta ut tre befintliga broar på E45 och väg 360 över Vojmån i närheten av Vilhelmina. Detta gör vi för att förbättra framkomligheten och öka trafiksäkerheten.",
    "typer": "Väg",
    "lan": "Västerbotten",
    "url": "https://www.trafikverket.se/vara-projekt/projekt-i-vasterbottens-lan/e45vag-360-vilhelmina-byte-av-tre-broar-over-vojman/",
    "punkt_index": 2
   }
  },
  {
   "type": "Feature",
   "geometry": {
    "type": "Point",
    "coordinates": [
     16.831062896650128,
     61.7511361675625
    ]
   },
   "properties": {
    "id": 20765,
    "namn": "Väg 84, Viltåtgärder mellan Fredriksfors–Tunnelberget och Forsa–Trafikplats Hudiksvall Södra",
    "beskrivning": "Vägen mellan Hudiksvall och Delsbo har hög belastning av trafikolyckor med vilt. Vi planerar att komplettera med viltstängsel på de delar av sträckan där det saknas och kanalisera viltet till säkra faunapassager.",
    "typer": "Väg",
    "lan": "Gävleborg",
    "url": "https://www.trafikverket.se/vara-projekt/projekt-i-gavleborgs-lan/vag-84-viltatgarder-mellan-fredriksforstunnelberget-och-forsatrafikplats-hudiksvall-sodra/",
    "punkt_index": 0
   }
  },
  {
   "type": "Feature",
   "geometry": {
    "type": "Point",
    "coordinates": [
     17.01132974315721,
     61.7226056895074
    ]
   },
   "properties": {
    "id": 20765,
    "namn": "Väg 84, Viltåtgärder mellan Fredriksfors–Tunnelberget och Forsa–Trafikplats Hudiksvall Södra",
    "beskrivning": "Vägen mellan Hudiksvall och Delsbo har hög belastning av trafikolyckor med vilt. Vi planerar att komplettera med viltstängsel på de delar av sträckan där det saknas och kanalisera viltet till säkra faunapassager.",
    "typer": "Väg",
    "lan": "Gävleborg",
    "url": "https://www.trafikverket.se/vara-projekt/projekt-i-gavleborgs-lan/vag-84-viltatgarder-mellan-fredriksforstunnelberget-och-forsatrafikplats-hudiksvall-sodra/",
    "punkt_index": 1
   }
  },
  {
   "type": "Feature",
   "geometry": {
    "type": "Point",
    "coordinates": [
     16.640292043165157,
     59.847793405221644
    ]
   },
   "properties": {
    "id": 24622,
    "namn": "Väg 70, Kumla kyrkby–Sala, gång- och cykelväg",
    "beskrivning": "För bättre pendlingsmöjlighet mellan Kumla kyrkby och Sala planerar vi en ny gång- och cykelväg längs väg 70. Vi ska även rusta upp och tillgänglighetsanpassa busshållplatserna på sträckan.",
    "typer": "Gång- och cykelväg",
    "lan": "Västmanland",
    "url": "https://www.trafikverket.se/vara-projekt/projekt-i-vastmanlands-lan/vag-70-kumla-kyrkbysala-gang--och-cykelvag/",
    "punkt_index": 0
   }
  },
  {
   "type": "Feature",
   "geometry": {
    "type": "Point",
    "coordinates": [
     16.616310499438253,
     59.91567062614064
    ]
   },
   "properties": {
    "id": 24622,
    "namn": "Väg 70, Kumla kyrkby–Sala, gång- och cykelväg",
    "beskrivning": "För bättre pendlingsmöjlighet mellan Kumla kyrkby och Sala planerar vi en ny gång- och cykelväg längs väg 70. Vi ska även rusta upp och tillgänglighetsanpassa busshållplatserna på sträckan.",
    "typer": "Gång- och cykelväg",
    "lan": "Västmanland",
    "url": "https://www.trafikverket.se/vara-projekt/projekt-i-vastmanlands-lan/vag-70-kumla-kyrkbysala-gang--och-cykelvag/",
    "punkt_index": 1
   }
  },
  {
   "type": "Feature",
   "geometry": {
    "type": "Point",
    "coordinates": [
     13.314262394289376,
     56.514924641196735
    ]
   },
   "properties": {
    "id": 47595,
    "namn": "Markarydsbanan, Knäred och Veinge",
    "beskrivning": "Tillsammans med Region Halland och Laholms kommun planerar vi för att bygga ett nytt mötesspår och plattformar i Knäred, och en ny hållplats med plattform i Veinge. ",
    "typer": "Järnväg",
    "lan": "Halland",
    "url": "https://www.trafikverket.se/vara-projekt/projekt-i-hallands-lan/markarydsbanan-knared-och-veinge/",
    "punkt_index": null
   }
  },
  {
   "type": "Feature",
   "geometry": {
    "type": "Point",
    "coordinates": [
     17.162110029892048,
     59.636732705647844
    ]
   },
   "properties": {
    "id": 119404,
    "namn": "Kontaktledningsombyggnad, Grillby–Enköping",
    "beskrivning": "Vi byter kontaktledningsstolpar och fundament mellan Grillby–Enköping, för att höja standarden på det södra spåret.",
    "typer": "Järnväg",
    "lan": "Uppsala",
    "url": "https://www.trafikverket.se/vara-projekt/projekt-i-uppsala-lan/kontaktledningsombyggnad-grillbyenkoping/",
    "punkt_index": null
   }
  },
  {
   "type": "Feature",
   "geometry": {
    "type": "Point",
    "coordinates": [
     15.773066546350039,
     60.65305089703903
    ]
   },
   "properties": {
    "id": 82070,
    "namn": "Väg 875, Sundborn, ny gång- och cykelväg",
    "beskrivning": "Vi planerar att bygga en ny gång- och cykelväg på cirka en kilometer, längs väg 875 i Sundborn för ökad trafiksäkerhet och tillgänglighet.",
    "typer": "Gång- och cykelväg",
    "lan": "Dalarna",
    "url": "https://www.trafikverket.se/vara-projekt/projekt-i-dalarnas-lan/vag-875-sundborn-ny-gang--och-cykelvag/",
    "punkt_index": null
   }
  },
  {
   "type": "Feature",
   "geometry": {
    "type": "Point",
    "coordinates": [
     13.249110630565813,
     55.50627242419436
    ]
   },
   "properties": {
    "id": 133992,
    "namn": "Väg 108, genom Svedala, planskild järnvägspassage",
    "beskrivning": "Vi planerar att separera järnvägen från väg 108 för att öka framkomligheten och trafiksäkerheten. Vi kommer också bland annat att bygga cirkulationsplatser och en ny gång- och cykelport under väg 108.",
    "typer": "Väg",
    "lan": "Skåne",
    "url": "https://www.trafikverket.se/vara-projekt/projekt-i-skane-lan/vag-108-genom-svedala-planskild-jarnvagspassage/",
    "punkt_index": null
   }
  },
  {
   "type": "Feature",
   "geometry": {
    "type": "Point",
    "coordinates": [
     16.532332885575823,
     59.360390967811874
    ]
   },
   "properties": {
    "id": 32756,
    "namn": "Väg 53, infart Eskilstuna",
    "beskrivning": "Vi bygger om väg 53 mellan Viptorp och Stenkvistarondellen för att öka trafiksäkerheten och förbättra framkomligheten.",
    "typer": "Väg, Gång- och cykelväg",
    "lan": "Södermanland",
    "url": "https://www.trafikverket.se/vara-projekt/projekt-i-sodermanlands-lan/vag-53-infart-eskilstuna/",
    "punkt_index": null
   }
  },
  {
   "type": "Feature",
   "geometry": {
    "type": "Point",
    "coordinates": [
     12.269170632135278,
     59.016683761498754
    ]
   },
   "properties": {
    "id": 45275,
    "namn": "Väg 164/172, korsningsåtgärd och gång- och cykelväg, Skåpakorset–Bengtsfors",
    "beskrivning": "Vi planerar en korsningsåtgärd vid väg 164/172 och en gång- och cykelväg längs väg 172. Det gör vi för att gående och cyklister ska kunna röra sig trafiksäkert mellan samhällena.",
    "typer": "Väg, Gång- och cykelväg",
    "lan": "Västra Götaland",
    "url": "https://www.trafikverket.se/vara-projekt/projekt-i-vastra-gotalands-lan/vag-164172-korsningsatgard-och-gang--och-cykelvag-skapakorsetbengtsfors/",
    "punkt_index": null
   }
  },
  {
   "type": "Feature",
   "geometry": {
    "type": "Point",
    "coordinates": [
     21.10088929630577,
     67.38834776671551
    ]
   },
   "properties": {
    "id": 4447,
    "namn": "E10, Avvakko–Lappeasuando, mötesfri väg",
    "beskrivning": "Vägen mellan Avvakko och Lappeasuando är smal och har dålig standard. För att öka trafiksäkerheten och tillgängligheten byggs vägen om till mötesfri väg.",
    "typer": "Väg, Gång- och cykelväg",
    "lan": "Norrbotten",
    "url": "https://www.trafikverket.se/vara-projekt/projekt-i-norrbottens-lan/e10-avvakkolappeasuando-motesfri-vag/",
    "punkt_index": null
   }
  },
  {
   "type": "Feature",
   "geometry": {
    "type": "Point",
    "coordinates": [
     12.116436771223878,
     57.47600292135111
    ]
   },
   "properties": {
    "id": 151746,
    "namn": "Väg 933, Rolfsån, ny vägsträcka och riskreducerande åtgärder",
    "beskrivning": "Längs Rolfsån finns risk för ras och skred. Nu planerar vi att bygga en ny vägsträcka som ersätter delar av den befintliga väg 933.",
    "typer": "Väg",
    "lan": "Halland",
    "url": "https://www.trafikverket.se/vara-projekt/projekt-i-hallands-lan/vag-933-rolfsan-ny-vagstracka-och-riskreducerande-atgarder/",
    "punkt_index": null
   }
  },
  {
   "type": "Feature",
   "geometry": {
    "type": "Point",
    "coordinates": [
     20.726823382343824,
     67.04705767376784
    ]
   },
   "properties": {
    "id": 28800,
    "namn": "Malmbanan, nya signalsystemet ERTMS",
    "beskrivning": "Trafikverket moderniserar och digitaliserar järnvägen i Sverige. Förberedelser och arbeten görs bl.a. för ett nytt signalsystem, ERTMS, European Rail Traffic Management System.",
    "typer": "Järnväg",
    "lan": "Norrbotten",
    "url": "https://www.trafikverket.se/vara-projekt/projekt-i-norrbottens-lan/malmbanan-nya-signalsystemet-ertms/",
    "punkt_index": null
   }
  },
  {
   "type": "Feature",
   "geometry": {
    "type": "Point",
    "coordinates": [
     13.7840859232473,
     58.673480467105115
    ]
   },
   "properties": {
    "id": 64457,
    "namn": "Kinnekullebanan, Gårdsjö–Håkantorp, plankorsningsåtgärder",
    "beskrivning": "Vi planerar för att öka säkerheten vid plankorsningar på sträckan Gårdsjö–Håkantorp. Det gör vi genom att stänga en del plankorsningar, uppgradera andra och i vissa fall bygga nya ersättningsvägar.",
    "typer": "Järnväg",
    "lan": "Västra Götaland",
    "url": "https://www.trafikverket.se/vara-projekt/projekt-i-vastra-gotalands-lan/kinnekullebanan-gardsjohakantorp-plankorsningsatgarder/",
    "punkt_index": null
   }
  },
  {
   "type": "Feature",
   "geometry": {
    "type": "Point",
    "coordinates": [
     13.76057569164659,
     55.91164815488709
    ]
   },
   "properties": {
    "id": 85540,
    "namn": "E22, Hörby–Linderöd, faunapassage",
    "beskrivning": "Vi bygger faunapassage för större vilt på E22 mellan Hörby–Linderöd för att öka trafiksäkerheten och få färre viltolyckor.",
    "typer": "Väg",
    "lan": "Skåne",
    "url": "https://www.trafikverket.se/vara-projekt/projekt-i-skane-lan/e22horbylinderod-faunapassage/",
    "punkt_index": null
   }
  },
  {
   "type": "Feature",
   "geometry": {
    "type": "Point",
    "coordinates": [
     12.8239965186951,
     55.90647406245387
    ]
   },
   "properties": {
    "id": 112090,
    "namn": "Väg 1350/1248, Landskrona Brohusen, cirkulationsplats",
    "beskrivning": "Vi planerar att bygga en cirkulationsplats i korsningen mellan väg 1350, 1156, 1248 och Hälsingborgsvägen. ",
    "typer": "Väg",
    "lan": "Skåne",
    "url": "https://www.trafikverket.se/vara-projekt/projekt-i-skane-lan/vag-13501248-landskrona-brohusen-cirkulationsplats/",
    "punkt_index": null
   }
  },
  {
   "type": "Feature",
   "geometry": {
    "type": "Point",
    "coordinates": [
     16.605404194736305,
     56.819152580478516
    ]
   },
   "properties": {
    "id": 58807,
    "namn": "Väg 136, Ekerum–Borgehage, gång- och cykelväg",
    "beskrivning": "Är det möjligt att anlägga en sammanhängande gång- och cykelväg mellan Ekerum och Borgehage? Det ska vi nu utreda.",
    "typer": "Väg, Gång- och cykelväg",
    "lan": "Kalmar",
    "url": "https://www.trafikverket.se/vara-projekt/projekt-i-kalmar-lan/vag-136-ekerum-borgehage/",
    "punkt_index": null
   }
  },
  {
   "type": "Feature",
   "geometry": {
    "type": "Point",
    "coordinates": [
     11.71024656800484,
     58.0660350657871
    ]
   },
   "properties": {
    "id": 133759,
    "namn": "Väg 160, Sörbyvägen–Sundsbyvägen, gång- och cykelväg",
    "beskrivning": "Vi planerar tillsammans med Tjörns kommun att bygga en gång- och cykelväg längs väg 160. Från Sörbyvägen till Sundsbyvägen. Syftet är att fotgängare och cyklister ska kunna röra sig trafiksäkert längs väg 160.",
    "typer": "Gång- och cykelväg",
    "lan": "Västra Götaland",
    "url": "https://www.trafikverket.se/vara-projekt/projekt-i-vastra-gotalands-lan/vag-160-sorbyvagensundsbyvagen-gang--och-cykelvag/",
    "punkt_index": null
   }
  },
  {
   "type": "Feature",
   "geometry": {
    "type": "Point",
    "coordinates": [
     13.064665596558173,
     55.6299226568633
    ]
   },
   "properties": {
    "id": 159447,
    "namn": "Arlöv, anslutningsspår till ny depå",
    "beskrivning": "Trafikverket bygger anslutningsspår från järnvägen till en ny underhållsdepå som Jernhusen bygger i Arlöv. ",
    "typer": "Järnväg",
    "lan": "Skåne",
    "url": "https://www.trafikverket.se/vara-projekt/projekt-i-skane-lan/arlov-anslutningsspar-till-ny-depa/",
    "punkt_index": null
   }
  },
  {
   "type": "Feature",
   "geometry": {
    "type": "Point",
    "coordinates": [
     14.11323404754272,
     56.2002101914833
    ]
   },
   "properties": {
    "id": 65600,
    "namn": "Väg 2050, Knislinge-Hjärsås, ny gång- och cykelväg",
    "beskrivning": "Vi planerar att bygga en gång- och cykelväg mellan Knislinge och Hjärsås, totalt cirka 3,5 kilometer. Det gör vi för att öka säkerheten för gående och cyklister.",
    "typer": "Gång- och cykelväg",
    "lan": "Skåne",
    "url": "https://www.trafikverket.se/vara-projekt/projekt-i-skane-lan/vag-2050-knislinge-hjarsas-ny-gang--och-cykelvag/",
    "punkt_index": null
   }
  },
  {
   "type": "Feature",
   "geometry": {
    "type": "Point",
    "coordinates": [
     22.23304122428395,
     65.82861828461081
    ]
   },
   "properties": {
    "id": 159919,
    "namn": "E4, Faunapassage Kroken-Rånekölen",
    "beskrivning": "För att skapa en säker passage över E4 för ren och vilt ska en faunapassage byggas och befintligt viltstängsel anpassas.",
    "typer": "Väg",
    "lan": "Norrbotten",
    "url": "https://www.trafikverket.se/vara-projekt/projekt-i-norrbottens-lan/e4-faunapassage-kroken-ranekolen/",
    "punkt_index": null
   }
  },
  {
   "type": "Feature",
   "geometry": {
    "type": "Point",
    "coordinates": [
     12.175370660652806,
     57.320227051752006
    ]
   },
   "properties": {
    "id": 148281,
    "namn": "Väg 845, Södra Rågelundsvägen–Lurendalsvägen, gång- och cykelväg",
    "beskrivning": "Tillsammans med Kungsbacka kommun planerar vi att bygga en ny gång- och cykelväg längs väg 845 i Frillesås – för en tryggare och smidigare resa för gående och cyklister.",
    "typer": "Gång- och cykelväg",
    "lan": "Halland",
    "url": "https://www.trafikverket.se/vara-projekt/projekt-i-hallands-lan/vag-845-sodra-ragelundsvagenlurendalsvagen-gang-och-cykelvag/",
    "punkt_index": null
   }
  },
  {
   "type": "Feature",
   "geometry": {
    "type": "Point",
    "coordinates": [
     15.072393942863306,
     58.91276579458289
    ]
   },
   "properties": {
    "id": 16323,
    "namn": "Dubbelspår Hallsberg–Degerön",
    "beskrivning": "Vi bygger ut järnvägen till dubbelspår. Det är ett viktigt steg mot effektivare och mer hållbara godstransporter. Kapacitetsökningen innebär också en fördel för persontrafiken, eftersom fler tåg ryms på spåren.\n",
    "typer": "Järnväg",
    "lan": "Örebro",
    "url": "https://www.trafikverket.se/vara-projekt/projekt-som-stracker-sig-over-flera-lan/hallsberg-degeron/",
    "punkt_index": null
   }
  },
  {
   "type": "Feature",
   "geometry": {
    "type": "Point",
    "coordinates": [
     17.64831033677635,
     59.85786484133435
    ]
   },
   "properties": {
    "id": 24221,
    "namn": "Fyra spår Uppsala",
    "beskrivning": "Ostkustbanan ska byggas ut mellan Uppsala och länsgränsen mot Stockholm. Det ska bli smidigare att ta tåget, fler avgångar att välja på och säkrare ankomsttider.",
    "typer": "Järnväg",
    "lan": "Uppsala",
    "url": "https://www.trafikverket.se/vara-projekt/projekt-i-uppsala-lan/fyra-spar-uppsala/",
    "punkt_index": 0
   }
  },
  {
   "type": "Feature",
   "geometry": {
    "type": "Point",
    "coordinates": [
     17.82246881651682,
     59.680242215236284
    ]
   },
   "properties": {
    "id": 24221,
    "namn": "Fyra spår Uppsala",
    "beskrivning": "Ostkustbanan ska byggas ut mellan Uppsala och länsgränsen mot Stockholm. Det ska bli smidigare att ta tåget, fler avgångar att välja på och säkrare ankomsttider.",
    "typer": "Järnväg",
    "lan": "Uppsala",
    "url": "https://www.trafikverket.se/vara-projekt/projekt-i-uppsala-lan/fyra-spar-uppsala/",
    "punkt_index": 1
   }
  },
  {
   "type": "Feature",
   "geometry": {
    "type": "Point",
    "coordinates": [
     17.76317564137173,
     59.75630310914815
    ]
   },
   "properties": {
    "id": 24221,
    "namn": "Fyra spår Uppsala",
    "beskrivning": "Ostkustbanan ska byggas ut mellan Uppsala och länsgränsen mot Stockholm. Det ska bli smidigare att ta tåget, fler avgångar att välja på och säkrare ankomsttider.",
    "typer": "Järnväg",
    "lan": "Uppsala",
    "url": "https://www.trafikverket.se/vara-projekt/projekt-i-uppsala-lan/fyra-spar-uppsala/",
    "punkt_index": 2
   }
  },
  {
   "type": "Feature",
   "geometry": {
    "type": "Point",
    "coordinates": [
     17.72700891068413,
     59.81220228218529
    ]
   },
   "properties": {
    "id": 24221,
    "namn": "Fyra spår Uppsala",
    "beskrivning": "Ostkustbanan ska byggas ut mellan Uppsala och länsgränsen mot Stockholm. Det ska bli smidigare att ta tåget, fler avgångar att välja på och säkrare ankomsttider.",
    "typer": "Järnväg",
    "lan": "Uppsala",
    "url": "https://www.trafikverket.se/vara-projekt/projekt-i-uppsala-lan/fyra-spar-uppsala/",
    "punkt_index": 3
   }
  },
  {
   "type": "Feature",
   "geometry": {
    "type": "Point",
    "coordinates": [
     22.69273832051667,
     65.995621215686
    ]
   },
   "properties": {
    "id": 10575,
    "namn": "E10, Töre-Morjärv, faunabro och viltstängsel",
    "beskrivning": "Vi ska bygga en faunabro över E10 samt ett viltstängsel längs E10 mellan Töre och Morjärv, en sträcka på ca 15 km.",
    "typer": "Väg",
    "lan": "Norrbotten",
    "url": "https://www.trafikverket.se/vara-projekt/projekt-i-norrbottens-lan/e10-tore-morjarv-faunabro-och-viltstangsel/",
    "punkt_index": null
   }
  },
  {
   "type": "Feature",
   "geometry": {
    "type": "Point",
    "coordinates": [
     11.90133801906141,
     57.69140045396408
    ]
   },
   "properties": {
    "id": 61413,
    "namn": "Älvsborgsbron",
    "beskrivning": "Älvsborgsbron är snart 60 år gammal. För att den ska klara ytterligare 50 år till utför vi en serie underhållsarbeten på och kring bron.",
    "typer": "Väg, Gång- och cykelväg",
    "lan": "Västra Götaland",
    "url": "https://www.trafikverket.se/vara-projekt/projekt-i-vastra-gotalands-lan/alvsborgsbron/",
    "punkt_index": null
   }
  },
  {
   "type": "Feature",
   "geometry": {
    "type": "Point",
    "coordinates": [
     16.523071226130682,
     59.37920660179247
    ]
   },
   "properties": {
    "id": 84187,
    "namn": "Väg 53, genomfart Eskilstuna",
    "beskrivning": "Vi planerar åtgärder som ökar framkomlighet och trafiksäkerhet på väg 53 genom Eskilstuna. ",
    "typer": "Väg",
    "lan": "Södermanland",
    "url": "https://www.trafikverket.se/vara-projekt/projekt-i-sodermanlands-lan/vag-53-genomfart-eskilstuna/",
    "punkt_index": null
   }
  },
  {
   "type": "Feature",
   "geometry": {
    "type": "Point",
    "coordinates": [
     12.643818839149453,
     57.76531693056467
    ]
   },
   "properties": {
    "id": 86125,
    "namn": "Väg 1758, Holmared–Töllsjö, breddning",
    "beskrivning": "Vi vill göra väg 1758 mellan Holmared och Töllsjö mer trafiksäker genom att bredda den.",
    "typer": "Väg",
    "lan": "Västra Götaland",
    "url": "https://www.trafikverket.se/vara-projekt/projekt-i-vastra-gotalands-lan/vag-1758-holmaredtollsjo-breddning/",
    "punkt_index": null
   }
  },
  {
   "type": "Feature",
   "geometry": {
    "type": "Point",
    "coordinates": [
     12.55606961605035,
     56.20735083814085
    ]
   },
   "properties": {
    "id": 126959,
    "namn": "Väg 111 Bruksgatan Höganäs, ny cirkulationsplats",
    "beskrivning": "Vi planerar att bygga en ny cirkulationsplats, två busshållplatser och en anslutande gång- och cykelpassage i korsningen väg 111 och Bruksgatan. Detta gör vi för att höja trafiksäkerheten och få ett bättre trafikflöde.",
    "typer": "Väg",
    "lan": "Skåne",
    "url": "https://www.trafikverket.se/vara-projekt/projekt-i-skane-lan/vag-111-bruksgatan-hoganas-ny-cirkulationsplats/",
    "punkt_index": null
   }
  },
  {
   "type": "Feature",
   "geometry": {
    "type": "Point",
    "coordinates": [
     13.210760881836885,
     56.12453318830344
    ]
   },
   "properties": {
    "id": 107044,
    "namn": "Väg 21, Klippan–Hyllstofta, mötesfri väg",
    "beskrivning": "Vi planerar att bygga om sträckan mellan Klippan och Hyllstofta till en mötesfri 2+1 väg med omkörningssträckor och mitträcke. ",
    "typer": "Väg",
    "lan": "Skåne",
    "url": "https://www.trafikverket.se/vara-projekt/projekt-i-skane-lan/vag-21-klippanhyllstofta-motesfri-vag/",
    "punkt_index": null
   }
  },
  {
   "type": "Feature",
   "geometry": {
    "type": "Point",
    "coordinates": [
     19.64319838319035,
     63.58471271035369
    ]
   },
   "properties": {
    "id": 92100,
    "namn": "E4, Håknäskälen, faunabro",
    "beskrivning": "Vi ska bygga en bro för ren och vilt över E4, mellan Nordmaling och Håknäs.",
    "typer": "Väg",
    "lan": "Västerbotten",
    "url": "https://www.trafikverket.se/vara-projekt/projekt-i-vasterbottens-lan/e4-haknaskalen-faunabro/",
    "punkt_index": null
   }
  },
  {
   "type": "Feature",
   "geometry": {
    "type": "Point",
    "coordinates": [
     13.10881118238094,
     55.85585486410615
    ]
   },
   "properties": {
    "id": 138962,
    "namn": "Teckomatorp–Kävlinge, mötesspår",
    "beskrivning": "För att klara den ökade godstrafiken genom Skåne planerar vi ett nytt mötesspår mellan Teckomatorp och Kävlinge. Det ska göra tågtrafiken smidigare och mer pålitlig när Fehmarn Bält-förbindelsen öppnar.",
    "typer": "Järnväg",
    "lan": "Skåne",
    "url": "https://www.trafikverket.se/vara-projekt/projekt-i-skane-lan/teckomatorpkavlinge-motesspar/",
    "punkt_index": null
   }
  },
  {
   "type": "Feature",
   "geometry": {
    "type": "Point",
    "coordinates": [
     14.057924400497862,
     56.06667984276104
    ]
   },
   "properties": {
    "id": 90693,
    "namn": "Väg 2013, Önnestad-Färlöv, ny gång- och cykelväg",
    "beskrivning": "Vi vill öka trafiksäkerheten för oskyddade trafikanter. ",
    "typer": "Gång- och cykelväg",
    "lan": "Skåne",
    "url": "https://www.trafikverket.se/vara-projekt/projekt-i-skane-lan/vag-2013-onnestad-farlov-ny-gang--och-cykelvag/",
    "punkt_index": null
   }
  },
  {
   "type": "Feature",
   "geometry": {
    "type": "Point",
    "coordinates": [
     13.831898482053088,
     56.87304616166624
    ]
   },
   "properties": {
    "id": 18449,
    "namn": "Väg 555, Hovdinge–Mjälen, gång- och cykelväg",
    "beskrivning": "Trafikverket och Ljungby kommun planerar att bygga en gång- och cykelväg mellan Hovdinge och Mjälen. Det ökar framkomligheten och trafiksäkerheten för oskyddade trafikanter.",
    "typer": "Gång- och cykelväg",
    "lan": "Kronoberg",
    "url": "https://www.trafikverket.se/vara-projekt/projekt-i-kronobergs-lan/vag-555-hovdingemjalen-gang--och-cykelvag/",
    "punkt_index": null
   }
  },
  {
   "type": "Feature",
   "geometry": {
    "type": "Point",
    "coordinates": [
     13.800111258916184,
     56.924096836024574
    ]
   },
   "properties": {
    "id": 18299,
    "namn": "Väg 555, Mjälen–Tannåker, gång- och cykelväg",
    "beskrivning": "Vi planerar bygga en gång- och cykelväg mellan Mjälen och Tannåker tillsammans med Ljungby kommun. Det gör vi för att förbättra framkomligheten och trafiksäkerheten för gående och cyklister.",
    "typer": "Gång- och cykelväg",
    "lan": "Kronoberg",
    "url": "https://www.trafikverket.se/vara-projekt/projekt-i-kronobergs-lan/vag-555-mjalentannaker-gang--och-cykelvag/",
    "punkt_index": null
   }
  },
  {
   "type": "Feature",
   "geometry": {
    "type": "Point",
    "coordinates": [
     18.35026908030928,
     57.59980521911809
    ]
   },
   "properties": {
    "id": 5748,
    "namn": "Väg 143, Follingbo, vattenskyddsåtgärder",
    "beskrivning": "Trafikverket ska göra vattenskyddsåtgärder längs väg 143 utanför Visby. Syftet är att skydda grundvattnet och minska riskerna i händelse av en olycka.\n",
    "typer": "Väg",
    "lan": "Gotland",
    "url": "https://www.trafikverket.se/vara-projekt/projekt-i-gotlands-lan/vag143-visby-vattenskydd/",
    "punkt_index": null
   }
  },
  {
   "type": "Feature",
   "geometry": {
    "type": "Point",
    "coordinates": [
     17.199441853153477,
     63.22323056493395
    ]
   },
   "properties": {
    "id": 47406,
    "namn": "Väg 953 Östgranvåg - Forsmo",
    "beskrivning": "Vi har förstärkt och upprustat vägsträckan mellan Östgranvåg och Forsmo för att förbättra trafiksäkerheten och framkomligheten. Vägen som är ett utpekat viktigt stråk för näringslivet har haft brister i bärigheten.",
    "typer": "Väg",
    "lan": "Västernorrland",
    "url": "https://www.trafikverket.se/vara-projekt/projekt-i-vasternorrlands-lan/vag-953-ostranvag-forsmo/",
    "punkt_index": null
   }
  },
  {
   "type": "Feature",
   "geometry": {
    "type": "Point",
    "coordinates": [
     14.09587104430525,
     55.72736524097621
    ]
   },
   "properties": {
    "id": 159024,
    "namn": "Väg 9/19, Brösarp, cirkulationsplats",
    "beskrivning": "Vi planerar att bygga om korsningen mellan väg 9, väg 19 och väg 1607 i Brösarp. Det gör vi för att förbättra framkomligheten och trafiksäkerheten för alla trafikanter.",
    "typer": "Väg",
    "lan": "Skåne",
    "url": "https://www.trafikverket.se/vara-projekt/projekt-i-skane-lan/vag-919-brosarp-cirkulationsplats/",
    "punkt_index": null
   }
  },
  {
   "type": "Feature",
   "geometry": {
    "type": "Point",
    "coordinates": [
     12.86469075037066,
     56.669251727376945
    ]
   },
   "properties": {
    "id": 56306,
    "namn": "Halmstad C, bangårdsombyggnad",
    "beskrivning": "Vi planerar för att bygga om Halmstad C så att det blir enklare att korsa järnvägsområdet med planskilda gång- och cykelvägar och nya plattformar. Vi planerar även att rusta upp hela järnvägsanläggningen på stationen. ",
    "typer": "Järnväg",
    "lan": "Halland",
    "url": "https://www.trafikverket.se/vara-projekt/projekt-i-hallands-lan/halmstad-vaxer/halmstad-c-bangardsombyggnad/",
    "punkt_index": null
   }
  },
  {
   "type": "Feature",
   "geometry": {
    "type": "Point",
    "coordinates": [
     14.230909794141763,
     57.519604160885415
    ]
   },
   "properties": {
    "id": 15133,
    "namn": "Nässjö-Värnamo, elektrifiering",
    "beskrivning": "Målet med projektet är att förbättra restiden och skapa förutsättningar för attraktiva och hållbara person- och godstransporter. \n",
    "typer": "Järnväg",
    "lan": "Jönköping",
    "url": "https://www.trafikverket.se/vara-projekt/projekt-i-jonkopings-lan/nassjo-varnamo-elektrifiering/",
    "punkt_index": null
   }
  },
  {
   "type": "Feature",
   "geometry": {
    "type": "Point",
    "coordinates": [
     17.775730704244896,
     59.78976523902125
    ]
   },
   "properties": {
    "id": 98712,
    "namn": "E4, Bergsbrunna/Knivsta, trafikplats",
    "beskrivning": "Uppsala och Knivsta kommun växer och för att kunna tillgodose en ökad trafikmängd planerar vi för en ny trafikplats på E4:an. ",
    "typer": "Väg",
    "lan": "Uppsala",
    "url": "https://www.trafikverket.se/vara-projekt/projekt-i-uppsala-lan/e4-trafikplats-bergsbrunna--knivsta/",
    "punkt_index": null
   }
  },
  {
   "type": "Feature",
   "geometry": {
    "type": "Point",
    "coordinates": [
     12.137038280804521,
     57.73038457989777
    ]
   },
   "properties": {
    "id": 134098,
    "namn": "Skulltorpsleden, ny vägsträcka",
    "beskrivning": "Tillsammans med Partille kommun planerar vi att bygga en ny tvärförbindelse mellan Åstebo i söder till Gamla Alingsåsvägen i norr. Den nya vägsträckan – Skulltorpsleden – ska avlasta Landvettervägen och Tingsvägen.",
    "typer": "Väg",
    "lan": "Västra Götaland",
    "url": "https://www.trafikverket.se/vara-projekt/projekt-i-vastra-gotalands-lan/skulltorpsleden-ny-vagstracka/",
    "punkt_index": null
   }
  },
  {
   "type": "Feature",
   "geometry": {
    "type": "Point",
    "coordinates": [
     14.637493356149353,
     63.16983176427184
    ]
   },
   "properties": {
    "id": 140652,
    "namn": "Östersunds driftplats, kapacitetshöjande åtgärder",
    "beskrivning": "Vi utför åtgärder på spårområdet inom Östersunds tätort. Åtgärderna kommer att öka järnvägens kapacitet och därmed bidra till att fler tåg kan mötas och passera Östersund parallellt.",
    "typer": "Järnväg",
    "lan": "Jämtland",
    "url": "https://www.trafikverket.se/vara-projekt/projekt-i-jamtlands-lan/ostersunds-driftplats-kapacitetshojande-atgarder/",
    "punkt_index": null
   }
  },
  {
   "type": "Feature",
   "geometry": {
    "type": "Point",
    "coordinates": [
     13.138931554262651,
     55.456066594123975
    ]
   },
   "properties": {
    "id": 156933,
    "namn": "Trelleborgsbanan, Malmö – Trelleborg, spår- och kontaktledningsbyte",
    "beskrivning": "Vi rustar upp Trelleborgsbanan mellan Malmö och Trelleborg för ökad driftsäkerhet och färre störningar. Spår och kontaktledningsanläggning byts ut på den 22 kilometer långa sträckan under 2027.",
    "typer": "Järnväg",
    "lan": "Skåne",
    "url": "https://www.trafikverket.se/vara-projekt/projekt-i-skane-lan/trelleborgsbanan-malmo--trelleborg-spar--och-kontaktledningsbyte/",
    "punkt_index": null
   }
  },
  {
   "type": "Feature",
   "geometry": {
    "type": "Point",
    "coordinates": [
     11.746595074933754,
     57.89143259512244
    ]
   },
   "properties": {
    "id": 18701,
    "namn": "Väg 168 genom Tjuvkil",
    "beskrivning": "Trafikverket planerar att bygga om väg 168 genom Tjuvkil för att förbättra trafiksäkerheten särskilt för oskyddade trafikanter. Även framkomligheten för busstrafiken ska förbättras.",
    "typer": "Väg",
    "lan": "Västra Götaland",
    "url": "https://www.trafikverket.se/vara-projekt/projekt-i-vastra-gotalands-lan/vag-168-genom-tjuvkil/",
    "punkt_index": null
   }
  },
  {
   "type": "Feature",
   "geometry": {
    "type": "Point",
    "coordinates": [
     16.932837804635295,
     60.614489606327574
    ]
   },
   "properties": {
    "id": 14575,
    "namn": "Väg 559, Forsbacka–Överhärde, gång- och cykelväg",
    "beskrivning": "Vi planerar att bygga en ny belyst gång- och cykelväg längs med den stora vägen, väg 559, mellan Storgatan i Forsbacka och Överhärdevägen i Överhärde med anslutningar till befintliga busshållplatser.",
    "typer": "Gång- och cykelväg",
    "lan": "Gävleborg",
    "url": "https://www.trafikverket.se/vara-projekt/projekt-i-gavleborgs-lan/vag-559-forsbackaoverharde-gang--cykel--och-mopedvag/",
    "punkt_index": null
   }
  },
  {
   "type": "Feature",
   "geometry": {
    "type": "Point",
    "coordinates": [
     17.882559230559924,
     59.400409729987715
    ]
   },
   "properties": {
    "id": 11274,
    "namn": "E18 mellan trafikplats Jakobsberg och trafikplats Hjulsta",
    "beskrivning": "Vi planerar för att bygga ut E18 mellan trafikplats Jakobsberg och trafikplats Hjulsta, samt bygga om trafikplatserna i Barkarby och i Hjulsta för att öka framkomligheten och trafiksäkerheten.",
    "typer": "Väg",
    "lan": "Stockholm",
    "url": "https://www.trafikverket.se/vara-projekt/projekt-i-stockholms-lan/e18_trafikplats_jakobsberg_trafikplats_hjulsta/",
    "punkt_index": 0
   }
  },
  {
   "type": "Feature",
   "geometry": {
    "type": "Point",
    "coordinates": [
     17.852313259967772,
     59.42182072403853
    ]
   },
   "properties": {
    "id": 11274,
    "namn": "E18 mellan trafikplats Jakobsberg och trafikplats Hjulsta",
    "beskrivning": "Vi planerar för att bygga ut E18 mellan trafikplats Jakobsberg och trafikplats Hjulsta, samt bygga om trafikplatserna i Barkarby och i Hjulsta för att öka framkomligheten och trafiksäkerheten.",
    "typer": "Väg",
    "lan": "Stockholm",
    "url": "https://www.trafikverket.se/vara-projekt/projekt-i-stockholms-lan/e18_trafikplats_jakobsberg_trafikplats_hjulsta/",
    "punkt_index": 1
   }
  },
  {
   "type": "Feature",
   "geometry": {
    "type": "Point",
    "coordinates": [
     16.53648425577079,
     59.550629746918055
    ]
   },
   "properties": {
    "id": 77335,
    "namn": "Väg 537, Eriksbo till Tidö-Lindö, gång- och cykelväg",
    "beskrivning": "Vi vill förbättra situationen för gång- och cykeltrafikanterna på väg 537 mellan Eriksbo och Tidö-Lindö i Västerås kommun.",
    "typer": "Gång- och cykelväg",
    "lan": "Västmanland",
    "url": "https://www.trafikverket.se/vara-projekt/projekt-i-vastmanlands-lan/vag-537-eriksbo-till-tido-lindo-gang-och-cykelvag/",
    "punkt_index": null
   }
  },
  {
   "type": "Feature",
   "geometry": {
    "type": "Point",
    "coordinates": [
     14.30323942432261,
     57.70745635935136
    ]
   },
   "properties": {
    "id": 92382,
    "namn": "Väg 842, Tenhult",
    "beskrivning": "Vi planerar för en ny väg utanför Tenhult för att avlasta vägen genom orten. Den nya vägen ökar framkomlighet, trafiksäkerheten samt förbättra miljön i tätorten.",
    "typer": "Väg",
    "lan": "Jönköping",
    "url": "https://www.trafikverket.se/vara-projekt/projekt-i-jonkopings-lan/vag-842-tenhult/",
    "punkt_index": null
   }
  },
  {
   "type": "Feature",
   "geometry": {
    "type": "Point",
    "coordinates": [
     14.165279595478198,
     57.11537534870888
    ]
   },
   "properties": {
    "id": 7959,
    "namn": "Väg 27 förbifart Bor",
    "beskrivning": "Vi bygger en förbifart väster om Bor och öster om Voxtorp med en anslutning till nuvarande väg 27 söder om Voxtorps kyrka.",
    "typer": "Väg",
    "lan": "Jönköping",
    "url": "https://www.trafikverket.se/vara-projekt/projekt-i-jonkopings-lan/vag-27-forbifart-bor/",
    "punkt_index": null
   }
  },
  {
   "type": "Feature",
   "geometry": {
    "type": "Point",
    "coordinates": [
     14.091401821679552,
     57.15066331511636
    ]
   },
   "properties": {
    "id": 102702,
    "namn": "Väg 27, Bredasten-Ulås",
    "beskrivning": "Vi planerar för att bygg om väg 27 mellan Bredasten och Ulås till en mötesfri väg som bli mer trafiksäker och framkomlig.",
    "typer": "Väg",
    "lan": "Jönköping",
    "url": "https://www.trafikverket.se/vara-projekt/projekt-i-jonkopings-lan/Vag-27-Bredasten-Ulas/",
    "punkt_index": null
   }
  },
  {
   "type": "Feature",
   "geometry": {
    "type": "Point",
    "coordinates": [
     18.65868694257117,
     59.79612300662826
    ]
   },
   "properties": {
    "id": 157916,
    "namn": "Väg 76, Norrtälje-Svanberga, sommarcykelväg",
    "beskrivning": "Vi planerar att bygga en gång- och cykelväg längs väg 76 mellan Norrtälje och Svanberga. ",
    "typer": "Gång- och cykelväg",
    "lan": "Stockholm",
    "url": "https://www.trafikverket.se/vara-projekt/projekt-i-stockholms-lan/vag-76-Norrtalje-svanberga-sommarcykelvag/",
    "punkt_index": null
   }
  },
  {
   "type": "Feature",
   "geometry": {
    "type": "Point",
    "coordinates": [
     22.180097223416322,
     65.56558870797267
    ]
   },
   "properties": {
    "id": 4114,
    "namn": "Malmporten, åtgärder i Luleå hamn",
    "beskrivning": "Luleå hamn ska anpassas för att kunna ta emot större fartyg, vilket ska leda till effektivare sjötransporter.",
    "typer": "Sjöfart",
    "lan": "Norrbotten",
    "url": "https://www.trafikverket.se/vara-projekt/projekt-i-norrbottens-lan/Malmporten/",
    "punkt_index": null
   }
  },
  {
   "type": "Feature",
   "geometry": {
    "type": "Point",
    "coordinates": [
     15.657282327261443,
     59.059936687987516
    ]
   },
   "properties": {
    "id": 33106,
    "namn": "Högsjö Västra, förbigångsspår",
    "beskrivning": "Vi planerar att bygga två nya förbigångsspår utanför Högsjö. Förbigångsspåren ger plats för fler tåg på järnvägen. Därmed kan fler resenärer färdas på sträckan och vi kan transportera mer gods.",
    "typer": "Järnväg",
    "lan": "Södermanland, Örebro",
    "url": "https://www.trafikverket.se/vara-projekt/projekt-som-stracker-sig-over-flera-lan/hogsjo-vastra-forbigangsspar/",
    "punkt_index": null
   }
  },
  {
   "type": "Feature",
   "geometry": {
    "type": "Point",
    "coordinates": [
     13.258226677411715,
     55.555499097032246
    ]
   },
   "properties": {
    "id": 107649,
    "namn": "Väg 108, Holmeja, Busshållplats samt planskild passage",
    "beskrivning": "Vi planerar att tillgänlighetsanpassa busshållplats samt planskild gång- och cykelpassage genom Holmeja.  Detta gör vi för att höja trafiksäkerheten och öka tillgängligheten för oskyddade trafikanter.",
    "typer": "Väg",
    "lan": "Skåne",
    "url": "https://www.trafikverket.se/vara-projekt/projekt-i-skane-lan/vag-108-holmeja-busshallplats-samt-planskild-passage/",
    "punkt_index": null
   }
  },
  {
   "type": "Feature",
   "geometry": {
    "type": "Point",
    "coordinates": [
     14.81257443991875,
     63.20201814457612
    ]
   },
   "properties": {
    "id": 6755,
    "namn": "Väg 87, Östersund–Lillsjöhögen, viltåtgärder",
    "beskrivning": "Vi vill minska risken för viltolyckor på väg 87 mellan Östersund och Lillsjöhögen. Därför planerar vi viltåtgärder på sträckan.",
    "typer": "Väg",
    "lan": "Jämtland",
    "url": "https://www.trafikverket.se/vara-projekt/projekt-i-jamtlands-lan/vag-87-ostersundlillsjohogen-viltatgarder/",
    "punkt_index": null
   }
  },
  {
   "type": "Feature",
   "geometry": {
    "type": "Point",
    "coordinates": [
     14.795552037634899,
     63.10865704907599
    ]
   },
   "properties": {
    "id": 5966,
    "namn": "E14/E45 Östersund–Brunflo, viltåtgärder",
    "beskrivning": "Vi planerar att sätta upp viltstängsel och göra i ordning viltpassager för att minska antalet viltrelaterade olyckor längs vägar i Jämtland.",
    "typer": "Väg",
    "lan": "Jämtland",
    "url": "https://www.trafikverket.se/vara-projekt/projekt-i-jamtlands-lan/e14e45-ostersundbrunflo/",
    "punkt_index": null
   }
  },
  {
   "type": "Feature",
   "geometry": {
    "type": "Point",
    "coordinates": [
     14.80541304468579,
     63.25161188617903
    ]
   },
   "properties": {
    "id": 6362,
    "namn": "E45, Östersund–Hökbäck, viltåtgärder",
    "beskrivning": "Vi vill minska risken för viltolyckor på E45 mellan Östersund och Hökbäck. Därför planerar vi viltåtgärder på sträckan.",
    "typer": "Väg",
    "lan": "Jämtland",
    "url": "https://www.trafikverket.se/vara-projekt/projekt-i-jamtlands-lan/e45-ostersundhokback-viltatgarder/",
    "punkt_index": null
   }
  },
  {
   "type": "Feature",
   "geometry": {
    "type": "Point",
    "coordinates": [
     14.518456340398675,
     62.832117725090306
    ]
   },
   "properties": {
    "id": 5990,
    "namn": "E45, Svenstavik–Fåker, viltåtgärder",
    "beskrivning": "Vi vill minska risken för viltolyckor på E45 mellan Svenstavik och Fåker. Därför planerar vi viltåtgärder på sträckan.",
    "typer": "Väg",
    "lan": "Jämtland",
    "url": "https://www.trafikverket.se/vara-projekt/projekt-i-jamtlands-lan/e45-svenstavikfaker-viltatgarder/",
    "punkt_index": null
   }
  },
  {
   "type": "Feature",
   "geometry": {
    "type": "Point",
    "coordinates": [
     14.71058607941865,
     63.012014725618755
    ]
   },
   "properties": {
    "id": 5156,
    "namn": "E45, Fåker–Brunflo, viltåtgärder",
    "beskrivning": "Vi vill minska risken för viltolyckor på E45 mellan Fåker och Brunflo. Därför planerar vi viltåtgärder på sträckan.",
    "typer": "Väg",
    "lan": "Jämtland",
    "url": "https://www.trafikverket.se/vara-projekt/projekt-i-jamtlands-lan/e45-fakerbrunflo-viltatgarder/",
    "punkt_index": null
   }
  },
  {
   "type": "Feature",
   "geometry": {
    "type": "Point",
    "coordinates": [
     22.551257483077165,
     67.4196430756154
    ]
   },
   "properties": {
    "id": 22067,
    "namn": "Malmtransporter Kaunisvaara–Svappavaara (MaKS)",
    "beskrivning": "Vi bygger bättre vägar för tyngre trafik mellan Kaunisvaara och Svappavaara.\n",
    "typer": "Väg",
    "lan": "Norrbotten",
    "url": "https://www.trafikverket.se/vara-projekt/projekt-i-norrbottens-lan/malmtransporter-kaunisvaarasvappavaara-maks/",
    "punkt_index": null
   }
  },
  {
   "type": "Feature",
   "geometry": {
    "type": "Point",
    "coordinates": [
     12.778046007083317,
     56.076871447068285
    ]
   },
   "properties": {
    "id": 42768,
    "namn": "E4/E6 Helsingborg, trafiksäkerhets- och miljöåtgärder",
    "beskrivning": "Vi planerar för att genomföra miljöåtgärder längs E4 och E6 i Helsingborg samt trafiksäkerhetsförbättringar i trafikplatserna Helsingborg södra och Vasatorp.",
    "typer": "Väg",
    "lan": "Skåne",
    "url": "https://www.trafikverket.se/vara-projekt/projekt-i-skane-lan/e4e6-helsingborg-trafiksakerhets--och-miljoatgarder/",
    "punkt_index": null
   }
  },
  {
   "type": "Feature",
   "geometry": {
    "type": "Point",
    "coordinates": [
     13.344546087053535,
     55.73427394382092
    ]
   },
   "properties": {
    "id": 131855,
    "namn": "Väg 959, Flyinge by–Södra Sandby, gång- och cykelväg",
    "beskrivning": "Vi planerar att bygga en ny separerad gång- och cykelväg längs väg 959 och 952 mellan Flyinge by och Södra Sandby. Detta gör vi för att öka trafiksäkerheten och framkomligheten för oskyddade trafikanter.",
    "typer": "Gång- och cykelväg",
    "lan": "Skåne",
    "url": "https://www.trafikverket.se/vara-projekt/projekt-i-skane-lan/vag-959-flyinge-bysodra-sandby-gang--och-cykelvag/",
    "punkt_index": null
   }
  },
  {
   "type": "Feature",
   "geometry": {
    "type": "Point",
    "coordinates": [
     23.958503864309908,
     66.04761037332383
    ]
   },
   "properties": {
    "id": 155566,
    "namn": "Väg 737, Karungi (Kyrkholmsvägen), stabilisiering av väg",
    "beskrivning": "Vi planerar att stabilisera och ersosionsskydda Kyrkholmsvägen i Karungi för att förhindra att vägen spolas bort.",
    "typer": "Väg",
    "lan": "Norrbotten",
    "url": "https://www.trafikverket.se/vara-projekt/projekt-i-norrbottens-lan/vag-737-karungi-kyrkholmsvagen-stabilisiering-av-vag/",
    "punkt_index": null
   }
  },
  {
   "type": "Feature",
   "geometry": {
    "type": "Point",
    "coordinates": [
     14.236929468781858,
     57.67356291330657
    ]
   },
   "properties": {
    "id": 12046,
    "namn": "Byarum–Tenhult, ny järnväg",
    "beskrivning": "Den nya järnvägen skapar förutsättningar för ökad pendling och kortar restiden mellan Jönköping och Värnamo. Järnvägens kapacitet ökar och ger plats för mer godstrafik. ",
    "typer": "Järnväg",
    "lan": "Jönköping",
    "url": "https://www.trafikverket.se/vara-projekt/projekt-i-jonkopings-lan/byarum-tenhult-ny-jarnvag/",
    "punkt_index": null
   }
  },
  {
   "type": "Feature",
   "geometry": {
    "type": "Point",
    "coordinates": [
     11.540786398735548,
     58.463152825812536
    ]
   },
   "properties": {
    "id": 155375,
    "namn": "Väg 162, Vann-korsningen, ny bro, anpassning väg och nytt vänstersvängfält",
    "beskrivning": "Vi planerar att bygga en ny bro över Lysekilsbanan, anpassa väg 162 och bygga ett nytt vänstersvängfält in mot väg 817. Åtgärderna ska förbättra framkomligheten, öka trafiksäkerheten och bibehålla vägens funktion.",
    "typer": "Väg",
    "lan": "Västra Götaland",
    "url": "https://www.trafikverket.se/vara-projekt/projekt-i-vastra-gotalands-lan/vag-162-vann-korsningen-ny-bro-anpassning-vag-och-nytt-vanstersvangfalt/",
    "punkt_index": null
   }
  },
  {
   "type": "Feature",
   "geometry": {
    "type": "Point",
    "coordinates": [
     17.65257888319679,
     59.17250101629257
    ]
   },
   "properties": {
    "id": 19064,
    "namn": "Södertälje godsbangård, ombyggnad",
    "beskrivning": "Vi har byggt om godsbangården för att förbättra anläggningens skick och öka kapaciteten för godstrafik till Södertälje hamn.",
    "typer": "Järnväg",
    "lan": "Stockholm",
    "url": "https://www.trafikverket.se/resa-och-trafik/underhall/sa-skoter-vi-jarnvagar/arbeten-pa-tagstationer-och-bangardar/sodertalje-godsbangard-ombyggnad/",
    "punkt_index": null
   }
  },
  {
   "type": "Feature",
   "geometry": {
    "type": "Point",
    "coordinates": [
     12.023674405127547,
     57.41907500119611
    ]
   },
   "properties": {
    "id": 20545,
    "namn": "Väg 940, Onsalavägen, nybyggnad",
    "beskrivning": "Väg 940 planeras i en ny sträckning mellan Rösan och Forsbäck. Det innebär ökad trafiksäkerhet och bättre miljö för boende utmed den befintliga vägen som går rakt igenom samhället.",
    "typer": "Väg, Järnväg",
    "lan": "Halland",
    "url": "https://www.trafikverket.se/vara-projekt/projekt-i-hallands-lan/vag-940-onsalavagen-nybyggnad/",
    "punkt_index": null
   }
  },
  {
   "type": "Feature",
   "geometry": {
    "type": "Point",
    "coordinates": [
     13.438500446042571,
     55.65326912549048
    ]
   },
   "properties": {
    "id": 44672,
    "namn": "Väg 11, tillgänglighet busshållplats Vasaholm",
    "beskrivning": "Vi planerar för att öka trafiksäkerheten och tillgänglighetsanpassa busshållplats Vasaholm längs väg 11.",
    "typer": "Väg",
    "lan": "Skåne",
    "url": "https://www.trafikverket.se/vara-projekt/projekt-i-skane-lan/ag-11-tillganglighet-busshallplats-vasaholm/",
    "punkt_index": null
   }
  },
  {
   "type": "Feature",
   "geometry": {
    "type": "Point",
    "coordinates": [
     13.546346023476703,
     55.44312030380179
    ]
   },
   "properties": {
    "id": 115953,
    "namn": "Väg 755, Torsjö–Skivarp, gång- och cykelväg",
    "beskrivning": "Vi bygger en gång- och cykelväg intill väg 755 mellan Torsjö i norr och Skivarp i söder. Det gör vi för att öka säkerheten för dig som går och cyklar.",
    "typer": "Gång- och cykelväg",
    "lan": "Skåne",
    "url": "https://www.trafikverket.se/vara-projekt/projekt-i-skane-lan/vag-755-torsjoskivarp-gang--och-cykelvag/",
    "punkt_index": null
   }
  },
  {
   "type": "Feature",
   "geometry": {
    "type": "Point",
    "coordinates": [
     17.946726665678298,
     59.21987217902005
    ]
   },
   "properties": {
    "id": 26184,
    "namn": "Väg 226/571 Pålamalmsvägen–trafikplats Högskolan",
    "beskrivning": "Vi förbättrar Huddingevägen i området mellan Pålamalm och Södertörns högskola. Det handlar om infarten vid Riksten, en ny trafikplats vid högskolan och en gång- och cykelväg mellan Flaggplan och Hälsovägen.\n",
    "typer": "Väg, Gång- och cykelväg",
    "lan": "Stockholm",
    "url": "https://www.trafikverket.se/vara-projekt/projekt-i-stockholms-lan/vag-226571-palamalmsvagentrafikplats-hogskolan/",
    "punkt_index": null
   }
  },
  {
   "type": "Feature",
   "geometry": {
    "type": "Point",
    "coordinates": [
     14.860253302093222,
     57.65328083794693
    ]
   },
   "properties": {
    "id": 5623,
    "namn": "Nässjö-Eksjö, elektrifiering",
    "beskrivning": "Målet med projektet är att skapa förutsättningar för attraktiva och hållbara personresor. Sträckan är 20 km lång och samordnas med övriga projekt i närheten. \n",
    "typer": "Järnväg",
    "lan": "Jönköping",
    "url": "https://www.trafikverket.se/vara-projekt/projekt-i-jonkopings-lan/nassjo-eksjo-elektrifiering/",
    "punkt_index": null
   }
  },
  {
   "type": "Feature",
   "geometry": {
    "type": "Point",
    "coordinates": [
     14.502204383060844,
     57.595078229305976
    ]
   },
   "properties": {
    "id": 16435,
    "namn": "Nässjö-Vaggeryd, plankorsningsåtgärder",
    "beskrivning": "Trafikverket planerar för att öka säkerheten vid plankorsningar på sträckan Nässjö - Vaggeryd. Vi stänger ett stort antal plankorsningar och övriga förstärks med bland annat bommar.\n",
    "typer": "Väg",
    "lan": "Jönköping",
    "url": "https://www.trafikverket.se/vara-projekt/projekt-i-jonkopings-lan/nassjo-vaggeryd-plankorsningsatgarder/",
    "punkt_index": null
   }
  },
  {
   "type": "Feature",
   "geometry": {
    "type": "Point",
    "coordinates": [
     16.039580863308654,
     56.43730696952833
    ]
   },
   "properties": {
    "id": 116029,
    "namn": "Väg 130, Torsås–Söderåkra, gång- och cykelväg",
    "beskrivning": "Vi planerar att bygga en ny gång- och cykelväg längs väg 130 som kommer förbättra säkerheten för oskyddade trafikanter.",
    "typer": "Gång- och cykelväg",
    "lan": "Kalmar",
    "url": "https://www.trafikverket.se/vara-projekt/projekt-i-kalmar-lan/vag-130-torsassoderakra-gang--och-cykelvag/",
    "punkt_index": null
   }
  },
  {
   "type": "Feature",
   "geometry": {
    "type": "Point",
    "coordinates": [
     13.68124061088478,
     58.38148369739228
    ]
   },
   "properties": {
    "id": 157127,
    "namn": "Väg 49, Varnhem-Storekullen, mötesfri landsväg",
    "beskrivning": "Vi planerar att bygga om väg 49 mellan Varnhem-Storekullen till mötesfri landsväg. \nDen nya sträckan på cirka 4,6 km ska kopplas ihop med den pågående etappen mellan Axvall och Varnhem, där vi redan bygger 2+1 landsväg. ",
    "typer": "Väg",
    "lan": "Västra Götaland",
    "url": "https://www.trafikverket.se/vara-projekt/projekt-i-vastra-gotalands-lan/vag-49-varnhem-storekullen/",
    "punkt_index": null
   }
  },
  {
   "type": "Feature",
   "geometry": {
    "type": "Point",
    "coordinates": [
     17.194474176466727,
     63.20552118268928
    ]
   },
   "properties": {
    "id": 22927,
    "namn": "Västeraspby - Långsele, spår- och kontaktledningsbyte",
    "beskrivning": "Vi rustar upp banan mellan Västeraspby och Långsele som varit i dåligt skick. Järnvägssträckan är viktig för näringslivets transporter och för att kunna leda om trafik mellan Stambanan och banorna längs kusten.\n",
    "typer": "Järnväg",
    "lan": "Västernorrland",
    "url": "https://www.trafikverket.se/vara-projekt/projekt-i-vasternorrlands-lan/vasteraspby---langsele-sparbyte/",
    "punkt_index": null
   }
  },
  {
   "type": "Feature",
   "geometry": {
    "type": "Point",
    "coordinates": [
     16.983937204784628,
     58.756770836045106
    ]
   },
   "properties": {
    "id": 83966,
    "namn": "E4, Nyköping, Blommenhovsbroarna",
    "beskrivning": "Vi ska byta ut de två parallella broarna på E4 vid Blommenhov i Nyköping. Syftet är att de tyngsta tillåtna fordonen ska kunna köra på broarna.",
    "typer": "Väg",
    "lan": "Södermanland",
    "url": "https://www.trafikverket.se/vara-projekt/projekt-i-sodermanlands-lan/e4-nykoping-blommenhovsbroarna/",
    "punkt_index": null
   }
  },
  {
   "type": "Feature",
   "geometry": {
    "type": "Point",
    "coordinates": [
     17.18594649336843,
     63.21153451147211
    ]
   },
   "properties": {
    "id": 108897,
    "namn": "Stambanan, Österås driftplats, byte av spårväxlar",
    "beskrivning": "Vi planerar att byta ut två spårväxlar på Österås driftplats. Detta gör vi för att den tekniska livslängden för växlarna uppnåtts. ",
    "typer": "Järnväg",
    "lan": "Västernorrland",
    "url": "https://www.trafikverket.se/vara-projekt/projekt-i-vasternorrlands-lan/stambanan-osteras-driftplats-byte-av-sparvaxlar/",
    "punkt_index": null
   }
  },
  {
   "type": "Feature",
   "geometry": {
    "type": "Point",
    "coordinates": [
     12.998942682574594,
     55.40530943375604
    ]
   },
   "properties": {
    "id": 89594,
    "namn": "Väg 519, Rängs sand och Kämpinge by, tätortsåtgärder",
    "beskrivning": "Vi ska förbättra säkerheten för oskyddade trafikanter i Rängs sand och Kämpinge by. Bland annat kommer vi att förbättra gång- och cykelvägar samt passager.",
    "typer": "Väg",
    "lan": "Skåne",
    "url": "https://www.trafikverket.se/vara-projekt/projekt-i-skane-lan/vag-519-rangs-sand-och-kampinge-by-tatortsatgarder/",
    "punkt_index": null
   }
  },
  {
   "type": "Feature",
   "geometry": {
    "type": "Point",
    "coordinates": [
     17.88842348504439,
     59.581625850441796
    ]
   },
   "properties": {
    "id": 25859,
    "namn": "Ombyggnad och flytt av kraftledningar i Region Öst",
    "beskrivning": "Vi planerar på begäran av Svenska kraftnät och Sigtuna kommun att bygga om och flytta luftledningar som förser järnvägen med ström. Åtgärderna genomförs i Måby, Viby, Rosersberg söderut mot Överby, Odensala och Rölunda.",
    "typer": "Järnväg",
    "lan": "Stockholm",
    "url": "https://www.trafikverket.se/vara-projekt/projekt-i-stockholms-lan/ombyggnad-och-flytt-av-kraftledningar-i-region-ost/",
    "punkt_index": 0
   }
  },
  {
   "type": "Feature",
   "geometry": {
    "type": "Point",
    "coordinates": [
     17.8945191303207,
     59.63444134508654
    ]
   },
   "properties": {
    "id": 25859,
    "namn": "Ombyggnad och flytt av kraftledningar i Region Öst",
    "beskrivning": "Vi planerar på begäran av Svenska kraftnät och Sigtuna kommun att bygga om och flytta luftledningar som förser järnvägen med ström. Åtgärderna genomförs i Måby, Viby, Rosersberg söderut mot Överby, Odensala och Rölunda.",
    "typer": "Järnväg",
    "lan": "Stockholm",
    "url": "https://www.trafikverket.se/vara-projekt/projekt-i-stockholms-lan/ombyggnad-och-flytt-av-kraftledningar-i-region-ost/",
    "punkt_index": 1
   }
  },
  {
   "type": "Feature",
   "geometry": {
    "type": "Point",
    "coordinates": [
     17.94567376107744,
     59.430741881088224
    ]
   },
   "properties": {
    "id": 25859,
    "namn": "Ombyggnad och flytt av kraftledningar i Region Öst",
    "beskrivning": "Vi planerar på begäran av Svenska kraftnät och Sigtuna kommun att bygga om och flytta luftledningar som förser järnvägen med ström. Åtgärderna genomförs i Måby, Viby, Rosersberg söderut mot Överby, Odensala och Rölunda.",
    "typer": "Järnväg",
    "lan": "Stockholm",
    "url": "https://www.trafikverket.se/vara-projekt/projekt-i-stockholms-lan/ombyggnad-och-flytt-av-kraftledningar-i-region-ost/",
    "punkt_index": 2
   }
  },
  {
   "type": "Feature",
   "geometry": {
    "type": "Point",
    "coordinates": [
     17.839298148095892,
     59.66608861486242
    ]
   },
   "properties": {
    "id": 25859,
    "namn": "Ombyggnad och flytt av kraftledningar i Region Öst",
    "beskrivning": "Vi planerar på begäran av Svenska kraftnät och Sigtuna kommun att bygga om och flytta luftledningar som förser järnvägen med ström. Åtgärderna genomförs i Måby, Viby, Rosersberg söderut mot Överby, Odensala och Rölunda.",
    "typer": "Järnväg",
    "lan": "Stockholm",
    "url": "https://www.trafikverket.se/vara-projekt/projekt-i-stockholms-lan/ombyggnad-och-flytt-av-kraftledningar-i-region-ost/",
    "punkt_index": 3
   }
  },
  {
   "type": "Feature",
   "geometry": {
    "type": "Point",
    "coordinates": [
     17.469315400711018,
     59.590561549601475
    ]
   },
   "properties": {
    "id": 25859,
    "namn": "Ombyggnad och flytt av kraftledningar i Region Öst",
    "beskrivning": "Vi planerar på begäran av Svenska kraftnät och Sigtuna kommun att bygga om och flytta luftledningar som förser järnvägen med ström. Åtgärderna genomförs i Måby, Viby, Rosersberg söderut mot Överby, Odensala och Rölunda.",
    "typer": "Järnväg",
    "lan": "Stockholm",
    "url": "https://www.trafikverket.se/vara-projekt/projekt-i-stockholms-lan/ombyggnad-och-flytt-av-kraftledningar-i-region-ost/",
    "punkt_index": 4
   }
  },
  {
   "type": "Feature",
   "geometry": {
    "type": "Point",
    "coordinates": [
     18.478215153483674,
     59.268937461574296
    ]
   },
   "properties": {
    "id": 38208,
    "namn": "Väg 646 och 652, Brunn, trafiksäkerhetsåtgärder",
    "beskrivning": "I januari startar trafiksäkerhetshöjande åtgärder längs delar av väg 646 och 652 på Ingarö. Syftet är att minska risken för olyckor och mildra konsekvenserna vid eventuella olyckor.",
    "typer": "Väg",
    "lan": "Stockholm",
    "url": "https://www.trafikverket.se/vara-projekt/projekt-i-stockholms-lan/vag646-652-brunn-trafiksakerhetsatgarder/",
    "punkt_index": null
   }
  },
  {
   "type": "Feature",
   "geometry": {
    "type": "Point",
    "coordinates": [
     16.392588754156044,
     61.346082312035804
    ]
   },
   "properties": {
    "id": 150039,
    "namn": "Väg 83, Ny cirkulation i centrala Bollnäs",
    "beskrivning": "Vi planerar att bygga om Stadshuskorsningen i centrala Bollnäs till en cirkulationsplats för att öka trafiksäkerheten och skapa ett jämnare trafikflöde för både lokal trafik och genomfartstrafik. ",
    "typer": "Väg",
    "lan": "Gävleborg",
    "url": "https://www.trafikverket.se/vara-projekt/projekt-i-gavleborgs-lan/vag-83-ny-cirkulation-i-centrala-bollnas/",
    "punkt_index": null
   }
  },
  {
   "type": "Feature",
   "geometry": {
    "type": "Point",
    "coordinates": [
     15.54310223341391,
     60.081015908025854
    ]
   },
   "properties": {
    "id": 23221,
    "namn": "Väg 66, Fagersta-Smedjebacken, mötesfri väg",
    "beskrivning": "Trafikverket planerar att bygga om väg 66 mellan Smedjebacken i Dalarna och Oti i Fagersta kommun, Västmanland. ",
    "typer": "Väg",
    "lan": "Dalarna, Västmanland",
    "url": "https://www.trafikverket.se/vara-projekt/projekt-i-dalarnas-lan/vag-66-fagerstasmedjebacken-motesfri-vag/",
    "punkt_index": null
   }
  },
  {
   "type": "Feature",
   "geometry": {
    "type": "Point",
    "coordinates": [
     22.854321288320413,
     66.00208889696117
    ]
   },
   "properties": {
    "id": 93633,
    "namn": "Väg 744, Kamlunge, stabilisering av slänt",
    "beskrivning": "Vi planerar att förbättra stabiliteten på väg 744.  Vid en sträcka efter vägen har slänten ner mot Kalixälven dålig stabilitet. Här behöver vi säkra mot ras och skred.",
    "typer": "Väg",
    "lan": "Norrbotten",
    "url": "https://www.trafikverket.se/vara-projekt/projekt-i-norrbottens-lan/riskred-kamlunge/",
    "punkt_index": null
   }
  },
  {
   "type": "Feature",
   "geometry": {
    "type": "Point",
    "coordinates": [
     12.018356180907238,
     57.64665589444543
    ]
   },
   "properties": {
    "id": 126695,
    "namn": "E6 och Söderleden, trimningsåtgärder i Åbromotet",
    "beskrivning": "Vi ska bredda Söderleden med ett extra körfält på sträckan mellan Åbromotet och avfarten mot Åbyvägen.",
    "typer": "Väg",
    "lan": "Västra Götaland",
    "url": "https://www.trafikverket.se/vara-projekt/projekt-i-vastra-gotalands-lan/e6-och-soderleden-trimningsatgarder-i-abromotet/",
    "punkt_index": null
   }
  },
  {
   "type": "Feature",
   "geometry": {
    "type": "Point",
    "coordinates": [
     14.878139414493994,
     56.82381983644512
    ]
   },
   "properties": {
    "id": 139681,
    "namn": "Väg 27, Bramstorp, mötesfri väg och ny angöring till Södra länken",
    "beskrivning": "För att förbättra framkomligheten och öka trafiksäkerheten planerar vi för att åtgärda sträckan förbi Bramstorp samt länka samman Södra Länken med väg 27.",
    "typer": "Väg",
    "lan": "Kronoberg",
    "url": "https://www.trafikverket.se/vara-projekt/projekt-i-kronobergs-lan/vag-27-bramstorp-motesfri-vag-och-ny-angoring-till-sodra-lanken/",
    "punkt_index": null
   }
  },
  {
   "type": "Feature",
   "geometry": {
    "type": "Point",
    "coordinates": [
     17.368372757736893,
     62.32876839111287
    ]
   },
   "properties": {
    "id": 35652,
    "namn": "Väg 562, Njurunda - Sundsvall ombyggnad",
    "beskrivning": "Väg 562 mellan Njurunda och Sundsvall har anpassats till det lokala huvudvägnätet med ny gång- och cykelväg, cirkulationsplatser och förbättrad tillgänglighet till busshållplatser. Nu återstår bullerskyddsåtgärder.",
    "typer": "Väg, Gång- och cykelväg",
    "lan": "Västernorrland",
    "url": "https://www.trafikverket.se/vara-projekt/projekt-i-vasternorrlands-lan/vag-562-njurunda---sundsvall-ombyggnad/",
    "punkt_index": null
   }
  },
  {
   "type": "Feature",
   "geometry": {
    "type": "Point",
    "coordinates": [
     21.43720548831035,
     65.38811530353503
    ]
   },
   "properties": {
    "id": 26012,
    "namn": "E4, Öjebyn–Norrfjärden, parallellväg",
    "beskrivning": "Vi har byggt en ny parallellväg för att underlätta vardagspendling med cykel och för att flytta långsamtgående fordon från E4 mellan Öjebyn och Norrfjärden.",
    "typer": "Väg",
    "lan": "Norrbotten",
    "url": "https://www.trafikverket.se/vara-projekt/projekt-i-norrbottens-lan/e4-ojebynnorrfjarden-parallellvag/",
    "punkt_index": null
   }
  },
  {
   "type": "Feature",
   "geometry": {
    "type": "Point",
    "coordinates": [
     17.54281212667159,
     65.53714647732056
    ]
   },
   "properties": {
    "id": 114361,
    "namn": "E45/väg 363 cirkulationsplats Sorsele",
    "beskrivning": "Vi ska göra trafiksäkerhetshöjande åtgärder genom att bygga en cirkulationsplats i korsningen E45/väg 363, samt en ny gång- och cykelväg längs med E45 mellan nya cirkulationsplatsen fram till Svergovallen. ",
    "typer": "Väg",
    "lan": "Västerbotten",
    "url": "https://www.trafikverket.se/vara-projekt/projekt-i-vasterbottens-lan/e45vag-363-cirkulationsplats-sorsele/",
    "punkt_index": null
   }
  },
  {
   "type": "Feature",
   "geometry": {
    "type": "Point",
    "coordinates": [
     13.31964571301485,
     55.770164858662035
    ]
   },
   "properties": {
    "id": 97675,
    "namn": "E22 Trafikplats Gårdstånga",
    "beskrivning": "För att öka trafiksäkerheten och framkomligheten i trafikplats Gårdstånga planerar vi för att bygga ut trafikplatsen/cirkulationsplatsen.",
    "typer": "Väg",
    "lan": "Skåne",
    "url": "https://www.trafikverket.se/vara-projekt/projekt-i-skane-lan/e22-trafikplats-gardstanga/",
    "punkt_index": null
   }
  },
  {
   "type": "Feature",
   "geometry": {
    "type": "Point",
    "coordinates": [
     16.20207657873268,
     58.6462874231762
    ]
   },
   "properties": {
    "id": 156393,
    "namn": "Åby godsbangård i Norrköpings kommun",
    "beskrivning": "Vi har byggt en ny, modern godsbangård som ger plats för Ostlänken och kommande stadsutveckling i Norrköping och förbättrar möjligheterna för gröna och smidiga godstransporter.",
    "typer": "Järnväg",
    "lan": "Östergötland",
    "url": "https://www.trafikverket.se/vara-projekt/projekt-som-stracker-sig-over-flera-lan/ostlanken-en-ny-dubbelsparig-jarnvag/ostlanken-i-norrkopings-kommun/ny-godsbangard-i-norrkoping2/",
    "punkt_index": null
   }
  },
  {
   "type": "Feature",
   "geometry": {
    "type": "Point",
    "coordinates": [
     17.132321526280883,
     60.68221623173009
    ]
   },
   "properties": {
    "id": 23625,
    "namn": "Järnvägsplan, delen Gävle C–Tolvforsskogen",
    "beskrivning": "Järnvägsplanen omfattar ett nytt dubbelspår för Ostkustbanan Gävle C–Tolvforsskogen. Norra Stambanan samförläggs med Ostkustbanan och i närheten av sjukhuset byggs en ny regionaltågsstation, Gävle Västra.",
    "typer": "",
    "lan": "",
    "url": "https://www.trafikverket.se/vara-projekt/projekt-i-gavleborgs-lan/gavlekringlan-axmartavlan-nytt-dubbelspar-ostkustbanan-norra-stambanan-och-bergslagsbanan/jarnvagsplan-delen-gavle-ctolvforsskogen/",
    "punkt_index": null
   }
  },
  {
   "type": "Feature",
   "geometry": {
    "type": "Point",
    "coordinates": [
     16.46175350357918,
     57.30562412932356
    ]
   },
   "properties": {
    "id": 135484,
    "namn": "E22, Oskarshamn–Fårbo, delen vid Glabo",
    "beskrivning": "Vi planerar att bygga om korsningen vid E22 och Glabovägen för att öka trafiksäkerheten och tillgängligheten för alla trafikslag. Projektet omfattar både vägombyggnad och nya lösningar för gång- och cykeltrafikanter.",
    "typer": "Väg",
    "lan": "Kalmar",
    "url": "https://www.trafikverket.se/vara-projekt/projekt-i-kalmar-lan/e22-oskarshamnfarbo-delen-vid-glabo/",
    "punkt_index": null
   }
  },
  {
   "type": "Feature",
   "geometry": {
    "type": "Point",
    "coordinates": [
     18.88740067878486,
     59.8071365823423
    ]
   },
   "properties": {
    "id": 35430,
    "namn": "Väg 1148, Nysättra, gång- och cykelväg",
    "beskrivning": "Trafikverket planerar för en ny cirka 1 km lång gång- och cykelväg genom Nysättra i Norrtälje kommun. Det ökar säkerheten för dig som går och cyklar.",
    "typer": "Gång- och cykelväg",
    "lan": "Stockholm",
    "url": "https://www.trafikverket.se/vara-projekt/projekt-i-stockholms-lan/vag-1148-nysattra-gang--och-cykelvag/",
    "punkt_index": null
   }
  },
  {
   "type": "Feature",
   "geometry": {
    "type": "Point",
    "coordinates": [
     16.53648425577079,
     59.550629746918055
    ]
   },
   "properties": {
    "id": 18057,
    "namn": "Väg 537, Ekbacken-Enhagen–Eriksbo, gång- och cykelväg",
    "beskrivning": "Vi vill förbättra situationen för gång- och cykeltrafikanterna på väg 537 mellan Ekbacken-Enhagen och Eriksbo i Västerås kommun.",
    "typer": "Gång- och cykelväg",
    "lan": "Västmanland",
    "url": "https://www.trafikverket.se/vara-projekt/projekt-i-vastmanlands-lan/vag-537-ekbackenenhagen-till-eriksbo-gang--och-cykelvag/",
    "punkt_index": null
   }
  },
  {
   "type": "Feature",
   "geometry": {
    "type": "Point",
    "coordinates": [
     21.883086369481106,
     65.81331994210106
    ]
   },
   "properties": {
    "id": 89885,
    "namn": "Väg 605, Boden Industrial Park - Flarken, förstärknings- och trafiksäkerhetsåtgärder",
    "beskrivning": "Väg 605 mellan Boden Industrial Park och Flarken ska förstärkas och bli mer trafiksäker.",
    "typer": "Väg",
    "lan": "Norrbotten",
    "url": "https://www.trafikverket.se/vara-projekt/projekt-i-norrbottens-lan/vag-605-boden-industrial-park---flarken-forstarknings--och-trafiksakerhetsatgarder/",
    "punkt_index": null
   }
  },
  {
   "type": "Feature",
   "geometry": {
    "type": "Point",
    "coordinates": [
     20.2210838465829,
     67.75614492539218
    ]
   },
   "properties": {
    "id": 8552,
    "namn": "Malmbanan, faunapassage mellan Kalixfors och Råtsi",
    "beskrivning": "Vi bygger en ekodukt, en bro för stora däggdjur, över Malmbanan i Kiruna kommun. Syftet är att minska barriäreffekterna och underlätta för renskötsel i området.",
    "typer": "Järnväg",
    "lan": "Norrbotten",
    "url": "https://www.trafikverket.se/vara-projekt/projekt-i-norrbottens-lan/faunapassage-mellan-kalixfors-och-ratsi/",
    "punkt_index": null
   }
  },
  {
   "type": "Feature",
   "geometry": {
    "type": "Point",
    "coordinates": [
     14.63525063819944,
     56.16467883757934
    ]
   },
   "properties": {
    "id": 30168,
    "namn": "Blekinge kustbana, sträckan Kristianstad-Karlskrona",
    "beskrivning": "För att utveckla Blekinge Kustbanan sträckan Kristianstad–Karlskrona till ett robustare transportsystem utreds åtgärder som ska minska restiden för den som väljer det gröna alternativet, komma fram smidigt och tryggt.\n\n",
    "typer": "Järnväg",
    "lan": "Blekinge",
    "url": "https://www.trafikverket.se/vara-projekt/projekt-i-blekinge-lan/blekinge-kustbana-strackan-kristianstad-karlskrona/",
    "punkt_index": null
   }
  },
  {
   "type": "Feature",
   "geometry": {
    "type": "Point",
    "coordinates": [
     14.057295378438354,
     55.99501683060904
    ]
   },
   "properties": {
    "id": 90107,
    "namn": "Väg 2000, Ovesholm-Vä, ny gång- och cykelväg",
    "beskrivning": "Vi vill öka trafiksäkerheten för oskyddade trafikanter. ",
    "typer": "Gång- och cykelväg",
    "lan": "Skåne",
    "url": "https://www.trafikverket.se/vara-projekt/projekt-i-skane-lan/vag-2000-ovesholm-va-ny-gang--och-cykelvag/",
    "punkt_index": null
   }
  },
  {
   "type": "Feature",
   "geometry": {
    "type": "Point",
    "coordinates": [
     17.914925214098183,
     59.277415117907424
    ]
   },
   "properties": {
    "id": 4288,
    "namn": "E4 Förbifart Stockholm",
    "beskrivning": "Vi bygger en ny sträckning av E4:an väster om Stockholm, Förbifart Stockholm. Vägen skapar möjligheter för fortsatt utveckling i en starkt växande region.",
    "typer": "Väg",
    "lan": "Stockholm",
    "url": "https://www.trafikverket.se/vara-projekt/projekt-i-stockholms-lan/e4-forbifart-stockholm/",
    "punkt_index": 0
   }
  },
  {
   "type": "Feature",
   "geometry": {
    "type": "Point",
    "coordinates": [
     17.858997429822743,
     59.31158694375419
    ]
   },
   "properties": {
    "id": 4288,
    "namn": "E4 Förbifart Stockholm",
    "beskrivning": "Vi bygger en ny sträckning av E4:an väster om Stockholm, Förbifart Stockholm. Vägen skapar möjligheter för fortsatt utveckling i en starkt växande region.",
    "typer": "Väg",
    "lan": "Stockholm",
    "url": "https://www.trafikverket.se/vara-projekt/projekt-i-stockholms-lan/e4-forbifart-stockholm/",
    "punkt_index": 1
   }
  },
  {
   "type": "Feature",
   "geometry": {
    "type": "Point",
    "coordinates": [
     17.855705533241625,
     59.36784045106869
    ]
   },
   "properties": {
    "id": 4288,
    "namn": "E4 Förbifart Stockholm",
    "beskrivning": "Vi bygger en ny sträckning av E4:an väster om Stockholm, Förbifart Stockholm. Vägen skapar möjligheter för fortsatt utveckling i en starkt växande region.",
    "typer": "Väg",
    "lan": "Stockholm",
    "url": "https://www.trafikverket.se/vara-projekt/projekt-i-stockholms-lan/e4-forbifart-stockholm/",
    "punkt_index": 2
   }
  },
  {
   "type": "Feature",
   "geometry": {
    "type": "Point",
    "coordinates": [
     17.916564887521275,
     59.433211744241
    ]
   },
   "properties": {
    "id": 4288,
    "namn": "E4 Förbifart Stockholm",
    "beskrivning": "Vi bygger en ny sträckning av E4:an väster om Stockholm, Förbifart Stockholm. Vägen skapar möjligheter för fortsatt utveckling i en starkt växande region.",
    "typer": "Väg",
    "lan": "Stockholm",
    "url": "https://www.trafikverket.se/vara-projekt/projekt-i-stockholms-lan/e4-forbifart-stockholm/",
    "punkt_index": 3
   }
  },
  {
   "type": "Feature",
   "geometry": {
    "type": "Point",
    "coordinates": [
     14.212896638000228,
     64.87772252941913
    ]
   },
   "properties": {
    "id": 96726,
    "namn": "Väg 824, bro över Leipikälven vid Ankarvattnet",
    "beskrivning": "Vi planerar att bygga en ny bro över Leipikälven med högre bärighet än den befintliga bron. Idag uppfyller inte bron de högsta bärighetskraven (BK4).",
    "typer": "Väg",
    "lan": "Jämtland",
    "url": "https://www.trafikverket.se/vara-projekt/projekt-i-jamtlands-lan/vag---824-bro-over-leipikalven-vid-ankarvattnet/",
    "punkt_index": null
   }
  },
  {
   "type": "Feature",
   "geometry": {
    "type": "Point",
    "coordinates": [
     17.078307527545864,
     61.67901197327097
    ]
   },
   "properties": {
    "id": 12430,
    "namn": "Väg 583, Iggesund–Hudiksvall, ny gång- och cykelväg",
    "beskrivning": "Vi bygger en ny belyst gång- och cykelväg mellan Iggesund–Hudiksvall, längs väg 583. En sträcka på ca 6 kilometer.",
    "typer": "Gång- och cykelväg",
    "lan": "Gävleborg",
    "url": "https://www.trafikverket.se/vara-projekt/projekt-i-gavleborgs-lan/vag-583-iggesundhudiksvall-ny-gang--och-cykelvag/",
    "punkt_index": null
   }
  },
  {
   "type": "Feature",
   "geometry": {
    "type": "Point",
    "coordinates": [
     15.975449734508894,
     56.595985243046286
    ]
   },
   "properties": {
    "id": 155191,
    "namn": "Väg 520, brobyte, Hagbyån vid Runtorp",
    "beskrivning": "Vi planerar att byta ut bron över Hagbyån längs väg 520 mellan Påryd och Tvärskog i Kalmar kommun. Den nya bron ska ge bättre framkomlighet och klara tyngre transporter.",
    "typer": "Väg",
    "lan": "Kalmar",
    "url": "https://www.trafikverket.se/vara-projekt/projekt-i-kalmar-lan/vag-520-brobyte-hagbyan-vid-runtorp/",
    "punkt_index": null
   }
  },
  {
   "type": "Feature",
   "geometry": {
    "type": "Point",
    "coordinates": [
     14.51826013941761,
     56.27176929237399
    ]
   },
   "properties": {
    "id": 7411,
    "namn": "Sydostlänken",
    "beskrivning": "Vi planerar för en järnvägsförbindelse mellan Älmhult och Blekinge kustbana. Den nya järnvägen skapar förutsättningar för smidigare och mer hållbara transporter.",
    "typer": "Järnväg",
    "lan": "Blekinge, Kronoberg, Skåne",
    "url": "https://www.trafikverket.se/vara-projekt/projekt-som-stracker-sig-over-flera-lan/sydostlanken/",
    "punkt_index": null
   }
  },
  {
   "type": "Feature",
   "geometry": {
    "type": "Point",
    "coordinates": [
     18.44524238647078,
     68.42544090411917
    ]
   },
   "properties": {
    "id": 126398,
    "namn": "Malmbanan, renovering av snögallerier",
    "beskrivning": "Vi ska renovera snögallerier som finns på utsatta platser efter Malmbanan. De skyddar järnvägen under vintern så att inte spåret blockeras av snö och laviner. Vi ska nu säkerställa dess funktion och hållbarhet.",
    "typer": "Järnväg",
    "lan": "Norrbotten",
    "url": "https://www.trafikverket.se/vara-projekt/projekt-i-norrbottens-lan/malmbanan-renovering-av-snogallerier/",
    "punkt_index": null
   }
  },
  {
   "type": "Feature",
   "geometry": {
    "type": "Point",
    "coordinates": [
     20.883921132281483,
     66.45957500263881
    ]
   },
   "properties": {
    "id": 29141,
    "namn": "Malmbanan, STAX 32,5 ton, tyngre tåg",
    "beskrivning": "Det finns en stor efterfrågan på ökad kapacitet längs Malmbanan och genom att förstärka banan för tyngre tåg kan mer gods transporteras utan att antalet tåg ökar.",
    "typer": "Järnväg",
    "lan": "Norrbotten",
    "url": "https://www.trafikverket.se/vara-projekt/projekt-i-norrbottens-lan/malmbanan-stax-325-ton-tyngre-tag/",
    "punkt_index": null
   }
  },
  {
   "type": "Feature",
   "geometry": {
    "type": "Point",
    "coordinates": [
     16.558803832021184,
     56.76032871431967
    ]
   },
   "properties": {
    "id": 46585,
    "namn": "Väg 136, Isgärde–Rälla, trafiksäkerhetsåtgärder",
    "beskrivning": "Vi planerar att genomföra flera åtgärder längs sträckan mellan Isgärde och Rälla för att förbättra trafikflödet och säkerheten för både motorfordon och för cyklister.",
    "typer": "Väg, Gång- och cykelväg",
    "lan": "Kalmar",
    "url": "https://www.trafikverket.se/vara-projekt/projekt-i-kalmar-lan/vag-136-isgarde-ralla/",
    "punkt_index": null
   }
  },
  {
   "type": "Feature",
   "geometry": {
    "type": "Point",
    "coordinates": [
     12.248219280447975,
     57.08829520760475
    ]
   },
   "properties": {
    "id": 5692,
    "namn": "Varbergstunneln, Västkustbanan, Varberg–Hamra",
    "beskrivning": "Den 14 juli 2025 öppnade vi på nytt dubbelspår genom Varberg genom en tunnel under centrum. Fler tåg får plats på Västkustbanan, resorna blir tillförlitligare och säkerheten har förbättrats utmed sträckan. ",
    "typer": "Järnväg",
    "lan": "Halland",
    "url": "https://www.trafikverket.se/vara-projekt/projekt-i-hallands-lan/varbergstunneln/",
    "punkt_index": null
   }
  },
  {
   "type": "Feature",
   "geometry": {
    "type": "Point",
    "coordinates": [
     16.62359306991975,
     59.91602546906657
    ]
   },
   "properties": {
    "id": 7315,
    "namn": "Väg 56, Sala-Heby, mötesfri väg",
    "beskrivning": "Vi planerar för att bygga om väg 56 mellan Sala och Heby till mötesfri väg samt att bygga en separat gång- och cykelväg. Åtgärderna kommer att höja trafiksäkerheten och öka framkomligheten.  \n",
    "typer": "Väg",
    "lan": "Uppsala, Västmanland",
    "url": "https://www.trafikverket.se/vara-projekt/projekt-som-stracker-sig-over-flera-lan/vag-56-sala-heby-motesfri-vag/",
    "punkt_index": 0
   }
  },
  {
   "type": "Feature",
   "geometry": {
    "type": "Point",
    "coordinates": [
     16.839524643101615,
     59.936573979539624
    ]
   },
   "properties": {
    "id": 7315,
    "namn": "Väg 56, Sala-Heby, mötesfri väg",
    "beskrivning": "Vi planerar för att bygga om väg 56 mellan Sala och Heby till mötesfri väg samt att bygga en separat gång- och cykelväg. Åtgärderna kommer att höja trafiksäkerheten och öka framkomligheten.  \n",
    "typer": "Väg",
    "lan": "Uppsala, Västmanland",
    "url": "https://www.trafikverket.se/vara-projekt/projekt-som-stracker-sig-over-flera-lan/vag-56-sala-heby-motesfri-vag/",
    "punkt_index": 1
   }
  },
  {
   "type": "Feature",
   "geometry": {
    "type": "Point",
    "coordinates": [
     17.64514518671121,
     62.556981480811956
    ]
   },
   "properties": {
    "id": 137800,
    "namn": "E4, Bye och Krånge, trafiksäkerhetshöjande åtgärder",
    "beskrivning": "Vi planerar att göra trafiksäkerhetshöjande åtgärder på E4 vid Bye och Krånge.",
    "typer": "Väg",
    "lan": "Västernorrland",
    "url": "https://www.trafikverket.se/vara-projekt/projekt-i-vasternorrlands-lan/e4-bye-och-krange-trafiksakerhetshojande-atgarder/",
    "punkt_index": null
   }
  },
  {
   "type": "Feature",
   "geometry": {
    "type": "Point",
    "coordinates": [
     16.25521937192833,
     59.001073386241075
    ]
   },
   "properties": {
    "id": 33054,
    "namn": "Katrineholm, förbigångsspår",
    "beskrivning": "Vi ska bygga två förbigångsspår öster om Katrineholm C. Det gör vi för att öka kapaciteten på Västra stambanan mellan Gnesta och Hallsberg.",
    "typer": "Järnväg",
    "lan": "Södermanland",
    "url": "https://www.trafikverket.se/vara-projekt/projekt-i-sodermanlands-lan/katrineholm-forbigangsspar/",
    "punkt_index": null
   }
  },
  {
   "type": "Feature",
   "geometry": {
    "type": "Point",
    "coordinates": [
     14.141422415888515,
     57.5225555843621
    ]
   },
   "properties": {
    "id": 122270,
    "namn": "Byarum-Vaggeryd, elektrifiering och upprustning",
    "beskrivning": "Vi elektrifierar, höjer hastigheten och byter spår på järnvägssträckan mellan Byarum-Vaggeryd.",
    "typer": "Järnväg",
    "lan": "Jönköping",
    "url": "https://www.trafikverket.se/vara-projekt/projekt-i-jonkopings-lan/byarum-vaggeryd-elektrifiering-och-upprustning/",
    "punkt_index": null
   }
  },
  {
   "type": "Feature",
   "geometry": {
    "type": "Point",
    "coordinates": [
     15.487909328844468,
     63.73099385758697
    ]
   },
   "properties": {
    "id": 46387,
    "namn": "E45, Hallviken, gång-, cykel- och mopedväg",
    "beskrivning": "Vi vill förbättra säkerheten för oskyddade trafikanter i Hallviken. Därför planerar vi att bygga en ny gång-, cykel- och mopedväg längs E45.\n",
    "typer": "Gång- och cykelväg",
    "lan": "Jämtland",
    "url": "https://www.trafikverket.se/vara-projekt/projekt-i-jamtlands-lan/e45-hallviken-gang-cykel--och-mopedvag/",
    "punkt_index": null
   }
  },
  {
   "type": "Feature",
   "geometry": {
    "type": "Point",
    "coordinates": [
     13.366316410865174,
     57.49168123082498
    ]
   },
   "properties": {
    "id": 136360,
    "namn": "Väg 156, cirkulationsplats i Tranemo",
    "beskrivning": "Vi bygger en ny cirkulationsplats i korsningen mellan väg 156, väg 27 och Källsvedjegatan i Tranemo. Syftet är att öka trafiksäkerheten och göra det lättare för trafikanter att ta sig fram i området.",
    "typer": "Väg",
    "lan": "Västra Götaland",
    "url": "https://www.trafikverket.se/vara-projekt/projekt-i-vastra-gotalands-lan/vag-156-cirkulationsplats-i-tranemo/",
    "punkt_index": null
   }
  },
  {
   "type": "Feature",
   "geometry": {
    "type": "Point",
    "coordinates": [
     14.157073265961882,
     57.75969264947929
    ]
   },
   "properties": {
    "id": 11142,
    "namn": "E4, trafikplats Ljungarum",
    "beskrivning": "E4 ska bli genomgående i trafikplats Ljungarum. Syftet med åtgärden är ökad kapacitet och framkomlighet för genomfartstrafiken, samt minska risken för incidenter och stopp i trafiken.\n",
    "typer": "Väg",
    "lan": "Jönköping",
    "url": "https://www.trafikverket.se/vara-projekt/projekt-i-jonkopings-lan/e4-trafikplats-ljungarum/",
    "punkt_index": null
   }
  },
  {
   "type": "Feature",
   "geometry": {
    "type": "Point",
    "coordinates": [
     14.73004255265477,
     63.11243342110732
    ]
   },
   "properties": {
    "id": 132563,
    "namn": "Väg 604, Slandrom-Bye gång- och cykelväg",
    "beskrivning": "Vi planerar att bygga en ny gång- och cykelväg mellan Slandrom och Bye.",
    "typer": "Gång- och cykelväg",
    "lan": "Jämtland",
    "url": "https://www.trafikverket.se/vara-projekt/projekt-i-jamtlands-lan/vag-604-slandrom-bye-gang-och-cykelvag/",
    "punkt_index": null
   }
  },
  {
   "type": "Feature",
   "geometry": {
    "type": "Point",
    "coordinates": [
     15.730809872676415,
     63.895793861359756
    ]
   },
   "properties": {
    "id": 54206,
    "namn": "E45, Tullingsås–Strömsund, gång-, cykel- och mopedväg",
    "beskrivning": "Vi planerar att bygga en ny gång-, cykel- och mopedväg längs E45 från Tullingsås till Strömsund, en sträcka på cirka 4 kilometer.",
    "typer": "Gång- och cykelväg",
    "lan": "Jämtland",
    "url": "https://www.trafikverket.se/vara-projekt/projekt-i-jamtlands-lan/e45-tullingsas-stromsund-gang--cykel--och-mopedvag/",
    "punkt_index": null
   }
  },
  {
   "type": "Feature",
   "geometry": {
    "type": "Point",
    "coordinates": [
     17.2012226016815,
     60.15229160222548
    ]
   },
   "properties": {
    "id": 151048,
    "namn": "Väg 272, Östervåla-Librobäck, ny gång- och cykelväg",
    "beskrivning": "Vi planerar att bygga ny gång- och cykelväg på väg 272 mellan Östervåla och Librobäck. ",
    "typer": "Gång- och cykelväg",
    "lan": "Uppsala",
    "url": "https://www.trafikverket.se/vara-projekt/projekt-i-uppsala-lan/vag-272-ostervala-libroback-ny-gang--och-cykelvag/",
    "punkt_index": null
   }
  },
  {
   "type": "Feature",
   "geometry": {
    "type": "Point",
    "coordinates": [
     18.790859651522844,
     57.78542593303425
    ]
   },
   "properties": {
    "id": 6169,
    "namn": "Väg 148 Lärbro, ny gång- och cykelväg, framkomlighet och vattenskydd",
    "beskrivning": "Vi ska öka säkerheten och framkomligheten vid väg 148 i Lärbro genom en ny gång- och cykelväg samt förbättrad korsning med väg 149. Det ingår även att ta hand om dagvattnet från vägen.\n",
    "typer": "Väg, Gång- och cykelväg",
    "lan": "Gotland",
    "url": "https://www.trafikverket.se/vara-projekt/projekt-i-gotlands-lan/vag148-larbro-gangochcykelvag/",
    "punkt_index": null
   }
  },
  {
   "type": "Feature",
   "geometry": {
    "type": "Point",
    "coordinates": [
     13.315371092046046,
     55.87607012603221
    ]
   },
   "properties": {
    "id": 43327,
    "namn": "Väg 113, Stabbarp–Bosarp, gång- och cykelväg",
    "beskrivning": "Vi bygger tillsammans med Eslövs kommun en gång- och cykelväg längs med väg 113, mellan Stabbarp och Bosarp. Det ökar framkomligheten och trafiksäkerheten för oskyddade trafikanter (gående och cyklister).",
    "typer": "Gång- och cykelväg",
    "lan": "Skåne",
    "url": "https://www.trafikverket.se/vara-projekt/projekt-i-skane-lan/vag-113-stabbarpbosarp-gang--och-cykelvag/",
    "punkt_index": null
   }
  },
  {
   "type": "Feature",
   "geometry": {
    "type": "Point",
    "coordinates": [
     13.161212195953151,
     55.45926531255589
    ]
   },
   "properties": {
    "id": 43161,
    "namn": "Väg 101, Alstad–Östra Grevie, gång- och cykelväg",
    "beskrivning": "Vi planerar att bygga en gång- och cykelväg längs med väg 101, mellan Alstad och Östra Grevie. Det ökar framkomligheten och trafiksäkerheten för oskyddade trafikanter (gående och cyklister). ",
    "typer": "Gång- och cykelväg",
    "lan": "Skåne",
    "url": "https://www.trafikverket.se/vara-projekt/projekt-i-skane-lan/vag-101-alstadostra-grevie-gang--och-cykelvag/",
    "punkt_index": null
   }
  },
  {
   "type": "Feature",
   "geometry": {
    "type": "Point",
    "coordinates": [
     19.630576193728153,
     63.6668326175057
    ]
   },
   "properties": {
    "id": 109558,
    "namn": "Väg 512, Ny bro över Öre älv vid Örsbäck",
    "beskrivning": "Vi ska byta ut den befintliga bron över Öre älv i Örsbäck, Nordmalings kommun  till en ny bro som klarar bärighetsklass BK4. ",
    "typer": "Väg",
    "lan": "Västerbotten",
    "url": "https://www.trafikverket.se/vara-projekt/projekt-i-vasterbottens-lan/vag-512-ny-bro-over-ore-alv-vid-orsback/",
    "punkt_index": null
   }
  },
  {
   "type": "Feature",
   "geometry": {
    "type": "Point",
    "coordinates": [
     18.05214392389452,
     64.8297058714978
    ]
   },
   "properties": {
    "id": 137002,
    "namn": "Väg 984 Rusele, upprustning av brostöd",
    "beskrivning": "Underhållsarbeten under bron över Umeälven, mellan Blåvikssjön och Nya Rusele, väg 984. Brostöden i älven är skadade och vi ska bland annat renovera betongen och sätta nya isbrytande plåtar som skydd för brostöden.",
    "typer": "Väg",
    "lan": "Västerbotten",
    "url": "https://www.trafikverket.se/vara-projekt/projekt-i-vasterbottens-lan/vag-984-rusele-upprustning-av-brostod/",
    "punkt_index": null
   }
  },
  {
   "type": "Feature",
   "geometry": {
    "type": "Point",
    "coordinates": [
     15.949567756783575,
     64.46783087204763
    ]
   },
   "properties": {
    "id": 66865,
    "namn": "Väg 1051, Långseleån, ny bro vid Ormsjöns nordspets",
    "beskrivning": "Vi ska byta ut bron på väg 1051 över Långseleån vid Ormsjöns nordspets. ",
    "typer": "Väg",
    "lan": "Västerbotten",
    "url": "https://www.trafikverket.se/vara-projekt/projekt-i-vasterbottens-lan/vag-1051-langselsean-ny-bro-vid-ormsjons-nordspets/",
    "punkt_index": null
   }
  },
  {
   "type": "Feature",
   "geometry": {
    "type": "Point",
    "coordinates": [
     19.83991943580818,
     63.91542684303538
    ]
   },
   "properties": {
    "id": 151235,
    "namn": "Väg 544, Vännäsby, ny gång och cykelväg",
    "beskrivning": "Vi vill förbättra trafiksäkerheten och framkomligheten längs med väg 544 från Nöjesgatan till järnvägen genom att bygga en ny gång- och cykelbana med belysning.  ",
    "typer": "Gång- och cykelväg",
    "lan": "Västerbotten",
    "url": "https://www.trafikverket.se/vara-projekt/projekt-i-vasterbottens-lan/vag-544-vannasby-ny-gang-och-cykelvag/",
    "punkt_index": null
   }
  },
  {
   "type": "Feature",
   "geometry": {
    "type": "Point",
    "coordinates": [
     20.024037044029868,
     63.67938505758312
    ]
   },
   "properties": {
    "id": 10412,
    "namn": "Väg 522, Sörmjöle–Åheden, gång- och cykelväg",
    "beskrivning": "Vi planerar att bygga en gång- och cykelväg längs med väg 522 mellan Sörmjöle och Åheden. Det gör vi för att förbättra trafiksäkerheten för de oskyddade trafikanterna.",
    "typer": "Gång- och cykelväg",
    "lan": "Västerbotten",
    "url": "https://www.trafikverket.se/vara-projekt/projekt-i-vasterbottens-lan/vag-522-sormjoleaheden-gang--och-cykelvag/",
    "punkt_index": null
   }
  },
  {
   "type": "Feature",
   "geometry": {
    "type": "Point",
    "coordinates": [
     15.87003518278484,
     59.04182204417724
    ]
   },
   "properties": {
    "id": 110867,
    "namn": "Västra stambanan, Katrineholm–Hallsberg, växelbyte",
    "beskrivning": "Vi ska byta ett antal spårväxlar på Västra stambanan mellan Katrineholm och Hallsberg. Detta gör vi då de befintliga växlarna är gamla och har passerat sin tekniska livslängd.",
    "typer": "Järnväg",
    "lan": "Södermanland, Örebro",
    "url": "https://www.trafikverket.se/vara-projekt/projekt-som-stracker-sig-over-flera-lan/vastra-stambanan-katrineholmhallsberg-vaxelbyte/",
    "punkt_index": null
   }
  },
  {
   "type": "Feature",
   "geometry": {
    "type": "Point",
    "coordinates": [
     12.569916252466081,
     56.254067702777
    ]
   },
   "properties": {
    "id": 45212,
    "namn": "Väg 1444, Nyhamnsläge–Brunnby, gång- och cykelväg",
    "beskrivning": "Vi planerar att bygga en gång- och cykelväg längs med väg 1444, mellan Nyhamnsläge och Brunnby. Det ökar framkomligheten och trafiksäkerheten för oskyddade trafikanter (gående och cyklister).",
    "typer": "Gång- och cykelväg",
    "lan": "Skåne",
    "url": "https://www.trafikverket.se/vara-projekt/projekt-i-skane-lan/vag-1444-nyhamnslagebrunnby-gang--och-cykelvag/",
    "punkt_index": null
   }
  },
  {
   "type": "Feature",
   "geometry": {
    "type": "Point",
    "coordinates": [
     16.79416327801377,
     59.176088408943876
    ]
   },
   "properties": {
    "id": 7797,
    "namn": "Väg 55, Dunker – Björndammen, mötesfri väg",
    "beskrivning": "Vi bygger om väg 55 mellan Dunker och Björndammen till mötesfri landsväg för att förbättra trafiksäkerheten och öka framkomligheten på vägen.",
    "typer": "Väg",
    "lan": "Södermanland",
    "url": "https://www.trafikverket.se/vara-projekt/projekt-i-sodermanlands-lan/vag-55-dunker--bjorndammen-motesfri-vag/",
    "punkt_index": 0
   }
  },
  {
   "type": "Feature",
   "geometry": {
    "type": "Point",
    "coordinates": [
     16.830170550790783,
     59.20525842643864
    ]
   },
   "properties": {
    "id": 7797,
    "namn": "Väg 55, Dunker – Björndammen, mötesfri väg",
    "beskrivning": "Vi bygger om väg 55 mellan Dunker och Björndammen till mötesfri landsväg för att förbättra trafiksäkerheten och öka framkomligheten på vägen.",
    "typer": "Väg",
    "lan": "Södermanland",
    "url": "https://www.trafikverket.se/vara-projekt/projekt-i-sodermanlands-lan/vag-55-dunker--bjorndammen-motesfri-vag/",
    "punkt_index": 1
   }
  },
  {
   "type": "Feature",
   "geometry": {
    "type": "Point",
    "coordinates": [
     18.398219160479112,
     59.28978498885988
    ]
   },
   "properties": {
    "id": 17282,
    "namn": "Väg 646, Gustavsberg–Ingarö, gång- och cykelväg",
    "beskrivning": "Nu är hela den nya gång- och cykelvägen mellan Värmdö marknad och Ingaröbron öppen. Det innebär att det finns en sammanhängande gång- och cykelväg mellan Gustavsberg och Brunn.",
    "typer": "Gång- och cykelväg",
    "lan": "Stockholm",
    "url": "https://www.trafikverket.se/vara-projekt/projekt-i-stockholms-lan/vag-646-gustavsberg-ingaro-gang-och-cykelvag/",
    "punkt_index": null
   }
  },
  {
   "type": "Feature",
   "geometry": {
    "type": "Point",
    "coordinates": [
     12.885878021470045,
     56.07615924243373
    ]
   },
   "properties": {
    "id": 45169,
    "namn": "Väg 1248, Mörarp–Bjuv, gång- och cykelväg",
    "beskrivning": "Vi planerar att bygga en gång- och cykelväg mellan Mörarp och Bjuv, längs väg 1248. Det gör vi för att förbättra trafiksäkerheten, framkomligheten och tillgängligheten för oskyddade trafikanter.",
    "typer": "Gång- och cykelväg",
    "lan": "Skåne",
    "url": "https://www.trafikverket.se/vara-projekt/projekt-i-skane-lan/vag-1248-morarpbjuv-gang--och-cykelvag/",
    "punkt_index": null
   }
  },
  {
   "type": "Feature",
   "geometry": {
    "type": "Point",
    "coordinates": [
     13.664651044446984,
     56.02648842310038
    ]
   },
   "properties": {
    "id": 125747,
    "namn": "Södra stambanan, Sösdala–Tjörnarp, Faunapassage",
    "beskrivning": "Vi ska bygga en faunabro över södra stambanan samt sätta viltstängsel längs med stambanan mellan Sösdala och Tjörnarp. ",
    "typer": "Väg",
    "lan": "Skåne",
    "url": "https://www.trafikverket.se/vara-projekt/projekt-i-skane-lan/sodra-stambanan-sosdalatjornarp-faunapassage/",
    "punkt_index": null
   }
  },
  {
   "type": "Feature",
   "geometry": {
    "type": "Point",
    "coordinates": [
     15.785631556533177,
     58.43663416518683
    ]
   },
   "properties": {
    "id": 15116,
    "namn": "Väg 796, Linghem station, nytt hållplatsläge",
    "beskrivning": "Vi planerar för två nya busshållplatser och en ny gång- och cykelport vid Linghem station. Med åtgärderna förbättrar vi trafiksäkerheten och kortar ner restiden för kollektivtrafiken.",
    "typer": "Väg",
    "lan": "Östergötland",
    "url": "https://www.trafikverket.se/vara-projekt/projekt-i-ostergotlands-lan/vag-796-linghem-station-nytt-hallplatslage/",
    "punkt_index": null
   }
  },
  {
   "type": "Feature",
   "geometry": {
    "type": "Point",
    "coordinates": [
     21.821358143350015,
     65.93392254520343
    ]
   },
   "properties": {
    "id": 47440,
    "namn": "Väg 356, Åskogen–Degerselet, bärighetsåtgärder",
    "beskrivning": "Vi har förstärkt väg 356 för att öka trafiksäkerheten och framkomligheten. ",
    "typer": "Väg",
    "lan": "Norrbotten",
    "url": "https://www.trafikverket.se/vara-projekt/projekt-i-norrbottens-lan/vag-356-askogendegerselet-barighetsatgarder/",
    "punkt_index": null
   }
  },
  {
   "type": "Feature",
   "geometry": {
    "type": "Point",
    "coordinates": [
     12.271351647803897,
     58.09473015648062
    ]
   },
   "properties": {
    "id": 95570,
    "namn": "Viltsäker järnväg",
    "beskrivning": "Vi vill minska antalet viltpåkörningar. Därför satsar vi särskilt på åtgärder som ska hindra att vilda djur kommer ut på järnvägarna, till exempel faunapassager och stängsel.",
    "typer": "Järnväg",
    "lan": "Värmland",
    "url": "https://www.trafikverket.se/vara-projekt/projekt-i-varmlands-lan/viltsaker-jarnvag/",
    "punkt_index": null
   }
  },
  {
   "type": "Feature",
   "geometry": {
    "type": "Point",
    "coordinates": [
     18.718789856359393,
     63.30064264354818
    ]
   },
   "properties": {
    "id": 45422,
    "namn": "E4/väg 352, Björnavägen, cirkulationsplats",
    "beskrivning": "Vi bygger om korsningen mellan E4 och väg 352 (Björnavägen) i Örnsköldsvik till en cirkulationsplats. ",
    "typer": "Väg",
    "lan": "Västernorrland",
    "url": "https://www.trafikverket.se/vara-projekt/projekt-i-vasternorrlands-lan/e4vag-352-bjornavagen-korsningsatgarder/",
    "punkt_index": null
   }
  },
  {
   "type": "Feature",
   "geometry": {
    "type": "Point",
    "coordinates": [
     11.651809408250019,
     58.33829748356692
    ]
   },
   "properties": {
    "id": 117891,
    "namn": "Väg 161, Rotvik-Bäcken",
    "beskrivning": "Vi planerar att bygga en ny väg 161 mellan Rotvik och Bäcken för att öka trafiksäkerheten och framkomligheten.",
    "typer": "Väg",
    "lan": "Västra Götaland",
    "url": "https://www.trafikverket.se/vara-projekt/projekt-i-vastra-gotalands-lan/vag-161-rotvik-backen/",
    "punkt_index": null
   }
  },
  {
   "type": "Feature",
   "geometry": {
    "type": "Point",
    "coordinates": [
     17.591994158884464,
     59.942991176136935
    ]
   },
   "properties": {
    "id": 10437,
    "namn": "Väg 600, Uppsala – Björklinge, gång- och cykelväg",
    "beskrivning": "Vi planerar en cirka 16 km lång gång- och cykelväg mellan Uppsala och Björklinge, via Lövstalöt. Målet är att öka trafiksäkerheten och tillgängligheten för oskyddade trafikanter.",
    "typer": "Gång- och cykelväg",
    "lan": "Uppsala",
    "url": "https://www.trafikverket.se/vara-projekt/projekt-i-uppsala-lan/vag-600-uppsala--bjorklinge-gang--och-cykelvag/",
    "punkt_index": null
   }
  },
  {
   "type": "Feature",
   "geometry": {
    "type": "Point",
    "coordinates": [
     16.287954069603717,
     58.58359706795551
    ]
   },
   "properties": {
    "id": 22464,
    "namn": "Väg 881, Djurövägen, gång- och cykelväg",
    "beskrivning": "Vi ska bygga en gång- och cykelväg längs väg 881, Djurövägen mellan Arkösundsvägen och Stora Sidus. Det ökar trafiksäkerheten och framkomligheten för dig som går och cyklar. Det ingår att förbättra busshållplatser.",
    "typer": "Gång- och cykelväg",
    "lan": "Östergötland",
    "url": "https://www.trafikverket.se/vara-projekt/projekt-i-ostergotlands-lan/vag-881-djurovagen-gang--och-cykelvag/",
    "punkt_index": null
   }
  },
  {
   "type": "Feature",
   "geometry": {
    "type": "Point",
    "coordinates": [
     18.352656467500303,
     59.502645417396494
    ]
   },
   "properties": {
    "id": 43093,
    "namn": "Väg 276, hållplatsåtgärder Singö handel och Tallebo",
    "beskrivning": "För att öka trafiksäkerheten vill vi  samordna  de två busshållplatserna  vid Singö Handel och göra en refugbaserad gångpassage över väg 276. ",
    "typer": "Väg",
    "lan": "Stockholm",
    "url": "https://www.trafikverket.se/vara-projekt/projekt-i-stockholms-lan/vag-276-hallplatsatgarder-singo-handel-och-tallebo/",
    "punkt_index": null
   }
  },
  {
   "type": "Feature",
   "geometry": {
    "type": "Point",
    "coordinates": [
     17.48765816097234,
     60.31024132136881
    ]
   },
   "properties": {
    "id": 15724,
    "namn": "Väg 600/742, Tierp–Tierp kyrkby, gång- och cykelväg",
    "beskrivning": "Vi vill förbättra situationen för gång- och cykeltrafikanterna som rör sig mellan Tierp och Tierp kyrkby, Tierps kommun.",
    "typer": "Gång- och cykelväg",
    "lan": "Uppsala",
    "url": "https://www.trafikverket.se/vara-projekt/projekt-i-uppsala-lan/vag-600742-tierptierp-kyrkby-gang--och-cykelvag/",
    "punkt_index": null
   }
  },
  {
   "type": "Feature",
   "geometry": {
    "type": "Point",
    "coordinates": [
     15.311218946344876,
     60.5319701907701
    ]
   },
   "properties": {
    "id": 28945,
    "namn": "E16/väg 70, Borlänge–Djurås, mötesfri väg",
    "beskrivning": "Vi planerar att bygga om sträckan mellan Borlänge–Djurås till mötesfri väg med gång- och cykelväg där parallellväg saknas. ",
    "typer": "Väg",
    "lan": "Dalarna",
    "url": "https://www.trafikverket.se/vara-projekt/projekt-i-dalarnas-lan/e16vag-70-borlangedjuras-motesfri-vag/",
    "punkt_index": null
   }
  },
  {
   "type": "Feature",
   "geometry": {
    "type": "Point",
    "coordinates": [
     20.41605941438639,
     67.84211537405184
    ]
   },
   "properties": {
    "id": 4094,
    "namn": "E10, Kauppinen-Kiruna, mötesfri väg",
    "beskrivning": "Vi planerar att bygga om sträckan Kauppinen-Kiruna till mötesfri väg med mitträcke. Ombyggnationen innefattar även gång- och cykelväg, samt faunapassager.",
    "typer": "Väg",
    "lan": "Norrbotten",
    "url": "https://www.trafikverket.se/vara-projekt/projekt-i-norrbottens-lan/e10-kauppinen-kiruna/",
    "punkt_index": null
   }
  },
  {
   "type": "Feature",
   "geometry": {
    "type": "Point",
    "coordinates": [
     15.107169676761554,
     56.387576106536166
    ]
   },
   "properties": {
    "id": 6206,
    "namn": "Väg 27, förbifart Hallabro, mötesfri väg i ny sträckning",
    "beskrivning": "Väg 27 är en viktig förbindelse från Karlskrona till Växjö, och vidare till Borås och Göteborg. Förbi Hallabro kommer vägen att byggas om i ny sträckning för bättre framkomlighet och ökad trafiksäkerhet.",
    "typer": "Väg",
    "lan": "Blekinge",
    "url": "https://www.trafikverket.se/vara-projekt/projekt-i-blekinge-lan/vag-27-forbifart-hallabro-motesfri-vag-i-ny-strackning/",
    "punkt_index": null
   }
  },
  {
   "type": "Feature",
   "geometry": {
    "type": "Point",
    "coordinates": [
     18.449174835004342,
     59.3132724803881
    ]
   },
   "properties": {
    "id": 38374,
    "namn": "Väg 222, Mölnvik–Ålstäket",
    "beskrivning": "Vi planerar att bygga om väg 222 mellan Mölnvik och Ålstäket för att förbättra framkomligheten och trafiksäkerheten, framförallt för oskyddade trafikanter.\n",
    "typer": "Väg, Gång- och cykelväg",
    "lan": "Stockholm",
    "url": "https://www.trafikverket.se/vara-projekt/projekt-i-stockholms-lan/vag-222-molnvikalstaket/",
    "punkt_index": null
   }
  },
  {
   "type": "Feature",
   "geometry": {
    "type": "Point",
    "coordinates": [
     12.31042050677519,
     57.68191163638329
    ]
   },
   "properties": {
    "id": 122364,
    "namn": "Ombyggnation Flygplatsmotet, Härryda kommun",
    "beskrivning": "Vi planerar att bygga om Flygplatsmotet i samarbete med Swedavia och Härryda kommun. Detta görs för att anpassa kapaciteten för framtidens ökade trafik kopplat till exploatering av närområdet.",
    "typer": "Väg",
    "lan": "Västra Götaland",
    "url": "https://www.trafikverket.se/vara-projekt/projekt-i-vastra-gotalands-lan/ombyggnation-flygplatsmotet-harryda-kommun/",
    "punkt_index": null
   }
  },
  {
   "type": "Feature",
   "geometry": {
    "type": "Point",
    "coordinates": [
     20.30906127728281,
     67.8405138920032
    ]
   },
   "properties": {
    "id": 19731,
    "namn": "Kiruna, ny järnvägsstation",
    "beskrivning": "Vi arbetar med en järnvägsplan för en ny järnvägsstation med tillhörande spårdragning i Kiruna för persontrafik. \n",
    "typer": "Järnväg",
    "lan": "Norrbotten",
    "url": "https://www.trafikverket.se/vara-projekt/projekt-i-norrbottens-lan/kiruna-ny-jarnvagsstation/",
    "punkt_index": null
   }
  },
  {
   "type": "Feature",
   "geometry": {
    "type": "Point",
    "coordinates": [
     15.1437389154117,
     59.2326829373431
    ]
   },
   "properties": {
    "id": 32993,
    "namn": "E20, Trafikplats Marieberg Norra",
    "beskrivning": "Vi har byggt en ny trafikplats på E20 vid Marieberg för att höja trafiksäkerheten och öka framkomligheten. Bygget genomfördes i samarbete med Örebro kommun. ",
    "typer": "Väg",
    "lan": "Örebro",
    "url": "https://www.trafikverket.se/vara-projekt/projekt-i-orebro-lan/e20-trafikplats-marieberg-norra/",
    "punkt_index": null
   }
  },
  {
   "type": "Feature",
   "geometry": {
    "type": "Point",
    "coordinates": [
     20.147357025219605,
     63.7991196432656
    ]
   },
   "properties": {
    "id": 131052,
    "namn": "Väg 512, Röbäck-Skravelsjö, ny gång- och cykelväg",
    "beskrivning": "Vi planerar att bygga en cirka 1,5 km lång ny gång- och cykelväg mellan Röbäck och Skravelsjö.",
    "typer": "Gång- och cykelväg",
    "lan": "Västerbotten",
    "url": "https://www.trafikverket.se/vara-projekt/projekt-i-vasterbottens-lan/gang--och-cykelvag-roback-skravelsjo/",
    "punkt_index": null
   }
  },
  {
   "type": "Feature",
   "geometry": {
    "type": "Point",
    "coordinates": [
     18.146280480379104,
     59.297655464080805
    ]
   },
   "properties": {
    "id": 43533,
    "namn": "Väg 260, Ältastråket, del av cykelsatsning Södertörn",
    "beskrivning": "Vi rustar upp delar av cykelvägen längs väg 260, Ältastråket, för att öka framkomligheten och trafiksäkerheten.",
    "typer": "Gång- och cykelväg",
    "lan": "Stockholm",
    "url": "https://www.trafikverket.se/vara-projekt/projekt-i-stockholms-lan/vag-260-altastraket-del-av-cykelsatsning-sodertorn/",
    "punkt_index": null
   }
  },
  {
   "type": "Feature",
   "geometry": {
    "type": "Point",
    "coordinates": [
     12.978527559331946,
     56.59319344733489
    ]
   },
   "properties": {
    "id": 76295,
    "namn": "Väg 15, Eldsberga, vattenskyddsåtgärder",
    "beskrivning": "Vi bygger om väg 15 vid samhället Eldsberga för att minska risken för utsläpp som förorenar grundvattenförekomsten Eldsbergaåsen. ",
    "typer": "Väg",
    "lan": "Halland",
    "url": "https://www.trafikverket.se/vara-projekt/projekt-i-hallands-lan/vag-15-eldsberga-vattenskyddsatgarder/",
    "punkt_index": null
   }
  },
  {
   "type": "Feature",
   "geometry": {
    "type": "Point",
    "coordinates": [
     17.350040247915356,
     62.291178818622924
    ]
   },
   "properties": {
    "id": 52650,
    "namn": "E4, Nolby landbro, vattenskyddsåtgärder",
    "beskrivning": "Vi ska förbättra hanteringen av vägdagvattnet från Nolby landbro strax söder om Sundsvall. Det gör vi för att skydda Nolby vattenskyddsområde. Vi säkrar även framtida drift och underhåll av bron.",
    "typer": "Väg",
    "lan": "Västernorrland",
    "url": "https://www.trafikverket.se/vara-projekt/projekt-i-vasternorrlands-lan/e4-nolby-landbro-vattenskyddsatgarder/",
    "punkt_index": null
   }
  },
  {
   "type": "Feature",
   "geometry": {
    "type": "Point",
    "coordinates": [
     12.156948269298422,
     57.69547766813451
    ]
   },
   "properties": {
    "id": 125244,
    "namn": "Väg 535, Cirkulationsplats och gång- och cykelväg vid Gökskulla",
    "beskrivning": "Vi planerar att göra trafikförbättringar längs väg 535, vid Gökskulla. Detta för att höja trafiksäkerhet och framkomlighet, bidra till regionens och Härryda kommuns utveckling samt bevara grönt stråk för fauna.",
    "typer": "Gång- och cykelväg",
    "lan": "Västra Götaland",
    "url": "https://www.trafikverket.se/vara-projekt/projekt-i-vastra-gotalands-lan/vag-535-cirkulationsplats-och-gang--och-cykelvag-vid-gokskulla/",
    "punkt_index": null
   }
  },
  {
   "type": "Feature",
   "geometry": {
    "type": "Point",
    "coordinates": [
     14.16550989242339,
     58.826790499062525
    ]
   },
   "properties": {
    "id": 21361,
    "namn": "E20, Hasslerör–Vallsjön, faunapassager",
    "beskrivning": "Vi planerar att förbättra möjligheten för klövvilt (faunan) att passera över E20 mellan Hasslerör och Vallsjön och därmed minska barriäreffekten samt öka säkerheten för både djur och trafikanter.",
    "typer": "Väg",
    "lan": "Västra Götaland",
    "url": "https://www.trafikverket.se/vara-projekt/projekt-i-vastra-gotalands-lan/e20-hasslerorvallsjon-faunapassager/",
    "punkt_index": null
   }
  },
  {
   "type": "Feature",
   "geometry": {
    "type": "Point",
    "coordinates": [
     15.937203513902652,
     58.240078453015926
    ]
   },
   "properties": {
    "id": 148659,
    "namn": "Väg 35, Åtvidaberg–Rösten, mötesfri väg och viltåtgärder",
    "beskrivning": "Vi planerar att förbättra trafiksäkerheten och framkomligheten på väg 35 mellan Åtvidaberg och Rösten. Vägen byggs om till mötesfri 2+1-väg och vi genomför åtgärder som minskar risken för viltolyckor.",
    "typer": "Väg",
    "lan": "Östergötland",
    "url": "https://www.trafikverket.se/vara-projekt/projekt-i-ostergotlands-lan/vag-35-atvidabergrosten-motesfri-vag-och-viltatgarder/",
    "punkt_index": null
   }
  },
  {
   "type": "Feature",
   "geometry": {
    "type": "Point",
    "coordinates": [
     11.972941131313753,
     57.7122908913007
    ]
   },
   "properties": {
    "id": 148816,
    "namn": "Station Korsvägen",
    "beskrivning": "Mitt i evenemangsstråket och under trafikerade Korsvägen bygger vi en av Västlänkens underjordiska tågstationer, station Korsvägen. Med tre uppgångar kommer fler att kunna byta och ta sig snabbt vidare inom Storgöteborg.",
    "typer": "Järnväg",
    "lan": "Västra Götaland",
    "url": "https://www.trafikverket.se/vara-projekt/projekt-i-vastra-gotalands-lan/vastlanken/vastlanken-stationkorsvagen/",
    "punkt_index": 0
   }
  },
  {
   "type": "Feature",
   "geometry": {
    "type": "Point",
    "coordinates": [
     11.971738803336542,
     57.711094649794916
    ]
   },
   "properties": {
    "id": 148816,
    "namn": "Station Korsvägen",
    "beskrivning": "Mitt i evenemangsstråket och under trafikerade Korsvägen bygger vi en av Västlänkens underjordiska tågstationer, station Korsvägen. Med tre uppgångar kommer fler att kunna byta och ta sig snabbt vidare inom Storgöteborg.",
    "typer": "Järnväg",
    "lan": "Västra Götaland",
    "url": "https://www.trafikverket.se/vara-projekt/projekt-i-vastra-gotalands-lan/vastlanken/vastlanken-stationkorsvagen/",
    "punkt_index": 1
   }
  },
  {
   "type": "Feature",
   "geometry": {
    "type": "Point",
    "coordinates": [
     11.972941131313753,
     57.7122908913007
    ]
   },
   "properties": {
    "id": 148683,
    "namn": "Station Haga",
    "beskrivning": "I hjärtat av Göteborg, under Haga kyrkoplan, placeras Haga station in. Haga är den av Västlänkens stationer som kommer att ligga längst västerut och skapar en ny bytespunkt mellan tåg och stadstrafik. ",
    "typer": "Järnväg",
    "lan": "Västra Götaland",
    "url": "https://www.trafikverket.se/vara-projekt/projekt-i-vastra-gotalands-lan/vastlanken/vastlanken-stationhaga/",
    "punkt_index": 0
   }
  },
  {
   "type": "Feature",
   "geometry": {
    "type": "Point",
    "coordinates": [
     11.971738803336542,
     57.711094649794916
    ]
   },
   "properties": {
    "id": 148683,
    "namn": "Station Haga",
    "beskrivning": "I hjärtat av Göteborg, under Haga kyrkoplan, placeras Haga station in. Haga är den av Västlänkens stationer som kommer att ligga längst västerut och skapar en ny bytespunkt mellan tåg och stadstrafik. ",
    "typer": "Järnväg",
    "lan": "Västra Götaland",
    "url": "https://www.trafikverket.se/vara-projekt/projekt-i-vastra-gotalands-lan/vastlanken/vastlanken-stationhaga/",
    "punkt_index": 1
   }
  },
  {
   "type": "Feature",
   "geometry": {
    "type": "Point",
    "coordinates": [
     12.805393672818703,
     55.99045901410182
    ]
   },
   "properties": {
    "id": 148573,
    "namn": "Rååbanan, Gantofta station, ny plattform och gångbro",
    "beskrivning": "Vi bygger en ny plattform och gångbro i Gantofta för att öka järnvägens kapacitet och skapa en säker, tillgänglig passage över spåren. ",
    "typer": "Järnväg",
    "lan": "Skåne",
    "url": "https://www.trafikverket.se/vara-projekt/projekt-i-skane-lan/raabanan-gantofta-station-ny-plattform-och-gangbro/",
    "punkt_index": null
   }
  },
  {
   "type": "Feature",
   "geometry": {
    "type": "Point",
    "coordinates": [
     18.036761297292493,
     59.41444008947242
    ]
   },
   "properties": {
    "id": 33340,
    "namn": "E18, Danderyd, busshållplatser på motorväg",
    "beskrivning": "Trafikverkets mål är att förbättra framkomlighet och tillgänglighet för bussresenärer i området. ",
    "typer": "Väg",
    "lan": "Stockholm",
    "url": "https://www.trafikverket.se/vara-projekt/projekt-i-stockholms-lan/E-18-busshallplatser-Danderyd/",
    "punkt_index": null
   }
  },
  {
   "type": "Feature",
   "geometry": {
    "type": "Point",
    "coordinates": [
     18.008532971569856,
     59.41815389103057
    ]
   },
   "properties": {
    "id": 146828,
    "namn": "Väg 262, Danderyd-Rösjön, ny gång- och cykelväg",
    "beskrivning": "Ny gång- och cykelväg i anslutning till väg 262. \n\n",
    "typer": "Gång- och cykelväg",
    "lan": "Stockholm",
    "url": "https://www.trafikverket.se/vara-projekt/projekt-i-stockholms-lan/vag262danderyd-rosjon-gc/",
    "punkt_index": null
   }
  },
  {
   "type": "Feature",
   "geometry": {
    "type": "Point",
    "coordinates": [
     14.753423000459291,
     56.88993226927082
    ]
   },
   "properties": {
    "id": 85779,
    "namn": "Väg 23, trafikplats Helgevärma",
    "beskrivning": "Vi vill skapa en smidig och trafiksäker miljö och planerar för att bygga ut trafikplats Helgevärma i en första etapp. ",
    "typer": "Väg",
    "lan": "Kronoberg",
    "url": "https://www.trafikverket.se/vara-projekt/projekt-i-kronobergs-lan/vag-23-trafikplats-helgevarma/",
    "punkt_index": null
   }
  },
  {
   "type": "Feature",
   "geometry": {
    "type": "Point",
    "coordinates": [
     13.213406919529433,
     63.45071960805882
    ]
   },
   "properties": {
    "id": 21601,
    "namn": "Väg 662, Bonäshamn–Huså, förbättrad bärighet och framkomlighet",
    "beskrivning": "Vi förstärker väg 662, Bonäshamn–Huså för att öka trafiksäkerheten och framkomligheten. Vägen är i dag till övervägande delen en grusväg och det finns stora problem med tjälskador och bärighet.",
    "typer": "Väg",
    "lan": "Jämtland",
    "url": "https://www.trafikverket.se/vara-projekt/projekt-i-jamtlands-lan/vag-662-bonashamnhusa-forbattrad-barighet-och-framkomlighet/",
    "punkt_index": null
   }
  },
  {
   "type": "Feature",
   "geometry": {
    "type": "Point",
    "coordinates": [
     13.186171311127465,
     55.7073245337113
    ]
   },
   "properties": {
    "id": 96688,
    "namn": "Lund C, tillgänglighetsanpassning",
    "beskrivning": "Vi planerar att tillgänglighetsanpassa Lund centralstation för att den ska fungera bättre för fler resenärer. Det bidrar även till en bekvämare och tryggare resa.",
    "typer": "Järnväg",
    "lan": "Skåne",
    "url": "https://www.trafikverket.se/vara-projekt/projekt-i-skane-lan/lund-c-tillganglighetsanpassning/",
    "punkt_index": null
   }
  },
  {
   "type": "Feature",
   "geometry": {
    "type": "Point",
    "coordinates": [
     15.375141532775778,
     56.19954421788041
    ]
   },
   "properties": {
    "id": 87221,
    "namn": "Väg 669, Gärestad-Björketorp, gång- och cykelväg",
    "beskrivning": "Vi planerar att bygga en ny gång- och cykelväg längs med väg 669 från Gärestad till anslutningen av E22 vid Björketorp. Det ska öka framkomligheten och trafiksäkerheten för oskyddade trafikanter (cyklister och gående).",
    "typer": "Gång- och cykelväg",
    "lan": "Blekinge",
    "url": "https://www.trafikverket.se/vara-projekt/projekt-i-blekinge-lan/vag-669-garestad-bjorketorp-gang--och-cykelvag/",
    "punkt_index": null
   }
  },
  {
   "type": "Feature",
   "geometry": {
    "type": "Point",
    "coordinates": [
     13.16092439812231,
     63.37358988640352
    ]
   },
   "properties": {
    "id": 65888,
    "namn": "E14, Så-Vik, gång-, cykel- och mopedväg",
    "beskrivning": "Vi planerar att bygga en belyst gång-, cykel- och mopedväg mellan Så och Vik, i Åre kommun.  Det gör vi för att öka säkerheten för oskyddade trafikanter. ",
    "typer": "Gång- och cykelväg",
    "lan": "Jämtland",
    "url": "https://www.trafikverket.se/vara-projekt/projekt-i-jamtlands-lan/e14-sa-vik---gang--och-cykelvagvag/",
    "punkt_index": null
   }
  },
  {
   "type": "Feature",
   "geometry": {
    "type": "Point",
    "coordinates": [
     13.609189274375762,
     58.39786053098077
    ]
   },
   "properties": {
    "id": 10296,
    "namn": "Väg 49, Axvall–Varnhem, mötesfri landsväg",
    "beskrivning": "Vi planerar att bygga ut väg 49 mellan Axvall och Varnhem till mötesfri landsväg. Syftet är att öka trafiksäkerheten, förbättra framkomligheten och vägens standard.",
    "typer": "Väg",
    "lan": "Västra Götaland",
    "url": "https://www.trafikverket.se/vara-projekt/projekt-i-vastra-gotalands-lan/vag-49-axvallvarnhem-motesfri-landsvag/",
    "punkt_index": null
   }
  },
  {
   "type": "Feature",
   "geometry": {
    "type": "Point",
    "coordinates": [
     14.293842001077449,
     57.749899667778614
    ]
   },
   "properties": {
    "id": 122252,
    "namn": "Huskvarna-Tenhult, nytt mötesspår",
    "beskrivning": "Vi planerar att bygga ett nytt mötesspår på järnväg mellan Huskvarna och Tenhult. ",
    "typer": "Järnväg",
    "lan": "Jönköping",
    "url": "https://www.trafikverket.se/vara-projekt/projekt-i-jonkopings-lan/huskvarna-tenhult-ny-motesstation/",
    "punkt_index": null
   }
  },
  {
   "type": "Feature",
   "geometry": {
    "type": "Point",
    "coordinates": [
     13.080974889880812,
     55.698261536606914
    ]
   },
   "properties": {
    "id": 14555,
    "namn": "Lommabanan, Kävlinge–Arlöv, utbyggnad för persontrafik",
    "beskrivning": "Lommabanan öppnades för persontåg i december 2020. Nu fortsätter vi att bygga ut banan med tätare tågtrafik och nya stationer.",
    "typer": "Järnväg",
    "lan": "Skåne",
    "url": "https://www.trafikverket.se/vara-projekt/projekt-i-skane-lan/Lommabanan/",
    "punkt_index": null
   }
  },
  {
   "type": "Feature",
   "geometry": {
    "type": "Point",
    "coordinates": [
     17.14885923735638,
     60.687304372201474
    ]
   },
   "properties": {
    "id": 5233,
    "namn": "Ostkustbanan dubbelspårsutbyggnad",
    "beskrivning": "Vi planerar och utreder för dubbelspår mellan Gävle och Sundsvall, en av Sveriges mest belastade järnvägssträckor.\n",
    "typer": "Järnväg",
    "lan": "Gävleborg, Västernorrland",
    "url": "https://www.trafikverket.se/vara-projekt/projekt-som-stracker-sig-over-flera-lan/ostkustbanan-dubbelsparsutbyggnad/",
    "punkt_index": 0
   }
  },
  {
   "type": "Feature",
   "geometry": {
    "type": "Point",
    "coordinates": [
     17.343760073847555,
     62.38179259840165
    ]
   },
   "properties": {
    "id": 5233,
    "namn": "Ostkustbanan dubbelspårsutbyggnad",
    "beskrivning": "Vi planerar och utreder för dubbelspår mellan Gävle och Sundsvall, en av Sveriges mest belastade järnvägssträckor.\n",
    "typer": "Järnväg",
    "lan": "Gävleborg, Västernorrland",
    "url": "https://www.trafikverket.se/vara-projekt/projekt-som-stracker-sig-over-flera-lan/ostkustbanan-dubbelsparsutbyggnad/",
    "punkt_index": 1
   }
  },
  {
   "type": "Feature",
   "geometry": {
    "type": "Point",
    "coordinates": [
     18.134872781039505,
     59.09428151405344
    ]
   },
   "properties": {
    "id": 18951,
    "namn": "Väg 560, Årsta havsbad, gång- och cykelväg",
    "beskrivning": "Vi bygger ut gång- och cykelvägen mellan väg 560/563 och Årsta havsbad.",
    "typer": "Gång- och cykelväg",
    "lan": "Stockholm",
    "url": "https://www.trafikverket.se/vara-projekt/projekt-i-stockholms-lan/vag-560-arsta-havsbad-gang--och-cykelvag/",
    "punkt_index": null
   }
  },
  {
   "type": "Feature",
   "geometry": {
    "type": "Point",
    "coordinates": [
     17.458361960567867,
     62.54782896544671
    ]
   },
   "properties": {
    "id": 6694,
    "namn": "Ådalsbanan, Sundsvall–Härnösand, ny sträckning",
    "beskrivning": "Vi planerar för framtida ny sträckning för Ådalsbanan på sträckan mellan Sundsvall och Härnösand. Fram till hösten 2026 pågår en fördjupad studie av delen mellan Birsta-Bye.",
    "typer": "Järnväg",
    "lan": "Västernorrland",
    "url": "https://www.trafikverket.se/vara-projekt/projekt-som-stracker-sig-over-flera-lan/ostkustbanan-dubbelsparsutbyggnad/sundsvall-harnosand-ny-strackning/",
    "punkt_index": null
   }
  },
  {
   "type": "Feature",
   "geometry": {
    "type": "Point",
    "coordinates": [
     15.354193400602453,
     63.5898608366084
    ]
   },
   "properties": {
    "id": 46296,
    "namn": "E45, Hammerdal, gång-, cykel- och mopedväg",
    "beskrivning": "Vi vill förbättra säkerheten för oskyddade trafikanter i Hammerdal. Därför planerar vi att bygga en ny gång-, cykel- och mopedväg längs E45.\n",
    "typer": "Gång- och cykelväg",
    "lan": "Jämtland",
    "url": "https://www.trafikverket.se/vara-projekt/projekt-i-jamtlands-lan/e45-hammerdal-gang-cykel-och-mopedvagg/",
    "punkt_index": null
   }
  },
  {
   "type": "Feature",
   "geometry": {
    "type": "Point",
    "coordinates": [
     13.981683162720254,
     57.932594360455376
    ]
   },
   "properties": {
    "id": 59008,
    "namn": "Väg 1819, Mullsjö-Habo, gång- och cykelväg delen Furusjö-Dungen",
    "beskrivning": "Vi planerar att bygga en gång- och cykelväg mellan Furusjö och Habo. Det gör vi för att öka trafiksäkerheten för oskyddade trafikanter.",
    "typer": "Gång- och cykelväg",
    "lan": "Jönköping",
    "url": "https://www.trafikverket.se/vara-projekt/projekt-i-jonkopings-lan/vag-1819-mullsjo-habo-gang--och-cykelvag-delen-furusjo-dungen/",
    "punkt_index": null
   }
  },
  {
   "type": "Feature",
   "geometry": {
    "type": "Point",
    "coordinates": [
     12.183671147587841,
     58.32954605062978
    ]
   },
   "properties": {
    "id": 143839,
    "namn": "Väg 44, Uddevalla–Trollhättan, faunapassage",
    "beskrivning": "Väg 44 mellan Uddevalla och Trollhättan är en stängslad motorväg som skapar hinder för vilt att passera vägen. En planerad faunapassage ska göra det enklare för vilt att korsa vägen och minska risken för viltolyckor.",
    "typer": "Väg",
    "lan": "Västra Götaland",
    "url": "https://www.trafikverket.se/vara-projekt/projekt-i-vastra-gotalands-lan/vag-44-uddevallatrollhattan-faunapassage/",
    "punkt_index": null
   }
  },
  {
   "type": "Feature",
   "geometry": {
    "type": "Point",
    "coordinates": [
     13.055534759112529,
     59.560294094482195
    ]
   },
   "properties": {
    "id": 16044,
    "namn": "Väg 61, Framnäs–Högboda, mötesfri väg",
    "beskrivning": "Vi planerar att bredda och mötesseparera väg 61 mellan Framnäs och Högboda. Syftet är att förbättra trafiksäkerheten och framkomligheten på sträckan, både för person- och godstransporter.",
    "typer": "Väg",
    "lan": "Värmland",
    "url": "https://www.trafikverket.se/vara-projekt/projekt-i-varmlands-lan/vag-61-framnashogboda-motesfri-vag/",
    "punkt_index": null
   }
  },
  {
   "type": "Feature",
   "geometry": {
    "type": "Point",
    "coordinates": [
     12.86595189663479,
     56.67294731798763
    ]
   },
   "properties": {
    "id": 96468,
    "namn": "Gång- och cykeltunnel vid Fredsgatan, Halmstad",
    "beskrivning": "Vi ska bygga en ny gång- och cykeltunnel för en säkrare trafiksituation vid Fredsgatan, i samarbete med  Halmstad kommun. ",
    "typer": "Gång- och cykelväg",
    "lan": "Halland",
    "url": "https://www.trafikverket.se/vara-projekt/projekt-i-hallands-lan/halmstad-vaxer/gang--och-cykeltunnel-vid-fredsgatan-halmstad/",
    "punkt_index": null
   }
  },
  {
   "type": "Feature",
   "geometry": {
    "type": "Point",
    "coordinates": [
     19.09737642971338,
     63.33910765026497
    ]
   },
   "properties": {
    "id": 109308,
    "namn": "E4, Gideåbacka, flytt av anslutning till virkesterminal",
    "beskrivning": "Vi ska flytta anslutningen till virkesterminalen med 250 meter. Detta gör vi för att korsningen på E4 i höjd med Gideåbacka ska få bättre sikt och bli mer trafiksäker.",
    "typer": "Väg",
    "lan": "Västernorrland",
    "url": "https://www.trafikverket.se/vara-projekt/projekt-i-vasternorrlands-lan/e4-gideabacka-flytt-av-anslutning-till-virkesterminal/",
    "punkt_index": null
   }
  },
  {
   "type": "Feature",
   "geometry": {
    "type": "Point",
    "coordinates": [
     22.819283014537177,
     66.37301567953723
    ]
   },
   "properties": {
    "id": 20215,
    "namn": "Väg 98, Lillån, vandringshinder, Överkalix",
    "beskrivning": "I Lillån i Överkalix kommun påverkas fiskbeståndet negativt på grund av den damm som finns i åns inlopp. Vi har nu därför bytt ut gamla rörbron mot en öppen bro. Dessutom har vi våren 2024 rivit dammen. ",
    "typer": "Väg",
    "lan": "Norrbotten",
    "url": "https://www.trafikverket.se/vara-projekt/projekt-i-norrbottens-lan/vag-98-lillan-vandringshinder-overkalix/",
    "punkt_index": null
   }
  },
  {
   "type": "Feature",
   "geometry": {
    "type": "Point",
    "coordinates": [
     12.945820925104695,
     56.131598395138
    ]
   },
   "properties": {
    "id": 144456,
    "namn": "Skånebanan, Åstorp – Helsingborg, spår- och växelbyte",
    "beskrivning": "Vi genomför spår- och växelbyte mellan Åstorp – Helsingborg för järnvägen på denna sträckan har nått sin tekniska livslängd. Arbetet utförs för att minimera driftstörningar samt möjliggöra hastighetshöjning i framtiden.",
    "typer": "Järnväg",
    "lan": "Skåne",
    "url": "https://www.trafikverket.se/vara-projekt/projekt-i-skane-lan/skanebanan-astorp--helsingborg-spar--och-vaxelbyte/",
    "punkt_index": null
   }
  },
  {
   "type": "Feature",
   "geometry": {
    "type": "Point",
    "coordinates": [
     12.09547372821482,
     58.68705446567423
    ]
   },
   "properties": {
    "id": 12471,
    "namn": "Väg 172, Härsängen, profiljustering, kurvrätning och breddning",
    "beskrivning": "Väg 172 vid Härsängen är i dag smal och har bitvis låg standard. Därför ska vi bland annat räta ut vägen, bredda den och göra den mer trafiksäker med bättre siktförhållanden.",
    "typer": "Väg",
    "lan": "Västra Götaland",
    "url": "https://www.trafikverket.se/vara-projekt/projekt-i-vastra-gotalands-lan/vag-172-harsangen-profiljustering-kurvratning-och-breddning/",
    "punkt_index": null
   }
  },
  {
   "type": "Feature",
   "geometry": {
    "type": "Point",
    "coordinates": [
     14.990384413345142,
     58.753871192853246
    ]
   },
   "properties": {
    "id": 24929,
    "namn": "Väg 50, Nykyrka-Brattebro backe, mötesfri väg",
    "beskrivning": "Vi planerar att bygga om väg 50 mellan Nykyrka och Brattebro backe till mötesseparerad landsväg för att öka framkomligheten och förbättra trafiksäkerheten.",
    "typer": "Väg",
    "lan": "Örebro",
    "url": "https://www.trafikverket.se/vara-projekt/projekt-i-orebro-lan/vag50-nykyrka-brattebro-backe-motesfrivag/",
    "punkt_index": null
   }
  },
  {
   "type": "Feature",
   "geometry": {
    "type": "Point",
    "coordinates": [
     17.998130295783554,
     59.32384217886208
    ]
   },
   "properties": {
    "id": 112033,
    "namn": "Essingebron kollisionsskydd - nya ledverk",
    "beskrivning": "Vi planerar att anlägga ledverk i vattnet under Essingebron för att skydda brostöden. Ledverken är ett kollisionsskydd som består av kraftiga stål- eller betongbalkar som ska bromsa in och leda fartyg rätt under bron.",
    "typer": "Väg",
    "lan": "Stockholm",
    "url": "https://www.trafikverket.se/vara-projekt/projekt-i-stockholms-lan/essingebron-nya-ledverk/",
    "punkt_index": null
   }
  },
  {
   "type": "Feature",
   "geometry": {
    "type": "Point",
    "coordinates": [
     14.790545667403476,
     59.79371291594716
    ]
   },
   "properties": {
    "id": 33152,
    "namn": "Väg 63, förbifart Hjulsjö, ny sträckning av väg",
    "beskrivning": "Vi har byggt klart den nya vägen norr om Hjulsjö. Den är 4,6 kilometer lång, den är trafiksäkrare och har bättre framkomlighet. Vi öppnade vägen för trafik 30 november 2023.",
    "typer": "Väg",
    "lan": "Örebro",
    "url": "https://www.trafikverket.se/vara-projekt/projekt-i-orebro-lan/vag-63-forbifart-hjulsjo/",
    "punkt_index": null
   }
  },
  {
   "type": "Feature",
   "geometry": {
    "type": "Point",
    "coordinates": [
     17.211328454286914,
     59.65716871811083
    ]
   },
   "properties": {
    "id": 6847,
    "namn": "Väg 55, Enköping – Litslena, mötesfri väg",
    "beskrivning": "Vi planerar att bygga om väg 55 mellan Enköping och Litslena till en så kallad mötesfri väg. Vi ska också bygga gång- och cykelväg längs sträckan. Syftet är att förbättra trafiksäkerheten och öka framkomligheten. ",
    "typer": "Väg, Gång- och cykelväg",
    "lan": "Uppsala",
    "url": "https://www.trafikverket.se/vara-projekt/projekt-i-uppsala-lan/vag-55-enkoping--litslena-motesfri-vag/",
    "punkt_index": null
   }
  },
  {
   "type": "Feature",
   "geometry": {
    "type": "Point",
    "coordinates": [
     14.411235768003273,
     63.26375783162442
    ]
   },
   "properties": {
    "id": 47460,
    "namn": "Väg 609/614, Rödön, ny gång- och cykelväg",
    "beskrivning": "Trafikverket planerar en ny gång- och cykelväg från avtagsväg Vike/By till avtagsvägen vid skylt Häste. Avsikten är att öka trafiksäkerheten för oskyddade trafikanter. ",
    "typer": "Gång- och cykelväg",
    "lan": "Jämtland",
    "url": "https://www.trafikverket.se/vara-projekt/projekt-i-jamtlands-lan/vag-609614-rodon-ny-gang--och-cykelvag/",
    "punkt_index": null
   }
  },
  {
   "type": "Feature",
   "geometry": {
    "type": "Point",
    "coordinates": [
     15.202028669760985,
     59.27001119577214
    ]
   },
   "properties": {
    "id": 130760,
    "namn": "Örebro Södra, säkerhetshöjande åtgärder",
    "beskrivning": "För att öka säkerheten vid Örebro Södra bygger vi en ny plattform på västra sidan av spåren. Därmed kan vi stänga plattformsövergången och riva mittplattformen.",
    "typer": "Järnväg",
    "lan": "Örebro",
    "url": "https://www.trafikverket.se/vara-projekt/projekt-i-orebro-lan/orebro-sodra-sakerhetshojande-atgarder/",
    "punkt_index": null
   }
  },
  {
   "type": "Feature",
   "geometry": {
    "type": "Point",
    "coordinates": [
     18.21587301599513,
     59.45013435872624
    ]
   },
   "properties": {
    "id": 42358,
    "namn": "Väg 274/1004, Kulla vägskäl i Österåkers kommun",
    "beskrivning": "Vi ska bygga en gång- och cykelport vid Kulla vägskäl, korsningen mellan väg 274 Vaxholmsvägen och väg 1004 Svinningevägen. Det gör vi för att öka trafiksäkerheten och tillgängligheten för gående och cyklister.",
    "typer": "Gång- och cykelväg",
    "lan": "Stockholm",
    "url": "https://www.trafikverket.se/vara-projekt/projekt-i-stockholms-lan/vag-274-1004-kulla-vagskal-i-osterakers-kommun/",
    "punkt_index": null
   }
  },
  {
   "type": "Feature",
   "geometry": {
    "type": "Point",
    "coordinates": [
     13.778913871814064,
     57.170763919905696
    ]
   },
   "properties": {
    "id": 49898,
    "namn": "Forsheda–Reftele, plankorsningsåtgärder",
    "beskrivning": "Vi planerar att öka säkerheten vid plankorsningar på sträckan Forsheda–Reftele med hjälp av bland annat bommar. Vi ska också sätta upp suicidstängsel på delar av sträckan där det förekommer spårspring.",
    "typer": "Väg",
    "lan": "Jönköping",
    "url": "https://www.trafikverket.se/vara-projekt/projekt-i-jonkopings-lan/forshedareftele-plankorsningsatgarder/",
    "punkt_index": null
   }
  },
  {
   "type": "Feature",
   "geometry": {
    "type": "Point",
    "coordinates": [
     14.099059855749962,
     56.03018318318965
    ]
   },
   "properties": {
    "id": 85191,
    "namn": "Väg 19, Härlöv–Karpalund, 2+1 väg",
    "beskrivning": "Vi planerar att bygga om riksväg 19 till en mötesfri väg med mittseparering och 2+1 körfält. Vi planerar också för en gång- och cykelväg mellan Härlöv och Karpalund. ",
    "typer": "Väg",
    "lan": "Skåne",
    "url": "https://www.trafikverket.se/vara-projekt/projekt-i-skane-lan/vag-19-harlovkarpalund-21-vag/",
    "punkt_index": null
   }
  },
  {
   "type": "Feature",
   "geometry": {
    "type": "Point",
    "coordinates": [
     12.515148972970016,
     57.395994681081845
    ]
   },
   "properties": {
    "id": 45739,
    "namn": "Väg 41, Sundholmen–Björketorp, mötesfri väg",
    "beskrivning": "Vi bygger en mötesfri väg på sträckan mellan Sundholmen och Björketorp. Vi har även ersatt obevakade plankorsningar på Viskadalsbanan. Det gör att trafikanter kan ta sig fram säkrare och smidigare.  ",
    "typer": "Väg",
    "lan": "Västra Götaland",
    "url": "https://www.trafikverket.se/vara-projekt/projekt-i-vastra-gotalands-lan/vag-41sundholmenbjorketorp-motesfri-vag/",
    "punkt_index": null
   }
  },
  {
   "type": "Feature",
   "geometry": {
    "type": "Point",
    "coordinates": [
     12.513324253531772,
     57.37523583526671
    ]
   },
   "properties": {
    "id": 18536,
    "namn": "Väg 1519, Sundholmen–Öxnevalla–Svansjö, förbättrad bärighet och brobyte",
    "beskrivning": "Vi påbörjar vägplan för att förstärka väg 1519, Sundholmen–Öxnevalla–Svansjö och ny bro över Viskan, för att höja trafiksäkerheten och öka bärighetsklassen.",
    "typer": "Väg",
    "lan": "Västra Götaland",
    "url": "https://www.trafikverket.se/vara-projekt/projekt-i-vastra-gotalands-lan/vag-1519-sundholmenoxnevallasvansjo-forbattrad-barighet-och-brobyte/",
    "punkt_index": null
   }
  },
  {
   "type": "Feature",
   "geometry": {
    "type": "Point",
    "coordinates": [
     16.143157353778275,
     59.57907747846967
    ]
   },
   "properties": {
    "id": 10108,
    "namn": "E18, Köping - Västjädra",
    "beskrivning": "Vi har byggt om E18 mellan Köping och Västjädra till motorväg med två körfält i vardera riktning, för att förbättra framkomligheten och trafiksäkerheten.",
    "typer": "Väg",
    "lan": "Västmanland",
    "url": "https://www.trafikverket.se/vara-projekt/projekt-i-vastmanlands-lan/e18-koping---vastjadra/",
    "punkt_index": null
   }
  },
  {
   "type": "Feature",
   "geometry": {
    "type": "Point",
    "coordinates": [
     14.374390285177755,
     62.654059358818046
    ]
   },
   "properties": {
    "id": 86803,
    "namn": "E45, genom Åsarna",
    "beskrivning": "Vi ska göra genomfarten i Åsarna trafiksäkrare och mer attraktiv. Arbetet är ett demoprojekt som ska titta på hur vi kan bidra till en hållbar tätortsutveckling för genomfarter med liknande förutsättningar.",
    "typer": "Väg",
    "lan": "Jämtland",
    "url": "https://www.trafikverket.se/vara-projekt/projekt-i-jamtlands-lan/e45-genom-asarna/",
    "punkt_index": null
   }
  },
  {
   "type": "Feature",
   "geometry": {
    "type": "Point",
    "coordinates": [
     12.978527559331946,
     56.59319344733489
    ]
   },
   "properties": {
    "id": 136093,
    "namn": "E6/E20, Halmstad, vattenskyddsåtgärder",
    "beskrivning": "Vi genomför grundvattenskyddsåtgärder längs 2,8 km av E6/E20, strax norr om Halmstad. Detta görs för att minska risken för att utsläpp ska förorena grundvattentäkten Prästjorden Fotstad i Halmstad kommun.\n",
    "typer": "Väg",
    "lan": "Halland",
    "url": "https://www.trafikverket.se/vara-projekt/projekt-i-hallands-lan/E6-E20-halmstad-vattenskyddsatgarder/",
    "punkt_index": null
   }
  },
  {
   "type": "Feature",
   "geometry": {
    "type": "Point",
    "coordinates": [
     13.59444819149815,
     59.3934112897197
    ]
   },
   "properties": {
    "id": 17646,
    "namn": "Värmlandsbanan, Laxå–Charlottenberg, kapacitetshöjande åtgärder",
    "beskrivning": "Kapacitetshöjande åtgärder som genomförs mellan åren 2017 och 2026 ska förbättra Värmlandsbanans standard.",
    "typer": "Järnväg",
    "lan": "Värmland",
    "url": "https://www.trafikverket.se/vara-projekt/projekt-i-varmlands-lan/varmlandsbanan/",
    "punkt_index": null
   }
  },
  {
   "type": "Feature",
   "geometry": {
    "type": "Point",
    "coordinates": [
     13.532812267719866,
     57.59496858867008
    ]
   },
   "properties": {
    "id": 14446,
    "namn": "Väg 1728, Dalstorp, tvärförbindelse",
    "beskrivning": "Vi planerar att bygga en väg mellan väg 1728 och väg 1726 vid Dalstorp i Tranemo kommun. Det gör vi för att avlasta centrala Dalstorp från tung trafik och förbättra trafiksäkerheten och framkomligheten på väg 1728.",
    "typer": "Väg",
    "lan": "Västra Götaland",
    "url": "https://www.trafikverket.se/vara-projekt/projekt-i-vastra-gotalands-lan/vag-1728-dalstorp-tvarforbindelse/",
    "punkt_index": null
   }
  },
  {
   "type": "Feature",
   "geometry": {
    "type": "Point",
    "coordinates": [
     12.47220923068284,
     57.69309335877791
    ]
   },
   "properties": {
    "id": 90966,
    "namn": "Kust till kust-banan, Almedal–Borås, upprustningsåtgärder",
    "beskrivning": "Vi planerar ett antal upprustningsåtgärder, bland annat att rusta upp befintlig kontaktledningsanläggning. Detta gör vi för att öka livslängden på anläggningen och minska risken för trafikstörningar.",
    "typer": "Järnväg",
    "lan": "Västra Götaland",
    "url": "https://www.trafikverket.se/vara-projekt/projekt-i-vastra-gotalands-lan/kust-till-kust-banan-almedalboras-upprustningsatgarder/",
    "punkt_index": null
   }
  },
  {
   "type": "Feature",
   "geometry": {
    "type": "Point",
    "coordinates": [
     20.217987826971676,
     63.857805430613155
    ]
   },
   "properties": {
    "id": 4262,
    "namn": "Norrbotniabanan",
    "beskrivning": "Vi bygger Norrbotniabanan, en ny järnväg mellan Umeå och Luleå för snabbare, säkrare och mer miljövänliga resor och transporter. Vi bygger nya möjligheter.\n",
    "typer": "Järnväg",
    "lan": "Norrbotten, Västerbotten",
    "url": "https://www.trafikverket.se/vara-projekt/projekt-som-stracker-sig-over-flera-lan/norrbotniabanan/",
    "punkt_index": 0
   }
  },
  {
   "type": "Feature",
   "geometry": {
    "type": "Point",
    "coordinates": [
     20.858032231742943,
     64.18865130516419
    ]
   },
   "properties": {
    "id": 4262,
    "namn": "Norrbotniabanan",
    "beskrivning": "Vi bygger Norrbotniabanan, en ny järnväg mellan Umeå och Luleå för snabbare, säkrare och mer miljövänliga resor och transporter. Vi bygger nya möjligheter.\n",
    "typer": "Järnväg",
    "lan": "Norrbotten, Västerbotten",
    "url": "https://www.trafikverket.se/vara-projekt/projekt-som-stracker-sig-over-flera-lan/norrbotniabanan/",
    "punkt_index": 1
   }
  },
  {
   "type": "Feature",
   "geometry": {
    "type": "Point",
    "coordinates": [
     20.96170000202948,
     64.75293227771078
    ]
   },
   "properties": {
    "id": 4262,
    "namn": "Norrbotniabanan",
    "beskrivning": "Vi bygger Norrbotniabanan, en ny järnväg mellan Umeå och Luleå för snabbare, säkrare och mer miljövänliga resor och transporter. Vi bygger nya möjligheter.\n",
    "typer": "Järnväg",
    "lan": "Norrbotten, Västerbotten",
    "url": "https://www.trafikverket.se/vara-projekt/projekt-som-stracker-sig-over-flera-lan/norrbotniabanan/",
    "punkt_index": 2
   }
  },
  {
   "type": "Feature",
   "geometry": {
    "type": "Point",
    "coordinates": [
     21.47618553093841,
     65.31504432174675
    ]
   },
   "properties": {
    "id": 4262,
    "namn": "Norrbotniabanan",
    "beskrivning": "Vi bygger Norrbotniabanan, en ny järnväg mellan Umeå och Luleå för snabbare, säkrare och mer miljövänliga resor och transporter. Vi bygger nya möjligheter.\n",
    "typer": "Järnväg",
    "lan": "Norrbotten, Västerbotten",
    "url": "https://www.trafikverket.se/vara-projekt/projekt-som-stracker-sig-over-flera-lan/norrbotniabanan/",
    "punkt_index": 3
   }
  },
  {
   "type": "Feature",
   "geometry": {
    "type": "Point",
    "coordinates": [
     22.165252740051212,
     65.58412242077156
    ]
   },
   "properties": {
    "id": 4262,
    "namn": "Norrbotniabanan",
    "beskrivning": "Vi bygger Norrbotniabanan, en ny järnväg mellan Umeå och Luleå för snabbare, säkrare och mer miljövänliga resor och transporter. Vi bygger nya möjligheter.\n",
    "typer": "Järnväg",
    "lan": "Norrbotten, Västerbotten",
    "url": "https://www.trafikverket.se/vara-projekt/projekt-som-stracker-sig-over-flera-lan/norrbotniabanan/",
    "punkt_index": 4
   }
  },
  {
   "type": "Feature",
   "geometry": {
    "type": "Point",
    "coordinates": [
     13.851240117839941,
     59.381816191439384
    ]
   },
   "properties": {
    "id": 8358,
    "namn": "Väse, ny mötesstation och planskild korsning",
    "beskrivning": "Hösten 2024 invigdes det ombyggda stationsområdet i Väse. Tågresandet har blivit enklare, säkerheten har höjts och nu kan riktigt långa tåg mötas vid stationen utan att behöva stanna.",
    "typer": "Järnväg",
    "lan": "Värmland",
    "url": "https://www.trafikverket.se/vara-projekt/projekt-i-varmlands-lan/Motesspar-Vase/",
    "punkt_index": null
   }
  },
  {
   "type": "Feature",
   "geometry": {
    "type": "Point",
    "coordinates": [
     17.299142443903637,
     62.38659102324501
    ]
   },
   "properties": {
    "id": 19161,
    "namn": "E14, framtida läge",
    "beskrivning": "Vi utreder en ny framtida dragning av E14 för att skapa en bättre trafiksituation i Sundsvallsområdet. \n",
    "typer": "Väg",
    "lan": "Västernorrland",
    "url": "https://www.trafikverket.se/vara-projekt/projekt-i-vasternorrlands-lan/e14-framtida-lage/",
    "punkt_index": null
   }
  },
  {
   "type": "Feature",
   "geometry": {
    "type": "Point",
    "coordinates": [
     11.9255885948242,
     57.90342119974869
    ]
   },
   "properties": {
    "id": 19204,
    "namn": "Väg 168, delen Ekelöv–Kareby",
    "beskrivning": "Trafikverket planerar en ny vägförbindelse mellan väg 168 och väg 574, med en ny trafikplats vid anslutningen till E6 och en planskild passage av Bohusbanan.",
    "typer": "Väg",
    "lan": "Västra Götaland",
    "url": "https://www.trafikverket.se/vara-projekt/projekt-i-vastra-gotalands-lan/vag-168-delen-ekelovkareby/",
    "punkt_index": null
   }
  },
  {
   "type": "Feature",
   "geometry": {
    "type": "Point",
    "coordinates": [
     12.962604264077378,
     56.816705945657205
    ]
   },
   "properties": {
    "id": 21412,
    "namn": "Väg 26, Oskarström–länsgränsen, faunapassager",
    "beskrivning": "Vi utreder hur vi kan förbättra möjligheten för klövviltet (faunan) att passera över väg 26 på sträckan Oskarström–länsgränsen och därmed minska barriäreffekten samt öka säkerheten för både djur och trafikanter.",
    "typer": "Väg",
    "lan": "Halland",
    "url": "https://www.trafikverket.se/vara-projekt/projekt-i-hallands-lan/vag-26-oskarstromlansgransen-faunapassager/",
    "punkt_index": null
   }
  },
  {
   "type": "Feature",
   "geometry": {
    "type": "Point",
    "coordinates": [
     13.055509946007296,
     55.62557714544395
    ]
   },
   "properties": {
    "id": 18074,
    "namn": "Malmö godsbangård, utbyggnad av spår 58",
    "beskrivning": "Vi bygger ut infartsspåret till Malmö godsbangård och kombiterminal för att öka kapaciteten och göra godshanteringen effektivare.",
    "typer": "Järnväg",
    "lan": "Skåne",
    "url": "https://www.trafikverket.se/vara-projekt/projekt-i-skane-lan/malmo-godsbangard-utbyggnad-av-spar-58/",
    "punkt_index": null
   }
  },
  {
   "type": "Feature",
   "geometry": {
    "type": "Point",
    "coordinates": [
     15.459856082842517,
     60.432547842907496
    ]
   },
   "properties": {
    "id": 50451,
    "namn": "Väg 635 Tolsbo-Tunet, trafiksäkerhetshöjande åtgärder",
    "beskrivning": "Vi planerar åtgärder för väg 635 på sträckan Tolsbo-Tunet för att skapa en säkrare väg för oskyddade trafikanter och få ned hastigheten genom byarna.",
    "typer": "Väg",
    "lan": "Dalarna",
    "url": "https://www.trafikverket.se/vara-projekt/projekt-i-dalarnas-lan/vag-635-tolsbo-tunet/",
    "punkt_index": null
   }
  },
  {
   "type": "Feature",
   "geometry": {
    "type": "Point",
    "coordinates": [
     20.488230313348428,
     64.75373257669152
    ]
   },
   "properties": {
    "id": 16625,
    "namn": "Väg 791, Krångfors, ny väg",
    "beskrivning": "Två riskområden har identifierats längs väg 791 i Krångfors, Skellefteå kommun. Vi planerar därför att flytta vägen i de utsatta områdena.\n",
    "typer": "Väg",
    "lan": "Västerbotten",
    "url": "https://www.trafikverket.se/vara-projekt/projekt-i-vasterbottens-lan/vag-791-krangfors-ny-vag/",
    "punkt_index": null
   }
  },
  {
   "type": "Feature",
   "geometry": {
    "type": "Point",
    "coordinates": [
     13.839941018140498,
     55.582362903041826
    ]
   },
   "properties": {
    "id": 35515,
    "namn": "Väg 11, Anklam–Tomelilla, mötesfri väg",
    "beskrivning": "Vi planerar bygga om väg 11 för att öka trafiksäkerheten och framkomligheten mellan Anklam och Tomelilla. Den befintliga vägen mötessepareras genom att vi bygger omkörningsfält, en så kallad 2+1-väg.",
    "typer": "Väg, Gång- och cykelväg",
    "lan": "Skåne",
    "url": "https://www.trafikverket.se/vara-projekt/projekt-i-skane-lan/vag-11-anklamtomelilla-motesfri-vag/",
    "punkt_index": null
   }
  },
  {
   "type": "Feature",
   "geometry": {
    "type": "Point",
    "coordinates": [
     18.098260162336864,
     59.350714636570004
    ]
   },
   "properties": {
    "id": 27727,
    "namn": "Värtans bangård, ombyggnad",
    "beskrivning": "Vi moderniserar och bygger ut järnvägen. I Värtan ska vi bygga om Värtans västra bangård för att öka dess kapacitet samt kunna stänga den östra bangården. Det skapar utrymme för utvecklingen av Norra Djurgårdsstaden.",
    "typer": "Järnväg",
    "lan": "Stockholm",
    "url": "https://www.trafikverket.se/vara-projekt/projekt-i-stockholms-lan/vartans-bangard-ombyggnad/",
    "punkt_index": null
   }
  },
  {
   "type": "Feature",
   "geometry": {
    "type": "Point",
    "coordinates": [
     13.426733508313259,
     57.86636700512807
    ]
   },
   "properties": {
    "id": 17748,
    "namn": "Väg 46, Timmele och Trädet, trafiksäkerhetsåtgärder",
    "beskrivning": "Vi ska förbättra trafiksäkerheten längs med väg 46, genom Timmele och Trädet. Arbetet i Timmele startade 2023 och färdigställdes under 2024.",
    "typer": "Väg",
    "lan": "Västra Götaland",
    "url": "https://www.trafikverket.se/vara-projekt/projekt-i-vastra-gotalands-lan/vag-46-timmele-och-tradet-trafiksakerhetsatgarder/",
    "punkt_index": null
   }
  },
  {
   "type": "Feature",
   "geometry": {
    "type": "Point",
    "coordinates": [
     20.51635121546627,
     64.76711084308134
    ]
   },
   "properties": {
    "id": 93966,
    "namn": "Väg 855, Klemensboda–Brutorp, bärighetsåtgärder",
    "beskrivning": "Vi planerar att höja standarden på väg 855, delen Klemensboda–Brutorp. Det gör vi för att öka framkomligheten och förbättra trafiksäkerheten.",
    "typer": "Väg",
    "lan": "Västerbotten",
    "url": "https://www.trafikverket.se/vara-projekt/projekt-i-vasterbottens-lan/vag-855-klemensbodabrutorp-barighetsatgarder/",
    "punkt_index": null
   }
  },
  {
   "type": "Feature",
   "geometry": {
    "type": "Point",
    "coordinates": [
     12.462995674070687,
     57.34335616431596
    ]
   },
   "properties": {
    "id": 49873,
    "namn": "Viskadalsbanan, plankorsningsåtgärder",
    "beskrivning": "Trafikverket har fått i uppdrag av regeringen att förbättra trafiksäkerheten vid landets plankorsningar. Som ett led i det uppdraget planerar vi att stänga flera oskyddade järnvägsövergångar längs med Viskadalsbanan.",
    "typer": "Järnväg",
    "lan": "Halland, Västra Götaland",
    "url": "https://www.trafikverket.se/vara-projekt/projekt-som-stracker-sig-over-flera-lan/viskadalsbanan-plankorsningsatgarder/",
    "punkt_index": null
   }
  },
  {
   "type": "Feature",
   "geometry": {
    "type": "Point",
    "coordinates": [
     19.75016512136051,
     63.836717351343
    ]
   },
   "properties": {
    "id": 135080,
    "namn": "Väg 529, 550, korsningen väg 512, Mosjö-Marahällan, bärighetsåtgärder",
    "beskrivning": "Trafikverket planerar att utföra förbättringsåtgärder på väg 529 från Pengbacken fram till Marahällan samt väg 550 Marahällan-Mosjö. ",
    "typer": "Väg",
    "lan": "Västerbotten",
    "url": "https://www.trafikverket.se/vara-projekt/projekt-i-vasterbottens-lan/mosjo-marahallan/",
    "punkt_index": null
   }
  },
  {
   "type": "Feature",
   "geometry": {
    "type": "Point",
    "coordinates": [
     12.121143334653949,
     57.96020527270958
    ]
   },
   "properties": {
    "id": 123182,
    "namn": "Vändspår Älvängen",
    "beskrivning": "Vi ska i Älvängen bygga nytt vändspår, utreda för en lämplig lösning för uppställningsspår och utföra signalåtgärder. Detta gör vi för att öka kapaciteten och minska risken för störningar längs Norge/Vänerbanan.",
    "typer": "Järnväg",
    "lan": "Västra Götaland",
    "url": "https://www.trafikverket.se/vara-projekt/projekt-i-vastra-gotalands-lan/vandspar-alvangen/",
    "punkt_index": null
   }
  },
  {
   "type": "Feature",
   "geometry": {
    "type": "Point",
    "coordinates": [
     17.295902724965003,
     58.86831360755346
    ]
   },
   "properties": {
    "id": 109479,
    "namn": "Nya signalsystemet ERTMS på sträckan Järna–Nyköping–Åby",
    "beskrivning": "Trafikverket moderniserar och digitaliserar järnvägen i Sverige. Förberedelser och arbeten görs bland annat för ett nytt signalsystem, ERTMS, European Rail Traffic Management System.",
    "typer": "Järnväg",
    "lan": "Stockholm, Södermanland",
    "url": "https://www.trafikverket.se/vara-projekt/projekt-som-stracker-sig-over-flera-lan/nya-signalsystemet-ertms-op-strackan-jarna-nykoping-aby/",
    "punkt_index": null
   }
  },
  {
   "type": "Feature",
   "geometry": {
    "type": "Point",
    "coordinates": [
     12.332570840442873,
     57.74692781178831
    ]
   },
   "properties": {
    "id": 43302,
    "namn": "Väg 523, Härskogsvägen, trafiksäkerhetsåtgärder Stora Härsjön–Kollsjön, Lerums kommun",
    "beskrivning": "Vi bygger om för att öka trafiksäkerheten på Härskogsvägen mellan Stora Härsjön–Kollsjön. Projektet planeras att pågå i ett år, under tiden vi bygger om kommer vandringsleder att få tillfälliga sträckningar. ",
    "typer": "Väg",
    "lan": "Västra Götaland",
    "url": "https://www.trafikverket.se/vara-projekt/projekt-i-vastra-gotalands-lan/vag-523-harskogsvagen-trafiksakerhetsagarder-stora-harsjon-kullsjon-lerums-kommun/",
    "punkt_index": null
   }
  },
  {
   "type": "Feature",
   "geometry": {
    "type": "Point",
    "coordinates": [
     13.368870774705378,
     56.72480290470427
    ]
   },
   "properties": {
    "id": 22344,
    "namn": "Väg 25 Glamshult–Vrå, mötesfri väg",
    "beskrivning": "Trafikverket planerar att mötesseparera väg 25 mellan Glamshult-Vrå. Det ska även göras viltåtgärder samt åtgärder i vägens sidoområden. Det kommer leda till att sträckan både blir smidigare och säkrare.",
    "typer": "Väg",
    "lan": "Kronoberg",
    "url": "https://www.trafikverket.se/vara-projekt/projekt-i-kronobergs-lan/vag-25-glamshult-vra-boasjonmotesfri-vag/",
    "punkt_index": null
   }
  },
  {
   "type": "Feature",
   "geometry": {
    "type": "Point",
    "coordinates": [
     12.31775386378189,
     58.37764591002044
    ]
   },
   "properties": {
    "id": 104551,
    "namn": "Vänersborg centralstation",
    "beskrivning": "Vi planerar att bygga om Vänersborg C för att öka kapaciteten, tillgodose ökat resande och minska risken för olyckor. Samtidigt landskapsanpassar vi för att gynna flora och fauna.\n",
    "typer": "Järnväg",
    "lan": "Västra Götaland",
    "url": "https://www.trafikverket.se/vara-projekt/projekt-i-vastra-gotalands-lan/vanersborg-centralstation/",
    "punkt_index": null
   }
  },
  {
   "type": "Feature",
   "geometry": {
    "type": "Point",
    "coordinates": [
     11.554657806208592,
     58.68240502858546
    ]
   },
   "properties": {
    "id": 47526,
    "namn": "Väg 165, Hällevadsholm–Tingvall, bärighets- och förstärkningsåtgärder",
    "beskrivning": "Vi planerar att bygga om väg 165, Hällevadsholm–Tingvall genom att förstärka vägen för att bibehålla bärigheten och öka trafiksäkerheten.  ",
    "typer": "Väg",
    "lan": "Västra Götaland",
    "url": "https://www.trafikverket.se/vara-projekt/projekt-i-vastra-gotalands-lan/vag-165-hallevadsholmtingvall-barighets--och-forstarkningsatgarder/",
    "punkt_index": null
   }
  },
  {
   "type": "Feature",
   "geometry": {
    "type": "Point",
    "coordinates": [
     13.762693722722608,
     56.15759771859573
    ]
   },
   "properties": {
    "id": 101499,
    "namn": "Hässleholm bangård, kontaktledningsbyte",
    "beskrivning": "Trafikverket rustar järnvägen i hela Sverige och har påbörjat en modernisering av kontaktledningssystemet i Skåne. Nu rustar vi upp Hässleholm bangård för att höja anläggningens driftsäkerhet och minska underhållet.",
    "typer": "Järnväg",
    "lan": "Skåne",
    "url": "https://www.trafikverket.se/vara-projekt/projekt-i-skane-lan/hassleholm-bangard-kontakledningsbyte/",
    "punkt_index": null
   }
  },
  {
   "type": "Feature",
   "geometry": {
    "type": "Point",
    "coordinates": [
     24.13314436442672,
     65.8282460621141
    ]
   },
   "properties": {
    "id": 57482,
    "namn": "Haparandabanan, Haparanda, elektrifiering och plattform för finsk trafik",
    "beskrivning": "För att möjliggöra finsk tågtrafik till Haparanda behöver bl a en ny plattform byggas och de finska spåren elektrifieras.",
    "typer": "Järnväg",
    "lan": "Norrbotten",
    "url": "https://www.trafikverket.se/vara-projekt/projekt-i-norrbottens-lan/haparandabanan-haparanda-elektrifiering-och-plattform-for-finsk-trafik/",
    "punkt_index": null
   }
  },
  {
   "type": "Feature",
   "geometry": {
    "type": "Point",
    "coordinates": [
     14.744290806711156,
     56.878454120760516
    ]
   },
   "properties": {
    "id": 67020,
    "namn": "Väg 23, trafikplats Räppe",
    "beskrivning": "Vi ska bygga en trafikplats på väg 23 i höjd med Räppe, för att du ska komma fram snabbare och säkrare. Vi bygger för framtiden. ",
    "typer": "Väg, Gång- och cykelväg",
    "lan": "Kronoberg",
    "url": "https://www.trafikverket.se/vara-projekt/projekt-i-kronobergs-lan/vag-23-i-vaxjo-nya-trafiklosningar/",
    "punkt_index": null
   }
  },
  {
   "type": "Feature",
   "geometry": {
    "type": "Point",
    "coordinates": [
     18.809110889623856,
     60.10006827252387
    ]
   },
   "properties": {
    "id": 78319,
    "namn": "Väg 283, Grisslehamn, ombyggnad av korsning",
    "beskrivning": "Vi bygger om korsningen mellan väg 283/Skatuddsvägen till en mindre cirkulationsplats. Vi bygger trottoarer och ett nytt övergångsställe.",
    "typer": "Väg",
    "lan": "Stockholm",
    "url": "https://www.trafikverket.se/vara-projekt/projekt-i-stockholms-lan/vag-283-grisslehamn-ombyggnad-av-korsning/",
    "punkt_index": null
   }
  },
  {
   "type": "Feature",
   "geometry": {
    "type": "Point",
    "coordinates": [
     17.92956279472653,
     59.4466545956506
    ]
   },
   "properties": {
    "id": 64534,
    "namn": "Häggvik station, sydlig entré",
    "beskrivning": "Vi ska bygga en ny entré i den södra delen av Häggviks pendeltågstation. Det gör vi för att det ska vara enkelt och tillgängligt att resa kollektivt även i framtiden.",
    "typer": "Järnväg",
    "lan": "Stockholm",
    "url": "https://www.trafikverket.se/vara-projekt/projekt-i-stockholms-lan/haggvik-station-sydlig-entre/",
    "punkt_index": null
   }
  },
  {
   "type": "Feature",
   "geometry": {
    "type": "Point",
    "coordinates": [
     11.91448876003029,
     58.204200911393
    ]
   },
   "properties": {
    "id": 64729,
    "namn": "Bohusbanan, Stenungsund–Uddevalla",
    "beskrivning": "Vi har renoverat tunnlar och bytt kontaktledningsanläggning på Bohusbanan mellan Stenungsund och Uddevalla. Renoveringen är avslutad och trafiken rullar igen sedan 1 januari 2025.",
    "typer": "Järnväg",
    "lan": "Västra Götaland",
    "url": "https://www.trafikverket.se/vara-projekt/projekt-i-vastra-gotalands-lan/bohusbanan-stenungsunduddevalla/",
    "punkt_index": null
   }
  },
  {
   "type": "Feature",
   "geometry": {
    "type": "Point",
    "coordinates": [
     13.33539974325238,
     58.14430469466603
    ]
   },
   "properties": {
    "id": 117536,
    "namn": "Västra stambanan, Alingsås–Skövde",
    "beskrivning": "Trafikverket gör en serie åtgärder på Västra stambanan för att öka banans kapacitet, särskilt under högtrafik. Ett antal projekt pågår nu i olika faser.",
    "typer": "Järnväg",
    "lan": "Västra Götaland",
    "url": "https://www.trafikverket.se/vara-projekt/projekt-i-vastra-gotalands-lan/vastra-stambanan-alingsasskovde/",
    "punkt_index": null
   }
  },
  {
   "type": "Feature",
   "geometry": {
    "type": "Point",
    "coordinates": [
     16.19470192156931,
     58.86718067039805
    ]
   },
   "properties": {
    "id": 24307,
    "namn": "Väg 556, Fäboda söder om Strångsjö",
    "beskrivning": "Bron vid Fäboda revs oktober 2024, efter att den varit stängd för trafik av säkerhetsskäl sedan slutet av 2021. Det blir ingen ny bro över järnvägen. Nu utreder vi förändrat väghållarskap mellan Strångsjö och Hagstugan.",
    "typer": "Väg",
    "lan": "Södermanland",
    "url": "https://www.trafikverket.se/vara-projekt/projekt-i-sodermanlands-lan/vag-556-faboda-soder-om-Strangsjo/",
    "punkt_index": null
   }
  },
  {
   "type": "Feature",
   "geometry": {
    "type": "Point",
    "coordinates": [
     12.594899796676813,
     57.149554807635
    ]
   },
   "properties": {
    "id": 19479,
    "namn": "Väg 153, Svartenbacken och Yttre Hjärtared, stigningsfält",
    "beskrivning": "Vi planerar för två nya stigningsfält för att underlätta omkörning. Vi ska också räta ut kurvor och förbättra sikten i anslutning till väg 153/819.",
    "typer": "Väg",
    "lan": "Halland",
    "url": "https://www.trafikverket.se/vara-projekt/projekt-i-hallands-lan/vag-153-svartenbacken-och-yttre-hjartared-stigningsfalt/",
    "punkt_index": 0
   }
  },
  {
   "type": "Feature",
   "geometry": {
    "type": "Point",
    "coordinates": [
     12.666447121427389,
     57.15688813483766
    ]
   },
   "properties": {
    "id": 19479,
    "namn": "Väg 153, Svartenbacken och Yttre Hjärtared, stigningsfält",
    "beskrivning": "Vi planerar för två nya stigningsfält för att underlätta omkörning. Vi ska också räta ut kurvor och förbättra sikten i anslutning till väg 153/819.",
    "typer": "Väg",
    "lan": "Halland",
    "url": "https://www.trafikverket.se/vara-projekt/projekt-i-hallands-lan/vag-153-svartenbacken-och-yttre-hjartared-stigningsfalt/",
    "punkt_index": 1
   }
  },
  {
   "type": "Feature",
   "geometry": {
    "type": "Point",
    "coordinates": [
     12.986389190004791,
     59.1567658286204
    ]
   },
   "properties": {
    "id": 24665,
    "namn": "E45, Säffle–Valnäs, mötesfri landsväg",
    "beskrivning": "E45 mellan Säffle och Valnäs har varierande standard och det finns brister i tillgänglighet, framkomlighet och trafiksäkerhet. Genom att bygga om vägen underlättar vi för persontrafik och gods – lokalt och regionalt.",
    "typer": "Väg",
    "lan": "Värmland",
    "url": "https://www.trafikverket.se/vara-projekt/projekt-i-varmlands-lan/E45saffle-valnas/",
    "punkt_index": null
   }
  },
  {
   "type": "Feature",
   "geometry": {
    "type": "Point",
    "coordinates": [
     13.939998770264523,
     58.39879019817099
    ]
   },
   "properties": {
    "id": 42419,
    "namn": "Väg 49, Skövde–Igelstorp, mötesfri väg",
    "beskrivning": "I december startar vi ombyggnaden av väg 49 mellan Skövde och Igelstorp till en mötesfri väg. Det gör vi för att förbättra trafiksäkerheten och framkomligheten på en av områdets mest trafikerade pendlingsvägar.",
    "typer": "Väg",
    "lan": "Västra Götaland",
    "url": "https://www.trafikverket.se/vara-projekt/projekt-i-vastra-gotalands-lan/vag-49-skovde-igelstorp-motesfri-vag/",
    "punkt_index": null
   }
  },
  {
   "type": "Feature",
   "geometry": {
    "type": "Point",
    "coordinates": [
     14.55522551964964,
     56.8962633580201
    ]
   },
   "properties": {
    "id": 128219,
    "namn": "Södra stambanan, Alvesta – Älmhult, kontaktledningsupprustning",
    "beskrivning": "Trafikverket rustar upp järnvägssträckan Alvesta –  Älmhult och Alvesta bangård för att möta framtidens krav på en driftsäker järnväg. Vi byter bland annat ut kontaktledningssystemet och uppgraderar strömförsörjningen. ",
    "typer": "Järnväg",
    "lan": "Kronoberg",
    "url": "https://www.trafikverket.se/vara-projekt/projekt-i-kronobergs-lan/sodra-stambanan-alvesta--almhult-kontaktledningsupprustning/",
    "punkt_index": null
   }
  },
  {
   "type": "Feature",
   "geometry": {
    "type": "Point",
    "coordinates": [
     13.879578940178465,
     58.39200418979074
    ]
   },
   "properties": {
    "id": 100989,
    "namn": "Väg 49, Timboholm, cirkulationsplats",
    "beskrivning": "Vi planerar att förbättra framkomligheten i Skövde genom att bygga om cirkulationsplatsen i Timboholm. Detta kommer att öka kapaciteten och framkomligheten.",
    "typer": "Väg",
    "lan": "Västra Götaland",
    "url": "https://www.trafikverket.se/vara-projekt/projekt-i-vastra-gotalands-lan/vag-49-timboholm-cirkulationsplats/",
    "punkt_index": null
   }
  },
  {
   "type": "Feature",
   "geometry": {
    "type": "Point",
    "coordinates": [
     15.813542784915008,
     64.06283456131438
    ]
   },
   "properties": {
    "id": 27394,
    "namn": "Väg 829, Lövberga–Alanäs, förstärkningsåtgärder",
    "beskrivning": "Vi ska öka bärigheten på väg 829 mellan Lövberga och Alanäs för att förbättra trafiksäkerheten och framkomligheten på vägen.",
    "typer": "Väg",
    "lan": "Jämtland",
    "url": "https://www.trafikverket.se/vara-projekt/projekt-i-jamtlands-lan/vag-829-lovbergaalanas-forstarkningsatgarder/",
    "punkt_index": null
   }
  },
  {
   "type": "Feature",
   "geometry": {
    "type": "Point",
    "coordinates": [
     18.399831148806452,
     64.08056783752467
    ]
   },
   "properties": {
    "id": 60788,
    "namn": "Väg 591, bro över Viskasundet, Fredrika",
    "beskrivning": "Vi planerar att byta ut bron på väg 591  över Viskasundet i Fredrika. Bärighetsklassen för den nya bron kommer att höjas till BK4, för att tåla fler och tyngre fordon.",
    "typer": "Väg",
    "lan": "Västerbotten",
    "url": "https://www.trafikverket.se/vara-projekt/projekt-i-vasterbottens-lan/vag-591-bro-over-viskasundet-fredrika/",
    "punkt_index": null
   }
  },
  {
   "type": "Feature",
   "geometry": {
    "type": "Point",
    "coordinates": [
     13.372634717857695,
     55.502812864446284
    ]
   },
   "properties": {
    "id": 5906,
    "namn": "E65, Börringe–Lemmeströ, parallellväg",
    "beskrivning": "Vi planerar att bygga en parallell väg till E65 mellan Börringe kyrkby och Lemmeströ, samt en planskild korsning mellan E65, Slätterödsvägen och Havgårdsvägen. Det gör vi för att förbättra trafiksäkerheten.",
    "typer": "Väg",
    "lan": "Skåne",
    "url": "https://www.trafikverket.se/vara-projekt/projekt-i-skane-lan/e65-borringelemmestro-parallellvag/",
    "punkt_index": null
   }
  },
  {
   "type": "Feature",
   "geometry": {
    "type": "Point",
    "coordinates": [
     12.879003766158634,
     56.6573812337882
    ]
   },
   "properties": {
    "id": 98753,
    "namn": "Bro över Västkustbanan, del av Södra infarten etapp 2",
    "beskrivning": "Vi planerar att bygga en ny vägbro över Västkustbanan i Halmstad. Projektet är ett samarbete med Halmstads kommun.",
    "typer": "Väg",
    "lan": "Halland",
    "url": "https://www.trafikverket.se/vara-projekt/projekt-i-hallands-lan/halmstad-vaxer/bro-over-vastkustbanan-del-av-sodra-infarten-etapp-2/",
    "punkt_index": null
   }
  },
  {
   "type": "Feature",
   "geometry": {
    "type": "Point",
    "coordinates": [
     16.73035405840959,
     56.886169819646724
    ]
   },
   "properties": {
    "id": 58808,
    "namn": "Väg 136, Köpingsvik, GC-port",
    "beskrivning": "Vi utreder möjligheten att anlägga en gång- och cykelport under väg 136, i Köpingsvik.",
    "typer": "Väg, Gång- och cykelväg",
    "lan": "Kalmar",
    "url": "https://www.trafikverket.se/vara-projekt/projekt-i-kalmar-lan/vag-136-kopingsvik-gc-port/",
    "punkt_index": null
   }
  },
  {
   "type": "Feature",
   "geometry": {
    "type": "Point",
    "coordinates": [
     12.034782368658263,
     57.633348967340766
    ]
   },
   "properties": {
    "id": 8432,
    "namn": "Uppställningspår Pilekrogen",
    "beskrivning": "I Mölndal, vid området Pilekrogen, planerar vi att bygga nya uppställningsspår. Det gör att fler tåg kan trafikera järnvägen.",
    "typer": "Järnväg",
    "lan": "Västra Götaland",
    "url": "https://www.trafikverket.se/vara-projekt/projekt-i-vastra-gotalands-lan/uppstallningsspar-pilekrogen/",
    "punkt_index": null
   }
  },
  {
   "type": "Feature",
   "geometry": {
    "type": "Point",
    "coordinates": [
     12.0068163176916,
     57.7572694153007
    ]
   },
   "properties": {
    "id": 23373,
    "namn": "Uppställningspår Lärje",
    "beskrivning": "I Lärje, strax norr om Göteborg, bygger vi nya uppställningsspår. Det gör att fler tåg kan trafikera järnvägen.",
    "typer": "Järnväg",
    "lan": "Västra Götaland",
    "url": "https://www.trafikverket.se/vara-projekt/projekt-i-vastra-gotalands-lan/uppstallningspar-larje/",
    "punkt_index": null
   }
  },
  {
   "type": "Feature",
   "geometry": {
    "type": "Point",
    "coordinates": [
     12.03568338725273,
     57.72783408679509
    ]
   },
   "properties": {
    "id": 104697,
    "namn": "Sävenäs Rangerbangård",
    "beskrivning": "Ombyggnaden av Sävenäs rangerbangård bidrar till en säkrare och mer funktionell anläggning. Med spår för rangering, uppställning samt underhåll, spelar denna bangård en central roll i transportsystemet för gods.",
    "typer": "Järnväg",
    "lan": "Västra Götaland",
    "url": "https://www.trafikverket.se/vara-projekt/projekt-i-vastra-gotalands-lan/savenas-regerbangard-ombyggnad/",
    "punkt_index": null
   }
  },
  {
   "type": "Feature",
   "geometry": {
    "type": "Point",
    "coordinates": [
     17.697228309797207,
     59.37577242603074
    ]
   },
   "properties": {
    "id": 34103,
    "namn": "Väg 800, Färentunavägen, korsningen Svanhagen",
    "beskrivning": "Trafikverket bygger för att förbättra framkomligheten och höja säkerheten vid Svanhagen längs väg 800.",
    "typer": "Väg",
    "lan": "Stockholm",
    "url": "https://www.trafikverket.se/vara-projekt/projekt-i-stockholms-lan/vag-800-farentunavagen-svanhagen/",
    "punkt_index": null
   }
  },
  {
   "type": "Feature",
   "geometry": {
    "type": "Point",
    "coordinates": [
     17.900646974499207,
     59.61920820050035
    ]
   },
   "properties": {
    "id": 76199,
    "namn": "E4, trafikplats Arlanda, broreparation",
    "beskrivning": "Från mitten av mars 2023 ska vi reparera broarna vid trafikplats Arlanda. Arbetet påverkar framkomligheten och vi ber dig planera din resa i god tid.",
    "typer": "Väg",
    "lan": "Stockholm",
    "url": "https://www.trafikverket.se/vara-projekt/projekt-i-stockholms-lan/e4-trafikplats-arlanda-broreparation/",
    "punkt_index": null
   }
  },
  {
   "type": "Feature",
   "geometry": {
    "type": "Point",
    "coordinates": [
     21.233177802476987,
     64.56247883561142
    ]
   },
   "properties": {
    "id": 15396,
    "namn": "E4, Ljusvattnet-Yttervik, mötesfri väg",
    "beskrivning": "Sträckan som ligger längs E4 i Västerbotten planeras att byggas om till mötesfri väg. Det blir 2+1 väg med omkörningssträckor och mitträcke.",
    "typer": "Väg",
    "lan": "Västerbotten",
    "url": "https://www.trafikverket.se/vara-projekt/projekt-i-vasterbottens-lan/e4-ljusvattnet-yttervik-motesfri-vag/",
    "punkt_index": null
   }
  },
  {
   "type": "Feature",
   "geometry": {
    "type": "Point",
    "coordinates": [
     21.233722988016087,
     64.33535904648708
    ]
   },
   "properties": {
    "id": 50499,
    "namn": "E4, Grimsmark-Broänge, mötesfri väg",
    "beskrivning": "Trafikverket planerar att bygga en mötesseparerad väg med mitträcke mellan Grimsmark-Broänge för att öka trafiksäkerheten och framkomligheten.",
    "typer": "Väg",
    "lan": "Västerbotten",
    "url": "https://www.trafikverket.se/vara-projekt/projekt-i-vasterbottens-lan/e4-grimsmark-broange-motesfri-vag/",
    "punkt_index": null
   }
  },
  {
   "type": "Feature",
   "geometry": {
    "type": "Point",
    "coordinates": [
     11.97975392887702,
     57.71189115209671
    ]
   },
   "properties": {
    "id": 4831,
    "namn": "Västlänken",
    "beskrivning": "Västlänken är en järnväg i tunnel under centrala Göteborg som ger staden genomgående pendel- och regiontågtrafik. Tre nya stationer gör att du kan resa enklare, snabbare och med färre byten.  ",
    "typer": "Järnväg",
    "lan": "Västra Götaland",
    "url": "https://www.trafikverket.se/vara-projekt/projekt-i-vastra-gotalands-lan/vastlanken/",
    "punkt_index": null
   }
  },
  {
   "type": "Feature",
   "geometry": {
    "type": "Point",
    "coordinates": [
     14.6828347925852,
     56.04962111193908
    ]
   },
   "properties": {
    "id": 6055,
    "namn": "Gång- och cykelväg samt kollektivtrafiksåtgärder i Mjällby, Olofström och Vilshult",
    "beskrivning": "Vi planerar ett antal åtgärder i Mjällby, Olofström och Vilshult för att höja trafiksäkerheten och tillgängligheten.",
    "typer": "Väg, Gång- och cykelväg",
    "lan": "Blekinge",
    "url": "https://www.trafikverket.se/vara-projekt/projekt-i-blekinge-lan/gang--och-cykelvag-samt-kollektivtrafiksatgarder-i-mjallby-olofstrom-och-vilshult/",
    "punkt_index": 0
   }
  },
  {
   "type": "Feature",
   "geometry": {
    "type": "Point",
    "coordinates": [
     14.542089244667679,
     56.274941473900284
    ]
   },
   "properties": {
    "id": 6055,
    "namn": "Gång- och cykelväg samt kollektivtrafiksåtgärder i Mjällby, Olofström och Vilshult",
    "beskrivning": "Vi planerar ett antal åtgärder i Mjällby, Olofström och Vilshult för att höja trafiksäkerheten och tillgängligheten.",
    "typer": "Väg, Gång- och cykelväg",
    "lan": "Blekinge",
    "url": "https://www.trafikverket.se/vara-projekt/projekt-i-blekinge-lan/gang--och-cykelvag-samt-kollektivtrafiksatgarder-i-mjallby-olofstrom-och-vilshult/",
    "punkt_index": 1
   }
  },
  {
   "type": "Feature",
   "geometry": {
    "type": "Point",
    "coordinates": [
     14.481891978858217,
     56.35810122488685
    ]
   },
   "properties": {
    "id": 6055,
    "namn": "Gång- och cykelväg samt kollektivtrafiksåtgärder i Mjällby, Olofström och Vilshult",
    "beskrivning": "Vi planerar ett antal åtgärder i Mjällby, Olofström och Vilshult för att höja trafiksäkerheten och tillgängligheten.",
    "typer": "Väg, Gång- och cykelväg",
    "lan": "Blekinge",
    "url": "https://www.trafikverket.se/vara-projekt/projekt-i-blekinge-lan/gang--och-cykelvag-samt-kollektivtrafiksatgarder-i-mjallby-olofstrom-och-vilshult/",
    "punkt_index": 2
   }
  },
  {
   "type": "Feature",
   "geometry": {
    "type": "Point",
    "coordinates": [
     17.95886006724852,
     59.408040899916784
    ]
   },
   "properties": {
    "id": 24050,
    "namn": "E4, ny passage för Tvärbanan till Helenelund",
    "beskrivning": "Trafikverket bygger en ny passage under E4:an i Sollentuna kommun. Vi gör det för att Tvärbanan ska kunna byggas ut till Helenelund.",
    "typer": "Väg",
    "lan": "Stockholm",
    "url": "https://www.trafikverket.se/vara-projekt/projekt-i-stockholms-lan/e4-ny-passage-for-tvarbanan-till-helenelund/",
    "punkt_index": null
   }
  },
  {
   "type": "Feature",
   "geometry": {
    "type": "Point",
    "coordinates": [
     18.41147495187485,
     59.35528141632467
    ]
   },
   "properties": {
    "id": 24351,
    "namn": "Norra Lagnö-Tynningö, ny allmän färjeled",
    "beskrivning": "Trafiverket har förbättrat trafiksäkerheten och framkomligheten för färjeleden mellan Norra Lagnö och Tynningö. Vi har muddrat, byggt trottoarer och breddat vägar. ",
    "typer": "Väg, Sjöfart",
    "lan": "Stockholm",
    "url": "https://www.trafikverket.se/vara-projekt/projekt-i-stockholms-lan/norra-lagnotynningo-ny-allman-farjeled/",
    "punkt_index": null
   }
  },
  {
   "type": "Feature",
   "geometry": {
    "type": "Point",
    "coordinates": [
     17.926358697329334,
     59.02838991523496
    ]
   },
   "properties": {
    "id": 64282,
    "namn": "Segersäng, planskilda korsningar",
    "beskrivning": "Vid Segersäng pendeltågstation korsas järnvägen på två ställen av bil och gång- och cykeltrafik. För att få säkrare korsningar bygger vi om dem till  planskilda korsningar där tågtrafik och övrig trafik slipper mötas.",
    "typer": "Järnväg",
    "lan": "Stockholm",
    "url": "https://www.trafikverket.se/vara-projekt/projekt-i-stockholms-lan/segersang-planskilda-korsningar/",
    "punkt_index": null
   }
  },
  {
   "type": "Feature",
   "geometry": {
    "type": "Point",
    "coordinates": [
     17.856069640120246,
     59.25175284101037
    ]
   },
   "properties": {
    "id": 35475,
    "namn": "E4/E20 Hallunda-Fittja, bra miljö och ökad framkomlighet",
    "beskrivning": "Vi ska förbättra E4/E20 mellan Hallunda och Fittja i Botkyrka kommun. Vi anpassar vägen för framtidens trafik samt förbättrar bullerskydd och luftens kvalitet i området för dig som bor eller vistas nära vägen.",
    "typer": "Väg",
    "lan": "Stockholm",
    "url": "https://www.trafikverket.se/vara-projekt/projekt-i-stockholms-lan/e4e20-hallunda-fittja-bra-miljo-och-okad-framkomlighet/",
    "punkt_index": null
   }
  },
  {
   "type": "Feature",
   "geometry": {
    "type": "Point",
    "coordinates": [
     17.957100914877895,
     59.41701496071815
    ]
   },
   "properties": {
    "id": 33102,
    "namn": "Ostkustbanan, Helenelund -Sollentuna, järnvägsarbeten",
    "beskrivning": "Trafikverket rustar upp järnvägen på Ostkustbanan i Helenelund och Sollentuna.",
    "typer": "Järnväg",
    "lan": "Stockholm",
    "url": "https://www.trafikverket.se/vara-projekt/projekt-i-stockholms-lan/ostkustbanan-helenelund--sollentuna-jarnvagsarbeten/",
    "punkt_index": null
   }
  },
  {
   "type": "Feature",
   "geometry": {
    "type": "Point",
    "coordinates": [
     11.999016994290177,
     57.7196494380028
    ]
   },
   "properties": {
    "id": 8397,
    "namn": "Olskroken planskildhet",
    "beskrivning": "Olskroken är en av de viktigaste knutpunkterna i det västsvenska järnvägssystemet. Ombyggnad till planskilda järnvägsspår är nödvändig för att öka framkomligheten och driftsäkerheten för tågtrafik till och från Göteborg.",
    "typer": "Järnväg",
    "lan": "Västra Götaland",
    "url": "https://www.trafikverket.se/vara-projekt/projekt-i-vastra-gotalands-lan/olskroken-planskildhet/",
    "punkt_index": null
   }
  },
  {
   "type": "Feature",
   "geometry": {
    "type": "Point",
    "coordinates": [
     12.721625444295038,
     57.42789691152523
    ]
   },
   "properties": {
    "id": 3932,
    "namn": "Upprustning av järnvägen i Borås",
    "beskrivning": "Trafikverket rustar upp och moderniserar järnvägen i Boråsområdet för att minska driftstörningar och skapa ett mer robust och tillförlitligt järnvägssystem.\n",
    "typer": "Järnväg",
    "lan": "Västra Götaland",
    "url": "https://www.trafikverket.se/vara-projekt/projekt-i-vastra-gotalands-lan/upprustning-av-jarnvagen-i-boras/",
    "punkt_index": null
   }
  },
  {
   "type": "Feature",
   "geometry": {
    "type": "Point",
    "coordinates": [
     17.895126105805904,
     59.55859800908411
    ]
   },
   "properties": {
    "id": 18533,
    "namn": "Arlandabanan, Skavstaby–Arlanda",
    "beskrivning": "Resandet till och från Arlanda har ökat. Det har lett till att sträckan mellan Stockholm och Uppsala är hårt belastad. Även de delar av sträckan som är fyrspårig har nästan nått kapacitetstaket i rusningstid.",
    "typer": "Järnväg",
    "lan": "Stockholm",
    "url": "https://www.trafikverket.se/vara-projekt/projekt-i-stockholms-lan/arlandabanan-skavstabyarlanda/",
    "punkt_index": null
   }
  },
  {
   "type": "Feature",
   "geometry": {
    "type": "Point",
    "coordinates": [
     11.863935252604719,
     57.71801812023233
    ]
   },
   "properties": {
    "id": 4234,
    "namn": "E6.20 Hisingsleden och Halvors länk",
    "beskrivning": "Trafikverket bygger om den södra delen av Hisingsleden, på sträckan Vädermotet i syd till Björlandavägen i norr. Målet är att höja säkerheten för alla trafikslag och öka kapaciteten för godstrafik.",
    "typer": "Väg",
    "lan": "Västra Götaland",
    "url": "https://www.trafikverket.se/vara-projekt/projekt-i-vastra-gotalands-lan/e6.20-hisingsleden-och-halvors-lank",
    "punkt_index": null
   }
  }
 ]
}